Year,Site,Plot,Subplot,Species_name,DPM_Height,Fencing,Treatment
2024,A,1,Z1,Digitaria eriantha,19,Fenced,C
2024,A,1,Z1,Urochloa mosambicensis,18.9,Fenced,C
2024,A,1,Z1,Hyparrhenia filipendula,11.6,Fenced,C
2024,A,1,Z1,NA,11.3,Fenced,C
2024,A,1,Z1,Aristida adscensionis,18.7,Fenced,C
2024,A,1,Z1,Urochloa mosambicensis,18.5,Fenced,C
2024,A,1,Z1,Heteropogon contortus,19.2,Fenced,C
2024,A,1,Z1,Digitaria eriantha,19.5,Fenced,C
2024,A,1,Z1,Setaria sphacelata,19.3,Fenced,C
2024,A,1,Z1,Heteropogon contortus,18.3,Fenced,C
2024,A,1,Z1,Cymbopogon excavatus,18.9,Fenced,C
2024,A,1,Z1,NA,19.6,Fenced,C
2024,A,1,Z1,Aristida adscensionis,9.1,Fenced,C
2024,A,1,Z1,Urochloa mosambicensis,9,Fenced,C
2024,A,1,Z1,Heteropogon contortus,9.1,Fenced,C
2024,A,1,Z1,Hyparrhenia filipendula,8.1,Fenced,C
2024,A,1,Z1,Themeda triandra,14.2,Fenced,C
2024,A,1,Z1,Urochloa mosambicensis,20,Fenced,C
2024,A,1,Z1,Digitaria eriantha,19.7,Fenced,C
2024,A,1,Z1,Setaria sphacelata,19.6,Fenced,C
2024,A,1,Z2,Digitaria eriantha,19,Fenced,C
2024,A,1,Z2,Urochloa mosambicensis,18.9,Fenced,C
2024,A,1,Z2,Hyparrhenia filipendula,11.6,Fenced,C
2024,A,1,Z2,NA,11.3,Fenced,C
2024,A,1,Z2,Hyparrhenia filipendula,44.6,Fenced,C
2024,A,1,Z2,Setaria sphacelata,39.6,Fenced,C
2024,A,1,Z2,NA,38.2,Fenced,C
2024,A,1,Z2,NA,32.5,Fenced,C
2024,A,1,Z2,Bothriochloa insculpta,18.2,Fenced,C
2024,A,1,Z2,Urochloa mosambicensis,20.2,Fenced,C
2024,A,1,Z2,Hyparrhenia filipendula,26.8,Fenced,C
2024,A,1,Z2,NA,29.9,Fenced,C
2024,A,1,Z2,Urochloa mosambicensis,18,Fenced,C
2024,A,1,Z2,Hyparrhenia filipendula,19.9,Fenced,C
2024,A,1,Z2,Setaria sphacelata,19.9,Fenced,C
2024,A,1,Z2,Heteropogon contortus,21,Fenced,C
2024,A,1,Z2,Hyparrhenia filipendula,21.1,Fenced,C
2024,A,1,Z2,Setaria sphacelata,21.1,Fenced,C
2024,A,1,Z2,NA,20.4,Fenced,C
2024,A,1,Z2,NA,20.2,Fenced,C
2024,A,1,Z3,Setaria sphacelata,23.7,Unfenced,C
2024,A,1,Z3,Aristida adscensionis,23,Unfenced,C
2024,A,1,Z3,Digitaria eriantha,22.4,Unfenced,C
2024,A,1,Z3,NA,21.7,Unfenced,C
2024,A,1,Z3,NA,0,Unfenced,C
2024,A,1,Z3,NA,0,Unfenced,C
2024,A,1,Z3,NA,0,Unfenced,C
2024,A,1,Z3,NA,0,Unfenced,C
2024,A,1,Z3,Heteropogon contortus,28.9,Unfenced,C
2024,A,1,Z3,Digitaria eriantha,30.7,Unfenced,C
2024,A,1,Z3,Hyparrhenia filipendula,31.7,Unfenced,C
2024,A,1,Z3,NA,30.9,Unfenced,C
2024,A,1,Z3,Pogonarthria squarrosa,16.3,Unfenced,C
2024,A,1,Z3,Cymbopogon excavatus,18.7,Unfenced,C
2024,A,1,Z3,Urochloa mosambicensis,18.1,Unfenced,C
2024,A,1,Z3,Hyparrhenia filipendula,19.9,Unfenced,C
2024,A,1,Z3,Panicum maximum,27.1,Unfenced,C
2024,A,1,Z3,Heteropogon contortus,27.8,Unfenced,C
2024,A,1,Z3,NA,28.6,Unfenced,C
2024,A,1,Z3,NA,30,Unfenced,C
2024,A,1,Z4,Bothriochloa insculpta,17.4,Unfenced,C
2024,A,1,Z4,Cymbopogon excavatus,12.9,Unfenced,C
2024,A,1,Z4,Urochloa mosambicensis,16.6,Unfenced,C
2024,A,1,Z4,Aristida adscensionis,18.5,Unfenced,C
2024,A,1,Z4,Hyparrhenia filipendula,21.7,Unfenced,C
2024,A,1,Z4,Urochloa mosambicensis,20.8,Unfenced,C
2024,A,1,Z4,Heteropogon contortus,13.5,Unfenced,C
2024,A,1,Z4,Digitaria eriantha,13.3,Unfenced,C
2024,A,1,Z4,Setaria sphacelata,17.6,Unfenced,C
2024,A,1,Z4,Bothriochloa insculpta,17.4,Unfenced,C
2024,A,1,Z4,Urochloa mosambicensis,15.4,Unfenced,C
2024,A,1,Z4,Hyparrhenia filipendula,17.2,Unfenced,C
2024,A,1,Z4,Heteropogon contortus,30.6,Unfenced,C
2024,A,1,Z4,Urochloa mosambicensis,29.7,Unfenced,C
2024,A,1,Z4,Hyparrhenia filipendula,29.4,Unfenced,C
2024,A,1,Z4,NA,28.4,Unfenced,C
2024,A,1,Z4,Heteropogon contortus,28.1,Unfenced,C
2024,A,1,Z4,Urochloa mosambicensis,26.8,Unfenced,C
2024,A,1,Z4,Hyparrhenia hirta,26.2,Unfenced,C
2024,A,1,Z4,NA,25.1,Unfenced,C
2024,A,2,Z1,Heteropogon contortus,21.7,Fenced,F
2024,A,2,Z1,Andropogon eucomus,18.7,Fenced,F
2024,A,2,Z1,Bothriochloa insculpta,15.9,Fenced,F
2024,A,2,Z1,NA,17.6,Fenced,F
2024,A,2,Z1,Bothriochloa insculpta,23.3,Fenced,F
2024,A,2,Z1,Aristida adscensionis,18.9,Fenced,F
2024,A,2,Z1,Cymbopogon excavatus,21.1,Fenced,F
2024,A,2,Z1,Loudetia simplex,22.4,Fenced,F
2024,A,2,Z1,Bothriochloa insculpta,29.3,Fenced,F
2024,A,2,Z1,Urochloa mosambicensis,32.5,Fenced,F
2024,A,2,Z1,Eragrostis gummiflua,32.4,Fenced,F
2024,A,2,Z1,NA,31.1,Fenced,F
2024,A,2,Z1,Loudetia simplex,14.6,Fenced,F
2024,A,2,Z1,Bothriochloa insculpta,14.2,Fenced,F
2024,A,2,Z1,Eragrostis gummiflua,15.3,Fenced,F
2024,A,2,Z1,Hyparrhenia filipendula,16.7,Fenced,F
2024,A,2,Z1,Bothriochloa insculpta,20.2,Fenced,F
2024,A,2,Z1,Hyparrhenia filipendula,22.4,Fenced,F
2024,A,2,Z1,Setaria pumila,23.3,Fenced,F
2024,A,2,Z1,NA,21.5,Fenced,F
2024,A,2,Z2,Heteropogon contortus,17.6,Fenced,F
2024,A,2,Z2,Bothriochloa insculpta,18.6,Fenced,F
2024,A,2,Z2,Loudetia simplex,17.2,Fenced,F
2024,A,2,Z2,Eragrostis gummiflua,19.4,Fenced,F
2024,A,2,Z2,Hyparrhenia filipendula,41.4,Fenced,F
2024,A,2,Z2,NA,41.4,Fenced,F
2024,A,2,Z2,NA,33.5,Fenced,F
2024,A,2,Z2,NA,25.5,Fenced,F
2024,A,2,Z2,Heteropogon contortus,23.3,Fenced,F
2024,A,2,Z2,Hyparrhenia filipendula,18.8,Fenced,F
2024,A,2,Z2,Urochloa mosambicensis,23.7,Fenced,F
2024,A,2,Z2,NA,27.4,Fenced,F
2024,A,2,Z2,Heteropogon contortus,14.1,Fenced,F
2024,A,2,Z2,Hyparrhenia filipendula,20.5,Fenced,F
2024,A,2,Z2,NA,15.5,Fenced,F
2024,A,2,Z2,NA,13.9,Fenced,F
2024,A,2,Z2,Hyparrhenia filipendula,11.8,Fenced,F
2024,A,2,Z2,Urochloa mosambicensis,17.9,Fenced,F
2024,A,2,Z2,NA,23.4,Fenced,F
2024,A,2,Z2,NA,22.1,Fenced,F
2024,A,2,Z3,Bothriochloa insculpta,21.1,Unfenced,F
2024,A,2,Z3,Eragrostis gummiflua,22.1,Unfenced,F
2024,A,2,Z3,Hyparrhenia filipendula,23.6,Unfenced,F
2024,A,2,Z3,NA,22.3,Unfenced,F
2024,A,2,Z3,Heteropogon contortus,13.7,Unfenced,F
2024,A,2,Z3,Bothriochloa insculpta,10.5,Unfenced,F
2024,A,2,Z3,NA,10.3,Unfenced,F
2024,A,2,Z3,NA,10.7,Unfenced,F
2024,A,2,Z3,Bothriochloa insculpta,29.3,Unfenced,F
2024,A,2,Z3,Eragrostis gummiflua,32.5,Unfenced,F
2024,A,2,Z3,Urochloa mosambicensis,32.4,Unfenced,F
2024,A,2,Z3,NA,31.1,Unfenced,F
2024,A,2,Z3,Bothriochloa insculpta,23.4,Unfenced,F
2024,A,2,Z3,Urochloa mosambicensis,23.8,Unfenced,F
2024,A,2,Z3,Heteropogon contortus,22.7,Unfenced,F
2024,A,2,Z3,NA,23.7,Unfenced,F
2024,A,2,Z3,Eragrostis gummiflua,10.2,Unfenced,F
2024,A,2,Z3,Bothriochloa insculpta,13.9,Unfenced,F
2024,A,2,Z3,Cymbopogon excavatus,11,Unfenced,F
2024,A,2,Z3,Eragrostis superba,10.9,Unfenced,F
2024,A,2,Z4,Aristida adscensionis,12.5,Unfenced,F
2024,A,2,Z4,Hyparrhenia filipendula,12.3,Unfenced,F
2024,A,2,Z4,Setaria pumila,17,Unfenced,F
2024,A,2,Z4,NA,16.3,Unfenced,F
2024,A,2,Z4,Hyparrhenia filipendula,17.2,Unfenced,F
2024,A,2,Z4,Urochloa mosambicensis,9.6,Unfenced,F
2024,A,2,Z4,NA,27.7,Unfenced,F
2024,A,2,Z4,NA,34.9,Unfenced,F
2024,A,2,Z4,Heteropogon contortus,13.1,Unfenced,F
2024,A,2,Z4,Cymbopogon excavatus,16.9,Unfenced,F
2024,A,2,Z4,Urochloa mosambicensis,18.2,Unfenced,F
2024,A,2,Z4,Hyparrhenia filipendula,21.2,Unfenced,F
2024,A,2,Z4,Urochloa mosambicensis,39.1,Unfenced,F
2024,A,2,Z4,Hyparrhenia filipendula,43,Unfenced,F
2024,A,2,Z4,NA,34.6,Unfenced,F
2024,A,2,Z4,NA,30.8,Unfenced,F
2024,A,2,Z4,Urochloa mosambicensis,29,Unfenced,F
2024,A,2,Z4,Hyparrhenia filipendula,31.6,Unfenced,F
2024,A,2,Z4,NA,32.6,Unfenced,F
2024,A,2,Z4,NA,33.3,Unfenced,F
2024,A,3,Z1,Aristida diffusa,38,Fenced,TFB
2024,A,3,Z1,Aristida congesta c,29.8,Fenced,TFB
2024,A,3,Z1,Melinis repens,22,Fenced,TFB
2024,A,3,Z1,Urochloa mosambicensis,23.9,Fenced,TFB
2024,A,3,Z1,Hyparrhenia filipendula,11.8,Fenced,TFB
2024,A,3,Z1,NA,17.1,Fenced,TFB
2024,A,3,Z1,NA,15.3,Fenced,TFB
2024,A,3,Z1,NA,15.7,Fenced,TFB
2024,A,3,Z1,Bothriochloa insculpta,15.4,Fenced,TFB
2024,A,3,Z1,Urochloa mosambicensis,16.8,Fenced,TFB
2024,A,3,Z1,Cymbopogon excavatus,16.7,Fenced,TFB
2024,A,3,Z1,NA,16.7,Fenced,TFB
2024,A,3,Z1,Hyparrhenia filipendula,21.9,Fenced,TFB
2024,A,3,Z1,Bothriochloa insculpta,21.8,Fenced,TFB
2024,A,3,Z1,Urochloa mosambicensis,20.9,Fenced,TFB
2024,A,3,Z1,NA,18.4,Fenced,TFB
2024,A,3,Z1,Urochloa mosambicensis,17.6,Fenced,TFB
2024,A,3,Z1,Hyparrhenia filipendula,15.9,Fenced,TFB
2024,A,3,Z1,Heteropogon contortus,15.3,Fenced,TFB
2024,A,3,Z1,Aristida adscensionis,15.4,Fenced,TFB
2024,A,3,Z2,Urochloa mosambicensis,31.7,Unfenced,TFB
2024,A,3,Z2,Loudetia simplex,31.7,Unfenced,TFB
2024,A,3,Z2,Bothriochloa insculpta,28.7,Unfenced,TFB
2024,A,3,Z2,NA,25.3,Unfenced,TFB
2024,A,3,Z2,Bothriochloa insculpta,3.6,Unfenced,TFB
2024,A,3,Z2,Cymbopogon excavatus,11.2,Unfenced,TFB
2024,A,3,Z2,Aristida adscensionis,12.5,Unfenced,TFB
2024,A,3,Z2,NA,12.7,Unfenced,TFB
2024,A,3,Z2,Bothriochloa insculpta,51.3,Unfenced,TFB
2024,A,3,Z2,Hyparrhenia hirta,36,Unfenced,TFB
2024,A,3,Z2,NA,43.7,Unfenced,TFB
2024,A,3,Z2,NA,46.1,Unfenced,TFB
2024,A,3,Z2,Bothriochloa insculpta,5.9,Unfenced,TFB
2024,A,3,Z2,Hyparrhenia hirta,8.7,Unfenced,TFB
2024,A,3,Z2,Digitaria eriantha,12.6,Unfenced,TFB
2024,A,3,Z2,Eragrostis gummiflua,12.7,Unfenced,TFB
2024,A,3,Z2,Urochloa mosambicensis,11.8,Unfenced,TFB
2024,A,3,Z2,Bothriochloa insculpta,15.7,Unfenced,TFB
2024,A,3,Z2,Eragrostis gummiflua,18.6,Unfenced,TFB
2024,A,3,Z2,NA,20.6,Unfenced,TFB
2024,A,3,Z3,Heteropogon contortus,10.7,Fenced,TFB
2024,A,3,Z3,Aristida adscensionis,16.9,Fenced,TFB
2024,A,3,Z3,Melinis repens,13.6,Fenced,TFB
2024,A,3,Z3,Eragrostis rigidior,13.5,Fenced,TFB
2024,A,3,Z3,Cynodon dactylon,31.8,Fenced,TFB
2024,A,3,Z3,Urochloa mosambicensis,29,Fenced,TFB
2024,A,3,Z3,Setaria pumila,26.4,Fenced,TFB
2024,A,3,Z3,NA,25.9,Fenced,TFB
2024,A,3,Z3,Heteropogon contortus,26.8,Fenced,TFB
2024,A,3,Z3,Aristida adscensionis,19.2,Fenced,TFB
2024,A,3,Z3,Urochloa mosambicensis,17.8,Fenced,TFB
2024,A,3,Z3,Cymbopogon excavatus,16.9,Fenced,TFB
2024,A,3,Z3,Aristida adscensionis,6.8,Fenced,TFB
2024,A,3,Z3,Urochloa mosambicensis,11.5,Fenced,TFB
2024,A,3,Z3,Hyparrhenia filipendula,17.8,Fenced,TFB
2024,A,3,Z3,Setaria incrassata,14.2,Fenced,TFB
2024,A,3,Z3,Urochloa mosambicensis,31.7,Fenced,TFB
2024,A,3,Z3,Hyparrhenia filipendula,19.9,Fenced,TFB
2024,A,3,Z3,Hyparrhenia hirta,18.7,Fenced,TFB
2024,A,3,Z3,Pogonarthria squarrosa,18.5,Fenced,TFB
2024,A,3,Z4,Heteropogon contortus,14.9,Unfenced,TFB
2024,A,3,Z4,Aristida adscensionis,17.3,Unfenced,TFB
2024,A,3,Z4,NA,19.4,Unfenced,TFB
2024,A,3,Z4,NA,16.1,Unfenced,TFB
2024,A,3,Z4,Heteropogon contortus,8.5,Unfenced,TFB
2024,A,3,Z4,Melinis repens,9.7,Unfenced,TFB
2024,A,3,Z4,Digitaria eriantha,11.6,Unfenced,TFB
2024,A,3,Z4,Setaria incrassata,10.6,Unfenced,TFB
2024,A,3,Z4,Heteropogon contortus,6,Unfenced,TFB
2024,A,3,Z4,Urochloa mosambicensis,10.9,Unfenced,TFB
2024,A,3,Z4,Themeda triandra,11.4,Unfenced,TFB
2024,A,3,Z4,NA,13.2,Unfenced,TFB
2024,A,3,Z4,Urochloa mosambicensis,42.7,Unfenced,TFB
2024,A,3,Z4,Melinis repens,41.3,Unfenced,TFB
2024,A,3,Z4,Cymbopogon excavatus,37.6,Unfenced,TFB
2024,A,3,Z4,NA,36.9,Unfenced,TFB
2024,A,3,Z4,Heteropogon contortus,6.4,Unfenced,TFB
2024,A,3,Z4,Aristida adscensionis,18,Unfenced,TFB
2024,A,3,Z4,Urochloa mosambicensis,21,Unfenced,TFB
2024,A,3,Z4,Hyparrhenia filipendula,23.8,Unfenced,TFB
2024,A,4,Z1,Bothriochloa insculpta,19.7,Fenced,TF
2024,A,4,Z1,NA,22.4,Fenced,TF
2024,A,4,Z1,NA,22.6,Fenced,TF
2024,A,4,Z1,NA,25,Fenced,TF
2024,A,4,Z1,Brachiaria serrata,21,Fenced,TF
2024,A,4,Z1,Eragrostis gummiflua,20.5,Fenced,TF
2024,A,4,Z1,Bothriochloa insculpta,20.4,Fenced,TF
2024,A,4,Z1,NA,20.5,Fenced,TF
2024,A,4,Z1,Heteropogon contortus,22.5,Fenced,TF
2024,A,4,Z1,Themeda triandra,22.5,Fenced,TF
2024,A,4,Z1,NA,22.5,Fenced,TF
2024,A,4,Z1,NA,22.5,Fenced,TF
2024,A,4,Z1,Bothriochloa insculpta,24.1,Fenced,TF
2024,A,4,Z1,Cymbopogon excavatus,32,Fenced,TF
2024,A,4,Z1,NA,34.3,Fenced,TF
2024,A,4,Z1,NA,32.5,Fenced,TF
2024,A,4,Z1,Bothriochloa insculpta,35.6,Fenced,TF
2024,A,4,Z1,Urochloa mosambicensis,27.9,Fenced,TF
2024,A,4,Z1,NA,33.3,Fenced,TF
2024,A,4,Z1,NA,37,Fenced,TF
2024,A,4,Z2,Bothriochloa insculpta,20.5,Unfenced,TF
2024,A,4,Z2,Digitaria eriantha,21.7,Unfenced,TF
2024,A,4,Z2,NA,22,Unfenced,TF
2024,A,4,Z2,Aristida adscensionis,18.7,Unfenced,TF
2024,A,4,Z2,Cymbopogon excavatus,19.2,Unfenced,TF
2024,A,4,Z2,Heteropogon contortus,18.9,Unfenced,TF
2024,A,4,Z2,Digitaria eriantha,18.5,Unfenced,TF
2024,A,4,Z2,Aristida adscensionis,20.5,Unfenced,TF
2024,A,4,Z2,Heteropogon contortus,20.7,Unfenced,TF
2024,A,4,Z2,NA,20.5,Unfenced,TF
2024,A,4,Z2,NA,21.4,Unfenced,TF
2024,A,4,Z2,Cymbopogon excavatus,36.4,Unfenced,TF
2024,A,4,Z2,Heteropogon contortus,36.6,Unfenced,TF
2024,A,4,Z2,Andropogon eucomus,32.1,Unfenced,TF
2024,A,4,Z2,NA,30.6,Unfenced,TF
2024,A,4,Z2,Aristida adscensionis,23,Unfenced,TF
2024,A,4,Z2,Themeda triandra,23.1,Unfenced,TF
2024,A,4,Z2,NA,21.7,Unfenced,TF
2024,A,4,Z2,NA,19,Unfenced,TF
2024,A,4,Z2,NA,21.1,Unfenced,TF
2024,A,4,Z3,Loudetia simplex,20.2,Fenced,TF
2024,A,4,Z3,Bothriochloa insculpta,20.1,Fenced,TF
2024,A,4,Z3,NA,20.1,Fenced,TF
2024,A,4,Z3,NA,20.4,Fenced,TF
2024,A,4,Z3,Bothriochloa insculpta,20.2,Fenced,TF
2024,A,4,Z3,Aristida adscensionis,20.3,Fenced,TF
2024,A,4,Z3,NA,20.6,Fenced,TF
2024,A,4,Z3,NA,20,Fenced,TF
2024,A,4,Z3,Bothriochloa insculpta,12.7,Fenced,TF
2024,A,4,Z3,Andropogon eucomus,17.2,Fenced,TF
2024,A,4,Z3,NA,16.1,Fenced,TF
2024,A,4,Z3,NA,17.3,Fenced,TF
2024,A,4,Z3,Urochloa mosambicensis,3.7,Fenced,TF
2024,A,4,Z3,Digitaria eriantha,9.5,Fenced,TF
2024,A,4,Z3,Andropogon eucomus,13,Fenced,TF
2024,A,4,Z3,Bothriochloa insculpta,11.4,Fenced,TF
2024,A,4,Z3,Bothriochloa insculpta,19.6,Fenced,TF
2024,A,4,Z3,Aristida adscensionis,20,Fenced,TF
2024,A,4,Z3,NA,20.1,Fenced,TF
2024,A,4,Z3,NA,20.1,Fenced,TF
2024,A,4,Z4,Bothriochloa insculpta,18.3,Unfenced,TF
2024,A,4,Z4,Heteropogon contortus,18.9,Unfenced,TF
2024,A,4,Z4,Melinis repens,19,Unfenced,TF
2024,A,4,Z4,NA,18.9,Unfenced,TF
2024,A,4,Z4,Andropogon eucomus,17.9,Unfenced,TF
2024,A,4,Z4,Urochloa mosambicensis,19.1,Unfenced,TF
2024,A,4,Z4,Cymbopogon excavatus,19.4,Unfenced,TF
2024,A,4,Z4,NA,19.4,Unfenced,TF
2024,A,4,Z4,Heteropogon contortus,23,Unfenced,TF
2024,A,4,Z4,Themeda triandra,22.2,Unfenced,TF
2024,A,4,Z4,Eragrostis superba,21.3,Unfenced,TF
2024,A,4,Z4,NA,20.8,Unfenced,TF
2024,A,4,Z4,Bothriochloa insculpta,19.9,Unfenced,TF
2024,A,4,Z4,Heteropogon contortus,19.9,Unfenced,TF
2024,A,4,Z4,Digitaria eriantha,19.5,Unfenced,TF
2024,A,4,Z4,NA,19.2,Unfenced,TF
2024,A,4,Z4,Heteropogon contortus,25.7,Unfenced,TF
2024,A,4,Z4,Themeda triandra,17.1,Unfenced,TF
2024,A,4,Z4,Eragrostis superba,17.8,Unfenced,TF
2024,A,4,Z4,Digitaria eriantha,22.1,Unfenced,TF
2024,A,5,Z1,Hyparrhenia hirta,12.1,Fenced,THF
2024,A,5,Z1,Urochloa mosambicensis,13.8,Fenced,THF
2024,A,5,Z1,Hyparrhenia filipendula,13.7,Fenced,THF
2024,A,5,Z1,Bothriochloa insculpta,14.2,Fenced,THF
2024,A,5,Z1,Urochloa mosambicensis,25.6,Fenced,THF
2024,A,5,Z1,Aristida adscensionis,20.8,Fenced,THF
2024,A,5,Z1,NA,22.3,Fenced,THF
2024,A,5,Z1,NA,22.7,Fenced,THF
2024,A,5,Z1,Cymbopogon excavatus,28.2,Fenced,THF
2024,A,5,Z1,Bothriochloa insculpta,28.8,Fenced,THF
2024,A,5,Z1,Urochloa mosambicensis,31.2,Fenced,THF
2024,A,5,Z1,NA,28.8,Fenced,THF
2024,A,5,Z1,Hyparrhenia hirta,21,Fenced,THF
2024,A,5,Z1,Heteropogon contortus,17.1,Fenced,THF
2024,A,5,Z1,Urochloa mosambicensis,21.7,Fenced,THF
2024,A,5,Z1,NA,23,Fenced,THF
2024,A,5,Z1,Urochloa mosambicensis,17.1,Fenced,THF
2024,A,5,Z1,Hyparrhenia filipendula,14.7,Fenced,THF
2024,A,5,Z1,Bothriochloa insculpta,21.1,Fenced,THF
2024,A,5,Z1,NA,21.4,Fenced,THF
2024,A,5,Z2,Urochloa mosambicensis,22.6,Unfenced,THF
2024,A,5,Z2,Heteropogon contortus,16.8,Unfenced,THF
2024,A,5,Z2,Aristida adscensionis,14.9,Unfenced,THF
2024,A,5,Z2,Setaria sphacelata,13.6,Unfenced,THF
2024,A,5,Z2,Urochloa mosambicensis,10.6,Unfenced,THF
2024,A,5,Z2,Bothriochloa insculpta,14.8,Unfenced,THF
2024,A,5,Z2,Heteropogon contortus,17,Unfenced,THF
2024,A,5,Z2,Aristida adscensionis,19.8,Unfenced,THF
2024,A,5,Z2,Panicum maximum,10.8,Unfenced,THF
2024,A,5,Z2,Hyparrhenia filipendula,9.2,Unfenced,THF
2024,A,5,Z2,NA,11.4,Unfenced,THF
2024,A,5,Z2,NA,10.3,Unfenced,THF
2024,A,5,Z2,Heteropogon contortus,17.7,Unfenced,THF
2024,A,5,Z2,Hyparrhenia filipendula,17.5,Unfenced,THF
2024,A,5,Z2,Cymbopogon excavatus,17.4,Unfenced,THF
2024,A,5,Z2,NA,16.4,Unfenced,THF
2024,A,5,Z2,Urochloa mosambicensis,15.1,Unfenced,THF
2024,A,5,Z2,Cymbopogon excavatus,17.3,Unfenced,THF
2024,A,5,Z2,NA,20.1,Unfenced,THF
2024,A,5,Z2,NA,22.7,Unfenced,THF
2024,A,5,Z3,Bothriochloa insculpta,29.8,Fenced,THF
2024,A,5,Z3,Urochloa mosambicensis,26.7,Fenced,THF
2024,A,5,Z3,NA,22.3,Fenced,THF
2024,A,5,Z3,NA,22.3,Fenced,THF
2024,A,5,Z3,Bothriochloa insculpta,36.3,Fenced,THF
2024,A,5,Z3,Heteropogon contortus,34.5,Fenced,THF
2024,A,5,Z3,Eragrostis gummiflua,34.2,Fenced,THF
2024,A,5,Z3,Andropogon eucomus,34.5,Fenced,THF
2024,A,5,Z3,Aristida adscensionis,20.4,Fenced,THF
2024,A,5,Z3,Bothriochloa insculpta,17.1,Fenced,THF
2024,A,5,Z3,NA,19.3,Fenced,THF
2024,A,5,Z3,NA,18.6,Fenced,THF
2024,A,5,Z3,Bothriochloa insculpta,17.1,Fenced,THF
2024,A,5,Z3,Aristida adscensionis,17,Fenced,THF
2024,A,5,Z3,Cymbopogon excavatus,20.2,Fenced,THF
2024,A,5,Z3,Eragrostis superba,22.5,Fenced,THF
2024,A,5,Z3,Heteropogon contortus,8.7,Fenced,THF
2024,A,5,Z3,Bothriochloa insculpta,11.6,Fenced,THF
2024,A,5,Z3,Hyparrhenia hirta,11.3,Fenced,THF
2024,A,5,Z3,NA,10.3,Fenced,THF
2024,A,5,Z4,Bothriochloa insculpta,13.2,Unfenced,THF
2024,A,5,Z4,Heteropogon contortus,17.8,Unfenced,THF
2024,A,5,Z4,Aristida adscensionis,18.3,Unfenced,THF
2024,A,5,Z4,Cymbopogon excavatus,17.6,Unfenced,THF
2024,A,5,Z4,Eragrostis gummiflua,19.1,Unfenced,THF
2024,A,5,Z4,Bothriochloa insculpta,16,Unfenced,THF
2024,A,5,Z4,Cymbopogon excavatus,17.5,Unfenced,THF
2024,A,5,Z4,NA,18.1,Unfenced,THF
2024,A,5,Z4,Bothriochloa insculpta,20.8,Unfenced,THF
2024,A,5,Z4,Aristida adscensionis,18.1,Unfenced,THF
2024,A,5,Z4,Urochloa mosambicensis,23.3,Unfenced,THF
2024,A,5,Z4,Hyparrhenia filipendula,24.5,Unfenced,THF
2024,A,5,Z4,Bothriochloa insculpta,35.3,Unfenced,THF
2024,A,5,Z4,Cymbopogon excavatus,24.2,Unfenced,THF
2024,A,5,Z4,NA,19,Unfenced,THF
2024,A,5,Z4,NA,23.6,Unfenced,THF
2024,A,5,Z4,Heteropogon contortus,18.8,Unfenced,THF
2024,A,5,Z4,Bothriochloa insculpta,15.6,Unfenced,THF
2024,A,5,Z4,Urochloa mosambicensis,18.3,Unfenced,THF
2024,A,5,Z4,NA,18.6,Unfenced,THF
2024,B,1,Z1,NA,2.6,Fenced,C
2024,B,1,Z1,Eragrostis gummiflua,5.1,Fenced,C
2024,B,1,Z1,Heteropogon contortus,4.2,Fenced,C
2024,B,1,Z1,Cymbopogon excavatus,6.7,Fenced,C
2024,B,1,Z1,NA,6.2,Fenced,C
2024,B,1,Z1,Cymbopogon excavatus,6.1,Fenced,C
2024,B,1,Z1,Heteropogon contortus,3.7,Fenced,C
2024,B,1,Z1,Melinis repens,3.2,Fenced,C
2024,B,1,Z1,Aristida congesta c,2.4,Fenced,C
2024,B,1,Z1,Eragrostis gummiflua,8.5,Fenced,C
2024,B,1,Z1,Eragrostis rigidior,3.1,Fenced,C
2024,B,1,Z1,Melinis repens,4.4,Fenced,C
2024,B,1,Z1,Heteropogon contortus,4.2,Fenced,C
2024,B,1,Z1,Aristida congesta c,6.7,Fenced,C
2024,B,1,Z1,Heteropogon contortus,6,Fenced,C
2024,B,1,Z1,NA,6.7,Fenced,C
2024,B,1,Z1,Heteropogon contortus,5.3,Fenced,C
2024,B,1,Z2,Cymbopogon excavatus,2.2,Unfenced,C
2024,B,1,Z2,Eragrostis rigidior,8,Unfenced,C
2024,B,1,Z2,Heteropogon contortus,14,Unfenced,C
2024,B,1,Z2,Aristida canescens,20,Unfenced,C
2024,B,1,Z2,Aristida congesta c,7,Unfenced,C
2024,B,1,Z2,Eragrostis rigidior,8.2,Unfenced,C
2024,B,1,Z2,Heteropogon contortus,5.9,Unfenced,C
2024,B,1,Z2,Aristida canescens,6.6,Unfenced,C
2024,B,1,Z2,Bothriochloa insculpta,2.6,Unfenced,C
2024,B,1,Z2,Melinis repens,6,Unfenced,C
2024,B,1,Z2,Heteropogon contortus,7.6,Unfenced,C
2024,B,1,Z2,NA,6.6,Unfenced,C
2024,B,1,Z2,Cymbopogon excavatus,11.4,Unfenced,C
2024,B,1,Z2,Bothriochloa insculpta,22.9,Unfenced,C
2024,B,1,Z2,NA,6.3,Unfenced,C
2024,B,1,Z2,NA,31,Unfenced,C
2024,B,1,Z2,Heteropogon contortus,5.6,Unfenced,C
2024,B,1,Z2,Melinis repens,7.2,Unfenced,C
2024,B,1,Z2,Bothriochloa insculpta,5.2,Unfenced,C
2024,B,1,Z2,NA,7.5,Unfenced,C
2024,B,1,Z3,Aristida congesta b,4,Fenced,C
2024,B,1,Z3,Eragrostis rigidior,4.7,Fenced,C
2024,B,1,Z3,Eragrostis superba,4.7,Fenced,C
2024,B,1,Z3,Cymbopogon excavatus,10.5,Fenced,C
2024,B,1,Z3,Eragrostis gummiflua,10.7,Fenced,C
2024,B,1,Z3,Heteropogon contortus,11.9,Fenced,C
2024,B,1,Z3,Eragrostis superba,10.6,Fenced,C
2024,B,1,Z3,NA,9.7,Fenced,C
2024,B,1,Z3,Aristida congesta b,7.3,Fenced,C
2024,B,1,Z3,Eragrostis superba,8.8,Fenced,C
2024,B,1,Z3,Heteropogon contortus,12.3,Fenced,C
2024,B,1,Z3,Eragrostis gummiflua,5.6,Fenced,C
2024,B,1,Z3,Aristida congesta b,5.3,Fenced,C
2024,B,1,Z3,Heteropogon contortus,5.9,Fenced,C
2024,B,1,Z3,Eragrostis gummiflua,5.3,Fenced,C
2024,B,1,Z3,Aristida adscensionis,5.2,Fenced,C
2024,B,1,Z3,Heteropogon contortus,5.1,Fenced,C
2024,B,1,Z3,Cymbopogon excavatus,5.5,Fenced,C
2024,B,1,Z3,NA,5.9,Fenced,C
2024,B,1,Z3,NA,6.5,Fenced,C
2024,B,1,Z4,Eragrostis gummiflua,2.8,Unfenced,C
2024,B,1,Z4,Heteropogon contortus,5.7,Unfenced,C
2024,B,1,Z4,Cymbopogon excavatus,8.2,Unfenced,C
2024,B,1,Z4,Melinis repens,7.1,Unfenced,C
2024,B,1,Z4,Heteropogon contortus,3.8,Unfenced,C
2024,B,1,Z4,Cymbopogon excavatus,7,Unfenced,C
2024,B,1,Z4,NA,5.8,Unfenced,C
2024,B,1,Z4,NA,5.8,Unfenced,C
2024,B,1,Z4,Cymbopogon excavatus,16.4,Unfenced,C
2024,B,1,Z4,Eragrostis superba,17.6,Unfenced,C
2024,B,1,Z4,Eragrostis gummiflua,14.9,Unfenced,C
2024,B,1,Z4,Aristida congesta b,13.4,Unfenced,C
2024,B,1,Z4,Heteropogon contortus,4,Unfenced,C
2024,B,1,Z4,Cymbopogon excavatus,3.4,Unfenced,C
2024,B,1,Z4,Melinis repens,4.8,Unfenced,C
2024,B,1,Z4,Bothriochloa insculpta,4.9,Unfenced,C
2024,B,1,Z4,Heteropogon contortus,1.9,Unfenced,C
2024,B,1,Z4,Eragrostis gummiflua,4.2,Unfenced,C
2024,B,1,Z4,Eragrostis superba,6.7,Unfenced,C
2024,B,1,Z4,NA,7,Unfenced,C
2024,B,2,Z1,Brachiaria serrata,7.9,Fenced,F
2024,B,2,Z1,Heteropogon contortus,8.2,Fenced,F
2024,B,2,Z1,Aristida adscensionis,8.9,Fenced,F
2024,B,2,Z1,Bothriochloa insculpta,9.8,Fenced,F
2024,B,2,Z1,Heteropogon contortus,18.5,Fenced,F
2024,B,2,Z1,Cymbopogon excavatus,18.5,Fenced,F
2024,B,2,Z1,Aristida adscensionis,16.1,Fenced,F
2024,B,2,Z1,Themeda triandra,17.4,Fenced,F
2024,B,2,Z1,Heteropogon contortus,10.7,Fenced,F
2024,B,2,Z1,Cymbopogon excavatus,11,Fenced,F
2024,B,2,Z1,NA,14.8,Fenced,F
2024,B,2,Z1,NA,14.9,Fenced,F
2024,B,2,Z1,Heteropogon contortus,9.5,Fenced,F
2024,B,2,Z1,Cymbopogon excavatus,10.4,Fenced,F
2024,B,2,Z1,Aristida adscensionis,13.2,Fenced,F
2024,B,2,Z1,Eragrostis rigidior,12.3,Fenced,F
2024,B,2,Z1,Cymbopogon excavatus,17.1,Fenced,F
2024,B,2,Z1,Aristida adscensionis,17.2,Fenced,F
2024,B,2,Z1,Melinis repens,18.8,Fenced,F
2024,B,2,Z1,NA,15.6,Fenced,F
2024,B,2,Z2,Cymbopogon excavatus,16.8,Unfenced,F
2024,B,2,Z2,Hyparrhenia filipendula,13.3,Unfenced,F
2024,B,2,Z2,Heteropogon contortus,11,Unfenced,F
2024,B,2,Z2,Melinis repens,22.9,Unfenced,F
2024,B,2,Z2,Heteropogon contortus,3.4,Unfenced,F
2024,B,2,Z2,Melinis repens,5.7,Unfenced,F
2024,B,2,Z2,Panicum maximum,7.4,Unfenced,F
2024,B,2,Z2,NA,12,Unfenced,F
2024,B,2,Z2,Eragrostis gummiflua,9.6,Unfenced,F
2024,B,2,Z2,Heteropogon contortus,9.4,Unfenced,F
2024,B,2,Z2,Cymbopogon excavatus,9.7,Unfenced,F
2024,B,2,Z2,Bothriochloa insculpta,9.4,Unfenced,F
2024,B,2,Z2,Eragrostis gummiflua,9.3,Unfenced,F
2024,B,2,Z2,Heteropogon contortus,8.3,Unfenced,F
2024,B,2,Z2,Cymbopogon excavatus,7.8,Unfenced,F
2024,B,2,Z2,Bothriochloa insculpta,7.5,Unfenced,F
2024,B,2,Z2,Cymbopogon excavatus,9.3,Unfenced,F
2024,B,2,Z2,Eragrostis gummiflua,15.3,Unfenced,F
2024,B,2,Z2,Heteropogon contortus,11,Unfenced,F
2024,B,2,Z2,Urochloa mosambicensis,6.1,Unfenced,F
2024,B,2,Z3,Heteropogon contortus,6.3,Fenced,F
2024,B,2,Z3,Aristida adscensionis,5.7,Fenced,F
2024,B,2,Z3,Bothriochloa insculpta,10.9,Fenced,F
2024,B,2,Z3,NA,11.1,Fenced,F
2024,B,2,Z3,Heteropogon contortus,2.1,Fenced,F
2024,B,2,Z3,Cymbopogon excavatus,4.6,Fenced,F
2024,B,2,Z3,NA,6.9,Fenced,F
2024,B,2,Z3,NA,10.6,Fenced,F
2024,B,2,Z3,Eragrostis gummiflua,25.2,Fenced,F
2024,B,2,Z3,Heteropogon contortus,24.3,Fenced,F
2024,B,2,Z3,Cymbopogon excavatus,24,Fenced,F
2024,B,2,Z3,Aristida adscensionis,28.7,Fenced,F
2024,B,2,Z3,Heteropogon contortus,6,Fenced,F
2024,B,2,Z3,Cymbopogon excavatus,4.5,Fenced,F
2024,B,2,Z3,Setaria pumila,4.7,Fenced,F
2024,B,2,Z3,NA,3.8,Fenced,F
2024,B,2,Z3,Aristida adscensionis,10.6,Fenced,F
2024,B,2,Z3,Heteropogon contortus,13,Fenced,F
2024,B,2,Z3,Digitaria eriantha,12.3,Fenced,F
2024,B,2,Z3,NA,11,Fenced,F
2024,B,2,Z4,Heteropogon contortus,16.8,Unfenced,F
2024,B,2,Z4,Cymbopogon excavatus,19.1,Unfenced,F
2024,B,2,Z4,NA,16.8,Unfenced,F
2024,B,2,Z4,NA,17.2,Unfenced,F
2024,B,2,Z4,Heteropogon contortus,12.2,Unfenced,F
2024,B,2,Z4,Cymbopogon excavatus,19.4,Unfenced,F
2024,B,2,Z4,NA,14.9,Unfenced,F
2024,B,2,Z4,NA,13.2,Unfenced,F
2024,B,2,Z4,Heteropogon contortus,9.3,Unfenced,F
2024,B,2,Z4,Cymbopogon excavatus,10.1,Unfenced,F
2024,B,2,Z4,Eragrostis rigidior,10.8,Unfenced,F
2024,B,2,Z4,Aristida canescens,10,Unfenced,F
2024,B,2,Z4,Heteropogon contortus,9.8,Unfenced,F
2024,B,2,Z4,Aristida congesta b,7.6,Unfenced,F
2024,B,2,Z4,NA,10,Unfenced,F
2024,B,2,Z4,NA,9,Unfenced,F
2024,B,2,Z4,Heteropogon contortus,9.8,Unfenced,F
2024,B,2,Z4,Aristida congesta b,7.6,Unfenced,F
2024,B,2,Z4,NA,10,Unfenced,F
2024,B,2,Z4,NA,9,Unfenced,F
2024,B,3,Z1,Cymbopogon excavatus,6.8,Fenced,TF
2024,B,3,Z1,Cynodon dactylon,8.1,Fenced,TF
2024,B,3,Z1,Eragrostis superba,8.7,Fenced,TF
2024,B,3,Z1,Themeda triandra,10.5,Fenced,TF
2024,B,3,Z1,Cymbopogon plurinodis,9.5,Fenced,TF
2024,B,3,Z1,Cymbopogon excavatus,9.9,Fenced,TF
2024,B,3,Z1,Setaria incrassata,9.1,Fenced,TF
2024,B,3,Z1,Eragrostis superba,10.2,Fenced,TF
2024,B,3,Z1,Heteropogon contortus,7.5,Fenced,TF
2024,B,3,Z1,Melinis repens,6.8,Fenced,TF
2024,B,3,Z1,Aristida adscensionis,7.3,Fenced,TF
2024,B,3,Z1,Bothriochloa insculpta,8.6,Fenced,TF
2024,B,3,Z1,Cynodon dactylon,14.1,Fenced,TF
2024,B,3,Z1,Melinis repens,10.9,Fenced,TF
2024,B,3,Z1,Aristida adscensionis,10.1,Fenced,TF
2024,B,3,Z1,Cymbopogon excavatus,10.4,Fenced,TF
2024,B,3,Z1,Heteropogon contortus,15.4,Fenced,TF
2024,B,3,Z1,Melinis repens,16.2,Fenced,TF
2024,B,3,Z1,Aristida adscensionis,17.1,Fenced,TF
2024,B,3,Z1,Bothriochloa insculpta,16.9,Fenced,TF
2024,B,3,Z2,Cynodon dactylon,10.2,Fenced,TF
2024,B,3,Z2,Themeda triandra,15.3,Fenced,TF
2024,B,3,Z2,Melinis repens,16.6,Fenced,TF
2024,B,3,Z2,Eragrostis gummiflua,17.2,Fenced,TF
2024,B,3,Z2,Themeda triandra,16.9,Fenced,TF
2024,B,3,Z2,Hyparrhenia filipendula,17.3,Fenced,TF
2024,B,3,Z2,Cymbopogon excavatus,15,Fenced,TF
2024,B,3,Z2,Setaria pumila,13.6,Fenced,TF
2024,B,3,Z2,Heteropogon contortus,17.3,Fenced,TF
2024,B,3,Z2,Melinis repens,15.8,Fenced,TF
2024,B,3,Z2,Aristida adscensionis,14.8,Fenced,TF
2024,B,3,Z2,Cymbopogon plurinodis,14.6,Fenced,TF
2024,B,3,Z2,Cymbopogon excavatus,24.7,Fenced,TF
2024,B,3,Z2,Heteropogon contortus,26.3,Fenced,TF
2024,B,3,Z2,Melinis repens,19.7,Fenced,TF
2024,B,3,Z2,Eragrostis gummiflua,21.3,Fenced,TF
2024,B,3,Z2,Heteropogon contortus,7.5,Fenced,TF
2024,B,3,Z2,Cymbopogon excavatus,8.5,Fenced,TF
2024,B,3,Z2,Eragrostis gummiflua,12.4,Fenced,TF
2024,B,3,Z2,NA,13.5,Fenced,TF
2024,B,3,Z3,Eragrostis superba,7.9,Unfenced,TF
2024,B,3,Z3,Heteropogon contortus,10.7,Unfenced,TF
2024,B,3,Z3,Melinis repens,10.2,Unfenced,TF
2024,B,3,Z3,Eragrostis gummiflua,9.6,Unfenced,TF
2024,B,3,Z3,Digitaria eriantha,3.2,Unfenced,TF
2024,B,3,Z3,Heteropogon contortus,2.8,Unfenced,TF
2024,B,3,Z3,Melinis repens,5.7,Unfenced,TF
2024,B,3,Z3,Eragrostis gummiflua,10.1,Unfenced,TF
2024,B,3,Z3,Heteropogon contortus,7.3,Unfenced,TF
2024,B,3,Z3,Setaria sphacelata,9.7,Unfenced,TF
2024,B,3,Z3,Themeda triandra,11.3,Unfenced,TF
2024,B,3,Z3,Digitaria eriantha,11.9,Unfenced,TF
2024,B,3,Z3,Heteropogon contortus,13,Unfenced,TF
2024,B,3,Z3,Cymbopogon plurinodis,16.9,Unfenced,TF
2024,B,3,Z3,Cymbopogon excavatus,16.7,Unfenced,TF
2024,B,3,Z3,NA,16.2,Unfenced,TF
2024,B,3,Z3,Heteropogon contortus,5.9,Unfenced,TF
2024,B,3,Z3,Aristida adscensionis,9.5,Unfenced,TF
2024,B,3,Z3,Eragrostis superba,10.8,Unfenced,TF
2024,B,3,Z3,Eragrostis gummiflua,10.1,Unfenced,TF
2024,B,3,Z4,Heteropogon contortus,8.4,Unfenced,TF
2024,B,3,Z4,Aristida adscensionis,7.2,Unfenced,TF
2024,B,3,Z4,Digitaria eriantha,10.7,Unfenced,TF
2024,B,3,Z4,Eragrostis gummiflua,10.1,Unfenced,TF
2024,B,3,Z4,Heteropogon contortus,13.1,Unfenced,TF
2024,B,3,Z4,Aristida adscensionis,12.6,Unfenced,TF
2024,B,3,Z4,Digitaria eriantha,14.6,Unfenced,TF
2024,B,3,Z4,NA,13.1,Unfenced,TF
2024,B,3,Z4,Heteropogon contortus,15,Unfenced,TF
2024,B,3,Z4,Aristida adscensionis,14.5,Unfenced,TF
2024,B,3,Z4,Setaria pumila,14.1,Unfenced,TF
2024,B,3,Z4,NA,15,Unfenced,TF
2024,B,3,Z4,Heteropogon contortus,7.9,Unfenced,TF
2024,B,3,Z4,Melinis repens,10,Unfenced,TF
2024,B,3,Z4,Eragrostis gummiflua,10.3,Unfenced,TF
2024,B,3,Z4,NA,10.1,Unfenced,TF
2024,B,3,Z4,Heteropogon contortus,6,Unfenced,TF
2024,B,3,Z4,Digitaria eriantha,7.8,Unfenced,TF
2024,B,3,Z4,Eragrostis gummiflua,6.6,Unfenced,TF
2024,B,3,Z4,NA,8.1,Unfenced,TF
2024,B,4,Z1,Cymbopogon excavatus,17.7,Fenced,TFB
2024,B,4,Z1,Eragrostis superba,17.6,Fenced,TFB
2024,B,4,Z1,Heteropogon contortus,20,Fenced,TFB
2024,B,4,Z1,NA,15.4,Fenced,TFB
2024,B,4,Z1,Eragrostis gummiflua,11.8,Fenced,TFB
2024,B,4,Z1,Heteropogon contortus,13,Fenced,TFB
2024,B,4,Z1,Aristida adscensionis,11.2,Fenced,TFB
2024,B,4,Z1,Digitaria eriantha,13.4,Fenced,TFB
2024,B,4,Z1,Heteropogon contortus,10.2,Fenced,TFB
2024,B,4,Z1,Eragrostis rigidior,9,Fenced,TFB
2024,B,4,Z1,Melinis repens,9,Fenced,TFB
2024,B,4,Z1,Bothriochloa insculpta,10.2,Fenced,TFB
2024,B,4,Z1,Heteropogon contortus,7.8,Fenced,TFB
2024,B,4,Z1,Eragrostis superba,7.4,Fenced,TFB
2024,B,4,Z1,Aristida congesta c,8,Fenced,TFB
2024,B,4,Z1,Themeda triandra,10,Fenced,TFB
2024,B,4,Z1,Heteropogon contortus,17.3,Fenced,TFB
2024,B,4,Z1,Aristida adscensionis,12.7,Fenced,TFB
2024,B,4,Z1,Melinis repens,13.3,Fenced,TFB
2024,B,4,Z1,Aristida diffusa,12.7,Fenced,TFB
2024,B,4,Z2,Cymbopogon excavatus,3.7,Fenced,TFB
2024,B,4,Z2,Heteropogon contortus,3.3,Fenced,TFB
2024,B,4,Z2,Melinis repens,8.4,Fenced,TFB
2024,B,4,Z2,NA,12.3,Fenced,TFB
2024,B,4,Z2,Cymbopogon excavatus,17.7,Fenced,TFB
2024,B,4,Z2,Heteropogon contortus,17.1,Fenced,TFB
2024,B,4,Z2,Eragrostis gummiflua,13.3,Fenced,TFB
2024,B,4,Z2,Setaria pumila,12.7,Fenced,TFB
2024,B,4,Z2,Cymbopogon excavatus,4.1,Fenced,TFB
2024,B,4,Z2,Heteropogon contortus,10.4,Fenced,TFB
2024,B,4,Z2,Aristida diffusa,8.8,Fenced,TFB
2024,B,4,Z2,NA,6.9,Fenced,TFB
2024,B,4,Z2,Eragrostis gummiflua,6.4,Fenced,TFB
2024,B,4,Z2,Cymbopogon excavatus,6.6,Fenced,TFB
2024,B,4,Z2,Heteropogon contortus,7.3,Fenced,TFB
2024,B,4,Z2,Melinis repens,7.6,Fenced,TFB
2024,B,4,Z2,Cymbopogon excavatus,21.1,Fenced,TFB
2024,B,4,Z2,Heteropogon contortus,15.1,Fenced,TFB
2024,B,4,Z2,Eragrostis superba,12.2,Fenced,TFB
2024,B,4,Z2,NA,14.9,Fenced,TFB
2024,B,4,Z3,Heteropogon contortus,18.3,Unfenced,TFB
2024,B,4,Z3,Melinis repens,26,Unfenced,TFB
2024,B,4,Z3,Hyparrhenia filipendula,24.6,Unfenced,TFB
2024,B,4,Z3,Themeda triandra,21,Unfenced,TFB
2024,B,4,Z3,Heteropogon contortus,18.8,Unfenced,TFB
2024,B,4,Z3,Melinis repens,11.2,Unfenced,TFB
2024,B,4,Z3,Eragrostis rigidior,2,Unfenced,TFB
2024,B,4,Z3,NA,3.3,Unfenced,TFB
2024,B,4,Z3,Heteropogon contortus,4.4,Unfenced,TFB
2024,B,4,Z3,Digitaria eriantha,4.2,Unfenced,TFB
2024,B,4,Z3,NA,4.1,Unfenced,TFB
2024,B,4,Z3,NA,5,Unfenced,TFB
2024,B,4,Z3,Heteropogon contortus,14.1,Unfenced,TFB
2024,B,4,Z3,Melinis repens,23.2,Unfenced,TFB
2024,B,4,Z3,Hyparrhenia filipendula,19.2,Unfenced,TFB
2024,B,4,Z3,Themeda triandra,11.4,Unfenced,TFB
2024,B,4,Z3,Digitaria eriantha,7.3,Unfenced,TFB
2024,B,4,Z3,Heteropogon contortus,7.7,Unfenced,TFB
2024,B,4,Z3,Melinis repens,7.8,Unfenced,TFB
2024,B,4,Z3,Aristida adscensionis,9.4,Unfenced,TFB
2024,B,4,Z4,Eragrostis rigidior,10.7,Unfenced,TFB
2024,B,4,Z4,Heteropogon contortus,33.7,Unfenced,TFB
2024,B,4,Z4,Digitaria eriantha,29.4,Unfenced,TFB
2024,B,4,Z4,Cymbopogon excavatus,20.7,Unfenced,TFB
2024,B,4,Z4,Heteropogon contortus,17.1,Unfenced,TFB
2024,B,4,Z4,Melinis repens,17.2,Unfenced,TFB
2024,B,4,Z4,Aristida adscensionis,16.3,Unfenced,TFB
2024,B,4,Z4,Setaria pumila,14.7,Unfenced,TFB
2024,B,4,Z4,Heteropogon contortus,16,Unfenced,TFB
2024,B,4,Z4,Aristida adscensionis,15,Unfenced,TFB
2024,B,4,Z4,Setaria pumila,18.1,Unfenced,TFB
2024,B,4,Z4,Eragrostis superba,19.4,Unfenced,TFB
2024,B,4,Z4,Cymbopogon excavatus,7.8,Unfenced,TFB
2024,B,4,Z4,Melinis repens,7.6,Unfenced,TFB
2024,B,4,Z4,Heteropogon contortus,7.5,Unfenced,TFB
2024,B,4,Z4,Eragrostis gummiflua,7.6,Unfenced,TFB
2024,B,4,Z4,Cymbopogon excavatus,33.7,Unfenced,TFB
2024,B,4,Z4,Melinis repens,31.6,Unfenced,TFB
2024,B,4,Z4,Heteropogon contortus,31,Unfenced,TFB
2024,B,4,Z4,Eragrostis gummiflua,26.4,Unfenced,TFB
2024,B,5,Z1,Cynodon dactylon,13.2,Fenced,THF
2024,B,5,Z1,Heteropogon contortus,10.8,Fenced,THF
2024,B,5,Z1,Setaria pumila,11.6,Fenced,THF
2024,B,5,Z1,Aristida congesta b,11,Fenced,THF
2024,B,5,Z1,Heteropogon contortus,14.5,Fenced,THF
2024,B,5,Z1,Melinis repens,14.6,Fenced,THF
2024,B,5,Z1,Hyparrhenia filipendula,14,Fenced,THF
2024,B,5,Z1,Themeda triandra,14.9,Fenced,THF
2024,B,5,Z1,Cynodon dactylon,4.3,Fenced,THF
2024,B,5,Z1,Heteropogon contortus,5.5,Fenced,THF
2024,B,5,Z1,Cymbopogon excavatus,10.1,Fenced,THF
2024,B,5,Z1,NA,9.7,Fenced,THF
2024,B,5,Z1,Cynodon dactylon,13.9,Fenced,THF
2024,B,5,Z1,Cymbopogon excavatus,8.2,Fenced,THF
2024,B,5,Z1,Setaria pumila,8.5,Fenced,THF
2024,B,5,Z1,NA,9.1,Fenced,THF
2024,B,5,Z1,Bothriochloa insculpta,9.7,Fenced,THF
2024,B,5,Z1,Heteropogon contortus,8.6,Fenced,THF
2024,B,5,Z1,NA,7.1,Fenced,THF
2024,B,5,Z1,NA,7.5,Fenced,THF
2024,B,5,Z2,Cynodon dactylon,12.5,Unfenced,THF
2024,B,5,Z2,Heteropogon contortus,10,Unfenced,THF
2024,B,5,Z2,Aristida congesta b,10.1,Unfenced,THF
2024,B,5,Z2,Melinis repens,9.9,Unfenced,THF
2024,B,5,Z2,Cynodon dactylon,5,Unfenced,THF
2024,B,5,Z2,Heteropogon contortus,3.4,Unfenced,THF
2024,B,5,Z2,Setaria pumila,4.1,Unfenced,THF
2024,B,5,Z2,NA,4.2,Unfenced,THF
2024,B,5,Z2,Heteropogon contortus,6,Unfenced,THF
2024,B,5,Z2,Eragrostis superba,7.1,Unfenced,THF
2024,B,5,Z2,Bothriochloa insculpta,6.4,Unfenced,THF
2024,B,5,Z2,Themeda triandra,5.8,Unfenced,THF
2024,B,5,Z2,Setaria pumila,20.4,Unfenced,THF
2024,B,5,Z2,Heteropogon contortus,11.8,Unfenced,THF
2024,B,5,Z2,Brachiaria serrata,8.8,Unfenced,THF
2024,B,5,Z2,Aristida congesta b,9.7,Unfenced,THF
2024,B,5,Z2,Eragrostis superba,6.9,Unfenced,THF
2024,B,5,Z2,Setaria pumila,10.1,Unfenced,THF
2024,B,5,Z2,Heteropogon contortus,10.4,Unfenced,THF
2024,B,5,Z2,Cymbopogon excavatus,10.4,Unfenced,THF
2024,B,5,Z3,Heteropogon contortus,8.6,Fenced,THF
2024,B,5,Z3,Setaria pumila,6.3,Fenced,THF
2024,B,5,Z3,NA,6,Fenced,THF
2024,B,5,Z3,NA,6.1,Fenced,THF
2024,B,5,Z3,Cynodon dactylon,6.3,Fenced,THF
2024,B,5,Z3,Heteropogon contortus,17.1,Fenced,THF
2024,B,5,Z3,Eragrostis superba,16.8,Fenced,THF
2024,B,5,Z3,Setaria pumila,8.5,Fenced,THF
2024,B,5,Z3,Cymbopogon plurinodis,12.1,Fenced,THF
2024,B,5,Z3,Cynodon dactylon,9.5,Fenced,THF
2024,B,5,Z3,Heteropogon contortus,9.7,Fenced,THF
2024,B,5,Z3,Eragrostis superba,9.6,Fenced,THF
2024,B,5,Z3,Heteropogon contortus,7.5,Fenced,THF
2024,B,5,Z3,Setaria pumila,6,Fenced,THF
2024,B,5,Z3,NA,2,Fenced,THF
2024,B,5,Z3,NA,3.9,Fenced,THF
2024,B,5,Z3,Aristida congesta b,5.7,Fenced,THF
2024,B,5,Z3,Heteropogon contortus,5.3,Fenced,THF
2024,B,5,Z3,Eragrostis gummiflua,8.4,Fenced,THF
2024,B,5,Z3,NA,6.5,Fenced,THF
2024,B,5,Z4,Cynodon dactylon,8.6,Unfenced,THF
2024,B,5,Z4,Heteropogon contortus,9.2,Unfenced,THF
2024,B,5,Z4,Setaria pumila,13.2,Unfenced,THF
2024,B,5,Z4,Aristida congesta b,13.2,Unfenced,THF
2024,B,5,Z4,Bothriochloa insculpta,10.7,Unfenced,THF
2024,B,5,Z4,Heteropogon contortus,3.1,Unfenced,THF
2024,B,5,Z4,Eragrostis superba,8.5,Unfenced,THF
2024,B,5,Z4,NA,6.5,Unfenced,THF
2024,B,5,Z4,Cynodon dactylon,13.6,Unfenced,THF
2024,B,5,Z4,Eragrostis rigidior,12.1,Unfenced,THF
2024,B,5,Z4,Digitaria eriantha,9.4,Unfenced,THF
2024,B,5,Z4,Sporobolus africanus,10.1,Unfenced,THF
2024,B,5,Z4,Heteropogon contortus,9.3,Unfenced,THF
2024,B,5,Z4,Eragrostis superba,10,Unfenced,THF
2024,B,5,Z4,Bothriochloa insculpta,12,Unfenced,THF
2024,B,5,Z4,Themeda triandra,12.5,Unfenced,THF
2024,B,5,Z4,Heteropogon contortus,8.8,Unfenced,THF
2024,B,5,Z4,Eragrostis superba,7.7,Unfenced,THF
2024,B,5,Z4,Bothriochloa insculpta,6.4,Unfenced,THF
2024,B,5,Z4,Aristida adscensionis,7,Unfenced,THF
2024,C,1,Z1,NA,0,Fenced,C
2024,C,1,Z1,NA,0,Fenced,C
2024,C,1,Z1,NA,0,Fenced,C
2024,C,1,Z1,NA,0,Fenced,C
2024,C,1,Z1,Cynodon dactylon,5.8,Fenced,C
2024,C,1,Z1,Aristida adscensionis,6.8,Fenced,C
2024,C,1,Z1,NA,6.8,Fenced,C
2024,C,1,Z1,NA,6.1,Fenced,C
2024,C,1,Z1,Heteropogon contortus,2.5,Fenced,C
2024,C,1,Z1,Brachiaria brizantha,2.4,Fenced,C
2024,C,1,Z1,NA,2.7,Fenced,C
2024,C,1,Z1,NA,2.5,Fenced,C
2024,C,1,Z1,Setaria incrassata,4.6,Fenced,C
2024,C,1,Z1,Heteropogon contortus,4.2,Fenced,C
2024,C,1,Z1,NA,4.4,Fenced,C
2024,C,1,Z1,NA,4.6,Fenced,C
2024,C,1,Z1,Heteropogon contortus,2,Fenced,C
2024,C,1,Z1,NA,2.4,Fenced,C
2024,C,1,Z1,NA,2.4,Fenced,C
2024,C,1,Z1,NA,2.3,Fenced,C
2024,C,1,Z2,Setaria incrassata,4.1,Fenced,C
2024,C,1,Z2,Heteropogon contortus,2.9,Fenced,C
2024,C,1,Z2,NA,3.3,Fenced,C
2024,C,1,Z2,NA,4.8,Fenced,C
2024,C,1,Z2,Eragrostis gummiflua,2.2,Fenced,C
2024,C,1,Z2,Heteropogon contortus,4,Fenced,C
2024,C,1,Z2,NA,2.4,Fenced,C
2024,C,1,Z2,NA,4.1,Fenced,C
2024,C,1,Z2,Sporobolus africanus,3.3,Fenced,C
2024,C,1,Z2,Aristida canescens,3.9,Fenced,C
2024,C,1,Z2,Brachiaria brizantha,3.6,Fenced,C
2024,C,1,Z2,Eragrostis gummiflua,3.5,Fenced,C
2024,C,1,Z2,Heteropogon contortus,5.3,Fenced,C
2024,C,1,Z2,Panicum maximum,5,Fenced,C
2024,C,1,Z2,NA,5,Fenced,C
2024,C,1,Z2,NA,4.7,Fenced,C
2024,C,1,Z2,Hyparrhenia filipendula,1.9,Fenced,C
2024,C,1,Z2,NA,2.1,Fenced,C
2024,C,1,Z2,NA,2.8,Fenced,C
2024,C,1,Z2,NA,2,Fenced,C
2024,C,1,Z3,Setaria incrassata,3.9,Unfenced,C
2024,C,1,Z3,Melinis repens,3.9,Unfenced,C
2024,C,1,Z3,NA,4,Unfenced,C
2024,C,1,Z3,NA,4.1,Unfenced,C
2024,C,1,Z3,Heteropogon contortus,2.2,Unfenced,C
2024,C,1,Z3,NA,3,Unfenced,C
2024,C,1,Z3,NA,2.6,Unfenced,C
2024,C,1,Z3,NA,2.8,Unfenced,C
2024,C,1,Z3,Heteropogon contortus,3.5,Unfenced,C
2024,C,1,Z3,Melinis repens,3.8,Unfenced,C
2024,C,1,Z3,NA,3.2,Unfenced,C
2024,C,1,Z3,NA,3.1,Unfenced,C
2024,C,1,Z3,Eragrostis gummiflua,4.4,Unfenced,C
2024,C,1,Z3,Panicum maximum,4.1,Unfenced,C
2024,C,1,Z3,Digitaria eriantha,3.2,Unfenced,C
2024,C,1,Z3,NA,2.1,Unfenced,C
2024,C,1,Z3,Eragrostis gummiflua,3.6,Unfenced,C
2024,C,1,Z3,Heteropogon contortus,3.1,Unfenced,C
2024,C,1,Z3,Setaria incrassata,3.1,Unfenced,C
2024,C,1,Z3,NA,3.3,Unfenced,C
2024,C,1,Z4,Heteropogon contortus,2.6,Unfenced,C
2024,C,1,Z4,Melinis repens,3.5,Unfenced,C
2024,C,1,Z4,NA,3,Unfenced,C
2024,C,1,Z4,NA,2.8,Unfenced,C
2024,C,1,Z4,Heteropogon contortus,4.9,Unfenced,C
2024,C,1,Z4,Setaria incrassata,5,Unfenced,C
2024,C,1,Z4,NA,4.4,Unfenced,C
2024,C,1,Z4,NA,4.4,Unfenced,C
2024,C,1,Z4,Heteropogon contortus,3.7,Unfenced,C
2024,C,1,Z4,Digitaria eriantha,3.7,Unfenced,C
2024,C,1,Z4,NA,3.5,Unfenced,C
2024,C,1,Z4,NA,3.4,Unfenced,C
2024,C,1,Z4,Heteropogon contortus,4.4,Unfenced,C
2024,C,1,Z4,NA,3.8,Unfenced,C
2024,C,1,Z4,NA,3.3,Unfenced,C
2024,C,1,Z4,NA,3.6,Unfenced,C
2024,C,1,Z4,Eragrostis gummiflua,2.5,Unfenced,C
2024,C,1,Z4,NA,2.3,Unfenced,C
2024,C,1,Z4,NA,2.3,Unfenced,C
2024,C,1,Z4,NA,2.2,Unfenced,C
2024,C,2,Z1,Panicum maximum,4.4,Fenced,TFB
2024,C,2,Z1,NA,3.9,Fenced,TFB
2024,C,2,Z1,NA,6.2,Fenced,TFB
2024,C,2,Z1,NA,3.5,Fenced,TFB
2024,C,2,Z1,Panicum maximum,8.1,Fenced,TFB
2024,C,2,Z1,Eragrostis superba,7.3,Fenced,TFB
2024,C,2,Z1,Heteropogon contortus,6.9,Fenced,TFB
2024,C,2,Z1,NA,6.2,Fenced,TFB
2024,C,2,Z1,Panicum maximum,4,Fenced,TFB
2024,C,2,Z1,NA,4.3,Fenced,TFB
2024,C,2,Z1,NA,4,Fenced,TFB
2024,C,2,Z1,NA,4.1,Fenced,TFB
2024,C,2,Z1,Panicum maximum,1.9,Fenced,TFB
2024,C,2,Z1,NA,2.5,Fenced,TFB
2024,C,2,Z1,NA,2.5,Fenced,TFB
2024,C,2,Z1,NA,2.6,Fenced,TFB
2024,C,2,Z1,Eragrostis rigidior,2.2,Fenced,TFB
2024,C,2,Z1,Eragrostis gummiflua,2.3,Fenced,TFB
2024,C,2,Z1,NA,2,Fenced,TFB
2024,C,2,Z1,NA,3,Fenced,TFB
2024,C,2,Z2,Panicum maximum,4.3,Unfenced,TFB
2024,C,2,Z2,NA,5,Unfenced,TFB
2024,C,2,Z2,NA,5.3,Unfenced,TFB
2024,C,2,Z2,NA,5,Unfenced,TFB
2024,C,2,Z2,Panicum maximum,4.3,Unfenced,TFB
2024,C,2,Z2,NA,5,Unfenced,TFB
2024,C,2,Z2,NA,5.3,Unfenced,TFB
2024,C,2,Z2,NA,5,Unfenced,TFB
2024,C,2,Z2,Panicum maximum,4.2,Unfenced,TFB
2024,C,2,Z2,NA,3.6,Unfenced,TFB
2024,C,2,Z2,NA,4,Unfenced,TFB
2024,C,2,Z2,NA,3.7,Unfenced,TFB
2024,C,2,Z2,NA,0,Unfenced,TFB
2024,C,2,Z2,NA,0,Unfenced,TFB
2024,C,2,Z2,NA,0,Unfenced,TFB
2024,C,2,Z2,NA,0,Unfenced,TFB
2024,C,2,Z2,Panicum maximum,6.7,Unfenced,TFB
2024,C,2,Z2,NA,6.9,Unfenced,TFB
2024,C,2,Z2,NA,6.4,Unfenced,TFB
2024,C,2,Z2,NA,6.4,Unfenced,TFB
2024,C,2,Z3,Digitaria eriantha,5.3,Fenced,TFB
2024,C,2,Z3,Heteropogon contortus,5.1,Fenced,TFB
2024,C,2,Z3,Eragrostis rigidior,6.1,Fenced,TFB
2024,C,2,Z3,NA,6.2,Fenced,TFB
2024,C,2,Z3,Eragrostis rigidior,1.7,Fenced,TFB
2024,C,2,Z3,NA,2.8,Fenced,TFB
2024,C,2,Z3,NA,2.8,Fenced,TFB
2024,C,2,Z3,NA,2.8,Fenced,TFB
2024,C,2,Z3,Panicum maximum,20.7,Fenced,TFB
2024,C,2,Z3,NA,19.4,Fenced,TFB
2024,C,2,Z3,NA,26.5,Fenced,TFB
2024,C,2,Z3,NA,24,Fenced,TFB
2024,C,2,Z3,Panicum maximum,10.3,Fenced,TFB
2024,C,2,Z3,NA,7.8,Fenced,TFB
2024,C,2,Z3,NA,6.8,Fenced,TFB
2024,C,2,Z3,NA,7.8,Fenced,TFB
2024,C,2,Z3,Eragrostis viscosa,1.9,Fenced,TFB
2024,C,2,Z3,Eragrostis gummiflua,1.8,Fenced,TFB
2024,C,2,Z3,NA,1.7,Fenced,TFB
2024,C,2,Z3,NA,2,Fenced,TFB
2024,C,2,Z4,Panicum maximum,3,Unfenced,TFB
2024,C,2,Z4,NA,3.1,Unfenced,TFB
2024,C,2,Z4,NA,2.8,Unfenced,TFB
2024,C,2,Z4,NA,3.3,Unfenced,TFB
2024,C,2,Z4,Brachiaria brizantha,8,Unfenced,TFB
2024,C,2,Z4,Eragrostis rigidior,7.2,Unfenced,TFB
2024,C,2,Z4,NA,8.4,Unfenced,TFB
2024,C,2,Z4,NA,9.1,Unfenced,TFB
2024,C,2,Z4,Panicum maximum,4.7,Unfenced,TFB
2024,C,2,Z4,NA,4.9,Unfenced,TFB
2024,C,2,Z4,NA,5.3,Unfenced,TFB
2024,C,2,Z4,NA,6.1,Unfenced,TFB
2024,C,2,Z4,Panicum maximum,3.8,Unfenced,TFB
2024,C,2,Z4,NA,4,Unfenced,TFB
2024,C,2,Z4,NA,3.9,Unfenced,TFB
2024,C,2,Z4,NA,3.3,Unfenced,TFB
2024,C,2,Z4,NA,0,Unfenced,TFB
2024,C,2,Z4,NA,0,Unfenced,TFB
2024,C,2,Z4,NA,0,Unfenced,TFB
2024,C,2,Z4,NA,0,Unfenced,TFB
2024,C,3,Z1,Heteropogon contortus,12.2,Fenced,TF
2024,C,3,Z1,Eragrostis rigidior,11.8,Fenced,TF
2024,C,3,Z1,Pogonarthria squarrosa,11.2,Fenced,TF
2024,C,3,Z1,NA,10.6,Fenced,TF
2024,C,3,Z1,Heteropogon contortus,8.8,Fenced,TF
2024,C,3,Z1,Digitaria eriantha,8.6,Fenced,TF
2024,C,3,Z1,Brachiaria brizantha,8.4,Fenced,TF
2024,C,3,Z1,NA,8.3,Fenced,TF
2024,C,3,Z1,Heteropogon contortus,4.9,Fenced,TF
2024,C,3,Z1,Panicum maximum,4.3,Fenced,TF
2024,C,3,Z1,Digitaria eriantha,4,Fenced,TF
2024,C,3,Z1,Melinis repens,5.9,Fenced,TF
2024,C,3,Z1,Heteropogon contortus,4.2,Fenced,TF
2024,C,3,Z1,NA,4,Fenced,TF
2024,C,3,Z1,NA,4.3,Fenced,TF
2024,C,3,Z1,NA,5.1,Fenced,TF
2024,C,3,Z1,Heteropogon contortus,2.2,Fenced,TF
2024,C,3,Z1,Panicum maximum,3.6,Fenced,TF
2024,C,3,Z1,NA,3.8,Fenced,TF
2024,C,3,Z1,NA,3.5,Fenced,TF
2024,C,3,Z2,Digitaria eriantha,2.4,Fenced,TF
2024,C,3,Z2,Pogonarthria squarrosa,3.2,Fenced,TF
2024,C,3,Z2,Brachiaria brizantha,3.2,Fenced,TF
2024,C,3,Z2,Setaria incrassata,3.3,Fenced,TF
2024,C,3,Z2,Digitaria eriantha,4.1,Fenced,TF
2024,C,3,Z2,Pogonarthria squarrosa,4.4,Fenced,TF
2024,C,3,Z2,Brachiaria brizantha,5.1,Fenced,TF
2024,C,3,Z2,NA,5.1,Fenced,TF
2024,C,3,Z2,Panicum maximum,12.8,Fenced,TF
2024,C,3,Z2,NA,8.3,Fenced,TF
2024,C,3,Z2,NA,7.2,Fenced,TF
2024,C,3,Z2,NA,6.6,Fenced,TF
2024,C,3,Z2,Heteropogon contortus,4.4,Fenced,TF
2024,C,3,Z2,NA,4.6,Fenced,TF
2024,C,3,Z2,NA,4,Fenced,TF
2024,C,3,Z2,NA,3.7,Fenced,TF
2024,C,3,Z2,Pogonarthria squarrosa,5.3,Fenced,TF
2024,C,3,Z2,Brachiaria brizantha,5.2,Fenced,TF
2024,C,3,Z2,Heteropogon contortus,4.4,Fenced,TF
2024,C,3,Z2,NA,4.4,Fenced,TF
2024,C,3,Z3,Pogonarthria squarrosa,2.2,Unfenced,TF
2024,C,3,Z3,Setaria incrassata,2.4,Unfenced,TF
2024,C,3,Z3,Heteropogon contortus,3.8,Unfenced,TF
2024,C,3,Z3,NA,4.7,Unfenced,TF
2024,C,3,Z3,Pogonarthria squarrosa,5.9,Unfenced,TF
2024,C,3,Z3,Heteropogon contortus,5.4,Unfenced,TF
2024,C,3,Z3,Eragrostis rigidior,4.9,Unfenced,TF
2024,C,3,Z3,NA,4.7,Unfenced,TF
2024,C,3,Z3,Pogonarthria squarrosa,2,Unfenced,TF
2024,C,3,Z3,Eragrostis rigidior,2.5,Unfenced,TF
2024,C,3,Z3,Digitaria eriantha,3.5,Unfenced,TF
2024,C,3,Z3,NA,4.9,Unfenced,TF
2024,C,3,Z3,Heteropogon contortus,3.4,Unfenced,TF
2024,C,3,Z3,Pogonarthria squarrosa,2.9,Unfenced,TF
2024,C,3,Z3,Melinis repens,3,Unfenced,TF
2024,C,3,Z3,NA,2.2,Unfenced,TF
2024,C,3,Z3,Cynodon dactylon,2.9,Unfenced,TF
2024,C,3,Z3,Hyparrhenia filipendula,2,Unfenced,TF
2024,C,3,Z3,NA,4.1,Unfenced,TF
2024,C,3,Z3,NA,2.9,Unfenced,TF
2024,C,3,Z4,Pogonarthria squarrosa,2.4,Unfenced,TF
2024,C,3,Z4,Heteropogon contortus,3.5,Unfenced,TF
2024,C,3,Z4,Hyparrhenia filipendula,4.2,Unfenced,TF
2024,C,3,Z4,NA,4,Unfenced,TF
2024,C,3,Z4,Melinis repens,4.4,Unfenced,TF
2024,C,3,Z4,Eragrostis rigidior,5.2,Unfenced,TF
2024,C,3,Z4,Digitaria eriantha,6.5,Unfenced,TF
2024,C,3,Z4,Brachiaria brizantha,5.5,Unfenced,TF
2024,C,3,Z4,Pogonarthria squarrosa,4.9,Unfenced,TF
2024,C,3,Z4,Eragrostis rigidior,6.9,Unfenced,TF
2024,C,3,Z4,Digitaria eriantha,4.9,Unfenced,TF
2024,C,3,Z4,NA,4.5,Unfenced,TF
2024,C,3,Z4,Heteropogon contortus,5.3,Unfenced,TF
2024,C,3,Z4,Digitaria eriantha,5.5,Unfenced,TF
2024,C,3,Z4,Brachiaria brizantha,5.3,Unfenced,TF
2024,C,3,Z4,NA,4.6,Unfenced,TF
2024,C,3,Z4,Eragrostis rigidior,4,Unfenced,TF
2024,C,3,Z4,Digitaria eriantha,5.5,Unfenced,TF
2024,C,3,Z4,Brachiaria brizantha,4.4,Unfenced,TF
2024,C,3,Z4,Pogonarthria squarrosa,4.1,Unfenced,TF
2024,C,4,Z1,Heteropogon contortus,3.4,Fenced,F
2024,C,4,Z1,Eragrostis rigidior,5.8,Fenced,F
2024,C,4,Z1,NA,4.8,Fenced,F
2024,C,4,Z1,NA,4.4,Fenced,F
2024,C,4,Z1,Pogonarthria squarrosa,3.2,Fenced,F
2024,C,4,Z1,Heteropogon contortus,3.8,Fenced,F
2024,C,4,Z1,Panicum maximum,3.7,Fenced,F
2024,C,4,Z1,NA,4.3,Fenced,F
2024,C,4,Z1,Eragrostis rigidior,2.7,Fenced,F
2024,C,4,Z1,Digitaria eriantha,4.8,Fenced,F
2024,C,4,Z1,NA,4.6,Fenced,F
2024,C,4,Z1,NA,4.7,Fenced,F
2024,C,4,Z1,Pogonarthria squarrosa,2.9,Fenced,F
2024,C,4,Z1,Heteropogon contortus,3.8,Fenced,F
2024,C,4,Z1,NA,3.7,Fenced,F
2024,C,4,Z1,NA,3.6,Fenced,F
2024,C,4,Z1,Heteropogon contortus,4.2,Fenced,F
2024,C,4,Z1,Panicum maximum,6.4,Fenced,F
2024,C,4,Z1,Digitaria eriantha,7.1,Fenced,F
2024,C,4,Z1,NA,6.8,Fenced,F
2024,C,4,Z2,Heteropogon contortus,3,Fenced,F
2024,C,4,Z2,Aristida congesta c,3.1,Fenced,F
2024,C,4,Z2,NA,2.9,Fenced,F
2024,C,4,Z2,NA,2.8,Fenced,F
2024,C,4,Z2,Pogonarthria squarrosa,8,Fenced,F
2024,C,4,Z2,Heteropogon contortus,7.1,Fenced,F
2024,C,4,Z2,Panicum maximum,6.6,Fenced,F
2024,C,4,Z2,Digitaria eriantha,5.8,Fenced,F
2024,C,4,Z2,Heteropogon contortus,6.6,Fenced,F
2024,C,4,Z2,Digitaria eriantha,6.2,Fenced,F
2024,C,4,Z2,Eragrostis rigidior,6.3,Fenced,F
2024,C,4,Z2,Setaria incrassata,6.5,Fenced,F
2024,C,4,Z2,Pogonarthria squarrosa,3.6,Fenced,F
2024,C,4,Z2,Heteropogon contortus,3.7,Fenced,F
2024,C,4,Z2,Panicum maximum,5.3,Fenced,F
2024,C,4,Z2,Aristida congesta b,4.5,Fenced,F
2024,C,4,Z2,Pogonarthria squarrosa,6.6,Fenced,F
2024,C,4,Z2,Heteropogon contortus,5.8,Fenced,F
2024,C,4,Z2,NA,5,Fenced,F
2024,C,4,Z2,NA,5,Fenced,F
2024,C,4,Z3,Heteropogon contortus,5.4,Unfenced,F
2024,C,4,Z3,Eragrostis gummiflua,5,Unfenced,F
2024,C,4,Z3,Digitaria eriantha,4.8,Unfenced,F
2024,C,4,Z3,Eragrostis rigidior,5,Unfenced,F
2024,C,4,Z3,Heteropogon contortus,5.4,Unfenced,F
2024,C,4,Z3,Eragrostis gummiflua,5.4,Unfenced,F
2024,C,4,Z3,Pogonarthria squarrosa,5.5,Unfenced,F
2024,C,4,Z3,Panicum maximum,5.4,Unfenced,F
2024,C,4,Z3,Heteropogon contortus,4,Unfenced,F
2024,C,4,Z3,Melinis repens,7.8,Unfenced,F
2024,C,4,Z3,Aristida adscensionis,4.7,Unfenced,F
2024,C,4,Z3,Panicum maximum,2.3,Unfenced,F
2024,C,4,Z3,Digitaria eriantha,2.7,Unfenced,F
2024,C,4,Z3,Eragrostis gummiflua,2.8,Unfenced,F
2024,C,4,Z3,NA,2.5,Unfenced,F
2024,C,4,Z3,Heteropogon contortus,6.7,Unfenced,F
2024,C,4,Z3,Panicum maximum,5.5,Unfenced,F
2024,C,4,Z3,NA,5,Unfenced,F
2024,C,4,Z3,NA,5.4,Unfenced,F
2024,C,4,Z3,NA,5.3,Unfenced,F
2024,C,4,Z4,Hyparrhenia filipendula,22,Unfenced,F
2024,C,4,Z4,Eragrostis gummiflua,19,Unfenced,F
2024,C,4,Z4,Pogonarthria squarrosa,14.3,Unfenced,F
2024,C,4,Z4,Panicum maximum,14.1,Unfenced,F
2024,C,4,Z4,Setaria incrassata,18.3,Unfenced,F
2024,C,4,Z4,Hyparrhenia filipendula,20.9,Unfenced,F
2024,C,4,Z4,NA,30,Unfenced,F
2024,C,4,Z4,NA,18.8,Unfenced,F
2024,C,4,Z4,Eragrostis gummiflua,8.7,Unfenced,F
2024,C,4,Z4,Heteropogon contortus,7.6,Unfenced,F
2024,C,4,Z4,Aristida adscensionis,5.8,Unfenced,F
2024,C,4,Z4,NA,5.4,Unfenced,F
2024,C,4,Z4,Heteropogon contortus,1.7,Unfenced,F
2024,C,4,Z4,Aristida adscensionis,1.4,Unfenced,F
2024,C,4,Z4,NA,1.6,Unfenced,F
2024,C,4,Z4,NA,2.1,Unfenced,F
2024,C,4,Z4,Aristida adscensionis,3.9,Unfenced,F
2024,C,4,Z4,Brachiaria brizantha,2.9,Unfenced,F
2024,C,4,Z4,Chloris virgata,2.9,Unfenced,F
2024,C,4,Z4,NA,3.2,Unfenced,F
2024,C,5,Z1,Eragrostis gummiflua,6.7,Fenced,THF
2024,C,5,Z1,Digitaria eriantha,6,Fenced,THF
2024,C,5,Z1,NA,5.5,Fenced,THF
2024,C,5,Z1,NA,5.1,Fenced,THF
2024,C,5,Z1,Digitaria eriantha,5,Fenced,THF
2024,C,5,Z1,Heteropogon contortus,5.3,Fenced,THF
2024,C,5,Z1,NA,5.2,Fenced,THF
2024,C,5,Z1,NA,5,Fenced,THF
2024,C,5,Z1,Pogonarthria squarrosa,4.9,Fenced,THF
2024,C,5,Z1,Heteropogon contortus,5.2,Fenced,THF
2024,C,5,Z1,Digitaria eriantha,5.2,Fenced,THF
2024,C,5,Z1,Eragrostis rigidior,4.2,Fenced,THF
2024,C,5,Z1,Pogonarthria squarrosa,9.8,Fenced,THF
2024,C,5,Z1,Digitaria eriantha,8.4,Fenced,THF
2024,C,5,Z1,NA,7.1,Fenced,THF
2024,C,5,Z1,NA,7.5,Fenced,THF
2024,C,5,Z1,Panicum maximum,12.5,Fenced,THF
2024,C,5,Z1,Melinis repens,5.5,Fenced,THF
2024,C,5,Z1,NA,8.4,Fenced,THF
2024,C,5,Z1,NA,5.9,Fenced,THF
2024,C,5,Z2,Heteropogon contortus,7.5,Fenced,THF
2024,C,5,Z2,NA,7.4,Fenced,THF
2024,C,5,Z2,NA,7.3,Fenced,THF
2024,C,5,Z2,NA,7.1,Fenced,THF
2024,C,5,Z2,Heteropogon contortus,2.3,Fenced,THF
2024,C,5,Z2,Brachiaria brizantha,1.9,Fenced,THF
2024,C,5,Z2,NA,2.3,Fenced,THF
2024,C,5,Z2,NA,2.6,Fenced,THF
2024,C,5,Z2,Pogonarthria squarrosa,5.6,Fenced,THF
2024,C,5,Z2,Perotis patens,5.3,Fenced,THF
2024,C,5,Z2,Digitaria eriantha,5.1,Fenced,THF
2024,C,5,Z2,NA,5,Fenced,THF
2024,C,5,Z2,Heteropogon contortus,5.6,Fenced,THF
2024,C,5,Z2,Pogonarthria squarrosa,6,Fenced,THF
2024,C,5,Z2,Diheteropogon amplectens,6,Fenced,THF
2024,C,5,Z2,Perotis patens,5.8,Fenced,THF
2024,C,5,Z2,Panicum maximum,6.7,Fenced,THF
2024,C,5,Z2,Digitaria eriantha,6.6,Fenced,THF
2024,C,5,Z2,NA,6.5,Fenced,THF
2024,C,5,Z2,NA,6.3,Fenced,THF
2024,C,5,Z3,Eragrostis gummiflua,3.1,Unfenced,THF
2024,C,5,Z3,Panicum maximum,3.1,Unfenced,THF
2024,C,5,Z3,Heteropogon contortus,3.1,Unfenced,THF
2024,C,5,Z3,Aristida adscensionis,2.4,Unfenced,THF
2024,C,5,Z3,Eragrostis gummiflua,5.9,Unfenced,THF
2024,C,5,Z3,Aristida adscensionis,5.5,Unfenced,THF
2024,C,5,Z3,Digitaria eriantha,5.2,Unfenced,THF
2024,C,5,Z3,Eragrostis viscosa,4.9,Unfenced,THF
2024,C,5,Z3,NA,0,Unfenced,THF
2024,C,5,Z3,NA,0,Unfenced,THF
2024,C,5,Z3,NA,0,Unfenced,THF
2024,C,5,Z3,NA,0,Unfenced,THF
2024,C,5,Z3,Panicum maximum,8.8,Unfenced,THF
2024,C,5,Z3,Digitaria eriantha,5.4,Unfenced,THF
2024,C,5,Z3,NA,4.2,Unfenced,THF
2024,C,5,Z3,NA,5.7,Unfenced,THF
2024,C,5,Z3,Panicum maximum,4.2,Unfenced,THF
2024,C,5,Z3,NA,5.3,Unfenced,THF
2024,C,5,Z3,NA,7.7,Unfenced,THF
2024,C,5,Z3,NA,7.4,Unfenced,THF
2024,C,5,Z4,Eragrostis gummiflua,3.3,Unfenced,THF
2024,C,5,Z4,Pogonarthria squarrosa,2.9,Unfenced,THF
2024,C,5,Z4,Eragrostis superba,3.5,Unfenced,THF
2024,C,5,Z4,NA,3.1,Unfenced,THF
2024,C,5,Z4,Digitaria eriantha,7.8,Unfenced,THF
2024,C,5,Z4,Heteropogon contortus,7.1,Unfenced,THF
2024,C,5,Z4,Eragrostis rigidior,6.6,Unfenced,THF
2024,C,5,Z4,NA,6.2,Unfenced,THF
2024,C,5,Z4,Eragrostis gummiflua,3.3,Unfenced,THF
2024,C,5,Z4,Digitaria eriantha,3.2,Unfenced,THF
2024,C,5,Z4,Heteropogon contortus,3.2,Unfenced,THF
2024,C,5,Z4,Brachiaria brizantha,3.1,Unfenced,THF
2024,C,5,Z4,Panicum maximum,4,Unfenced,THF
2024,C,5,Z4,NA,4.7,Unfenced,THF
2024,C,5,Z4,NA,4.6,Unfenced,THF
2024,C,5,Z4,NA,5,Unfenced,THF
2024,C,5,Z4,Heteropogon contortus,6.6,Unfenced,THF
2024,C,5,Z4,Pogonarthria squarrosa,4.8,Unfenced,THF
2024,C,5,Z4,Aristida adscensionis,3.8,Unfenced,THF
2024,C,5,Z4,Brachiaria brizantha,4,Unfenced,THF
2024,D,1,Z1,Brachiaria nigropedata,1.8,Fenced,C
2024,D,1,Z1,Eragrostis rigidior,2.9,Fenced,C
2024,D,1,Z1,Heteropogon contortus,2.9,Fenced,C
2024,D,1,Z1,NA,2.7,Fenced,C
2024,D,1,Z1,NA,0,Fenced,C
2024,D,1,Z1,NA,0,Fenced,C
2024,D,1,Z1,NA,0,Fenced,C
2024,D,1,Z1,NA,0,Fenced,C
2024,D,1,Z1,Eragrostis rigidior,6.8,Fenced,C
2024,D,1,Z1,Heteropogon contortus,6.6,Fenced,C
2024,D,1,Z1,NA,5.5,Fenced,C
2024,D,1,Z1,NA,5,Fenced,C
2024,D,1,Z1,Brachiaria nigropedata,2.6,Fenced,C
2024,D,1,Z1,Chloris virgata,2.6,Fenced,C
2024,D,1,Z1,NA,2.6,Fenced,C
2024,D,1,Z1,NA,2.6,Fenced,C
2024,D,1,Z1,Eragrostis rigidior,17.3,Fenced,C
2024,D,1,Z1,Sporobolus ioclados,12.7,Fenced,C
2024,D,1,Z1,NA,12.8,Fenced,C
2024,D,1,Z1,NA,12.3,Fenced,C
2024,D,1,Z2,Chloris virgata,7.5,Unfenced,C
2024,D,1,Z2,Aristida adscensionis,5.8,Unfenced,C
2024,D,1,Z2,NA,5.8,Unfenced,C
2024,D,1,Z2,NA,6.6,Unfenced,C
2024,D,1,Z2,Eragrostis rigidior,8,Unfenced,C
2024,D,1,Z2,Sporobolus ioclados,11.5,Unfenced,C
2024,D,1,Z2,NA,17.2,Unfenced,C
2024,D,1,Z2,NA,15.6,Unfenced,C
2024,D,1,Z2,Chloris virgata,6.2,Unfenced,C
2024,D,1,Z2,Brachiaria nigropedata,5.8,Unfenced,C
2024,D,1,Z2,NA,5.6,Unfenced,C
2024,D,1,Z2,NA,5.8,Unfenced,C
2024,D,1,Z2,Enteropogon macrostachyus,6.9,Unfenced,C
2024,D,1,Z2,Aristida adscensionis,7,Unfenced,C
2024,D,1,Z2,Digitaria eriantha,6.6,Unfenced,C
2024,D,1,Z2,NA,6.5,Unfenced,C
2024,D,1,Z2,Heteropogon contortus,3.2,Unfenced,C
2024,D,1,Z2,Themeda triandra,8.9,Unfenced,C
2024,D,1,Z2,NA,8.4,Unfenced,C
2024,D,1,Z2,NA,8.5,Unfenced,C
2024,D,1,Z3,Aristida diffusa,11.7,Fenced,C
2024,D,1,Z3,Chloris virgata,9,Fenced,C
2024,D,1,Z3,NA,11.4,Fenced,C
2024,D,1,Z3,NA,10.9,Fenced,C
2024,D,1,Z3,Aristida adscensionis,6.6,Fenced,C
2024,D,1,Z3,Panicum maximum,5.6,Fenced,C
2024,D,1,Z3,NA,5.6,Fenced,C
2024,D,1,Z3,NA,6.1,Fenced,C
2024,D,1,Z3,Heteropogon contortus,2.2,Fenced,C
2024,D,1,Z3,Aristida adscensionis,2.3,Fenced,C
2024,D,1,Z3,Digitaria eriantha,2.1,Fenced,C
2024,D,1,Z3,NA,3.3,Fenced,C
2024,D,1,Z3,NA,0,Fenced,C
2024,D,1,Z3,NA,0,Fenced,C
2024,D,1,Z3,NA,0,Fenced,C
2024,D,1,Z3,NA,0,Fenced,C
2024,D,1,Z3,Aristida diffusa,2.3,Fenced,C
2024,D,1,Z3,Aristida adscensionis,2.3,Fenced,C
2024,D,1,Z3,NA,2.3,Fenced,C
2024,D,1,Z3,NA,2.3,Fenced,C
2024,D,1,Z4,Heteropogon contortus,3,Unfenced,C
2024,D,1,Z4,Setaria pumila,3,Unfenced,C
2024,D,1,Z4,NA,3,Unfenced,C
2024,D,1,Z4,NA,3,Unfenced,C
2024,D,1,Z4,Enteropogon macrostachyus,9.9,Unfenced,C
2024,D,1,Z4,Andropogon eucomus,10.5,Unfenced,C
2024,D,1,Z4,Aristida adscensionis,11.1,Unfenced,C
2024,D,1,Z4,NA,11.6,Unfenced,C
2024,D,1,Z4,Andropogon eucomus,10,Unfenced,C
2024,D,1,Z4,Heteropogon contortus,13.2,Unfenced,C
2024,D,1,Z4,Eragrostis rigidior,11.8,Unfenced,C
2024,D,1,Z4,NA,12.4,Unfenced,C
2024,D,1,Z4,Chloris virgata,7.2,Unfenced,C
2024,D,1,Z4,NA,7.5,Unfenced,C
2024,D,1,Z4,NA,7.5,Unfenced,C
2024,D,1,Z4,NA,5.4,Unfenced,C
2024,D,1,Z4,Chloris virgata,4.6,Unfenced,C
2024,D,1,Z4,Eragrostis rigidior,4.1,Unfenced,C
2024,D,1,Z4,Brachiaria nigropedata,3.8,Unfenced,C
2024,D,1,Z4,NA,3.8,Unfenced,C
2024,D,2,Z1,Panicum maximum,3.2,Fenced,F
2024,D,2,Z1,NA,3.3,Fenced,F
2024,D,2,Z1,NA,3,Fenced,F
2024,D,2,Z1,NA,3,Fenced,F
2024,D,2,Z1,Andropogon eucomus,18.5,Fenced,F
2024,D,2,Z1,Enteropogon macrostachyus,17.5,Fenced,F
2024,D,2,Z1,NA,19.2,Fenced,F
2024,D,2,Z1,NA,15,Fenced,F
2024,D,2,Z1,Heteropogon contortus,8,Fenced,F
2024,D,2,Z1,Aristida adscensionis,6.4,Fenced,F
2024,D,2,Z1,Enteropogon macrostachyus,9.8,Fenced,F
2024,D,2,Z1,NA,10.3,Fenced,F
2024,D,2,Z1,Brachiaria nigropedata,3.4,Fenced,F
2024,D,2,Z1,Heteropogon contortus,5.5,Fenced,F
2024,D,2,Z1,Aristida adscensionis,6.1,Fenced,F
2024,D,2,Z1,Enteropogon macrostachyus,6.6,Fenced,F
2024,D,2,Z1,Eragrostis rigidior,11.7,Fenced,F
2024,D,2,Z1,Chloris virgata,6.5,Fenced,F
2024,D,2,Z1,Setaria incrassata,8.6,Fenced,F
2024,D,2,Z1,NA,8.7,Fenced,F
2024,D,2,Z2,Heteropogon contortus,5,Unfenced,F
2024,D,2,Z2,Aristida adscensionis,5.1,Unfenced,F
2024,D,2,Z2,Aristida diffusa,5.1,Unfenced,F
2024,D,2,Z2,NA,5.7,Unfenced,F
2024,D,2,Z2,Enteropogon macrostachyus,14.1,Unfenced,F
2024,D,2,Z2,Aristida adscensionis,9.2,Unfenced,F
2024,D,2,Z2,NA,9.2,Unfenced,F
2024,D,2,Z2,NA,9.2,Unfenced,F
2024,D,2,Z2,Panicum maximum,7.5,Unfenced,F
2024,D,2,Z2,Brachiaria nigropedata,9.6,Unfenced,F
2024,D,2,Z2,Eragrostis rigidior,11.4,Unfenced,F
2024,D,2,Z2,Chloris virgata,8.9,Unfenced,F
2024,D,2,Z2,Heteropogon contortus,20.4,Unfenced,F
2024,D,2,Z2,Brachiaria nigropedata,15.5,Unfenced,F
2024,D,2,Z2,NA,13.4,Unfenced,F
2024,D,2,Z2,NA,13.2,Unfenced,F
2024,D,2,Z2,Enteropogon macrostachyus,8.5,Unfenced,F
2024,D,2,Z2,Brachiaria nigropedata,8.5,Unfenced,F
2024,D,2,Z2,NA,6.6,Unfenced,F
2024,D,2,Z2,NA,6.5,Unfenced,F
2024,D,2,Z3,Heteropogon contortus,9.1,Fenced,F
2024,D,2,Z3,Andropogon eucomus,6.6,Fenced,F
2024,D,2,Z3,Aristida adscensionis,5.2,Fenced,F
2024,D,2,Z3,Eragrostis rigidior,5.2,Fenced,F
2024,D,2,Z3,Heteropogon contortus,7.2,Fenced,F
2024,D,2,Z3,Andropogon eucomus,6.8,Fenced,F
2024,D,2,Z3,Eragrostis rigidior,6.8,Fenced,F
2024,D,2,Z3,NA,20.5,Fenced,F
2024,D,2,Z3,Andropogon eucomus,11.9,Fenced,F
2024,D,2,Z3,Setaria incrassata,17.2,Fenced,F
2024,D,2,Z3,NA,13.9,Fenced,F
2024,D,2,Z3,NA,12.9,Fenced,F
2024,D,2,Z3,Heteropogon contortus,7.5,Fenced,F
2024,D,2,Z3,Enteropogon macrostachyus,6,Fenced,F
2024,D,2,Z3,NA,5.9,Fenced,F
2024,D,2,Z3,NA,7.7,Fenced,F
2024,D,2,Z3,Heteropogon contortus,2.4,Fenced,F
2024,D,2,Z3,NA,2.4,Fenced,F
2024,D,2,Z3,NA,5.9,Fenced,F
2024,D,2,Z3,NA,4.9,Fenced,F
2024,D,2,Z4,Enteropogon macrostachyus,7.1,Unfenced,F
2024,D,2,Z4,Panicum maximum,6.6,Unfenced,F
2024,D,2,Z4,Heteropogon contortus,7.3,Unfenced,F
2024,D,2,Z4,NA,8.4,Unfenced,F
2024,D,2,Z4,Andropogon eucomus,17.8,Unfenced,F
2024,D,2,Z4,Heteropogon contortus,16.8,Unfenced,F
2024,D,2,Z4,Aristida adscensionis,17.4,Unfenced,F
2024,D,2,Z4,NA,18.8,Unfenced,F
2024,D,2,Z4,Heteropogon contortus,14.8,Unfenced,F
2024,D,2,Z4,Aristida adscensionis,16.1,Unfenced,F
2024,D,2,Z4,Chloris virgata,16.9,Unfenced,F
2024,D,2,Z4,NA,16.8,Unfenced,F
2024,D,2,Z4,Panicum maximum,21.3,Unfenced,F
2024,D,2,Z4,Heteropogon contortus,18.3,Unfenced,F
2024,D,2,Z4,NA,11.9,Unfenced,F
2024,D,2,Z4,NA,12.8,Unfenced,F
2024,D,2,Z4,Heteropogon contortus,20.4,Unfenced,F
2024,D,2,Z4,Chloris virgata,17.1,Unfenced,F
2024,D,2,Z4,NA,17.9,Unfenced,F
2024,D,2,Z4,NA,16.2,Unfenced,F
2024,D,3,Z1,Heteropogon contortus,33.5,Fenced,TF
2024,D,3,Z1,Chloris virgata,33.6,Fenced,TF
2024,D,3,Z1,Sporobolus ioclados,26.4,Fenced,TF
2024,D,3,Z1,NA,24.4,Fenced,TF
2024,D,3,Z1,Aristida adscensionis,14.9,Fenced,TF
2024,D,3,Z1,NA,14.5,Fenced,TF
2024,D,3,Z1,NA,14.5,Fenced,TF
2024,D,3,Z1,NA,14.6,Fenced,TF
2024,D,3,Z1,Heteropogon contortus,8.3,Fenced,TF
2024,D,3,Z1,Setaria incrassata,7.3,Fenced,TF
2024,D,3,Z1,NA,6,Fenced,TF
2024,D,3,Z1,NA,6,Fenced,TF
2024,D,3,Z1,Heteropogon contortus,3.7,Fenced,TF
2024,D,3,Z1,Aristida adscensionis,3.6,Fenced,TF
2024,D,3,Z1,Chloris virgata,3.8,Fenced,TF
2024,D,3,Z1,Brachiaria nigropedata,3.8,Fenced,TF
2024,D,3,Z1,Enteropogon macrostachyus,5,Fenced,TF
2024,D,3,Z1,Heteropogon contortus,4.8,Fenced,TF
2024,D,3,Z1,Setaria incrassata,8.1,Fenced,TF
2024,D,3,Z1,NA,8.7,Fenced,TF
2024,D,3,Z2,Andropogon eucomus,13.1,Unfenced,TF
2024,D,3,Z2,Heteropogon contortus,14.4,Unfenced,TF
2024,D,3,Z2,NA,11.9,Unfenced,TF
2024,D,3,Z2,NA,11.5,Unfenced,TF
2024,D,3,Z2,Heteropogon contortus,30.2,Unfenced,TF
2024,D,3,Z2,Enteropogon macrostachyus,21.3,Unfenced,TF
2024,D,3,Z2,NA,21.3,Unfenced,TF
2024,D,3,Z2,NA,20.4,Unfenced,TF
2024,D,3,Z2,Panicum maximum,6.1,Unfenced,TF
2024,D,3,Z2,NA,6.1,Unfenced,TF
2024,D,3,Z2,NA,6.1,Unfenced,TF
2024,D,3,Z2,NA,6.1,Unfenced,TF
2024,D,3,Z2,Enteropogon macrostachyus,5.5,Unfenced,TF
2024,D,3,Z2,Aristida adscensionis,5.9,Unfenced,TF
2024,D,3,Z2,Heteropogon contortus,5.6,Unfenced,TF
2024,D,3,Z2,Chloris virgata,4.8,Unfenced,TF
2024,D,3,Z2,Enteropogon macrostachyus,5.8,Unfenced,TF
2024,D,3,Z2,Aristida adscensionis,8.5,Unfenced,TF
2024,D,3,Z2,Heteropogon contortus,8.7,Unfenced,TF
2024,D,3,Z2,NA,8.3,Unfenced,TF
2024,D,3,Z3,Aristida diffusa,16.5,Fenced,TF
2024,D,3,Z3,NA,16.4,Fenced,TF
2024,D,3,Z3,NA,15.6,Fenced,TF
2024,D,3,Z3,NA,15.7,Fenced,TF
2024,D,3,Z3,Aristida diffusa,17.5,Fenced,TF
2024,D,3,Z3,Heteropogon contortus,16.3,Fenced,TF
2024,D,3,Z3,Aristida adscensionis,15.7,Fenced,TF
2024,D,3,Z3,NA,15.6,Fenced,TF
2024,D,3,Z3,Andropogon eucomus,7.5,Fenced,TF
2024,D,3,Z3,Heteropogon contortus,5.5,Fenced,TF
2024,D,3,Z3,Brachiaria nigropedata,10.6,Fenced,TF
2024,D,3,Z3,Eragrostis gummiflua,9.5,Fenced,TF
2024,D,3,Z3,Enteropogon macrostachyus,11.7,Fenced,TF
2024,D,3,Z3,Setaria pumila,11,Fenced,TF
2024,D,3,Z3,NA,10.7,Fenced,TF
2024,D,3,Z3,NA,9.7,Fenced,TF
2024,D,3,Z3,NA,0,Fenced,TF
2024,D,3,Z3,NA,0,Fenced,TF
2024,D,3,Z3,NA,0,Fenced,TF
2024,D,3,Z3,NA,0,Fenced,TF
2024,D,3,Z4,Panicum maximum,7.8,Unfenced,TF
2024,D,3,Z4,Enteropogon macrostachyus,7.5,Unfenced,TF
2024,D,3,Z4,Aristida adscensionis,7.5,Unfenced,TF
2024,D,3,Z4,NA,9.1,Unfenced,TF
2024,D,3,Z4,Heteropogon contortus,1.9,Unfenced,TF
2024,D,3,Z4,Aristida adscensionis,4.4,Unfenced,TF
2024,D,3,Z4,Brachiaria nigropedata,4.8,Unfenced,TF
2024,D,3,Z4,NA,4.1,Unfenced,TF
2024,D,3,Z4,Themeda triandra,10,Unfenced,TF
2024,D,3,Z4,Heteropogon contortus,4.3,Unfenced,TF
2024,D,3,Z4,Andropogon eucomus,7.7,Unfenced,TF
2024,D,3,Z4,NA,7.7,Unfenced,TF
2024,D,3,Z4,Heteropogon contortus,8.3,Unfenced,TF
2024,D,3,Z4,Digitaria eriantha,7.6,Unfenced,TF
2024,D,3,Z4,NA,6.7,Unfenced,TF
2024,D,3,Z4,NA,7.3,Unfenced,TF
2024,D,3,Z4,NA,0,Unfenced,TF
2024,D,3,Z4,NA,0,Unfenced,TF
2024,D,3,Z4,NA,0,Unfenced,TF
2024,D,3,Z4,NA,0,Unfenced,TF
2024,D,4,Z1,Enteropogon macrostachyus,12.5,Fenced,TFB
2024,D,4,Z1,Heteropogon contortus,11.2,Fenced,TFB
2024,D,4,Z1,NA,11,Fenced,TFB
2024,D,4,Z1,NA,10,Fenced,TFB
2024,D,4,Z1,Sporobolus ioclados,2.5,Fenced,TFB
2024,D,4,Z1,Setaria incrassata,5.2,Fenced,TFB
2024,D,4,Z1,Heteropogon contortus,6.3,Fenced,TFB
2024,D,4,Z1,Brachiaria nigropedata,5.9,Fenced,TFB
2024,D,4,Z1,Enteropogon macrostachyus,2.6,Fenced,TFB
2024,D,4,Z1,Sporobolus ioclados,2.6,Fenced,TFB
2024,D,4,Z1,Heteropogon contortus,2.6,Fenced,TFB
2024,D,4,Z1,Aristida adscensionis,5.1,Fenced,TFB
2024,D,4,Z1,Enteropogon macrostachyus,2.4,Fenced,TFB
2024,D,4,Z1,Heteropogon contortus,2,Fenced,TFB
2024,D,4,Z1,NA,5.1,Fenced,TFB
2024,D,4,Z1,NA,4.2,Fenced,TFB
2024,D,4,Z1,Themeda triandra,11.9,Fenced,TFB
2024,D,4,Z1,Aristida adscensionis,11.1,Fenced,TFB
2024,D,4,Z1,Enteropogon macrostachyus,10.7,Fenced,TFB
2024,D,4,Z1,Melinis repens,10.2,Fenced,TFB
2024,D,4,Z2,Enteropogon macrostachyus,7,Unfenced,TFB
2024,D,4,Z2,Aristida adscensionis,7.5,Unfenced,TFB
2024,D,4,Z2,NA,7.7,Unfenced,TFB
2024,D,4,Z2,NA,7.8,Unfenced,TFB
2024,D,4,Z2,Enteropogon macrostachyus,3.8,Unfenced,TFB
2024,D,4,Z2,Aristida adscensionis,4.4,Unfenced,TFB
2024,D,4,Z2,Heteropogon contortus,4.2,Unfenced,TFB
2024,D,4,Z2,NA,4.6,Unfenced,TFB
2024,D,4,Z2,Enteropogon macrostachyus,8.2,Unfenced,TFB
2024,D,4,Z2,Digitaria eriantha,8.2,Unfenced,TFB
2024,D,4,Z2,Setaria incrassata,6.7,Unfenced,TFB
2024,D,4,Z2,Sporobolus ioclados,6,Unfenced,TFB
2024,D,4,Z2,Heteropogon contortus,9.5,Unfenced,TFB
2024,D,4,Z2,Aristida diffusa,8.8,Unfenced,TFB
2024,D,4,Z2,NA,8.6,Unfenced,TFB
2024,D,4,Z2,NA,8.4,Unfenced,TFB
2024,D,4,Z2,Heteropogon contortus,5.6,Unfenced,TFB
2024,D,4,Z2,Sporobolus ioclados,7,Unfenced,TFB
2024,D,4,Z2,Aristida diffusa,6.8,Unfenced,TFB
2024,D,4,Z2,Eragrostis rigidior,6.4,Unfenced,TFB
2024,D,4,Z3,Heteropogon contortus,10.5,Fenced,TFB
2024,D,4,Z3,Setaria incrassata,8.1,Fenced,TFB
2024,D,4,Z3,Andropogon eucomus,8.1,Fenced,TFB
2024,D,4,Z3,NA,7.8,Fenced,TFB
2024,D,4,Z3,Enteropogon macrostachyus,11.5,Fenced,TFB
2024,D,4,Z3,Heteropogon contortus,11.5,Fenced,TFB
2024,D,4,Z3,Andropogon eucomus,13.8,Fenced,TFB
2024,D,4,Z3,NA,14.9,Fenced,TFB
2024,D,4,Z3,Enteropogon macrostachyus,11.9,Fenced,TFB
2024,D,4,Z3,Eragrostis superba,18.5,Fenced,TFB
2024,D,4,Z3,Aristida adscensionis,17.7,Fenced,TFB
2024,D,4,Z3,NA,18.4,Fenced,TFB
2024,D,4,Z3,Heteropogon contortus,4.6,Fenced,TFB
2024,D,4,Z3,Aristida adscensionis,3.2,Fenced,TFB
2024,D,4,Z3,Pogonarthria squarrosa,3.6,Fenced,TFB
2024,D,4,Z3,NA,4,Fenced,TFB
2024,D,4,Z3,Digitaria eriantha,11.7,Fenced,TFB
2024,D,4,Z3,Enteropogon macrostachyus,12.9,Fenced,TFB
2024,D,4,Z3,Panicum maximum,13,Fenced,TFB
2024,D,4,Z3,Aristida adscensionis,14.1,Fenced,TFB
2024,D,4,Z4,Pogonarthria squarrosa,11.4,Unfenced,TFB
2024,D,4,Z4,Digitaria eriantha,10,Unfenced,TFB
2024,D,4,Z4,Heteropogon contortus,10.6,Unfenced,TFB
2024,D,4,Z4,Sporobolus ioclados,10.1,Unfenced,TFB
2024,D,4,Z4,Heteropogon contortus,23,Unfenced,TFB
2024,D,4,Z4,Eragrostis superba,28.2,Unfenced,TFB
2024,D,4,Z4,Eragrostis gummiflua,29.2,Unfenced,TFB
2024,D,4,Z4,Enteropogon macrostachyus,29,Unfenced,TFB
2024,D,4,Z4,Enteropogon macrostachyus,6.2,Unfenced,TFB
2024,D,4,Z4,Heteropogon contortus,6.2,Unfenced,TFB
2024,D,4,Z4,Sporobolus ioclados,6.2,Unfenced,TFB
2024,D,4,Z4,Brachiaria nigropedata,6,Unfenced,TFB
2024,D,4,Z4,Heteropogon contortus,6.8,Unfenced,TFB
2024,D,4,Z4,Enteropogon macrostachyus,6.6,Unfenced,TFB
2024,D,4,Z4,Sporobolus ioclados,4.9,Unfenced,TFB
2024,D,4,Z4,Aristida diffusa,5.3,Unfenced,TFB
2024,D,4,Z4,Themeda triandra,7.5,Unfenced,TFB
2024,D,4,Z4,Heteropogon contortus,7.4,Unfenced,TFB
2024,D,4,Z4,NA,8.9,Unfenced,TFB
2024,D,4,Z4,NA,9.8,Unfenced,TFB
2024,D,5,Z1,Andropogon eucomus,17.2,Fenced,THF
2024,D,5,Z1,Enteropogon macrostachyus,16.6,Fenced,THF
2024,D,5,Z1,Heteropogon contortus,16.7,Fenced,THF
2024,D,5,Z1,NA,16,Fenced,THF
2024,D,5,Z1,Aristida diffusa,10,Fenced,THF
2024,D,5,Z1,Heteropogon contortus,9.3,Fenced,THF
2024,D,5,Z1,NA,10.9,Fenced,THF
2024,D,5,Z1,NA,10.7,Fenced,THF
2024,D,5,Z1,Enteropogon macrostachyus,16,Fenced,THF
2024,D,5,Z1,Hyparrhenia hirta,15.2,Fenced,THF
2024,D,5,Z1,NA,13.4,Fenced,THF
2024,D,5,Z1,NA,17.2,Fenced,THF
2024,D,5,Z1,Enteropogon macrostachyus,9.5,Fenced,THF
2024,D,5,Z1,Heteropogon contortus,13.8,Fenced,THF
2024,D,5,Z1,NA,14.5,Fenced,THF
2024,D,5,Z1,NA,17.8,Fenced,THF
2024,D,5,Z1,Enteropogon macrostachyus,13.3,Fenced,THF
2024,D,5,Z1,Heteropogon contortus,13.9,Fenced,THF
2024,D,5,Z1,Setaria incrassata,17.1,Fenced,THF
2024,D,5,Z1,NA,17.3,Fenced,THF
2024,D,5,Z2,Heteropogon contortus,7.7,Unfenced,THF
2024,D,5,Z2,Aristida congesta b,7.6,Unfenced,THF
2024,D,5,Z2,Eragrostis rigidior,7.8,Unfenced,THF
2024,D,5,Z2,Eragrostis gummiflua,7.8,Unfenced,THF
2024,D,5,Z2,Aristida diffusa,4.5,Unfenced,THF
2024,D,5,Z2,Enteropogon macrostachyus,4.2,Unfenced,THF
2024,D,5,Z2,Heteropogon contortus,4.6,Unfenced,THF
2024,D,5,Z2,Brachiaria nigropedata,4.9,Unfenced,THF
2024,D,5,Z2,Enteropogon macrostachyus,2.9,Unfenced,THF
2024,D,5,Z2,Brachiaria nigropedata,2.7,Unfenced,THF
2024,D,5,Z2,Sporobolus ioclados,2.7,Unfenced,THF
2024,D,5,Z2,Aristida diffusa,2.7,Unfenced,THF
2024,D,5,Z2,Brachiaria nigropedata,6.5,Unfenced,THF
2024,D,5,Z2,Enteropogon macrostachyus,6.4,Unfenced,THF
2024,D,5,Z2,Aristida diffusa,7.5,Unfenced,THF
2024,D,5,Z2,Aristida adscensionis,7.9,Unfenced,THF
2024,D,5,Z2,Brachiaria nigropedata,8.2,Unfenced,THF
2024,D,5,Z2,Eragrostis rigidior,7.7,Unfenced,THF
2024,D,5,Z2,NA,7.3,Unfenced,THF
2024,D,5,Z2,NA,6,Unfenced,THF
2024,D,5,Z3,Heteropogon contortus,5.7,Fenced,THF
2024,D,5,Z3,Enteropogon macrostachyus,6.8,Fenced,THF
2024,D,5,Z3,Sporobolus ioclados,7.4,Fenced,THF
2024,D,5,Z3,Aristida adscensionis,7.7,Fenced,THF
2024,D,5,Z3,Heteropogon contortus,1.8,Fenced,THF
2024,D,5,Z3,Aristida diffusa,1.8,Fenced,THF
2024,D,5,Z3,NA,1.8,Fenced,THF
2024,D,5,Z3,NA,1.8,Fenced,THF
2024,D,5,Z3,Cymbopogon excavatus,8.1,Fenced,THF
2024,D,5,Z3,Cynodon dactylon,9.6,Fenced,THF
2024,D,5,Z3,NA,10,Fenced,THF
2024,D,5,Z3,NA,11.4,Fenced,THF
2024,D,5,Z3,Enteropogon macrostachyus,7,Fenced,THF
2024,D,5,Z3,Heteropogon contortus,9.9,Fenced,THF
2024,D,5,Z3,Hyparrhenia hirta,10.9,Fenced,THF
2024,D,5,Z3,NA,11.4,Fenced,THF
2024,D,5,Z3,Enteropogon macrostachyus,6.3,Fenced,THF
2024,D,5,Z3,Eragrostis rigidior,7.4,Fenced,THF
2024,D,5,Z3,Heteropogon contortus,8,Fenced,THF
2024,D,5,Z3,NA,8.8,Fenced,THF
2024,D,5,Z4,Sporobolus ioclados,1.5,Unfenced,THF
2024,D,5,Z4,Aristida diffusa,1.5,Unfenced,THF
2024,D,5,Z4,Cymbopogon excavatus,6,Unfenced,THF
2024,D,5,Z4,NA,6,Unfenced,THF
2024,D,5,Z4,Aristida diffusa,11,Unfenced,THF
2024,D,5,Z4,Heteropogon contortus,11.4,Unfenced,THF
2024,D,5,Z4,Panicum maximum,10.9,Unfenced,THF
2024,D,5,Z4,NA,11,Unfenced,THF
2024,D,5,Z4,Cymbopogon excavatus,11.6,Unfenced,THF
2024,D,5,Z4,NA,11.6,Unfenced,THF
2024,D,5,Z4,NA,17.8,Unfenced,THF
2024,D,5,Z4,NA,20,Unfenced,THF
2024,D,5,Z4,Enteropogon macrostachyus,14,Unfenced,THF
2024,D,5,Z4,Eragrostis gummiflua,14.6,Unfenced,THF
2024,D,5,Z4,Aristida diffusa,10.5,Unfenced,THF
2024,D,5,Z4,NA,12,Unfenced,THF
2024,D,5,Z4,Heteropogon contortus,10.3,Unfenced,THF
2024,D,5,Z4,Enteropogon macrostachyus,9.7,Unfenced,THF
2024,D,5,Z4,Eragrostis cylindriflora,9.1,Unfenced,THF
2024,D,5,Z4,NA,8.4,Unfenced,THF
2024,E,1,Z1,Heteropogon contortus,3.9,Fenced,C
2024,E,1,Z1,Aristida adscensionis,4.2,Fenced,C
2024,E,1,Z1,NA,9.5,Fenced,C
2024,E,1,Z1,NA,7.8,Fenced,C
2024,E,1,Z1,Heteropogon contortus,22,Fenced,C
2024,E,1,Z1,Brachiaria nigropedata,17,Fenced,C
2024,E,1,Z1,NA,14.3,Fenced,C
2024,E,1,Z1,NA,13.6,Fenced,C
2024,E,1,Z1,Brachiaria nigropedata,6.6,Fenced,C
2024,E,1,Z1,Heteropogon contortus,5.8,Fenced,C
2024,E,1,Z1,Eragrostis superba,6.2,Fenced,C
2024,E,1,Z1,Eragrostis gummiflua,6.2,Fenced,C
2024,E,1,Z1,Heteropogon contortus,3.2,Fenced,C
2024,E,1,Z1,Panicum maximum,3.2,Fenced,C
2024,E,1,Z1,NA,3.2,Fenced,C
2024,E,1,Z1,NA,3.2,Fenced,C
2024,E,1,Z1,Brachiaria nigropedata,2.5,Fenced,C
2024,E,1,Z1,Aristida adscensionis,3.9,Fenced,C
2024,E,1,Z1,Eragrostis gummiflua,3.6,Fenced,C
2024,E,1,Z1,Heteropogon contortus,3.9,Fenced,C
2024,E,1,Z2,Panicum maximum,10.3,Unfenced,C
2024,E,1,Z2,Eragrostis gummiflua,10.1,Unfenced,C
2024,E,1,Z2,Aristida adscensionis,9.5,Unfenced,C
2024,E,1,Z2,Pogonarthria squarrosa,9,Unfenced,C
2024,E,1,Z2,Digitaria eriantha,10.2,Unfenced,C
2024,E,1,Z2,Eragrostis rigidior,12.4,Unfenced,C
2024,E,1,Z2,NA,19.2,Unfenced,C
2024,E,1,Z2,NA,18.7,Unfenced,C
2024,E,1,Z2,Digitaria eriantha,11.2,Unfenced,C
2024,E,1,Z2,Heteropogon contortus,10.4,Unfenced,C
2024,E,1,Z2,NA,10.7,Unfenced,C
2024,E,1,Z2,NA,9.9,Unfenced,C
2024,E,1,Z2,Andropogon eucomus,8.6,Unfenced,C
2024,E,1,Z2,Aristida adscensionis,9.2,Unfenced,C
2024,E,1,Z2,Pogonarthria squarrosa,10.2,Unfenced,C
2024,E,1,Z2,NA,10.5,Unfenced,C
2024,E,1,Z2,Digitaria eriantha,2.5,Unfenced,C
2024,E,1,Z2,NA,4.1,Unfenced,C
2024,E,1,Z2,NA,4.6,Unfenced,C
2024,E,1,Z2,NA,4.8,Unfenced,C
2024,E,1,Z3,Panicum maximum,6.7,Fenced,C
2024,E,1,Z3,NA,10.6,Fenced,C
2024,E,1,Z3,NA,9.9,Fenced,C
2024,E,1,Z3,NA,9.1,Fenced,C
2024,E,1,Z3,Panicum maximum,3.2,Fenced,C
2024,E,1,Z3,Heteropogon contortus,9.7,Fenced,C
2024,E,1,Z3,Eragrostis rigidior,9,Fenced,C
2024,E,1,Z3,NA,7.6,Fenced,C
2024,E,1,Z3,Digitaria eriantha,8.9,Fenced,C
2024,E,1,Z3,Eragrostis rigidior,12.6,Fenced,C
2024,E,1,Z3,Brachiaria nigropedata,12.7,Fenced,C
2024,E,1,Z3,NA,11.1,Fenced,C
2024,E,1,Z3,Heteropogon contortus,13.5,Fenced,C
2024,E,1,Z3,Digitaria eriantha,12,Fenced,C
2024,E,1,Z3,Eragrostis gummiflua,11.1,Fenced,C
2024,E,1,Z3,Aristida adscensionis,10.7,Fenced,C
2024,E,1,Z3,Brachiaria nigropedata,2.1,Fenced,C
2024,E,1,Z3,Aristida adscensionis,5.6,Fenced,C
2024,E,1,Z3,Enteropogon macrostachyus,5.7,Fenced,C
2024,E,1,Z3,NA,0,Fenced,C
2024,E,1,Z4,Digitaria eriantha,6.2,Unfenced,C
2024,E,1,Z4,NA,4.9,Unfenced,C
2024,E,1,Z4,NA,5.1,Unfenced,C
2024,E,1,Z4,NA,8.3,Unfenced,C
2024,E,1,Z4,Digitaria eriantha,6.8,Unfenced,C
2024,E,1,Z4,Aristida adscensionis,5.7,Unfenced,C
2024,E,1,Z4,Pogonarthria squarrosa,3.9,Unfenced,C
2024,E,1,Z4,Chloris virgata,3.8,Unfenced,C
2024,E,1,Z4,Digitaria eriantha,11.9,Unfenced,C
2024,E,1,Z4,Aristida adscensionis,14.2,Unfenced,C
2024,E,1,Z4,NA,12.1,Unfenced,C
2024,E,1,Z4,NA,12,Unfenced,C
2024,E,1,Z4,Digitaria eriantha,10.9,Unfenced,C
2024,E,1,Z4,Eragrostis gummiflua,6,Unfenced,C
2024,E,1,Z4,Andropogon eucomus,12.4,Unfenced,C
2024,E,1,Z4,Eragrostis superba,11.5,Unfenced,C
2024,E,1,Z4,Digitaria eriantha,7.3,Unfenced,C
2024,E,1,Z4,Panicum maximum,17.7,Unfenced,C
2024,E,1,Z4,NA,18,Unfenced,C
2024,E,1,Z4,NA,16.5,Unfenced,C
2024,E,2,Z1,Panicum maximum,8.3,Fenced,TF
2024,E,2,Z1,NA,8.7,Fenced,TF
2024,E,2,Z1,NA,8.1,Fenced,TF
2024,E,2,Z1,NA,8.1,Fenced,TF
2024,E,2,Z1,Heteropogon contortus,4.1,Fenced,TF
2024,E,2,Z1,Enteropogon macrostachyus,3.4,Fenced,TF
2024,E,2,Z1,NA,3.4,Fenced,TF
2024,E,2,Z1,NA,5.1,Fenced,TF
2024,E,2,Z1,Urochloa mosambicensis,5.6,Fenced,TF
2024,E,2,Z1,Eragrostis gummiflua,4.6,Fenced,TF
2024,E,2,Z1,Aristida adscensionis,0,Fenced,TF
2024,E,2,Z1,NA,7.3,Fenced,TF
2024,E,2,Z1,NA,0,Fenced,TF
2024,E,2,Z1,NA,0,Fenced,TF
2024,E,2,Z1,NA,0,Fenced,TF
2024,E,2,Z1,NA,0,Fenced,TF
2024,E,2,Z1,Panicum maximum,4.7,Fenced,TF
2024,E,2,Z1,Heteropogon contortus,4.6,Fenced,TF
2024,E,2,Z1,Enteropogon macrostachyus,4.4,Fenced,TF
2024,E,2,Z1,NA,4.7,Fenced,TF
2024,E,2,Z2,Urochloa mosambicensis,11.3,Unfenced,TF
2024,E,2,Z2,Enteropogon macrostachyus,11.1,Unfenced,TF
2024,E,2,Z2,Eragrostis gummiflua,10.9,Unfenced,TF
2024,E,2,Z2,Heteropogon contortus,10.7,Unfenced,TF
2024,E,2,Z2,Enteropogon macrostachyus,11.3,Unfenced,TF
2024,E,2,Z2,Eragrostis gummiflua,12.9,Unfenced,TF
2024,E,2,Z2,Eragrostis rigidior,12.5,Unfenced,TF
2024,E,2,Z2,NA,12.7,Unfenced,TF
2024,E,2,Z2,Heteropogon contortus,10.9,Unfenced,TF
2024,E,2,Z2,Enteropogon macrostachyus,10.7,Unfenced,TF
2024,E,2,Z2,NA,11.3,Unfenced,TF
2024,E,2,Z2,NA,12.7,Unfenced,TF
2024,E,2,Z2,Enteropogon macrostachyus,12.3,Unfenced,TF
2024,E,2,Z2,Panicum maximum,11.9,Unfenced,TF
2024,E,2,Z2,Aristida adscensionis,11.4,Unfenced,TF
2024,E,2,Z2,NA,11.2,Unfenced,TF
2024,E,2,Z2,Heteropogon contortus,10.8,Unfenced,TF
2024,E,2,Z2,Urochloa mosambicensis,10.6,Unfenced,TF
2024,E,2,Z2,NA,4.6,Unfenced,TF
2024,E,2,Z2,NA,4.7,Unfenced,TF
2024,E,2,Z3,Panicum maximum,4.2,Fenced,TF
2024,E,2,Z3,Heteropogon contortus,4,Fenced,TF
2024,E,2,Z3,NA,5.8,Fenced,TF
2024,E,2,Z3,NA,5.5,Fenced,TF
2024,E,2,Z3,Heteropogon contortus,2.5,Fenced,TF
2024,E,2,Z3,Eragrostis rigidior,3.5,Fenced,TF
2024,E,2,Z3,NA,0,Fenced,TF
2024,E,2,Z3,NA,0,Fenced,TF
2024,E,2,Z3,Panicum maximum,7.6,Fenced,TF
2024,E,2,Z3,Enteropogon macrostachyus,8.3,Fenced,TF
2024,E,2,Z3,NA,7.6,Fenced,TF
2024,E,2,Z3,NA,9.2,Fenced,TF
2024,E,2,Z3,Panicum maximum,8.7,Fenced,TF
2024,E,2,Z3,NA,4,Fenced,TF
2024,E,2,Z3,NA,15.1,Fenced,TF
2024,E,2,Z3,NA,15.3,Fenced,TF
2024,E,2,Z3,Enteropogon macrostachyus,6.3,Fenced,TF
2024,E,2,Z3,Panicum maximum,6.1,Fenced,TF
2024,E,2,Z3,NA,5.7,Fenced,TF
2024,E,2,Z3,NA,6.7,Fenced,TF
2024,E,2,Z4,Enteropogon macrostachyus,10.2,Unfenced,TF
2024,E,2,Z4,Panicum maximum,11.2,Unfenced,TF
2024,E,2,Z4,NA,10.7,Unfenced,TF
2024,E,2,Z4,NA,12.6,Unfenced,TF
2024,E,2,Z4,Enteropogon macrostachyus,5.3,Unfenced,TF
2024,E,2,Z4,Panicum maximum,6.1,Unfenced,TF
2024,E,2,Z4,NA,9.3,Unfenced,TF
2024,E,2,Z4,NA,10.8,Unfenced,TF
2024,E,2,Z4,Heteropogon contortus,23.3,Unfenced,TF
2024,E,2,Z4,Panicum maximum,19,Unfenced,TF
2024,E,2,Z4,NA,16.7,Unfenced,TF
2024,E,2,Z4,NA,19.9,Unfenced,TF
2024,E,2,Z4,Pogonarthria squarrosa,17,Unfenced,TF
2024,E,2,Z4,Aristida adscensionis,15.1,Unfenced,TF
2024,E,2,Z4,Heteropogon contortus,13.7,Unfenced,TF
2024,E,2,Z4,Eragrostis rigidior,17.9,Unfenced,TF
2024,E,2,Z4,Aristida adscensionis,12,Unfenced,TF
2024,E,2,Z4,Heteropogon contortus,11.4,Unfenced,TF
2024,E,2,Z4,Eragrostis rigidior,10.9,Unfenced,TF
2024,E,2,Z4,Setaria incrassata,10.3,Unfenced,TF
2024,E,3,Z1,Heteropogon contortus,3.3,Fenced,F
2024,E,3,Z1,Urochloa mosambicensis,9.5,Fenced,F
2024,E,3,Z1,NA,10,Fenced,F
2024,E,3,Z1,NA,15.9,Fenced,F
2024,E,3,Z1,Panicum maximum,4.4,Fenced,F
2024,E,3,Z1,Aristida adscensionis,3.6,Fenced,F
2024,E,3,Z1,Heteropogon contortus,3.3,Fenced,F
2024,E,3,Z1,Eragrostis rigidior,5.2,Fenced,F
2024,E,3,Z1,Panicum maximum,11.4,Fenced,F
2024,E,3,Z1,Heteropogon contortus,9,Fenced,F
2024,E,3,Z1,NA,8.5,Fenced,F
2024,E,3,Z1,NA,8.5,Fenced,F
2024,E,3,Z1,Panicum maximum,6.7,Fenced,F
2024,E,3,Z1,Digitaria eriantha,8.5,Fenced,F
2024,E,3,Z1,NA,9.4,Fenced,F
2024,E,3,Z1,NA,7,Fenced,F
2024,E,3,Z1,Urochloa mosambicensis,3,Fenced,F
2024,E,3,Z1,Aristida adscensionis,4.2,Fenced,F
2024,E,3,Z1,Heteropogon contortus,4.2,Fenced,F
2024,E,3,Z1,Cymbopogon excavatus,4.6,Fenced,F
2024,E,3,Z2,Urochloa mosambicensis,2,Unfenced,F
2024,E,3,Z2,NA,2,Unfenced,F
2024,E,3,Z2,NA,2,Unfenced,F
2024,E,3,Z2,NA,2,Unfenced,F
2024,E,3,Z2,Aristida diffusa,9.7,Unfenced,F
2024,E,3,Z2,Panicum maximum,8.9,Unfenced,F
2024,E,3,Z2,Aristida adscensionis,8.4,Unfenced,F
2024,E,3,Z2,Eragrostis rigidior,7.8,Unfenced,F
2024,E,3,Z2,Panicum maximum,11.5,Unfenced,F
2024,E,3,Z2,NA,11.9,Unfenced,F
2024,E,3,Z2,NA,11.5,Unfenced,F
2024,E,3,Z2,NA,11.2,Unfenced,F
2024,E,3,Z2,Panicum maximum,24.4,Unfenced,F
2024,E,3,Z2,Enteropogon macrostachyus,15,Unfenced,F
2024,E,3,Z2,NA,12,Unfenced,F
2024,E,3,Z2,NA,14.6,Unfenced,F
2024,E,3,Z2,Panicum maximum,5.8,Unfenced,F
2024,E,3,Z2,NA,3.7,Unfenced,F
2024,E,3,Z2,NA,5.6,Unfenced,F
2024,E,3,Z2,NA,5.5,Unfenced,F
2024,E,3,Z3,Eragrostis rigidior,3,Fenced,F
2024,E,3,Z3,Heteropogon contortus,4.4,Fenced,F
2024,E,3,Z3,Cymbopogon excavatus,9.6,Fenced,F
2024,E,3,Z3,NA,10.4,Fenced,F
2024,E,3,Z3,Heteropogon contortus,12,Fenced,F
2024,E,3,Z3,Urochloa mosambicensis,12.1,Fenced,F
2024,E,3,Z3,Panicum maximum,12.7,Fenced,F
2024,E,3,Z3,NA,10.5,Fenced,F
2024,E,3,Z3,Eragrostis rigidior,0,Fenced,F
2024,E,3,Z3,Heteropogon contortus,1.7,Fenced,F
2024,E,3,Z3,Panicum maximum,1.8,Fenced,F
2024,E,3,Z3,Eragrostis superba,5.2,Fenced,F
2024,E,3,Z3,Eragrostis rigidior,6.5,Fenced,F
2024,E,3,Z3,Heteropogon contortus,4.3,Fenced,F
2024,E,3,Z3,Eragrostis gummiflua,7.1,Fenced,F
2024,E,3,Z3,Aristida adscensionis,8.3,Fenced,F
2024,E,3,Z3,Heteropogon contortus,5.3,Fenced,F
2024,E,3,Z3,Eragrostis gummiflua,4.6,Fenced,F
2024,E,3,Z3,NA,4.1,Fenced,F
2024,E,3,Z3,NA,4.5,Fenced,F
2024,E,3,Z4,Cymbopogon excavatus,4.5,Unfenced,F
2024,E,3,Z4,Heteropogon contortus,4.5,Unfenced,F
2024,E,3,Z4,Urochloa mosambicensis,9.9,Unfenced,F
2024,E,3,Z4,NA,12.9,Unfenced,F
2024,E,3,Z4,Panicum maximum,11.7,Unfenced,F
2024,E,3,Z4,NA,10.8,Unfenced,F
2024,E,3,Z4,NA,8.4,Unfenced,F
2024,E,3,Z4,NA,9.9,Unfenced,F
2024,E,3,Z4,Heteropogon contortus,18.2,Unfenced,F
2024,E,3,Z4,NA,22.3,Unfenced,F
2024,E,3,Z4,NA,17.6,Unfenced,F
2024,E,3,Z4,NA,17.5,Unfenced,F
2024,E,3,Z4,Panicum maximum,4.3,Unfenced,F
2024,E,3,Z4,Eragrostis rigidior,4.5,Unfenced,F
2024,E,3,Z4,Eragrostis gummiflua,6.8,Unfenced,F
2024,E,3,Z4,NA,6.2,Unfenced,F
2024,E,3,Z4,Panicum maximum,8.5,Unfenced,F
2024,E,3,Z4,Eragrostis rigidior,8.3,Unfenced,F
2024,E,3,Z4,NA,7.4,Unfenced,F
2024,E,3,Z4,NA,7.9,Unfenced,F
2024,E,4,Z1,Heteropogon contortus,5.4,Fenced,TFB
2024,E,4,Z1,NA,6.1,Fenced,TFB
2024,E,4,Z1,NA,6.7,Fenced,TFB
2024,E,4,Z1,NA,6.6,Fenced,TFB
2024,E,4,Z1,Panicum maximum,7,Fenced,TFB
2024,E,4,Z1,NA,7.6,Fenced,TFB
2024,E,4,Z1,NA,5.7,Fenced,TFB
2024,E,4,Z1,NA,5.6,Fenced,TFB
2024,E,4,Z1,Digitaria eriantha,2.7,Fenced,TFB
2024,E,4,Z1,Heteropogon contortus,2.6,Fenced,TFB
2024,E,4,Z1,Eragrostis gummiflua,2.6,Fenced,TFB
2024,E,4,Z1,Aristida adscensionis,2.6,Fenced,TFB
2024,E,4,Z1,Heteropogon contortus,8.3,Fenced,TFB
2024,E,4,Z1,NA,8.1,Fenced,TFB
2024,E,4,Z1,NA,8,Fenced,TFB
2024,E,4,Z1,NA,7.7,Fenced,TFB
2024,E,4,Z1,Enteropogon macrostachyus,13.3,Fenced,TFB
2024,E,4,Z1,NA,15.4,Fenced,TFB
2024,E,4,Z1,NA,13.9,Fenced,TFB
2024,E,4,Z1,NA,13.6,Fenced,TFB
2024,E,4,Z2,Heteropogon contortus,5.2,Unfenced,TFB
2024,E,4,Z2,Aristida adscensionis,14.8,Unfenced,TFB
2024,E,4,Z2,NA,14.6,Unfenced,TFB
2024,E,4,Z2,NA,14.4,Unfenced,TFB
2024,E,4,Z2,Heteropogon contortus,3,Unfenced,TFB
2024,E,4,Z2,Eragrostis gummiflua,3.6,Unfenced,TFB
2024,E,4,Z2,Aristida adscensionis,3.8,Unfenced,TFB
2024,E,4,Z2,Eragrostis rigidior,5.6,Unfenced,TFB
2024,E,4,Z2,Heteropogon contortus,8.1,Unfenced,TFB
2024,E,4,Z2,NA,6.5,Unfenced,TFB
2024,E,4,Z2,NA,6.3,Unfenced,TFB
2024,E,4,Z2,NA,6.1,Unfenced,TFB
2024,E,4,Z2,Heteropogon contortus,6.5,Unfenced,TFB
2024,E,4,Z2,NA,6.6,Unfenced,TFB
2024,E,4,Z2,NA,9.4,Unfenced,TFB
2024,E,4,Z2,NA,10.3,Unfenced,TFB
2024,E,4,Z2,Heteropogon contortus,10.4,Unfenced,TFB
2024,E,4,Z2,Cymbopogon excavatus,7.4,Unfenced,TFB
2024,E,4,Z2,NA,7.6,Unfenced,TFB
2024,E,4,Z2,NA,6.8,Unfenced,TFB
2024,E,4,Z3,Panicum maximum,9.8,Fenced,TFB
2024,E,4,Z3,NA,11.7,Fenced,TFB
2024,E,4,Z3,NA,11.3,Fenced,TFB
2024,E,4,Z3,NA,12.3,Fenced,TFB
2024,E,4,Z3,Pogonarthria squarrosa,13.2,Fenced,TFB
2024,E,4,Z3,Panicum maximum,5.6,Fenced,TFB
2024,E,4,Z3,Aristida adscensionis,2.8,Fenced,TFB
2024,E,4,Z3,NA,5,Fenced,TFB
2024,E,4,Z3,Heteropogon contortus,20.3,Fenced,TFB
2024,E,4,Z3,NA,16,Fenced,TFB
2024,E,4,Z3,NA,16.9,Fenced,TFB
2024,E,4,Z3,NA,14.9,Fenced,TFB
2024,E,4,Z3,Heteropogon contortus,7.1,Fenced,TFB
2024,E,4,Z3,Eragrostis gummiflua,6.9,Fenced,TFB
2024,E,4,Z3,Eragrostis rigidior,7.1,Fenced,TFB
2024,E,4,Z3,NA,7.2,Fenced,TFB
2024,E,4,Z3,Panicum maximum,6.6,Fenced,TFB
2024,E,4,Z3,NA,3.5,Fenced,TFB
2024,E,4,Z3,NA,6.3,Fenced,TFB
2024,E,4,Z3,NA,12.9,Fenced,TFB
2024,E,4,Z4,Heteropogon contortus,8.1,Unfenced,TFB
2024,E,4,Z4,Enteropogon macrostachyus,7.5,Unfenced,TFB
2024,E,4,Z4,Urochloa mosambicensis,6.8,Unfenced,TFB
2024,E,4,Z4,NA,6.3,Unfenced,TFB
2024,E,4,Z4,Eragrostis rigidior,3.1,Unfenced,TFB
2024,E,4,Z4,NA,2.4,Unfenced,TFB
2024,E,4,Z4,NA,0,Unfenced,TFB
2024,E,4,Z4,NA,0,Unfenced,TFB
2024,E,4,Z4,Panicum maximum,6.1,Unfenced,TFB
2024,E,4,Z4,Heteropogon contortus,5.3,Unfenced,TFB
2024,E,4,Z4,Eragrostis rigidior,7.3,Unfenced,TFB
2024,E,4,Z4,NA,10.2,Unfenced,TFB
2024,E,4,Z4,Heteropogon contortus,13.5,Unfenced,TFB
2024,E,4,Z4,NA,15.7,Unfenced,TFB
2024,E,4,Z4,NA,18.8,Unfenced,TFB
2024,E,4,Z4,NA,19,Unfenced,TFB
2024,E,4,Z4,Enteropogon macrostachyus,7,Unfenced,TFB
2024,E,4,Z4,Urochloa mosambicensis,5.3,Unfenced,TFB
2024,E,4,Z4,Heteropogon contortus,5.5,Unfenced,TFB
2024,E,4,Z4,NA,6,Unfenced,TFB
2024,E,5,Z1,Eragrostis rigidior,5.8,Fenced,THF
2024,E,5,Z1,Brachiaria nigropedata,5.8,Fenced,THF
2024,E,5,Z1,Heteropogon contortus,9.8,Fenced,THF
2024,E,5,Z1,Enteropogon macrostachyus,8.5,Fenced,THF
2024,E,5,Z1,Digitaria eriantha,15.3,Fenced,THF
2024,E,5,Z1,Panicum maximum,15.8,Fenced,THF
2024,E,5,Z1,Heteropogon contortus,13.8,Fenced,THF
2024,E,5,Z1,Eragrostis gummiflua,14.5,Fenced,THF
2024,E,5,Z1,Enteropogon macrostachyus,8.7,Fenced,THF
2024,E,5,Z1,Panicum maximum,11.4,Fenced,THF
2024,E,5,Z1,NA,13.4,Fenced,THF
2024,E,5,Z1,NA,11.4,Fenced,THF
2024,E,5,Z1,Aristida adscensionis,8.7,Fenced,THF
2024,E,5,Z1,Heteropogon contortus,8.5,Fenced,THF
2024,E,5,Z1,Cymbopogon excavatus,8.5,Fenced,THF
2024,E,5,Z1,NA,8.3,Fenced,THF
2024,E,5,Z1,Heteropogon contortus,10,Fenced,THF
2024,E,5,Z1,Eragrostis rigidior,10.6,Fenced,THF
2024,E,5,Z1,NA,10.4,Fenced,THF
2024,E,5,Z1,NA,10.5,Fenced,THF
2024,E,5,Z2,Panicum maximum,8.9,Unfenced,THF
2024,E,5,Z2,NA,9.1,Unfenced,THF
2024,E,5,Z2,NA,9.7,Unfenced,THF
2024,E,5,Z2,NA,10.3,Unfenced,THF
2024,E,5,Z2,Panicum maximum,10.8,Unfenced,THF
2024,E,5,Z2,Enteropogon macrostachyus,10.8,Unfenced,THF
2024,E,5,Z2,Heteropogon contortus,8.9,Unfenced,THF
2024,E,5,Z2,NA,7.7,Unfenced,THF
2024,E,5,Z2,Brachiaria nigropedata,12.2,Unfenced,THF
2024,E,5,Z2,Heteropogon contortus,11.3,Unfenced,THF
2024,E,5,Z2,Digitaria eriantha,10.5,Unfenced,THF
2024,E,5,Z2,NA,10.5,Unfenced,THF
2024,E,5,Z2,Eragrostis rigidior,12.9,Unfenced,THF
2024,E,5,Z2,Heteropogon contortus,15,Unfenced,THF
2024,E,5,Z2,Pogonarthria squarrosa,14.3,Unfenced,THF
2024,E,5,Z2,Aristida adscensionis,5.6,Unfenced,THF
2024,E,5,Z2,Enteropogon macrostachyus,10.7,Unfenced,THF
2024,E,5,Z2,Heteropogon contortus,10.6,Unfenced,THF
2024,E,5,Z2,Aristida adscensionis,10.4,Unfenced,THF
2024,E,5,Z2,NA,10.1,Unfenced,THF
2024,E,5,Z3,Aristida adscensionis,10.6,Fenced,THF
2024,E,5,Z3,Digitaria eriantha,10.2,Fenced,THF
2024,E,5,Z3,Eragrostis gummiflua,10.5,Fenced,THF
2024,E,5,Z3,NA,10.4,Fenced,THF
2024,E,5,Z3,Eragrostis gummiflua,5.1,Fenced,THF
2024,E,5,Z3,Eragrostis rigidior,13.2,Fenced,THF
2024,E,5,Z3,Heteropogon contortus,11.4,Fenced,THF
2024,E,5,Z3,Digitaria eriantha,19.9,Fenced,THF
2024,E,5,Z3,Heteropogon contortus,6.8,Fenced,THF
2024,E,5,Z3,Digitaria eriantha,8.1,Fenced,THF
2024,E,5,Z3,Panicum maximum,8.1,Fenced,THF
2024,E,5,Z3,NA,8.8,Fenced,THF
2024,E,5,Z3,Aristida adscensionis,6.3,Fenced,THF
2024,E,5,Z3,Eragrostis gummiflua,6,Fenced,THF
2024,E,5,Z3,Eragrostis rigidior,8.3,Fenced,THF
2024,E,5,Z3,Heteropogon contortus,7.2,Fenced,THF
2024,E,5,Z3,Aristida adscensionis,2.8,Fenced,THF
2024,E,5,Z3,Heteropogon contortus,2.8,Fenced,THF
2024,E,5,Z3,NA,2.8,Fenced,THF
2024,E,5,Z3,NA,2.8,Fenced,THF
2024,E,5,Z4,Heteropogon contortus,13.2,Unfenced,THF
2024,E,5,Z4,Enteropogon macrostachyus,12,Unfenced,THF
2024,E,5,Z4,NA,11.4,Unfenced,THF
2024,E,5,Z4,NA,11.6,Unfenced,THF
2024,E,5,Z4,Pogonarthria squarrosa,8.3,Unfenced,THF
2024,E,5,Z4,Brachiaria nigropedata,8.4,Unfenced,THF
2024,E,5,Z4,NA,9.1,Unfenced,THF
2024,E,5,Z4,NA,10,Unfenced,THF
2024,E,5,Z4,Brachiaria nigropedata,13.2,Unfenced,THF
2024,E,5,Z4,Digitaria eriantha,12.7,Unfenced,THF
2024,E,5,Z4,Panicum maximum,12.2,Unfenced,THF
2024,E,5,Z4,NA,12.3,Unfenced,THF
2024,E,5,Z4,Enteropogon macrostachyus,11.6,Unfenced,THF
2024,E,5,Z4,Digitaria eriantha,12.2,Unfenced,THF
2024,E,5,Z4,Sporobolus africanus,12.3,Unfenced,THF
2024,E,5,Z4,NA,13.1,Unfenced,THF
2024,E,5,Z4,Enteropogon macrostachyus,5.1,Unfenced,THF
2024,E,5,Z4,Aristida adscensionis,12.8,Unfenced,THF
2024,E,5,Z4,Sporobolus ioclados,12.5,Unfenced,THF
2024,E,5,Z4,NA,12.1,Unfenced,THF
2024,F,1,Z1,Heteropogon contortus,4,Fenced,C
2024,F,1,Z1,Eragrostis rigidior,5.6,Fenced,C
2024,F,1,Z1,NA,3.8,Fenced,C
2024,F,1,Z1,NA,13.6,Fenced,C
2024,F,1,Z1,Heteropogon contortus,3.4,Fenced,C
2024,F,1,Z1,Eragrostis rigidior,20.7,Fenced,C
2024,F,1,Z1,Eragrostis gummiflua,7.8,Fenced,C
2024,F,1,Z1,NA,3.6,Fenced,C
2024,F,1,Z1,Aristida congesta c,3.5,Fenced,C
2024,F,1,Z1,Heteropogon contortus,4.7,Fenced,C
2024,F,1,Z1,Eragrostis rigidior,4.8,Fenced,C
2024,F,1,Z1,Eragrostis gummiflua,5.2,Fenced,C
2024,F,1,Z1,Aristida adscensionis,9,Fenced,C
2024,F,1,Z1,Eragrostis rigidior,12.7,Fenced,C
2024,F,1,Z1,Eragrostis gummiflua,12.8,Fenced,C
2024,F,1,Z1,Eragrostis superba,12.7,Fenced,C
2024,F,1,Z1,Eragrostis rigidior,5.5,Fenced,C
2024,F,1,Z1,Eragrostis gummiflua,5.9,Fenced,C
2024,F,1,Z1,Eragrostis superba,7.9,Fenced,C
2024,F,1,Z1,NA,7.5,Fenced,C
2024,F,1,Z2,Heteropogon contortus,4.9,Fenced,C
2024,F,1,Z2,Eragrostis rigidior,7.8,Fenced,C
2024,F,1,Z2,Eragrostis gummiflua,7.5,Fenced,C
2024,F,1,Z2,Digitaria eriantha,13.3,Fenced,C
2024,F,1,Z2,Heteropogon contortus,19.7,Fenced,C
2024,F,1,Z2,Eragrostis rigidior,10.5,Fenced,C
2024,F,1,Z2,Eragrostis gummiflua,20,Fenced,C
2024,F,1,Z2,Panicum maximum,22.5,Fenced,C
2024,F,1,Z2,Digitaria eriantha,9.8,Fenced,C
2024,F,1,Z2,Digitaria eriantha,8.7,Fenced,C
2024,F,1,Z2,Heteropogon contortus,8.9,Fenced,C
2024,F,1,Z2,NA,8.2,Fenced,C
2024,F,1,Z2,Heteropogon contortus,8.6,Fenced,C
2024,F,1,Z2,Eragrostis rigidior,8.6,Fenced,C
2024,F,1,Z2,Eragrostis superba,8.3,Fenced,C
2024,F,1,Z2,Panicum maximum,7.7,Fenced,C
2024,F,1,Z2,Eragrostis rigidior,15.3,Fenced,C
2024,F,1,Z2,Eragrostis gummiflua,14.7,Fenced,C
2024,F,1,Z2,NA,13.6,Fenced,C
2024,F,1,Z2,NA,13.8,Fenced,C
2024,F,1,Z3,Heteropogon contortus,5.4,Unfenced,C
2024,F,1,Z3,Eragrostis rigidior,5.1,Unfenced,C
2024,F,1,Z3,Eragrostis gummiflua,4.6,Unfenced,C
2024,F,1,Z3,Loudetia simplex,12.8,Unfenced,C
2024,F,1,Z3,Eragrostis gummiflua,3.4,Unfenced,C
2024,F,1,Z3,Aristida canescens,4.8,Unfenced,C
2024,F,1,Z3,NA,5.4,Unfenced,C
2024,F,1,Z3,NA,7.8,Unfenced,C
2024,F,1,Z3,Eragrostis gummiflua,2.2,Unfenced,C
2024,F,1,Z3,NA,2.1,Unfenced,C
2024,F,1,Z3,NA,2,Unfenced,C
2024,F,1,Z3,NA,2.4,Unfenced,C
2024,F,1,Z3,Digitaria eriantha,2.4,Unfenced,C
2024,F,1,Z3,Brachiaria brizantha,4,Unfenced,C
2024,F,1,Z3,Eragrostis rigidior,4.5,Unfenced,C
2024,F,1,Z3,Heteropogon contortus,4.5,Unfenced,C
2024,F,1,Z3,Eragrostis rigidior,3.4,Unfenced,C
2024,F,1,Z3,Eragrostis gummiflua,4.3,Unfenced,C
2024,F,1,Z3,NA,4.8,Unfenced,C
2024,F,1,Z3,NA,5,Unfenced,C
2024,F,1,Z4,Eragrostis gummiflua,1.6,Unfenced,C
2024,F,1,Z4,Digitaria eriantha,3.3,Unfenced,C
2024,F,1,Z4,Heteropogon contortus,3.7,Unfenced,C
2024,F,1,Z4,NA,4.4,Unfenced,C
2024,F,1,Z4,Eragrostis gummiflua,4.6,Unfenced,C
2024,F,1,Z4,Eragrostis rigidior,4.7,Unfenced,C
2024,F,1,Z4,Heteropogon contortus,5.1,Unfenced,C
2024,F,1,Z4,Aristida congesta c,5.2,Unfenced,C
2024,F,1,Z4,Eragrostis gummiflua,8.7,Unfenced,C
2024,F,1,Z4,Aristida diffusa,6.6,Unfenced,C
2024,F,1,Z4,NA,4.8,Unfenced,C
2024,F,1,Z4,NA,5.1,Unfenced,C
2024,F,1,Z4,Aristida congesta b,7.7,Unfenced,C
2024,F,1,Z4,Heteropogon contortus,6.6,Unfenced,C
2024,F,1,Z4,Eragrostis rigidior,7.9,Unfenced,C
2024,F,1,Z4,Eragrostis gummiflua,7.8,Unfenced,C
2024,F,1,Z4,Eragrostis gummiflua,3.6,Unfenced,C
2024,F,1,Z4,Urochloa panicoides,3.5,Unfenced,C
2024,F,1,Z4,Aristida diffusa,3.6,Unfenced,C
2024,F,1,Z4,NA,3.6,Unfenced,C
2024,F,2,Z1,Aristida congesta b,5.3,Fenced,F
2024,F,2,Z1,Heteropogon contortus,5.1,Fenced,F
2024,F,2,Z1,Eragrostis rigidior,5,Fenced,F
2024,F,2,Z1,Digitaria eriantha,4.8,Fenced,F
2024,F,2,Z1,Panicum maximum,5.6,Fenced,F
2024,F,2,Z1,NA,5.6,Fenced,F
2024,F,2,Z1,NA,5.6,Fenced,F
2024,F,2,Z1,NA,5.7,Fenced,F
2024,F,2,Z1,Cynodon dactylon,8.4,Fenced,F
2024,F,2,Z1,Aristida congesta c,5.6,Fenced,F
2024,F,2,Z1,Eragrostis rigidior,6.4,Fenced,F
2024,F,2,Z1,NA,5.1,Fenced,F
2024,F,2,Z1,Cynodon dactylon,9.7,Fenced,F
2024,F,2,Z1,Aristida congesta c,13.2,Fenced,F
2024,F,2,Z1,Digitaria eriantha,19.7,Fenced,F
2024,F,2,Z1,NA,22.1,Fenced,F
2024,F,2,Z1,Panicum maximum,13.1,Fenced,F
2024,F,2,Z1,Eragrostis rigidior,7,Fenced,F
2024,F,2,Z1,NA,6.5,Fenced,F
2024,F,2,Z1,NA,7.4,Fenced,F
2024,F,2,Z2,Eragrostis rigidior,6.9,Fenced,F
2024,F,2,Z2,Digitaria eriantha,6.3,Fenced,F
2024,F,2,Z2,NA,6.7,Fenced,F
2024,F,2,Z2,NA,6.4,Fenced,F
2024,F,2,Z2,Digitaria eriantha,4.7,Fenced,F
2024,F,2,Z2,Eragrostis rigidior,4.2,Fenced,F
2024,F,2,Z2,Eragrostis gummiflua,5.9,Fenced,F
2024,F,2,Z2,NA,4.6,Fenced,F
2024,F,2,Z2,Eragrostis rigidior,7.4,Fenced,F
2024,F,2,Z2,Digitaria eriantha,7,Fenced,F
2024,F,2,Z2,Eragrostis gummiflua,11.8,Fenced,F
2024,F,2,Z2,Pogonarthria squarrosa,8.9,Fenced,F
2024,F,2,Z2,Eragrostis gummiflua,1.9,Fenced,F
2024,F,2,Z2,Digitaria eriantha,3.5,Fenced,F
2024,F,2,Z2,Cynodon dactylon,4,Fenced,F
2024,F,2,Z2,NA,3.8,Fenced,F
2024,F,2,Z2,Eragrostis gummiflua,3.9,Fenced,F
2024,F,2,Z2,Eragrostis rigidior,5.1,Fenced,F
2024,F,2,Z2,Urochloa panicoides,6.7,Fenced,F
2024,F,2,Z2,NA,8.9,Fenced,F
2024,F,2,Z3,Digitaria eriantha,2.7,Unfenced,F
2024,F,2,Z3,Cynodon dactylon,2.3,Unfenced,F
2024,F,2,Z3,Perotis patens,2.4,Unfenced,F
2024,F,2,Z3,NA,2.4,Unfenced,F
2024,F,2,Z3,NA,0,Unfenced,F
2024,F,2,Z3,NA,0,Unfenced,F
2024,F,2,Z3,NA,0,Unfenced,F
2024,F,2,Z3,NA,0,Unfenced,F
2024,F,2,Z3,Digitaria eriantha,17,Unfenced,F
2024,F,2,Z3,Cynodon dactylon,13.7,Unfenced,F
2024,F,2,Z3,Eragrostis rigidior,11.9,Unfenced,F
2024,F,2,Z3,NA,11.9,Unfenced,F
2024,F,2,Z3,Digitaria eriantha,5.2,Unfenced,F
2024,F,2,Z3,Eragrostis rigidior,5.5,Unfenced,F
2024,F,2,Z3,NA,6.1,Unfenced,F
2024,F,2,Z3,NA,6.9,Unfenced,F
2024,F,2,Z3,Aristida canescens,4.6,Unfenced,F
2024,F,2,Z3,Digitaria eriantha,4,Unfenced,F
2024,F,2,Z3,Setaria incrassata,3.9,Unfenced,F
2024,F,2,Z3,NA,4.5,Unfenced,F
2024,F,2,Z4,Digitaria eriantha,12.4,Unfenced,F
2024,F,2,Z4,Cynodon dactylon,11.8,Unfenced,F
2024,F,2,Z4,Eragrostis rigidior,12,Unfenced,F
2024,F,2,Z4,NA,12,Unfenced,F
2024,F,2,Z4,Heteropogon contortus,5.6,Unfenced,F
2024,F,2,Z4,Cynodon dactylon,6.4,Unfenced,F
2024,F,2,Z4,Eragrostis rigidior,6.7,Unfenced,F
2024,F,2,Z4,Aristida canescens,6.8,Unfenced,F
2024,F,2,Z4,Enteropogon macrostachyus,6.6,Unfenced,F
2024,F,2,Z4,Panicum maximum,6.9,Unfenced,F
2024,F,2,Z4,NA,8.5,Unfenced,F
2024,F,2,Z4,NA,8.3,Unfenced,F
2024,F,2,Z4,Heteropogon contortus,13.7,Unfenced,F
2024,F,2,Z4,Cynodon dactylon,13.9,Unfenced,F
2024,F,2,Z4,Eragrostis rigidior,14.5,Unfenced,F
2024,F,2,Z4,Aristida canescens,13.9,Unfenced,F
2024,F,2,Z4,Digitaria eriantha,13.1,Unfenced,F
2024,F,2,Z4,Cynodon dactylon,12.9,Unfenced,F
2024,F,2,Z4,Eragrostis rigidior,12.6,Unfenced,F
2024,F,2,Z4,NA,12.1,Unfenced,F
2024,F,3,Z1,Digitaria eriantha,2.7,Fenced,TF
2024,F,3,Z1,Cynodon dactylon,2.3,Fenced,TF
2024,F,3,Z1,Perotis patens,2.4,Fenced,TF
2024,F,3,Z1,NA,2.4,Fenced,TF
2024,F,3,Z1,NA,0,Fenced,TF
2024,F,3,Z1,NA,0,Fenced,TF
2024,F,3,Z1,NA,0,Fenced,TF
2024,F,3,Z1,NA,0,Fenced,TF
2024,F,3,Z1,Digitaria eriantha,17,Fenced,TF
2024,F,3,Z1,Cynodon dactylon,13.7,Fenced,TF
2024,F,3,Z1,Eragrostis rigidior,11.9,Fenced,TF
2024,F,3,Z1,NA,11.9,Fenced,TF
2024,F,3,Z1,Digitaria eriantha,5.2,Fenced,TF
2024,F,3,Z1,Eragrostis rigidior,5.5,Fenced,TF
2024,F,3,Z1,NA,6.1,Fenced,TF
2024,F,3,Z1,NA,6.9,Fenced,TF
2024,F,3,Z1,Aristida canescens,4.6,Fenced,TF
2024,F,3,Z1,Digitaria eriantha,4,Fenced,TF
2024,F,3,Z1,Setaria incrassata,3.9,Fenced,TF
2024,F,3,Z1,NA,4.5,Fenced,TF
2024,F,3,Z2,Eragrostis rigidior,9.1,Fenced,TF
2024,F,3,Z2,NA,7,Fenced,TF
2024,F,3,Z2,NA,9,Fenced,TF
2024,F,3,Z2,NA,8,Fenced,TF
2024,F,3,Z2,Eragrostis rigidior,2.6,Fenced,TF
2024,F,3,Z2,NA,1.9,Fenced,TF
2024,F,3,Z2,NA,2,Fenced,TF
2024,F,3,Z2,NA,2.1,Fenced,TF
2024,F,3,Z2,Aristida canescens,4.9,Fenced,TF
2024,F,3,Z2,Digitaria eriantha,3.8,Fenced,TF
2024,F,3,Z2,Eragrostis gummiflua,3.4,Fenced,TF
2024,F,3,Z2,Eragrostis rigidior,3.5,Fenced,TF
2024,F,3,Z2,NA,0,Fenced,TF
2024,F,3,Z2,NA,0,Fenced,TF
2024,F,3,Z2,NA,0,Fenced,TF
2024,F,3,Z2,NA,0,Fenced,TF
2024,F,3,Z2,Aristida canescens,1.9,Fenced,TF
2024,F,3,Z2,Eragrostis rigidior,3.6,Fenced,TF
2024,F,3,Z2,NA,2.9,Fenced,TF
2024,F,3,Z2,NA,3,Fenced,TF
2024,F,3,Z3,Cynodon dactylon,4.8,Unfenced,TF
2024,F,3,Z3,Pogonarthria squarrosa,6.6,Unfenced,TF
2024,F,3,Z3,NA,6.8,Unfenced,TF
2024,F,3,Z3,NA,7,Unfenced,TF
2024,F,3,Z3,Digitaria eriantha,18.3,Unfenced,TF
2024,F,3,Z3,Eragrostis rigidior,16.2,Unfenced,TF
2024,F,3,Z3,NA,12.4,Unfenced,TF
2024,F,3,Z3,NA,12.2,Unfenced,TF
2024,F,3,Z3,Cynodon dactylon,12.2,Unfenced,TF
2024,F,3,Z3,Digitaria eriantha,11.4,Unfenced,TF
2024,F,3,Z3,Eragrostis rigidior,10.7,Unfenced,TF
2024,F,3,Z3,NA,9.4,Unfenced,TF
2024,F,3,Z3,Cynodon dactylon,12.1,Unfenced,TF
2024,F,3,Z3,Digitaria eriantha,11.2,Unfenced,TF
2024,F,3,Z3,NA,12.5,Unfenced,TF
2024,F,3,Z3,NA,12.5,Unfenced,TF
2024,F,3,Z3,Cynodon dactylon,7.9,Unfenced,TF
2024,F,3,Z3,Digitaria eriantha,6.2,Unfenced,TF
2024,F,3,Z3,Chloris virgata,5.6,Unfenced,TF
2024,F,3,Z3,NA,5.4,Unfenced,TF
2024,F,3,Z4,Cynodon dactylon,5.2,Unfenced,TF
2024,F,3,Z4,Digitaria eriantha,5.1,Unfenced,TF
2024,F,3,Z4,Eragrostis rigidior,5.1,Unfenced,TF
2024,F,3,Z4,NA,5,Unfenced,TF
2024,F,3,Z4,Aristida canescens,6.6,Unfenced,TF
2024,F,3,Z4,Digitaria eriantha,7.4,Unfenced,TF
2024,F,3,Z4,NA,7.2,Unfenced,TF
2024,F,3,Z4,NA,7.1,Unfenced,TF
2024,F,3,Z4,Cynodon dactylon,7.2,Unfenced,TF
2024,F,3,Z4,Digitaria eriantha,7.6,Unfenced,TF
2024,F,3,Z4,NA,7.6,Unfenced,TF
2024,F,3,Z4,NA,7.4,Unfenced,TF
2024,F,3,Z4,Cynodon dactylon,7.9,Unfenced,TF
2024,F,3,Z4,Digitaria eriantha,8.2,Unfenced,TF
2024,F,3,Z4,Eragrostis rigidior,9.1,Unfenced,TF
2024,F,3,Z4,Pogonarthria squarrosa,9,Unfenced,TF
2024,F,3,Z4,Cynodon dactylon,9.2,Unfenced,TF
2024,F,3,Z4,Digitaria eriantha,9.5,Unfenced,TF
2024,F,3,Z4,Eragrostis rigidior,9.9,Unfenced,TF
2024,F,3,Z4,Chloris virgata,10.3,Unfenced,TF
2024,F,4,Z1,Heteropogon contortus,6.3,Fenced,TFB
2024,F,4,Z1,Digitaria eriantha,6.8,Fenced,TFB
2024,F,4,Z1,Eragrostis rigidior,7.8,Fenced,TFB
2024,F,4,Z1,NA,7.8,Fenced,TFB
2024,F,4,Z1,Eragrostis gummiflua,6.5,Fenced,TFB
2024,F,4,Z1,NA,6,Fenced,TFB
2024,F,4,Z1,NA,5.3,Fenced,TFB
2024,F,4,Z1,NA,5.1,Fenced,TFB
2024,F,4,Z1,Cynodon dactylon,7.7,Fenced,TFB
2024,F,4,Z1,Digitaria eriantha,7.5,Fenced,TFB
2024,F,4,Z1,NA,7.3,Fenced,TFB
2024,F,4,Z1,NA,7.1,Fenced,TFB
2024,F,4,Z1,Digitaria eriantha,9.2,Fenced,TFB
2024,F,4,Z1,Aristida canescens,9.7,Fenced,TFB
2024,F,4,Z1,NA,7.6,Fenced,TFB
2024,F,4,Z1,NA,8.5,Fenced,TFB
2024,F,4,Z1,Pogonarthria squarrosa,7.3,Fenced,TFB
2024,F,4,Z1,NA,7.3,Fenced,TFB
2024,F,4,Z1,NA,8.1,Fenced,TFB
2024,F,4,Z1,NA,7.8,Fenced,TFB
2024,F,4,Z2,Eragrostis rigidior,11.4,Fenced,TFB
2024,F,4,Z2,NA,10.8,Fenced,TFB
2024,F,4,Z2,NA,13,Fenced,TFB
2024,F,4,Z2,NA,13.1,Fenced,TFB
2024,F,4,Z2,Aristida canescens,4.5,Fenced,TFB
2024,F,4,Z2,Cynodon dactylon,4.8,Fenced,TFB
2024,F,4,Z2,Eragrostis gummiflua,6,Fenced,TFB
2024,F,4,Z2,Brachiaria brizantha,5.8,Fenced,TFB
2024,F,4,Z2,Eragrostis rigidior,12.4,Fenced,TFB
2024,F,4,Z2,Panicum maximum,7.7,Fenced,TFB
2024,F,4,Z2,NA,6.2,Fenced,TFB
2024,F,4,Z2,NA,6.9,Fenced,TFB
2024,F,4,Z2,Heteropogon contortus,2.1,Fenced,TFB
2024,F,4,Z2,NA,2,Fenced,TFB
2024,F,4,Z2,NA,2.1,Fenced,TFB
2024,F,4,Z2,NA,1.9,Fenced,TFB
2024,F,4,Z2,Aristida canescens,2,Fenced,TFB
2024,F,4,Z2,Eragrostis rigidior,3.3,Fenced,TFB
2024,F,4,Z2,Pogonarthria squarrosa,3,Fenced,TFB
2024,F,4,Z2,NA,2.8,Fenced,TFB
2024,F,4,Z3,Cynodon dactylon,6.2,Unfenced,TFB
2024,F,4,Z3,Eragrostis rigidior,3.6,Unfenced,TFB
2024,F,4,Z3,Pogonarthria squarrosa,4,Unfenced,TFB
2024,F,4,Z3,NA,15.3,Unfenced,TFB
2024,F,4,Z3,Cynodon dactylon,1.8,Unfenced,TFB
2024,F,4,Z3,Digitaria eriantha,1.9,Unfenced,TFB
2024,F,4,Z3,NA,3.8,Unfenced,TFB
2024,F,4,Z3,NA,3.1,Unfenced,TFB
2024,F,4,Z3,Digitaria eriantha,10.8,Unfenced,TFB
2024,F,4,Z3,Heteropogon contortus,5.6,Unfenced,TFB
2024,F,4,Z3,NA,10.2,Unfenced,TFB
2024,F,4,Z3,NA,9.3,Unfenced,TFB
2024,F,4,Z3,Eragrostis viscosa,3.5,Unfenced,TFB
2024,F,4,Z3,Digitaria eriantha,5.3,Unfenced,TFB
2024,F,4,Z3,NA,4.5,Unfenced,TFB
2024,F,4,Z3,NA,2.5,Unfenced,TFB
2024,F,4,Z3,Cynodon dactylon,6.7,Unfenced,TFB
2024,F,4,Z3,Digitaria eriantha,6.9,Unfenced,TFB
2024,F,4,Z3,Eragrostis rigidior,7.2,Unfenced,TFB
2024,F,4,Z3,Aristida canescens,9.8,Unfenced,TFB
2024,F,4,Z4,Aristida canescens,3.1,Unfenced,TFB
2024,F,4,Z4,Cynodon dactylon,2.9,Unfenced,TFB
2024,F,4,Z4,Eragrostis rigidior,2.5,Unfenced,TFB
2024,F,4,Z4,NA,3,Unfenced,TFB
2024,F,4,Z4,Aristida canescens,4,Unfenced,TFB
2024,F,4,Z4,Panicum maximum,4.8,Unfenced,TFB
2024,F,4,Z4,Cymbopogon excavatus,5.5,Unfenced,TFB
2024,F,4,Z4,NA,6.5,Unfenced,TFB
2024,F,4,Z4,Aristida canescens,3.6,Unfenced,TFB
2024,F,4,Z4,Digitaria eriantha,5.6,Unfenced,TFB
2024,F,4,Z4,Eragrostis gummiflua,7.9,Unfenced,TFB
2024,F,4,Z4,NA,5.6,Unfenced,TFB
2024,F,4,Z4,Cynodon dactylon,13.7,Unfenced,TFB
2024,F,4,Z4,Heteropogon contortus,10.2,Unfenced,TFB
2024,F,4,Z4,Pogonarthria squarrosa,6.4,Unfenced,TFB
2024,F,4,Z4,NA,15.3,Unfenced,TFB
2024,F,4,Z4,Cynodon dactylon,4.5,Unfenced,TFB
2024,F,4,Z4,Eragrostis rigidior,5.9,Unfenced,TFB
2024,F,4,Z4,NA,5.5,Unfenced,TFB
2024,F,4,Z4,NA,5,Unfenced,TFB
2024,F,5,Z1,Cynodon dactylon,7.4,Fenced,THF
2024,F,5,Z1,Digitaria eriantha,6.5,Fenced,THF
2024,F,5,Z1,NA,6.3,Fenced,THF
2024,F,5,Z1,NA,7.9,Fenced,THF
2024,F,5,Z1,Cynodon dactylon,3.8,Fenced,THF
2024,F,5,Z1,Digitaria eriantha,3.8,Fenced,THF
2024,F,5,Z1,Eragrostis rigidior,6.3,Fenced,THF
2024,F,5,Z1,NA,5.8,Fenced,THF
2024,F,5,Z1,Cynodon dactylon,9.4,Fenced,THF
2024,F,5,Z1,Digitaria eriantha,12.3,Fenced,THF
2024,F,5,Z1,Eragrostis rigidior,10.9,Fenced,THF
2024,F,5,Z1,NA,11.2,Fenced,THF
2024,F,5,Z1,Cynodon dactylon,8.6,Fenced,THF
2024,F,5,Z1,Digitaria eriantha,7.7,Fenced,THF
2024,F,5,Z1,NA,10.2,Fenced,THF
2024,F,5,Z1,NA,9.7,Fenced,THF
2024,F,5,Z1,Cynodon dactylon,7.5,Fenced,THF
2024,F,5,Z1,Digitaria eriantha,8.2,Fenced,THF
2024,F,5,Z1,NA,7.4,Fenced,THF
2024,F,5,Z1,NA,7.2,Fenced,THF
2024,F,5,Z2,Urochloa mosambicensis,5.2,Fenced,THF
2024,F,5,Z2,Digitaria eriantha,5,Fenced,THF
2024,F,5,Z2,NA,5.1,Fenced,THF
2024,F,5,Z2,NA,5.1,Fenced,THF
2024,F,5,Z2,Cynodon dactylon,11.5,Fenced,THF
2024,F,5,Z2,Digitaria eriantha,9.4,Fenced,THF
2024,F,5,Z2,Eragrostis rigidior,7.1,Fenced,THF
2024,F,5,Z2,Pogonarthria squarrosa,9.4,Fenced,THF
2024,F,5,Z2,Cynodon dactylon,10.6,Fenced,THF
2024,F,5,Z2,Digitaria eriantha,9.3,Fenced,THF
2024,F,5,Z2,NA,8.4,Fenced,THF
2024,F,5,Z2,NA,8.6,Fenced,THF
2024,F,5,Z2,Cynodon dactylon,4.2,Fenced,THF
2024,F,5,Z2,Digitaria eriantha,4.1,Fenced,THF
2024,F,5,Z2,Eragrostis rigidior,4.2,Fenced,THF
2024,F,5,Z2,Aristida canescens,4.6,Fenced,THF
2024,F,5,Z2,Digitaria eriantha,5.5,Fenced,THF
2024,F,5,Z2,Eragrostis rigidior,5,Fenced,THF
2024,F,5,Z2,NA,5.3,Fenced,THF
2024,F,5,Z2,NA,5.2,Fenced,THF
2024,F,5,Z3,Cynodon dactylon,9.4,Unfenced,THF
2024,F,5,Z3,Digitaria eriantha,8.7,Unfenced,THF
2024,F,5,Z3,Eragrostis rigidior,8.6,Unfenced,THF
2024,F,5,Z3,NA,9.7,Unfenced,THF
2024,F,5,Z3,Cynodon dactylon,10.6,Unfenced,THF
2024,F,5,Z3,Digitaria eriantha,8.2,Unfenced,THF
2024,F,5,Z3,NA,8.8,Unfenced,THF
2024,F,5,Z3,NA,8.4,Unfenced,THF
2024,F,5,Z3,Cynodon dactylon,8.8,Unfenced,THF
2024,F,5,Z3,Digitaria eriantha,9,Unfenced,THF
2024,F,5,Z3,Eragrostis rigidior,9.8,Unfenced,THF
2024,F,5,Z3,Setaria incrassata,8,Unfenced,THF
2024,F,5,Z3,Cynodon dactylon,6.8,Unfenced,THF
2024,F,5,Z3,Digitaria eriantha,7.2,Unfenced,THF
2024,F,5,Z3,Eragrostis rigidior,8.6,Unfenced,THF
2024,F,5,Z3,NA,8.9,Unfenced,THF
2024,F,5,Z3,Cynodon dactylon,9.2,Unfenced,THF
2024,F,5,Z3,Digitaria eriantha,11.1,Unfenced,THF
2024,F,5,Z3,Eragrostis rigidior,12.4,Unfenced,THF
2024,F,5,Z3,NA,12.4,Unfenced,THF
2024,F,5,Z4,Cynodon dactylon,3.4,Unfenced,THF
2024,F,5,Z4,Digitaria eriantha,3.1,Unfenced,THF
2024,F,5,Z4,Eragrostis rigidior,2.2,Unfenced,THF
2024,F,5,Z4,NA,2.6,Unfenced,THF
2024,F,5,Z4,Cynodon dactylon,11,Unfenced,THF
2024,F,5,Z4,Digitaria eriantha,9.7,Unfenced,THF
2024,F,5,Z4,NA,7.1,Unfenced,THF
2024,F,5,Z4,NA,9.2,Unfenced,THF
2024,F,5,Z4,Cynodon dactylon,3.9,Unfenced,THF
2024,F,5,Z4,Digitaria eriantha,7.9,Unfenced,THF
2024,F,5,Z4,NA,5.1,Unfenced,THF
2024,F,5,Z4,NA,4,Unfenced,THF
2024,F,5,Z4,Cynodon dactylon,10.5,Unfenced,THF
2024,F,5,Z4,Digitaria eriantha,10.1,Unfenced,THF
2024,F,5,Z4,Heteropogon contortus,10,Unfenced,THF
2024,F,5,Z4,NA,14.3,Unfenced,THF
2024,F,5,Z4,Digitaria eriantha,10.5,Unfenced,THF
2024,F,5,Z4,Eragrostis rigidior,8.5,Unfenced,THF
2024,F,5,Z4,Aristida canescens,8.3,Unfenced,THF
2024,F,5,Z4,Eragrostis viscosa,8.4,Unfenced,THF
2024,B,1,Z1,Aristida congesta c,17.8,Fenced,C
2024,B,1,Z1,Melinis repens,14,Fenced,C
2024,B,1,Z1,NA,11.2,Fenced,C
2026,A,5,Z3,Bothriochloa insculpta,60.7,Fenced,THF
2026,A,5,Z3,Hyparrhenia filipendula,46.5,Fenced,THF
2026,A,5,Z3,Urochloa mosambicensis,47.5,Fenced,THF
2026,A,5,Z3,Heteropogon contortus,49.2,Fenced,THF
2026,A,5,Z3,Bothriochloa insculpta,48.1,Fenced,THF
2026,A,5,Z3,Setaria incrassata,46.7,Fenced,THF
2026,A,5,Z3,Urochloa mosambicensis,46.7,Fenced,THF
2026,A,5,Z3,Cymbopogon excavatus,60,Fenced,THF
2026,A,5,Z3,Eragrostis curvula,NA,Fenced,THF
2026,A,5,Z3,P. petens,NA,Fenced,THF
2026,A,5,Z3,Setaria incrassata,40.4,Fenced,THF
2026,A,5,Z3,Aristida adscensionis,42.1,Fenced,THF
2026,A,5,Z3,Bothriochloa insculpta,23.6,Fenced,THF
2026,A,5,Z3,Heteropogon contortus,42.9,Fenced,THF
2026,A,5,Z3,Bothriochloa insculpta,44.4,Fenced,THF
2026,A,5,Z3,Digitaria velutina,43,Fenced,THF
2026,A,5,Z3,Heteropogon contortus,43.4,Fenced,THF
2026,A,5,Z3,NA,43.3,Fenced,THF
2026,A,5,Z3,Setaria incrassata,49.1,Fenced,THF
2026,A,5,Z3,Hyparrhenia filipendula,64,Fenced,THF
2026,A,5,Z3,Bothriochloa insculpta,54.5,Fenced,THF
2026,A,5,Z3,Panicum maximum,52.4,Fenced,THF
2026,A,5,Z1,Heteropogon contortus,53,Fenced,THF
2026,A,5,Z1,Urochloa mosambicensis,52.8,Fenced,THF
2026,A,5,Z1,Setaria incrassata,45.1,Fenced,THF
2026,A,5,Z1,Panicum maximum,60.4,Fenced,THF
2026,A,5,Z1,Hyparrhenia filipendula,48.7,Fenced,THF
2026,A,5,Z1,Heteropogon contortus,47.9,Fenced,THF
2026,A,5,Z1,Bothriochloa insculpta,46.6,Fenced,THF
2026,A,5,Z1,NA,47,Fenced,THF
2026,A,5,Z1,Urochloa mosambicensis,63,Fenced,THF
2026,A,5,Z1,Hyparrhenia hirta,62.2,Fenced,THF
2026,A,5,Z1,Themeda triandra,64.4,Fenced,THF
2026,A,5,Z1,NA,62.8,Fenced,THF
2026,A,5,Z1,Hyperthelia dissoluta,60.5,Fenced,THF
2026,A,5,Z1,Hyparrhenia filipendula,62.6,Fenced,THF
2026,A,5,Z1,Urochloa mosambicensis,60.8,Fenced,THF
2026,A,5,Z1,Heteropogon contortus,49.3,Fenced,THF
2026,A,5,Z1,Bothriochloa insculpta,60.8,Fenced,THF
2026,A,5,Z1,Urochloa mosambicensis,48.4,Fenced,THF
2026,A,5,Z1,Heteropogon contortus,48.4,Fenced,THF
2026,A,5,Z1,NA,48.6,Fenced,THF
2026,A,5,Z4,Cymbopogon excavatus,20.7,Unfenced,THF
2026,A,5,Z4,Bothriochloa insculpta,13,Unfenced,THF
2026,A,5,Z4,Heteropogon contortus,10.4,Unfenced,THF
2026,A,5,Z4,NA,9.2,Unfenced,THF
2026,A,5,Z4,Urochloa mosambicensis,23.3,Unfenced,THF
2026,A,5,Z4,Digitaria velutina,24.5,Unfenced,THF
2026,A,5,Z4,Bothriochloa insculpta,27.1,Unfenced,THF
2026,A,5,Z4,Setaria incrassata,25,Unfenced,THF
2026,A,5,Z4,Heteropogon contortus,NA,Unfenced,THF
2026,A,5,Z4,Cymbopogon excavatus,NA,Unfenced,THF
2026,A,5,Z4,Aristida diffusa,19,Unfenced,THF
2026,A,5,Z4,Urochloa mosambicensis,18,Unfenced,THF
2026,A,5,Z4,Bothriochloa insculpta,16.3,Unfenced,THF
2026,A,5,Z4,NA,8.6,Unfenced,THF
2026,A,5,Z4,Hyparrhenia filipendula,22.5,Unfenced,THF
2026,A,5,Z4,Aristida adscensionis,22.4,Unfenced,THF
2026,A,5,Z4,Setaria incrassata,22.7,Unfenced,THF
2026,A,5,Z4,Urochloa mosambicensis,12.8,Unfenced,THF
2026,A,5,Z4,Heteropogon contortus,NA,Unfenced,THF
2026,A,5,Z4,Bothriochloa insculpta,NA,Unfenced,THF
2026,A,5,Z4,Digitaria velutina,22,Unfenced,THF
2026,A,5,Z4,Setaria incrassata,22.4,Unfenced,THF
2026,A,5,Z4,Bothriochloa insculpta,24.1,Unfenced,THF
2026,A,5,Z4,Heteropogon contortus,14.4,Unfenced,THF
2026,A,5,Z2,Aristida congesta b,22.5,Unfenced,THF
2026,A,5,Z2,Bothriochloa insculpta,23.3,Unfenced,THF
2026,A,5,Z2,Digitaria velutina,23.3,Unfenced,THF
2026,A,5,Z2,Urochloa mosambicensis,25.2,Unfenced,THF
2026,A,5,Z2,Heteropogon contortus,NA,Unfenced,THF
2026,A,5,Z2,Urochloa mosambicensis,31.6,Unfenced,THF
2026,A,5,Z2,Heteropogon contortus,27.3,Unfenced,THF
2026,A,5,Z2,Hyparrhenia filipendula,25,Unfenced,THF
2026,A,5,Z2,Setaria pumila,25.2,Unfenced,THF
2026,A,5,Z2,Aristida adscensionis,NA,Unfenced,THF
2026,A,5,Z2,Panicum maximum,NA,Unfenced,THF
2026,A,5,Z2,Miscanthus junceus,28.3,Unfenced,THF
2026,A,5,Z2,Cymbopogon excavatus,28.5,Unfenced,THF
2026,A,5,Z2,Urochloa mosambicensis,22.5,Unfenced,THF
2026,A,5,Z2,Heteropogon contortus,20,Unfenced,THF
2026,A,5,Z2,Hyparrhenia filipendula,NA,Unfenced,THF
2026,A,5,Z2,Cymbopogon excavatus,36,Unfenced,THF
2026,A,5,Z2,Heteropogon contortus,32.2,Unfenced,THF
2026,A,5,Z2,NA,29,Unfenced,THF
2026,A,5,Z2,NA,26.2,Unfenced,THF
2026,A,5,Z2,Panicum maximum,19.1,Unfenced,THF
2026,A,5,Z2,Aristida adscensionis,17.7,Unfenced,THF
2026,A,5,Z2,Digitaria velutina,22,Unfenced,THF
2026,A,5,Z2,Setaria incrassata,13,Unfenced,THF
2026,A,5,Z2,Pogonarthria squarrosa,NA,Unfenced,THF
2026,A,5,Z2,Urochloa mosambicensis,NA,Unfenced,THF
2026,A,5,Z2,Heteropogon contortus,NA,Unfenced,THF
2026,A,5,Z2,Hyparrhenia filipendula,NA,Unfenced,THF
2026,A,3,Z3,Cynodon dactylon,60.1,Fenced,TFB
2026,A,3,Z3,Digitaria eriantha,67.4,Fenced,TFB
2026,A,3,Z3,Urochloa mosambicensis,66.3,Fenced,TFB
2026,A,3,Z3,Cymbopogon excavatus,66.7,Fenced,TFB
2026,A,3,Z3,Setaria pumila,NA,Fenced,TFB
2026,A,3,Z3,Setaria incrassata,NA,Fenced,TFB
2026,A,3,Z3,Sorghum bicolor,68.3,Fenced,TFB
2026,A,3,Z3,Melinis repens,65.1,Fenced,TFB
2026,A,3,Z3,Cynodon dactylon,62.3,Fenced,TFB
2026,A,3,Z3,Heteropogon contortus,62.6,Fenced,TFB
2026,A,3,Z3,Aristida adscensionis,NA,Fenced,TFB
2026,A,3,Z3,Aristida congesta c,60.3,Fenced,TFB
2026,A,3,Z3,Hperthelia dissoluta,49.7,Fenced,TFB
2026,A,3,Z3,Cymbopogon excavatus,49.3,Fenced,TFB
2026,A,3,Z3,Heteropogon contortus,60.7,Fenced,TFB
2026,A,3,Z3,Themeda triandra,50.1,Fenced,TFB
2026,A,3,Z3,Heteropogon contortus,20.2,Fenced,TFB
2026,A,3,Z3,Cymbopogon excavatus,20.3,Fenced,TFB
2026,A,3,Z3,Digitaria eriantha,19.6,Fenced,TFB
2026,A,3,Z3,Heteropogon contortus,66.6,Fenced,TFB
2026,A,3,Z3,Themeda triandra,47,Fenced,TFB
2026,A,3,Z3,Urochloa mosambicensis,44.2,Fenced,TFB
2026,A,3,Z3,Sorghum bicolor,43,Fenced,TFB
2026,A,3,Z3,Cymbopogon excavatus,NA,Fenced,TFB
2026,A,3,Z3,Melinis repens,NA,Fenced,TFB
2026,A,3,Z1,Hyparrhenia hirta,23.1,Fenced,TFB
2026,A,3,Z1,Heteropogon contortus,45.2,Fenced,TFB
2026,A,3,Z1,NA,43.1,Fenced,TFB
2026,A,3,Z1,NA,48.5,Fenced,TFB
2026,A,3,Z1,Aristida diffusa,30.4,Fenced,TFB
2026,A,3,Z1,Panicum maximum,32.2,Fenced,TFB
2026,A,3,Z1,Setaria pumila,33.1,Fenced,TFB
2026,A,3,Z1,Cymbopogon excavatus,23.3,Fenced,TFB
2026,A,3,Z1,Urochloa mosambicensis,NA,Fenced,TFB
2026,A,3,Z1,Heteropogon contortus,NA,Fenced,TFB
2026,A,3,Z1,Hyperthelia dissoluta,46.6,Fenced,TFB
2026,A,3,Z1,Aristida congesta b,11.8,Fenced,TFB
2026,A,3,Z1,Heteropogon contortus,45.2,Fenced,TFB
2026,A,3,Z1,NA,45,Fenced,TFB
2026,A,3,Z1,Hyperthelia dissoluta,20.4,Fenced,TFB
2026,A,3,Z1,Urochloa mosambicensis,26.3,Fenced,TFB
2026,A,3,Z1,Bothriochloa insculpta,18.1,Fenced,TFB
2026,A,3,Z1,NA,19.2,Fenced,TFB
2026,A,3,Z1,Cymbopogon excavatus,49.2,Fenced,TFB
2026,A,3,Z1,Hyperthelia dissoluta,49.2,Fenced,TFB
2026,A,3,Z1,Urochloa mosambicensis,30.5,Fenced,TFB
2026,A,3,Z1,Bothriochloa insculpta,49.4,Fenced,TFB
2026,A,3,Z4,Heteropogon contortus,16,Unfenced,TFB
2026,A,3,Z4,Digitaria eriantha,23.6,Unfenced,TFB
2026,A,3,Z4,Eragrostis rigidior,16.4,Unfenced,TFB
2026,A,3,Z4,Setaria incrassata,17,Unfenced,TFB
2026,A,3,Z4,Panicum maximum,NA,Unfenced,TFB
2026,A,3,Z4,Aristida congesta c,13.4,Unfenced,TFB
2026,A,3,Z4,Heteropogon contortus,11.6,Unfenced,TFB
2026,A,3,Z4,Hyperthelia dissoluta,12.7,Unfenced,TFB
2026,A,3,Z4,Urochloa mosambicensis,12,Unfenced,TFB
2026,A,3,Z4,Cymbopogon excavatus,48.4,Unfenced,TFB
2026,A,3,Z4,Urochloa mosambicensis,44.8,Unfenced,TFB
2026,A,3,Z4,Setaria incrassata,41.6,Unfenced,TFB
2026,A,3,Z4,Panicum maximum,78.4,Unfenced,TFB
2026,A,3,Z4,Heteropogon contortus,25,Unfenced,TFB
2026,A,3,Z4,Urochloa mosambicensis,21.8,Unfenced,TFB
2026,A,3,Z4,Sorghum bicolor,23.1,Unfenced,TFB
2026,A,3,Z4,Hyparrhenia filipendula,49.2,Unfenced,TFB
2026,A,3,Z4,Hyperthelia dissoluta,60,Unfenced,TFB
2026,A,3,Z4,Aristida adscensionis,38,Unfenced,TFB
2026,A,3,Z4,Urochloa mosambicensis,32.4,Unfenced,TFB
2026,A,3,Z4,NA,48.5,Unfenced,TFB
2026,A,3,Z2,Aristida congesta c,28,Unfenced,TFB
2026,A,3,Z2,Bothriochloa insculpta,25.3,Unfenced,TFB
2026,A,3,Z2,NA,27.1,Unfenced,TFB
2026,A,3,Z2,NA,20.4,Unfenced,TFB
2026,A,3,Z2,Cymbopogon excavatus,61,Unfenced,TFB
2026,A,3,Z2,Hyparrhenia hirta,12,Unfenced,TFB
2026,A,3,Z2,Urochloa mosambicensis,12.7,Unfenced,TFB
2026,A,3,Z2,NA,14.1,Unfenced,TFB
2026,A,3,Z2,Aristida adscensionis,27.3,Unfenced,TFB
2026,A,3,Z2,Setaria incrassata,26,Unfenced,TFB
2026,A,3,Z2,Bothriochloa insculpta,24.3,Unfenced,TFB
2026,A,3,Z2,NA,25.4,Unfenced,TFB
2026,A,3,Z2,Digitaria eriantha,23.8,Unfenced,TFB
2026,A,3,Z2,Bothriochloa insculpta,22.2,Unfenced,TFB
2026,A,3,Z2,NA,20.4,Unfenced,TFB
2026,A,3,Z2,NA,21.6,Unfenced,TFB
2026,A,3,Z2,Hyparrhenia hirta,27.6,Unfenced,TFB
2026,A,3,Z2,Bothriochloa insculpta,24.4,Unfenced,TFB
2026,A,3,Z2,NA,25.3,Unfenced,TFB
2026,A,3,Z2,NA,16.7,Unfenced,TFB
2026,A,2,Z1,Diheteropogon amplectens,19.5,Fenced,F
2026,A,2,Z1,Heteropogon contortus,20.6,Fenced,F
2026,A,2,Z1,Bothriochloa insculpta,20,Fenced,F
2026,A,2,Z1,Eragrostis gummiflua,19.8,Fenced,F
2026,A,2,Z1,Bothriochloa insculpta,9.6,Fenced,F
2026,A,2,Z1,Diheteropogon amplectens,10.6,Fenced,F
2026,A,2,Z1,Miscanthus junceus,10.9,Fenced,F
2026,A,2,Z1,NA,11,Fenced,F
2026,A,2,Z1,Bothriochloa insculpta,18.7,Fenced,F
2026,A,2,Z1,Aristida diffusa,18,Fenced,F
2026,A,2,Z1,Urochloa mosambicensis,17.5,Fenced,F
2026,A,2,Z1,NA,20.1,Fenced,F
2026,A,2,Z1,Digitaria velutina,17.6,Fenced,F
2026,A,2,Z1,Setaria incrassata,16.9,Fenced,F
2026,A,2,Z1,Bothriochloa insculpta,14.5,Fenced,F
2026,A,2,Z1,Heteropogon contortus,13.1,Fenced,F
2026,A,2,Z1,Digitaria eriantha,NA,Fenced,F
2026,A,2,Z1,Aristida adscensionis,14.4,Fenced,F
2026,A,2,Z1,Aristida diffusa,15.2,Fenced,F
2026,A,2,Z1,Cymbopogon plurinodis,13.5,Fenced,F
2026,A,2,Z1,Bothriochloa insculpta,16,Fenced,F
2026,A,2,Z1,Eragrostis gummiflua,NA,Fenced,F
2026,A,2,Z2,Melinis repens,16.8,Fenced,F
2026,A,2,Z2,Miscanthus junceus,16.5,Fenced,F
2026,A,2,Z2,Bothriochloa insculpta,16.9,Fenced,F
2026,A,2,Z2,Heteropogon contortus,16.1,Fenced,F
2026,A,2,Z2,Hyperthelia dissoluta,NA,Fenced,F
2026,A,2,Z2,Setaria incrassata,3.2,Fenced,F
2026,A,2,Z2,Hyperthelia dissoluta,3.5,Fenced,F
2026,A,2,Z2,Heteropogon contortus,6.7,Fenced,F
2026,A,2,Z2,NA,7.9,Fenced,F
2026,A,2,Z2,Hyperthelia dissoluta,60.3,Fenced,F
2026,A,2,Z2,Urochloa mosambicensis,41.3,Fenced,F
2026,A,2,Z2,Heteropogon contortus,30.1,Fenced,F
2026,A,2,Z2,NA,19.5,Fenced,F
2026,A,2,Z2,Setaria pumila,34.4,Fenced,F
2026,A,2,Z2,Hyparrhenia hirta,24,Fenced,F
2026,A,2,Z2,Heteropogon contortus,25.3,Fenced,F
2026,A,2,Z2,Urochloa mosambicensis,27.2,Fenced,F
2026,A,2,Z2,Hyperthelia dissoluta,18.2,Fenced,F
2026,A,2,Z2,Heteropogon contortus,19.8,Fenced,F
2026,A,2,Z2,Setaria pumila,29.3,Fenced,F
2026,A,2,Z2,NA,32.6,Fenced,F
2026,A,2,Z3,Hyperthelia dissoluta,14.5,Unfenced,F
2026,A,2,Z3,Bothriochloa insculpta,13.7,Unfenced,F
2026,A,2,Z3,Digitaria eriantha,14,Unfenced,F
2026,A,2,Z3,Miscanthus junceus,12.2,Unfenced,F
2026,A,2,Z3,Heteropogon contortus,NA,Unfenced,F
2026,A,2,Z3,Hyperthelia dissoluta,20.3,Unfenced,F
2026,A,2,Z3,Urochloa mosambicensis,18.5,Unfenced,F
2026,A,2,Z3,Bothriochloa insculpta,14.3,Unfenced,F
2026,A,2,Z3,Digitaria velutina,12.1,Unfenced,F
2026,A,2,Z3,Heteropogon contortus,NA,Unfenced,F
2026,A,2,Z3,Digitaria eriantha,14.1,Unfenced,F
2026,A,2,Z3,Cymbopogon plurinodis,18.2,Unfenced,F
2026,A,2,Z3,Urochloa mosambicensis,14.4,Unfenced,F
2026,A,2,Z3,Bothriochloa insculpta,15.3,Unfenced,F
2026,A,2,Z3,Aristida diffusa,23.1,Unfenced,F
2026,A,2,Z3,Digitaria velutina,15.1,Unfenced,F
2026,A,2,Z3,Heteropogon contortus,14,Unfenced,F
2026,A,2,Z3,Bothriochloa insculpta,13.4,Unfenced,F
2026,A,2,Z3,Aristida diffusa,14.1,Unfenced,F
2026,A,2,Z3,Digitaria velutina,13.3,Unfenced,F
2026,A,2,Z3,Diheteropogon amplectens,14.9,Unfenced,F
2026,A,2,Z3,Bothriochloa insculpta,14.6,Unfenced,F
2026,A,2,Z3,Eragrostis superba,NA,Unfenced,F
2026,A,2,Z4,Aristida congesta c,30,Unfenced,F
2026,A,2,Z4,Hyparrhenia filipendula,21.7,Unfenced,F
2026,A,2,Z4,Hyperthelia dissoluta,21.9,Unfenced,F
2026,A,2,Z4,Heteropogon contortus,18.4,Unfenced,F
2026,A,2,Z4,Digitaria eriantha,NA,Unfenced,F
2026,A,2,Z4,Hyperthelia dissoluta,23,Unfenced,F
2026,A,2,Z4,Diheteropogon amplectens,24,Unfenced,F
2026,A,2,Z4,Urochloa mosambicensis,18.9,Unfenced,F
2026,A,2,Z4,Hyparrhenia filipendula,17.4,Unfenced,F
2026,A,2,Z4,Heteropogon contortus,NA,Unfenced,F
2026,A,2,Z4,Hyperthelia dissoluta,27.2,Unfenced,F
2026,A,2,Z4,Diheteropogon amplectens,15.3,Unfenced,F
2026,A,2,Z4,Setaria pumila,24,Unfenced,F
2026,A,2,Z4,Urochloa mosambicensis,24.6,Unfenced,F
2026,A,2,Z4,Hyperthelia dissoluta,19,Unfenced,F
2026,A,2,Z4,Heteropogon contortus,14.8,Unfenced,F
2026,A,2,Z4,Cymbopogon plurinodis,16,Unfenced,F
2026,A,2,Z4,Urochloa mosambicensis,17.2,Unfenced,F
2026,A,2,Z4,Hyperthelia dissoluta,16.3,Unfenced,F
2026,A,2,Z4,Cymbopogon plurinodis,20.6,Unfenced,F
2026,A,2,Z4,Urochloa mosambicensis,20,Unfenced,F
2026,A,2,Z4,Heteropogon contortus,19.3,Unfenced,F
2026,A,1,Z3,Brachiaria brizantha,10,Unfenced,C
2026,A,1,Z3,Chloris virgata,0,Unfenced,C
2026,A,1,Z3,Eragrostis cylindriflora,0,Unfenced,C
2026,A,1,Z3,Digitaria eriantha,2,Unfenced,C
2026,A,1,Z3,Panicum maximum,NA,Unfenced,C
2026,A,1,Z3,Panicum maximum,20.2,Unfenced,C
2026,A,1,Z3,Themeda triandra,19.4,Unfenced,C
2026,A,1,Z3,Cymbopogon excavatus,14.6,Unfenced,C
2026,A,1,Z3,NA,13.4,Unfenced,C
2026,A,1,Z3,Heteropogon contortus,7.8,Unfenced,C
2026,A,1,Z3,Digitaria velutina,32.1,Unfenced,C
2026,A,1,Z3,Urochloa mosambicensis,18,Unfenced,C
2026,A,1,Z3,Hyparrhenia hirta,16.5,Unfenced,C
2026,A,1,Z3,Heteropogon contortus,15.6,Unfenced,C
2026,A,1,Z3,Themeda triandra,12.8,Unfenced,C
2026,A,1,Z3,Digitaria velutina,14.6,Unfenced,C
2026,A,1,Z3,Sorghum bicolor,14.1,Unfenced,C
2026,A,1,Z3,Setaria incrassata,NA,Unfenced,C
2026,A,1,Z3,Heteropogon contortus,17.9,Unfenced,C
2026,A,1,Z3,Digitaria eriantha,24.9,Unfenced,C
2026,A,1,Z3,Panicum maximum,29,Unfenced,C
2026,A,1,Z3,NA,23.7,Unfenced,C
2026,A,1,Z4,Heteropogon contortus,16.6,Unfenced,C
2026,A,1,Z4,Urochloa mosambicensis,18.4,Unfenced,C
2026,A,1,Z4,Cymbopogon excavatus,20.1,Unfenced,C
2026,A,1,Z4,NA,21.2,Unfenced,C
2026,A,1,Z4,Heteropogon contortus,19.4,Unfenced,C
2026,A,1,Z4,Cymbopogon excavatus,22,Unfenced,C
2026,A,1,Z4,Cynodon dactylon,22.6,Unfenced,C
2026,A,1,Z4,Urochloa mosambicensis,25.9,Unfenced,C
2026,A,1,Z4,Heteropogon contortus,13.8,Unfenced,C
2026,A,1,Z4,Urochloa mosambicensis,9.8,Unfenced,C
2026,A,1,Z4,Hyparrhenia hirta,10.8,Unfenced,C
2026,A,1,Z4,NA,9.8,Unfenced,C
2026,A,1,Z4,Heteropogon contortus,19.2,Unfenced,C
2026,A,1,Z4,Urochloa mosambicensis,14.7,Unfenced,C
2026,A,1,Z4,Loudetia simplex,13.7,Unfenced,C
2026,A,1,Z4,Hyperthelia dissoluta,20.2,Unfenced,C
2026,A,1,Z4,Urochloa mosambicensis,26.2,Unfenced,C
2026,A,1,Z4,Hyperthelia dissoluta,26,Unfenced,C
2026,A,1,Z4,Digitaria eriantha,23.6,Unfenced,C
2026,A,1,Z4,Bothriochloa insculpta,25.6,Unfenced,C
2026,A,1,Z4,Aristida congesta b,NA,Unfenced,C
2026,A,1,Z1,Digitaria velutina,23.9,Fenced,C
2026,A,1,Z1,Heteropogon contortus,20.7,Fenced,C
2026,A,1,Z1,Diheteropogon amplectens,16.4,Fenced,C
2026,A,1,Z1,NA,30.9,Fenced,C
2026,A,1,Z1,Cymbopogon excavatus,5.5,Fenced,C
2026,A,1,Z1,Heteropogon contortus,5.1,Fenced,C
2026,A,1,Z1,Panicum maximum,5.1,Fenced,C
2026,A,1,Z1,NA,0,Fenced,C
2026,A,1,Z1,Cymbopogon excavatus,30,Fenced,C
2026,A,1,Z1,Urochloa mosambicensis,32.3,Fenced,C
2026,A,1,Z1,Aristida adscensionis,28.2,Fenced,C
2026,A,1,Z1,Panicum maximum,16,Fenced,C
2026,A,1,Z1,Setaria pumila,NA,Fenced,C
2026,A,1,Z1,Hyparrhenia filipendula,NA,Fenced,C
2026,A,1,Z1,Heteropogon contortus,NA,Fenced,C
2026,A,1,Z1,Heteropogon contortus,17.7,Fenced,C
2026,A,1,Z1,Sorghum bicolor,12.8,Fenced,C
2026,A,1,Z1,Aristida adscensionis,18.7,Fenced,C
2026,A,1,Z1,Setaria incrassata,16,Fenced,C
2026,A,1,Z1,Themeda triandra,16,Fenced,C
2026,A,1,Z1,Aristida diffusa,27,Fenced,C
2026,A,1,Z1,Urochloa mosambicensis,28.8,Fenced,C
2026,A,1,Z1,Sorghum bicolor,27.2,Fenced,C
2026,A,1,Z2,Hyperthelia dissoluta,26.6,Fenced,C
2026,A,1,Z2,Eragrostis superba,20.2,Fenced,C
2026,A,1,Z2,Diheteropogon amplectens,18,Fenced,C
2026,A,1,Z2,NA,22.8,Fenced,C
2026,A,1,Z2,Urochloa mosambicensis,40,Fenced,C
2026,A,1,Z2,Bothriochloa insculpta,10.3,Fenced,C
2026,A,1,Z2,Heteropogon contortus,16.3,Fenced,C
2026,A,1,Z2,NA,13.1,Fenced,C
2026,A,1,Z2,Hyperthelia dissoluta,21,Fenced,C
2026,A,1,Z2,Heteropogon contortus,30.7,Fenced,C
2026,A,1,Z2,NA,25,Fenced,C
2026,A,1,Z2,NA,26.5,Fenced,C
2026,A,1,Z2,Hyparrhenia filipendula,20,Fenced,C
2026,A,1,Z2,Setaria pumila,17.7,Fenced,C
2026,A,1,Z2,Urochloa mosambicensis,16.2,Fenced,C
2026,A,1,Z2,NA,16.6,Fenced,C
2026,A,1,Z2,Heteropogon contortus,15.7,Fenced,C
2026,A,1,Z2,Urochloa mosambicensis,16.3,Fenced,C
2026,A,1,Z2,Setaria pumila,16.4,Fenced,C
2026,A,1,Z2,NA,15,Fenced,C
2026,A,4,Z3,Bothriochloa insculpta,25.5,Fenced,TF
2026,A,4,Z3,Setaria incrassata,25.5,Fenced,TF
2026,A,4,Z3,Heteropogon contortus,25.2,Fenced,TF
2026,A,4,Z3,Diheteropogon amplectens,26,Fenced,TF
2026,A,4,Z3,Miscanthus junceus,30,Fenced,TF
2026,A,4,Z3,Bothriochloa insculpta,49.4,Fenced,TF
2026,A,4,Z3,Hyperthelia dissoluta,48.9,Fenced,TF
2026,A,4,Z3,NA,48.7,Fenced,TF
2026,A,4,Z3,Aristida adscensionis,22.3,Fenced,TF
2026,A,4,Z3,Digitaria eriantha,19.7,Fenced,TF
2026,A,4,Z3,Heteropogon contortus,21.8,Fenced,TF
2026,A,4,Z3,NA,21.4,Fenced,TF
2026,A,4,Z3,Cymbopogon excavatus,26.6,Fenced,TF
2026,A,4,Z3,Bothriochloa insculpta,30.2,Fenced,TF
2026,A,4,Z3,Brachiaria brizantha,27.3,Fenced,TF
2026,A,4,Z3,NA,26.4,Fenced,TF
2026,A,4,Z3,Heteropogon contortus,32.5,Fenced,TF
2026,A,4,Z3,Aristida congesta c,32.7,Fenced,TF
2026,A,4,Z3,Bothriochloa insculpta,30.2,Fenced,TF
2026,A,4,Z3,Setaria incrassata,49.9,Fenced,TF
2026,A,4,Z3,Diheteropogon amplectens,NA,Fenced,TF
2026,A,4,Z3,Urochloa mosambicensis,NA,Fenced,TF
2026,A,4,Z1,Heteropogon contortus,14.1,Fenced,TF
2026,A,4,Z1,Bothriochloa insculpta,15.3,Fenced,TF
2026,A,4,Z1,Miscanthus junceus,15.8,Fenced,TF
2026,A,4,Z1,Setaria pumila,16,Fenced,TF
2026,A,4,Z1,Hyperthelia dissoluta,54.8,Fenced,TF
2026,A,4,Z1,Urochloa mosambicensis,56.4,Fenced,TF
2026,A,4,Z1,Bothriochloa insculpta,55.8,Fenced,TF
2026,A,4,Z1,NA,55.8,Fenced,TF
2026,A,4,Z1,Bothriochloa insculpta,38.5,Fenced,TF
2026,A,4,Z1,NA,33.9,Fenced,TF
2026,A,4,Z1,NA,43.7,Fenced,TF
2026,A,4,Z1,NA,64.8,Fenced,TF
2026,A,4,Z1,Digitaria eriantha,47.1,Fenced,TF
2026,A,4,Z1,Urochloa mosambicensis,32,Fenced,TF
2026,A,4,Z1,Bothriochloa insculpta,27.1,Fenced,TF
2026,A,4,Z1,Miscanthus junceus,28.9,Fenced,TF
2026,A,4,Z1,Panicum maximum,61.5,Fenced,TF
2026,A,4,Z1,Setaria incrassata,61.1,Fenced,TF
2026,A,4,Z1,Heteropogon contortus,61.7,Fenced,TF
2026,A,4,Z1,Themeda triandra,65.7,Fenced,TF
2026,A,4,Z1,Brachiaria nigropedata,NA,Fenced,TF
2026,A,4,Z4,Digitaria eriantha,20.3,Unfenced,TF
2026,A,4,Z4,Heteropogon contortus,19.2,Unfenced,TF
2026,A,4,Z4,Urochloa mosambicensis,17.7,Unfenced,TF
2026,A,4,Z4,NA,16.5,Unfenced,TF
2026,A,4,Z4,Aristida adscensionis,22.4,Unfenced,TF
2026,A,4,Z4,Urochloa mosambicensis,25.8,Unfenced,TF
2026,A,4,Z4,Digitaria eriantha,26.8,Unfenced,TF
2026,A,4,Z4,Heteropogon contortus,26.1,Unfenced,TF
2026,A,4,Z4,Bothriochloa insculpta,NA,Unfenced,TF
2026,A,4,Z4,Panicum maximum,NA,Unfenced,TF
2026,A,4,Z4,Heteropogon contortus,28.9,Unfenced,TF
2026,A,4,Z4,Bothriochloa insculpta,27.8,Unfenced,TF
2026,A,4,Z4,Digitaria eriantha,25.8,Unfenced,TF
2026,A,4,Z4,Panicum maximum,24.1,Unfenced,TF
2026,A,4,Z4,Heteropogon contortus,15.6,Unfenced,TF
2026,A,4,Z4,Digitaria eriantha,12.3,Unfenced,TF
2026,A,4,Z4,Urochloa mosambicensis,12.7,Unfenced,TF
2026,A,4,Z4,NA,13.3,Unfenced,TF
2026,A,4,Z4,Aristida congesta c,12,Unfenced,TF
2026,A,4,Z4,Eragrostis superba,11.7,Unfenced,TF
2026,A,4,Z4,Heteropogon contortus,18.5,Unfenced,TF
2026,A,4,Z4,Panicum maximum,16.5,Unfenced,TF
2026,A,4,Z2,Aristida adscensionis,17.7,Unfenced,TF
2026,A,4,Z2,Panicum maximum,14.7,Unfenced,TF
2026,A,4,Z2,Digitaria eriantha,13.3,Unfenced,TF
2026,A,4,Z2,Setaria incrassata,11,Unfenced,TF
2026,A,4,Z2,Themeda triandra,NA,Unfenced,TF
2026,A,4,Z2,Cymbopogon plurinodis,41.1,Unfenced,TF
2026,A,4,Z2,Panicum maximum,46.4,Unfenced,TF
2026,A,4,Z2,Digitaria eriantha,29,Unfenced,TF
2026,A,4,Z2,Heteropogon contortus,28,Unfenced,TF
2026,A,4,Z2,Aristida adscensionis,48.9,Unfenced,TF
2026,A,4,Z2,Digitaria eriantha,47.6,Unfenced,TF
2026,A,4,Z2,Bothriochloa insculpta,47.7,Unfenced,TF
2026,A,4,Z2,NA,47,Unfenced,TF
2026,A,4,Z2,Setaria incrassata,13.8,Unfenced,TF
2026,A,4,Z2,Heteropogon contortus,21.6,Unfenced,TF
2026,A,4,Z2,Cymbopogon plurinodis,21.4,Unfenced,TF
2026,A,4,Z2,Urochloa mosambicensis,19.4,Unfenced,TF
2026,A,4,Z2,Heteropogon contortus,26.5,Unfenced,TF
2026,A,4,Z2,Digitaria eriantha,29,Unfenced,TF
2026,A,4,Z2,Panicum maximum,21.5,Unfenced,TF
2026,A,4,Z2,Diheteropogon amplectens,49.1,Unfenced,TF
2026,B,5,Z1,Heteropogon contortus,48.4,Fenced,THF
2026,B,5,Z1,Aristida congesta b,49.4,Fenced,THF
2026,B,5,Z1,Cynodon dactylon,40.5,Fenced,THF
2026,B,5,Z1,Eragrostis rigidior,40.5,Fenced,THF
2026,B,5,Z1,Digitaria eriantha,NA,Fenced,THF
2026,B,5,Z1,Hyparrhenia filipendula,NA,Fenced,THF
2026,B,5,Z1,Heteropogon contortus,69.7,Fenced,THF
2026,B,5,Z1,Themeda triandra,67.5,Fenced,THF
2026,B,5,Z1,Digitaria eriantha,65.2,Fenced,THF
2026,B,5,Z1,Aristida congesta b,36.4,Fenced,THF
2026,B,5,Z1,Digitaria eriantha,58.3,Fenced,THF
2026,B,5,Z1,Themeda triandra,53.8,Fenced,THF
2026,B,5,Z1,Aristida congesta b,46.9,Fenced,THF
2026,B,5,Z1,NA,47.3,Fenced,THF
2026,B,5,Z1,Cynodon dactylon,51.3,Fenced,THF
2026,B,5,Z1,Aristida diffusa,31.5,Fenced,THF
2026,B,5,Z1,Bothriochloa insculpta,38.3,Fenced,THF
2026,B,5,Z1,Cymbopogon nardus,48.7,Fenced,THF
2026,B,5,Z1,Heteropogon contortus,44.5,Fenced,THF
2026,B,5,Z1,Digitaria eriantha,61.7,Fenced,THF
2026,B,5,Z1,Cynodon dactylon,63.9,Fenced,THF
2026,B,5,Z1,Bothriochloa insculpta,69,Fenced,THF
2026,B,5,Z1,Eragrostis superba,NA,Fenced,THF
2026,B,5,Z3,Digitaria eriantha,67.7,Fenced,THF
2026,B,5,Z3,Sporobolus africanus,42.9,Fenced,THF
2026,B,5,Z3,NA,60.6,Fenced,THF
2026,B,5,Z3,NA,60.6,Fenced,THF
2026,B,5,Z3,Heteropogon contortus,52.3,Fenced,THF
2026,B,5,Z3,Cynodon dactylon,67,Fenced,THF
2026,B,5,Z3,Aristida congesta b,63.1,Fenced,THF
2026,B,5,Z3,Setaria sphacelata,65.6,Fenced,THF
2026,B,5,Z3,Heteropogon contortus,60.8,Fenced,THF
2026,B,5,Z3,Digitaria eriantha,67.8,Fenced,THF
2026,B,5,Z3,Cynodon dactylon,38.3,Fenced,THF
2026,B,5,Z3,Aristida congesta b,37.6,Fenced,THF
2026,B,5,Z3,Eragrostis superba,NA,Fenced,THF
2026,B,5,Z3,Heteropogon contortus,55.6,Fenced,THF
2026,B,5,Z3,Cymbopogon nardus,56.8,Fenced,THF
2026,B,5,Z3,Aristida congesta b,63.9,Fenced,THF
2026,B,5,Z3,NA,52.4,Fenced,THF
2026,B,5,Z3,Themeda triandra,12.5,Fenced,THF
2026,B,5,Z3,Setaria sphacelata,12.5,Fenced,THF
2026,B,5,Z3,Panicum maximum,12.5,Fenced,THF
2026,B,5,Z3,NA,12,Fenced,THF
2026,B,5,Z2,Heteropogon contortus,36,Unfenced,THF
2026,B,5,Z2,Cynodon dactylon,40.1,Unfenced,THF
2026,B,5,Z2,Digitaria eriantha,40.2,Unfenced,THF
2026,B,5,Z2,Bothriochloa insculpta,37.6,Unfenced,THF
2026,B,5,Z2,Panicum maximum,NA,Unfenced,THF
2026,B,5,Z2,Heteropogon contortus,11.7,Unfenced,THF
2026,B,5,Z2,Digitaria eriantha,15.6,Unfenced,THF
2026,B,5,Z2,Cynodon dactylon,17.3,Unfenced,THF
2026,B,5,Z2,Panicum maximum,18.4,Unfenced,THF
2026,B,5,Z2,Heteropogon contortus,23.7,Unfenced,THF
2026,B,5,Z2,Digitaria eriantha,20.6,Unfenced,THF
2026,B,5,Z2,Themeda triandra,27.7,Unfenced,THF
2026,B,5,Z2,Bothriochloa insculpta,25.7,Unfenced,THF
2026,B,5,Z2,Heteropogon contortus,12.8,Unfenced,THF
2026,B,5,Z2,Digitaria eriantha,18,Unfenced,THF
2026,B,5,Z2,Panicum maximum,12.1,Unfenced,THF
2026,B,5,Z2,Eragrostis rigidior,13,Unfenced,THF
2026,B,5,Z2,Themeda triandra,15.6,Unfenced,THF
2026,B,5,Z2,Digitaria eriantha,47.2,Unfenced,THF
2026,B,5,Z2,Bothriochloa insculpta,12.5,Unfenced,THF
2026,B,5,Z2,Eragrostis superba,46.1,Unfenced,THF
2026,B,5,Z2,Eragrostis rigidior,NA,Unfenced,THF
2026,B,5,Z2,Heteropogon contortus,NA,Unfenced,THF
2026,B,5,Z4,Heteropogon contortus,5.8,Unfenced,THF
2026,B,5,Z4,Brachiaria serrata,7.7,Unfenced,THF
2026,B,5,Z4,Aristida congesta b,6.3,Unfenced,THF
2026,B,5,Z4,NA,8.1,Unfenced,THF
2026,B,5,Z4,Heteropogon contortus,9.4,Unfenced,THF
2026,B,5,Z4,Eragrostis superba,9.6,Unfenced,THF
2026,B,5,Z4,Digitaria eriantha,10.4,Unfenced,THF
2026,B,5,Z4,Bothriochloa insculpta,9.1,Unfenced,THF
2026,B,5,Z4,Cymbopogon nardus,8.6,Unfenced,THF
2026,B,5,Z4,Digitaria eriantha,8.4,Unfenced,THF
2026,B,5,Z4,Aristida congesta b,7.3,Unfenced,THF
2026,B,5,Z4,Bothriochloa insculpta,7.5,Unfenced,THF
2026,B,5,Z4,Heteropogon contortus,NA,Unfenced,THF
2026,B,5,Z4,Eragrostis superba,NA,Unfenced,THF
2026,B,5,Z4,Sporobolus africanus,21,Unfenced,THF
2026,B,5,Z4,Digitaria eriantha,20.5,Unfenced,THF
2026,B,5,Z4,Cynodon dactylon,21.1,Unfenced,THF
2026,B,5,Z4,Themeda triandra,21.3,Unfenced,THF
2026,B,5,Z4,Heteropogon contortus,38.5,Unfenced,THF
2026,B,5,Z4,Themeda triandra,31.7,Unfenced,THF
2026,B,5,Z4,Eragrostis superba,26.2,Unfenced,THF
2026,B,5,Z4,Cynodon dactylon,24,Unfenced,THF
2026,B,5,Z4,Bothriochloa insculpta,NA,Unfenced,THF
2026,B,5,Z4,Aristida congesta b,NA,Unfenced,THF
2026,B,5,Z4,Setaria sphacelata,NA,Unfenced,THF
2026,B,4,Z3,Cymbopogon excavatus,38.2,Unfenced,TFB
2026,B,4,Z3,Digitaria eriantha,32.4,Unfenced,TFB
2026,B,4,Z3,Eragrostis superba,34.4,Unfenced,TFB
2026,B,4,Z3,Aristida congesta b,60.1,Unfenced,TFB
2026,B,4,Z3,Heteropogon contortus,NA,Unfenced,TFB
2026,B,4,Z3,Aristida diffusa,27.1,Unfenced,TFB
2026,B,4,Z3,Heteropogon contortus,28.8,Unfenced,TFB
2026,B,4,Z3,Eragrostis rigidior,18.9,Unfenced,TFB
2026,B,4,Z3,Digitaria eriantha,19.2,Unfenced,TFB
2026,B,4,Z3,Heteropogon contortus,30.9,Unfenced,TFB
2026,B,4,Z3,Setaria incrassata,30.3,Unfenced,TFB
2026,B,4,Z3,Cymbopogon excavatus,31,Unfenced,TFB
2026,B,4,Z3,Hyperthelia dissoluta,30.3,Unfenced,TFB
2026,B,4,Z3,Digitaria eriantha,NA,Unfenced,TFB
2026,B,4,Z3,Eragrostis rigidior,NA,Unfenced,TFB
2026,B,4,Z3,Hyparrhenia filipendula,49.6,Unfenced,TFB
2026,B,4,Z3,Cymbopogon nardus,31.4,Unfenced,TFB
2026,B,4,Z3,Melinis repens,24.5,Unfenced,TFB
2026,B,4,Z3,Setaria incrassata,20.8,Unfenced,TFB
2026,B,4,Z3,Heteropogon contortus,NA,Unfenced,TFB
2026,B,4,Z3,Heteropogon contortus,6.5,Unfenced,TFB
2026,B,4,Z3,Digitaria eriantha,6,Unfenced,TFB
2026,B,4,Z3,Aristida adscensionis,5.1,Unfenced,TFB
2026,B,4,Z3,Eragrostis superba,5.5,Unfenced,TFB
2026,B,4,Z4,Heteropogon contortus,29.6,Unfenced,TFB
2026,B,4,Z4,Melinis repens,25.1,Unfenced,TFB
2026,B,4,Z4,Digitaria eriantha,21.7,Unfenced,TFB
2026,B,4,Z4,Aristida congesta b,22.7,Unfenced,TFB
2026,B,4,Z4,Heteropogon contortus,27.8,Unfenced,TFB
2026,B,4,Z4,Eragrostis superba,23.2,Unfenced,TFB
2026,B,4,Z4,Digitaria eriantha,20.4,Unfenced,TFB
2026,B,4,Z4,Aristida congesta b,30.8,Unfenced,TFB
2026,B,4,Z4,Cymbopogon excavatus,NA,Unfenced,TFB
2026,B,4,Z4,Cymbopogon excavatus,16.3,Unfenced,TFB
2026,B,4,Z4,Heteropogon contortus,23,Unfenced,TFB
2026,B,4,Z4,Digitaria eriantha,18.5,Unfenced,TFB
2026,B,4,Z4,Eragrostis curvula,21.7,Unfenced,TFB
2026,B,4,Z4,Heteropogon contortus,45.9,Unfenced,TFB
2026,B,4,Z4,Cymbopogon excavatus,42.1,Unfenced,TFB
2026,B,4,Z4,Setaria sphacelata,31.7,Unfenced,TFB
2026,B,4,Z4,Aristida adscensionis,33.3,Unfenced,TFB
2026,B,4,Z4,Sporobolus africanus,NA,Unfenced,TFB
2026,B,4,Z4,Heteropogon contortus,42.1,Unfenced,TFB
2026,B,4,Z4,Digitaria eriantha,24.2,Unfenced,TFB
2026,B,4,Z4,Eragrostis superba,3,Unfenced,TFB
2026,B,4,Z4,Brachiaria nigropedata,4.1,Unfenced,TFB
2026,B,4,Z1,Heteropogon contortus,23,Fenced,TFB
2026,B,4,Z1,Digitaria eriantha,29.5,Fenced,TFB
2026,B,4,Z1,Aristida congesta b,26.8,Fenced,TFB
2026,B,4,Z1,NA,36.1,Fenced,TFB
2026,B,4,Z1,Heteropogon contortus,45.9,Fenced,TFB
2026,B,4,Z1,Aristida congesta b,45.3,Fenced,TFB
2026,B,4,Z1,Cymbopogon excavatus,48.7,Fenced,TFB
2026,B,4,Z1,Digitaria eriantha,45.6,Fenced,TFB
2026,B,4,Z1,Heteropogon contortus,48.5,Fenced,TFB
2026,B,4,Z1,Digitaria eriantha,48.4,Fenced,TFB
2026,B,4,Z1,Themeda triandra,48.6,Fenced,TFB
2026,B,4,Z1,Cymbopogon excavatus,47.6,Fenced,TFB
2026,B,4,Z1,Heteropogon contortus,45.3,Fenced,TFB
2026,B,4,Z1,Digitaria eriantha,30,Fenced,TFB
2026,B,4,Z1,Cymbopogon excavatus,48.4,Fenced,TFB
2026,B,4,Z1,Eragrostis superba,30.4,Fenced,TFB
2026,B,4,Z1,Heteropogon contortus,43.6,Fenced,TFB
2026,B,4,Z1,Cymbopogon excavatus,70,Fenced,TFB
2026,B,4,Z1,Eragrostis superba,68.9,Fenced,TFB
2026,B,4,Z1,NA,69.8,Fenced,TFB
2026,B,4,Z2,Heteropogon contortus,28.4,Fenced,TFB
2026,B,4,Z2,Digitaria eriantha,26.6,Fenced,TFB
2026,B,4,Z2,Cymbopogon excavatus,24.7,Fenced,TFB
2026,B,4,Z2,Themeda triandra,36.5,Fenced,TFB
2026,B,4,Z2,Aristida congesta c,NA,Fenced,TFB
2026,B,4,Z2,Aristida diffusa,40.3,Fenced,TFB
2026,B,4,Z2,Digitaria eriantha,46.7,Fenced,TFB
2026,B,4,Z2,Heteropogon contortus,46.2,Fenced,TFB
2026,B,4,Z2,NA,45.3,Fenced,TFB
2026,B,4,Z2,Cymbopogon excavatus,32.3,Fenced,TFB
2026,B,4,Z2,Heteropogon contortus,32,Fenced,TFB
2026,B,4,Z2,Panicum maximum,46.1,Fenced,TFB
2026,B,4,Z2,Tragus berteronianus,30,Fenced,TFB
2026,B,4,Z2,Heteropogon contortus,44.2,Fenced,TFB
2026,B,4,Z2,Cymbopogon excavatus,65,Fenced,TFB
2026,B,4,Z2,Eragrostis superba,60.6,Fenced,TFB
2026,B,4,Z2,NA,60.1,Fenced,TFB
2026,B,4,Z2,Heteropogon contortus,42.8,Fenced,TFB
2026,B,4,Z2,Panicum maximum,41,Fenced,TFB
2026,B,4,Z2,Aristida congesta c,42,Fenced,TFB
2026,B,4,Z2,Eragrostis rigidior,42.4,Fenced,TFB
2026,B,3,Z4,Heteropogon contortus,26.2,Unfenced,TF
2026,B,3,Z4,Aristida congesta c,20.8,Unfenced,TF
2026,B,3,Z4,Cymbopogon plurinodis,18.9,Unfenced,TF
2026,B,3,Z4,Eragrostis superba,18.4,Unfenced,TF
2026,B,3,Z4,Setaria sphacelata,NA,Unfenced,TF
2026,B,3,Z4,Digitaria eriantha,NA,Unfenced,TF
2026,B,3,Z4,Heteropogon contortus,25.3,Unfenced,TF
2026,B,3,Z4,Digitaria eriantha,16.9,Unfenced,TF
2026,B,3,Z4,Eragrostis gummiflua,16.8,Unfenced,TF
2026,B,3,Z4,Cymbopogon plurinodis,15.2,Unfenced,TF
2026,B,3,Z4,Heteropogon contortus,16.3,Unfenced,TF
2026,B,3,Z4,Digitaria eriantha,18.7,Unfenced,TF
2026,B,3,Z4,Cymbopogon excavatus,15.4,Unfenced,TF
2026,B,3,Z4,Aristida congesta c,15,Unfenced,TF
2026,B,3,Z4,Cymbopogon plurinodis,NA,Unfenced,TF
2026,B,3,Z4,Setaria incrassata,NA,Unfenced,TF
2026,B,3,Z4,Heteropogon contortus,45.4,Unfenced,TF
2026,B,3,Z4,Eragrostis rigidior,45.8,Unfenced,TF
2026,B,3,Z4,Melinis repens,45,Unfenced,TF
2026,B,3,Z4,NA,45.1,Unfenced,TF
2026,B,3,Z4,Heteropogon contortus,23.8,Unfenced,TF
2026,B,3,Z4,Cymbopogon plurinodis,28.6,Unfenced,TF
2026,B,3,Z4,Aristida congesta c,29.1,Unfenced,TF
2026,B,3,Z4,Melinis repens,27,Unfenced,TF
2026,B,3,Z3,Heteropogon contortus,28.4,Unfenced,TF
2026,B,3,Z3,Cymbopogon plurinodis,23.1,Unfenced,TF
2026,B,3,Z3,Cymbopogon excavatus,24.4,Unfenced,TF
2026,B,3,Z3,Eragrostis superba,24,Unfenced,TF
2026,B,3,Z3,Heteropogon contortus,21.4,Unfenced,TF
2026,B,3,Z3,Digitaria eriantha,30.9,Unfenced,TF
2026,B,3,Z3,Eragrostis curvula,19.9,Unfenced,TF
2026,B,3,Z3,Eragrostis superba,19.5,Unfenced,TF
2026,B,3,Z3,Heteropogon contortus,29.3,Unfenced,TF
2026,B,3,Z3,Aristida congesta c,27.7,Unfenced,TF
2026,B,3,Z3,Eragrostis curvula,25.3,Unfenced,TF
2026,B,3,Z3,Cymbopogon excavatus,23,Unfenced,TF
2026,B,3,Z3,Digitaria eriantha,NA,Unfenced,TF
2026,B,3,Z3,Eragrostis superba,NA,Unfenced,TF
2026,B,3,Z3,Aristida diffusa,22.3,Unfenced,TF
2026,B,3,Z3,Heteropogon contortus,24.5,Unfenced,TF
2026,B,3,Z3,Themeda triandra,23.7,Unfenced,TF
2026,B,3,Z3,Digitaria eriantha,23.4,Unfenced,TF
2026,B,3,Z3,Eragrostis gummiflua,NA,Unfenced,TF
2026,B,3,Z3,Brachiaria serrata,NA,Unfenced,TF
2026,B,3,Z3,Heteropogon contortus,46.5,Unfenced,TF
2026,B,3,Z3,Digitaria eriantha,41.3,Unfenced,TF
2026,B,3,Z3,Aristida congesta b,47,Unfenced,TF
2026,B,3,Z3,NA,46.8,Unfenced,TF
2026,B,3,Z2,Heteropogon contortus,43,Fenced,TF
2026,B,3,Z2,Melinis repens,32.6,Fenced,TF
2026,B,3,Z2,Cymbopogon excavatus,35.3,Fenced,TF
2026,B,3,Z2,Setaria incrassata,60.8,Fenced,TF
2026,B,3,Z2,Heteropogon contortus,52.4,Fenced,TF
2026,B,3,Z2,Themeda triandra,49.7,Fenced,TF
2026,B,3,Z2,Melinis repens,61.9,Fenced,TF
2026,B,3,Z2,Eragrostis rigidior,69,Fenced,TF
2026,B,3,Z2,Setaria incrassata,NA,Fenced,TF
2026,B,3,Z2,Cymbopogon excavatus,40.4,Fenced,TF
2026,B,3,Z2,Eragrostis rigidior,60.9,Fenced,TF
2026,B,3,Z2,Setaria sphacelata,62.1,Fenced,TF
2026,B,3,Z2,Aristida congesta c,64.9,Fenced,TF
2026,B,3,Z2,Melinis repens,NA,Fenced,TF
2026,B,3,Z2,Heteropogon contortus,NA,Fenced,TF
2026,B,3,Z2,Themeda triandra,NA,Fenced,TF
2026,B,3,Z2,Heteropogon contortus,68.2,Fenced,TF
2026,B,3,Z2,Cymbopogon excavatus,49.8,Fenced,TF
2026,B,3,Z2,Melinis repens,62.5,Fenced,TF
2026,B,3,Z2,NA,61.9,Fenced,TF
2026,B,3,Z2,Heteropogon contortus,52.8,Fenced,TF
2026,B,3,Z2,Digitaria eriantha,40.7,Fenced,TF
2026,B,3,Z2,Cymbopogon plurinodis,39.4,Fenced,TF
2026,B,3,Z2,NA,30.8,Fenced,TF
2026,B,3,Z1,Heteropogon contortus,16,Fenced,TF
2026,B,3,Z1,Melinis repens,19.7,Fenced,TF
2026,B,3,Z1,Eragrostis superba,18.7,Fenced,TF
2026,B,3,Z1,Aristida congesta c,18.8,Fenced,TF
2026,B,3,Z1,Cymbopogon plurinodis,NA,Fenced,TF
2026,B,3,Z1,Heteropogon contortus,50.9,Fenced,TF
2026,B,3,Z1,Cymbopogon plurinodis,56,Fenced,TF
2026,B,3,Z1,Cymbopogon excavatus,35.8,Fenced,TF
2026,B,3,Z1,Digitaria eriantha,55.1,Fenced,TF
2026,B,3,Z1,Cynodon dactylon,NA,Fenced,TF
2026,B,3,Z1,Themeda triandra,NA,Fenced,TF
2026,B,3,Z1,Heteropogon contortus,37.6,Fenced,TF
2026,B,3,Z1,Cymbopogon plurinodis,27.5,Fenced,TF
2026,B,3,Z1,Melinis repens,47.2,Fenced,TF
2026,B,3,Z1,Eragrostis superba,49.8,Fenced,TF
2026,B,3,Z1,Themeda triandra,NA,Fenced,TF
2026,B,3,Z1,Aristida congesta c,NA,Fenced,TF
2026,B,3,Z1,Setaria incrassata,NA,Fenced,TF
2026,B,3,Z1,Cymbopogon plurinodis,48.8,Fenced,TF
2026,B,3,Z1,Bothriochloa insculpta,60.6,Fenced,TF
2026,B,3,Z1,Melinis repens,60.7,Fenced,TF
2026,B,3,Z1,Heteropogon contortus,45.6,Fenced,TF
2026,B,3,Z1,Heteropogon contortus,34.5,Fenced,TF
2026,B,3,Z1,Themeda triandra,36.4,Fenced,TF
2026,B,3,Z1,Cynodon dactylon,36,Fenced,TF
2026,B,3,Z1,Eragrostis superba,37,Fenced,TF
2026,B,2,Z4,Heteropogon contortus,11.4,Unfenced,F
2026,B,2,Z4,Sporobolus africanus,10.2,Unfenced,F
2026,B,2,Z4,Themeda triandra,9.5,Unfenced,F
2026,B,2,Z4,Eragrostis rigidior,8.8,Unfenced,F
2026,B,2,Z4,Cymbopogon excavatus,15.6,Unfenced,F
2026,B,2,Z4,Heteropogon contortus,22.4,Unfenced,F
2026,B,2,Z4,Bothriochloa insculpta,23.1,Unfenced,F
2026,B,2,Z4,Setaria sphacelata,20.3,Unfenced,F
2026,B,2,Z4,Eragrostis superba,NA,Unfenced,F
2026,B,2,Z4,Eragrostis gummiflua,NA,Unfenced,F
2026,B,2,Z4,Aristida congesta b,NA,Unfenced,F
2026,B,2,Z4,Heteropogon contortus,23.2,Unfenced,F
2026,B,2,Z4,Aristida adscensionis,23.6,Unfenced,F
2026,B,2,Z4,NA,21.5,Unfenced,F
2026,B,2,Z4,NA,19.2,Unfenced,F
2026,B,2,Z4,Heteropogon contortus,3.9,Unfenced,F
2026,B,2,Z4,Aristida congesta c,0,Unfenced,F
2026,B,2,Z4,Eragrostis gummiflua,0,Unfenced,F
2026,B,2,Z4,NA,0,Unfenced,F
2026,B,2,Z4,Heteropogon contortus,20.6,Unfenced,F
2026,B,2,Z4,Cymbopogon plurinodis,18.2,Unfenced,F
2026,B,2,Z4,Cymbopogon excavatus,17,Unfenced,F
2026,B,2,Z4,Aristida diffusa,16.8,Unfenced,F
2026,B,2,Z2,Heteropogon contortus,16,Unfenced,F
2026,B,2,Z2,Bothriochloa insculpta,20,Unfenced,F
2026,B,2,Z2,Eragrostis gummiflua,16.8,Unfenced,F
2026,B,2,Z2,NA,16.8,Unfenced,F
2026,B,2,Z2,Heteropogon contortus,9.2,Unfenced,F
2026,B,2,Z2,Aristida canescens,9.1,Unfenced,F
2026,B,2,Z2,Melinis repens,9.8,Unfenced,F
2026,B,2,Z2,Eragrostis superba,9.4,Unfenced,F
2026,B,2,Z2,Cymbopogon excavatus,25.6,Unfenced,F
2026,B,2,Z2,Heteropogon contortus,25.6,Unfenced,F
2026,B,2,Z2,Urochloa mosambicensis,20.1,Unfenced,F
2026,B,2,Z2,Digitaria eriantha,20.2,Unfenced,F
2026,B,2,Z2,Eragrostis gummiflua,NA,Unfenced,F
2026,B,2,Z2,Heteropogon contortus,21.1,Unfenced,F
2026,B,2,Z2,NA,15,Unfenced,F
2026,B,2,Z2,NA,8.9,Unfenced,F
2026,B,2,Z2,NA,5.8,Unfenced,F
2026,B,2,Z2,Digitaria eriantha,9.2,Unfenced,F
2026,B,2,Z2,Themeda triandra,14.4,Unfenced,F
2026,B,2,Z2,Hyparrhenia filipendula,15.2,Unfenced,F
2026,B,2,Z2,NA,13,Unfenced,F
2026,B,2,Z1,Brachiaria serrata,14.7,Fenced,F
2026,B,2,Z1,Bothriochloa insculpta,16.6,Fenced,F
2026,B,2,Z1,Aristida congesta b,17,Fenced,F
2026,B,2,Z1,Heteropogon contortus,17.6,Fenced,F
2026,B,2,Z1,Melinis repens,NA,Fenced,F
2026,B,2,Z1,Themeda triandra,21,Fenced,F
2026,B,2,Z1,Aristida congesta c,25,Fenced,F
2026,B,2,Z1,Heteropogon contortus,30.2,Fenced,F
2026,B,2,Z1,NA,31.1,Fenced,F
2026,B,2,Z1,Heteropogon contortus,39.7,Fenced,F
2026,B,2,Z1,Cymbopogon excavatus,36.2,Fenced,F
2026,B,2,Z1,Aristida congesta c,36.5,Fenced,F
2026,B,2,Z1,Digitaria eriantha,31.7,Fenced,F
2026,B,2,Z1,Heteropogon contortus,33.8,Fenced,F
2026,B,2,Z1,Eragrostis superba,25.3,Fenced,F
2026,B,2,Z1,Aristida congesta c,25.2,Fenced,F
2026,B,2,Z1,Digitaria eriantha,35.5,Fenced,F
2026,B,2,Z1,Melinis repens,20.7,Fenced,F
2026,B,2,Z1,Aristida congesta c,25,Fenced,F
2026,B,2,Z1,Cymbopogon excavatus,24.1,Fenced,F
2026,B,2,Z1,Heteropogon contortus,26,Fenced,F
2026,B,2,Z3,Heteropogon contortus,26.9,Fenced,F
2026,B,2,Z3,Aristida congesta c,17.7,Fenced,F
2026,B,2,Z3,Bothriochloa insculpta,15.7,Fenced,F
2026,B,2,Z3,Eragrostis curvula,15,Fenced,F
2026,B,2,Z3,Heteropogon contortus,24.8,Fenced,F
2026,B,2,Z3,Cymbopogon excavatus,22.3,Fenced,F
2026,B,2,Z3,Digitaria eriantha,20.6,Fenced,F
2026,B,2,Z3,NA,1.9,Fenced,F
2026,B,2,Z3,Aristida congesta c,21.7,Fenced,F
2026,B,2,Z3,Heteropogon contortus,22.2,Fenced,F
2026,B,2,Z3,Melinis repens,23.3,Fenced,F
2026,B,2,Z3,Bothriochloa insculpta,23.1,Fenced,F
2026,B,2,Z3,Cymbopogon excavatus,26.7,Fenced,F
2026,B,2,Z3,Heteropogon contortus,34.4,Fenced,F
2026,B,2,Z3,Eragrostis superba,24.2,Fenced,F
2026,B,2,Z3,Aristida congesta c,25.2,Fenced,F
2026,B,2,Z3,Cymbopogon excavatus,22,Fenced,F
2026,B,2,Z3,Cymbopogon nardus,18.5,Fenced,F
2026,B,2,Z3,Setaria sphacelata,18.5,Fenced,F
2026,B,2,Z3,NA,20.2,Fenced,F
2026,B,1,Z1,Heteropogon contortus,20.2,Fenced,C
2026,B,1,Z1,Digitaria velutina,41,Fenced,C
2026,B,1,Z1,Brachiaria serrata,35.4,Fenced,C
2026,B,1,Z1,NA,30.8,Fenced,C
2026,B,1,Z1,Heteropogon contortus,7.2,Fenced,C
2026,B,1,Z1,Eragrostis rigidior,13.6,Fenced,C
2026,B,1,Z1,NA,22.3,Fenced,C
2026,B,1,Z1,NA,10.1,Fenced,C
2026,B,1,Z1,Heteropogon contortus,10.8,Fenced,C
2026,B,1,Z1,Themeda triandra,15.2,Fenced,C
2026,B,1,Z1,Eragrostis superba,11.9,Fenced,C
2026,B,1,Z1,Digitaria eriantha,7.7,Fenced,C
2026,B,1,Z1,Tragus berteronianus,NA,Fenced,C
2026,B,1,Z1,Heteropogon contortus,16.1,Fenced,C
2026,B,1,Z1,Aristida canescens,21,Fenced,C
2026,B,1,Z1,NA,30.5,Fenced,C
2026,B,1,Z1,NA,14.5,Fenced,C
2026,B,1,Z1,Cymbopogon excavatus,13.3,Fenced,C
2026,B,1,Z1,Eragrostis superba,20.9,Fenced,C
2026,B,1,Z1,Heteropogon contortus,17.3,Fenced,C
2026,B,1,Z1,Digitaria eriantha,20.5,Fenced,C
2026,B,1,Z1,Tragus berteronianus,NA,Fenced,C
2026,B,1,Z1,Aristida diffusa,NA,Fenced,C
2026,B,1,Z3,Heteropogon contortus,5.4,Fenced,C
2026,B,1,Z3,Hyparrhenia filipendula,3.8,Fenced,C
2026,B,1,Z3,Eragrostis superba,8.3,Fenced,C
2026,B,1,Z3,Eragrostis curvula,7.8,Fenced,C
2026,B,1,Z3,Cymbopogon excavatus,NA,Fenced,C
2026,B,1,Z3,Melinis repens,NA,Fenced,C
2026,B,1,Z3,Aristida canescens,NA,Fenced,C
2026,B,1,Z3,Heteropogon contortus,22.8,Fenced,C
2026,B,1,Z3,Themeda triandra,15.4,Fenced,C
2026,B,1,Z3,NA,25.6,Fenced,C
2026,B,1,Z3,NA,25.8,Fenced,C
2026,B,1,Z3,Heteropogon contortus,3.7,Fenced,C
2026,B,1,Z3,Eragrostis cylindriflora,26,Fenced,C
2026,B,1,Z3,NA,23.8,Fenced,C
2026,B,1,Z3,NA,15,Fenced,C
2026,B,1,Z3,Heteropogon contortus,36.6,Fenced,C
2026,B,1,Z3,Bothriochloa insculpta,20.3,Fenced,C
2026,B,1,Z3,NA,20.5,Fenced,C
2026,B,1,Z3,NA,27.2,Fenced,C
2026,B,1,Z3,Themeda triandra,25.5,Fenced,C
2026,B,1,Z3,Heteropogon contortus,10.5,Fenced,C
2026,B,1,Z3,Melinis repens,16.6,Fenced,C
2026,B,1,Z3,Setaria sphacelata,17.8,Fenced,C
2026,B,1,Z2,Eragrostis rigidior,2.4,Unfenced,C
2026,B,1,Z2,Aristida diffusa,14.6,Unfenced,C
2026,B,1,Z2,Heteropogon contortus,3.7,Unfenced,C
2026,B,1,Z2,Digitaria eriantha,10.1,Unfenced,C
2026,B,1,Z2,Bothriochloa insculpta,6,Unfenced,C
2026,B,1,Z2,Heteropogon contortus,6.1,Unfenced,C
2026,B,1,Z2,NA,6.2,Unfenced,C
2026,B,1,Z2,NA,6,Unfenced,C
2026,B,1,Z2,Bothriochloa insculpta,5.4,Unfenced,C
2026,B,1,Z2,Eragrostis gummiflua,5.4,Unfenced,C
2026,B,1,Z2,Eragrostis rigidior,5.8,Unfenced,C
2026,B,1,Z2,NA,6,Unfenced,C
2026,B,1,Z2,Themeda triandra,21.9,Unfenced,C
2026,B,1,Z2,Bothriochloa insculpta,22.7,Unfenced,C
2026,B,1,Z2,Heteropogon contortus,24.1,Unfenced,C
2026,B,1,Z2,NA,25.3,Unfenced,C
2026,B,1,Z2,Heteropogon contortus,9.6,Unfenced,C
2026,B,1,Z2,Digitaria eriantha,8.5,Unfenced,C
2026,B,1,Z2,Aristida canescens,8.9,Unfenced,C
2026,B,1,Z2,NA,9.6,Unfenced,C
2026,B,1,Z4,Heteropogon contortus,20.6,Unfenced,C
2026,B,1,Z4,Eragrostis cylindriflora,17.4,Unfenced,C
2026,B,1,Z4,Eragrostis superba,16.1,Unfenced,C
2026,B,1,Z4,NA,14.1,Unfenced,C
2026,B,1,Z4,Heteropogon contortus,9.8,Unfenced,C
2026,B,1,Z4,Bothriochloa insculpta,8.9,Unfenced,C
2026,B,1,Z4,Themeda triandra,7.6,Unfenced,C
2026,B,1,Z4,NA,8.3,Unfenced,C
2026,B,1,Z4,Cymbopogon excavatus,25.1,Unfenced,C
2026,B,1,Z4,Aristida congesta c,20.7,Unfenced,C
2026,B,1,Z4,Heteropogon contortus,19.9,Unfenced,C
2026,B,1,Z4,Bothriochloa insculpta,16.6,Unfenced,C
2026,B,1,Z4,Eragrostis superba,NA,Unfenced,C
2026,B,1,Z4,Eragrostis gummiflua,NA,Unfenced,C
2026,B,1,Z4,Themeda triandra,24.8,Unfenced,C
2026,B,1,Z4,Heteropogon contortus,10.3,Unfenced,C
2026,B,1,Z4,NA,10.8,Unfenced,C
2026,B,1,Z4,NA,4.5,Unfenced,C
2026,B,1,Z4,Miscanthus junceus,15.5,Unfenced,C
2026,B,1,Z4,Heteropogon contortus,13.8,Unfenced,C
2026,B,1,Z4,Bothriochloa insculpta,11.1,Unfenced,C
2026,B,1,Z4,NA,9.8,Unfenced,C
2026,D,1,Z1,Aristida adscensionis,13.9,Fenced,C
2026,D,1,Z1,Setaria pumila,15.8,Fenced,C
2026,D,1,Z1,Eragrostis viscosa,10.1,Fenced,C
2026,D,1,Z1,Panicum maximum,14.3,Fenced,C
2026,D,1,Z1,Heteropogon contortus,NA,Fenced,C
2026,D,1,Z1,Eragrostis rigidior,NA,Fenced,C
2026,D,1,Z1,Eragrostis rigidior,12.5,Fenced,C
2026,D,1,Z1,Eragrostis curvula,12.9,Fenced,C
2026,D,1,Z1,Brachiaria brizantha,20,Fenced,C
2026,D,1,Z1,Setaria pumila,17.3,Fenced,C
2026,D,1,Z1,Chloris virgata,NA,Fenced,C
2026,D,1,Z1,Dactyloctenium aegyptium,NA,Fenced,C
2026,D,1,Z1,Heteropogon contortus,5.7,Fenced,C
2026,D,1,Z1,Setaria pumila,6.3,Fenced,C
2026,D,1,Z1,Aristida canescens,10.6,Fenced,C
2026,D,1,Z1,NA,11.7,Fenced,C
2026,D,1,Z1,Panicum maximum,10.3,Fenced,C
2026,D,1,Z1,Setaria pumila,15.1,Fenced,C
2026,D,1,Z1,Eragrostis cylindriflora,18.7,Fenced,C
2026,D,1,Z1,Eragrostis rigidior,16.4,Fenced,C
2026,D,1,Z1,Brachiaria brizantha,19,Fenced,C
2026,D,1,Z1,Eragrostis rigidior,10.6,Fenced,C
2026,D,1,Z1,Setaria pumila,10.1,Fenced,C
2026,D,1,Z1,Panicum maximum,11.7,Fenced,C
2026,D,1,Z3,Heteropogon contortus,17.5,Fenced,C
2026,D,1,Z3,Brachiaria brizantha,17.4,Fenced,C
2026,D,1,Z3,Setaria pumila,9.7,Fenced,C
2026,D,1,Z3,Aristida adscensionis,10.1,Fenced,C
2026,D,1,Z3,Panicum maximum,17.2,Fenced,C
2026,D,1,Z3,Setaria pumila,10.7,Fenced,C
2026,D,1,Z3,Aristida canescens,8.4,Fenced,C
2026,D,1,Z3,NA,10.4,Fenced,C
2026,D,1,Z3,Panicum maximum,6.1,Fenced,C
2026,D,1,Z3,Aristida diffusa,7.9,Fenced,C
2026,D,1,Z3,Setaria pumila,7.7,Fenced,C
2026,D,1,Z3,Eragrostis viscosa,0,Fenced,C
2026,D,1,Z3,Setaria pumila,5.2,Fenced,C
2026,D,1,Z3,Eragrostis cylindriflora,5.5,Fenced,C
2026,D,1,Z3,Panicum maximum,6.1,Fenced,C
2026,D,1,Z3,Heteropogon contortus,6.4,Fenced,C
2026,D,1,Z3,Heteropogon contortus,9.7,Fenced,C
2026,D,1,Z3,Chloris virgata,6.4,Fenced,C
2026,D,1,Z3,Setaria pumila,0,Fenced,C
2026,D,1,Z3,NA,0,Fenced,C
2026,D,1,Z2,Digitaria velutina,5.8,Unfenced,C
2026,D,1,Z2,Aristida diffusa,4.5,Unfenced,C
2026,D,1,Z2,Aristida canescens,6.3,Unfenced,C
2026,D,1,Z2,Heteropogon contortus,7.7,Unfenced,C
2026,D,1,Z2,Setaria pumila,NA,Unfenced,C
2026,D,1,Z2,Eragrostis rigidior,NA,Unfenced,C
2026,D,1,Z2,Brachiaria brizantha,10.9,Unfenced,C
2026,D,1,Z2,Setaria pumila,8.9,Unfenced,C
2026,D,1,Z2,Panicum maximum,11.7,Unfenced,C
2026,D,1,Z2,Eragrostis superba,8.3,Unfenced,C
2026,D,1,Z2,Eragrostis curvula,13.1,Unfenced,C
2026,D,1,Z2,Dactyloctenium aegyptium,12.7,Unfenced,C
2026,D,1,Z2,Setaria pumila,10.5,Unfenced,C
2026,D,1,Z2,Chloris virgata,9.4,Unfenced,C
2026,D,1,Z2,Eragrostis rigidior,NA,Unfenced,C
2026,D,1,Z2,Heteropogon contortus,NA,Unfenced,C
2026,D,1,Z2,Aristida canescens,NA,Unfenced,C
2026,D,1,Z2,Setaria pumila,9.6,Unfenced,C
2026,D,1,Z2,Brachiaria brizantha,13.4,Unfenced,C
2026,D,1,Z2,Eragrostis rigidior,11,Unfenced,C
2026,D,1,Z2,Heteropogon contortus,10.4,Unfenced,C
2026,D,1,Z2,Enteropogon macrostachyus,5.1,Unfenced,C
2026,D,1,Z2,Brachiaria brizantha,6.6,Unfenced,C
2026,D,1,Z2,Chloris virgata,7.3,Unfenced,C
2026,D,1,Z2,Setaria pumila,7.3,Unfenced,C
2026,D,1,Z2,Aristida canescens,NA,Unfenced,C
2026,D,1,Z4,Heteropogon contortus,20.9,Unfenced,C
2026,D,1,Z4,Setaria pumila,12.8,Unfenced,C
2026,D,1,Z4,Brachiaria brizantha,35.1,Unfenced,C
2026,D,1,Z4,Digitaria velutina,31.7,Unfenced,C
2026,D,1,Z4,Setaria pumila,14,Unfenced,C
2026,D,1,Z4,Heteropogon contortus,10.1,Unfenced,C
2026,D,1,Z4,Aristida canescens,11.3,Unfenced,C
2026,D,1,Z4,Eragrostis cylindriflora,9.8,Unfenced,C
2026,D,1,Z4,Setaria pumila,6.1,Unfenced,C
2026,D,1,Z4,Eragrostis rigidior,6.9,Unfenced,C
2026,D,1,Z4,NA,0,Unfenced,C
2026,D,1,Z4,NA,7.1,Unfenced,C
2026,D,1,Z4,Diheteropogon amplectens,12.5,Unfenced,C
2026,D,1,Z4,Digitaria velutina,10.7,Unfenced,C
2026,D,1,Z4,Heteropogon contortus,15.1,Unfenced,C
2026,D,1,Z4,Aristida adscensionis,14.1,Unfenced,C
2026,D,1,Z4,Aristida diffusa,NA,Unfenced,C
2026,D,1,Z4,Digitaria eriantha,1,Unfenced,C
2026,D,1,Z4,Aristida adscensionis,1,Unfenced,C
2026,D,1,Z4,Panicum maximum,14.6,Unfenced,C
2026,D,1,Z4,Setaria pumila,10.6,Unfenced,C
2026,D,2,Z3,Enteropogon macrostachyus,16.9,Fenced,F
2026,D,2,Z3,Heteropogon contortus,18.4,Fenced,F
2026,D,2,Z3,Chloris virgata,10.2,Fenced,F
2026,D,2,Z3,Setaria pumila,8.4,Fenced,F
2026,D,2,Z3,Brachiaria brizantha,9.9,Fenced,F
2026,D,2,Z3,Setaria pumila,9.8,Fenced,F
2026,D,2,Z3,Eragrostis cylindriflora,9.4,Fenced,F
2026,D,2,Z3,Aristida adscensionis,1,Fenced,F
2026,D,2,Z3,Enteropogon macrostachyus,NA,Fenced,F
2026,D,2,Z3,Setaria pumila,15.1,Fenced,F
2026,D,2,Z3,Heteropogon contortus,11,Fenced,F
2026,D,2,Z3,Brachiaria brizantha,9.7,Fenced,F
2026,D,2,Z3,Digitaria velutina,8.6,Fenced,F
2026,D,2,Z3,Brachiaria brizantha,24.9,Fenced,F
2026,D,2,Z3,Digitaria velutina,20.7,Fenced,F
2026,D,2,Z3,Setaria pumila,19,Fenced,F
2026,D,2,Z3,Enteropogon macrostachyus,16.8,Fenced,F
2026,D,2,Z3,Enteropogon macrostachyus,1,Fenced,F
2026,D,2,Z3,Eragrostis cylindriflora,1,Fenced,F
2026,D,2,Z3,Setaria pumila,6.1,Fenced,F
2026,D,2,Z3,NA,7.2,Fenced,F
2026,D,2,Z2,Setaria pumila,23.9,Unfenced,F
2026,D,2,Z2,Brachiaria nigropedata,26.3,Unfenced,F
2026,D,2,Z2,Panicum maximum,26,Unfenced,F
2026,D,2,Z2,Chloris virgata,27.7,Unfenced,F
2026,D,2,Z2,Setaria pumila,11.8,Unfenced,F
2026,D,2,Z2,Digitaria velutina,14.1,Unfenced,F
2026,D,2,Z2,Eragrostis cylindriflora,17.1,Unfenced,F
2026,D,2,Z2,Aristida adscensionis,1,Unfenced,F
2026,D,2,Z2,Chloris virgata,NA,Unfenced,F
2026,D,2,Z2,Brachiaria brizantha,NA,Unfenced,F
2026,D,2,Z2,Eragrostis cylindriflora,11.8,Unfenced,F
2026,D,2,Z2,Brachiaria brizantha,12.8,Unfenced,F
2026,D,2,Z2,Setaria pumila,13,Unfenced,F
2026,D,2,Z2,Chloris virgata,12.4,Unfenced,F
2026,D,2,Z2,Setaria pumila,14,Unfenced,F
2026,D,2,Z2,Heteropogon contortus,14.4,Unfenced,F
2026,D,2,Z2,Eragrostis cylindriflora,13.8,Unfenced,F
2026,D,2,Z2,Chloris virgata,13.7,Unfenced,F
2026,D,2,Z2,Aristida canescens,NA,Unfenced,F
2026,D,2,Z2,Heteropogon contortus,10.7,Unfenced,F
2026,D,2,Z2,Enteropogon macrostachyus,12.8,Unfenced,F
2026,D,2,Z2,Eragrostis cylindriflora,12.1,Unfenced,F
2026,D,2,Z2,Setaria pumila,11.9,Unfenced,F
2026,D,2,Z4,Eragrostis cylindiflora,26.5,Unfenced,F
2026,D,2,Z4,Heteropogon contortus,31.8,Unfenced,F
2026,D,2,Z4,Digitaria eriantha,29.4,Unfenced,F
2026,D,2,Z4,Melinis repens,26.4,Unfenced,F
2026,D,2,Z4,Setaria pumila,NA,Unfenced,F
2026,D,2,Z4,Heteropogon contortus,24.5,Unfenced,F
2026,D,2,Z4,Chloris virgata,26.4,Unfenced,F
2026,D,2,Z4,Aristida adscensionis,24.8,Unfenced,F
2026,D,2,Z4,Digitaria velutina,19.5,Unfenced,F
2026,D,2,Z4,Setaria pumila,NA,Unfenced,F
2026,D,2,Z4,Diheteropogon amplectens,NA,Unfenced,F
2026,D,2,Z4,Brachiaria brizantha,NA,Unfenced,F
2026,D,2,Z4,Eragrostis cylindiflora,NA,Unfenced,F
2026,D,2,Z4,Setaria pumila,10,Unfenced,F
2026,D,2,Z4,Brachiaria brizantha,13.4,Unfenced,F
2026,D,2,Z4,NA,13,Unfenced,F
2026,D,2,Z4,NA,12.8,Unfenced,F
2026,D,2,Z4,Brachiaria nigropedata,26.4,Unfenced,F
2026,D,2,Z4,Heteropogon contortus,24.7,Unfenced,F
2026,D,2,Z4,Eragrostis cylindiflora,26.3,Unfenced,F
2026,D,2,Z4,Setaria pumila,25.8,Unfenced,F
2026,D,2,Z4,Brachiaria brizantha,NA,Unfenced,F
2026,D,2,Z4,Brachiaria brizantha,17,Unfenced,F
2026,D,2,Z4,Aristida adscensionis,12.2,Unfenced,F
2026,D,2,Z4,Eragrostis cylindiflora,8.5,Unfenced,F
2026,D,2,Z4,Enteropogon macrostachyus,7.5,Unfenced,F
2026,D,2,Z1,Heteropogon contortus,49.8,Fenced,F
2026,D,2,Z1,Setaria pumila,51,Fenced,F
2026,D,2,Z1,Aristida adscensionis,52.5,Fenced,F
2026,D,2,Z1,Eragrostis cylindiflora,43,Fenced,F
2026,D,2,Z1,Enteropogon macrostachyus,19.1,Fenced,F
2026,D,2,Z1,Brachiaria nigropedata,18.1,Fenced,F
2026,D,2,Z1,Setaria pumila,15.6,Fenced,F
2026,D,2,Z1,Chloris virgata,16.9,Fenced,F
2026,D,2,Z1,Digitaria velutina,NA,Fenced,F
2026,D,2,Z1,Aristida adscensionis,NA,Fenced,F
2026,D,2,Z1,Heteropogon contortus,NA,Fenced,F
2026,D,2,Z1,Chloris virgata,20.2,Fenced,F
2026,D,2,Z1,Brachiaria nigropedata,28.1,Fenced,F
2026,D,2,Z1,Eragrostis cylindiflora,24,Fenced,F
2026,D,2,Z1,Panicum maximum,23.1,Fenced,F
2026,D,2,Z1,Aristida adscensionis,NA,Fenced,F
2026,D,2,Z1,Sorghum bicolor,NA,Fenced,F
2026,D,2,Z1,Setaria pumila,7.6,Fenced,F
2026,D,2,Z1,Brachiaria nigropedata,11,Fenced,F
2026,D,2,Z1,NA,14.4,Fenced,F
2026,D,2,Z1,NA,14,Fenced,F
2026,D,2,Z1,Eragrostis cylindiflora,11,Fenced,F
2026,D,2,Z1,Brachiaria brizantha,8.1,Fenced,F
2026,D,2,Z1,Heteropogon contortus,8.1,Fenced,F
2026,D,2,Z1,Enteropogon macrostachyus,1.1,Fenced,F
2026,D,2,Z1,Eragrostis gummiflua,NA,Fenced,F
2026,D,3,Z3,Heteropogon contortus,53.3,Fenced,TF
2026,D,3,Z3,Sorghum bicolor,60.4,Fenced,TF
2026,D,3,Z3,Eragrostis cylindiflora,46.3,Fenced,TF
2026,D,3,Z3,Aristida adscensionis,64.8,Fenced,TF
2026,D,3,Z3,Digitaria velutina,NA,Fenced,TF
2026,D,3,Z3,Chloris virgata,NA,Fenced,TF
2026,D,3,Z3,Heteropogon contortus,34.3,Fenced,TF
2026,D,3,Z3,Diheteropogon amplectens,37.1,Fenced,TF
2026,D,3,Z3,Setaria pumila,35.3,Fenced,TF
2026,D,3,Z3,Digitaria velutina,32.8,Fenced,TF
2026,D,3,Z3,Eragrostis cylindiflora,NA,Fenced,TF
2026,D,3,Z3,Aristida adscensionis,NA,Fenced,TF
2026,D,3,Z3,Eragrostis gummiflua,NA,Fenced,TF
2026,D,3,Z3,Heteropogon contortus,45.9,Fenced,TF
2026,D,3,Z3,Eragrostis cylindiflora,43.1,Fenced,TF
2026,D,3,Z3,Setaria pumila,1,Fenced,TF
2026,D,3,Z3,NA,1,Fenced,TF
2026,D,3,Z3,Enteropogon macrostachyus,36.4,Fenced,TF
2026,D,3,Z3,Eragrostis cylindiflora,30.1,Fenced,TF
2026,D,3,Z3,Setaria pumila,30.4,Fenced,TF
2026,D,3,Z3,Heteropogon contortus,31,Fenced,TF
2026,D,3,Z3,Sorghum bicolor,21.8,Fenced,TF
2026,D,3,Z3,Setaria pumila,25.7,Fenced,TF
2026,D,3,Z3,NA,22.6,Fenced,TF
2026,D,3,Z3,NA,22,Fenced,TF
2026,D,3,Z1,Setaria pumila,19.6,Fenced,TF
2026,D,3,Z1,Heteropogon contortus,19.9,Fenced,TF
2026,D,3,Z1,Enteropogon macrostachyus,20.4,Fenced,TF
2026,D,3,Z1,Eragrostis rigidior,12,Fenced,TF
2026,D,3,Z1,Eragrostis cylindiflora,NA,Fenced,TF
2026,D,3,Z1,Setaria pumila,38.8,Fenced,TF
2026,D,3,Z1,Heteropogon contortus,36.2,Fenced,TF
2026,D,3,Z1,Eragrostis cylindiflora,35,Fenced,TF
2026,D,3,Z1,Enteropogon macrostachyus,35.5,Fenced,TF
2026,D,3,Z1,Eragrostis curvula ,NA,Fenced,TF
2026,D,3,Z1,Panicum maximum,NA,Fenced,TF
2026,D,3,Z1,Brachiaria brizantha,NA,Fenced,TF
2026,D,3,Z1,Cymbopogon excavatus,31.1,Fenced,TF
2026,D,3,Z1,Enteropogon macrostachyus,39.3,Fenced,TF
2026,D,3,Z1,Setaria pumila,41.2,Fenced,TF
2026,D,3,Z1,Eragrostis rigidior,44.6,Fenced,TF
2026,D,3,Z1,Eragrostis gummiflua,NA,Fenced,TF
2026,D,3,Z1,Eragrostis cylindiflora,NA,Fenced,TF
2026,D,3,Z1,Heteropogon contortus,33.8,Fenced,TF
2026,D,3,Z1,Chloris virgata,36.9,Fenced,TF
2026,D,3,Z1,Aristida adscensionis,30,Fenced,TF
2026,D,3,Z1,NA,32.9,Fenced,TF
2026,D,3,Z1,Sorghum bicolor,30.6,Fenced,TF
2026,D,3,Z1,Enteropogon macrostachyus,28.2,Fenced,TF
2026,D,3,Z1,NA,28.3,Fenced,TF
2026,D,3,Z1,NA,27.8,Fenced,TF
2026,D,3,Z2,Heteropogon contortus,24.7,Unfenced,TF
2026,D,3,Z2,Eragrostis cylindiflora,24.5,Unfenced,TF
2026,D,3,Z2,Aristida canescens,28,Unfenced,TF
2026,D,3,Z2,Eragrostis gummiflua,27.2,Unfenced,TF
2026,D,3,Z2,Setaria pumila,NA,Unfenced,TF
2026,D,3,Z2,Setaria pumila,12.6,Unfenced,TF
2026,D,3,Z2,Themeda triandra,14.8,Unfenced,TF
2026,D,3,Z2,Heteropogon contortus,19.6,Unfenced,TF
2026,D,3,Z2,Eragrostis cylindiflora,18.5,Unfenced,TF
2026,D,3,Z2,Aristida adscensionis,NA,Unfenced,TF
2026,D,3,Z2,Eragrostis gummiflua,NA,Unfenced,TF
2026,D,3,Z2,Enteropogon macrostachyus,48.6,Unfenced,TF
2026,D,3,Z2,Setaria pumila,29.1,Unfenced,TF
2026,D,3,Z2,Eragrostis cylindiflora,26.2,Unfenced,TF
2026,D,3,Z2,Aristida diffusa,21.6,Unfenced,TF
2026,D,3,Z2,Enteropogon macrostachyus,1.1,Unfenced,TF
2026,D,3,Z2,Panicum maximum,0,Unfenced,TF
2026,D,3,Z2,NA,0,Unfenced,TF
2026,D,3,Z2,NA,0,Unfenced,TF
2026,D,3,Z2,Panicum maximum,26.3,Unfenced,TF
2026,D,3,Z2,Brachiaria nigropedata,19.7,Unfenced,TF
2026,D,3,Z2,Setaria pumila,23.2,Unfenced,TF
2026,D,3,Z2,Heteropogon contortus,19.2,Unfenced,TF
2026,D,3,Z4,Brachiaria brizantha,22.5,Unfenced,TF
2026,D,3,Z4,Eragrostis curvula ,20.6,Unfenced,TF
2026,D,3,Z4,Aristida adscensionis,20.7,Unfenced,TF
2026,D,3,Z4,Enteropogon macrostachyus,23.8,Unfenced,TF
2026,D,3,Z4,Setaria pumila,26.1,Unfenced,TF
2026,D,3,Z4,Melinis repens,24.5,Unfenced,TF
2026,D,3,Z4,Heteropogon contortus,24.7,Unfenced,TF
2026,D,3,Z4,Enteropogon macrostachyus,23.8,Unfenced,TF
2026,D,3,Z4,Urochloa mosambicensis,NA,Unfenced,TF
2026,D,3,Z4,Brachiaria brizantha,NA,Unfenced,TF
2026,D,3,Z4,Themeda triandra,NA,Unfenced,TF
2026,D,3,Z4,Digitaria velutina,NA,Unfenced,TF
2026,D,3,Z4,Eragrostis cylindiflora,NA,Unfenced,TF
2026,D,3,Z4,Eragrostis gummiflua,NA,Unfenced,TF
2026,D,3,Z4,Heteropogon contortus,50.3,Unfenced,TF
2026,D,3,Z4,Chloris virgata,40.7,Unfenced,TF
2026,D,3,Z4,Setaria pumila,38.2,Unfenced,TF
2026,D,3,Z4,Eragrostis cylindiflora,3.1,Unfenced,TF
2026,D,3,Z4,Aristida adscensionis,NA,Unfenced,TF
2026,D,3,Z4,Panicum maximum,NA,Unfenced,TF
2026,D,3,Z4,Panicum maximum,18.7,Unfenced,TF
2026,D,3,Z4,Setaria pumila,19.5,Unfenced,TF
2026,D,3,Z4,Melinis repens,22.2,Unfenced,TF
2026,D,3,Z4,Enteropogon macrostachyus,24.1,Unfenced,TF
2026,D,3,Z4,Setaria pumila,26,Unfenced,TF
2026,D,3,Z4,Heteropogon contortus,20.6,Unfenced,TF
2026,D,3,Z4,Digitaria velutina,23.1,Unfenced,TF
2026,D,3,Z4,NA,24.2,Unfenced,TF
2026,D,4,Z3,Eragrostis gummiflua,63.9,Fenced,TFB
2026,D,4,Z3,Heteropogon contortus,63.1,Fenced,TFB
2026,D,4,Z3,Setaria pumila,45.8,Fenced,TFB
2026,D,4,Z3,Digitaria velutina,44.6,Fenced,TFB
2026,D,4,Z3,Sorghum bicolor,NA,Fenced,TFB
2026,D,4,Z3,Heteropogon contortus,30.5,Fenced,TFB
2026,D,4,Z3,Setaria pumila,31.4,Fenced,TFB
2026,D,4,Z3,Digitaria eriantha,31.8,Fenced,TFB
2026,D,4,Z3,eragrostis gummiflua,31.2,Fenced,TFB
2026,D,4,Z3,Melinis repens,NA,Fenced,TFB
2026,D,4,Z3,eragrostis gummiflua,62,Fenced,TFB
2026,D,4,Z3,Eragrostis superba,43.5,Fenced,TFB
2026,D,4,Z3,Melinis repens,36.6,Fenced,TFB
2026,D,4,Z3,NA,36.9,Fenced,TFB
2026,D,4,Z3,Pogonarthria squarrosa,40,Fenced,TFB
2026,D,4,Z3,Eragrostis superba,28,Fenced,TFB
2026,D,4,Z3,Tragus berteronianus ,18.8,Fenced,TFB
2026,D,4,Z3,Aristida diffusa,11.1,Fenced,TFB
2026,D,4,Z3,eragrostis gummiflua,NA,Fenced,TFB
2026,D,4,Z3,Setaria pumila,48.1,Fenced,TFB
2026,D,4,Z3,Digitaria velutina,46.2,Fenced,TFB
2026,D,4,Z3,Heteropogon contortus,46.1,Fenced,TFB
2026,D,4,Z3,NA,30,Fenced,TFB
2026,D,4,Z1,Heteropogon contortus,18.7,Fenced,TFB
2026,D,4,Z1,Pogonarthria squarrosa,17.5,Fenced,TFB
2026,D,4,Z1,Eragrostis superba,18.8,Fenced,TFB
2026,D,4,Z1,Digitaria eriantha,17.8,Fenced,TFB
2026,D,4,Z1,eragrostis gummiflua,NA,Fenced,TFB
2026,D,4,Z1,Aristida canescens,23.2,Fenced,TFB
2026,D,4,Z1,Heteropogon contortus,24.8,Fenced,TFB
2026,D,4,Z1,Digitaria velutina,30.4,Fenced,TFB
2026,D,4,Z1,Setaria pumila,29.1,Fenced,TFB
2026,D,4,Z1,Setaria pumila,38.9,Fenced,TFB
2026,D,4,Z1,Bothriochloa insculpta,29.1,Fenced,TFB
2026,D,4,Z1,Aristida adscensionis,29.4,Fenced,TFB
2026,D,4,Z1,Eragrostis viscosa,24.9,Fenced,TFB
2026,D,4,Z1,Eragrostis rigidior,NA,Fenced,TFB
2026,D,4,Z1,Digitaria velutina,NA,Fenced,TFB
2026,D,4,Z1,eragrostis gummiflua,NA,Fenced,TFB
2026,D,4,Z1,Heteropogon contortus,NA,Fenced,TFB
2026,D,4,Z1,Brachiaria nigropedata,47.6,Fenced,TFB
2026,D,4,Z1,Cymbopogon excavatus,47.7,Fenced,TFB
2026,D,4,Z1,Heteropogon contortus,48.9,Fenced,TFB
2026,D,4,Z1,Setaria pumila,45.5,Fenced,TFB
2026,D,4,Z1,Brachiaria brizantha,44.2,Fenced,TFB
2026,D,4,Z1,Digitaria velutina,48.3,Fenced,TFB
2026,D,4,Z1,Eragrostis rigidior,46.7,Fenced,TFB
2026,D,4,Z1,Setaria pumila,34.1,Fenced,TFB
2026,D,4,Z1,Eragrostis cylindiflora,NA,Fenced,TFB
2026,D,4,Z1,eragrostis gummiflua,NA,Fenced,TFB
2026,D,4,Z1,Aristida diffusa,NA,Fenced,TFB
2026,D,4,Z2,Setaria pumila,36.1,Unfenced,TFB
2026,D,4,Z2,Panicum maximum,29.7,Unfenced,TFB
2026,D,4,Z2,Aristida canescens,26.7,Unfenced,TFB
2026,D,4,Z2,Aristida diffusa,21.4,Unfenced,TFB
2026,D,4,Z2,Heteropogon contortus,28.1,Unfenced,TFB
2026,D,4,Z2,Melinis repens,28.8,Unfenced,TFB
2026,D,4,Z2,Aristida congesta B,28,Unfenced,TFB
2026,D,4,Z2,Eragrostis cylindiflora,27.4,Unfenced,TFB
2026,D,4,Z2,Setaria pumila,NA,Unfenced,TFB
2026,D,4,Z2,Panicum maximum,NA,Unfenced,TFB
2026,D,4,Z2,Enteropogon macrostachyus,18.3,Unfenced,TFB
2026,D,4,Z2,Setaria pumila,32.8,Unfenced,TFB
2026,D,4,Z2,Heteropogon contortus,6.7,Unfenced,TFB
2026,D,4,Z2,Digitaria velutina,7.8,Unfenced,TFB
2026,D,4,Z2,eragrostis gummiflua,NA,Unfenced,TFB
2026,D,4,Z2,Eragrostis cylindiflora,10.4,Unfenced,TFB
2026,D,4,Z2,Digitaria velutina,11.6,Unfenced,TFB
2026,D,4,Z2,Heteropogon contortus,16,Unfenced,TFB
2026,D,4,Z2,Enteropogon macrostachyus,18,Unfenced,TFB
2026,D,4,Z2,eragrostis gummiflua,NA,Unfenced,TFB
2026,D,4,Z2,Heteropogon contortus,32.3,Unfenced,TFB
2026,D,4,Z2,Brachiaria brizantha,48,Unfenced,TFB
2026,D,4,Z2,Digitaria velutina,45.2,Unfenced,TFB
2026,D,4,Z2,Panicum maximum,43.3,Unfenced,TFB
2026,D,4,Z2,Eragrostis cylindiflora,NA,Unfenced,TFB
2026,D,4,Z2,Setaria pumila,NA,Unfenced,TFB
2026,D,4,Z2,Tragus berteronianus ,NA,Unfenced,TFB
2026,D,4,Z4,Eragrostis curvula ,20.3,Unfenced,TFB
2026,D,4,Z4,Eragrostis superba,20.2,Unfenced,TFB
2026,D,4,Z4,Eragrostis cylindiflora,16.7,Unfenced,TFB
2026,D,4,Z4,Heteropogon contortus,14.2,Unfenced,TFB
2026,D,4,Z4,Setaria pumila,NA,Unfenced,TFB
2026,D,4,Z4,Aristida canescens,NA,Unfenced,TFB
2026,D,4,Z4,Panicum maximum,NA,Unfenced,TFB
2026,D,4,Z4,eragrostis gummiflua,32,Unfenced,TFB
2026,D,4,Z4,Aristida canescens,35.8,Unfenced,TFB
2026,D,4,Z4,Panicum maximum,34.7,Unfenced,TFB
2026,D,4,Z4,Heteropogon contortus,30.9,Unfenced,TFB
2026,D,4,Z4,Eragrostis superba,NA,Unfenced,TFB
2026,D,4,Z4,Setaria pumila,NA,Unfenced,TFB
2026,D,4,Z4,Eragrostis curvula ,40.1,Unfenced,TFB
2026,D,4,Z4,Tragus berteronianus ,20.1,Unfenced,TFB
2026,D,4,Z4,Heteropogon contortus,21.8,Unfenced,TFB
2026,D,4,Z4,Cymbopogon excavatus,25.1,Unfenced,TFB
2026,D,4,Z4,Brachiaria brizantha,NA,Unfenced,TFB
2026,D,4,Z4,Setaria pumila,NA,Unfenced,TFB
2026,D,4,Z4,Melinis repens,NA,Unfenced,TFB
2026,D,4,Z4,Heteropogon contortus,31.6,Unfenced,TFB
2026,D,4,Z4,Eragrostis cylindiflora,30.6,Unfenced,TFB
2026,D,4,Z4,eragrostis gummiflua,20,Unfenced,TFB
2026,D,4,Z4,Setaria pumila,20.6,Unfenced,TFB
2026,D,4,Z4,Digitaria velutina,NA,Unfenced,TFB
2026,D,4,Z4,Digitaria eriantha,28.7,Unfenced,TFB
2026,D,4,Z4,Heteropogon contortus,10.9,Unfenced,TFB
2026,D,4,Z4,Eragrostis superba,11.2,Unfenced,TFB
2026,D,4,Z4,Aristida diffusa,10.2,Unfenced,TFB
2026,D,4,Z4,eragrostis gummiflua,NA,Unfenced,TFB
2026,D,5,Z3,Aristida canescens,44.8,Fenced,THF
2026,D,5,Z3,Setaria pumila,43,Fenced,THF
2026,D,5,Z3,Heteropogon contortus,14.6,Fenced,THF
2026,D,5,Z3,Digitaria velutina,15.2,Fenced,THF
2026,D,5,Z3,Heteropogon contortus,48.5,Fenced,THF
2026,D,5,Z3,eragrostis gummiflua,37.7,Fenced,THF
2026,D,5,Z3,Eragrostis rigidior,39.3,Fenced,THF
2026,D,5,Z3,Setaria pumila,39.7,Fenced,THF
2026,D,5,Z3,Digitaria velutina,22,Fenced,THF
2026,D,5,Z3,Cymbopogon excavatus,63.9,Fenced,THF
2026,D,5,Z3,Heteropogon contortus,29.3,Fenced,THF
2026,D,5,Z3,eragrostis gummiflua,62.6,Fenced,THF
2026,D,5,Z3,Setaria pumila,NA,Fenced,THF
2026,D,5,Z3,Panicum maximum,22.5,Fenced,THF
2026,D,5,Z3,Heteropogon contortus,33.6,Fenced,THF
2026,D,5,Z3,NA,39.5,Fenced,THF
2026,D,5,Z3,NA,38.2,Fenced,THF
2026,D,5,Z3,NA,NA,Fenced,THF
2026,D,5,Z3,Setaria pumila,46.2,Fenced,THF
2026,D,5,Z3,Enteropogon macrostachyus,46.6,Fenced,THF
2026,D,5,Z3,Aristida adscensionis,45.3,Fenced,THF
2026,D,5,Z3,NA,45.3,Fenced,THF
2026,D,5,Z3,NA,NA,Fenced,THF
2026,D,5,Z1,Pogonarthria squarrosa,26.1,Fenced,THF
2026,D,5,Z1,Brachiaria nigropedata,32.3,Fenced,THF
2026,D,5,Z1,Bothriochloa insculpta,29.6,Fenced,THF
2026,D,5,Z1,eragrostis gummiflua,24.6,Fenced,THF
2026,D,5,Z1,Heteropogon contortus,NA,Fenced,THF
2026,D,5,Z1,Heteropogon contortus,40,Fenced,THF
2026,D,5,Z1,Setaria pumila,38.5,Fenced,THF
2026,D,5,Z1,Setaria sphacelata,31,Fenced,THF
2026,D,5,Z1,NA,32.7,Fenced,THF
2026,D,5,Z1,NA,NA,Fenced,THF
2026,D,5,Z1,Digitaria velutina,40.1,Fenced,THF
2026,D,5,Z1,Aristida canescens,40.9,Fenced,THF
2026,D,5,Z1,Heteropogon contortus,46,Fenced,THF
2026,D,5,Z1,Brachiaria brizantha,48.4,Fenced,THF
2026,D,5,Z1,Setaria pumila,NA,Fenced,THF
2026,D,5,Z1,Panicum maximum,NA,Fenced,THF
2026,D,5,Z1,Heteropogon contortus,20.6,Fenced,THF
2026,D,5,Z1,Brachiaria brizantha,27.5,Fenced,THF
2026,D,5,Z1,Setaria pumila,33.1,Fenced,THF
2026,D,5,Z1,NA,54.4,Fenced,THF
2026,D,5,Z1,Heteropogon contortus,49.7,Fenced,THF
2026,D,5,Z1,eragrostis gummiflua,43.5,Fenced,THF
2026,D,5,Z1,Tragus berteronianus ,45.2,Fenced,THF
2026,D,5,Z1,Panicum maximum,38.1,Fenced,THF
2026,D,5,Z1,Aristida canescens,NA,Fenced,THF
2026,D,5,Z2,Heteropogon contortus,25,Unfenced,THF
2026,D,5,Z2,Eragrostis rigidior,31.4,Unfenced,THF
2026,D,5,Z2,Digitaria velutina,28.8,Unfenced,THF
2026,D,5,Z2,Eragrostis viscosa,24.8,Unfenced,THF
2026,D,5,Z2,Tragus berteronianus ,NA,Unfenced,THF
2026,D,5,Z2,Setaria pumila,NA,Unfenced,THF
2026,D,5,Z2,eragrostis gummiflua,NA,Unfenced,THF
2026,D,5,Z2,Digitaria velutina,NA,Unfenced,THF
2026,D,5,Z2,Chloris virgata,10.4,Unfenced,THF
2026,D,5,Z2,Tragus berteronianus ,13.6,Unfenced,THF
2026,D,5,Z2,Setaria pumila,11.5,Unfenced,THF
2026,D,5,Z2,Panicum maximum,12.7,Unfenced,THF
2026,D,5,Z2,Setaria pumila,42.3,Unfenced,THF
2026,D,5,Z2,Eragrostis cylindiflora,42.4,Unfenced,THF
2026,D,5,Z2,Panicum maximum,43.6,Unfenced,THF
2026,D,5,Z2,Enteropogon macrostachyus,45.9,Unfenced,THF
2026,D,5,Z2,Chloris virgata,NA,Unfenced,THF
2026,D,5,Z2,Brachiaria nigropedata,8.7,Unfenced,THF
2026,D,5,Z2,Eragrostis rigidior,8.9,Unfenced,THF
2026,D,5,Z2,Chloris virgata,12.8,Unfenced,THF
2026,D,5,Z2,Eragrostis viscosa,13.3,Unfenced,THF
2026,D,5,Z2,Tragus berteronianus ,NA,Unfenced,THF
2026,D,5,Z2,Setaria pumila,NA,Unfenced,THF
2026,D,5,Z2,Aristida diffusa,NA,Unfenced,THF
2026,D,5,Z2,Enteropogon macrostachyus,13.6,Unfenced,THF
2026,D,5,Z2,Digitaria velutina,38.8,Unfenced,THF
2026,D,5,Z2,Heteropogon contortus,41.2,Unfenced,THF
2026,D,5,Z2,Eragrostis viscosa,43.4,Unfenced,THF
2026,D,5,Z2,Tragus berteronianus ,NA,Unfenced,THF
2026,D,5,Z2,Chloris virgata,NA,Unfenced,THF
2026,D,5,Z2,Aristida diffusa,NA,Unfenced,THF
2026,D,5,Z4,Aristida diffusa,24.9,Unfenced,THF
2026,D,5,Z4,Heteropogon contortus,11.2,Unfenced,THF
2026,D,5,Z4,Enteropogon macrostachyus,10.9,Unfenced,THF
2026,D,5,Z4,Setaria pumila,19.1,Unfenced,THF
2026,D,5,Z4,eragrostis gummiflua,NA,Unfenced,THF
2026,D,5,Z4,Cymbopogon excavatus,14.8,Unfenced,THF
2026,D,5,Z4,Brachiaria brizantha,12,Unfenced,THF
2026,D,5,Z4,Eragrostis cylindiflora,14,Unfenced,THF
2026,D,5,Z4,NA,14.4,Unfenced,THF
2026,D,5,Z4,Heteropogon contortus,37.1,Unfenced,THF
2026,D,5,Z4,eragrostis gummiflua,33.4,Unfenced,THF
2026,D,5,Z4,NA,26.8,Unfenced,THF
2026,D,5,Z4,NA,24,Unfenced,THF
2026,D,5,Z4,NA,NA,Unfenced,THF
2026,D,5,Z4,Eragrostis superba,14.5,Unfenced,THF
2026,D,5,Z4,Heteropogon contortus,19.3,Unfenced,THF
2026,D,5,Z4,Aristida canescens,18.1,Unfenced,THF
2026,D,5,Z4,eragrostis gummiflua,16.5,Unfenced,THF
2026,D,5,Z4,Aristida diffusa,48.8,Unfenced,THF
2026,D,5,Z4,Aristida canescens,42.6,Unfenced,THF
2026,D,5,Z4,Digitaria velutina,38.1,Unfenced,THF
2026,D,5,Z4,Heteropogon contortus,30.3,Unfenced,THF
2026,D,5,Z4,Brachiaria brizantha,NA,Unfenced,THF
2026,C,2,Z4,Panicum maximum,7.2,Unfenced,TFB
2026,C,2,Z4,Eragrostis rigidior,10.9,Unfenced,TFB
2026,C,2,Z4,NA,10.4,Unfenced,TFB
2026,C,2,Z4,NA,8.4,Unfenced,TFB
2026,C,2,Z4,Panicum maximum,16,Unfenced,TFB
2026,C,2,Z4,Digitaria velutina,15.2,Unfenced,TFB
2026,C,2,Z4,Melinis repens,13.8,Unfenced,TFB
2026,C,2,Z4,Setaria pumila,11.4,Unfenced,TFB
2026,C,2,Z4,Setaria pumila,43.3,Unfenced,TFB
2026,C,2,Z4,Panicum maximum,80.5,Unfenced,TFB
2026,C,2,Z4,Digitaria velutina,45.9,Unfenced,TFB
2026,C,2,Z4,eragrostis gummiflua,38.6,Unfenced,TFB
2026,C,2,Z4,Panicum maximum,30.3,Unfenced,TFB
2026,C,2,Z4,Digitaria velutina,21,Unfenced,TFB
2026,C,2,Z4,Setaria pumila,21.2,Unfenced,TFB
2026,C,2,Z4,NA,18.7,Unfenced,TFB
2026,C,2,Z4,Panicum maximum,30.8,Unfenced,TFB
2026,C,2,Z4,Digitaria velutina,26.3,Unfenced,TFB
2026,C,2,Z4,Setaria pumila,23.8,Unfenced,TFB
2026,C,2,Z4,Brachiaria brizantha,21.1,Unfenced,TFB
2026,C,2,Z2,Panicum maximum,14.7,Unfenced,TFB
2026,C,2,Z2,Digitaria eriantha,12.6,Unfenced,TFB
2026,C,2,Z2,Digitaria velutina,17.9,Unfenced,TFB
2026,C,2,Z2,Setaria pumila,16.5,Unfenced,TFB
2026,C,2,Z2,Panicum maximum,18.6,Unfenced,TFB
2026,C,2,Z2,Digitaria eriantha,13.8,Unfenced,TFB
2026,C,2,Z2,Digitaria velutina,48.5,Unfenced,TFB
2026,C,2,Z2,Setaria pumila,37.2,Unfenced,TFB
2026,C,2,Z2,Aristida adscensionis,NA,Unfenced,TFB
2026,C,2,Z2,Brachiaria brizantha,33.8,Unfenced,TFB
2026,C,2,Z2,Chloris virgata,30,Unfenced,TFB
2026,C,2,Z2,Digitaria velutina,28.8,Unfenced,TFB
2026,C,2,Z2,NA,29.1,Unfenced,TFB
2026,C,2,Z2,Brachiaria brizantha,12.5,Unfenced,TFB
2026,C,2,Z2,Panicum maximum,9.9,Unfenced,TFB
2026,C,2,Z2,Aristida diffusa,8.6,Unfenced,TFB
2026,C,2,Z2,NA,9.7,Unfenced,TFB
2026,C,2,Z2,Setaria pumila,25,Unfenced,TFB
2026,C,2,Z2,Digitaria velutina,20.2,Unfenced,TFB
2026,C,2,Z2,Panicum maximum,18.8,Unfenced,TFB
2026,C,2,Z2,NA,18.1,Unfenced,TFB
2026,C,2,Z3,Panicum maximum,33.8,Fenced,TFB
2026,C,2,Z3,Setaria pumila,70.7,Fenced,TFB
2026,C,2,Z3,Dactyloctenium aegyptium,45.3,Fenced,TFB
2026,C,2,Z3,NA,60.1,Fenced,TFB
2026,C,2,Z3,Heteropogon contortus,18.9,Fenced,TFB
2026,C,2,Z3,Eragrostis viscosa,10.8,Fenced,TFB
2026,C,2,Z3,Aristida adscensionis,10.9,Fenced,TFB
2026,C,2,Z3,Dactyloctenium aegyptium,18.6,Fenced,TFB
2026,C,2,Z3,Eragrostis rigidior,19,Fenced,TFB
2026,C,2,Z3,Setaria pumila,19.9,Fenced,TFB
2026,C,2,Z3,Eragrostis viscosa,11,Fenced,TFB
2026,C,2,Z3,NA,11.4,Fenced,TFB
2026,C,2,Z3,Panicum maximum,35.6,Fenced,TFB
2026,C,2,Z3,Digitaria eriantha,35.8,Fenced,TFB
2026,C,2,Z3,NA,37,Fenced,TFB
2026,C,2,Z3,NA,35.7,Fenced,TFB
2026,C,2,Z3,Panicum maximum,68.8,Fenced,TFB
2026,C,2,Z3,Digitaria velutina,66,Fenced,TFB
2026,C,2,Z3,NA,37.7,Fenced,TFB
2026,C,2,Z3,NA,56.1,Fenced,TFB
2026,C,2,Z1,Setaria pumila,31.9,Fenced,TFB
2026,C,2,Z1,Digitaria velutina,45.5,Fenced,TFB
2026,C,2,Z1,Panicum maximum,46.4,Fenced,TFB
2026,C,2,Z1,NA,30.5,Fenced,TFB
2026,C,2,Z1,Aristida adscensionis,23.3,Fenced,TFB
2026,C,2,Z1,Eragrostis viscosa,19.2,Fenced,TFB
2026,C,2,Z1,Setaria pumila,18.5,Fenced,TFB
2026,C,2,Z1,Digitaria eriantha,20,Fenced,TFB
2026,C,2,Z1,Dactyloctenium aegyptium,NA,Fenced,TFB
2026,C,2,Z1,Digitaria velutina,NA,Fenced,TFB
2026,C,2,Z1,Digitaria velutina,15,Fenced,TFB
2026,C,2,Z1,Setaria pumila,16.1,Fenced,TFB
2026,C,2,Z1,Aristida adscensionis,16.7,Fenced,TFB
2026,C,2,Z1,NA,15.4,Fenced,TFB
2026,C,2,Z1,Panicum maximum,70.2,Fenced,TFB
2026,C,2,Z1,Setaria pumila,50.2,Fenced,TFB
2026,C,2,Z1,Digitaria velutina,37.2,Fenced,TFB
2026,C,2,Z1,NA,35.3,Fenced,TFB
2026,C,2,Z1,Panicum maximum,41.6,Fenced,TFB
2026,C,2,Z1,Setaria pumila,36.5,Fenced,TFB
2026,C,2,Z1,Digitaria velutina,30.7,Fenced,TFB
2026,C,2,Z1,NA,27.3,Fenced,TFB
2026,C,5,Z1,Pogonarthria squarrosa,22.3,Fenced,THF
2026,C,5,Z1,Digitaria eriantha,23.5,Fenced,THF
2026,C,5,Z1,Chloris virgata,22.6,Fenced,THF
2026,C,5,Z1,NA,33,Fenced,THF
2026,C,5,Z1,Pogonarthria squarrosa,30.8,Fenced,THF
2026,C,5,Z1,Heteropogon contortus,35.1,Fenced,THF
2026,C,5,Z1,NA,44.5,Fenced,THF
2026,C,5,Z1,NA,48.6,Fenced,THF
2026,C,5,Z1,Panicum maximum,14.5,Fenced,THF
2026,C,5,Z1,Heteropogon contortus,19,Fenced,THF
2026,C,5,Z1,Digitaria velutina,19.1,Fenced,THF
2026,C,5,Z1,NA,20.4,Fenced,THF
2026,C,5,Z1,Digitaria eriantha,25.3,Fenced,THF
2026,C,5,Z1,eragrostis gummiflua,29,Fenced,THF
2026,C,5,Z1,Setaria pumila,25.2,Fenced,THF
2026,C,5,Z1,Eragrostis viscosa,26.9,Fenced,THF
2026,C,5,Z1,Panicum maximum,34,Fenced,THF
2026,C,5,Z1,Melinis repens,36.8,Fenced,THF
2026,C,5,Z1,Digitaria velutina,46.1,Fenced,THF
2026,C,5,Z1,NA,48.5,Fenced,THF
2026,C,5,Z2,Pogonarthria squarrosa,51.4,Fenced,THF
2026,C,5,Z2,Heteropogon contortus,47.3,Fenced,THF
2026,C,5,Z2,Melinis repens,52.3,Fenced,THF
2026,C,5,Z2,Setaria pumila,50,Fenced,THF
2026,C,5,Z2,Pogonarthria squarrosa,33,Fenced,THF
2026,C,5,Z2,Heteropogon contortus,35,Fenced,THF
2026,C,5,Z2,NA,36.8,Fenced,THF
2026,C,5,Z2,NA,29,Fenced,THF
2026,C,5,Z2,Panicum maximum,60.6,Fenced,THF
2026,C,5,Z2,NA,37.7,Fenced,THF
2026,C,5,Z2,NA,1,Fenced,THF
2026,C,5,Z2,NA,27.5,Fenced,THF
2026,C,5,Z2,Panicum maximum,80.8,Fenced,THF
2026,C,5,Z2,Setaria pumila,44,Fenced,THF
2026,C,5,Z2,Digitaria velutina,33.1,Fenced,THF
2026,C,5,Z2,NA,26,Fenced,THF
2026,C,5,Z2,NA,NA,Fenced,THF
2026,C,5,Z2,Panicum maximum,50.9,Fenced,THF
2026,C,5,Z2,Digitaria velutina,38.8,Fenced,THF
2026,C,5,Z2,NA,45.3,Fenced,THF
2026,C,5,Z2,NA,48.4,Fenced,THF
2026,C,5,Z3,Digitaria velutina,11.2,Unfenced,THF
2026,C,5,Z3,Panicum maximum,10.6,Unfenced,THF
2026,C,5,Z3,Chloris virgata,24.2,Unfenced,THF
2026,C,5,Z3,Setaria pumila,20.3,Unfenced,THF
2026,C,5,Z3,Digitaria velutina,11.5,Unfenced,THF
2026,C,5,Z3,Brachiaria brizantha,10.2,Unfenced,THF
2026,C,5,Z3,NA,12.3,Unfenced,THF
2026,C,5,Z3,NA,9.6,Unfenced,THF
2026,C,5,Z3,Pogonarthria squarrosa,31.1,Unfenced,THF
2026,C,5,Z3,Brachiaria brizantha,39.5,Unfenced,THF
2026,C,5,Z3,Urochloa oligotricha,37.1,Unfenced,THF
2026,C,5,Z3,Aristida adscensionis,27.6,Unfenced,THF
2026,C,5,Z3,Setaria pumila,NA,Unfenced,THF
2026,C,5,Z3,eragrostis gummiflua,NA,Unfenced,THF
2026,C,5,Z3,Eragrostis viscosa,NA,Unfenced,THF
2026,C,5,Z3,Heteropogon contortus,36.6,Unfenced,THF
2026,C,5,Z3,Digitaria velutina,21.2,Unfenced,THF
2026,C,5,Z3,Setaria pumila,28.4,Unfenced,THF
2026,C,5,Z3,Brachiaria brizantha,24.2,Unfenced,THF
2026,C,5,Z3,Panicum maximum,16.5,Unfenced,THF
2026,C,5,Z3,Digitaria velutina,18.7,Unfenced,THF
2026,C,5,Z3,NA,19.7,Unfenced,THF
2026,C,5,Z3,NA,17.1,Unfenced,THF
2026,C,5,Z4,Digitaria velutina,8.2,Unfenced,THF
2026,C,5,Z4,Panicum maximum,9.5,Unfenced,THF
2026,C,5,Z4,NA,8,Unfenced,THF
2026,C,5,Z4,NA,6.2,Unfenced,THF
2026,C,5,Z4,Urochloa oligotricha,12.2,Unfenced,THF
2026,C,5,Z4,Digitaria eriantha,14.3,Unfenced,THF
2026,C,5,Z4,Aristida adscensionis,17.1,Unfenced,THF
2026,C,5,Z4,Setaria pumila,17.1,Unfenced,THF
2026,C,5,Z4,Eragrostis curvula ,NA,Unfenced,THF
2026,C,5,Z4,Aristida adscensionis,18.2,Unfenced,THF
2026,C,5,Z4,Pogonarthria squarrosa,20.8,Unfenced,THF
2026,C,5,Z4,Panicum maximum,13.9,Unfenced,THF
2026,C,5,Z4,Setaria pumila,14,Unfenced,THF
2026,C,5,Z4,Heteropogon contortus,NA,Unfenced,THF
2026,C,5,Z4,Eragrostis viscosa,NA,Unfenced,THF
2026,C,5,Z4,Aristida adscensionis,12,Unfenced,THF
2026,C,5,Z4,Heteropogon contortus,10.5,Unfenced,THF
2026,C,5,Z4,Setaria pumila,10.1,Unfenced,THF
2026,C,5,Z4,Digitaria eriantha,10.1,Unfenced,THF
2026,C,5,Z4,Heteropogon contortus,15.1,Unfenced,THF
2026,C,5,Z4,Urochloa oligotricha,16,Unfenced,THF
2026,C,5,Z4,Digitaria velutina,14.1,Unfenced,THF
2026,C,5,Z4,NA,16.2,Unfenced,THF
2026,F,1,Z1,Digitaria eriantha,6.1,Fenced,C
2026,F,1,Z1,Aristida adscensionis,9.7,Fenced,C
2026,F,1,Z1,NA,9.5,Fenced,C
2026,F,1,Z1,NA,9,Fenced,C
2026,F,1,Z1,Pogonarthria squarrosa,14.4,Fenced,C
2026,F,1,Z1,Digitaria eriantha,17,Fenced,C
2026,F,1,Z1,Eragrostis superba,17.4,Fenced,C
2026,F,1,Z1,eragrostis gummiflua,16.7,Fenced,C
2026,F,1,Z1,Aristida adscensionis,NA,Fenced,C
2026,F,1,Z1,Heteropogon contortus,NA,Fenced,C
2026,F,1,Z1,Eragrostis rigidior,17.4,Fenced,C
2026,F,1,Z1,Pogonarthria squarrosa,15.2,Fenced,C
2026,F,1,Z1,eragrostis gummiflua,14.7,Fenced,C
2026,F,1,Z1,NA,14.2,Fenced,C
2026,F,1,Z1,Heteropogon contortus,20.9,Fenced,C
2026,F,1,Z1,Pogonarthria squarrosa,19,Fenced,C
2026,F,1,Z1,Eragrostis superba,16.3,Fenced,C
2026,F,1,Z1,eragrostis gummiflua,14,Fenced,C
2026,F,1,Z1,Digitaria eriantha,15,Fenced,C
2026,F,1,Z1,Eragrostis rigidior,18.6,Fenced,C
2026,F,1,Z1,Heteropogon contortus,16.5,Fenced,C
2026,F,1,Z1,eragrostis gummiflua,15.6,Fenced,C
2026,F,1,Z2,Heteropogon contortus,16.8,Fenced,C
2026,F,1,Z2,Digitaria eriantha,13.9,Fenced,C
2026,F,1,Z2,Eragrostis rigidior,11.8,Fenced,C
2026,F,1,Z2,eragrostis gummiflua,24.9,Fenced,C
2026,F,1,Z2,Heteropogon contortus,10.8,Fenced,C
2026,F,1,Z2,Digitaria eriantha,10,Fenced,C
2026,F,1,Z2,eragrostis gummiflua,8.2,Fenced,C
2026,F,1,Z2,NA,1,Fenced,C
2026,F,1,Z2,Heteropogon contortus,5.8,Fenced,C
2026,F,1,Z2,Eragrostis superba,10,Fenced,C
2026,F,1,Z2,Eragrostis rigidior,7.9,Fenced,C
2026,F,1,Z2,eragrostis gummiflua,7.2,Fenced,C
2026,F,1,Z2,Heteropogon contortus,10.2,Fenced,C
2026,F,1,Z2,Eragrostis superba,10.2,Fenced,C
2026,F,1,Z2,Eragrostis rigidior,8.8,Fenced,C
2026,F,1,Z2,Aristida adscensionis,8.4,Fenced,C
2026,F,1,Z2,Enteropogon macrostachyus,NA,Fenced,C
2026,F,1,Z2,Heteropogon contortus,25.1,Fenced,C
2026,F,1,Z2,Digitaria eriantha,26.9,Fenced,C
2026,F,1,Z2,eragrostis gummiflua,23.2,Fenced,C
2026,F,1,Z2,NA,22.1,Fenced,C
2026,F,1,Z3,Eragrostis superba,7,Unfenced,C
2026,F,1,Z3,Pogonarthria squarrosa,7.1,Unfenced,C
2026,F,1,Z3,eragrostis gummiflua,7.8,Unfenced,C
2026,F,1,Z3,NA,6.5,Unfenced,C
2026,F,1,Z3,Eragrostis superba,8.6,Unfenced,C
2026,F,1,Z3,eragrostis gummiflua,7.1,Unfenced,C
2026,F,1,Z3,NA,7.6,Unfenced,C
2026,F,1,Z3,NA,7.9,Unfenced,C
2026,F,1,Z3,eragrostis gummiflua,5.2,Unfenced,C
2026,F,1,Z3,Eragrostis cylindiflora,4.8,Unfenced,C
2026,F,1,Z3,NA,5.1,Unfenced,C
2026,F,1,Z3,NA,4.7,Unfenced,C
2026,F,1,Z3,Eragrostis rigidior,9.5,Unfenced,C
2026,F,1,Z3,Digitaria eriantha,10.4,Unfenced,C
2026,F,1,Z3,Eragrostis viscosa,9.4,Unfenced,C
2026,F,1,Z3,eragrostis gummiflua,8.9,Unfenced,C
2026,F,1,Z3,Aristida diffusa,12.9,Unfenced,C
2026,F,1,Z3,Heteropogon contortus,11.7,Unfenced,C
2026,F,1,Z3,Enteropogon macrostachyus,8.9,Unfenced,C
2026,F,1,Z3,Eragrostis superba,8.9,Unfenced,C
2026,F,1,Z3,eragrostis gummiflua,NA,Unfenced,C
2026,F,1,Z4,Eragrostis cylindiflora,9,Unfenced,C
2026,F,1,Z4,eragrostis gummiflua,8.5,Unfenced,C
2026,F,1,Z4,NA,8.4,Unfenced,C
2026,F,1,Z4,NA,8.5,Unfenced,C
2026,F,1,Z4,Eragrostis superba,8.4,Unfenced,C
2026,F,1,Z4,Aristida diffusa,8.2,Unfenced,C
2026,F,1,Z4,Eragrostis rigidior,7.8,Unfenced,C
2026,F,1,Z4,Eragrostis cylindiflora,7.7,Unfenced,C
2026,F,1,Z4,eragrostis gummiflua,NA,Unfenced,C
2026,F,1,Z4,Digitaria eriantha,NA,Unfenced,C
2026,F,1,Z4,Eragrostis cylindiflora,5.5,Unfenced,C
2026,F,1,Z4,Aristida adscensionis,6.7,Unfenced,C
2026,F,1,Z4,eragrostis gummiflua,6.7,Unfenced,C
2026,F,1,Z4,NA,6.1,Unfenced,C
2026,F,1,Z4,Digitaria eriantha,10,Unfenced,C
2026,F,1,Z4,Eragrostis cylindiflora,10.3,Unfenced,C
2026,F,1,Z4,eragrostis gummiflua,10,Unfenced,C
2026,F,1,Z4,NA,9.5,Unfenced,C
2026,F,1,Z4,Heteropogon contortus,14,Unfenced,C
2026,F,1,Z4,Eragrostis superba,9,Unfenced,C
2026,F,1,Z4,eragrostis gummiflua,8.9,Unfenced,C
2026,F,1,Z4,Pogonarthria squarrosa,8.2,Unfenced,C
2026,F,1,Z4,Aristida congesta B,NA,Unfenced,C
2026,F,2,Z3,Cynodon dactylon,15.5,Unfenced,F
2026,F,2,Z3,Chloris virgata,16.8,Unfenced,F
2026,F,2,Z3,Digitaria eriantha,14.7,Unfenced,F
2026,F,2,Z3,NA,15.5,Unfenced,F
2026,F,2,Z3,Digitaria eriantha,9.3,Unfenced,F
2026,F,2,Z3,Eragrostis cylindiflora,10.3,Unfenced,F
2026,F,2,Z3,Eragrostis superba,10.8,Unfenced,F
2026,F,2,Z3,Cynodon dactylon,11.3,Unfenced,F
2026,F,2,Z3,Eragrostis viscosa,NA,Unfenced,F
2026,F,2,Z3,Enteropogon macrostachyus,15.5,Unfenced,F
2026,F,2,Z3,Eragrostis rigidior,13.1,Unfenced,F
2026,F,2,Z3,Cynodon dactylon,12.2,Unfenced,F
2026,F,2,Z3,Aristida adscensionis,11,Unfenced,F
2026,F,2,Z3,Digitaria eriantha,NA,Unfenced,F
2026,F,2,Z3,Heteropogon contortus,6.5,Unfenced,F
2026,F,2,Z3,Pogonarthria squarrosa,7.9,Unfenced,F
2026,F,2,Z3,Eragrostis superba,6.5,Unfenced,F
2026,F,2,Z3,Cynodon dactylon,5.4,Unfenced,F
2026,F,2,Z3,Digitaria eriantha,NA,Unfenced,F
2026,F,2,Z3,Panicum maximum,NA,Unfenced,F
2026,F,2,Z3,Eragrostis rigidior,23,Unfenced,F
2026,F,2,Z3,Pogonarthria squarrosa,23.3,Unfenced,F
2026,F,2,Z3,Digitaria eriantha,21.7,Unfenced,F
2026,F,2,Z3,Dactyloctenium aegyptium,20,Unfenced,F
2026,F,2,Z3,Cynodon dactylon,NA,Unfenced,F
2026,F,2,Z3,Enteropogon macrostachyus,NA,Unfenced,F
2026,F,2,Z4,Enteropogon macrostachyus,15.5,Unfenced,F
2026,F,2,Z4,Digitaria eriantha,12.6,Unfenced,F
2026,F,2,Z4,Aristida adscensionis,9.7,Unfenced,F
2026,F,2,Z4,NA,9.3,Unfenced,F
2026,F,2,Z4,Eragrostis viscosa,13.1,Unfenced,F
2026,F,2,Z4,Digitaria eriantha,10.3,Unfenced,F
2026,F,2,Z4,Cynodon dactylon,8.8,Unfenced,F
2026,F,2,Z4,NA,9.5,Unfenced,F
2026,F,2,Z4,Eragrostis rigidior,12,Unfenced,F
2026,F,2,Z4,Pogonarthria squarrosa,10.5,Unfenced,F
2026,F,2,Z4,Enteropogon macrostachyus,9.5,Unfenced,F
2026,F,2,Z4,Eragrostis viscosa,8.5,Unfenced,F
2026,F,2,Z4,Digitaria eriantha,NA,Unfenced,F
2026,F,2,Z4,Cynodon dactylon,NA,Unfenced,F
2026,F,2,Z4,Digitaria eriantha,13.6,Unfenced,F
2026,F,2,Z4,Heteropogon contortus,16,Unfenced,F
2026,F,2,Z4,Aristida adscensionis,14.3,Unfenced,F
2026,F,2,Z4,Setaria pumila,14.7,Unfenced,F
2026,F,2,Z4,Dactyloctenium aegyptium,NA,Unfenced,F
2026,F,2,Z4,Digitaria eriantha,10.3,Unfenced,F
2026,F,2,Z4,Setaria pumila,16.6,Unfenced,F
2026,F,2,Z4,Cynodon dactylon,16,Unfenced,F
2026,F,2,Z4,Aristida adscensionis,14.5,Unfenced,F
2026,F,2,Z4,Panicum maximum,NA,Unfenced,F
2026,F,2,Z2,Chloris virgata,16,Fenced,F
2026,F,2,Z2,Eragrostis rigidior,15.5,Fenced,F
2026,F,2,Z2,Aristida adscensionis,13.5,Fenced,F
2026,F,2,Z2,Setaria pumila,13,Fenced,F
2026,F,2,Z2,Pogonarthria squarrosa,14.7,Fenced,F
2026,F,2,Z2,Digitaria eriantha,13.8,Fenced,F
2026,F,2,Z2,Eragrostis cylindiflora,14.8,Fenced,F
2026,F,2,Z2,Eragrostis viscosa,13.2,Fenced,F
2026,F,2,Z2,Dactyloctenium giganteum,NA,Fenced,F
2026,F,2,Z2,Panicum maximum,NA,Fenced,F
2026,F,2,Z2,Digitaria eriantha,5.4,Fenced,F
2026,F,2,Z2,Setaria pumila,8.1,Fenced,F
2026,F,2,Z2,Aristida adscensionis,6.7,Fenced,F
2026,F,2,Z2,Heteropogon contortus,6.8,Fenced,F
2026,F,2,Z2,Setaria pumila,10.2,Fenced,F
2026,F,2,Z2,Digitaria eriantha,10.7,Fenced,F
2026,F,2,Z2,NA,11.3,Fenced,F
2026,F,2,Z2,NA,13.7,Fenced,F
2026,F,2,Z2,Eragrostis rigidior,14.4,Fenced,F
2026,F,2,Z2,Aristida adscensionis,14.5,Fenced,F
2026,F,2,Z2,Digitaria eriantha,11.6,Fenced,F
2026,F,2,Z2,Pogonarthria squarrosa,11.3,Fenced,F
2026,F,2,Z2,Tragus berteronianus ,NA,Fenced,F
2026,F,2,Z2,Dactyloctenium giganteum,NA,Fenced,F
2026,F,2,Z2,Cynodon dactylon,NA,Fenced,F
2026,F,2,Z1,Aristida adscensionis,18.9,Fenced,F
2026,F,2,Z1,Pogonarthria squarrosa,21,Fenced,F
2026,F,2,Z1,Eragrostis rigidior,18,Fenced,F
2026,F,2,Z1,Cynodon dactylon,18.3,Fenced,F
2026,F,2,Z1,Chloris virgata,19.5,Fenced,F
2026,F,2,Z1,Eragrostis viscosa,19.4,Fenced,F
2026,F,2,Z1,Cynodon dactylon,22.4,Fenced,F
2026,F,2,Z1,Eragrostis rigidior,19.9,Fenced,F
2026,F,2,Z1,Chloris virgata,20.2,Fenced,F
2026,F,2,Z1,Setaria pumila,19.3,Fenced,F
2026,F,2,Z1,Eragrostis rigidior,20.5,Fenced,F
2026,F,2,Z1,Aristida adscensionis,19.1,Fenced,F
2026,F,2,Z1,Panicum maximum,21.1,Fenced,F
2026,F,2,Z1,NA,20.5,Fenced,F
2026,F,2,Z1,NA,19.2,Fenced,F
2026,F,2,Z1,NA,20.4,Fenced,F
2026,F,2,Z1,Digitaria eriantha,9.7,Fenced,F
2026,F,2,Z1,Heteropogon contortus,5.9,Fenced,F
2026,F,2,Z1,Eragrostis rigidior,5.8,Fenced,F
2026,F,2,Z1,Setaria pumila,5.8,Fenced,F
2026,F,2,Z1,Aristida adscensionis,NA,Fenced,F
2026,F,3,Z1,Panicum maximum,2.7,Fenced,TF
2026,F,3,Z1,Setaria pumila,3.4,Fenced,TF
2026,F,3,Z1,NA,3.6,Fenced,TF
2026,F,3,Z1,NA,1,Fenced,TF
2026,F,3,Z1,Setaria pumila,3.1,Fenced,TF
2026,F,3,Z1,Digitaria eriantha,11,Fenced,TF
2026,F,3,Z1,Aristida adscensionis,12.1,Fenced,TF
2026,F,3,Z1,NA,11.6,Fenced,TF
2026,F,3,Z1,Digitaria eriantha,45.3,Fenced,TF
2026,F,3,Z1,Eragrostis viscosa,45,Fenced,TF
2026,F,3,Z1,Setaria pumila,44.7,Fenced,TF
2026,F,3,Z1,NA,44.2,Fenced,TF
2026,F,3,Z1,Eragrostis viscosa,18,Fenced,TF
2026,F,3,Z1,Setaria pumila,18.3,Fenced,TF
2026,F,3,Z1,Eragrostis rigidior,16.6,Fenced,TF
2026,F,3,Z1,Digitaria eriantha,20.1,Fenced,TF
2026,F,3,Z1,Aristida adscensionis,NA,Fenced,TF
2026,F,3,Z1,Eragrostis rigidior,23.5,Fenced,TF
2026,F,3,Z1,Eragrostis viscosa,22.7,Fenced,TF
2026,F,3,Z1,Digitaria eriantha,25.5,Fenced,TF
2026,F,3,Z1,Setaria pumila,20.7,Fenced,TF
2026,F,3,Z1,Cynodon dactylon,NA,Fenced,TF
2026,F,3,Z2,Pogonarthria squarrosa,22.2,Fenced,TF
2026,F,3,Z2,Eragrostis rigidior,19.2,Fenced,TF
2026,F,3,Z2,Eragrostis viscosa,20.6,Fenced,TF
2026,F,3,Z2,Setaria pumila,20,Fenced,TF
2026,F,3,Z2,Eragrostis rigidior,18.3,Fenced,TF
2026,F,3,Z2,Eragrostis viscosa,21.1,Fenced,TF
2026,F,3,Z2,Setaria pumila,18.5,Fenced,TF
2026,F,3,Z2,NA,18.1,Fenced,TF
2026,F,3,Z2,Eragrostis rigidior,16.9,Fenced,TF
2026,F,3,Z2,Eragrostis viscosa,15.5,Fenced,TF
2026,F,3,Z2,NA,15.8,Fenced,TF
2026,F,3,Z2,NA,15.3,Fenced,TF
2026,F,3,Z2,Eragrostis rigidior,13.3,Fenced,TF
2026,F,3,Z2,Digitaria eriantha,18.6,Fenced,TF
2026,F,3,Z2,Setaria pumila,18.9,Fenced,TF
2026,F,3,Z2,Digitaria velutina,20.5,Fenced,TF
2026,F,3,Z2,Eragrostis rigidior,18.1,Fenced,TF
2026,F,3,Z2,Eragrostis viscosa,17.8,Fenced,TF
2026,F,3,Z2,Digitaria eriantha,18.7,Fenced,TF
2026,F,3,Z2,Setaria pumila,18.1,Fenced,TF
2026,F,3,Z3,Eragrostis rigidior,6,Unfenced,TF
2026,F,3,Z3,Digitaria velutina,6.8,Unfenced,TF
2026,F,3,Z3,Digitaria eriantha,6.5,Unfenced,TF
2026,F,3,Z3,Setaria pumila,6.8,Unfenced,TF
2026,F,3,Z3,Eragrostis viscosa,NA,Unfenced,TF
2026,F,3,Z3,Digitaria velutina,8.5,Unfenced,TF
2026,F,3,Z3,Eragrostis viscosa,12.6,Unfenced,TF
2026,F,3,Z3,Cynodon dactylon,8.1,Unfenced,TF
2026,F,3,Z3,Setaria pumila,10.7,Unfenced,TF
2026,F,3,Z3,Cynodon dactylon,24.4,Unfenced,TF
2026,F,3,Z3,Setaria pumila,24,Unfenced,TF
2026,F,3,Z3,Aristida adscensionis,21.4,Unfenced,TF
2026,F,3,Z3,NA,19.7,Unfenced,TF
2026,F,3,Z3,Digitaria eriantha,13.9,Unfenced,TF
2026,F,3,Z3,Cynodon dactylon,14,Unfenced,TF
2026,F,3,Z3,Aristida adscensionis,15.1,Unfenced,TF
2026,F,3,Z3,Setaria pumila,15.3,Unfenced,TF
2026,F,3,Z3,Cynodon dactylon,3,Unfenced,TF
2026,F,3,Z3,Eragrostis rigidior,2,Unfenced,TF
2026,F,3,Z3,Eragrostis viscosa,2.2,Unfenced,TF
2026,F,3,Z3,Setaria pumila,3.1,Unfenced,TF
2026,F,3,Z4,Digitaria velutina,11.4,Unfenced,TF
2026,F,3,Z4,Setaria pumila,10.5,Unfenced,TF
2026,F,3,Z4,Eragrostis viscosa,11,Unfenced,TF
2026,F,3,Z4,NA,10.6,Unfenced,TF
2026,F,3,Z4,Eragrostis rigidior,17.8,Unfenced,TF
2026,F,3,Z4,Cynodon dactylon,16.7,Unfenced,TF
2026,F,3,Z4,Digitaria eriantha,14.2,Unfenced,TF
2026,F,3,Z4,Setaria pumila,16,Unfenced,TF
2026,F,3,Z4,Aristida adscensionis,NA,Unfenced,TF
2026,F,3,Z4,Eragrostis viscosa,NA,Unfenced,TF
2026,F,3,Z4,Cynodon dactylon,13.3,Unfenced,TF
2026,F,3,Z4,Setaria pumila,13,Unfenced,TF
2026,F,3,Z4,Eragrostis viscosa,13.5,Unfenced,TF
2026,F,3,Z4,Digitaria eriantha,13.1,Unfenced,TF
2026,F,3,Z4,Eragrostis rigidior,11.5,Unfenced,TF
2026,F,3,Z4,Cynodon dactylon,13,Unfenced,TF
2026,F,3,Z4,Setaria pumila,13.7,Unfenced,TF
2026,F,3,Z4,Eragrostis viscosa,12,Unfenced,TF
2026,F,3,Z4,Setaria pumila,11.3,Unfenced,TF
2026,F,3,Z4,Digitaria eriantha,10.8,Unfenced,TF
2026,F,3,Z4,Cynodon dactylon,10.1,Unfenced,TF
2026,F,3,Z4,Eragrostis viscosa,16.5,Unfenced,TF
2026,F,4,Z3,Eragrostis rigidior,13.4,Unfenced,TFB
2026,F,4,Z3,Dactyloctenium giganteum,13.9,Unfenced,TFB
2026,F,4,Z3,Aristida adscensionis,11,Unfenced,TFB
2026,F,4,Z3,Setaria pumila,10.4,Unfenced,TFB
2026,F,4,Z3,Digitaria eriantha,NA,Unfenced,TFB
2026,F,4,Z3,Eragrostis viscosa,NA,Unfenced,TFB
2026,F,4,Z3,Setaria pumila,8.4,Unfenced,TFB
2026,F,4,Z3,Digitaria eriantha,9.9,Unfenced,TFB
2026,F,4,Z3,NA,9.8,Unfenced,TFB
2026,F,4,Z3,NA,10.2,Unfenced,TFB
2026,F,4,Z3,Eragrostis rigidior,15.1,Unfenced,TFB
2026,F,4,Z3,Heteropogon contortus,14.9,Unfenced,TFB
2026,F,4,Z3,Cynodon dactylon,16,Unfenced,TFB
2026,F,4,Z3,Eragrostis viscosa,15.6,Unfenced,TFB
2026,F,4,Z3,Digitaria eriantha,NA,Unfenced,TFB
2026,F,4,Z3,Digitaria velutina,NA,Unfenced,TFB
2026,F,4,Z3,Digitaria eriantha,17.4,Unfenced,TFB
2026,F,4,Z3,Eragrostis viscosa,18,Unfenced,TFB
2026,F,4,Z3,Digitaria velutina,18.9,Unfenced,TFB
2026,F,4,Z3,Cynodon dactylon,19.6,Unfenced,TFB
2026,F,4,Z3,Setaria pumila,14.6,Unfenced,TFB
2026,F,4,Z3,Digitaria eriantha,21.9,Unfenced,TFB
2026,F,4,Z3,Eragrostis viscosa,11.2,Unfenced,TFB
2026,F,4,Z3,NA,11.1,Unfenced,TFB
2026,F,4,Z4,Digitaria eriantha,11,Unfenced,TFB
2026,F,4,Z4,Eragrostis cylindiflora,11.2,Unfenced,TFB
2026,F,4,Z4,Eragrostis viscosa,11.4,Unfenced,TFB
2026,F,4,Z4,NA,13.4,Unfenced,TFB
2026,F,4,Z4,Digitaria eriantha,10.3,Unfenced,TFB
2026,F,4,Z4,Setaria pumila,10.2,Unfenced,TFB
2026,F,4,Z4,Eragrostis viscosa,11.8,Unfenced,TFB
2026,F,4,Z4,Pogonarthria squarrosa,8.9,Unfenced,TFB
2026,F,4,Z4,Cynodon dactylon,NA,Unfenced,TFB
2026,F,4,Z4,Heteropogon contortus,NA,Unfenced,TFB
2026,F,4,Z4,Aristida adscensionis,14.5,Unfenced,TFB
2026,F,4,Z4,Setaria pumila,15.7,Unfenced,TFB
2026,F,4,Z4,Eragrostis rigidior,15.5,Unfenced,TFB
2026,F,4,Z4,Digitaria eriantha,18.7,Unfenced,TFB
2026,F,4,Z4,Heteropogon contortus,18.5,Unfenced,TFB
2026,F,4,Z4,Aristida adscensionis,20,Unfenced,TFB
2026,F,4,Z4,Setaria pumila,18.6,Unfenced,TFB
2026,F,4,Z4,Cynodon dactylon,20,Unfenced,TFB
2026,F,4,Z4,Eragrostis viscosa,NA,Unfenced,TFB
2026,F,4,Z4,Eragrostis curvula ,NA,Unfenced,TFB
2026,F,4,Z4,Panicum maximum,25.4,Unfenced,TFB
2026,F,4,Z4,Setaria pumila,22.8,Unfenced,TFB
2026,F,4,Z4,Heteropogon contortus,23,Unfenced,TFB
2026,F,4,Z4,Pogonarthria squarrosa,22.4,Unfenced,TFB
2026,F,4,Z1,Digitaria velutina,14,Fenced,TFB
2026,F,4,Z1,Cynodon dactylon,13.3,Fenced,TFB
2026,F,4,Z1,Setaria pumila,14,Fenced,TFB
2026,F,4,Z1,Panicum maximum,14,Fenced,TFB
2026,F,4,Z1,Dactyloctenium aegyptium,NA,Fenced,TFB
2026,F,4,Z1,Eragrostis viscosa,11.5,Fenced,TFB
2026,F,4,Z1,Pogonarthria squarrosa,10.5,Fenced,TFB
2026,F,4,Z1,Setaria pumila,10.6,Fenced,TFB
2026,F,4,Z1,NA,11.5,Fenced,TFB
2026,F,4,Z1,Heteropogon contortus,18,Fenced,TFB
2026,F,4,Z1,Setaria pumila,14.7,Fenced,TFB
2026,F,4,Z1,Aristida adscensionis,13.2,Fenced,TFB
2026,F,4,Z1,NA,5,Fenced,TFB
2026,F,4,Z1,Setaria pumila,8.1,Fenced,TFB
2026,F,4,Z1,Aristida diffusa,8.8,Fenced,TFB
2026,F,4,Z1,Chloris virgata,10.1,Fenced,TFB
2026,F,4,Z1,Eragrostis viscosa,10.2,Fenced,TFB
2026,F,4,Z1,Digitaria eriantha,24.8,Fenced,TFB
2026,F,4,Z1,Setaria pumila,23.7,Fenced,TFB
2026,F,4,Z1,Aristida adscensionis,24,Fenced,TFB
2026,F,4,Z1,Chloris virgata,23.1,Fenced,TFB
2026,F,4,Z1,Digitaria velutina,NA,Fenced,TFB
2026,F,4,Z2,Aristida adscensionis,15.8,Fenced,TFB
2026,F,4,Z2,Setaria pumila,16.4,Fenced,TFB
2026,F,4,Z2,Eragrostis viscosa,18,Fenced,TFB
2026,F,4,Z2,Brachiaria brizantha,18.4,Fenced,TFB
2026,F,4,Z2,eragrostis gummiflua,NA,Fenced,TFB
2026,F,4,Z2,Eragrostis rigidior,16,Fenced,TFB
2026,F,4,Z2,Setaria pumila,15.9,Fenced,TFB
2026,F,4,Z2,Eragrostis viscosa,15,Fenced,TFB
2026,F,4,Z2,NA,15.2,Fenced,TFB
2026,F,4,Z2,Eragrostis rigidior,21.5,Fenced,TFB
2026,F,4,Z2,Pogonarthria squarrosa,26,Fenced,TFB
2026,F,4,Z2,Digitaria eriantha,26.4,Fenced,TFB
2026,F,4,Z2,Setaria pumila,22.9,Fenced,TFB
2026,F,4,Z2,Brachiaria brizantha,NA,Fenced,TFB
2026,F,4,Z2,Eragrostis viscosa,NA,Fenced,TFB
2026,F,4,Z2,Eragrostis viscosa,14.9,Fenced,TFB
2026,F,4,Z2,Eragrostis curvula ,16.2,Fenced,TFB
2026,F,4,Z2,Setaria pumila,4.2,Fenced,TFB
2026,F,4,Z2,NA,4,Fenced,TFB
2026,F,4,Z2,Pogonarthria squarrosa,30.9,Fenced,TFB
2026,F,4,Z2,Heteropogon contortus,25.2,Fenced,TFB
2026,F,4,Z2,Setaria pumila,22.8,Fenced,TFB
2026,F,4,Z2,Eragrostis viscosa,28.3,Fenced,TFB
2026,F,4,Z2,Digitaria velutina,NA,Fenced,TFB
2026,F,5,Z1,Eragrostis rigidior,14.4,Fenced,THF
2026,F,5,Z1,Setaria pumila,14.7,Fenced,THF
2026,F,5,Z1,Eragrostis viscosa,14.2,Fenced,THF
2026,F,5,Z1,Digitaria eriantha,15,Fenced,THF
2026,F,5,Z1,Cynodon dactylon,NA,Fenced,THF
2026,F,5,Z1,Digitaria eriantha,24.6,Fenced,THF
2026,F,5,Z1,Setaria pumila,25.6,Fenced,THF
2026,F,5,Z1,Cynodon dactylon,24.1,Fenced,THF
2026,F,5,Z1,NA,20.2,Fenced,THF
2026,F,5,Z1,Eragrostis rigidior,20.9,Fenced,THF
2026,F,5,Z1,Setaria pumila,22.5,Fenced,THF
2026,F,5,Z1,Digitaria eriantha,22.5,Fenced,THF
2026,F,5,Z1,Cynodon dactylon,20.8,Fenced,THF
2026,F,5,Z1,Cynodon dactylon,21.1,Fenced,THF
2026,F,5,Z1,Pogonarthria squarrosa,49.2,Fenced,THF
2026,F,5,Z1,Setaria pumila,49.5,Fenced,THF
2026,F,5,Z1,Digitaria eriantha,20.5,Fenced,THF
2026,F,5,Z1,Digitaria eriantha,48.1,Fenced,THF
2026,F,5,Z1,Eragrostis rigidior,48.3,Fenced,THF
2026,F,5,Z1,Setaria pumila,48.8,Fenced,THF
2026,F,5,Z1,Pogonarthria squarrosa,46.3,Fenced,THF
2026,F,5,Z1,Cynodon dactylon,NA,Fenced,THF
2026,F,5,Z1,Dactyloctenium giganteum,NA,Fenced,THF
2026,F,5,Z2,Digitaria eriantha,20.7,Fenced,THF
2026,F,5,Z2,Cynodon dactylon,48,Fenced,THF
2026,F,5,Z2,Setaria pumila,48,Fenced,THF
2026,F,5,Z2,NA,48.8,Fenced,THF
2026,F,5,Z2,Chloris virgata,27.4,Fenced,THF
2026,F,5,Z2,Aristida adscensionis,14,Fenced,THF
2026,F,5,Z2,Digitaria eriantha,22.3,Fenced,THF
2026,F,5,Z2,Setaria pumila,23,Fenced,THF
2026,F,5,Z2,eragrostis gummiflua,NA,Fenced,THF
2026,F,5,Z2,Cynodon dactylon,NA,Fenced,THF
2026,F,5,Z2,Eragrostis viscosa,NA,Fenced,THF
2026,F,5,Z2,Pogonarthria squarrosa,14.7,Fenced,THF
2026,F,5,Z2,Digitaria eriantha,14.5,Fenced,THF
2026,F,5,Z2,Setaria pumila,18.4,Fenced,THF
2026,F,5,Z2,Eragrostis cylindiflora,20.7,Fenced,THF
2026,F,5,Z2,Setaria pumila,22.7,Fenced,THF
2026,F,5,Z2,Pogonarthria squarrosa,22.6,Fenced,THF
2026,F,5,Z2,Panicum maximum,22.4,Fenced,THF
2026,F,5,Z2,Aristida adscensionis,23.8,Fenced,THF
2026,F,5,Z2,Pogonarthria squarrosa,29,Fenced,THF
2026,F,5,Z2,Digitaria eriantha,20.4,Fenced,THF
2026,F,5,Z2,Cynodon dactylon,46.7,Fenced,THF
2026,F,5,Z2,Setaria pumila,30.2,Fenced,THF
2026,F,5,Z3,Cynodon dactylon,13.3,Unfenced,THF
2026,F,5,Z3,Eragrostis rigidior,13.2,Unfenced,THF
2026,F,5,Z3,Digitaria eriantha,13,Unfenced,THF
2026,F,5,Z3,Setaria pumila,13.3,Unfenced,THF
2026,F,5,Z3,Cynodon dactylon,23,Unfenced,THF
2026,F,5,Z3,Eragrostis rigidior,21.7,Unfenced,THF
2026,F,5,Z3,Setaria pumila,21,Unfenced,THF
2026,F,5,Z3,Digitaria eriantha,21.8,Unfenced,THF
2026,F,5,Z3,Digitaria eriantha,18.6,Unfenced,THF
2026,F,5,Z3,Setaria pumila,15.3,Unfenced,THF
2026,F,5,Z3,Cynodon dactylon,13.4,Unfenced,THF
2026,F,5,Z3,NA,14.3,Unfenced,THF
2026,F,5,Z3,Digitaria eriantha,8.7,Unfenced,THF
2026,F,5,Z3,Eragrostis viscosa,7.7,Unfenced,THF
2026,F,5,Z3,Heteropogon contortus,8.1,Unfenced,THF
2026,F,5,Z3,Aristida adscensionis,8.5,Unfenced,THF
2026,F,5,Z3,Cynodon dactylon,NA,Unfenced,THF
2026,F,5,Z3,Setaria pumila,NA,Unfenced,THF
2026,F,5,Z3,Cynodon dactylon,18,Unfenced,THF
2026,F,5,Z3,Digitaria eriantha,17.2,Unfenced,THF
2026,F,5,Z3,Setaria pumila,17.2,Unfenced,THF
2026,F,5,Z3,NA,17.5,Unfenced,THF
2026,F,5,Z4,Cynodon dactylon,28.9,Unfenced,THF
2026,F,5,Z4,Eragrostis rigidior,21.2,Unfenced,THF
2026,F,5,Z4,Digitaria eriantha,29,Unfenced,THF
2026,F,5,Z4,Setaria pumila,28.4,Unfenced,THF
2026,F,5,Z4,Digitaria eriantha,20.2,Unfenced,THF
2026,F,5,Z4,Digitaria velutina,14.3,Unfenced,THF
2026,F,5,Z4,Cynodon dactylon,12.5,Unfenced,THF
2026,F,5,Z4,Setaria pumila,13.7,Unfenced,THF
2026,F,5,Z4,Aristida adscensionis,NA,Unfenced,THF
2026,F,5,Z4,Setaria pumila,5.1,Unfenced,THF
2026,F,5,Z4,Cynodon dactylon,7.6,Unfenced,THF
2026,F,5,Z4,NA,6.8,Unfenced,THF
2026,F,5,Z4,NA,8,Unfenced,THF
2026,F,5,Z4,Eragrostis rigidior,15,Unfenced,THF
2026,F,5,Z4,Eragrostis viscosa,13.2,Unfenced,THF
2026,F,5,Z4,Setaria pumila,15,Unfenced,THF
2026,F,5,Z4,Digitaria eriantha,17,Unfenced,THF
2026,F,5,Z4,Digitaria velutina,NA,Unfenced,THF
2026,F,5,Z4,Aristida adscensionis,NA,Unfenced,THF
2026,F,5,Z4,Cynodon dactylon,26.6,Unfenced,THF
2026,F,5,Z4,Digitaria eriantha,29.1,Unfenced,THF
2026,F,5,Z4,Setaria pumila,15.2,Unfenced,THF
2026,F,5,Z4,Eragrostis rigidior,16.4,Unfenced,THF
2026,C,4,Z1,Heteropogon contortus,27.2,Fenced,F
2026,C,4,Z1,Pogonarthria squarrosa,26.3,Fenced,F
2026,C,4,Z1,Digitaria eriantha,24.3,Fenced,F
2026,C,4,Z1,NA,22.4,Fenced,F
2026,C,4,Z1,Heteropogon contortus,27.4,Fenced,F
2026,C,4,Z1,Urochloa oligotricha,23.7,Fenced,F
2026,C,4,Z1,Pogonarthria squarrosa,31.5,Fenced,F
2026,C,4,Z1,NA,28.2,Fenced,F
2026,C,4,Z1,eragrostis gummiflua,35.3,Fenced,F
2026,C,4,Z1,Digitaria eriantha,35.5,Fenced,F
2026,C,4,Z1,NA,35.4,Fenced,F
2026,C,4,Z1,NA,33.4,Fenced,F
2026,C,4,Z1,Heteropogon contortus,26,Fenced,F
2026,C,4,Z1,Pogonarthria squarrosa,27.4,Fenced,F
2026,C,4,Z1,Eragrostis cylindiflora,22.7,Fenced,F
2026,C,4,Z1,eragrostis gummiflua,22.4,Fenced,F
2026,C,4,Z1,Eragrostis superba,NA,Fenced,F
2026,C,4,Z1,Aristida canescens,NA,Fenced,F
2026,C,4,Z1,Setaria pumila,NA,Fenced,F
2026,C,4,Z1,Melinis repens,NA,Fenced,F
2026,C,4,Z1,Eragrostis rigidior,NA,Fenced,F
2026,C,4,Z1,Aristida canescens,10.9,Fenced,F
2026,C,4,Z1,Digitaria velutina,8.8,Fenced,F
2026,C,4,Z1,Setaria pumila,8.3,Fenced,F
2026,C,4,Z1,Heteropogon contortus,7.6,Fenced,F
2026,C,4,Z2,Heteropogon contortus,23,Fenced,F
2026,C,4,Z2,Aristida adscensionis,17.9,Fenced,F
2026,C,4,Z2,Urochloa oligotricha,23.4,Fenced,F
2026,C,4,Z2,NA,23.3,Fenced,F
2026,C,4,Z2,Heteropogon contortus,18.9,Fenced,F
2026,C,4,Z2,Melinis nerviglumis,15.7,Fenced,F
2026,C,4,Z2,Setaria pumila,14.3,Fenced,F
2026,C,4,Z2,Aristida adscensionis,13.4,Fenced,F
2026,C,4,Z2,Heteropogon contortus,40.5,Fenced,F
2026,C,4,Z2,Eragrostis rigidior,40.5,Fenced,F
2026,C,4,Z2,Pogonarthria squarrosa,30.1,Fenced,F
2026,C,4,Z2,Aristida canescens,30.5,Fenced,F
2026,C,4,Z2,Urochloa oligotricha,15.4,Fenced,F
2026,C,4,Z2,Melinis repens,19.8,Fenced,F
2026,C,4,Z2,Pogonarthria squarrosa,26.6,Fenced,F
2026,C,4,Z2,eragrostis gummiflua,29,Fenced,F
2026,C,4,Z2,Urochloa oligotricha,12.5,Fenced,F
2026,C,4,Z2,Aristida canescens,16,Fenced,F
2026,C,4,Z2,Melinis repens,20.5,Fenced,F
2026,C,4,Z2,Setaria pumila,18.4,Fenced,F
2026,C,4,Z2,Heteropogon contortus,NA,Fenced,F
2026,C,4,Z3,Aristida canescens,21.4,Unfenced,F
2026,C,4,Z3,Digitaria velutina,16.2,Unfenced,F
2026,C,4,Z3,Setaria pumila,13.2,Unfenced,F
2026,C,4,Z3,eragrostis gummiflua,10.2,Unfenced,F
2026,C,4,Z3,Urochloa oligotricha,NA,Unfenced,F
2026,C,4,Z3,Heteropogon contortus,11,Unfenced,F
2026,C,4,Z3,Aristida canescens,10.4,Unfenced,F
2026,C,4,Z3,Setaria pumila,9,Unfenced,F
2026,C,4,Z3,eragrostis gummiflua,11.2,Unfenced,F
2026,C,4,Z3,Digitaria eriantha,NA,Unfenced,F
2026,C,4,Z3,Panicum maximum,4.5,Unfenced,F
2026,C,4,Z3,Setaria pumila,5.7,Unfenced,F
2026,C,4,Z3,NA,5.5,Unfenced,F
2026,C,4,Z3,NA,5.9,Unfenced,F
2026,C,4,Z3,Hyparrhenia filipendula,29,Unfenced,F
2026,C,4,Z3,Heteropogon contortus,26,Unfenced,F
2026,C,4,Z3,Setaria pumila,26.6,Unfenced,F
2026,C,4,Z3,Aristida canescens,22.9,Unfenced,F
2026,C,4,Z3,Pogonarthria squarrosa,NA,Unfenced,F
2026,C,4,Z3,Heteropogon contortus,14.8,Unfenced,F
2026,C,4,Z3,eragrostis gummiflua,14.4,Unfenced,F
2026,C,4,Z3,Aristida canescens,13.5,Unfenced,F
2026,C,4,Z3,Hyparrhenia filipendula,13.3,Unfenced,F
2026,C,4,Z3,Pogonarthria squarrosa,NA,Unfenced,F
2026,C,4,Z4,Digitaria velutina,19,Unfenced,F
2026,C,4,Z4,Brachiaria brizantha,16.1,Unfenced,F
2026,C,4,Z4,Eragrostis viscosa,14.1,Unfenced,F
2026,C,4,Z4,Setaria pumila,12.3,Unfenced,F
2026,C,4,Z4,Aristida canescens,NA,Unfenced,F
2026,C,4,Z4,Hyparrhenia filipendula,23.4,Unfenced,F
2026,C,4,Z4,Pogonarthria squarrosa,17.6,Unfenced,F
2026,C,4,Z4,Setaria pumila,16.3,Unfenced,F
2026,C,4,Z4,eragrostis gummiflua,15.8,Unfenced,F
2026,C,4,Z4,Heteropogon contortus,NA,Unfenced,F
2026,C,4,Z4,Hyperthelia dissoluta,24.7,Unfenced,F
2026,C,4,Z4,Aristida canescens,25.5,Unfenced,F
2026,C,4,Z4,Setaria pumila,22.6,Unfenced,F
2026,C,4,Z4,Pogonarthria squarrosa,22.1,Unfenced,F
2026,C,4,Z4,Heteropogon contortus,15.8,Unfenced,F
2026,C,4,Z4,Urochloa oligotricha,15.2,Unfenced,F
2026,C,4,Z4,Diheteropogon amplectens,11.2,Unfenced,F
2026,C,4,Z4,Aristida canescens,9.4,Unfenced,F
2026,C,4,Z4,Setaria pumila,NA,Unfenced,F
2026,C,4,Z4,Aristida canescens,22.4,Unfenced,F
2026,C,4,Z4,Setaria pumila,20.1,Unfenced,F
2026,C,4,Z4,Heteropogon contortus,19.7,Unfenced,F
2026,C,4,Z4,Panicum maximum,18.3,Unfenced,F
2026,C,3,Z4,Setaria pumila,16.5,Unfenced,TF
2026,C,3,Z4,Panicum maximum,14.8,Unfenced,TF
2026,C,3,Z4,Aristida canescens,12.7,Unfenced,TF
2026,C,3,Z4,Pogonarthria squarrosa,13.7,Unfenced,TF
2026,C,3,Z4,Digitaria eriantha,NA,Unfenced,TF
2026,C,3,Z4,Eragrostis rigidior,NA,Unfenced,TF
2026,C,3,Z4,Eragrostis viscosa,9.3,Unfenced,TF
2026,C,3,Z4,Pogonarthria squarrosa,11.8,Unfenced,TF
2026,C,3,Z4,Eragrostis rigidior,10.6,Unfenced,TF
2026,C,3,Z4,Setaria pumila,10.4,Unfenced,TF
2026,C,3,Z4,Heteropogon contortus,NA,Unfenced,TF
2026,C,3,Z4,Eragrostis gummiflua,NA,Unfenced,TF
2026,C,3,Z4,Aristida canescens,NA,Unfenced,TF
2026,C,3,Z4,Hyperthelia dissoluta,NA,Unfenced,TF
2026,C,3,Z4,Heteropogon contortus,22.4,Unfenced,TF
2026,C,3,Z4,Setaria pumila,21.8,Unfenced,TF
2026,C,3,Z4,Aristida canescens,20.6,Unfenced,TF
2026,C,3,Z4,Digitaria velutina,20.3,Unfenced,TF
2026,C,3,Z4,Digitaria eriantha,NA,Unfenced,TF
2026,C,3,Z4,Pogonarthria squarrosa,15.7,Unfenced,TF
2026,C,3,Z4,Digitaria eriantha,15.5,Unfenced,TF
2026,C,3,Z4,Digitaria velutina,18,Unfenced,TF
2026,C,3,Z4,Heteropogon contortus,16.5,Unfenced,TF
2026,C,3,Z4,Pogonarthria squarrosa,25.8,Unfenced,TF
2026,C,3,Z4,Digitaria eriantha,19.9,Unfenced,TF
2026,C,3,Z4,Setaria pumila,20.4,Unfenced,TF
2026,C,3,Z4,Eragrostis rigidior,20.9,Unfenced,TF
2026,C,3,Z4,Heteropogon contortus,NA,Unfenced,TF
2026,C,3,Z3,Heteropogon contortus,16,Unfenced,TF
2026,C,3,Z3,Digitaria eriantha,16.5,Unfenced,TF
2026,C,3,Z3,Aristida canescens,14.6,Unfenced,TF
2026,C,3,Z3,Setaria pumila,15.5,Unfenced,TF
2026,C,3,Z3,Melinis repens,NA,Unfenced,TF
2026,C,3,Z3,Pogonarthria squarrosa,NA,Unfenced,TF
2026,C,3,Z3,Heteropogon contortus,35.3,Unfenced,TF
2026,C,3,Z3,Setaria pumila,28.8,Unfenced,TF
2026,C,3,Z3,Melinis repens,24.9,Unfenced,TF
2026,C,3,Z3,Aristida canescens,21.9,Unfenced,TF
2026,C,3,Z3,Pogonarthria squarrosa,NA,Unfenced,TF
2026,C,3,Z3,Setaria pumila,20.4,Unfenced,TF
2026,C,3,Z3,Digitaria velutina,18.7,Unfenced,TF
2026,C,3,Z3,Hyparrhenia filipendula,19.5,Unfenced,TF
2026,C,3,Z3,Heteropogon contortus,18,Unfenced,TF
2026,C,3,Z3,Panicum maximum,NA,Unfenced,TF
2026,C,3,Z3,Heteropogon contortus,20.4,Unfenced,TF
2026,C,3,Z3,Setaria pumila,20.6,Unfenced,TF
2026,C,3,Z3,Melinis nerviglumis,18,Unfenced,TF
2026,C,3,Z3,Eragrostis rigidior,14,Unfenced,TF
2026,C,3,Z3,Hyperthelia dissoluta,NA,Unfenced,TF
2026,C,3,Z3,Aristida canescens,NA,Unfenced,TF
2026,C,3,Z3,Pogonarthria squarrosa,15.5,Unfenced,TF
2026,C,3,Z3,Eragrostis rigidior,13.2,Unfenced,TF
2026,C,3,Z3,Eragrostis cylindiflora,16.7,Unfenced,TF
2026,C,3,Z3,Heteropogon contortus,17.1,Unfenced,TF
2026,C,3,Z3,Brachiaria brizantha,NA,Unfenced,TF
2026,C,3,Z2,Melinis repens,38.2,Fenced,TF
2026,C,3,Z2,Digitaria eriantha,32.8,Fenced,TF
2026,C,3,Z2,Pogonarthria squarrosa,33.2,Fenced,TF
2026,C,3,Z2,Aristida canescens,28.7,Fenced,TF
2026,C,3,Z2,Setaria pumila,NA,Fenced,TF
2026,C,3,Z2,Heteropogon contortus,60.8,Fenced,TF
2026,C,3,Z2,Pogonarthria squarrosa,63.9,Fenced,TF
2026,C,3,Z2,Eragrostis rigidior,50.7,Fenced,TF
2026,C,3,Z2,Hyparrhenia filipendula,51.8,Fenced,TF
2026,C,3,Z2,Setaria pumila,NA,Fenced,TF
2026,C,3,Z2,Panicum maximum,30.2,Fenced,TF
2026,C,3,Z2,Aristida canescens,1,Fenced,TF
2026,C,3,Z2,Brachiaria brizantha,1,Fenced,TF
2026,C,3,Z2,NA,1,Fenced,TF
2026,C,3,Z2,Heteropogon contortus,80.9,Fenced,TF
2026,C,3,Z2,Pogonarthria squarrosa,56,Fenced,TF
2026,C,3,Z2,NA,44.4,Fenced,TF
2026,C,3,Z2,NA,39.1,Fenced,TF
2026,C,3,Z2,Panicum maximum,32.3,Fenced,TF
2026,C,3,Z2,NA,36.2,Fenced,TF
2026,C,3,Z2,NA,31.7,Fenced,TF
2026,C,3,Z2,NA,26.6,Fenced,TF
2026,C,3,Z1,Heteropogon contortus,44.4,Fenced,TF
2026,C,3,Z1,Digitaria eriantha,58.4,Fenced,TF
2026,C,3,Z1,Setaria pumila,56.6,Fenced,TF
2026,C,3,Z1,Aristida canescens,51.1,Fenced,TF
2026,C,3,Z1,Melinis nerviglumis,53.3,Fenced,TF
2026,C,3,Z1,Pogonarthria squarrosa,42.2,Fenced,TF
2026,C,3,Z1,Heteropogon contortus,36.2,Fenced,TF
2026,C,3,Z1,Eragrostis superba,34.3,Fenced,TF
2026,C,3,Z1,Eragrostis gummiflua,NA,Fenced,TF
2026,C,3,Z1,Panicum maximum,49.6,Fenced,TF
2026,C,3,Z1,Heteropogon contortus,63.2,Fenced,TF
2026,C,3,Z1,Digitaria velutina,53.2,Fenced,TF
2026,C,3,Z1,Setaria pumila,35.5,Fenced,TF
2026,C,3,Z1,Heteropogon contortus,60.6,Fenced,TF
2026,C,3,Z1,Panicum maximum,68.8,Fenced,TF
2026,C,3,Z1,Setaria pumila,70.7,Fenced,TF
2026,C,3,Z1,NA,68.3,Fenced,TF
2026,C,3,Z1,Brachiaria nigropedata,31.3,Fenced,TF
2026,C,3,Z1,Heteropogon contortus,28,Fenced,TF
2026,C,3,Z1,Setaria pumila,23.9,Fenced,TF
2026,C,3,Z1,Panicum maximum,23.7,Fenced,TF
2026,C,1,Z1,Digitaria eriantha,20.2,Fenced,C
2026,C,1,Z1,Pogonarthria squarrosa,23.1,Fenced,C
2026,C,1,Z1,Aristida canescens,22.5,Fenced,C
2026,C,1,Z1,NA,20.1,Fenced,C
2026,C,1,Z1,Panicum maximum,20.3,Fenced,C
2026,C,1,Z1,Setaria pumila,18.1,Fenced,C
2026,C,1,Z1,Digitaria velutina,24,Fenced,C
2026,C,1,Z1,Heteropogon contortus,20,Fenced,C
2026,C,1,Z1,Digitaria velutina,5.6,Fenced,C
2026,C,1,Z1,Setaria pumila,4.8,Fenced,C
2026,C,1,Z1,Panicum maximum,2.6,Fenced,C
2026,C,1,Z1,Pogonarthria squarrosa,1.3,Fenced,C
2026,C,1,Z1,Digitaria velutina,9.2,Fenced,C
2026,C,1,Z1,Setaria pumila,10.5,Fenced,C
2026,C,1,Z1,NA,7.9,Fenced,C
2026,C,1,Z1,NA,8.6,Fenced,C
2026,C,1,Z1,Digitaria velutina,6.4,Fenced,C
2026,C,1,Z1,Setaria pumila,5.6,Fenced,C
2026,C,1,Z1,NA,9.2,Fenced,C
2026,C,1,Z1,NA,7.7,Fenced,C
2026,C,1,Z2,Panicum maximum,4.8,Fenced,C
2026,C,1,Z2,Digitaria eriantha,7.6,Fenced,C
2026,C,1,Z2,Setaria pumila,6.1,Fenced,C
2026,C,1,Z2,Heteropogon contortus,7,Fenced,C
2026,C,1,Z2,Heteropogon contortus,20,Fenced,C
2026,C,1,Z2,Pogonarthria squarrosa,30.5,Fenced,C
2026,C,1,Z2,Setaria pumila,26.3,Fenced,C
2026,C,1,Z2,NA,31.9,Fenced,C
2026,C,1,Z2,Pogonarthria squarrosa,10.5,Fenced,C
2026,C,1,Z2,Hyparrhenia filipendula,10.5,Fenced,C
2026,C,1,Z2,Eragrostis viscosa,9.1,Fenced,C
2026,C,1,Z2,Setaria pumila,8.3,Fenced,C
2026,C,1,Z2,Heteropogon contortus,NA,Fenced,C
2026,C,1,Z2,Heteropogon contortus,30.5,Fenced,C
2026,C,1,Z2,Setaria pumila,30.9,Fenced,C
2026,C,1,Z2,Melinis nerviglumis,22.8,Fenced,C
2026,C,1,Z2,Aristida adscensionis,24.6,Fenced,C
2026,C,1,Z2,Panicum maximum,NA,Fenced,C
2026,C,1,Z2,Heteropogon contortus,13.8,Fenced,C
2026,C,1,Z2,Setaria pumila,40.3,Fenced,C
2026,C,1,Z2,Melinis nerviglumis,34.3,Fenced,C
2026,C,1,Z2,NA,40.6,Fenced,C
2026,C,1,Z4,Digitaria eriantha,28,Unfenced,C
2026,C,1,Z4,Aristida canescens,18.4,Unfenced,C
2026,C,1,Z4,Setaria pumila,27.6,Unfenced,C
2026,C,1,Z4,Heteropogon contortus,16,Unfenced,C
2026,C,1,Z4,Setaria pumila,4,Unfenced,C
2026,C,1,Z4,Pogonarthria squarrosa,4.1,Unfenced,C
2026,C,1,Z4,Aristida canescens,4.4,Unfenced,C
2026,C,1,Z4,Heteropogon contortus,3.8,Unfenced,C
2026,C,1,Z4,Melinis nerviglumis,NA,Unfenced,C
2026,C,1,Z4,Panicum maximum,0,Unfenced,C
2026,C,1,Z4,Heteropogon contortus,0,Unfenced,C
2026,C,1,Z4,NA,24.4,Unfenced,C
2026,C,1,Z4,NA,12.6,Unfenced,C
2026,C,1,Z4,Melinis repens,5.1,Unfenced,C
2026,C,1,Z4,Setaria pumila,4.8,Unfenced,C
2026,C,1,Z4,Aristida adscensionis,3.6,Unfenced,C
2026,C,1,Z4,NA,3,Unfenced,C
2026,C,1,Z4,Digitaria eriantha,8.5,Unfenced,C
2026,C,1,Z4,Setaria pumila,9.7,Unfenced,C
2026,C,1,Z4,Melinis nerviglumis,8.6,Unfenced,C
2026,C,1,Z4,Heteropogon contortus,6.9,Unfenced,C
2026,C,1,Z3,Digitaria eriantha,18.8,Unfenced,C
2026,C,1,Z3,Panicum maximum,8.6,Unfenced,C
2026,C,1,Z3,Setaria pumila,9.8,Unfenced,C
2026,C,1,Z3,Digitaria velutina,9,Unfenced,C
2026,C,1,Z3,Aristida adscensionis,NA,Unfenced,C
2026,C,1,Z3,eragrostis gummiflua,NA,Unfenced,C
2026,C,1,Z3,Digitaria velutina,4.4,Unfenced,C
2026,C,1,Z3,Setaria pumila,6.7,Unfenced,C
2026,C,1,Z3,Panicum maximum,6.3,Unfenced,C
2026,C,1,Z3,NA,5.8,Unfenced,C
2026,C,1,Z3,Panicum maximum,6.9,Unfenced,C
2026,C,1,Z3,Melinis repens,4.7,Unfenced,C
2026,C,1,Z3,Setaria pumila,7.3,Unfenced,C
2026,C,1,Z3,Aristida adscensionis,7.5,Unfenced,C
2026,C,1,Z3,eragrostis gummiflua,NA,Unfenced,C
2026,C,1,Z3,Melinis nerviglumis,12.7,Unfenced,C
2026,C,1,Z3,Setaria pumila,13.8,Unfenced,C
2026,C,1,Z3,Aristida canescens,11.6,Unfenced,C
2026,C,1,Z3,NA,13.4,Unfenced,C
2026,C,1,Z3,Digitaria eriantha,13.7,Unfenced,C
2026,C,1,Z3,Setaria pumila,18.3,Unfenced,C
2026,C,1,Z3,Panicum maximum,14.8,Unfenced,C
2026,C,1,Z3,Melinis repens,14.2,Unfenced,C
2026,C,1,Z3,Aristida adscensionis,NA,Unfenced,C
2026,E,4,Z3,Chloris virgata,33.6,Fenced,TFB
2026,E,4,Z3,Setaria pumila,34.8,Fenced,TFB
2026,E,4,Z3,Panicum maximum,34.6,Fenced,TFB
2026,E,4,Z3,NA,32.7,Fenced,TFB
2026,E,4,Z3,Enteropogon macrostachyus,8.1,Fenced,TFB
2026,E,4,Z3,Aristida canescens,6.2,Fenced,TFB
2026,E,4,Z3,NA,1.1,Fenced,TFB
2026,E,4,Z3,NA,1,Fenced,TFB
2026,E,4,Z3,Heteropogon contortus,25.8,Fenced,TFB
2026,E,4,Z3,Panicum maximum,30.5,Fenced,TFB
2026,E,4,Z3,Brachiaria brizantha,10.4,Fenced,TFB
2026,E,4,Z3,Urochloa oligotricha,11.1,Fenced,TFB
2026,E,4,Z3,Eragrostis cylindiflora,NA,Fenced,TFB
2026,E,4,Z3,Heteropogon contortus,15.7,Fenced,TFB
2026,E,4,Z3,Setaria pumila,12.5,Fenced,TFB
2026,E,4,Z3,Panicum maximum,14,Fenced,TFB
2026,E,4,Z3,Aristida adscensionis,13.8,Fenced,TFB
2026,E,4,Z3,Heteropogon contortus,48,Fenced,TFB
2026,E,4,Z3,eragrostis gummiflua,34.8,Fenced,TFB
2026,E,4,Z3,Setaria pumila,46.8,Fenced,TFB
2026,E,4,Z3,Tragus berteronianus ,44.6,Fenced,TFB
2026,E,4,Z1,Eragrostis racemosa,82,Fenced,TFB
2026,E,4,Z1,Chloris virgata,45.4,Fenced,TFB
2026,E,4,Z1,Digitaria velutina,45.8,Fenced,TFB
2026,E,4,Z1,Brachiaria brizantha,45.1,Fenced,TFB
2026,E,4,Z1,Setaria pumila,NA,Fenced,TFB
2026,E,4,Z1,Chloris virgata,30,Fenced,TFB
2026,E,4,Z1,Tragus berteronianus ,22.9,Fenced,TFB
2026,E,4,Z1,Heteropogon contortus,39.1,Fenced,TFB
2026,E,4,Z1,Aristida adscensionis,36.1,Fenced,TFB
2026,E,4,Z1,Digitaria velutina,NA,Fenced,TFB
2026,E,4,Z1,Digitaria eriantha,NA,Fenced,TFB
2026,E,4,Z1,eragrostis gummiflua,NA,Fenced,TFB
2026,E,4,Z1,Eragrostis viscosa,NA,Fenced,TFB
2026,E,4,Z1,Eragrostis cylindiflora,NA,Fenced,TFB
2026,E,4,Z1,Cymbopogon excavatus,38.5,Fenced,TFB
2026,E,4,Z1,Setaria pumila,10.8,Fenced,TFB
2026,E,4,Z1,Panicum maximum,17.7,Fenced,TFB
2026,E,4,Z1,NA,18.5,Fenced,TFB
2026,E,4,Z1,Heteropogon contortus,24.6,Fenced,TFB
2026,E,4,Z1,Setaria pumila,25.7,Fenced,TFB
2026,E,4,Z1,Eragrostis cylindiflora,23.8,Fenced,TFB
2026,E,4,Z1,Panicum maximum,21.7,Fenced,TFB
2026,E,4,Z1,Heteropogon contortus,16.4,Fenced,TFB
2026,E,4,Z1,Aristida adscensionis,15.8,Fenced,TFB
2026,E,4,Z1,eragrostis gummiflua,12.9,Fenced,TFB
2026,E,4,Z1,NA,12.2,Fenced,TFB
2026,E,4,Z2,Aristida adscensionis,1,Unfenced,TFB
2026,E,4,Z2,Heteropogon contortus,24,Unfenced,TFB
2026,E,4,Z2,Panicum maximum,35.6,Unfenced,TFB
2026,E,4,Z2,NA,30.4,Unfenced,TFB
2026,E,4,Z2,Heteropogon contortus,33,Unfenced,TFB
2026,E,4,Z2,Panicum maximum,23.1,Unfenced,TFB
2026,E,4,Z2,Eragrostis rigidior,18.6,Unfenced,TFB
2026,E,4,Z2,Aristida adscensionis,20,Unfenced,TFB
2026,E,4,Z2,eragrostis gummiflua,NA,Unfenced,TFB
2026,E,4,Z2,Setaria pumila,0,Unfenced,TFB
2026,E,4,Z2,Aristida adscensionis,5.8,Unfenced,TFB
2026,E,4,Z2,Heteropogon contortus,4.6,Unfenced,TFB
2026,E,4,Z2,NA,1,Unfenced,TFB
2026,E,4,Z2,Heteropogon contortus,0,Unfenced,TFB
2026,E,4,Z2,Panicum maximum,0,Unfenced,TFB
2026,E,4,Z2,NA,35.5,Unfenced,TFB
2026,E,4,Z2,NA,28.8,Unfenced,TFB
2026,E,4,Z2,Aristida canescens,21,Unfenced,TFB
2026,E,4,Z2,Brachiaria brizantha,11.5,Unfenced,TFB
2026,E,4,Z2,Digitaria velutina,8.4,Unfenced,TFB
2026,E,4,Z2,Eragrostis cylindiflora,7.8,Unfenced,TFB
2026,E,4,Z2,Tragus berteronianus ,NA,Unfenced,TFB
2026,E,4,Z2,eragrostis gummiflua,NA,Unfenced,TFB
2026,E,4,Z4,Heteropogon contortus,47.7,Unfenced,TFB
2026,E,4,Z4,Setaria pumila,48.5,Unfenced,TFB
2026,E,4,Z4,NA,42.6,Unfenced,TFB
2026,E,4,Z4,NA,40.8,Unfenced,TFB
2026,E,4,Z4,Panicum maximum,11.3,Unfenced,TFB
2026,E,4,Z4,Heteropogon contortus,10.9,Unfenced,TFB
2026,E,4,Z4,Digitaria velutina,7.6,Unfenced,TFB
2026,E,4,Z4,Aristida adscensionis,8.5,Unfenced,TFB
2026,E,4,Z4,Setaria pumila,NA,Unfenced,TFB
2026,E,4,Z4,Tragus berteronianus ,8.4,Unfenced,TFB
2026,E,4,Z4,Eragrostis racemosa,7.4,Unfenced,TFB
2026,E,4,Z4,Panicum maximum,8.9,Unfenced,TFB
2026,E,4,Z4,Dactyloctenium aegyptium,5,Unfenced,TFB
2026,E,4,Z4,Chloris virgata,NA,Unfenced,TFB
2026,E,4,Z4,Panicum maximum,21.8,Unfenced,TFB
2026,E,4,Z4,Brachiaria brizantha,23.3,Unfenced,TFB
2026,E,4,Z4,Digitaria velutina,23.5,Unfenced,TFB
2026,E,4,Z4,Heteropogon contortus,22.2,Unfenced,TFB
2026,E,4,Z4,Heteropogon contortus,35.4,Unfenced,TFB
2026,E,4,Z4,Digitaria velutina,27.8,Unfenced,TFB
2026,E,4,Z4,Setaria pumila,21.4,Unfenced,TFB
2026,E,4,Z4,Eragrostis cylindiflora,17.8,Unfenced,TFB
2026,E,3,Z3,Heteropogon contortus,21,Fenced,F
2026,E,3,Z3,Chloris virgata,29.5,Fenced,F
2026,E,3,Z3,Aristida canescens,24.4,Fenced,F
2026,E,3,Z3,Digitaria velutina,24.4,Fenced,F
2026,E,3,Z3,Heteropogon contortus,6.4,Fenced,F
2026,E,3,Z3,Digitaria velutina,5.2,Fenced,F
2026,E,3,Z3,Panicum maximum,6,Fenced,F
2026,E,3,Z3,Eragrostis rigidior,6,Fenced,F
2026,E,3,Z3,Eragrostis gummiflua,NA,Fenced,F
2026,E,3,Z3,Cymbopogon excavatus,27.2,Fenced,F
2026,E,3,Z3,Heteropogon contortus,18.1,Fenced,F
2026,E,3,Z3,Panicum maximum,14.8,Fenced,F
2026,E,3,Z3,Aristida canescens,0,Fenced,F
2026,E,3,Z3,Brachiaria brizantha,NA,Fenced,F
2026,E,3,Z3,Heteropogon contortus,24,Fenced,F
2026,E,3,Z3,Panicum maximum,24.9,Fenced,F
2026,E,3,Z3,Eragrostis rigidior,21.1,Fenced,F
2026,E,3,Z3,Eragrostis gummiflua,18.7,Fenced,F
2026,E,3,Z3,Heteropogon contortus,8,Fenced,F
2026,E,3,Z3,Digitaria eriantha,23.6,Fenced,F
2026,E,3,Z3,Chloris virgata,15.4,Fenced,F
2026,E,3,Z3,Digitaria velutina,14,Fenced,F
2026,E,3,Z1,Heteropogon contortus,23.7,Fenced,F
2026,E,3,Z1,Eragrostis rigidior,25.5,Fenced,F
2026,E,3,Z1,Panicum maximum,17.1,Fenced,F
2026,E,3,Z1,Aristida canescens,16.9,Fenced,F
2026,E,3,Z1,Setaria pumila,NA,Fenced,F
2026,E,3,Z1,Eragrostis gummiflua,NA,Fenced,F
2026,E,3,Z1,Heteropogon contortus,17.2,Fenced,F
2026,E,3,Z1,Setaria pumila,23.6,Fenced,F
2026,E,3,Z1,Brachiaria brizantha,25.7,Fenced,F
2026,E,3,Z1,Eragrostis gummiflua,25.2,Fenced,F
2026,E,3,Z1,Eragrostis cylindiflora,NA,Fenced,F
2026,E,3,Z1,Chloris virgata,NA,Fenced,F
2026,E,3,Z1,Digitaria eriantha,21.4,Fenced,F
2026,E,3,Z1,Heteropogon contortus,23.4,Fenced,F
2026,E,3,Z1,NA,23.4,Fenced,F
2026,E,3,Z1,NA,21.7,Fenced,F
2026,E,3,Z1,Heteropogon contortus,1,Fenced,F
2026,E,3,Z1,NA,0,Fenced,F
2026,E,3,Z1,NA,0,Fenced,F
2026,E,3,Z1,NA,0,Fenced,F
2026,E,3,Z1,Heteropogon contortus,16.3,Fenced,F
2026,E,3,Z1,Aristida adscensionis,17.4,Fenced,F
2026,E,3,Z1,Eragrostis cylindiflora,14,Fenced,F
2026,E,3,Z1,Eragrostis gummiflua,12.5,Fenced,F
2026,E,3,Z4,Digitaria velutina,20.4,Unfenced,F
2026,E,3,Z4,Aristida diffusa,17.7,Unfenced,F
2026,E,3,Z4,Panicum maximum,28,Unfenced,F
2026,E,3,Z4,NA,26.8,Unfenced,F
2026,E,3,Z4,Setaria pumila,5.4,Unfenced,F
2026,E,3,Z4,Digitaria velutina,4.8,Unfenced,F
2026,E,3,Z4,Panicum maximum,4.4,Unfenced,F
2026,E,3,Z4,NA,4.6,Unfenced,F
2026,E,3,Z4,Heteropogon contortus,28.5,Unfenced,F
2026,E,3,Z4,Setaria pumila,22.9,Unfenced,F
2026,E,3,Z4,Digitaria velutina,20,Unfenced,F
2026,E,3,Z4,Enteropogon macrostachyus,0,Unfenced,F
2026,E,3,Z4,Eragrostis cylindiflora,0,Unfenced,F
2026,E,3,Z4,Eragrostis rigidior,0,Unfenced,F
2026,E,3,Z4,Eragrostis gummiflua,1.6,Unfenced,F
2026,E,3,Z4,NA,1.6,Unfenced,F
2026,E,3,Z4,Heteropogon contortus,4.2,Unfenced,F
2026,E,3,Z4,Setaria pumila,4,Unfenced,F
2026,E,3,Z4,Panicum maximum,4.8,Unfenced,F
2026,E,3,Z4,Chloris virgata,4,Unfenced,F
2026,E,3,Z2,Setaria pumila,0,Unfenced,F
2026,E,3,Z2,Eragrostis cylindiflora,4.5,Unfenced,F
2026,E,3,Z2,Heteropogon contortus,5.5,Unfenced,F
2026,E,3,Z2,NA,5.7,Unfenced,F
2026,E,3,Z2,Enteropogon macrostachyus,30.6,Unfenced,F
2026,E,3,Z2,Digitaria eriantha,20.4,Unfenced,F
2026,E,3,Z2,Heteropogon contortus,20.1,Unfenced,F
2026,E,3,Z2,Setaria pumila,17.1,Unfenced,F
2026,E,3,Z2,Chloris virgata,NA,Unfenced,F
2026,E,3,Z2,Eragrostis viscosa,0,Unfenced,F
2026,E,3,Z2,Setaria pumila,5.6,Unfenced,F
2026,E,3,Z2,Brachiaria brizantha,11.1,Unfenced,F
2026,E,3,Z2,Enteropogon macrostachyus,12.1,Unfenced,F
2026,E,3,Z2,Aristida canescens,NA,Unfenced,F
2026,E,3,Z2,Chloris virgata,14.8,Unfenced,F
2026,E,3,Z2,Panicum maximum,12.6,Unfenced,F
2026,E,3,Z2,Setaria pumila,11.3,Unfenced,F
2026,E,3,Z2,Eragrostis racemosa,10.2,Unfenced,F
2026,E,3,Z2,Tragus berteronianus ,NA,Unfenced,F
2026,E,3,Z2,Eragrostis viscosa,NA,Unfenced,F
2026,E,3,Z2,Heteropogon contortus,18.8,Unfenced,F
2026,E,3,Z2,Setaria pumila,12.4,Unfenced,F
2026,E,3,Z2,Panicum maximum,21.1,Unfenced,F
2026,E,3,Z2,Diheteropogon amplectens,15.8,Unfenced,F
2026,E,3,Z2,Eragrostis cylindiflora,NA,Unfenced,F
2026,E,3,Z2,Aristida adscensionis,NA,Unfenced,F
2026,E,2,Z4,Panicum maximum,23.8,Unfenced,TF
2026,E,2,Z4,Enteropogon macrostachyus,28.1,Unfenced,TF
2026,E,2,Z4,Heteropogon contortus,30.4,Unfenced,TF
2026,E,2,Z4,NA,30.3,Unfenced,TF
2026,E,2,Z4,Heteropogon contortus,18.6,Unfenced,TF
2026,E,2,Z4,Urochloa oligotricha,19.5,Unfenced,TF
2026,E,2,Z4,Digitaria velutina,8.7,Unfenced,TF
2026,E,2,Z4,Eragrostis viscosa,10.3,Unfenced,TF
2026,E,2,Z4,Eragrostis rigidior,NA,Unfenced,TF
2026,E,2,Z4,Tragus berteronianus ,NA,Unfenced,TF
2026,E,2,Z4,Heteropogon contortus,30.4,Unfenced,TF
2026,E,2,Z4,Digitaria velutina,22.6,Unfenced,TF
2026,E,2,Z4,Setaria pumila,20.2,Unfenced,TF
2026,E,2,Z4,Brachiaria brizantha,18.7,Unfenced,TF
2026,E,2,Z4,eragrostis gummiflua,NA,Unfenced,TF
2026,E,2,Z4,Panicum maximum,7.5,Unfenced,TF
2026,E,2,Z4,Eragrostis rigidior,20.4,Unfenced,TF
2026,E,2,Z4,Aristida adscensionis,19.1,Unfenced,TF
2026,E,2,Z4,Setaria pumila,16.3,Unfenced,TF
2026,E,2,Z4,Enteropogon macrostachyus,NA,Unfenced,TF
2026,E,2,Z4,Enteropogon macrostachyus,37.8,Unfenced,TF
2026,E,2,Z4,Setaria pumila,41.4,Unfenced,TF
2026,E,2,Z4,NA,21.9,Unfenced,TF
2026,E,2,Z4,NA,15.1,Unfenced,TF
2026,E,2,Z4,NA,NA,Unfenced,TF
2026,E,2,Z2,Heteropogon contortus,32.3,Unfenced,TF
2026,E,2,Z2,Diheteropogon amplectens,17.9,Unfenced,TF
2026,E,2,Z2,Aristida canescens,21,Unfenced,TF
2026,E,2,Z2,Panicum maximum,19.8,Unfenced,TF
2026,E,2,Z2,Setaria pumila,18,Unfenced,TF
2026,E,2,Z2,Enteropogon macrostachyus,12.6,Unfenced,TF
2026,E,2,Z2,Brachiaria brizantha,16.7,Unfenced,TF
2026,E,2,Z2,Panicum maximum,20.4,Unfenced,TF
2026,E,2,Z2,Heteropogon contortus,22.5,Unfenced,TF
2026,E,2,Z2,NA,16.1,Unfenced,TF
2026,E,2,Z2,NA,0,Unfenced,TF
2026,E,2,Z2,NA,12.7,Unfenced,TF
2026,E,2,Z2,Brachiaria brizantha,37.6,Unfenced,TF
2026,E,2,Z2,Enteropogon macrostachyus,34.8,Unfenced,TF
2026,E,2,Z2,Setaria pumila,30.9,Unfenced,TF
2026,E,2,Z2,Chloris virgata,26.2,Unfenced,TF
2026,E,2,Z2,Panicum maximum,NA,Unfenced,TF
2026,E,2,Z2,Eragrostis racemosa,NA,Unfenced,TF
2026,E,2,Z2,Digitaria velutina,NA,Unfenced,TF
2026,E,2,Z2,Panicum maximum,48.4,Unfenced,TF
2026,E,2,Z2,Heteropogon contortus,34.8,Unfenced,TF
2026,E,2,Z2,Digitaria velutina,27.7,Unfenced,TF
2026,E,2,Z2,eragrostis gummiflua,24.7,Unfenced,TF
2026,E,2,Z2,Enteropogon macrostachyus,NA,Unfenced,TF
2026,E,2,Z3,Panicum maximum,54.4,Fenced,TF
2026,E,2,Z3,NA,43.9,Fenced,TF
2026,E,2,Z3,NA,45.6,Fenced,TF
2026,E,2,Z3,NA,43,Fenced,TF
2026,E,2,Z3,Panicum maximum,45.6,Fenced,TF
2026,E,2,Z3,Setaria pumila,55.5,Fenced,TF
2026,E,2,Z3,eragrostis gummiflua,81.4,Fenced,TF
2026,E,2,Z3,NA,48,Fenced,TF
2026,E,2,Z3,Heteropogon contortus,1.2,Fenced,TF
2026,E,2,Z3,Aristida canescens,1.2,Fenced,TF
2026,E,2,Z3,Bothriochloa insculpta,2.6,Fenced,TF
2026,E,2,Z3,NA,3,Fenced,TF
2026,E,2,Z3,Panicum maximum,43.5,Fenced,TF
2026,E,2,Z3,Aristida adscensionis,35.4,Fenced,TF
2026,E,2,Z3,Chloris virgata,20.2,Fenced,TF
2026,E,2,Z3,Eragrostis rigidior,26.3,Fenced,TF
2026,E,2,Z3,Panicum maximum,45.2,Fenced,TF
2026,E,2,Z3,Enteropogon macrostachyus,43.4,Fenced,TF
2026,E,2,Z3,NA,35.3,Fenced,TF
2026,E,2,Z3,NA,33.3,Fenced,TF
2026,E,2,Z1,Panicum maximum,58.9,Fenced,TF
2026,E,2,Z1,Heteropogon contortus,57,Fenced,TF
2026,E,2,Z1,Eragrostis racemosa,44.5,Fenced,TF
2026,E,2,Z1,NA,44.8,Fenced,TF
2026,E,2,Z1,Panicum maximum,45,Fenced,TF
2026,E,2,Z1,Chloris virgata,40.7,Fenced,TF
2026,E,2,Z1,Brachiaria brizantha,37.9,Fenced,TF
2026,E,2,Z1,NA,40.6,Fenced,TF
2026,E,2,Z1,Panicum maximum,28.8,Fenced,TF
2026,E,2,Z1,Aristida canescens,19.3,Fenced,TF
2026,E,2,Z1,eragrostis gummiflua,15.4,Fenced,TF
2026,E,2,Z1,Eragrostis cylindiflora,1.3,Fenced,TF
2026,E,2,Z1,Heteropogon contortus,25.4,Fenced,TF
2026,E,2,Z1,Bothriochloa insculpta,30.6,Fenced,TF
2026,E,2,Z1,Eragrostis viscosa,33.9,Fenced,TF
2026,E,2,Z1,Setaria pumila,33.9,Fenced,TF
2026,E,2,Z1,Panicum maximum,80.8,Fenced,TF
2026,E,2,Z1,Heteropogon contortus,50.4,Fenced,TF
2026,E,2,Z1,Setaria pumila,48.4,Fenced,TF
2026,E,2,Z1,NA,50.9,Fenced,TF
2026,E,1,Z3,Heteropogon contortus,27.7,Fenced,C
2026,E,1,Z3,Aristida adscensionis,25.5,Fenced,C
2026,E,1,Z3,Eragrostis racemosa,20.3,Fenced,C
2026,E,1,Z3,NA,12.8,Fenced,C
2026,E,1,Z3,Digitaria eriantha,0,Fenced,C
2026,E,1,Z3,NA,0,Fenced,C
2026,E,1,Z3,NA,0,Fenced,C
2026,E,1,Z3,NA,5.8,Fenced,C
2026,E,1,Z3,Digitaria eriantha,9.8,Fenced,C
2026,E,1,Z3,Heteropogon contortus,7.3,Fenced,C
2026,E,1,Z3,Aristida adscensionis,8.2,Fenced,C
2026,E,1,Z3,NA,7,Fenced,C
2026,E,1,Z3,Enteropogon macrostachyus,12.5,Fenced,C
2026,E,1,Z3,Eragrostis racemosa,10,Fenced,C
2026,E,1,Z3,Bothriochloa insculpta,12.8,Fenced,C
2026,E,1,Z3,NA,14.5,Fenced,C
2026,E,1,Z3,Heteropogon contortus,12.1,Fenced,C
2026,E,1,Z3,Setaria pumila,7.6,Fenced,C
2026,E,1,Z3,Eragrostis cylindiflora,6.8,Fenced,C
2026,E,1,Z3,Aristida adscensionis,5.9,Fenced,C
2026,E,1,Z1,Heteropogon contortus,8.3,Fenced,C
2026,E,1,Z1,Eragrostis cylindiflora,8.4,Fenced,C
2026,E,1,Z1,Aristida adscensionis,8.2,Fenced,C
2026,E,1,Z1,Enteropogon macrostachyus,0,Fenced,C
2026,E,1,Z1,Digitaria eriantha,4.6,Fenced,C
2026,E,1,Z1,Heteropogon contortus,7.3,Fenced,C
2026,E,1,Z1,Enteropogon macrostachyus,8.1,Fenced,C
2026,E,1,Z1,NA,6.1,Fenced,C
2026,E,1,Z1,Heteropogon contortus,6,Fenced,C
2026,E,1,Z1,Tragus berteronianus ,6.7,Fenced,C
2026,E,1,Z1,Aristida diffusa,12.8,Fenced,C
2026,E,1,Z1,eragrostis gummiflua,10.2,Fenced,C
2026,E,1,Z1,Eragrostis rigidior,NA,Fenced,C
2026,E,1,Z1,Heteropogon contortus,0,Fenced,C
2026,E,1,Z1,Eragrostis cylindiflora,0,Fenced,C
2026,E,1,Z1,NA,9.5,Fenced,C
2026,E,1,Z1,NA,8,Fenced,C
2026,E,1,Z1,Heteropogon contortus,12.3,Fenced,C
2026,E,1,Z1,Digitaria eriantha,14.5,Fenced,C
2026,E,1,Z1,Eragrostis superba,0,Fenced,C
2026,E,1,Z1,Setaria pumila,8.5,Fenced,C
2026,E,1,Z2,Eragrostis cylindiflora,11.7,Unfenced,C
2026,E,1,Z2,Urochloa oligotricha,9.3,Unfenced,C
2026,E,1,Z2,Eragrostis rigidior,7.2,Unfenced,C
2026,E,1,Z2,eragrostis gummiflua,3.6,Unfenced,C
2026,E,1,Z2,Eragrostis superba,0,Unfenced,C
2026,E,1,Z2,NA,0,Unfenced,C
2026,E,1,Z2,NA,0,Unfenced,C
2026,E,1,Z2,NA,4.6,Unfenced,C
2026,E,1,Z2,Heteropogon contortus,9,Unfenced,C
2026,E,1,Z2,Digitaria eriantha,11.6,Unfenced,C
2026,E,1,Z2,Setaria pumila,0,Unfenced,C
2026,E,1,Z2,NA,0,Unfenced,C
2026,E,1,Z2,Heteropogon contortus,0,Unfenced,C
2026,E,1,Z2,Digitaria eriantha,0,Unfenced,C
2026,E,1,Z2,NA,10.6,Unfenced,C
2026,E,1,Z2,NA,12.6,Unfenced,C
2026,E,1,Z2,Aristida canescens,22.6,Unfenced,C
2026,E,1,Z2,Digitaria eriantha,20.5,Unfenced,C
2026,E,1,Z2,Themeda triandra,0,Unfenced,C
2026,E,1,Z2,Eragrostis gummiflua,0,Unfenced,C
2026,E,1,Z4,Digitaria eriantha,5.3,Unfenced,C
2026,E,1,Z4,NA,7.8,Unfenced,C
2026,E,1,Z4,NA,8.6,Unfenced,C
2026,E,1,Z4,NA,0,Unfenced,C
2026,E,1,Z4,Panicum maximum,6.7,Unfenced,C
2026,E,1,Z4,Aristida adscensionis,6.7,Unfenced,C
2026,E,1,Z4,Setaria pumila,0,Unfenced,C
2026,E,1,Z4,NA,0,Unfenced,C
2026,E,1,Z4,Panicum maximum,17.1,Unfenced,C
2026,E,1,Z4,Digitaria eriantha,14.6,Unfenced,C
2026,E,1,Z4,NA,0,Unfenced,C
2026,E,1,Z4,NA,0,Unfenced,C
2026,E,1,Z4,Aristida congesta C,8.1,Unfenced,C
2026,E,1,Z4,Eragrostis cylindiflora,8.5,Unfenced,C
2026,E,1,Z4,Eragrostis gummiflua,7.9,Unfenced,C
2026,E,1,Z4,Digitaria eriantha,0,Unfenced,C
2026,E,1,Z4,Setaria pumila,NA,Unfenced,C
2026,E,1,Z4,Tragus berteronianus ,NA,Unfenced,C
2026,E,1,Z4,Digitaria eriantha,18.3,Unfenced,C
2026,E,1,Z4,Eragrostis superba,18.7,Unfenced,C
2026,E,1,Z4,Eragrostis rigidior,19,Unfenced,C
2026,E,1,Z4,Eragrostis cylindiflora,18.1,Unfenced,C
2026,E,1,Z4,Eragrostis gummiflua,NA,Unfenced,C
2026,E,5,Z3,Hyparrhenia hirta,35,Fenced,THF
2026,E,5,Z3,Digitaria eriantha,49.2,Fenced,THF
2026,E,5,Z3,Pogonarthria squarrosa,28.9,Fenced,THF
2026,E,5,Z3,eragrostis gummiflua,41.9,Fenced,THF
2026,E,5,Z3,Aristida adscensionis,NA,Fenced,THF
2026,E,5,Z3,Digitaria eriantha,26.4,Fenced,THF
2026,E,5,Z3,Themeda triandra,33.3,Fenced,THF
2026,E,5,Z3,eragrostis gummiflua,30.1,Fenced,THF
2026,E,5,Z3,Urochloa oligotricha,37.5,Fenced,THF
2026,E,5,Z3,Bothriochloa insculpta,25.8,Fenced,THF
2026,E,5,Z3,Heteropogon contortus,23.2,Fenced,THF
2026,E,5,Z3,eragrostis gummiflua,15,Fenced,THF
2026,E,5,Z3,NA,14.4,Fenced,THF
2026,E,5,Z3,Aristida adscensionis,68.8,Fenced,THF
2026,E,5,Z3,Heteropogon contortus,30.1,Fenced,THF
2026,E,5,Z3,eragrostis gummiflua,25.8,Fenced,THF
2026,E,5,Z3,NA,20.2,Fenced,THF
2026,E,5,Z3,Heteropogon contortus,20.6,Fenced,THF
2026,E,5,Z3,NA,20.3,Fenced,THF
2026,E,5,Z3,NA,20.9,Fenced,THF
2026,E,5,Z3,NA,28.5,Fenced,THF
2026,E,5,Z1,Digitaria eriantha,20.6,Fenced,THF
2026,E,5,Z1,Heteropogon contortus,24.1,Fenced,THF
2026,E,5,Z1,Brachiaria brizantha,32.4,Fenced,THF
2026,E,5,Z1,Pogonarthria squarrosa,35.6,Fenced,THF
2026,E,5,Z1,Cymbopogon excavatus,48.5,Fenced,THF
2026,E,5,Z1,Heteropogon contortus,43.3,Fenced,THF
2026,E,5,Z1,Urochloa oligotricha,44.3,Fenced,THF
2026,E,5,Z1,NA,42.7,Fenced,THF
2026,E,5,Z1,Heteropogon contortus,70.5,Fenced,THF
2026,E,5,Z1,Setaria pumila,52.8,Fenced,THF
2026,E,5,Z1,Digitaria velutina,38.6,Fenced,THF
2026,E,5,Z1,NA,42.7,Fenced,THF
2026,E,5,Z1,Digitaria eriantha,25.6,Fenced,THF
2026,E,5,Z1,Heteropogon contortus,34.7,Fenced,THF
2026,E,5,Z1,Themeda triandra,33.8,Fenced,THF
2026,E,5,Z1,eragrostis gummiflua,70.5,Fenced,THF
2026,E,5,Z1,Bothriochloa insculpta,15.1,Fenced,THF
2026,E,5,Z1,Panicum maximum,19.3,Fenced,THF
2026,E,5,Z1,Heteropogon contortus,11.7,Fenced,THF
2026,E,5,Z1,NA,14.2,Fenced,THF
2026,E,5,Z4,Heteropogon contortus,31,Unfenced,THF
2026,E,5,Z4,NA,21.4,Unfenced,THF
2026,E,5,Z4,NA,26,Unfenced,THF
2026,E,5,Z4,NA,0,Unfenced,THF
2026,E,5,Z4,Urochloa oligotricha,18.7,Unfenced,THF
2026,E,5,Z4,Eragrostis superba,16.8,Unfenced,THF
2026,E,5,Z4,Pogonarthria squarrosa,24.2,Unfenced,THF
2026,E,5,Z4,Digitaria eriantha,15.1,Unfenced,THF
2026,E,5,Z4,Enteropogon macrostachyus,20.9,Unfenced,THF
2026,E,5,Z4,eragrostis gummiflua,11.7,Unfenced,THF
2026,E,5,Z4,NA,14,Unfenced,THF
2026,E,5,Z4,NA,9.4,Unfenced,THF
2026,E,5,Z4,Heteropogon contortus,53.3,Unfenced,THF
2026,E,5,Z4,Enteropogon macrostachyus,33.2,Unfenced,THF
2026,E,5,Z4,Brachiaria brizantha,20.4,Unfenced,THF
2026,E,5,Z4,NA,19.5,Unfenced,THF
2026,E,5,Z4,Themeda triandra,33.4,Unfenced,THF
2026,E,5,Z4,Heteropogon contortus,33.9,Unfenced,THF
2026,E,5,Z4,Digitaria eriantha,21.4,Unfenced,THF
2026,E,5,Z4,NA,24.7,Unfenced,THF
2026,E,5,Z2,Heteropogon contortus,12.8,Unfenced,THF
2026,E,5,Z2,Enteropogon macrostachyus,19.6,Unfenced,THF
2026,E,5,Z2,NA,10.3,Unfenced,THF
2026,E,5,Z2,NA,18.9,Unfenced,THF
2026,E,5,Z2,Digitaria eriantha,35.3,Unfenced,THF
2026,E,5,Z2,Heteropogon contortus,36.6,Unfenced,THF
2026,E,5,Z2,Urochloa oligotricha,30.2,Unfenced,THF
2026,E,5,Z2,Eragrostis rigidior,35.3,Unfenced,THF
2026,E,5,Z2,Aristida congesta C,15.6,Unfenced,THF
2026,E,5,Z2,Digitaria velutina,17,Unfenced,THF
2026,E,5,Z2,Pogonarthria squarrosa,14.7,Unfenced,THF
2026,E,5,Z2,Digitaria eriantha,15.4,Unfenced,THF
2026,E,5,Z2,Heteropogon contortus,NA,Unfenced,THF
2026,E,5,Z2,Eragrostis rigidior,NA,Unfenced,THF
2026,E,5,Z2,eragrostis gummiflua,NA,Unfenced,THF
2026,E,5,Z2,Themeda triandra,48.5,Unfenced,THF
2026,E,5,Z2,Heteropogon contortus,40.6,Unfenced,THF
2026,E,5,Z2,NA,36.4,Unfenced,THF
2026,E,5,Z2,NA,30.7,Unfenced,THF
2026,E,5,Z2,Panicum maximum,40.5,Unfenced,THF
2026,E,5,Z2,Eragrostis superba,43.9,Unfenced,THF
2026,E,5,Z2,Heteropogon contortus,40.9,Unfenced,THF
2026,E,5,Z2,NA,30.6,Unfenced,THF
