Date,Site,Plot,Subplot,Quadrat,Spp_name,Number,Grazing_value,DPM Height,KgDM,Grazing activity,Quadrat under canopy,Biomass intensity,Dung presence,Longest_grass(m),Fencing,Treatment,
07/04/2025,A,5,Z3,4,Aristida adscensionis,1,,9.4,1816,N,N,7,N,,Fenced,THF,
07/04/2025,A,5,Z3,4,Bothriochloa insculpta,22,,9.7,1858,,,,,,Fenced,THF,
07/04/2025,A,5,Z3,4,Eragrostsis gummiflua,1,,11.1,2054,,,,,,Fenced,THF,
07/04/2025,A,5,Z3,4,,,,12.1,2194,,,,,,Fenced,THF,
07/04/2025,A,5,Z3,1,Bothriochloa insculpta,6,,17,2880,N,Y,3,N,,Fenced,THF,
07/04/2025,A,5,Z3,1,,,,2.7,878,,,,,,Fenced,THF,
07/04/2025,A,5,Z3,1,,,,2.8,892,,,,,,Fenced,THF,
07/04/2025,A,5,Z3,1,,,,2.8,892,,,,,,Fenced,THF,
07/04/2025,A,5,Z3,2,Urochloa mosambicensis,1,,26.8,4252,N,Y,7,N,,Fenced,THF,
07/04/2025,A,5,Z3,2,Hyperrhenia filipendula,1,,19.4,3216,,,,,,Fenced,THF,
07/04/2025,A,5,Z3,2,Bothriochloa insculpta,11,,17.3,2922,,,,,,Fenced,THF,
07/04/2025,A,5,Z3,2,Eragrostis gummiflua,1,,16.8,2852,,,,,,Fenced,THF,
07/04/2025,A,5,Z3,5,Urochloa mosambicensis,1,,7.4,1536,N,N,4,N,,Fenced,THF,
07/04/2025,A,5,Z3,5,Cymbopogon excavatus,1,,9.8,1872,,,,,,Fenced,THF,
07/04/2025,A,5,Z3,5,Bothriochloa insculpta,6,,13,2320,,,,,,Fenced,THF,
07/04/2025,A,5,Z3,3,,,,14.3,2502,,,,,,Fenced,THF,
07/04/2025,A,5,Z3,3,,,,,,,,,,,Fenced,THF,
07/04/2025,A,5,Z3,3,,,,,,,,,,,Fenced,THF,
07/04/2025,A,5,Z3,3,,,,,,,,,,,Fenced,THF,
07/04/2025,A,5,Z1,3,Urochloa mosambicensis,3,,22.3,3622,N,N,7.5,N,,Fenced,THF,
07/04/2025,A,5,Z1,3,Bothriochloa insculpta,10,,20.3,3342,,,,,,Fenced,THF,
07/04/2025,A,5,Z1,3,,,,20.6,3384,,,,,,Fenced,THF,
07/04/2025,A,5,Z1,3,,,,19.7,3258,,,,,,Fenced,THF,
07/04/2025,A,5,Z1,4,Hyperrhenia filipendula,1,,18.7,3118,N,N,3,N,,Fenced,THF,
07/04/2025,A,5,Z1,4,Urochloa mosambicensis,1,,16.1,2754,,,,,,Fenced,THF,
07/04/2025,A,5,Z1,4,,,,19.2,3188,,,,,,Fenced,THF,
07/04/2025,A,5,Z1,4,,,,14.8,2572,,,,,,Fenced,THF,
07/04/2025,A,5,Z1,1,Hyperrhenia filipendula,1,,16,2740,N,N,4,N,,Fenced,THF,
07/04/2025,A,5,Z1,1,Themeda triandra,2,,12,2194,,,,,,Fenced,THF,
07/04/2025,A,5,Z1,1,Urochloa mosambicensis,2,,15,2614,,,,,,Fenced,THF,
07/04/2025,A,5,Z1,1,Bothriochloa insculpta,4,,17.8,2992,,,,,,Fenced,THF,
07/04/2025,A,5,Z1,5,Hyperrhenia filipendula,4,,,,,,,,,Fenced,THF,
07/04/2025,A,5,Z1,5,Urochloa mosambicensis,2,,2.8,892,N,N,2,N,,Fenced,THF,
07/04/2025,A,5,Z1,5,,,,6.9,1466,,,,,,Fenced,THF,
07/04/2025,A,5,Z1,5,,,,6.3,1382,,,,,,Fenced,THF,
07/04/2025,A,5,Z1,5,,,,6.4,1396,,,,,,Fenced,THF,
07/04/2025,A,5,Z1,2,Heteropogon contortus,1,,24,3860,N,N,2.5,N,,Fenced,THF,
07/04/2025,A,5,Z1,2,Urochloa mosambicensis,3,,16,2726,,,,,,Fenced,THF,
07/04/2025,A,5,Z1,2,,,,14.7,2558,,,,,,Fenced,THF,
07/04/2025,A,5,Z1,2,,,,14.8,2572,,,,,,Fenced,THF,
08/04/2025,F,5,Z2,1,Aristida adscensionis,1,,6.8,1452,N,N,3,N,,Fenced,THF,
08/04/2025,F,5,Z2,1,Enteropogon macrostachyus,1,,3.4,976,,,,,,Fenced,THF,
08/04/2025,F,5,Z2,1,Setaria incressata,5,,5.7,1298,,,,,,Fenced,THF,
08/04/2025,F,5,Z2,1,,,,7.3,1522,,,,,,Fenced,THF,
08/04/2025,F,5,Z2,2,Digitaria erianthra,2,,8.5,1690,,,,,,Fenced,THF,
08/04/2025,F,5,Z2,2,Pogonarthria squarrosa ,4,,7.3,1522,,,,,,Fenced,THF,
08/04/2025,F,5,Z2,2,Cynodon dactylon,5,,7.2,`1508,,,,,,Fenced,THF,
08/04/2025,F,5,Z2,2,,,,7,1480,,,,,,Fenced,THF,
08/04/2025,F,5,Z2,3,Digitaria erianthra,8,,6.6,1424,N,Y,3.5,N,,Fenced,THF,
08/04/2025,F,5,Z2,3,Heteropogon contortus,1,,6.9,1466,,,,,,Fenced,THF,
08/04/2025,F,5,Z2,3,Cynodon dactylon,5,,6.9,1466,,,,,,Fenced,THF,
08/04/2025,F,5,Z2,3,,,,6.7,1438,,,,,,Fenced,THF,
08/04/2025,F,5,Z2,4,Chloris virgata,4,,8.6,1704,N,Y,3.5,N,,Fenced,THF,
08/04/2025,F,5,Z2,4,Eragrostsis gummiflua,3,,7.4,1536,,,,,,Fenced,THF,
08/04/2025,F,5,Z2,4,Setaria incressata,3,,7.9,1606,,,,,,Fenced,THF,
08/04/2025,F,5,Z2,4,Cynodon dactylon,2,,4.7,1158,,,,,,Fenced,THF,
08/04/2025,F,5,Z2,5,Digitaria erianthra,3,,7.6,1564,Y,N,4,N,,Fenced,THF,
08/04/2025,F,5,Z2,5,Pogonarthria squarrosa ,14,,5.8,1312,,,,,,Fenced,THF,
08/04/2025,F,5,Z2,5,,,,6.4,1396,,,,,,Fenced,THF,
08/04/2025,F,5,Z2,5,,,,7.1,1494,,,,,,Fenced,THF,
08/04/2025,F,5,Z1,1,Eragrostis rigidior,4,,10.5,1970,,,,,,Fenced,THF,
08/04/2025,F,5,Z1,1,Digitaria erianthra,4,,8.7,1718,,,,,,Fenced,THF,
08/04/2025,F,5,Z1,1,Cynodon dactylon,13,,8.8,1732,,,,,,Fenced,THF,
08/04/2025,F,5,Z1,1,Setaria incressata,1,,8.9,1746,,,,,,Fenced,THF,
08/04/2025,F,5,Z1,1,Dactyloctenium giganteum,5,,,,,,,,,Fenced,THF,
08/04/2025,F,5,Z1,2,Eragrostis rigidior,4,,4.9,1186,N,N,7,N,,Fenced,THF,
08/04/2025,F,5,Z1,2,Eragrostis gummiflua,2,,4.7,1158,,,,,,Fenced,THF,
08/04/2025,F,5,Z1,2,Setaria incressata,1,,5.2,1228,,,,,,Fenced,THF,
08/04/2025,F,5,Z1,2,Cynodon dactylon,4,,5.3,1242,,,,,,Fenced,THF,
08/04/2025,F,5,Z1,2,Digitaria erianthra,4,,,,,,,,,Fenced,THF,
08/04/2025,F,5,Z1,2,Dactyloctenium giganteum,1,,,,,,,,,Fenced,THF,
08/04/2025,F,5,Z1,3,Eragrostis rigidior,3,,7,1480,N,N,5,N,,Fenced,THF,
08/04/2025,F,5,Z1,3,Setaria incressata,5,,6.7,1438,,,,,,Fenced,THF,
08/04/2025,F,5,Z1,3,Cynodon dactylon,2,,6.9,1466,,,,,,Fenced,THF,
08/04/2025,F,5,Z1,3,Digitaria erianthra,4,,7.2,1508,,,,,,Fenced,THF,
08/04/2025,F,5,Z1,4,Cynodon dactylon,16,,5.6,1284,Y,N,7,N,,Fenced,THF,
08/04/2025,F,5,Z1,4,Digitaria erianthra,2,,5,1200,,,,,,Fenced,THF,
08/04/2025,F,5,Z1,4,,,,6.7,1438,,,,,,Fenced,THF,
08/04/2025,F,5,Z1,4,,,,7.2,1508,,,,,,Fenced,THF,
08/04/2025,F,5,Z1,5,Cynodon dactylon,8,,6.9,1466,N,N,7.5,N,,Fenced,THF,
08/04/2025,F,5,Z1,5,Digitaria erianthra,13,,7,1480,,,,,,Fenced,THF,
08/04/2025,F,5,Z1,5,Setaria incressata,3,,7.1,1494,,,,,,Fenced,THF,
08/04/2025,F,5,Z1,5,,,,7.2,1508,,,,,,Fenced,THF,
08/04/2025,F,5,Z3,3,Setaria incressata,4,,8,1606,N,N,3,N,,Unfenced,THF,
08/04/2025,F,5,Z3,3,Enteropogon macrostachyus,1,,8.3,1662,,,,,,Unfenced,THF,
08/04/2025,F,5,Z3,3,Cynodon dactylon,2,,8,1606,,,,,,Unfenced,THF,
08/04/2025,F,5,Z3,3,,,,7.7,1578,,,,,,Unfenced,THF,
08/04/2025,F,5,Z3,4,Cynodon dactylon,3,,6.7,1438,N,N,5,N,,Unfenced,THF,
08/04/2025,F,5,Z3,4,Digitaria erianthra,12,,5.6,1284,,,,,,Unfenced,THF,
08/04/2025,F,5,Z3,4,Setaria incressata,2,,5.5,1270,,,,,,Unfenced,THF,
08/04/2025,F,5,Z3,4,Chloris virgata,1,,5.9,1326,,,,,,Unfenced,THF,
08/04/2025,F,5,Z3,5,Cynodon dactylon,27,,10.5,1970,N,N,8,N,,Unfenced,THF,
08/04/2025,F,5,Z3,5,Eragrostis rigidior,1,,9.6,1844,,,,,,Unfenced,THF,
08/04/2025,F,5,Z3,5,Digitaria erianthra,1,,9,1760,,,,,,Unfenced,THF,
08/04/2025,F,5,Z3,5,,,,10.2,1928,,,,,,Unfenced,THF,
08/04/2025,F,5,Z3,1,Digitaria erianthra,4,,9.3,1802,N,N,8,N,,Unfenced,THF,
08/04/2025,F,5,Z3,1,Cynodon dactylon,13,,9.4,1016,,,,,,Unfenced,THF,
08/04/2025,F,5,Z3,1,Eragrostis rigidior,1,,9,1760,,,,,,Unfenced,THF,
08/04/2025,F,5,Z3,1,,,,8.4,1676,,,,,,Unfenced,THF,
08/04/2025,F,5,Z3,2,Cynodon dactylon,12,,11.3,2082,N,N,8.5,N,,Unfenced,THF,
08/04/2025,F,5,Z3,2,Digitaria erianthra,4,,17,2880,,,,,,Unfenced,THF,
08/04/2025,F,5,Z3,2,Setaria incressata,3,,17.5,2950,,,,,,Unfenced,THF,
08/04/2025,F,5,Z3,2,,,,17.5,2950,,,,,,Unfenced,THF,
08/04/2025,F,5,Z4,2,Digitaria erianthra,12,,13.1,2334,N,Y,7,N,,Unfenced,THF,
08/04/2025,F,5,Z4,2,Cynodon dactylon,6,,12.6,2124,,,,,,Unfenced,THF,
08/04/2025,F,5,Z4,2,Setaria incressata,1,,12.4,2236,,,,,,Unfenced,THF,
08/04/2025,F,5,Z4,2,,,,13.9,2446,,,,,,Unfenced,THF,
08/04/2025,F,5,Z4,1,Digitaria erianthra,5,,7,1480,N,N,6,N,,Unfenced,THF,
08/04/2025,F,5,Z4,1,Eragrostis rigidior,1,,5.7,1296,,,,,,Unfenced,THF,
08/04/2025,F,5,Z4,1,Cynodon dactylon,7,,4.8,1172,,,,,,Unfenced,THF,
08/04/2025,F,5,Z4,1,,,,4.4,1116,,,,,,Unfenced,THF,
08/04/2025,F,5,Z4,3,Setaria incressata,11,,10.3,1942,N,N,5,N,,Unfenced,THF,
08/04/2025,F,5,Z4,3,Eragrostis rigidior,2,,9.8,1872,,,,,,Unfenced,THF,
08/04/2025,F,5,Z4,3,Cynodon dactylon,5,,9.5,1830,,,,,,Unfenced,THF,
08/04/2025,F,5,Z4,3,,,,11.2,2068,,,,,,Unfenced,THF,
08/04/2025,F,5,Z4,4,Cynodon dactylon,3,,4.4,1116,N,Y,2,N,,Unfenced,THF,
08/04/2025,F,5,Z4,4,Digitaria erianthra,6,,4.7,1158,,,,,,Unfenced,THF,
08/04/2025,F,5,Z4,4,,,,4.8,1172,,,,,,Unfenced,THF,
08/04/2025,F,5,Z4,4,,,,4.6,1144,,,,,,Unfenced,THF,
08/04/2025,F,5,Z4,5,Digitaria erianthra,6,,5.3,1242,N,Y,4,N,,Unfenced,THF,
08/04/2025,F,5,Z4,5,Eragrostis rigidior,2,,5.3,1242,,,,,,Unfenced,THF,
08/04/2025,F,5,Z4,5,Setaria incressata,3,,5.4,1236,,,,,,Unfenced,THF,
08/04/2025,F,5,Z4,5,Aristida adscensionis,1,,6.6,1340,,,,,,Unfenced,THF,
08/04/2025,F,4,Z2,1,Eragrostis rigidior,3,,9.8,1872,N,N,4,N,,Fenced,TFB,
08/04/2025,F,4,Z2,1,,,,10.2,1928,,,,,,Fenced,TFB,
08/04/2025,F,4,Z2,1,,,,8.8,1732,,,,,,Fenced,TFB,
08/04/2025,F,4,Z2,1,,,,7.8,1592,,,,,,Fenced,TFB,
08/04/2025,F,4,Z2,4,Pogonarthria squarrosa ,6,,3.6,1004,N,Y,2.5,N,,Fenced,TFB,
08/04/2025,F,4,Z2,4,Setaria incressata,2,,3.4,976,,,,,,Fenced,TFB,
08/04/2025,F,4,Z2,4,,,,4.5,1130,,,,,,Fenced,TFB,
08/04/2025,F,4,Z2,4,,,,5.1,1214,,,,,,Fenced,TFB,
08/04/2025,F,4,Z2,3,Chloris virgata,2,,4.7,1158,N,Y,1,N,,Fenced,TFB,
08/04/2025,F,4,Z2,3,,,,4.3,1102,,,,,,Fenced,TFB,
08/04/2025,F,4,Z2,3,,,,4.1,1074,,,,,,Fenced,TFB,
08/04/2025,F,4,Z2,3,,,,4.2,1088,,,,,,Fenced,TFB,
08/04/2025,F,4,Z2,2,Brachiaria nigropedata,1,,6.4,1396,N,N,2.5,N,,Fenced,TFB,
08/04/2025,F,4,Z2,2,Eragrostis rigidior,1,,5.6,1284,,,,,,Fenced,TFB,
08/04/2025,F,4,Z2,2,Cynodon dactylon,1,,5.3,1242,,,,,,Fenced,TFB,
08/04/2025,F,4,Z2,2,Eragrostis gummiflua,4,,5.7,1298,,,,,,Fenced,TFB,
08/04/2025,F,4,Z2,5,Brachiaria nigropedata,1,,5.4,1256,N,N,3,N,,Fenced,TFB,
08/04/2025,F,4,Z2,5,Eragrostis rigidior,5,,4.3,1102,,,,,,Fenced,TFB,
08/04/2025,F,4,Z2,5,Digitaria erianthra,4,,8.1,1634,,,,,,Fenced,TFB,
08/04/2025,F,4,Z2,5,,,,8.5,1690,,,,,,Fenced,TFB,
08/04/2025,F,4,Z3,2,Cynodon dactylon,6,,4.5,1130,N,N,3,N,,Unfenced,TFB,
08/04/2025,F,4,Z3,2,Setaria incressata,3,,4.1,1074,,,,,,Unfenced,TFB,
08/04/2025,F,4,Z3,2,Aristida adscensionis,1,,4,1060,,,,,,Unfenced,TFB,
08/04/2025,F,4,Z3,2,,,,3.7,1018,,,,,,Unfenced,TFB,
08/04/2025,F,4,Z3,5,Digitaria erianthra,10,,4.7,1158,Y,N,6,N,,Unfenced,TFB,
08/04/2025,F,4,Z3,5,Eragrostis viscosa,2,,5.3,1242,,,,,,Unfenced,TFB,
08/04/2025,F,4,Z3,5,Eragrostis rigidior,1,,5.4,1256,,,,,,Unfenced,TFB,
08/04/2025,F,4,Z3,5,Cynodon dactylon,2,,5.4,1256,,,,,,Unfenced,TFB,
08/04/2025,F,4,Z3,3,Digitaria erianthra,11,,6,1340,N,Y,3,N,,Unfenced,TFB,
08/04/2025,F,4,Z3,3,Heteropogon contortus,1,,5.1,1214,,,,,,Unfenced,TFB,
08/04/2025,F,4,Z3,3,,,,5,1210,,,,,,Unfenced,TFB,
08/04/2025,F,4,Z3,3,,,,4.9,1186,,,,,,Unfenced,TFB,
08/04/2025,F,4,Z3,4,Aristida adscensionis,1,,6,1340,Y,Y,3.5,N,,Unfenced,TFB,
08/04/2025,F,4,Z3,4,Digitaria erianthra,15,,6.1,1354,,,,,,Unfenced,TFB,
08/04/2025,F,4,Z3,4,Eragrostis viscosa,1,,5.9,1326,,,,,,Unfenced,TFB,
08/04/2025,F,4,Z3,4,,,,6.2,1368,,,,,,Unfenced,TFB,
08/04/2025,F,4,Z3,1,Eragrostis rigidior,5,,9.3,1802,N,N,5,N,,Unfenced,TFB,
08/04/2025,F,4,Z3,1,Digitaria erianthra,4,,7.1,1494,,,,,,Unfenced,TFB,
08/04/2025,F,4,Z3,1,Eragrostis viscosa,6,,6,1340,,,,,,Unfenced,TFB,
08/04/2025,F,4,Z3,1,Cynodon dactylon,3,,5.7,1298,,,,,,Unfenced,TFB,
08/04/2025,F,4,Z1,1,Setaria incressata,4,,5.5,1270,,,,,,Fenced,TFB,
08/04/2025,F,4,Z1,1,Eragrostis viscosa,7,,5.2,1228,,,,,,Fenced,TFB,
08/04/2025,F,4,Z1,1,,,,4.8,1172,,,,,,Fenced,TFB,
08/04/2025,F,4,Z1,1,,,,4.4,1116,,,,,,Fenced,TFB,
08/04/2025,F,4,Z1,2,Brachiaria nigropedata,1,,8.5,1690,N,Y,2,N,,Fenced,TFB,
08/04/2025,F,4,Z1,2,Heteropogon contortus,1,,10.8,2012,,,,,,Fenced,TFB,
08/04/2025,F,4,Z1,2,,,,8.7,1718,,,,,,Fenced,TFB,
08/04/2025,F,4,Z1,2,,,,9.5,1844,,,,,,Fenced,TFB,
08/04/2025,F,4,Z1,3,Aristida adscensionis,3,,8.5,1802,N,Y,5,N,,Fenced,TFB,
08/04/2025,F,4,Z1,3,Setaria incressata,8,,10.8,1984,,,,,,Fenced,TFB,
08/04/2025,F,4,Z1,3,,,,10.2,1928,,,,,,Fenced,TFB,
08/04/2025,F,4,Z1,3,,,,10,1900,,,,,,Fenced,TFB,
08/04/2025,F,4,Z1,4,Setaria incressata,8,,8,1620,N,Y,4,N,,Fenced,TFB,
08/04/2025,F,4,Z1,4,Digitaria erianthra,4,,9.2,1788,,,,,,Fenced,TFB,
08/04/2025,F,4,Z1,4,,,,10,1900,,,,,,Fenced,TFB,
08/04/2025,F,4,Z1,4,,,,8.9,1746,,,,,,Fenced,TFB,
08/04/2025,F,4,Z1,5,Pogonarthria squarrosa ,7,,1.9,766,N,N,2,N,,Fenced,TFB,
08/04/2025,F,4,Z1,5,Eragrostis viscosa,1,,3.3,962,,,,,,Fenced,TFB,
08/04/2025,F,4,Z1,5,,,,3.3,962,,,,,,Fenced,TFB,
08/04/2025,F,4,Z1,5,,,,3.9,1046,,,,,,Fenced,TFB,
08/04/2025,F,4,Z4,2,Panicum maximum,3,,12,3286,N,N,8,N,,Unfenced,TFB,
08/04/2025,F,4,Z4,2,Enteropogon macrostachyus,1,,15.3,2642,,,,,,Unfenced,TFB,
08/04/2025,F,4,Z4,2,,,,14,2460,,,,,,Unfenced,TFB,
08/04/2025,F,4,Z4,2,,,,16.5,2810,N,Y,4.5,N,,Unfenced,TFB,
08/04/2025,F,4,Z4,5,Heteropogon contortus,1,,6.3,1382,,,,,,Unfenced,TFB,
08/04/2025,F,4,Z4,5,Digitaria erianthra,1,,6.9,1466,,,,,,Unfenced,TFB,
08/04/2025,F,4,Z4,5,Aristida adscensionis,1,,7.9,1606,,,,,,Unfenced,TFB,
08/04/2025,F,4,Z4,5,Setaria incressata,4,,7.7,1578,,,,,,Unfenced,TFB,
08/04/2025,F,4,Z4,5,Cynodon dactylon,2,,,,,,,,,Unfenced,TFB,
08/04/2025,F,4,Z4,3,Digitaria erianthra,1,,2.6,864,N,Y,1.5,N,,Unfenced,TFB,
08/04/2025,F,4,Z4,3,Eragrostis viscosa,2,,2.7,878,,,,,,Unfenced,TFB,
08/04/2025,F,4,Z4,3,Pogonarthria squarrosa ,1,,3.3,962,,,,,,Unfenced,TFB,
08/04/2025,F,4,Z4,3,,,,4.1,1074,,,,,,Unfenced,TFB,
08/04/2025,F,4,Z4,4,Digitaria erianthra,6,,3.4,976,N,N,3,N,,Unfenced,TFB,
08/04/2025,F,4,Z4,4,Cynodon dactylon,6,,4.8,1172,,,,,,Unfenced,TFB,
08/04/2025,F,4,Z4,4,Pogonarthria squarrosa ,1,,6.9,1466,,,,,,Unfenced,TFB,
08/04/2025,F,4,Z4,4,Heteropogon contortus,1,,7.2,1508,,,,,,Unfenced,TFB,
08/04/2025,F,4,Z4,4,Setaria incressata,1,,,,,,,,,Unfenced,TFB,
08/04/2025,F,4,Z4,1,Setaria incressata,4,,5.8,1312,N,N,4,N,,Unfenced,TFB,
08/04/2025,F,4,Z4,1,Aristida adscensionis,2,,5.6,1284,,,,,,Unfenced,TFB,
08/04/2025,F,4,Z4,1,,,,7.7,1578,,,,,,Unfenced,TFB,
08/04/2025,F,4,Z4,1,,,,9,1760,,,,,,Unfenced,TFB,
09/04/2025,F,3,Z1,2,Digitaria erianthra,3,,6.3,1382,N,Y,1,4,,Fenced,TF,
09/04/2025,F,3,Z1,2,,,,1.7,738,,,,,,Fenced,TF,
09/04/2025,F,3,Z1,2,,,,1.7,738,,,,,,Fenced,TF,
09/04/2025,F,3,Z1,2,,,,3.7,1018,,,,,,Fenced,TF,
09/04/2025,F,3,Z1,1,Eragrostis viscosa,16,,6.4,1396,N,N,3,N,,Fenced,TF,
09/04/2025,F,3,Z1,1,Pogonarthria squarrosa ,2,,5.2,1228,,,,,,Fenced,TF,
09/04/2025,F,3,Z1,1,,,,4.2,1088,,,,,,Fenced,TF,
09/04/2025,F,3,Z1,1,,,,4.2,1088,,,,,,Fenced,TF,
09/04/2025,F,3,Z1,3,Eragrostis viscosa,5,,10.6,1984,N,N,4,N,,Fenced,TF,
09/04/2025,F,3,Z1,3,Eragrostis rigidior,2,,7.2,1508,,,,,,Fenced,TF,
09/04/2025,F,3,Z1,3,Digitaria erianthra,4,,7.2,1508,,,,,,Fenced,TF,
09/04/2025,F,3,Z1,3,Cynodon dactylon,3,,7.1,1494,,,,,,Fenced,TF,
09/04/2025,F,3,Z1,4,Cynodon dactylon,2,,5.1,1214,N,N,3,N,,Fenced,TF,
09/04/2025,F,3,Z1,4,Digitaria erianthra,6,,5.5,1270,,,,,,Fenced,TF,
09/04/2025,F,3,Z1,4,Eragrostis viscosa,3,,5.6,1284,,,,,,Fenced,TF,
09/04/2025,F,3,Z1,4,,,,8.9,1326,,,,,,Fenced,TF,
09/04/2025,F,3,Z1,5,Setaria incressata,2,,5.4,1256,N,Y,1.5,N,,Fenced,TF,
09/04/2025,F,3,Z1,5,Digitaria erianthra,2,,5.8,1312,,,,,,Fenced,TF,
09/04/2025,F,3,Z1,5,,,,6.1,1354,,,,,,Fenced,TF,
09/04/2025,F,3,Z1,5,,,,6.5,1410,,,,,,Fenced,TF,
09/04/2025,F,3,Z2,2,Eragrostis viscosa,9,,7.2,1508,N,Y,2,N,,Fenced,TF,
09/04/2025,F,3,Z2,2,Pogonarthria squarrosa ,2,,7.9,1605,,,,,,Fenced,TF,
09/04/2025,F,3,Z2,2,Eragrostis rigidior,2,,7.8,1592,,,,,,Fenced,TF,
09/04/2025,F,3,Z2,2,,,,7.5,1550,,,,,,Fenced,TF,
09/04/2025,F,3,Z2,1,Eragrostis viscosa,18,,8.3,1662,N,N,2.5,N,,Fenced,TF,
09/04/2025,F,3,Z2,1,Setaria incressata,1,,6.4,1395,,,,,,Fenced,TF,
09/04/2025,F,3,Z2,1,Eragrostis rigidior,1,,6.8,1452,,,,,,Fenced,TF,
09/04/2025,F,3,Z2,1,,,,7.1,1494,,,,,,Fenced,TF,
09/04/2025,F,3,Z2,5,Eragrostis viscosa,8,,6.5,1410,N,N,2.5,N,,Fenced,TF,
09/04/2025,F,3,Z2,5,Eragrostis rigidior,2,,6.2,1368,,,,,,Fenced,TF,
09/04/2025,F,3,Z2,5,Perotis patens,1,,5.9,1326,,,,,,Fenced,TF,
09/04/2025,F,3,Z2,5,,,,6.2,1368,,,,,,Fenced,TF,
09/04/2025,F,3,Z2,3,Eragrostis viscosa,8,,6.9,1466,N,N,3,N,,Fenced,TF,
09/04/2025,F,3,Z2,3,Digitaria erianthra,5,,6.4,1396,,,,,,Fenced,TF,
09/04/2025,F,3,Z2,3,Eragrostis rigidior,3,,7,1480,,,,,,Fenced,TF,
09/04/2025,F,3,Z2,3,Eragrostis gummiflua,4,,6.8,1452,,,,,,Fenced,TF,
09/04/2025,F,3,Z2,4,Setaria incressata,4,,6.8,1452,N,Y,1,N,,Fenced,TF,
09/04/2025,F,3,Z2,4,Eragrostis rigidior,1,,6.5,1410,,,,,,Fenced,TF,
09/04/2025,F,3,Z2,4,,,,6.3,1382,,,,,,Fenced,TF,
09/04/2025,F,3,Z2,4,,,,6,1340,,,,,,Fenced,TF,
09/04/2025,F,3,Z4,1,Eragrostis rigidior,2,,6.4,1396,N,N,2,N,,Unfenced,TF,
09/04/2025,F,3,Z4,1,Cynodon dactylon,7,,6.6,1424,,,,,,Unfenced,TF,
09/04/2025,F,3,Z4,1,Digitaria erianthra,7,,6.4,1396,,,,,,Unfenced,TF,
09/04/2025,F,3,Z4,1,,,,6.6,1424,,,,,,Unfenced,TF,
09/04/2025,F,3,Z4,4,Cynodon dactylon,4,,7.4,1536,N,N,5,N,,Unfenced,TF,
09/04/2025,F,3,Z4,4,Eragrostis rigidior,3,,8.7,1718,,,,,,Unfenced,TF,
09/04/2025,F,3,Z4,4,Digitaria erianthra,2,,8.9,1740,,,,,,Unfenced,TF,
09/04/2025,F,3,Z4,4,,,,9.6,1844,,,,,,Unfenced,TF,
09/04/2025,F,3,Z4,3,Cynodon dactylon,13,,4.7,1536,N,N,4.5,N,,Unfenced,TF,
09/04/2025,F,3,Z4,3,Digitaria erianthra,7,,6.8,1718,,,,,,Unfenced,TF,
09/04/2025,F,3,Z4,3,Setaria incressata,4,,8.6,1704,,,,,,Unfenced,TF,
09/04/2025,F,3,Z4,3,,,,9.1,1774,,,,,,Unfenced,TF,
09/04/2025,F,3,Z4,5,Cynodon dactylon,12,,11.6,2124,N,N,5,N,,Unfenced,TF,
09/04/2025,F,3,Z4,5,Eragrostis rigidior,1,,9.7,1858,,,,,,Unfenced,TF,
09/04/2025,F,3,Z4,5,Pogonarthria squarrosa ,1,,8.3,1662,,,,,,Unfenced,TF,
09/04/2025,F,3,Z4,5,Digitaria erianthra,5,,8.1,1634,,,,,,Unfenced,TF,
09/04/2025,F,3,Z4,2,Enteropogon macrostachyus,1,,5.1,1214,N,Y,2.5,N,,Unfenced,TF,
09/04/2025,F,3,Z4,2,Digitaria erianthra,3,,5.3,1242,,,,,,Unfenced,TF,
09/04/2025,F,3,Z4,2,Setaria incressata,1,,9.4,1816,,,,,,Unfenced,TF,
09/04/2025,F,3,Z4,2,,,,9,1760,,,,,,Unfenced,TF,
09/04/2025,F,3,Z3,1,Cynodon dactylon,8,,7.2,1508,N,N,3.5,N,,Unfenced,TF,
09/04/2025,F,3,Z3,1,Pogonarthria squarrosa ,2,,7.1,1494,,,,,,Unfenced,TF,
09/04/2025,F,3,Z3,1,Eragrostis viscosa,5,,7.2,1508,,,,,,Unfenced,TF,
09/04/2025,F,3,Z3,1,Setaria incressata,3,,7.5,1550,,,,,,Unfenced,TF,
09/04/2025,F,3,Z3,2,Eragrostis rigidior,2,,7,1480,N,Y,1.5,N,,Unfenced,TF,
09/04/2025,F,3,Z3,2,Digitaria erianthra,1,,5.5,1270,,,,,,Unfenced,TF,
09/04/2025,F,3,Z3,2,,,,3.9,1046,,,,,,Unfenced,TF,
09/04/2025,F,3,Z3,2,,,,3.4,976,,,,,,Unfenced,TF,
09/04/2025,F,3,Z3,3,Cynodon dactylon,6,,3.6,1004,N,N,2,N,,Unfenced,TF,
09/04/2025,F,3,Z3,3,Digitaria erianthra,3,,3.6,1004,,,,,,Unfenced,TF,
09/04/2025,F,3,Z3,3,,,,4.6,1144,,,,,,Unfenced,TF,
09/04/2025,F,3,Z3,3,,,,4.5,1130,,,,,,Unfenced,TF,
09/04/2025,F,3,Z3,5,Cynodon dactylon,4,,6.8,1452,N,Y,6.5,N,,Unfenced,TF,
09/04/2025,F,3,Z3,5,Digitaria erianthra,3,,9.6,1844,,,,,,Unfenced,TF,
09/04/2025,F,3,Z3,5,Setaria incressata,7,,9.6,1844,,,,,,Unfenced,TF,
09/04/2025,F,3,Z3,5,Eragrostis viscosa,1,,9.8,1872,,,,,,Unfenced,TF,
09/04/2025,F,3,Z3,4,Cynodon dactylon,6,,19.4,1816,N,Y,7,N,,Unfenced,TF,
09/04/2025,F,3,Z3,4,Digitaria erianthra,3,,8.5,1690,,,,,,Unfenced,TF,
09/04/2025,F,3,Z3,4,,,,10.7,1998,,,,,,Unfenced,TF,
09/04/2025,F,3,Z3,4,,,,11.7,2138,,,,,,Unfenced,TF,
09/04/2025,F,2,Z4,4,Cynodon dactylon,5,,8.5,1690,N,Y,3.5,N,,Unfenced,F,
09/04/2025,F,2,Z4,4,Eragrostis rigidior,1,,7.9,1606,,,,,,Unfenced,F,
09/04/2025,F,2,Z4,4,Digitaria erianthra,2,,8,1620,,,,,,Unfenced,F,
09/04/2025,F,2,Z4,4,Setaria incressata,2,,8.1,1634,,,,,,Unfenced,F,
09/04/2025,F,2,Z4,2,Aristida adscensionis,2,,3.9,1043,Y,N,4,N,,Unfenced,F,
09/04/2025,F,2,Z4,2,Digitaria erianthra,11,,4.2,1088,,,,,,Unfenced,F,
09/04/2025,F,2,Z4,2,Cynodon dactylon,5,,4.6,1144,,,,,,Unfenced,F,
09/04/2025,F,2,Z4,2,Heteropogon contortus,1,,4.3,1102,,,,,,Unfenced,F,
09/04/2025,F,2,Z4,5,Cynodon dactylon,4,,2.2,808,N,Y,1,N,,Unfenced,F,
09/04/2025,F,2,Z4,5,Eragrostis viscosa,11,,2,780,,,,,,Unfenced,F,
09/04/2025,F,2,Z4,5,Pogonarthria squarrosa ,2,,2.1,794,,,,,,Unfenced,F,
09/04/2025,F,2,Z4,5,,,,2,780,,,,,,Unfenced,F,
09/04/2025,F,2,Z4,4,Cynodon dactylon,6,,6.9,1466,N,Y,2,N,,Unfenced,F,
09/04/2025,F,2,Z4,4,Eragrostis viscosa,8,,6.1,1354,,,,,,Unfenced,F,
09/04/2025,F,2,Z4,4,,,,6.4,1396,,,,,,Unfenced,F,
09/04/2025,F,2,Z4,4,,,,6.3,1382,,,,,,Unfenced,F,
09/04/2025,F,2,Z4,3,Enteropogon macrostachyus,3,,2.9,906,N,Y,1.5,N,,Unfenced,F,
09/04/2025,F,2,Z4,3,,,,2.6,864,,,,,,Unfenced,F,
09/04/2025,F,2,Z4,3,,,,2.8,892,,,,,,Unfenced,F,
09/04/2025,F,2,Z4,3,,,,2.9,906,,,,,,Unfenced,F,
09/04/2025,F,2,Z3,4,Cynodon dactylon,3,,2.3,822,N,Y,1.5,N,,Unfenced,F,
09/04/2025,F,2,Z3,4,Digitaria erianthra,2,,2.3,822,,,,,,Unfenced,F,
09/04/2025,F,2,Z3,4,Heteropogon contortus,2,,3.7,1018,,,,,,Unfenced,F,
09/04/2025,F,2,Z3,4,Enteropogon macrostachyus,1,,4,1060,,,,,,Unfenced,F,
09/04/2025,F,2,Z3,5,Digitaria erianthra,3,,4.7,1158,Y,Y,4,N,,Unfenced,F,
09/04/2025,F,2,Z3,5,Cynodon dactylon,5,,3.9,1045,,,,,,Unfenced,F,
09/04/2025,F,2,Z3,5,Eragrostis rigidior,3,,4.4,1116,,,,,,Unfenced,F,
09/04/2025,F,2,Z3,5,,,,4.5,1130,,,,,,Unfenced,F,
09/04/2025,F,2,Z3,3,Enteropogon macrostachyus,6,,4.3,1102,Y,Y,2,N,,Unfenced,F,
09/04/2025,F,2,Z3,3,Eragrostis rigidior,,,4.6,1144,,,,,,Unfenced,F,
09/04/2025,F,2,Z3,3,Cynodon dactylon,,,4.7,1158,,,,,,Unfenced,F,
09/04/2025,F,2,Z3,3,,,,5,1200,,,,,,Unfenced,F,
09/04/2025,F,2,Z3,2,Chloris virgata,1,,6.1,1354,Y,N,7,N,,Unfenced,F,
09/04/2025,F,2,Z3,2,Digitaria erianthra,10,,6.3,1382,,,,,,Unfenced,F,
09/04/2025,F,2,Z3,2,Enteropogon macrostachyus,2,,7.8,1592,,,,,,Unfenced,F,
09/04/2025,F,2,Z3,2,Heteropogon contortus,3,,9.4,1816,,,,,,Unfenced,F,
09/04/2025,F,2,Z3,2,Cynodon dactylon,6,,,,,,,,,Unfenced,F,
09/04/2025,F,2,Z3,1,Cynodon dactylon,8,,4.2,1088,Y,N,4,N,,Unfenced,F,
09/04/2025,F,2,Z3,1,Eragrostis rigidior,3,,4.1,1074,,,,,,Unfenced,F,
09/04/2025,F,2,Z3,1,Dactyloctenium giganteum,2,,5,1200,,,,,,Unfenced,F,
09/04/2025,F,2,Z3,1,Digitaria erianthra,5,,5.4,1256,,,,,,Unfenced,F,
09/04/2025,F,2,Z1,4,Cynodon dactylon,6,,6.3,1382,N,N,3.5,N,,Fenced,F,
09/04/2025,F,2,Z1,4,Eragrostis curvula,1,,11.5,2110,,,,,,Fenced,F,
09/04/2025,F,2,Z1,4,Eragrostis rigidior,2,,9.2,1802,,,,,,Fenced,F,
09/04/2025,F,2,Z1,4,,,,8.8,1732,,,,,,Fenced,F,
09/04/2025,F,2,Z1,3,Chloris virgata,1,,12,2180,N,N,6,N,,Fenced,F,
09/04/2025,F,2,Z1,3,Eragrostis rigidior,3,,10.7,1998,,,,,,Fenced,F,
09/04/2025,F,2,Z1,3,Cynodon dactylon,10,,10.7,1998,,,,,,Fenced,F,
09/04/2025,F,2,Z1,3,Eragrostis viscosa,6,,10.4,1956,,,,,,Fenced,F,
09/04/2025,F,2,Z1,3,Setaria incressata,2,,,,,,,,,Fenced,F,
09/04/2025,F,2,Z1,5,Eragrostis rigidior,6,,8.1,1634,N,Y,8,N,,Fenced,F,
09/04/2025,F,2,Z1,5,Chloris virgata,2,,14.1,2474,,,,,,Fenced,F,
09/04/2025,F,2,Z1,5,Cynodon dactylon,3,,13.4,2376,,,,,,Fenced,F,
09/04/2025,F,2,Z1,5,Setaria incressata,4,,13.3,2362,,,,,,Fenced,F,
09/04/2025,F,2,Z1,5,Enteropogon macrostachyus,1,,,,,,,,,Fenced,F,
09/04/2025,F,2,Z1,2,Enteropogon macrostachyus,4,,11,2040,N,Y,7,N,,Fenced,F,
09/04/2025,F,2,Z1,2,Eragrostis rigidior,2,,12.4,2236,,,,,,Fenced,F,
09/04/2025,F,2,Z1,2,Panicum maximum,2,,11.7,2138,,,,,,Fenced,F,
09/04/2025,F,2,Z1,2,,,,10.9,2026,,,,,,Fenced,F,
09/04/2025,F,2,Z1,1,Enteropogon macrostachyus,2,,3.8,1032,N,Y,3,N,,Fenced,F,
09/04/2025,F,2,Z1,1,Eragrostis rigidior,2,,3.9,1046,,,,,,Fenced,F,
09/04/2025,F,2,Z1,1,Digitaria erianthra,3,,4,1060,,,,,,Fenced,F,
09/04/2025,F,2,Z1,1,Setaria incressata,1,,4,1060,,,,,,Fenced,F,
09/04/2025,F,2,Z2,2,Digitaria erianthra,9,,7.5,1550,N,Y,4.5,N,,Fenced,F,
09/04/2025,F,2,Z2,2,Setaria incressata,4,,7.1,1494,,,,,,Fenced,F,
09/04/2025,F,2,Z2,2,Enteropogon macrostachyus,1,,7.2,1508,,,,,,Fenced,F,
09/04/2025,F,2,Z2,2,,,,7.2,1508,,,,,,Fenced,F,
09/04/2025,F,2,Z2,5,Eragrostis rigidior,8,,7.5,1550,N,N,6,N,,Fenced,F,
09/04/2025,F,2,Z2,5,Dactyloctenium giganteum,1,,7.9,1606,,,,,,Fenced,F,
09/04/2025,F,2,Z2,5,Enteropogon macrostachyus,1,,7.1,1494,,,,,,Fenced,F,
09/04/2025,F,2,Z2,5,Digitaria erianthra,2,,8.8,1732,,,,,,Fenced,F,
09/04/2025,F,2,Z2,4,Chloris virgata,1,,17.5,2950,N,N,8,N,,Fenced,F,
09/04/2025,F,2,Z2,4,Aristida adscensionis,2,,20.7,3398,,,,,,Fenced,F,
09/04/2025,F,2,Z2,4,Cynodon dactylon,8,,20.5,3370,,,,,,Fenced,F,
09/04/2025,F,2,Z2,4,Eragrostis rigidior,1,,19.7,3258,,,,,,Fenced,F,
09/04/2025,F,2,Z2,4,Heteropogon contortus,1,,,,,,,,,Fenced,F,
09/04/2025,F,2,Z2,4,Perotis patens,1,,,,,,,,,Fenced,F,
09/04/2025,F,2,Z2,3,Dactyloctenium giganteum,1,,10.9,2026,N,N,3.5,N,,Fenced,F,
09/04/2025,F,2,Z2,3,Pogonarthria squarrosa ,3,,7.6,1564,,,,,,Fenced,F,
09/04/2025,F,2,Z2,3,Digitaria erianthra,10,,7.3,1522,,,,,,Fenced,F,
09/04/2025,F,2,Z2,3,,,,8,1620,,,,,,Fenced,F,
09/04/2025,F,2,Z2,1,Digitaria erianthra,9,,9.1,1774,N,Y,4,N,,Fenced,F,
09/04/2025,F,2,Z2,1,Setaria incressata,2,,7.7,1578,,,,,,Fenced,F,
09/04/2025,F,2,Z2,1,Aristida adscensionis,3,,7.4,1536,,,,,,Fenced,F,
09/04/2025,F,2,Z2,1,,,,8,1620,,,,,,Fenced,F,
16/04/2025,A,1,Z3,2,Panicum maximum,8,,4.9,1186,N,Y,3,N,1.2,Unfenced,C,
16/04/2025,A,1,Z3,2,Chloris virgata,2,,6.8,1452,,,,,,Unfenced,C,
16/04/2025,A,1,Z3,2,Eragrostis cylindriflora,1,,6.2,1368,,,,,,Unfenced,C,
16/04/2025,A,1,Z3,2,,,,1.6,,,,,,,Unfenced,C,
16/04/2025,A,1,Z3,3,Cymbopogon excavatus,5,,17.3,2922,N,Y,3.5,N,1.1,Unfenced,C,
16/04/2025,A,1,Z3,3,Digitaria erianthra,4,,16.7,2838,,,,,,Unfenced,C,
16/04/2025,A,1,Z3,3,,,,16.9,2866,,,,,,Unfenced,C,
16/04/2025,A,1,Z3,3,,,,14.2,2488,,,,,,Unfenced,C,
16/04/2025,A,1,Z3,4,Urochloa mosambicensis,10,,13,2320,N,N,3.5,N,1.3,Unfenced,C,
16/04/2025,A,1,Z3,4,Heteropogon contortus,2,,20.7,3398,,,,,,Unfenced,C,
16/04/2025,A,1,Z3,4,Cymbopogon excavatus,1,,20.8,3412,,,,,,Unfenced,C,
16/04/2025,A,1,Z3,4,,,,22.3,3622,,,,,,Unfenced,C,
16/04/2025,A,1,Z3,1,Setaria sphacelata,1,,28.9,4546,N,Y,6.5,N,1.2,Unfenced,C,
16/04/2025,A,1,Z3,1,Themeda triandra,5,,23.2,3748,,,,,,Unfenced,C,
16/04/2025,A,1,Z3,1,Digitaria erianthra,3,,19,3160,,,,,,Unfenced,C,
16/04/2025,A,1,Z3,1,Aristida adscensionis,1,,16.1,2754,,,,,,Unfenced,C,
16/04/2025,A,1,Z3,1,Brachiaria serrata,1,,,,,,,,,Unfenced,C,
16/04/2025,A,1,Z3,5,Heteropogon contortus,10,,15.5,2670,N,N,7.5,N,1.2,Unfenced,C,
16/04/2025,A,1,Z3,5,Digitaria erianthra,3,,19.8,3272,,,,,,Unfenced,C,
16/04/2025,A,1,Z3,5,Setaria incressata,2,,20,3300,,,,,,Unfenced,C,
16/04/2025,A,1,Z3,5,,,,20.5,3356,,,,,,Unfenced,C,
16/04/2025,A,1,Z4,2,Heteropogon contortus,10,,55.3,8242,N,N,7,N,0.6,Unfenced,C,
16/04/2025,A,1,Z4,2,Urochloa mosambicensis,2,,38.3,5862,,,,,,Unfenced,C,
16/04/2025,A,1,Z4,2,,,,34.7,5358,,,,,,Unfenced,C,
16/04/2025,A,1,Z4,2,,,,30.5,4770,,,,,,Unfenced,C,
16/04/2025,A,1,Z4,1,Hyparrhenia hirta,1,,24.6,3944,N,N,5,N,1.5,Unfenced,C,
16/04/2025,A,1,Z4,1,Bothriochloa insculpta,3,,16.7,2838,,,,,,Unfenced,C,
16/04/2025,A,1,Z4,1,Digitaria erianthra,1,,15.2,2628,,,,,,Unfenced,C,
16/04/2025,A,1,Z4,1,Urochloa mosambicensis,3,,18.5,3090,,,,,,Unfenced,C,
16/04/2025,A,1,Z4,4,Urochloa mosambicensis,2,,20.4,3356,N,N,6,N,1.2,Unfenced,C,
16/04/2025,A,1,Z4,4,Heteropogon contortus,6,,16.5,2810,,,,,,Unfenced,C,
16/04/2025,A,1,Z4,4,Miscanthus junceus,3,,16.8,2852,,,,,,Unfenced,C,
16/04/2025,A,1,Z4,4,Setaria sphacelata,1,,13.9,2446,,,,,,Unfenced,C,
16/04/2025,A,1,Z4,5,Hyparrhenia hirta,4,,24.5,3930,N,Y,7.5,N,1.4,Unfenced,C,
16/04/2025,A,1,Z4,5,Urochloa mosambicensis,1,,28.6,4504,,,,,,Unfenced,C,
16/04/2025,A,1,Z4,5,Enteropogon macrostachyus,1,,28,4420,,,,,,Unfenced,C,
16/04/2025,A,1,Z4,5,,,,26.5,4210,,,,,,Unfenced,C,
16/04/2025,A,1,Z4,3,Urochloa mosambicensis,3,,41.7,6338,N,Y,7.5,N,1.2,Unfenced,C,
16/04/2025,A,1,Z4,3,Heteropogon contortus,3,,34.5,5330,,,,,,Unfenced,C,
16/04/2025,A,1,Z4,3,Bothriochloa insculpta,3,,26.7,4238,,,,,,Unfenced,C,
16/04/2025,A,1,Z4,3,Brachiaria serrata,2,,25.3,4042,,,,,,Unfenced,C,
16/04/2025,A,1,Z4,3,Diheteropogon anplactence,1,,,,,,,,,Unfenced,C,
16/04/2025,A,1,Z4,3,Themeda triandra,1,,,,,,,,,Unfenced,C,
16/04/2025,A,1,Z2,3,Urochloa mosambicensis,8,,29.9,4686,N,Y,7,N,1.4,Fenced,C,
16/04/2025,A,1,Z2,3,Bothriochloa insculpta,2,,31.3,4882,,,,,,Fenced,C,
16/04/2025,A,1,Z2,3,Heteropogon contortus,6,,28.1,4434,,,,,,Fenced,C,
16/04/2025,A,1,Z2,3,,,,28,4420,,,,,,Fenced,C,
16/04/2025,A,1,Z2,4,Andropogon eucomas,3,,21.3,3482,N,N,8,N,1.5,Fenced,C,
16/04/2025,A,1,Z2,4,Hyperrhenia filipendula,3,,21.6,3524,,,,,,Fenced,C,
16/04/2025,A,1,Z2,4,Setaria sphacelata,3,,19.1,3174,,,,,,Fenced,C,
16/04/2025,A,1,Z2,4,Heteropogon contortus,1,,20,3300,,,,,,Fenced,C,
16/04/2025,A,1,Z2,4,Brachiaria serrata,4,,,,,,,,,Fenced,C,
16/04/2025,A,1,Z2,1,Urochloa mosambicensis,2,,20.7,3398,N,N,2.5,N,1.8,Fenced,C,
16/04/2025,A,1,Z2,1,Cymbopogon excavatus,5,,19,3160,,,,,,Fenced,C,
16/04/2025,A,1,Z2,1,Setaria sphacelata,1,,17.5,2950,,,,,,Fenced,C,
16/04/2025,A,1,Z2,1,,,,3.5,,,,,,,Fenced,C,
16/04/2025,A,1,Z2,5,Hyperthelia dissoluta,3,,28.2,4462,N,Y,3,N,2,Fenced,C,
16/04/2025,A,1,Z2,5,Hyperrhenia filipendula,3,,24.9,3986,,,,,,Fenced,C,
16/04/2025,A,1,Z2,5,Setaria sphacelata,2,,28,4420,,,,,,Fenced,C,
16/04/2025,A,1,Z2,5,,,,32.1,4994,,,,,,Fenced,C,
16/04/2025,A,1,Z2,2,Diheteropogon anplactence,4,,10.2,1828,N,N,2,N,1.2,Fenced,C,
16/04/2025,A,1,Z2,2,Heteropogon contortus,2,,12.2,2208,,,,,,Fenced,C,
16/04/2025,A,1,Z2,2,,,,13.7,2418,,,,,,Fenced,C,
16/04/2025,A,1,Z2,2,,,,11.8,2152,,,,,,Fenced,C,
16/04/2025,A,1,Z1,4,Heteropogon contortus,3,,7.4,1536,N,N,3,N,1.1,Fenced,C,
16/04/2025,A,1,Z1,4,Aristida adscensionis,3,,6.2,1368,,,,,,Fenced,C,
16/04/2025,A,1,Z1,4,Urochloa mosambicensis,1,,6.9,1466,,,,,,Fenced,C,
16/04/2025,A,1,Z1,4,Digitaria erianthra,2,,12.8,2292,,,,,,Fenced,C,
16/04/2025,A,1,Z1,4,Setaria incressata,3,,,,,,,,,Fenced,C,
16/04/2025,A,1,Z1,3,Hyperrhenia filipendula,1,,26.5,4210,N,N,4,N,1.1,Fenced,C,
16/04/2025,A,1,Z1,3,Urochloa mosambicensis,5,,28.1,4434,,,,,,Fenced,C,
16/04/2025,A,1,Z1,3,Cymbopogon excavatus,2,,25.9,4126,,,,,,Fenced,C,
16/04/2025,A,1,Z1,3,Setaria sphacelata,1,,25.2,4098,,,,,,Fenced,C,
16/04/2025,A,1,Z1,5,Cymbopogon plurinodis,3,,0,0,N,N,0.5,N,1,Fenced,C,
16/04/2025,A,1,Z1,5,,,,0,0,,,,,,Fenced,C,
16/04/2025,A,1,Z1,5,,,,13.5,2390,,,,,,Fenced,C,
16/04/2025,A,1,Z1,5,,,,15,2600,,,,,,Fenced,C,
16/04/2025,A,1,Z1,2,Diheteropogon anplactence,2,,20,3300,N,Y,4,Y,1.5,Fenced,C,
16/04/2025,A,1,Z1,2,Digitaria erianthra,4,,17.6,2946,,,,,,Fenced,C,
16/04/2025,A,1,Z1,2,Heteropogon contortus,3,,14.1,2474,,,,,,Fenced,C,
16/04/2025,A,1,Z1,2,,,,12.8,2292,,,,,,Fenced,C,
16/04/2025,A,1,Z1,1,Diheteropogon anplactence,1,,77.2,,N,Y,6,N,1.5,Fenced,C,
16/04/2025,A,1,Z1,1,Hyperthelia dissoluta,3,,24.2,3888,,,,,,Fenced,C,
16/04/2025,A,1,Z1,1,Digitaria erianthra,2,,18.8,3132,,,,,,Fenced,C,
16/04/2025,A,1,Z1,1,Urochloa mosambicensis,3,,16.5,2810,,,,,,Fenced,C,
17/04/2025,B,1,Z1,4,Cymbopogon excavatus,1,.,7.6,1564,N,N,1,N,0.7,Fenced,C,
10/04/2025,D,5,Z3,2,Aristida adscensionis,2.4,,2.4,836,N,Y,0.5,N,,Fenced,THF,
10/04/2025,D,5,Z3,2,,,,2.4,836,,,,,,Fenced,THF,
10/04/2025,D,5,Z3,2,,,,2.4,836,,,,,,Fenced,THF,
10/04/2025,D,5,Z3,2,,,,2.4,836,,,,,,Fenced,THF,
10/04/2025,D,5,Z3,1,Aristida adscensionis,8,,4.9,1186,N,Y,6,N,,Fenced,THF,
10/04/2025,D,5,Z3,1,Eragrostis gummiflua,1,,4,1060,,,,,,Fenced,THF,
10/04/2025,D,5,Z3,1,Setaria incressata,9,,4.3,1102,,,,,,Fenced,THF,
10/04/2025,D,5,Z3,1,Enteropogon macrostachyus,2,,4.8,1172,,,,,,Fenced,THF,
10/04/2025,D,5,Z3,1,Heteropogon contortus,1,,,,,,,,,Fenced,THF,
10/04/2025,D,5,Z3,3,Heteropogon contortus,7,,4,1060,,,,,,Fenced,THF,
10/04/2025,D,5,Z3,3,Cymbopogon excavatus,1,,6.1,1354,,,,,,Fenced,THF,
10/04/2025,D,5,Z3,3,,,,5.3,1242,,,,,,Fenced,THF,
10/04/2025,D,5,Z3,3,,,,8.3,1662,,,,,,Fenced,THF,
10/04/2025,D,5,Z3,4,Heteropogon contortus,17,,10.5,1970,N,N,4,N,,Fenced,THF,
10/04/2025,D,5,Z3,4,Eragrostis rigidior,2,,10.8,2012,,,,,,Fenced,THF,
10/04/2025,D,5,Z3,4,,,,10.9,2026,,,,,,Fenced,THF,
10/04/2025,D,5,Z3,4,,,,11.5,2110,,,,,,Fenced,THF,
10/04/2025,D,5,Z3,5,Eragrostis rigidior,4,,26.6,4224,N,Y,3.5,N,,Fenced,THF,
10/04/2025,D,5,Z3,5,Enteropogon macrostachyus,3,,20.2,3328,,,,,,Fenced,THF,
10/04/2025,D,5,Z3,5,Heteropogon contortus,1,,15.2,2628,,,,,,Fenced,THF,
10/04/2025,D,5,Z3,5,Eragrostis viscosa,7,,13.5,2390,,,,,,Fenced,THF,
10/04/2025,D,5,Z3,5,Aristida adscensionis,1,,,,,,,,,Fenced,THF,
10/04/2025,D,5,Z1,2,Setaria incressata,6,,3.7,1018,N,Y,3.5,N,,Fenced,THF,
10/04/2025,D,5,Z1,2,Heteropogon contortus,5,,3.4,976,,,,,,Fenced,THF,
10/04/2025,D,5,Z1,2,Brachiaria brizantha,2,,4.2,1088,,,,,,Fenced,THF,
10/04/2025,D,5,Z1,2,Aristida adscensionis,4,,4.6,1144,,,,,,Fenced,THF,
10/04/2025,D,5,Z1,2,Dactyloctenium giganteum,1,,,,,,,,,Fenced,THF,
10/04/2025,D,5,Z1,1,Heteropogon contortus,3,,10.7,1998,,,,,,Fenced,THF,
10/04/2025,D,5,Z1,1,Brachiaria nigropedata,3,,16.6,2824,,,,,,Fenced,THF,
10/04/2025,D,5,Z1,1,Aristida adscensionis,4,,21.6,3524,,,,,,Fenced,THF,
10/04/2025,D,5,Z1,1,,,,21.9,3566,,,,,,Fenced,THF,
10/04/2025,D,5,Z1,4,Heteropogon contortus,2,,10.7,1998,N,N,5.5,N,,Fenced,THF,
10/04/2025,D,5,Z1,4,Eragrostis viscosa,6,,16.6,2824,,,,,,Fenced,THF,
10/04/2025,D,5,Z1,4,Enteropogon macrostachyus,4,,21.6,3524,,,,,,Fenced,THF,
10/04/2025,D,5,Z1,4,,,,21.9,3566,,,,,,Fenced,THF,
10/04/2025,D,5,Z1,3,Pogonarthria squarrosa ,26,,7.5,1550,N,N,4,N,,Fenced,THF,
10/04/2025,D,5,Z1,3,Setaria incressata,2,,9.5,1830,,,,,,Fenced,THF,
10/04/2025,D,5,Z1,3,Eragrostis viscosa,4,,10.6,1984,,,,,,Fenced,THF,
10/04/2025,D,5,Z1,3,Diheteropogon anplactence,1,,9.6,1844,,,,,,Fenced,THF,
10/04/2025,D,5,Z1,5,Enteropogon macrostachyus,8,,14.9,2586,N,N,5,N,,Fenced,THF,
10/04/2025,D,5,Z1,5,Heteropogon contortus,4,,15.5,2670,,,,,,Fenced,THF,
10/04/2025,D,5,Z1,5,Cymbopogon nardus,3,,15.5,2670,,,,,,Fenced,THF,
10/04/2025,D,5,Z1,5,Aristida adscensionis,2,,16.5,2810,,,,,,Fenced,THF,
10/04/2025,D,5,Z1,5,Panicum maximum,1,,,,,,,,,Fenced,THF,
10/04/2025,D,5,Z1,5,Brachiaria brizantha,1,,,,,,,,,Fenced,THF,
10/04/2025,D,5,Z2,1,Heteropogon contortus,18,,11.7,2138,N,N,6,N,,Unfenced,THF,
10/04/2025,D,5,Z2,1,Brachiaria brizantha,3,,11.4,2096,,,,,,Unfenced,THF,
10/04/2025,D,5,Z2,1,Eragrostis viscosa,3,,8,1620,,,,,,Unfenced,THF,
10/04/2025,D,5,Z2,1,Eragrostis rigidior,1,,8,1620,,,,,,Unfenced,THF,
10/04/2025,D,5,Z2,1,Eragrostis gummiflua,5,,,,,,,,,Unfenced,THF,
10/04/2025,D,5,Z2,1,Setaria incressata,3,,,,,,,,,Unfenced,THF,
10/04/2025,D,5,Z2,1,Digitaria erianthra,3,,,,,,,,,Unfenced,THF,
10/04/2025,D,5,Z2,2,Brachiaria brizantha,5,,5.4,1256,N,Y,4,N,,Unfenced,THF,
10/04/2025,D,5,Z2,2,Eragrostis viscosa,10,,5,1200,,,,,,Unfenced,THF,
10/04/2025,D,5,Z2,2,Aristida diffusa,3,,7.5,1550,,,,,,Unfenced,THF,
10/04/2025,D,5,Z2,2,Enteropogon macrostachyus,3,,5,1200,,,,,,Unfenced,THF,
10/04/2025,D,5,Z2,5,Eragrostis rigidior,8,,6.6,1424,N,N,3.5,N,,Unfenced,THF,
10/04/2025,D,5,Z2,5,Brachiaria brizantha,12,,6.1,1354,,,,,,Unfenced,THF,
10/04/2025,D,5,Z2,5,Enteropogon macrostachyus,3,,5.9,1326,,,,,,Unfenced,THF,
10/04/2025,D,5,Z2,5,,,,5.9,1326,,,,,,Unfenced,THF,
10/04/2025,D,5,Z2,4,Enteropogon macrostachyus,3,,10.5,1970,N,Y,5,N,,Unfenced,THF,
10/04/2025,D,5,Z2,4,Setaria incressata,2,,7.9,1506,,,,,,Unfenced,THF,
10/04/2025,D,5,Z2,4,Brachiaria brizantha,3,,8.7,1718,,,,,,Unfenced,THF,
10/04/2025,D,5,Z2,4,Aristida adscensionis,3,,8.3,1662,,,,,,Unfenced,THF,
10/04/2025,D,5,Z2,4,Eragrostis cylindriflora,2,,,,,,,,,Unfenced,THF,
10/04/2025,D,5,Z2,3,Eragrostis cylindriflora,1,,2.3,822,N,N,3,N,,Unfenced,THF,
10/04/2025,D,5,Z2,3,Eragrostis viscosa,12,,2.3,822,,,,,,Unfenced,THF,
10/04/2025,D,5,Z2,3,Aristida diffusa,1,,3.9,1046,,,,,,Unfenced,THF,
10/04/2025,D,5,Z2,3,Perotis patens,8,,4.7,1158,,,,,,Unfenced,THF,
10/04/2025,D,5,Z2,3,Enteropogon macrostachyus,3,,,,,,,,,Unfenced,THF,
10/04/2025,D,5,Z4,4,Enteropogon macrostachyus,3,,4.7,1158,N,Y,3.5,N,,Unfenced,THF,
10/04/2025,D,5,Z4,4,Setaria incressata,1,,6.4,1396,,,,,,Unfenced,THF,
10/04/2025,D,5,Z4,4,Eragrostis rigidior,1,,8.8,1732,,,,,,Unfenced,THF,
10/04/2025,D,5,Z4,4,,,,9.3,1802,,,,,,Unfenced,THF,
10/04/2025,D,5,Z4,3,Enteropogon macrostachyus,2,,14.1,2474,N,Y,5,N,,Unfenced,THF,
10/04/2025,D,5,Z4,3,Diheteropogon anplactence,3,,14.5,2530,,,,,,Unfenced,THF,
10/04/2025,D,5,Z4,3,,,,13.3,2363,,,,,,Unfenced,THF,
10/04/2025,D,5,Z4,3,,,,13.8,2432,,,,,,Unfenced,THF,
10/04/2025,D,5,Z4,5,Enteropogon macrostachyus,9,,5.6,1284,N,N,4,N,,Unfenced,THF,
10/04/2025,D,5,Z4,5,Heteropogon contortus,8,,9.6,1844,,,,,,Unfenced,THF,
10/04/2025,D,5,Z4,5,Eragrostis gummiflua,2,,10.8,2012,,,,,,Unfenced,THF,
10/04/2025,D,5,Z4,5,Eragrostis viscosa,1,,9.2,1788,,,,,,Unfenced,THF,
10/04/2025,D,5,Z4,1,Eragrostis viscosa,2,,6.8,1452,N,N,2,N,,Unfenced,THF,
10/04/2025,D,5,Z4,1,Cymbopogon nardus,1,,5.8,1312,,,,,,Unfenced,THF,
10/04/2025,D,5,Z4,1,Aristida adscensionis,2,,5,1200,,,,,,Unfenced,THF,
10/04/2025,D,5,Z4,1,Brachiaria brizantha,3,,7.8,1592,,,,,,Unfenced,THF,
10/04/2025,D,5,Z4,1,Enteropogon macrostachyus,1,,7.8,1592,,,,,,Unfenced,THF,
10/04/2025,D,5,Z4,1,Eragrostis gummiflua,4,,,,,,,,,Unfenced,THF,
10/04/2025,D,5,Z4,2,Eragrostis superba,1,,7.8,1592,N,N,3,N,,Unfenced,THF,
10/04/2025,D,5,Z4,2,Eragrostis viscosa,12,,5.7,1298,,,,,,Unfenced,THF,
10/04/2025,D,5,Z4,2,Heteropogon contortus,2,,6.5,1410,,,,,,Unfenced,THF,
10/04/2025,D,5,Z4,2,Aristida congesta B,5,,7.7,1578,,,,,,Unfenced,THF,
10/04/2025,D,5,Z4,2,Aristida diffusa,1,,,,,,,,,Unfenced,THF,
10/04/2025,D,5,Z4,2,Enteropogon macrostachyus,1,,,,,,,,,Unfenced,THF,
10/04/2025,D,4,Z1,3,Heteropogon contortus,2,,2,780,N,N,2,N,,Fenced,TFB,
10/04/2025,D,4,Z1,3,Aristida adscensionis,4,,2,780,,,,,,Fenced,TFB,
10/04/2025,D,4,Z1,3,Pogonarthria squarrosa ,11,,2,780,,,,,,Fenced,TFB,
10/04/2025,D,4,Z1,3,Setaria incressata,2,,2,780,,,,,,Fenced,TFB,
10/04/2025,D,4,Z1,3,Perotis patens,1,,2,780,,,,,,Fenced,TFB,
10/04/2025,D,4,Z1,5,Heteropogon contortus,6,,10.1,1914,N,Y,4,N,,Fenced,TFB,
10/04/2025,D,4,Z1,5,Setaria incressata,3,,7.5,1550,,,,,,Fenced,TFB,
10/04/2025,D,4,Z1,5,Eragrostis gummiflua,12,,8,1620,,,,,,Fenced,TFB,
10/04/2025,D,4,Z1,5,Eragrostis viscosa,1,,7,1480,,,,,,Fenced,TFB,
10/04/2025,D,4,Z1,5,Aristida adscensionis,1,,,,,,,,,Fenced,TFB,
10/04/2025,D,4,Z1,2,Brachiaria brizantha,2,,2.9,906,N,N,3.5,N,,Fenced,TFB,
10/04/2025,D,4,Z1,2,Aristida adscensionis,1,,4,1060,,,,,,Fenced,TFB,
10/04/2025,D,4,Z1,2,Eragrostis gummiflua,8,,5.1,1214,,,,,,Fenced,TFB,
10/04/2025,D,4,Z1,2,Setaria incressata,6,,5.2,1226,,,,,,Fenced,TFB,
10/04/2025,D,4,Z1,2,Enteropogon macrostachyus,4,,,,,,,,,Fenced,TFB,
10/04/2025,D,4,Z1,1,Setaria incressata,10,,3.2,948,N,N,4,N,,Fenced,TFB,
10/04/2025,D,4,Z1,1,Panicum maximum,4,,4.6,1144,,,,,,Fenced,TFB,
10/04/2025,D,4,Z1,1,Aristida adscensionis,3,,5.6,1284,,,,,,Fenced,TFB,
10/04/2025,D,4,Z1,1,,,,6.1,1354,,,,,,Fenced,TFB,
10/04/2025,D,4,Z1,4,Panicum maximum,1,,35.9,5526,N,N,5,N,,Fenced,TFB,
10/04/2025,D,4,Z1,4,Brachiaria nigropedata,4,,27.1,4294,,,,,,Fenced,TFB,
10/04/2025,D,4,Z1,4,Cymbopogon nardus,7,,24.3,3902,,,,,,Fenced,TFB,
10/04/2025,D,4,Z1,4,Heteropogon contortus,1,,24.6,3944,,,,,,Fenced,TFB,
10/04/2025,D,4,Z1,4,Setaria incressata,3,,,,,,,,,Fenced,TFB,
10/04/2025,D,4,Z3,4,Pogonarthria squarrosa ,8,,1.7,738,N,N,1,N,,Fenced,TFB,
10/04/2025,D,4,Z3,4,Setaria incressata,1,,1.7,738,,,,,,Fenced,TFB,
10/04/2025,D,4,Z3,4,Enteropogon macrostachyus,3,,1.8,752,,,,,,Fenced,TFB,
10/04/2025,D,4,Z3,4,Eragrostis gummiflua,2,,2.8,892,,,,,,Fenced,TFB,
10/04/2025,D,4,Z3,3,Eragrostis superba,2,,27.9,4406,N,N,2.5,N,,Fenced,TFB,
10/04/2025,D,4,Z3,3,Sporobolus africanus,1,,18.9,3146,,,,,,Fenced,TFB,
10/04/2025,D,4,Z3,3,Enteropogon macrostachyus,2,,17.6,2964,,,,,,Fenced,TFB,
10/04/2025,D,4,Z3,3,Eragrostis gummiflua,1,,13.8,2432,,,,,,Fenced,TFB,
10/04/2025,D,4,Z3,3,Chloris virgata,2,,,,,,,,,Fenced,TFB,
10/04/2025,D,4,Z3,5,Setaria incressata,6,,18.5,1390,N,N,5.5,N,,Fenced,TFB,
10/04/2025,D,4,Z3,5,Heteropogon contortus,4,,17.4,2936,,,,,,Fenced,TFB,
10/04/2025,D,4,Z3,5,Diheteropogon anplactence,1,,17,2880,,,,,,Fenced,TFB,
10/04/2025,D,4,Z3,5,Enteropogon macrostachyus,1,,19.6,3244,,,,,,Fenced,TFB,
10/04/2025,D,4,Z3,2,Eragrostis gummiflua,5,,5.1,1214,N,N,6,,,Fenced,TFB,
10/04/2025,D,4,Z3,2,Enteropogon macrostachyus,4,,16.1,2810,,,,,,Fenced,TFB,
10/04/2025,D,4,Z3,2,Diheteropogon anplactence,3,,25.4,4056,,,,,,Fenced,TFB,
10/04/2025,D,4,Z3,2,Heteropogon contortus,2,,28.9,4546,,,,,,Fenced,TFB,
10/04/2025,D,4,Z3,1,Heteropogon contortus,2,,9.6,1844,,,,,,Fenced,TFB,
10/04/2025,D,4,Z3,1,Diheteropogon anplactence,1,,8.9,1746,,,,,,Fenced,TFB,
10/04/2025,D,4,Z3,1,Setaria incressata,5,,8.9,1746,,,,,,Fenced,TFB,
10/04/2025,D,4,Z3,1,Aristida adscensionis,2,,10.2,1928,,,,,,Fenced,TFB,
10/04/2025,D,4,Z4,2,Heteropogon contortus,3,,5.1,1214,N,N,4.5,N,,Unfenced,TFB,
10/04/2025,D,4,Z4,2,Eragrostis gummiflua,4,,6.9,1466,,,,,,Unfenced,TFB,
10/04/2025,D,4,Z4,2,Setaria incressata,2,,12,2180,,,,,,Unfenced,TFB,
10/04/2025,D,4,Z4,2,Eragrostis superba,1,,13.5,2390,,,,,,Unfenced,TFB,
10/04/2025,D,4,Z4,3,Enteropogon macrostachyus,3,,17.3,2922,N,N,6,N,,Unfenced,TFB,
10/04/2025,D,4,Z4,3,Brachiaria brizantha,8,,17.4,2936,,,,,,Unfenced,TFB,
10/04/2025,D,4,Z4,3,Aristida adscensionis,3,,18.3,3062,,,,,,Unfenced,TFB,
10/04/2025,D,4,Z4,3,Panicum maximum,4,,19.5,3230,,,,,,Unfenced,TFB,
10/04/2025,D,4,Z4,3,Heteropogon contortus,2,,,,,,,,,Unfenced,TFB,
10/04/2025,D,4,Z4,4,Aristida diffusa,3,,6.3,1382,N,Y,3,N,,Unfenced,TFB,
10/04/2025,D,4,Z4,4,Brachiaria brizantha,3,,5.3,1242,,,,,,Unfenced,TFB,
10/04/2025,D,4,Z4,4,Setaria incressata,2,,4.9,1186,,,,,,Unfenced,TFB,
10/04/2025,D,4,Z4,4,Pogonarthria squarrosa ,3,,8.3,1662,,,,,,Unfenced,TFB,
10/04/2025,D,4,Z4,4,Enteropogon macrostachyus,12,,,,,,,,,Unfenced,TFB,
10/04/2025,D,4,Z4,4,Heteropogon contortus,1,,,,,,,,,Unfenced,TFB,
10/04/2025,D,4,Z4,5,Melinis repens,1,,8.9,1746,N,N,4,Y,,Unfenced,TFB,
10/04/2025,D,4,Z4,5,Brachiaria brizantha,1,,12,2180,,,,,,Unfenced,TFB,
10/04/2025,D,4,Z4,5,Cymbopogon nardus,1,,11.6,2124,,,,,,Unfenced,TFB,
10/04/2025,D,4,Z4,5,Heteropogon contortus,5,,11.9,2166,,,,,,Unfenced,TFB,
10/04/2025,D,4,Z4,5,Panicum maximum,1,,,,,,,,,Unfenced,TFB,
10/04/2025,D,4,Z4,1,Digitaria erianthra,4,,4.6,1144,N,Y,3.5,N,,Unfenced,TFB,
10/04/2025,D,4,Z4,1,Heteropogon contortus,3,,5.8,1312,,,,,,Unfenced,TFB,
10/04/2025,D,4,Z4,1,Enteropogon macrostachyus,2,,7.7,1578,,,,,,Unfenced,TFB,
10/04/2025,D,4,Z4,1,Pogonarthria squarrosa ,2,,7.3,1522,,,,,,Unfenced,TFB,
10/04/2025,D,4,Z4,1,Eragrostis gummiflua,2,,,,,,,,,Unfenced,TFB,
10/04/2025,D,4,Z4,1,Aristida diffusa,1,,,,,,,,,Unfenced,TFB,
10/04/2025,D,4,Z4,1,Panicum maximum,1,,,,,,,,,Unfenced,TFB,
10/04/2025,D,4,Z2,2,Heteropogon contortus,2,,6.8,1452,N,N,3,N,,Unfenced,TFB,
10/04/2025,D,4,Z2,2,Setaria incressata,4,,6.4,1396,,,,,,Unfenced,TFB,
10/04/2025,D,4,Z2,2,Aristida adscensionis,2,,5.9,1326,,,,,,Unfenced,TFB,
10/04/2025,D,4,Z2,2,Brachiaria nigropedata,3,,6.3,1382,,,,,,Unfenced,TFB,
10/04/2025,D,4,Z2,2,Pogonarthria squarrosa ,1,,,,,,,,,Unfenced,TFB,
10/04/2025,D,4,Z2,2,Enteropogon macrostachyus,2,,,,,,,,,Unfenced,TFB,
10/04/2025,D,4,Z2,1,Enteropogon macrostachyus,4,,4.1,1075,N,N,3.5,N,,Unfenced,TFB,
10/04/2025,D,4,Z2,1,Panicum maximum,3,,15.3,2642,,,,,,Unfenced,TFB,
10/04/2025,D,4,Z2,1,Aristida adscensionis,3,,17.8,2992,,,,,,Unfenced,TFB,
10/04/2025,D,4,Z2,1,Heteropogon contortus,2,,13.9,2446,,,,,,Unfenced,TFB,
10/04/2025,D,4,Z2,4,Setaria incressata,2,,6,1340,N,Y,2,N,,Unfenced,TFB,
10/04/2025,D,4,Z2,4,Aristida diffusa,1,,5.1,1214,,,,,,Unfenced,TFB,
10/04/2025,D,4,Z2,4,Enteropogon macrostachyus,2,,4.6,1144,,,,,,Unfenced,TFB,
10/04/2025,D,4,Z2,4,Aristida adscensionis,1,,4.6,1144,,,,,,Unfenced,TFB,
10/04/2025,D,4,Z2,4,Eragrostis gummiflua,2,,,,,,,,,Unfenced,TFB,
10/04/2025,D,4,Z2,3,Eragrostis viscosa,2,,2.8,892,N,Y,2,N,,Unfenced,TFB,
10/04/2025,D,4,Z2,3,Aristida adscensionis,5,,7.1,1494,,,,,,Unfenced,TFB,
10/04/2025,D,4,Z2,3,Heteropogon contortus,1,,7.3,1522,,,,,,Unfenced,TFB,
10/04/2025,D,4,Z2,3,Eragrostis cylindriflora,1,,7.6,1564,,,,,,Unfenced,TFB,
10/04/2025,D,4,Z2,3,Panicum maximum,1,,,,,,,,,Unfenced,TFB,
10/04/2025,D,4,Z2,5,Heteropogon contortus,3,,34.5,5330,N,Y,4.5,N,,Unfenced,TFB,
10/04/2025,D,4,Z2,5,Setaria incressata,1,,21,3440,,,,,,Unfenced,TFB,
10/04/2025,D,4,Z2,5,Eragrostis viscosa,6,,15.4,2656,,,,,,Unfenced,TFB,
10/04/2025,D,4,Z2,5,Aristida diffusa,3,,12.8,2292,,,,,,Unfenced,TFB,
10/04/2025,D,4,Z2,5,Aristida adscensionis,4,,,,,,,,,Unfenced,TFB,
10/04/2025,D,4,Z2,5,Diheteropogon anplactence,1,,,,,,,,,Unfenced,TFB,
10/04/2025,D,4,Z2,5,Eragrostis gummiflua,2,,,,,,,,,Unfenced,TFB,
10/04/2025,D,4,Z2,5,Enteropogon macrostachyus,2,,,,,,,,,Unfenced,TFB,
10/04/2025,D,3,Z3,2,Brachiaria serrata,11,,9.8,1872,N,Y,6,N,,Fenced,TF,
10/04/2025,D,3,Z3,2,Eragrostis rigidior,5,,9.7,1858,,,,,,Fenced,TF,
10/04/2025,D,3,Z3,2,Aristida adscensionis,8,,9.5,1830,,,,,,Fenced,TF,
10/04/2025,D,3,Z3,2,Setaria incressata,2,,9.2,1788,,,,,,Fenced,TF,
10/04/2025,D,3,Z3,2,Heteropogon contortus,2,,,,,,,,,Fenced,TF,
10/04/2025,D,3,Z3,3,Heteropogon contortus,4,,14.9,2580,N,Y,7.5,N,,Fenced,TF,
10/04/2025,D,3,Z3,3,Enteropogon macrostachyus,4,,14.8,2572,,,,,,Fenced,TF,
10/04/2025,D,3,Z3,3,Eragrostis cylindriflora,2,,14.4,2516,,,,,,Fenced,TF,
10/04/2025,D,3,Z3,3,Panicum maximum,3,,15.6,2684,,,,,,Fenced,TF,
10/04/2025,D,3,Z3,3,Diheteropogon anplactence,3,,,,,,,,,Fenced,TF,
10/04/2025,D,3,Z3,3,Eragrostis viscosa,4,,,,,,,,,Fenced,TF,
10/04/2025,D,3,Z3,4,Eragrostis cylindriflora,6,,12.8,2292,N,Y,3,N,,Fenced,TF,
10/04/2025,D,3,Z3,4,Enteropogon macrostachyus,4,,8.6,1704,,,,,,Fenced,TF,
10/04/2025,D,3,Z3,4,Heteropogon contortus,3,,10.8,2012,,,,,,Fenced,TF,
10/04/2025,D,3,Z3,4,,,,9.4,1816,,,,,,Fenced,TF,
10/04/2025,D,3,Z3,5,Brachiaria serrata,5,,14.2,2488,N,Y,5,N,,Fenced,TF,
10/04/2025,D,3,Z3,5,Setaria incressata,6,,16.1,2754,,,,,,Fenced,TF,
10/04/2025,D,3,Z3,5,Aristida adscensionis,4,,15.9,2726,,,,,,Fenced,TF,
10/04/2025,D,3,Z3,5,Eragrostis cylindriflora,3,,15.7,2698,,,,,,Fenced,TF,
10/04/2025,D,3,Z3,5,Heteropogon contortus,4,,,,,,,,,Fenced,TF,
10/04/2025,D,3,Z3,5,Enteropogon macrostachyus,3,,,,,,,,,Fenced,TF,
10/04/2025,D,3,Z3,5,Brachiaria nigropedata,3,,,,,,,,,Fenced,TF,
10/04/2025,D,3,Z3,1,Brachiaria serrata,10,,4.3,1102,N,Y,7.5,N,,Fenced,TF,
10/04/2025,D,3,Z3,1,Miscanthus junceus,8,,4,1060,,,,,,Fenced,TF,
10/04/2025,D,3,Z3,1,Setaria incressata,4,,3.8,1032,,,,,,Fenced,TF,
10/04/2025,D,3,Z3,1,,,,4.2,1088,,,,,,Fenced,TF,
10/04/2025,D,3,Z1,2,Miscanthus junceus,5,,5.6,1284,N,Y,5,N,,Fenced,TF,
10/04/2025,D,3,Z1,2,Brachiaria serrata,6,,5.1,1214,,,,,,Fenced,TF,
10/04/2025,D,3,Z1,2,Eragrostis gummiflua,22,,6.8,1452,,,,,,Fenced,TF,
10/04/2025,D,3,Z1,2,Chloris virgata,1,,9.1,1774,,,,,,Fenced,TF,
10/04/2025,D,3,Z1,2,Eragrostis cylindriflora,1,,,,,,,,,Fenced,TF,
10/04/2025,D,3,Z1,2,Aristida adscensionis,2,,,,,,,,,Fenced,TF,
10/04/2025,D,3,Z1,1,Brachiaria serrata,21,,25.6,4084,N,Y,8,N,,Fenced,TF,
10/04/2025,D,3,Z1,1,Heteropogon contortus,5,,26.8,4252,,,,,,Fenced,TF,
10/04/2025,D,3,Z1,1,Chloris virgata,2,,19.2,3188,,,,,,Fenced,TF,
10/04/2025,D,3,Z1,1,Setaria incressata,3,,14.5,2530,,,,,,Fenced,TF,
10/04/2025,D,3,Z1,1,Brachiaria brizantha,3,,,,,,,,,Fenced,TF,
10/04/2025,D,3,Z1,5,Panicum maximum,4,,4.7,1158,N,Y,6,N,,Fenced,TF,
10/04/2025,D,3,Z1,5,Setaria incressata,4,,5.4,1256,,,,,,Fenced,TF,
10/04/2025,D,3,Z1,5,Brachiaria brizantha,5,,5.1,1214,,,,,,Fenced,TF,
10/04/2025,D,3,Z1,5,Eragrostis cylindriflora,2,,6.4,1595,,,,,,Fenced,TF,
10/04/2025,D,3,Z1,5,Enteropogon macrostachyus,3,,,,,,,,,Fenced,TF,
10/04/2025,D,3,Z1,5,Heteropogon contortus,3,,,,,,,,,Fenced,TF,
10/04/2025,D,3,Z1,4,Setaria incressata,2,,3.8,1032,N,N,2,N,,Fenced,TF,
10/04/2025,D,3,Z1,4,Enteropogon macrostachyus,3,,3,920,,,,,,Fenced,TF,
10/04/2025,D,3,Z1,4,Brachiaria brizantha,1,,3,920,,,,,,Fenced,TF,
10/04/2025,D,3,Z1,4,Eragrostis gummiflua,8,,5.4,1256,,,,,,Fenced,TF,
10/04/2025,D,3,Z1,3,Heteropogon contortus,2,,20,3342,N,N,3.5,N,,Fenced,TF,
10/04/2025,D,3,Z1,3,Aristida adscensionis,4,,13.3,2362,,,,,,Fenced,TF,
10/04/2025,D,3,Z1,3,Setaria incressata,5,,11.8,2012,,,,,,Fenced,TF,
10/04/2025,D,3,Z1,3,Enteropogon macrostachyus,4,,,,,,,,,Fenced,TF,
10/04/2025,D,3,Z1,3,Brachiaria brizantha,2,,,,,,,,,Fenced,TF,
10/04/2025,D,3,Z2,2,Brachiaria brizantha,3,,10.2,1928,N,Y,3,N,,Unfenced,TF,
10/04/2025,D,3,Z2,2,Setaria incressata,6,,10,1900,,,,,,Unfenced,TF,
10/04/2025,D,3,Z2,2,Heteropogon contortus,2,,10,1900,,,,,,Unfenced,TF,
10/04/2025,D,3,Z2,2,Enteropogon macrostachyus,3,,10.2,1928,,,,,,Unfenced,TF,
10/04/2025,D,3,Z2,1,Heteropogon contortus,14,,11.1,2054,N,Y,4,N,,Unfenced,TF,
10/04/2025,D,3,Z2,1,Eragrostis rigidior,1,,11.7,2138,,,,,,Unfenced,TF,
10/04/2025,D,3,Z2,1,Eragrostis viscosa,1,,7.3,1522,,,,,,Unfenced,TF,
10/04/2025,D,3,Z2,1,Diheteropogon anplactence,1,,8,1620,,,,,,Unfenced,TF,
10/04/2025,D,3,Z2,4,Enteropogon macrostachyus,6,,7.6,1564,N,Y,3,N,,Unfenced,TF,
10/04/2025,D,3,Z2,4,Brachiaria serrata,2,,8.2,1648,,,,,,Unfenced,TF,
10/04/2025,D,3,Z2,4,Setaria incressata,4,,7.8,1592,,,,,,Unfenced,TF,
10/04/2025,D,3,Z2,4,Aristida diffusa,2,,7.1,1494,,,,,,Unfenced,TF,
10/04/2025,D,3,Z2,4,Heteropogon contortus,3,,,,,,,,,Unfenced,TF,
10/04/2025,D,3,Z2,3,,0,,0,0,N,Y,0,N,,Unfenced,TF,
10/04/2025,D,3,Z2,3,,0,,0,0,,,,,,Unfenced,TF,
10/04/2025,D,3,Z2,3,,0,,0,0,,,,,,Unfenced,TF,
10/04/2025,D,3,Z2,3,,0,,0,0,,,,,,Unfenced,TF,
10/04/2025,D,3,Z2,5,Aristida adscensionis,18,,8.7,1718,N,N,5,N,,Unfenced,TF,
10/04/2025,D,3,Z2,5,Enteropogon macrostachyus,3,,6.7,1438,,,,,,Unfenced,TF,
10/04/2025,D,3,Z2,5,Setaria incressata,1,,8.5,1690,,,,,,Unfenced,TF,
10/04/2025,D,3,Z2,5,Heteropogon contortus,2,,8.1,1634,,,,,,Unfenced,TF,
10/04/2025,D,3,Z2,5,Aristida diffusa,2,,,,,,,,,Unfenced,TF,
10/04/2025,D,3,Z4,4,Brachiaria brizantha,3,,7.6,1564,N,Y,1,N,,Unfenced,TF,
10/04/2025,D,3,Z4,4,Heteropogon contortus,2,,7.3,1522,,,,,,Unfenced,TF,
10/04/2025,D,3,Z4,4,Setaria incressata,2,,7.1,1494,,,,,,Unfenced,TF,
10/04/2025,D,3,Z4,4,Aristida diffusa,2,,7.3,1522,,,,,,Unfenced,TF,
10/04/2025,D,3,Z4,2,Heteropogon contortus,4,,7.2,1508,N,Y,7.5,N,,Unfenced,TF,
10/04/2025,D,3,Z4,2,Eragrostis gummiflua,5,,9.8,1872,,,,,,Unfenced,TF,
10/04/2025,D,3,Z4,2,Brachiaria brizantha,6,,8.9,1746,,,,,,Unfenced,TF,
10/04/2025,D,3,Z4,2,Eragrostis viscosa,7,,8.5,1690,,,,,,Unfenced,TF,
10/04/2025,D,3,Z4,2,Setaria incressata,5,,,,,,,,,Unfenced,TF,
10/04/2025,D,3,Z4,2,Aristida adscensionis,2,,,,,,,,,Unfenced,TF,
10/04/2025,D,3,Z4,1,Enteropogon macrostachyus,4,,3,920,N,Y,3,N,,Unfenced,TF,
10/04/2025,D,3,Z4,1,Panicum maximum,1,,3,920,,,,,,Unfenced,TF,
10/04/2025,D,3,Z4,1,Aristida adscensionis,2,,3.8,1032,,,,,,Unfenced,TF,
10/04/2025,D,3,Z4,1,Setaria incressata,2,,3.9,990,,,,,,Unfenced,TF,
10/04/2025,D,3,Z4,1,Eragrostis gummiflua,1,,,,,,,,,Unfenced,TF,
10/04/2025,D,3,Z4,3,Heteropogon contortus,3,,8,1620,N,Y,5,N,,Unfenced,TF,
10/04/2025,D,3,Z4,3,Setaria incressata,1,,6.5,1410,,,,,,Unfenced,TF,
10/04/2025,D,3,Z4,3,Enteropogon macrostachyus,5,,9,1760,,,,,,Unfenced,TF,
10/04/2025,D,3,Z4,3,Panicum maximum,6,,9.4,1816,,,,,,Unfenced,TF,
10/04/2025,D,3,Z4,3,Aristida adscensionis,2,,,,,,,,,Unfenced,TF,
10/04/2025,D,3,Z4,3,Brachiaria brizantha,4,,,,,,,,,Unfenced,TF,
10/04/2025,D,3,Z4,5,Eragrostis cylindriflora,2,,7.8,1592,N,N,5.5,N,,Unfenced,TF,
10/04/2025,D,3,Z4,5,Heteropogon contortus,10,,8.8,1732,,,,,,Unfenced,TF,
10/04/2025,D,3,Z4,5,Aristida adscensionis,5,,26.7,4238,,,,,,Unfenced,TF,
10/04/2025,D,3,Z4,5,Setaria incressata,2,,22,3580,,,,,,Unfenced,TF,
10/04/2025,D,3,Z4,5,Chloris virgata,1,,,,,,,,,Unfenced,TF,
11/04/2025,D,2,Z1,1,Brachiaria brizantha,6,,3.9,1046,N,Y,4,N,0.5,Fenced,F,
11/04/2025,D,2,Z1,1,Setaria incressata,4,,5.2,1228,,,,,,Fenced,F,
11/04/2025,D,2,Z1,1,,,,6.6,1426,,,,,,Fenced,F,
11/04/2025,D,2,Z1,1,,,,5.8,1312,,,,,,Fenced,F,
11/04/2025,D,2,Z1,4,Brachiaria serrata,10,,18.2,3048,N,Y,7.5,N,0.8,Fenced,F,
11/04/2025,D,2,Z1,4,Heteropogon contortus,9,,15.4,2656,,,,,,Fenced,F,
11/04/2025,D,2,Z1,4,Digitaria erianthra,5,,14.1,2474,,,,,,Fenced,F,
11/04/2025,D,2,Z1,4,Brachiaria brizantha,5,,14.8,2572,,,,,,Fenced,F,
11/04/2025,D,2,Z1,4,Aristida adscensionis,3,,,,,,,,,Fenced,F,
11/04/2025,D,2,Z1,3,Heteropogon contortus,4,,22.5,3650,N,N,7,N,1.1,Fenced,F,
11/04/2025,D,2,Z1,3,Setaria incressata,5,,20.6,3384,,,,,,Fenced,F,
11/04/2025,D,2,Z1,3,Eragrostis viscosa,7,,19.3,3202,,,,,,Fenced,F,
11/04/2025,D,2,Z1,3,Eragrostis rigidior,3,,18.5,3090,,,,,,Fenced,F,
11/04/2025,D,2,Z1,3,Aristida adscensionis,3,,,,,,,,,Fenced,F,
11/04/2025,D,2,Z1,2,Diheteropogon anplactence,6,,16.7,2838,N,Y,3.5,N,0.9,Fenced,F,
11/04/2025,D,2,Z1,2,Brachiaria brizantha,5,,16,2740,,,,,,Fenced,F,
11/04/2025,D,2,Z1,2,Setaria incressata,1,,13.7,2418,,,,,,Fenced,F,
11/04/2025,D,2,Z1,2,Aristida adscensionis,4,,12.1,2194,,,,,,Fenced,F,
11/04/2025,D,2,Z1,5,Setaria incressata,8,,10.5,1970,N,Y,9,N,0.9,Fenced,F,
11/04/2025,D,2,Z1,5,Brachiaria brizantha,9,,15.3,2642,,,,,,Fenced,F,
11/04/2025,D,2,Z1,5,Aristida adscensionis,3,,13.6,2404,,,,,,Fenced,F,
11/04/2025,D,2,Z1,5,,,,14.9,2586,,,,,,Fenced,F,
11/04/2025,D,2,Z3,4,Enteropogon macrostachyus,2,,1.6,724,N,Y,1.5,N,0.85,Fenced,F,
11/04/2025,D,2,Z3,4,Eragrostis viscosa,1,,2.2,808,,,,,,Fenced,F,
11/04/2025,D,2,Z3,4,Heteropogon contortus,2,,1.6,724,,,,,,Fenced,F,
11/04/2025,D,2,Z3,4,Setaria incressata,1,,4.5,1130,,,,,,Fenced,F,
11/04/2025,D,2,Z3,4,Digitaria erianthra,4,,,,,,,,,Fenced,F,
11/04/2025,D,2,Z3,4,Eragrostis rigidior,1,,,,,,,,,Fenced,F,
11/04/2025,D,2,Z3,3,Diheteropogon anplactence,2,,3.7,1018,N,Y,4,N,0.8,Fenced,F,
11/04/2025,D,2,Z3,3,Panicum maximum,3,,3.4,976,,,,,,Fenced,F,
11/04/2025,D,2,Z3,3,,,,3.4,976,,,,,,Fenced,F,
11/04/2025,D,2,Z3,3,,,,3.2,948,,,,,,Fenced,F,
11/04/2025,D,2,Z3,2,Heteropogon contortus,5,,2.7,878,N,Y,4,N,1,Fenced,F,
11/04/2025,D,2,Z3,2,Brachiaria brizantha,3,,4.4,1116,,,,,,Fenced,F,
11/04/2025,D,2,Z3,2,Enteropogon macrostachyus,5,,4.6,1144,,,,,,Fenced,F,
11/04/2025,D,2,Z3,2,,,,5.2,1228,,,,,,Fenced,F,
11/04/2025,D,2,Z3,1,Brachiaria brizantha,12,,4.6,1144,N,Y,4,N,0.5,Fenced,F,
11/04/2025,D,2,Z3,1,Heteropogon contortus,3,,4.8,1172,,,,,,Fenced,F,
11/04/2025,D,2,Z3,1,Setaria incressata,3,,4.6,1144,,,,,,Fenced,F,
11/04/2025,D,2,Z3,1,,,,4.9,1186,,,,,,Fenced,F,
11/04/2025,D,2,Z3,5,Setaria incressata,15,,5.9,1326,N,Y,5,N,0.45,Fenced,F,
11/04/2025,D,2,Z3,5,Brachiaria brizantha,4,,5.1,1214,,,,,,Fenced,F,
11/04/2025,D,2,Z3,5,,,,6,1340,,,,,,Fenced,F,
11/04/2025,D,2,Z3,5,,,,6.9,1466,,,,,,Fenced,F,
11/04/2025,D,2,Z4,2,Eragrostis cylindriflora,5,,13.9,2446,N,Y,6,N,0.85,Unfenced,F,
11/04/2025,D,2,Z4,2,Brachiaria brizantha,4,,13.7,2418,,,,,,Unfenced,F,
11/04/2025,D,2,Z4,2,Diheteropogon anplactence,8,,13.6,2404,,,,,,Unfenced,F,
11/04/2025,D,2,Z4,2,Aristida adscensionis,6,,24.5,3930,,,,,,Unfenced,F,
11/04/2025,D,2,Z4,2,Setaria incressata,5,,,,,,,,,Unfenced,F,
11/04/2025,D,2,Z4,2,Heteropogon contortus,8,,,,,,,,,Unfenced,F,
11/04/2025,D,2,Z4,2,Panicum maximum,6,,,,,,,,,Unfenced,F,
11/04/2025,D,2,Z4,1,Heteropogon contortus,2,,2.8,892,N,Y,2,N,0.7,Unfenced,F,
11/04/2025,D,2,Z4,1,Brachiaria brizantha,8,,3.4,976,,,,,,Unfenced,F,
11/04/2025,D,2,Z4,1,Panicum maximum,2,,4.4,1116,,,,,,Unfenced,F,
11/04/2025,D,2,Z4,1,,,,3.7,1018,,,,,,Unfenced,F,
11/04/2025,D,2,Z4,3,Eragrostis rigidior,8,,7.5,1550,N,Y,8,N,1,Unfenced,F,
11/04/2025,D,2,Z4,3,Heteropogon contortus,3,,8.6,1704,,,,,,Unfenced,F,
11/04/2025,D,2,Z4,3,Brachiaria brizantha,6,,8.7,1718,,,,,,Unfenced,F,
11/04/2025,D,2,Z4,3,Eragrostis cylindriflora,5,,8.5,1690,,,,,,Unfenced,F,
11/04/2025,D,2,Z4,3,Aristida adscensionis,5,,,,,,,,,Unfenced,F,
11/04/2025,D,2,Z4,3,Diheteropogon anplactence,5,,,,,,,,,Unfenced,F,
11/04/2025,D,2,Z4,3,Setaria incressata,5,,,,,,,,,Unfenced,F,
11/04/2025,D,2,Z4,3,Panicum maximum,4,,,,,,,,,Unfenced,F,
11/04/2025,D,2,Z4,4,Heteropogon contortus,15,,12.5,2250,N,Y,7.5,N,0.9,Unfenced,F,
11/04/2025,D,2,Z4,4,Chloris virgata,5,,11.7,2138,,,,,,Unfenced,F,
11/04/2025,D,2,Z4,4,Setaria incressata,3,,9.8,1872,,,,,,Unfenced,F,
11/04/2025,D,2,Z4,4,Brachiaria brizantha,11,,11,2040,,,,,,Unfenced,F,
11/04/2025,D,2,Z4,4,Panicum maximum,6,,,,,,,,,Unfenced,F,
11/04/2025,D,2,Z4,4,Eragrostis cylindriflora,2,,,,,,,,,Unfenced,F,
11/04/2025,D,2,Z4,4,Enteropogon macrostachyus,2,,,,,,,,,Unfenced,F,
11/04/2025,D,2,Z4,4,Aristida adscensionis,2,,,,,,,,,Unfenced,F,
11/04/2025,D,2,Z4,5,Brachiaria brizantha,5,,13.6,2404,N,N,8,N,0.8,Unfenced,F,
11/04/2025,D,2,Z4,5,Setaria incressata,8,,13.4,2376,,,,,,Unfenced,F,
11/04/2025,D,2,Z4,5,Eragrostis rigidior,12,,11.2,2068,,,,,,Unfenced,F,
11/04/2025,D,2,Z4,5,Eragrostis cylindriflora,3,,11.6,2124,,,,,,Unfenced,F,
11/04/2025,D,2,Z2,4,Heteropogon contortus,2,,8.4,1676,N,Y,3,N,1.3,Unfenced,F,
11/04/2025,D,2,Z2,4,Brachiaria brizantha,3,,7.5,1550,,,,,,Unfenced,F,
11/04/2025,D,2,Z2,4,Eragrostis rigidior,1,,6.9,1466,,,,,,Unfenced,F,
11/04/2025,D,2,Z2,4,Setaria incressata,3,,4,1060,,,,,,Unfenced,F,
11/04/2025,D,2,Z2,4,Eragrostis cylindriflora,2,,,,,,,,,Unfenced,F,
11/04/2025,D,2,Z2,4,Aristida adscensionis,4,,,,,,,,,Unfenced,F,
11/04/2025,D,2,Z2,3,Brachiaria brizantha,4,,14.5,2530,N,N,7,N,0.9,Unfenced,F,
11/04/2025,D,2,Z2,3,Eragrostis rigidior,4,,18.8,3132,,,,,,Unfenced,F,
11/04/2025,D,2,Z2,3,Setaria incressata,11,,17.6,2964,,,,,,Unfenced,F,
11/04/2025,D,2,Z2,3,Digitaria erianthra,6,,15.9,2726,,,,,,Unfenced,F,
11/04/2025,D,2,Z2,3,Chloris virgata,3,,,,,,,,,Unfenced,F,
11/04/2025,D,2,Z2,1,Heteropogon contortus,3,,6.1,1354,N,Y,8,N,1,Unfenced,F,
11/04/2025,D,2,Z2,1,Chloris virgata,2,,9.4,1774,,,,,,Unfenced,F,
11/04/2025,D,2,Z2,1,Setaria incressata,4,,10.3,1928,,,,,,Unfenced,F,
11/04/2025,D,2,Z2,1,Brachiaria serrata,9,,9.2,1788,,,,,,Unfenced,F,
11/04/2025,D,2,Z2,1,Aristida adscensionis,6,,,,,,,,,Unfenced,F,
11/04/2025,D,2,Z2,1,Eragrostis cylindriflora,8,,,,,,,,,Unfenced,F,
11/04/2025,D,2,Z2,1,Eragrostis rigidior,6,,,,,,,,,Unfenced,F,
11/04/2025,D,2,Z2,2,Heteropogon contortus,3,,6.4,1396,N,Y,7,N,0.8,Unfenced,F,
11/04/2025,D,2,Z2,2,Enteropogon macrostachyus,5,,6.1,1354,,,,,,Unfenced,F,
11/04/2025,D,2,Z2,2,Setaria incressata,5,,5.7,1298,,,,,,Unfenced,F,
11/04/2025,D,2,Z2,2,Brachiaria serrata,10,,6.3,1382,,,,,,Unfenced,F,
11/04/2025,D,2,Z2,2,Brachiaria brizantha,6,,,,,,,,,Unfenced,F,
11/04/2025,D,2,Z2,2,Eragrostis cylindriflora,5,,,,,,,,,Unfenced,F,
11/04/2025,D,2,Z2,2,Aristida adscensionis,5,,,,,,,,,Unfenced,F,
11/04/2025,D,2,Z2,5,Eragrostis cylindriflora,11,,6.9,1466,N,Y,5.5,N,0.75,Unfenced,F,
11/04/2025,D,2,Z2,5,Brachiaria brizantha,10,,6.3,1382,,,,,,Unfenced,F,
11/04/2025,D,2,Z2,5,Eragrostis rigidior,4,,7.3,1522,,,,,,Unfenced,F,
11/04/2025,D,2,Z2,5,Setaria incressata,3,,7,1480,,,,,,Unfenced,F,
11/04/2025,D,2,Z2,5,Panicum maximum,3,,,,,,,,,Unfenced,F,
17/04/2025,B,1,Z1,4,Heteropogon contortus,5,,16.4,2796,,,,,,Fenced,C,
17/04/2025,B,1,Z1,4,,,,19.5,3230,,,,,,Fenced,C,
17/04/2025,B,1,Z1,4,,,,16.7,2838,,,,,,Fenced,C,
17/04/2025,B,1,Z1,1,Heteropogon contortus,13,,19.2,3188,N,N,7,N,0.9,Fenced,C,
17/04/2025,B,1,Z1,1,Digitaria erianthra,1,,21.1,3454,,,,,,Fenced,C,
17/04/2025,B,1,Z1,1,,,,21.9,3566,,,,,,Fenced,C,
17/04/2025,B,1,Z1,1,,,,21.4,3496,,,,,,Fenced,C,
17/04/2025,B,1,Z1,2,Heteropogon contortus,23,,21.1,3454,N,N,9,N,0.9,Fenced,C,
17/04/2025,B,1,Z1,2,Eragrostis rigidior,2,,20.8,3412,,,,,,Fenced,C,
17/04/2025,B,1,Z1,2,,,,20.6,3384,,,,,,Fenced,C,
17/04/2025,B,1,Z1,2,,,,20.3,3342,,,,,,Fenced,C,
17/04/2025,B,1,Z1,5,Heteropogon contortus,15,,12.1,2194,N,N,6,N,1,Fenced,C,
17/04/2025,B,1,Z1,5,,,,16.4,2796,,,,,,Fenced,C,
17/04/2025,B,1,Z1,5,,,,20.9,3426,,,,,,Fenced,C,
17/04/2025,B,1,Z1,5,,,,21.7,3538,,,,,,Fenced,C,
17/04/2025,B,1,Z1,3,Heteropogon contortus,5,,6.5,1410,N,Y,3.5,N,0.65,Fenced,C,
17/04/2025,B,1,Z1,3,Digitaria erianthra,2,,4.9,1186,,,,,,Fenced,C,
17/04/2025,B,1,Z1,3,Eragrostis superba,3,,5.9,1326,,,,,,Fenced,C,
17/04/2025,B,1,Z1,3,Bothriochloa insculpta,1,,7.5,1550,,,,,,Fenced,C,
17/04/2025,B,1,Z1,3,Cymbopogon excavatus,1,,,,,,,,,Fenced,C,
17/04/2025,B,1,Z3,1,Cymbopogon excavatus,1,,23.3,3748,N,N,3,N,0.8,Fenced,C,
17/04/2025,B,1,Z3,1,Hyperrhenia filipendula,1,,19.4,3216,,,,,,Fenced,C,
17/04/2025,B,1,Z3,1,Eragrostis superba,2,,23.7,3818,,,,,,Fenced,C,
17/04/2025,B,1,Z3,1,Eragrostis gummiflua,3,,0,0,,,,,,Fenced,C,
17/04/2025,B,1,Z3,4,Heteropogon contortus,17,,13.9,2446,N,Y,7,N,1,Fenced,C,
17/04/2025,B,1,Z3,4,Cymbopogon excavatus,2,,15.1,2614,,,,,,Fenced,C,
17/04/2025,B,1,Z3,4,Setaria sphacelata,1,,16,2740,,,,,,Fenced,C,
17/04/2025,B,1,Z3,4,,,,15.9,2726,,,,,,Fenced,C,
17/04/2025,B,1,Z3,3,Heteropogon contortus,10,,21.8,3552,N,N,5,N,0.9,Fenced,C,
17/04/2025,B,1,Z3,3,Eragrostis superba,2,,23.2,3748,,,,,,Fenced,C,
17/04/2025,B,1,Z3,3,,,,17.8,2992,,,,,,Fenced,C,
17/04/2025,B,1,Z3,3,,,,16.6,2824,,,,,,Fenced,C,
17/04/2025,B,1,Z3,5,Heteropogon contortus,13,,10.5,1970,N,Y,5,N,0.9,Fenced,C,
17/04/2025,B,1,Z3,5,Cymbopogon excavatus,1,,8.7,1718,,,,,,Fenced,C,
17/04/2025,B,1,Z3,5,,,,9.5,1830,,,,,,Fenced,C,
17/04/2025,B,1,Z3,5,,,,11.9,2166,,,,,,Fenced,C,
17/04/2025,B,1,Z3,2,Heteropogon contortus,11,,23.7,3818,N,Y,4.5,N,0.9,Fenced,C,
17/04/2025,B,1,Z3,2,Themeda triandra,2,,20.3,3342,,,,,,Fenced,C,
17/04/2025,B,1,Z3,2,,,,21.6,3524,,,,,,Fenced,C,
17/04/2025,B,1,Z3,2,,,,21,3440,,,,,,Fenced,C,
17/04/2025,B,1,Z4,2,Cymbopogon excavatus,1,,1.9,766,N,Y,2,N,0.75,Unfenced,C,
17/04/2025,B,1,Z4,2,Heteropogon contortus,1,,15.3,2642,,,,,,Unfenced,C,
17/04/2025,B,1,Z4,2,Eragrostis viscosa,1,,11.6,2124,,,,,,Unfenced,C,
17/04/2025,B,1,Z4,2,Setaria sphacelata,1,,10,1900,,,,,,Unfenced,C,
17/04/2025,B,1,Z4,2,,,,,,,,,,,Unfenced,C,
17/04/2025,B,1,Z4,1,Bothriochloa insculpta,21,,6.4,1396,Y,Y,6,N,0.5,Unfenced,C,
17/04/2025,B,1,Z4,1,Melinis repens,2,,9.1,1774,,,,,,Unfenced,C,
17/04/2025,B,1,Z4,1,Eragrostis cylindriflora,1,,8.6,1704,,,,,,Unfenced,C,
17/04/2025,B,1,Z4,1,Heteropogon contortus,3,,8.9,1746,,,,,,Unfenced,C,
17/04/2025,B,1,Z4,4,Bothriochloa insculpta,10,,3.8,1032,Y,N,7,N,0.7,Unfenced,C,
17/04/2025,B,1,Z4,4,Heteropogon contortus,7,,6.2,1368,,,,,,Unfenced,C,
17/04/2025,B,1,Z4,4,Themeda triandra,1,,7.7,1578,,,,,,Unfenced,C,
17/04/2025,B,1,Z4,4,,,,8,1620,,,,,,Unfenced,C,
17/04/2025,B,1,Z4,3,Heteropogon contortus,8,,9.2,1872,N,Y,7,N,1,Unfenced,C,
17/04/2025,B,1,Z4,3,Aristida adscensionis,6,,10.8,2012,,,,,,Unfenced,C,
17/04/2025,B,1,Z4,3,Eragrostis rigidior,1,,14.9,2586,,,,,,Unfenced,C,
17/04/2025,B,1,Z4,3,Eragrostis gummiflua,7,,14.7,2558,,,,,,Unfenced,C,
17/04/2025,B,1,Z4,3,Eragrostis superba,1,,,,,,,,,Unfenced,C,
17/04/2025,B,1,Z4,5,Heteropogon contortus,15,,17.1,2894,N,Y,6.5,N ,1,Unfenced,C,
17/04/2025,B,1,Z4,5,Eragrostis rigidior,1,,16.3,2782,,,,,,Unfenced,C,
17/04/2025,B,1,Z4,5,Eragrostis superba,1,,15.4,2656,,,,,,Unfenced,C,
17/04/2025,B,1,Z4,5,,,,13.3,2362,,,,,,Unfenced,C,
17/04/2025,B,1,Z2,2,Cymbopogon excavatus,2,,9.6,1844,Y,N,4,N,0.9,Unfenced,C,
17/04/2025,B,1,Z2,2,Heteropogon contortus,9,,11,2040,,,,,,Unfenced,C,
17/04/2025,B,1,Z2,2,Digitaria erianthra,7,,10.7,1998,,,,,,Unfenced,C,
17/04/2025,B,1,Z2,2,Eragrostis gummiflua,1,,11.7,2138,,,,,,Unfenced,C,
17/04/2025,B,1,Z2,3,Themeda triandra,1,,8.9,1746,N,Y,8,N,0.9,Unfenced,C,
17/04/2025,B,1,Z2,3,Bothriochloa insculpta,3,,21.1,3454,,,,,,Unfenced,C,
17/04/2025,B,1,Z2,3,Aristida adscensionis,1,,22.2,3408,,,,,,Unfenced,C,
17/04/2025,B,1,Z2,3,,,,19.9,3286,,,,,,Unfenced,C,
17/04/2025,B,1,Z2,5,Heteropogon contortus,13,,11.8,2166,Y,N,5.5,N,0.4,Unfenced,C,
17/04/2025,B,1,Z2,5,Bothriochloa insculpta,6,,11.3,2082,,,,,,Unfenced,C,
17/04/2025,B,1,Z2,5,Melinis repens,3,,10.5,1970,,,,,,Unfenced,C,
17/04/2025,B,1,Z2,5,,,,10,1900,,,,,,Unfenced,C,
17/04/2025,B,1,Z2,1,Heteropogon contortus,2,,11.9,2166,N,N,3.5,N,0.9,Unfenced,C,
17/04/2025,B,1,Z2,1,Eragrostis rigidior,3,,18.1,3034,,,,,,Unfenced,C,
17/04/2025,B,1,Z2,1,Eragrostis superba,2,,13.9,2446,,,,,,Unfenced,C,
17/04/2025,B,1,Z2,1,Cymbopogon excavatus,1,,0,0,,,,,,Unfenced,C,
17/04/2025,B,1,Z2,1,Aristida diffusa,1,,,,,,,,,Unfenced,C,
17/04/2025,B,1,Z2,4,Melinis repens,7,,5.9,1298,Y,N,5,N,0.1,Unfenced,C,
17/04/2025,B,1,Z2,4,Eragrostis rigidior,2,,6.5,1410,,,,,,Unfenced,C,
17/04/2025,B,1,Z2,4,Bothriochloa insculpta,13,,5.6,1284,,,,,,Unfenced,C,
17/04/2025,B,1,Z2,4,Cynodon dactylon,1,,5.5,1270,,,,,,Unfenced,C,
24/04/2025,C,1,Z2,3,Pogonarthria squarrosa ,5,,30.6,4784,N,Y,3.6,N,1.5,Fenced,C,
24/04/2025,C,1,Z2,3,Heteropogon contortus,1,,21.3,3482,,,,,,Fenced,C,
24/04/2025,C,1,Z2,3,,,,17.2,2908,,,,,,Fenced,C,
24/04/2025,C,1,Z2,3,,,,15.3,2642,,,,,,Fenced,C,
24/04/2025,C,1,Z2,5,Hyperrhenia filipendula,1,,5.2,1228,N,Y,2.5,N,1.6,Fenced,C,
24/04/2025,C,1,Z2,5,Pogonarthria squarrosa ,22,,4.8,1172,,,,,,Fenced,C,
24/04/2025,C,1,Z2,5,,,,5.3,1242,,,,,,Fenced,C,
24/04/2025,C,1,Z2,5,,,,5.2,1358,,,,,,Fenced,C,
24/04/2025,C,1,Z2,2,Pogonarthria squarrosa ,5,,4.1,1074,N,Y,2.5,N,0.35,Fenced,C,
24/04/2025,C,1,Z2,2,Eragrostis gummiflua,2,,2.9,906,,,,,,Fenced,C,
24/04/2025,C,1,Z2,2,Setaria incressata,3,,2.8,892,,,,,,Fenced,C,
24/04/2025,C,1,Z2,2,,,,4.1,1074,,,,,,Fenced,C,
24/04/2025,C,1,Z2,1,Setaria incressata,4,,11.2,2068,N,Y,5,N,1.2,Fenced,C,
24/04/2025,C,1,Z2,1,Heteropogon contortus,4,,12.4,2236,,,,,,Fenced,C,
24/04/2025,C,1,Z2,1,Digitaria erianthra,5,,12.1,2194,,,,,,Fenced,C,
24/04/2025,C,1,Z2,1,,,,8.4,1676,,,,,,Fenced,C,
24/04/2025,C,1,Z2,4,Setaria incressata,6,,4,1060,N,Y,2,N,1.3,Fenced,C,
12/04/2025,B,5,Z1,1,Heteropogon contortus,13,,21.1,3454,N,N,8.5,N,1.1,Fenced,THF,
12/04/2025,B,5,Z1,1,Cynodon dactylon,11,,22.9,3706,,,,,,Fenced,THF,
12/04/2025,B,5,Z1,1,Eragrostis superba,2,,17.7,2978,,,,,,Fenced,THF,
12/04/2025,B,5,Z1,1,Eragrostis gummiflua,5,,21.5,3510,,,,,,Fenced,THF,
12/04/2025,B,5,Z1,1,Eragrostis rigidior,2,,,,,,,,,Fenced,THF,
12/04/2025,B,5,Z1,1,Aristida congesta B,1,,,,,,,,,Fenced,THF,
12/04/2025,B,5,Z1,4,Heteropogon contortus,10,,27.3,4322,N,N,9.5,N,1,Fenced,THF,
12/04/2025,B,5,Z1,4,Cynodon dactylon,9,,36.8,5652,,,,,,Fenced,THF,
12/04/2025,B,5,Z1,4,Digitaria erianthra,2,,36.1,5554,,,,,,Fenced,THF,
12/04/2025,B,5,Z1,4,Bothriochloa insculpta,6,,26.9,4266,,,,,,Fenced,THF,
12/04/2025,B,5,Z1,3,Cymbopogon excavatus,1,,14.2,2488,N,Y,5,N,0.45,Fenced,THF,
12/04/2025,B,5,Z1,3,Digitaria erianthra,8,,9.1,1774,,,,,,Fenced,THF,
12/04/2025,B,5,Z1,3,,,,6.6,1424,,,,,,Fenced,THF,
12/04/2025,B,5,Z1,3,,,,19.7,3258,,,,,,Fenced,THF,
12/04/2025,B,5,Z1,5,Heteropogon contortus,13,,28.3,4462,N,N,6,N,1.2,Fenced,THF,
12/04/2025,B,5,Z1,5,Bothriochloa insculpta,8,,21.5,3510,,,,,,Fenced,THF,
12/04/2025,B,5,Z1,5,Cymbopogon excavatus,3,,24.7,3958,,,,,,Fenced,THF,
12/04/2025,B,5,Z1,5,,,,28,4420,,,,,,Fenced,THF,
12/04/2025,B,5,Z1,2,Heteropogon contortus,3,,14.6,2544,N,Y,5,N,0.55,Fenced,THF,
12/04/2025,B,5,Z1,2,Eragrostis superba,2,,13.8,2432,,,,,,Fenced,THF,
12/04/2025,B,5,Z1,2,Digitaria erianthra,3,,18.7,3118,,,,,,Fenced,THF,
12/04/2025,B,5,Z1,2,Hyperthelia dissoluta,1,,4.1,1074,,,,,,Fenced,THF,
12/04/2025,B,5,Z3,1,Heteropogon contortus,13,,5.9,1326,N,Y,3,N,1.1,Fenced,THF,
12/04/2025,B,5,Z3,1,Sporobolus africanus,2,,8.2,1648,,,,,,Fenced,THF,
12/04/2025,B,5,Z3,1,,,,6.2,1368,,,,,,Fenced,THF,
12/04/2025,B,5,Z3,1,,,,2.5,850,,,,,,Fenced,THF,
12/04/2025,B,5,Z3,2,Heteropogon contortus,4,,32.3,5022,N,N,9,N,1.2,Fenced,THF,
12/04/2025,B,5,Z3,2,Cynodon dactylon,24,,35.6,5484,,,,,,Fenced,THF,
12/04/2025,B,5,Z3,2,Brachiaria serrata,3,,41.5,6310,,,,,,Fenced,THF,
12/04/2025,B,5,Z3,2,Aristida congesta B,4,,26.4,4196,,,,,,Fenced,THF,
12/04/2025,B,5,Z3,2,Setaria sphacelata,1,,,,,,,,,Fenced,THF,
12/04/2025,B,5,Z3,3,Cymbopogon excavatus,4,,15.4,2656,N,N,7,N,1.1,Fenced,THF,
12/04/2025,B,5,Z3,3,Cynodon dactylon,8,,25.1,4014,,,,,,Fenced,THF,
12/04/2025,B,5,Z3,3,Heteropogon contortus,5,,31.4,4896,,,,,,Fenced,THF,
12/04/2025,B,5,Z3,3,,,,17.7,2978,,,,,,Fenced,THF,
12/04/2025,B,5,Z3,4,Heteropogon contortus,2,,2.9,906,N,Y,2,N,0.45,Fenced,THF,
12/04/2025,B,5,Z3,4,Digitaria erianthra,11,,6.6,1424,,,,,,Fenced,THF,
12/04/2025,B,5,Z3,4,,,,3.4,976,,,,,,Fenced,THF,
12/04/2025,B,5,Z3,4,,,,2.4,822,,,,,,Fenced,THF,
12/04/2025,B,5,Z3,5,Heteropogon contortus,9,,29.9,4686,N,N,7.5,N,1,Fenced,THF,
12/04/2025,B,5,Z3,5,Digitaria erianthra,4,,26.6,4168,,,,,,Fenced,THF,
12/04/2025,B,5,Z3,5,Aristida congesta B,2,,26.8,4252,,,,,,Fenced,THF,
12/04/2025,B,5,Z3,5,,,,28.4,4476,,,,,,Fenced,THF,
12/04/2025,B,5,Z4,2,Eragrostis superba,2,,10.9,2026,Y,N,8,N,1,Unfenced,THF,
12/04/2025,B,5,Z4,2,Bothriochloa insculpta,25,,9.2,1788,,,,,,Unfenced,THF,
12/04/2025,B,5,Z4,2,,,,11.9,2166,,,,,,Unfenced,THF,
12/04/2025,B,5,Z4,2,,,,11.8,2158,,,,,,Unfenced,THF,
12/04/2025,B,5,Z4,1,Heteropogon contortus,7,,7.5,1550,N,N,4.5,N,0.75,Unfenced,THF,
12/04/2025,B,5,Z4,1,Cynodon dactylon,5,,15.5,2670,,,,,,Unfenced,THF,
12/04/2025,B,5,Z4,1,Aristida congesta B,1,,9,1760,,,,,,Unfenced,THF,
12/04/2025,B,5,Z4,1,Digitaria erianthra,1,,11.8,2152,,,,,,Unfenced,THF,
12/04/2025,B,5,Z4,5,Heteropogon contortus,4,,10.4,1956,Y,N,5,N,0.75,Unfenced,THF,
12/04/2025,B,5,Z4,5,Aristida congesta B,2,,10.7,1998,,,,,,Unfenced,THF,
12/04/2025,B,5,Z4,5,Digitaria erianthra,3,,17.4,2936,,,,,,Unfenced,THF,
12/04/2025,B,5,Z4,5,Bothriochloa insculpta,13,,11.5,2110,,,,,,Unfenced,THF,
12/04/2025,B,5,Z4,5,Eragrostis superba,1,,,,,,,,,Unfenced,THF,
12/04/2025,B,5,Z4,3,Sporobolus africanus,3,,6,1340,Y,N,4.5,N,0.75,Unfenced,THF,
12/04/2025,B,5,Z4,3,Cynodon dactylon,12,,8.8,1732,,,,,,Unfenced,THF,
12/04/2025,B,5,Z4,3,Digitaria erianthra,10,,11.4,2096,,,,,,Unfenced,THF,
12/04/2025,B,5,Z4,3,,,,8.7,1718,,,,,,Unfenced,THF,
12/04/2025,B,5,Z4,4,Heteropogon contortus,1,,6.9,1466,Y,N,8,Y,0.45,Unfenced,THF,
12/04/2025,B,5,Z4,4,Digitaria erianthra,11,,9.2,1788,,,,,,Unfenced,THF,
12/04/2025,B,5,Z4,4,Cynodon dactylon,10,,15.1,2614,,,,,,Unfenced,THF,
12/04/2025,B,5,Z4,4,Bothriochloa insculpta,7,,10.9,2026,,,,,,Unfenced,THF,
12/04/2025,B,5,Z2,3,Heteropogon contortus,10,,6,1340,Y,N,7,N,0.25,Unfenced,THF,
12/04/2025,B,5,Z2,3,Bothriochloa insculpta,13,,6.7,1438,,,,,,Unfenced,THF,
12/04/2025,B,5,Z2,3,Digitaria erianthra,2,,1.9,766,,,,,,Unfenced,THF,
12/04/2025,B,5,Z2,3,,,,5.9,1326,,,,,,Unfenced,THF,
12/04/2025,B,5,Z2,4,Cymbopogon excavatus,1,,5.4,1256,Y,N,4,N,1,Unfenced,THF,
12/04/2025,B,5,Z2,4,Heteropogon contortus,5,,8.6,1704,,,,,,Unfenced,THF,
12/04/2025,B,5,Z2,4,Digitaria erianthra,4,,2.1,794,,,,,,Unfenced,THF,
12/04/2025,B,5,Z2,4,Eragrostis rigidior,1,,21.7,3538,,,,,,Unfenced,THF,
12/04/2025,B,5,Z2,4,Brachiaria serrata,1,,,,,,,,,Unfenced,THF,
12/04/2025,B,5,Z2,5,Cymbopogon excavatus,5,,12.9,2306,N,Y,5,N,0.7,Unfenced,THF,
12/04/2025,B,5,Z2,5,Eragrostis superba,2,,19.8,3272,,,,,,Unfenced,THF,
12/04/2025,B,5,Z2,5,Heteropogon contortus,2,,10.9,2026,,,,,,Unfenced,THF,
12/04/2025,B,5,Z2,5,,,,15.6,2670,,,,,,Unfenced,THF,
12/04/2025,B,5,Z2,2,Heteropogon contortus,5,,18.6,3104,N,N,6,N,1.1,Unfenced,THF,
12/04/2025,B,5,Z2,2,Setaria sphacelata,2,,10.2,1928,,,,,,Unfenced,THF,
12/04/2025,B,5,Z2,2,Cynodon dactylon,5,,13.1,2334,,,,,,Unfenced,THF,
12/04/2025,B,5,Z2,2,,,,44.3,6702,,,,,,Unfenced,THF,
12/04/2025,B,5,Z2,5,Heteropogon contortus,9,,6.2,1368,Y,N,6.5,N,0.7,Unfenced,THF,
12/04/2025,B,5,Z2,5,Digitaria erianthra,11,,9.8,1872,,,,,,Unfenced,THF,
12/04/2025,B,5,Z2,5,Cynodon dactylon,10,,6.8,1452,,,,,,Unfenced,THF,
12/04/2025,B,5,Z2,5,Bothriochloa insculpta,2,,6.3,1382,,,,,,Unfenced,THF,
12/04/2025,B,5,Z2,5,Aristida congesta B,2,,,,,,,,,Unfenced,THF,
12/04/2025,B,4,Z3,1,Cymbopogon nardus,2,,3.6,1004,Y,N,5.5,N,1.2,Unfenced,TFB,
12/04/2025,B,4,Z3,1,Hyperrhenia filipendula,6,,9.2,1788,,,,,,Unfenced,TFB,
12/04/2025,B,4,Z3,1,Heteropogon contortus,3,,5.3,1242,,,,,,Unfenced,TFB,
12/04/2025,B,4,Z3,1,,,,26.4,4196,,,,,,Unfenced,TFB,
12/04/2025,B,4,Z3,4,Hyperthelia dissoluta,7,,7.3,1522,Y,N,3.5,N,1.8,Unfenced,TFB,
12/04/2025,B,4,Z3,4,Digitaria erianthra,4,,5.5,1214,,,,,,Unfenced,TFB,
12/04/2025,B,4,Z3,4,Heteropogon contortus,1,,26.9,4266,,,,,,Unfenced,TFB,
12/04/2025,B,4,Z3,4,,,,7.7,1578,,,,,,Unfenced,TFB,
12/04/2025,B,4,Z3,3,Heteropogon contortus,8,,6.6,1424,Y,N,2.5,Y,1,Unfenced,TFB,
12/04/2025,B,4,Z3,3,Digitaria erianthra,6,,3.8,1032,,,,,,Unfenced,TFB,
12/04/2025,B,4,Z3,3,Cymbopogon excavatus,1,,2.9,906,,,,,,Unfenced,TFB,
12/04/2025,B,4,Z3,3,,,,27.8,4392,,,,,,Unfenced,TFB,
12/04/2025,B,4,Z3,2,Cymbopogon excavatus,6,,35.2,5428,N,N,10,N,1.1,Unfenced,TFB,
12/04/2025,B,4,Z3,2,Aristida congesta B,1,,31.2,4868,,,,,,Unfenced,TFB,
12/04/2025,B,4,Z3,2,Heteropogon contortus,3,,43,6520,,,,,,Unfenced,TFB,
12/04/2025,B,4,Z3,2,Eragrostis superba,1,,14.2,2488,,,,,,Unfenced,TFB,
12/04/2025,B,4,Z3,5,Aristida congesta B,2,,,,,,,,,Unfenced,TFB,
12/04/2025,B,4,Z3,5,Heteropogon contortus,13,,7.1,1494,Y,Y,4.5,N,0.8,Unfenced,TFB,
12/04/2025,B,4,Z3,5,Cymbopogon excavatus,2,,6.8,1452,,,,,,Unfenced,TFB,
12/04/2025,B,4,Z3,5,Digitaria erianthra,1,,5.2,1228,,,,,,Unfenced,TFB,
12/04/2025,B,4,Z3,5,Aristida adscensionis,2,,2.8,892,,,,,,Unfenced,TFB,
12/04/2025,B,4,Z3,5,Melinis repens,1,,,,,,,,,Unfenced,TFB,
12/04/2025,B,4,Z4,1,Eragrostis superba,3,,2.7,878,Y,N,2,N,0.3,Unfenced,TFB,
12/04/2025,B,4,Z4,1,Heteropogon contortus,8,,2.2,808,,,,,,Unfenced,TFB,
12/04/2025,B,4,Z4,1,Brachiaria serrata,2,,4.8,1172,,,,,,Unfenced,TFB,
12/04/2025,B,4,Z4,1,,,,32.6,5064,,,,,,Unfenced,TFB,
12/04/2025,B,4,Z4,3,Heteropogon contortus,7,,23.9,3846,N,N,7,N,1.1,Unfenced,TFB,
12/04/2025,B,4,Z4,3,Aristida congesta B,1,,23.6,3804,,,,,,Unfenced,TFB,
12/04/2025,B,4,Z4,3,Cymbopogon excavatus,1,,12.4,2236,,,,,,Unfenced,TFB,
12/04/2025,B,4,Z4,3,Cymbopogon excavatus,6,,29.1,4574,,,,,,Unfenced,TFB,
12/04/2025,B,4,Z4,5,Heteropogon contortus,13,,9.1,1774,N,N,6,N,1.3,Unfenced,TFB,
12/04/2025,B,4,Z4,5,Digitaria erianthra,1,,26.1,4154,,,,,,Unfenced,TFB,
12/04/2025,B,4,Z4,5,,,,22.8,3692,,,,,,Unfenced,TFB,
12/04/2025,B,4,Z4,5,,,,29.3,4602,,,,,,Unfenced,TFB,
12/04/2025,B,4,Z4,4,Heteropogon contortus,10,,6.2,1368,N,Y,6,N,0.75,Unfenced,TFB,
12/04/2025,B,4,Z4,4,Cymbopogon excavatus,3,,8.2,1648,,,,,,Unfenced,TFB,
12/04/2025,B,4,Z4,4,Aristida adscensionis,1,,14,2446,,,,,,Unfenced,TFB,
12/04/2025,B,4,Z4,4,,,,20.1,3314,,,,,,Unfenced,TFB,
12/04/2025,B,4,Z4,2,Heteropogon contortus,13,,6.6,1424,Y,N,4,N,0.2,Unfenced,TFB,
12/04/2025,B,4,Z4,2,Aristida congesta B,3,,6.9,1466,,,,,,Unfenced,TFB,
12/04/2025,B,4,Z4,2,Melinis repens,2,,11,2040,,,,,,Unfenced,TFB,
12/04/2025,B,4,Z4,2,Digitaria erianthra,9,,6.1,1354,,,,,,Unfenced,TFB,
12/04/2025,B,4,Z1,3,Cymbopogon excavatus,3,,19.2,3188,N,N,7.5,N,0.75,Fenced,TFB,
12/04/2025,B,4,Z1,3,Heteropogon contortus,11,,20.4,3356,,,,,,Fenced,TFB,
12/04/2025,B,4,Z1,3,Aristida adscensionis,3,,23.2,3748,,,,,,Fenced,TFB,
12/04/2025,B,4,Z1,3,Melinis repens,3,,19.5,3230,,,,,,Fenced,TFB,
12/04/2025,B,4,Z1,2,Heteropogon contortus,7,,21.8,3552,N,N,5,N,0.8,Fenced,TFB,
12/04/2025,B,4,Z1,2,Digitaria erianthra,13,,14.2,2488,,,,,,Fenced,TFB,
12/04/2025,B,4,Z1,2,Aristida adscensionis,1,,22.1,3594,,,,,,Fenced,TFB,
12/04/2025,B,4,Z1,2,,,,20.6,3384,,,,,,Fenced,TFB,
12/04/2025,B,4,Z1,1,Heteropogon contortus,8,,25.6,4084,N,Y,5,N,1.3,Fenced,TFB,
12/04/2025,B,4,Z1,1,Cymbopogon excavatus,2,,26.6,4224,,,,,,Fenced,TFB,
12/04/2025,B,4,Z1,1,Setaria sphacelata,1,,22.8,3692,,,,,,Fenced,TFB,
12/04/2025,B,4,Z1,1,Eragrostis superba,1,,34,5260,,,,,,Fenced,TFB,
12/04/2025,B,4,Z1,5,Cymbopogon excavatus,3,,13,2320,N,N,6,Y,0.8,Fenced,TFB,
12/04/2025,B,4,Z1,5,Heteropogon contortus,4,,16.7,2838,,,,,,Fenced,TFB,
12/04/2025,B,4,Z1,5,Eragrostis superba,1,,15.1,2614,,,,,,Fenced,TFB,
12/04/2025,B,4,Z1,5,Eragrostis rigidior,1,,27.3,4322,,,,,,Fenced,TFB,
12/04/2025,B,4,Z1,5,Brachiaria serrata,4,,,,,,,,,Fenced,TFB,
12/04/2025,B,4,Z1,4,Themeda triandra,2,,18.4,3076,N,N,6,Y,0.65,Fenced,TFB,
12/04/2025,B,4,Z1,4,Heteropogon contortus,7,,19,3160,,,,,,Fenced,TFB,
12/04/2025,B,4,Z1,4,Digitaria erianthra,5,,14.8,2572,,,,,,Fenced,TFB,
12/04/2025,B,4,Z1,4,,,,16,2740,,,,,,Fenced,TFB,
12/04/2025,B,4,Z2,1,Heteropogon contortus,3,,10.8,2012,N,N,2,N,1.2,Fenced,TFB,
12/04/2025,B,4,Z2,1,Perotis patens,2,,2.4,836,,,,,,Fenced,TFB,
12/04/2025,B,4,Z2,1,Brachiaria serrata,3,,2.4,836,,,,,,Fenced,TFB,
12/04/2025,B,4,Z2,1,Eragrostis rigidior,1,,2.9,906,,,,,,Fenced,TFB,
12/04/2025,B,4,Z2,4,Eragrostis superba,1,,38.2,6862,N,N,4,N,1.6,Fenced,TFB,
12/04/2025,B,4,Z2,4,Cymbopogon excavatus,1,,26.4,4196,,,,,,Fenced,TFB,
12/04/2025,B,4,Z2,4,Heteropogon contortus,6,,21.2,3468,,,,,,Fenced,TFB,
12/04/2025,B,4,Z2,4,,,,14.2,2488,,,,,,Fenced,TFB,
12/04/2025,B,4,Z2,3,Heteropogon contortus,4,,3.2,948,N,Y,2,N,1,Fenced,TFB,
12/04/2025,B,4,Z2,3,Digitaria erianthra,2,,4.5,1130,,,,,,Fenced,TFB,
12/04/2025,B,4,Z2,3,Aristida adscensionis,1,,8.2,1648,,,,,,Fenced,TFB,
12/04/2025,B,4,Z2,3,Brachiaria serrata,8,,6.5,1410,,,,,,Fenced,TFB,
12/04/2025,B,4,Z2,5,Brachiaria serrata,1,,30.6,4784,N,N,5,N,1,Fenced,TFB,
12/04/2025,B,4,Z2,5,Cymbopogon excavatus,5,,18.5,3090,,,,,,Fenced,TFB,
12/04/2025,B,4,Z2,5,,,,14.6,2544,,,,,,Fenced,TFB,
12/04/2025,B,4,Z2,5,,,,25.8,4112,,,,,,Fenced,TFB,
12/04/2025,B,4,Z2,2,Aristida adscensionis,1,,22.4,3636,N,N,6,N,1.1,Fenced,TFB,
12/04/2025,B,4,Z2,2,Heteropogon contortus,6,,24.1,3874,,,,,,Fenced,TFB,
12/04/2025,B,4,Z2,2,Cymbopogon excavatus,4,,22.2,3608,,,,,,Fenced,TFB,
12/04/2025,B,4,Z2,2,Urochloa mosambicensis,2,,27.5,4350,,,,,,Fenced,TFB,
12/04/2025,B,3,Z4,3,Heteropogon contortus,9,,11.2,2668,Y,Y,5,N,1,Unfenced,TF,
12/04/2025,B,3,Z4,3,Aristida adscensionis,6,,8.2,1648,,,,,,Unfenced,TF,
12/04/2025,B,3,Z4,3,Cymbopogon excavatus,1,,11.8,2152,,,,,,Unfenced,TF,
12/04/2025,B,3,Z4,3,,,,7.5,1550,,,,,,Unfenced,TF,
12/04/2025,B,3,Z4,2,Aristida adscensionis,11,,10.4,1956,N,N,7,N,1.1,Unfenced,TF,
12/04/2025,B,3,Z4,2,Heteropogon contortus,1,,18.6,3104,,,,,,Unfenced,TF,
12/04/2025,B,3,Z4,2,Cymbopogon nardus,1,,18,3020,,,,,,Unfenced,TF,
12/04/2025,B,3,Z4,2,,,,22.8,3692,,,,,,Unfenced,TF,
12/04/2025,B,3,Z4,5,Digitaria erianthra,16,,13.8,2432,Y,N,7,N,0.5,Unfenced,TF,
12/04/2025,B,3,Z4,5,Cymbopogon nardus,1,,8.4,1676,,,,,,Unfenced,TF,
12/04/2025,B,3,Z4,5,Heteropogon contortus,1,,6.2,1368,,,,,,Unfenced,TF,
12/04/2025,B,3,Z4,5,,,,5.2,1228,,,,,,Unfenced,TF,
12/04/2025,B,3,Z4,4,Heteropogon contortus,16,,11.4,2096,Y,N,7,N,0.6,Unfenced,TF,
12/04/2025,B,3,Z4,4,Eragrostis rigidior,1,,15.4,2656,,,,,,Unfenced,TF,
12/04/2025,B,3,Z4,4,Bothriochloa insculpta,1,,11.9,2166,,,,,,Unfenced,TF,
12/04/2025,B,3,Z4,4,,,,22,3580,,,,,,Unfenced,TF,
12/04/2025,B,3,Z4,1,Aristida adscensionis,3,,8,1620,Y,N,4.5,N,0.7,Unfenced,TF,
12/04/2025,B,3,Z4,1,Heteropogon contortus,10,,2.8,892,,,,,,Unfenced,TF,
12/04/2025,B,3,Z4,1,Eragrostis rigidior,1,,12,2180,,,,,,Unfenced,TF,
12/04/2025,B,3,Z4,1,,,,10.3,1942,,,,,,Unfenced,TF,
12/04/2025,B,3,Z3,4,Heteropogon contortus,18,,23.3,3762,Y,N,8,N,0.7,Unfenced,TF,
12/04/2025,B,3,Z3,4,Cymbopogon nardus,1,,13,2320,,,,,,Unfenced,TF,
12/04/2025,B,3,Z3,4,Eragrostis rigidior,1,,12.8,2292,,,,,,Unfenced,TF,
12/04/2025,B,3,Z3,4,,,,14.1,2474,,,,,,Unfenced,TF,
12/04/2025,B,3,Z3,3,Hyperrhenia filipendula,1,,8.5,1690,Y,N,8,N,0.85,Unfenced,TF,
12/04/2025,B,3,Z3,3,Heteropogon contortus,15,,6.7,1438,,,,,,Unfenced,TF,
12/04/2025,B,3,Z3,3,Aristida adscensionis,2,,6.5,1410,,,,,,Unfenced,TF,
12/04/2025,B,3,Z3,3,,,,6.1,1354,,,,,,Unfenced,TF,
12/04/2025,B,3,Z3,2,Aristida adscensionis,1,,8.3,1662,Y,Y,6,N,0.8,Unfenced,TF,
12/04/2025,B,3,Z3,2,Aristida adscensionis,1,,4.2,1088,,,,,,Unfenced,TF,
12/04/2025,B,3,Z3,2,Themeda triandra,1,,9.6,1844,,,,,,Unfenced,TF,
12/04/2025,B,3,Z3,2,Brachiaria serrata,3,,3.4,976,,,,,,Unfenced,TF,
12/04/2025,B,3,Z3,2,Heteropogon contortus,4,,7.8,1592,,,,,,Unfenced,TF,
12/04/2025,B,3,Z3,5,Eragrostis rigidior,3,,14.1,2474,Y,N,7.5,N,0.7,Unfenced,TF,
12/04/2025,B,3,Z3,5,Aristida adscensionis,4,,9.8,1872,,,,,,Unfenced,TF,
12/04/2025,B,3,Z3,5,Heteropogon contortus,11,,7.3,1522,,,,,,Unfenced,TF,
12/04/2025,B,3,Z3,5,Cymbopogon nardus,1,,,,,,,,,Unfenced,TF,
12/04/2025,B,3,Z3,1,Heteropogon contortus,15,,6.8,1452,Y,N,4.5,N,0.7,Unfenced,TF,
12/04/2025,B,3,Z3,1,Digitaria erianthra,3,,8.2,1648,,,,,,Unfenced,TF,
12/04/2025,B,3,Z3,1,Eragrostis superba,1,,7.9,1606,,,,,,Unfenced,TF,
12/04/2025,B,3,Z3,1,Aristida adscensionis,1,,4.9,1186,,,,,,Unfenced,TF,
12/04/2025,B,3,Z1,2,Melinis repens,1,,26.1,4154,N,N,8,N,1,Fenced,TF,
12/04/2025,B,3,Z1,2,Cymbopogon excavatus,4,,20.2,2328,,,,,,Fenced,TF,
12/04/2025,B,3,Z1,2,,,,10.2,1928,,,,,,Fenced,TF,
12/04/2025,B,3,Z1,2,,,,25,4000,,,,,,Fenced,TF,
12/04/2025,B,3,Z1,5,Cymbopogon nardus,3,,14.6,2516,N,N,8,N,1,Fenced,TF,
12/04/2025,B,3,Z1,5,Heteropogon contortus,16,,20,3300,,,,,,Fenced,TF,
12/04/2025,B,3,Z1,5,Cymbopogon excavatus,1,,29.3,4602,,,,,,Fenced,TF,
12/04/2025,B,3,Z1,5,Aristida adscensionis,1,,44.2,6688,,,,,,Fenced,TF,
12/04/2025,B,3,Z1,5,,,,,,,,,,,Fenced,TF,
12/04/2025,B,3,Z1,1,Cynodon dactylon,3,,41.9,6366,N,N,9,N,0.9,Fenced,TF,
12/04/2025,B,3,Z1,1,Themeda triandra,5,,26.1,4154,,,,,,Fenced,TF,
12/04/2025,B,3,Z1,1,Heteropogon contortus,3,,27.8,4392,,,,,,Fenced,TF,
12/04/2025,B,3,Z1,1,Eragrostis superba,1,,46,6940,,,,,,Fenced,TF,
12/04/2025,B,3,Z1,4,Aristida congesta B,1,,25.8,4112,N,N,7,Y,0.6,Fenced,TF,
12/04/2025,B,3,Z1,4,Digitaria erianthra,4,,10.9,2026,,,,,,Fenced,TF,
12/04/2025,B,3,Z1,4,Heteropogon contortus,10,,6.3,1382,,,,,,Fenced,TF,
12/04/2025,B,3,Z1,4,,,,25.1,4014,,,,,,Fenced,TF,
12/04/2025,B,3,Z1,3,Melinis repens,4,,12,2180,N,Y,8,N,0.9,Fenced,TF,
12/04/2025,B,3,Z1,3,Aristida adscensionis,3,,15.7,2698,,,,,,Fenced,TF,
12/04/2025,B,3,Z1,3,Bothriochloa insculpta,5,,11.8,2152,,,,,,Fenced,TF,
12/04/2025,B,3,Z1,3,,,,16.2,2768,,,,,,Fenced,TF,
12/04/2025,B,3,Z2,2,Aristida adscensionis,3,,15.6,2684,N,N,8,N,1,Fenced,TF,
12/04/2025,B,3,Z2,2,Cymbopogon excavatus,6,,22.2,3608,,,,,,Fenced,TF,
12/04/2025,B,3,Z2,2,Melinis repens,1,,26.8,4252,,,,,,Fenced,TF,
12/04/2025,B,3,Z2,2,Eragrostis superba,1,,17.3,2922,,,,,,Fenced,TF,
12/04/2025,B,3,Z2,2,Eragrostis curvula,2,,,,,,,,,Fenced,TF,
12/04/2025,B,3,Z2,1,Setaria sphacelata,1,,39,5960,N,Y,9,N,1.2,Fenced,TF,
12/04/2025,B,3,Z2,1,Themeda triandra,2,,28.8,4532,,,,,,Fenced,TF,
12/04/2025,B,3,Z2,1,Heteropogon contortus,7,,17.1,2894,,,,,,Fenced,TF,
12/04/2025,B,3,Z2,1,Cymbopogon excavatus,2,,41.5,6310,,,,,,Fenced,TF,
12/04/2025,B,3,Z2,4,Cymbopogon excavatus,4,,33.2,5148,N,N,9,N,1.3,Fenced,TF,
12/04/2025,B,3,Z2,4,Melinis repens,1,,28,4420,,,,,,Fenced,TF,
12/04/2025,B,3,Z2,4,Heteropogon contortus,4,,14.9,2586,,,,,,Fenced,TF,
12/04/2025,B,3,Z2,4,,,,42.7,6478,,,,,,Fenced,TF,
12/04/2025,B,3,Z2,5,Heteropogon contortus,7,,47.7,7178,N,N,9.5,N,1.3,Fenced,TF,
12/04/2025,B,3,Z2,5,Cymbopogon nardus,2,,35.5,5470,,,,,,Fenced,TF,
12/04/2025,B,3,Z2,5,,,,25.2,4028,,,,,,Fenced,TF,
12/04/2025,B,3,Z2,5,,,,51,7640,,,,,,Fenced,TF,
12/04/2025,B,3,Z2,3,Aristida congesta B,1,,15.7,2796,N,N,8,N,1,Fenced,TF,
12/04/2025,B,3,Z2,3,Digitaria erianthra,6,,32.3,5022,,,,,,Fenced,TF,
12/04/2025,B,3,Z2,3,Heteropogon contortus,14,,15.6,2684,,,,,,Fenced,TF,
12/04/2025,B,3,Z2,3,Cymbopogon nardus,2,,22.7,3678,,,,,,Fenced,TF,
14/04/2025,A,5,Z4,2,Bothriochloa insculpta,5,,19,3160,,,,,,Unfenced,THF,
14/04/2025,A,5,Z4,2,Cynodon dactylon,1,,16.8,2852,N,N,7,N,1,Unfenced,THF,
14/04/2025,A,5,Z4,2,Eragrostis gummiflua,1,,16.7,2838,,,,,,Unfenced,THF,
14/04/2025,A,5,Z4,2,,,,16.6,2824,,,,,,Unfenced,THF,
14/04/2025,A,5,Z4,1,Urochloa mosambicensis,2,,0,0,N,N,4.5,N,0.75,Unfenced,THF,
14/04/2025,A,5,Z4,1,Cymbopogon excavatus,1,,14.3,2502,,,,,,Unfenced,THF,
14/04/2025,A,5,Z4,1,Bothriochloa insculpta,2,,14.7,2558,,,,,,Unfenced,THF,
14/04/2025,A,5,Z4,1,Heteropogon contortus,2,,13.7,2418,,,,,,Unfenced,THF,
14/04/2025,A,5,Z4,4,Bothriochloa insculpta,2,,21.8,3552,N,N,6,N,0.3,Unfenced,THF,
14/04/2025,A,5,Z4,4,Cymbopogon excavatus,2,,16.5,2810,,,,,,Unfenced,THF,
14/04/2025,A,5,Z4,4,Urochloa mosambicensis,1,,20.7,3398,,,,,,Unfenced,THF,
14/04/2025,A,5,Z4,4,,,,21.2,3482,,,,,,Unfenced,THF,
14/04/2025,A,5,Z4,3,Urochloa mosambicensis,3,,13.5,2390,N,Y,4.5,N,1,Unfenced,THF,
14/04/2025,A,5,Z4,3,Aristida adscensionis,2,,13.2,2948,,,,,,Unfenced,THF,
14/04/2025,A,5,Z4,3,Bothriochloa insculpta,9,,13.9,2446,,,,,,Unfenced,THF,
14/04/2025,A,5,Z4,3,,,,11.7,2138,,,,,,Unfenced,THF,
14/04/2025,A,5,Z4,5,Urochloa mosambicensis,2,,0,0,N,N,1.5,N,1.1,Unfenced,THF,
14/04/2025,A,5,Z4,5,Bothriochloa insculpta,3,,23.6,3804,,,,,,Unfenced,THF,
14/04/2025,A,5,Z4,5,Aristida diffusa,1,,17.3,2922,,,,,,Unfenced,THF,
14/04/2025,A,5,Z4,5,Setaria incressata,1,,16.5,2810,,,,,,Unfenced,THF,
14/04/2025,A,5,Z2,2,Aristida adscensionis,1,,22.7,3278,N,N,4,N,1.2,Unfenced,THF,
14/04/2025,A,5,Z2,2,Urochloa mosambicensis,2,,17.4,2936,,,,,,Unfenced,THF,
14/04/2025,A,5,Z2,2,Bothriochloa insculpta,5,,18.4,3076,,,,,,Unfenced,THF,
14/04/2025,A,5,Z2,2,Heteropogon contortus,2,,20.6,3384,,,,,,Unfenced,THF,
14/04/2025,A,5,Z2,1,Hyperrhenia filipendula,3,,19.6,3244,N,N,6,N,2,Unfenced,THF,
14/04/2025,A,5,Z2,1,Panicum maximum,1,,37.9,5806,,,,,,Unfenced,THF,
14/04/2025,A,5,Z2,1,Urochloa mosambicensis,5,,36.2,5568,,,,,,Unfenced,THF,
14/04/2025,A,5,Z2,1,Heteropogon contortus,1,,33.7,5218,,,,,,Unfenced,THF,
14/04/2025,A,5,Z2,4,Cymbopogon excavatus,2,,32.9,5106,N,N,7,N,0.35,Unfenced,THF,
14/04/2025,A,5,Z2,4,Aristida adscensionis,2,,18.7,3118,,,,,,Unfenced,THF,
14/04/2025,A,5,Z2,4,Urochloa mosambicensis,2,,18.4,3076,,,,,,Unfenced,THF,
14/04/2025,A,5,Z2,4,Hyperrhenia filipendula,2,,17.7,2978,,,,,,Unfenced,THF,
14/04/2025,A,5,Z2,3,Panicum maximum,2,,23.9,3846,N,Y,3,N,1,Unfenced,THF,
14/04/2025,A,5,Z2,3,Urochloa mosambicensis,3,,12.9,2306,,,,,,Unfenced,THF,
14/04/2025,A,5,Z2,3,,,,16.8,2852,,,,,,Unfenced,THF,
14/04/2025,A,5,Z2,3,,,,14.9,2586,,,,,,Unfenced,THF,
14/04/2025,A,5,Z2,5,Cymbopogon excavatus,1,,27.1,4294,N,N,5.5,N,1.2,Unfenced,THF,
14/04/2025,A,5,Z2,5,Miscanthus junceus,1,,23.6,3804,,,,,,Unfenced,THF,
14/04/2025,A,5,Z2,5,Urochloa mosambicensis,4,,24.1,3874,,,,,,Unfenced,THF,
14/04/2025,A,5,Z2,5,,,,21.8,3552,,,,,,Unfenced,THF,
14/04/2025,A,2,Z1,2,Cymbopogon excavatus,2,,23.4,3776,N,N,4.5,N,1,Fenced,F,
14/04/2025,A,2,Z1,2,Bothriochloa insculpta,10,,20.2,3328,,,,,,Fenced,F,
14/04/2025,A,2,Z1,2,Aristida adscensionis,1,,13.6,3104,,,,,,Fenced,F,
14/04/2025,A,2,Z1,2,Eragrostis gummiflua,2,,17.2,2908,,,,,,Fenced,F,
14/04/2025,A,2,Z1,2,Eragrostis superba,1,,,,,,,,,Fenced,F,
14/04/2025,A,2,Z1,1,Andropogon eucomas,1,,29.8,4672,N,N,7.5,N,1,Fenced,F,
14/04/2025,A,2,Z1,1,Bothriochloa insculpta,8,,22.7,3676,,,,,,Fenced,F,
14/04/2025,A,2,Z1,1,Heteropogon contortus,1,,19.6,3244,,,,,,Fenced,F,
14/04/2025,A,2,Z1,1,Eragrostis gummiflua,1,,19.5,3230,,,,,,Fenced,F,
14/04/2025,A,2,Z1,4,Andropogon eucomas,2,,15.1,2614,,,,,,Fenced,F,
14/04/2025,A,2,Z1,4,Bothriochloa insculpta,11,,14.2,2502,N,N,3,N,1.1,Fenced,F,
14/04/2025,A,2,Z1,4,,,,13.8,2432,,,,,,Fenced,F,
14/04/2025,A,2,Z1,4,,,,13.8,2432,,,,,,Fenced,F,
14/04/2025,A,2,Z1,5,Digitaria erianthra,3,,19.1,3174,N,Y,5,N,0.75,Fenced,F,
14/04/2025,A,2,Z1,5,Brachiaria serrata,1,,16.6,2824,,,,,,Fenced,F,
14/04/2025,A,2,Z1,5,Bothriochloa insculpta,9,,18.1,3034,,,,,,Fenced,F,
14/04/2025,A,2,Z1,5,Andropogon eucomas,2,,6.1,2754,,,,,,Fenced,F,
14/04/2025,A,2,Z1,5,Setaria incressata,7,,,,,,,,,Fenced,F,
14/04/2025,A,2,Z1,3,Urochloa mosambicensis,4,,29.6,4644,N,N,5,N,0.9,Fenced,F,
14/04/2025,A,2,Z1,3,Bothriochloa insculpta,2,,25.5,4070,,,,,,Fenced,F,
14/04/2025,A,2,Z1,3,,,,23.9,3846,,,,,,Fenced,F,
14/04/2025,A,2,Z1,3,,,,23,,,,,,,Fenced,F,
14/04/2025,A,2,Z2,2,Hyperthelia dissoluta,1,,17.1,2894,N,N,3,N,2,Fenced,F,
14/04/2025,A,2,Z2,2,Hyperrhenia filipendula,1,,48.1,7234,,,,,,Fenced,F,
14/04/2025,A,2,Z2,2,Andropogon eucomas,2,,43.6,6604,,,,,,Fenced,F,
14/04/2025,A,2,Z2,2,,,,40.2,6128,,,,,,Fenced,F,
14/04/2025,A,2,Z2,3,Urochloa mosambicensis,4,,21.1,3454,N,N,5,N,1.4,Fenced,F,
14/04/2025,A,2,Z2,3,Hyparrhenia hirta,4,,28.1,4434,,,,,,Fenced,F,
14/04/2025,A,2,Z2,3,Hyperthelia dissoluta,3,,26.6,4224,,,,,,Fenced,F,
14/04/2025,A,2,Z2,3,Heteropogon contortus,3,,11.6,2124,,,,,,Fenced,F,
14/04/2025,A,2,Z2,4,Hyparrhenia hirta,2,,23.3,3762,N,N,4,N,1.5,Fenced,F,
14/04/2025,A,2,Z2,4,Heteropogon contortus,1,,5.5,1270,,,,,,Fenced,F,
14/04/2025,A,2,Z2,4,Setaria incressata,6,,14.1,2474,,,,,,Fenced,F,
14/04/2025,A,2,Z2,4,Brachiaria serrata,3,,13.4,2376,,,,,,Fenced,F,
14/04/2025,A,2,Z2,5,Hyperthelia dissoluta,3,,66.7,9838,N,Y,6.5,N,2,Fenced,F,
14/04/2025,A,2,Z2,5,Hyparrhenia hirta,1,,29.4,4616,,,,,,Fenced,F,
14/04/2025,A,2,Z2,5,Urochloa mosambicensis,3,,20.7,3398,,,,,,Fenced,F,
14/04/2025,A,2,Z2,5,,,,21.9,3566,,,,,,Fenced,F,
14/04/2025,A,2,Z2,1,Andropogon eucomas,1,,25.3,4042,N,Y,4,N,0.5,Fenced,F,
14/04/2025,A,2,Z2,1,Bothriochloa insculpta,2,,18.8,3132,,,,,,Fenced,F,
14/04/2025,A,2,Z2,1,Miscanthus junceus,4,,18.5,3090,,,,,,Fenced,F,
14/04/2025,A,2,Z2,1,,,,16.5,2810,,,,,,Fenced,F,
14/04/2025,A,2,Z3,1,Hyperthelia dissoluta,2,,16.9,2866,N,N,5.5,N,1.9,Unfenced,F,
14/04/2025,A,2,Z3,1,Bothriochloa insculpta,5,,22.6,3664,,,,,,Unfenced,F,
14/04/2025,A,2,Z3,1,Eragrostis gummiflua,1,,20,3300,,,,,,Unfenced,F,
14/04/2025,A,2,Z3,1,,,,19.2,3188,,,,,,Unfenced,F,
14/04/2025,A,2,Z3,2,Heteropogon contortus,1,,15.8,2712,N,N,4,N,0.8,Unfenced,F,
14/04/2025,A,2,Z3,2,Eragrostis superba,1,,11.1,2054,,,,,,Unfenced,F,
14/04/2025,A,2,Z3,2,Aristida diffusa,3,,10.6,1984,,,,,,Unfenced,F,
14/04/2025,A,2,Z3,2,Bothriochloa insculpta,8,,13.3,2362,,,,,,Unfenced,F,
14/04/2025,A,2,Z3,3,Urochloa mosambicensis,2,,28.6,4504,N,N,8,N,1.1,Unfenced,F,
14/04/2025,A,2,Z3,3,Andropogon eucomas,1,,24,3860,,,,,,Unfenced,F,
14/04/2025,A,2,Z3,3,Bothriochloa insculpta,12,,20.4,3356,,,,,,Unfenced,F,
14/04/2025,A,2,Z3,3,,,,14.9,2586,,,,,,Unfenced,F,
14/04/2025,A,2,Z3,5,Cymbopogon excavatus,3,,18.4,3076,N,N,6.5,N,1.2,Unfenced,F,
14/04/2025,A,2,Z3,5,Eragrostis superba,2,,14.1,2474,,,,,,Unfenced,F,
14/04/2025,A,2,Z3,5,Bothriochloa insculpta,12,,16.9,2866,,,,,,Unfenced,F,
14/04/2025,A,2,Z3,5,,,,16.2,2768,,,,,,Unfenced,F,
14/04/2025,A,2,Z3,4,Urochloa mosambicensis,5,,30.1,4714,N,Y,6,N,1.5,Unfenced,F,
14/04/2025,A,2,Z3,4,Hyperrhenia filipendula,3,,23.6,3804,,,,,,Unfenced,F,
14/04/2025,A,2,Z3,4,Andropogon eucomas,1,,21.6,3524,,,,,,Unfenced,F,
14/04/2025,A,2,Z3,4,Bothriochloa insculpta,8,,17.6,2964,,,,,,Unfenced,F,
14/04/2025,A,2,Z4,2,Hyperthelia dissoluta,5,,17.5,2950,N,N,7.5,N,2,Unfenced,F,
14/04/2025,A,2,Z4,2,Urochloa mosambicensis,3,,34.7,5358,,,,,,Unfenced,F,
14/04/2025,A,2,Z4,2,,,,44.3,6702,,,,,,Unfenced,F,
14/04/2025,A,2,Z4,2,,,,40.8,6212,,,,,,Unfenced,F,
14/04/2025,A,2,Z4,1,Aristida adscensionis,3,,17.3,2922,N,N,6,N,1.7,Unfenced,F,
14/04/2025,A,2,Z4,1,Hyperthelia dissoluta,8,,17.5,2950,,,,,,Unfenced,F,
14/04/2025,A,2,Z4,1,Hyperrhenia filipendula,4,,25,4112,,,,,,Unfenced,F,
14/04/2025,A,2,Z4,1,,,,20.5,3370,,,,,,Unfenced,F,
14/04/2025,A,2,Z4,4,Urochloa mosambicensis,4,,65.6,9684,N,N,8,N,2,Unfenced,F,
14/04/2025,A,2,Z4,4,Hyperthelia dissoluta,3,,43.3,6422,,,,,,Unfenced,F,
14/04/2025,A,2,Z4,4,Hyperrhenia filipendula,4,,35.5,5470,,,,,,Unfenced,F,
14/04/2025,A,2,Z4,4,Andropogon eucomas,3,,28.8,4532,,,,,,Unfenced,F,
14/04/2025,A,2,Z4,5,Hyperthelia dissoluta,4,,47,7080,N,Y,8,N,2.2,Unfenced,F,
14/04/2025,A,2,Z4,5,Hyperrhenia filipendula,5,,45.1,6814,,,,,,Unfenced,F,
14/04/2025,A,2,Z4,5,Urochloa mosambicensis,2,,37.2,5708,,,,,,Unfenced,F,
14/04/2025,A,2,Z4,5,Heteropogon contortus,3,,44.5,6730,,,,,,Unfenced,F,
14/04/2025,A,2,Z4,3,Cymbopogon nardus,1,,53.7,8018,N,N,5,N,1.2,Unfenced,F,
14/04/2025,A,2,Z4,3,Andropogon eucomas,3,,39.4,6016,,,,,,Unfenced,F,
14/04/2025,A,2,Z4,3,Urochloa mosambicensis,1,,28.3,4462,,,,,,Unfenced,F,
14/04/2025,A,2,Z4,3,Heteropogon contortus,3,,30.7,4998,,,,,,Unfenced,F,
14/04/2025,A,2,Z4,3,Hyperthelia dissoluta,3,,,,,,,,,Unfenced,F,
14/04/2025,A,2,Z4,3,Setaria sphacelata,1,,,,,,,,,Unfenced,F,
14/04/2025,A,3,Z3,2,Setaria sphacelata,4,,26.6,4224,N,Y,8,N,1.5,Fenced,TFB,
14/04/2025,A,3,Z3,2,Digitaria erianthra,4,,17.5,2950,,,,,,Fenced,TFB,
14/04/2025,A,3,Z3,2,Urochloa mosambicensis,3,,19,3160,,,,,,Fenced,TFB,
14/04/2025,A,3,Z3,2,Cynodon dactylon,12,,18.7,3118,,,,,,Fenced,TFB,
14/04/2025,A,3,Z3,1,Heteropogon contortus,6,,27.5,4350,N,N,8,N,1,Fenced,TFB,
14/04/2025,A,3,Z3,1,Melinis repens,5,,24.8,3972,,,,,,Fenced,TFB,
14/04/2025,A,3,Z3,1,Aristida diffusa,6,,26.7,4238,,,,,,Fenced,TFB,
14/04/2025,A,3,Z3,1,Panicum maximum,2,,22.2,3608,,,,,,Fenced,TFB,
14/04/2025,A,3,Z3,5,Hyperthelia dissoluta,3,,19,3160,N,N,5,N,1.4,Fenced,TFB,
14/04/2025,A,3,Z3,5,Hyperrhenia filipendula,4,,24.7,3958,,,,,,Fenced,TFB,
14/04/2025,A,3,Z3,5,Heteropogon contortus,4,,21.9,3566,,,,,,Fenced,TFB,
14/04/2025,A,3,Z3,5,Urochloa mosambicensis,4,,24.9,3986,,,,,,Fenced,TFB,
14/04/2025,A,3,Z3,3,Heteropogon contortus,8,,24.9,3986,N,N,4,N,1,Fenced,TFB,
14/04/2025,A,3,Z3,3,Themeda triandra,2,,22.3,3622,,,,,,Fenced,TFB,
14/04/2025,A,3,Z3,3,Cymbopogon excavatus,1,,25.6,4084,,,,,,Fenced,TFB,
14/04/2025,A,3,Z3,3,Digitaria erianthra,4,,21.5,3510,,,,,,Fenced,TFB,
14/04/2025,A,3,Z3,3,Panicum maximum,2,,,,,,,,,Fenced,TFB,
14/04/2025,A,3,Z3,4,Hyperthelia dissoluta,3,,33.7,5218,N,N,6.5,N,2,Fenced,TFB,
14/04/2025,A,3,Z3,4,Aristida adscensionis,3,,26.8,4252,,,,,,Fenced,TFB,
14/04/2025,A,3,Z3,4,Hyperrhenia filipendula,1,,33.4,5176,,,,,,Fenced,TFB,
14/04/2025,A,3,Z3,4,Cymbopogon excavatus,1,,32,4980,,,,,,Fenced,TFB,
14/04/2025,A,3,Z1,2,Hyparrhenia hirta,1,,46.7,7024,N,Y,1.5,N,1.5,Fenced,TFB,
14/04/2025,A,3,Z1,2,,,,0,0,,,,,,Fenced,TFB,
14/04/2025,A,3,Z1,2,,,,0,0,,,,,,Fenced,TFB,
14/04/2025,A,3,Z1,2,,,,0,0,,,,,,Fenced,TFB,
14/04/2025,A,3,Z1,3,Bothriochloa insculpta,6,,20.6,3384,N,N,4,N,1,Fenced,TFB,
14/04/2025,A,3,Z1,3,Cymbopogon excavatus,1,,16.1,2754,,,,,,Fenced,TFB,
14/04/2025,A,3,Z1,3,,,,15.6,2684,,,,,,Fenced,TFB,
14/04/2025,A,3,Z1,3,,,,14.4,2516,,,,,,Fenced,TFB,
14/04/2025,A,3,Z1,4,Andropogon eucomas,3,,18.1,3034,N,N,5.5,N,1.2,Fenced,TFB,
14/04/2025,A,3,Z1,4,Bothriochloa insculpta,5,,14.3,2502,,,,,,Fenced,TFB,
14/04/2025,A,3,Z1,4,Urochloa mosambicensis,2,,12.7,2278,,,,,,Fenced,TFB,
14/04/2025,A,3,Z1,4,,,,12.4,2236,,,,,,Fenced,TFB,
14/04/2025,A,3,Z1,1,Urochloa mosambicensis,6,,20.9,3426,N,N,7.5,N,1.2,Fenced,TFB,
14/04/2025,A,3,Z1,1,Aristida congesta C,4,,25.5,4070,,,,,,Fenced,TFB,
14/04/2025,A,3,Z1,1,Themeda triandra,3,,28.6,4504,,,,,,Fenced,TFB,
14/04/2025,A,3,Z1,1,,,,1.3,688,,,,,,Fenced,TFB,
14/04/2025,A,3,Z1,5,Hyperthelia dissoluta,3,,56.5,8410,N,N,7,N,2.5,Fenced,TFB,
14/04/2025,A,3,Z1,5,Hyperrhenia filipendula,5,,11.2,2068,,,,,,Fenced,TFB,
14/04/2025,A,3,Z1,5,Heteropogon contortus,4,,61.9,9166,,,,,,Fenced,TFB,
14/04/2025,A,3,Z1,5,,,,9.7,1858,,,,,,Fenced,TFB,
14/04/2025,A,3,Z2,1,Cymbopogon excavatus,2,,32.7,5078,N,N,1.5,N,1.1,Unfenced,TFB,
14/04/2025,A,3,Z2,1,Urochloa mosambicensis,1,,3.8,1038,,,,,,Unfenced,TFB,
14/04/2025,A,3,Z2,1,,,,3.8,1038,,,,,,Unfenced,TFB,
14/04/2025,A,3,Z2,1,,,,8.1,1634,,,,,,Unfenced,TFB,
14/04/2025,A,3,Z2,5,Bothriochloa insculpta,8,,17.3,2922,Y,N,4.5,N,1,Unfenced,TFB,
14/04/2025,A,3,Z2,5,Miscanthus junceus,1,,11.5,2110,,,,,,Unfenced,TFB,
14/04/2025,A,3,Z2,5,Setaria incressata,3,,14.4,2516,,,,,,Unfenced,TFB,
14/04/2025,A,3,Z2,5,,,,14.2,2488,,,,,,Unfenced,TFB,
14/04/2025,A,3,Z2,4,Bothriochloa insculpta,3,,12.3,2222,N,N,4.5,N,1,Unfenced,TFB,
14/04/2025,A,3,Z2,4,Digitaria erianthra,16,,10.5,1970,,,,,,Unfenced,TFB,
14/04/2025,A,3,Z2,4,Eragrostis gummiflua,1,,14.3,2502,,,,,,Unfenced,TFB,
14/04/2025,A,3,Z2,4,,,,13.2,2348,,,,,,Unfenced,TFB,
14/04/2025,A,3,Z2,3,Hyparrhenia hirta,5,,26.2,4182,N,N,6,N,1.8,Unfenced,TFB,
14/04/2025,A,3,Z2,3,Miscanthus junceus,2,,6.4,1396,,,,,,Unfenced,TFB,
14/04/2025,A,3,Z2,3,,,,4.3,1102,,,,,,Unfenced,TFB,
14/04/2025,A,3,Z2,3,,,,18.6,3104,,,,,,Unfenced,TFB,
14/04/2025,A,3,Z2,2,Aristida congesta C,15,,15.2,2628,N,N,3,N,0.6,Unfenced,TFB,
14/04/2025,A,3,Z2,2,Bothriochloa insculpta,6,,14.4,2516,,,,,,Unfenced,TFB,
14/04/2025,A,3,Z2,2,,,,11.7,2138,,,,,,Unfenced,TFB,
14/04/2025,A,3,Z2,2,,,,12.7,2278,,,,,,Unfenced,TFB,
14/04/2025,A,3,Z4,4,Urochloa mosambicensis,3,,23,3720,N,Y,6,N,1.3,Unfenced,TFB,
14/04/2025,A,3,Z4,4,Cymbopogon excavatus,9,,25.7,1498,,,,,,Unfenced,TFB,
14/04/2025,A,3,Z4,4,Brachiaria serrata,2,,29.4,,,,,,,Unfenced,TFB,
14/04/2025,A,3,Z4,4,,,,5.4,1256,,,,,,Unfenced,TFB,
14/04/2025,A,3,Z4,1,Urochloa mosambicensis,3,,17.3,2922,N,Y,1.5,N,1,Unfenced,TFB,
14/04/2025,A,3,Z4,1,Aristida congesta C,1,,5.1,1214,,,,,,Unfenced,TFB,
14/04/2025,A,3,Z4,1,Hyperthelia dissoluta,1,,5.1,1214,,,,,,Unfenced,TFB,
14/04/2025,A,3,Z4,1,,,,0,0,,,,,,Unfenced,TFB,
14/04/2025,A,3,Z4,2,Setaria sphacelata,2,,12.9,,N,N,6,N,1,Unfenced,TFB,
14/04/2025,A,3,Z4,2,Heteropogon contortus,2,,10.3,1942,,,,,,Unfenced,TFB,
14/04/2025,A,3,Z4,2,Brachiaria serrata,5,,17.4,2936,,,,,,Unfenced,TFB,
14/04/2025,A,3,Z4,2,,,,11.4,2096,,,,,,Unfenced,TFB,
14/04/2025,A,3,Z4,3,Urochloa mosambicensis,3,,11.5,2110,Y,N,2,N,1,Unfenced,TFB,
14/04/2025,A,3,Z4,3,Heteropogon contortus,1,,19.3,3202,,,,,,Unfenced,TFB,
14/04/2025,A,3,Z4,3,,,,20.4,3356,,,,,,Unfenced,TFB,
14/04/2025,A,3,Z4,3,,,,49.9,7486,,,,,,Unfenced,TFB,
14/04/2025,A,3,Z4,5,Hyperthelia dissoluta,6,,50.3,7542,N,N,5,N,2.5,Unfenced,TFB,
14/04/2025,A,3,Z4,5,Aristida congesta C,1,,29.9,4406,,,,,,Unfenced,TFB,
14/04/2025,A,3,Z4,5,Urochloa mosambicensis,3,,24.7,3958,,,,,,Unfenced,TFB,
14/04/2025,A,3,Z4,5,,,,23.8,3822,,,,,,Unfenced,TFB,
14/04/2025,A,4,Z3,2,Hyperrhenia filipendula,3,,18,3020,N,N,7,N,1.2,Fenced,TF,
14/04/2025,A,4,Z3,2,Bothriochloa insculpta,8,,23.6,3804,,,,,,Fenced,TF,
14/04/2025,A,4,Z3,2,Setaria incressata,1,,20.9,3426,,,,,,Fenced,TF,
14/04/2025,A,4,Z3,2,,,,21.1,3455,,,,,,Fenced,TF,
14/04/2025,A,4,Z3,1,Hyperthelia dissoluta,1,,16,2740,N,N,6.5,N,1.1,Fenced,TF,
14/04/2025,A,4,Z3,1,Bothriochloa insculpta,12,,17.4,2936,,,,,,Fenced,TF,
14/04/2025,A,4,Z3,1,,,,19.1,3174,,,,,,Fenced,TF,
14/04/2025,A,4,Z3,1,,,,18.2,3048,,,,,,Fenced,TF,
14/04/2025,A,4,Z3,5,Bothriochloa insculpta,12,,12.1,,N,Y,7,N,0.8,Fenced,TF,
14/04/2025,A,4,Z3,5,Heteropogon contortus,1,,13.4,2376,,,,,,Fenced,TF,
14/04/2025,A,4,Z3,5,Andropogon eucomas,1,,13.9,2446,,,,,,Fenced,TF,
14/04/2025,A,4,Z3,5,,,,16.7,,,,,,,Fenced,TF,
14/04/2025,A,4,Z3,3,Cymbopogon excavatus,3,,26.4,4196,N,Y,6.5,N,0.5,Fenced,TF,
14/04/2025,A,4,Z3,3,Bothriochloa insculpta,5,,22.7,3678,,,,,,Fenced,TF,
14/04/2025,A,4,Z3,3,,,,23.9,3846,,,,,,Fenced,TF,
14/04/2025,A,4,Z3,3,,,,12.2,2228,,,,,,Fenced,TF,
14/04/2025,A,4,Z3,4,Digitaria erianthra,6,,14.3,2502,N,Y,7,N,0.9,Fenced,TF,
14/04/2025,A,4,Z3,4,Bothriochloa insculpta,3,,17.2,2908,,,,,,Fenced,TF,
14/04/2025,A,4,Z3,4,,,,15.8,2712,,,,,,Fenced,TF,
14/04/2025,A,4,Z3,4,,,,15.9,2726,,,,,,Fenced,TF,
14/04/2025,A,4,Z1,2,Urochloa mosambicensis,1,,13.3,2362,N,N,5,N,0.6,Fenced,TF,
14/04/2025,A,4,Z1,2,Diheteropogon anplactence,3,,12.8,2292,,,,,,Fenced,TF,
14/04/2025,A,4,Z1,2,Bothriochloa insculpta,13,,13.8,,,,,,,Fenced,TF,
14/04/2025,A,4,Z1,2,Heteropogon contortus,1,,12.2,2208,,,,,,Fenced,TF,
14/04/2025,A,4,Z1,2,Eragrostis gummiflua,3,,,,,,,,,Fenced,TF,
14/04/2025,A,4,Z1,5,Bothriochloa insculpta,14,,36,5540,N,N,8,N,1,Fenced,TF,
14/04/2025,A,4,Z1,5,,,,37.4,5736,,,,,,Fenced,TF,
14/04/2025,A,4,Z1,5,,,,37.2,5708,,,,,,Fenced,TF,
14/04/2025,A,4,Z1,5,,,,31.4,4896,,,,,,Fenced,TF,
14/04/2025,A,4,Z1,1,Heteropogon contortus,1,,28.7,4518,N,Y,6.5,N,1.5,Fenced,TF,
14/04/2025,A,4,Z1,1,Urochloa mosambicensis,1,,16.6,2824,,,,,,Fenced,TF,
14/04/2025,A,4,Z1,1,Bothriochloa insculpta,10,,24.4,3636,,,,,,Fenced,TF,
14/04/2025,A,4,Z1,1,,,,23.4,3776,,,,,,Fenced,TF,
14/04/2025,A,4,Z1,4,Urochloa mosambicensis,5,,18.1,3034,N,N,8,N,1,Fenced,TF,
14/04/2025,A,4,Z1,4,Andropogon eucomas,3,,21.1,3468,,,,,,Fenced,TF,
14/04/2025,A,4,Z1,4,Bothriochloa insculpta,9,,24.2,3888,,,,,,Fenced,TF,
14/04/2025,A,4,Z1,4,,,,18.2,3048,,,,,,Fenced,TF,
14/04/2025,A,4,Z2,1,Digitaria erianthra,4,,13.3,3062,N,N,5.5,N,1,Unfenced,TF,
14/04/2025,A,4,Z2,1,Aristida adscensionis,1,,18.5,3090,,,,,,Unfenced,TF,
14/04/2025,A,4,Z2,1,Bothriochloa insculpta,8,,15.1,2614,,,,,,Unfenced,TF,
14/04/2025,A,4,Z2,1,,,,15.2,2628,,,,,,Unfenced,TF,
14/04/2025,A,4,Z2,2,Hyperrhenia filipendula,3,,16.6,2824,N,Y,3,N,0.75,Unfenced,TF,
14/04/2025,A,4,Z2,2,Cymbopogon excavatus,1,,15.2,2628,,,,,,Unfenced,TF,
14/04/2025,A,4,Z2,2,Miscanthus junceus,3,,13.3,2362,,,,,,Unfenced,TF,
14/04/2025,A,4,Z2,2,Heteropogon contortus,3,,13.6,2404,,,,,,Unfenced,TF,
14/04/2025,A,4,Z2,2,Urochloa mosambicensis,1,,,,,,,,,Unfenced,TF,
14/04/2025,A,4,Z2,4,Setaria incressata,12,,13.4,2376,N,Y,6,N,1.3,Unfenced,TF,
14/04/2025,A,4,Z2,4,Cymbopogon excavatus,1,,14,2460,,,,,,Unfenced,TF,
14/04/2025,A,4,Z2,4,Hyparrhenia hirta,1,,15.1,2614,,,,,,Unfenced,TF,
14/04/2025,A,4,Z2,4,Heteropogon contortus,3,,15.9,2126,,,,,,Unfenced,TF,
14/04/2025,A,4,Z2,4,Diheteropogon anplactence,1,,,,,,,,,Unfenced,TF,
14/04/2025,A,4,Z2,5,Heteropogon contortus,2,,26.8,4252,N,Y,6.5,N,1,Unfenced,TF,
14/04/2025,A,4,Z2,5,Digitaria erianthra,5,,17.6,2964,,,,,,Unfenced,TF,
14/04/2025,A,4,Z2,5,,,,16.8,2852,,,,,,Unfenced,TF,
14/04/2025,A,4,Z2,5,,,,15.1,2614,,,,,,Unfenced,TF,
14/04/2025,A,4,Z2,3,Heteropogon contortus,4,,15.8,2712,N,Y,7,N,1.3,Unfenced,TF,
14/04/2025,A,4,Z2,3,Digitaria erianthra,3,,12.2,3048,,,,,,Unfenced,TF,
14/04/2025,A,4,Z2,3,Diheteropogon anplactence,2,,17.4,2936,,,,,,Unfenced,TF,
14/04/2025,A,4,Z2,3,Panicum maximum,7,,17.7,2978,,,,,,Unfenced,TF,
14/04/2025,A,4,Z4,1,Urochloa mosambicensis,1,,20.3,3342,N,Y,4,N,1,Unfenced,TF,
14/04/2025,A,4,Z4,1,Digitaria erianthra,6,,16.9,2866,,,,,,Unfenced,TF,
14/04/2025,A,4,Z4,1,Bothriochloa insculpta,9,,18.4,3066,,,,,,Unfenced,TF,
14/04/2025,A,4,Z4,1,Heteropogon contortus,3,,18,3040,,,,,,Unfenced,TF,
14/04/2025,A,4,Z4,1,Melinis repens,4,,,,,,,,,Unfenced,TF,
14/04/2025,A,4,Z4,4,Bothriochloa insculpta,9,,24.8,3972,N,N,6,N,1.2,Unfenced,TF,
14/04/2025,A,4,Z4,4,Heteropogon contortus,5,,23.7,3818,,,,,,Unfenced,TF,
14/04/2025,A,4,Z4,4,Digitaria erianthra,4,,21.8,3552,,,,,,Unfenced,TF,
14/04/2025,A,4,Z4,4,,,,20.4,3356,,,,,,Unfenced,TF,
14/04/2025,A,4,Z4,2,Heteropogon contortus,9,,11.6,2144,N,N,4,N,1,Unfenced,TF,
14/04/2025,A,4,Z4,2,Eragrostis superba,1,,15.9,2726,,,,,,Unfenced,TF,
14/04/2025,A,4,Z4,2,Aristida congesta C,5,,19.6,3244,,,,,,Unfenced,TF,
14/04/2025,A,4,Z4,2,,,,8.4,1676,,,,,,Unfenced,TF,
14/04/2025,A,4,Z4,5,Heteropogon contortus,4,,11.5,2110,N,Y,7,N,1.1,Unfenced,TF,
14/04/2025,A,4,Z4,5,Digitaria erianthra,20,,14.9,2586,,,,,,Unfenced,TF,
14/04/2025,A,4,Z4,5,Eragrostis superba,1,,15.4,2656,,,,,,Unfenced,TF,
14/04/2025,A,4,Z4,5,,,,16.3,2782,,,,,,Unfenced,TF,
14/04/2025,A,4,Z4,3,Urochloa mosambicensis,3,,22.1,3594,N,N,6,N,1.1,Unfenced,TF,
14/04/2025,A,4,Z4,3,Digitaria erianthra,13,,19.4,3216,,,,,,Unfenced,TF,
14/04/2025,A,4,Z4,3,Heteropogon contortus,4,,18.3,3062,,,,,,Unfenced,TF,
14/04/2025,A,4,Z4,3,,,,16.7,2838,,,,,,Unfenced,TF,
15/04/2025,E,4,Z3,1,Eragrostis curvula,2,,9.6,1844,N,Y,6.5,N,0.75,Fenced,TFB,
15/04/2025,E,4,Z3,1,Panicum maximum,4,,13.7,2418,,,,,,Fenced,TFB,
15/04/2025,E,4,Z3,1,Chloris virgata,3,,13.3,2362,,,,,,Fenced,TFB,
15/04/2025,E,4,Z3,1,Dactyloctenium giganteum,2,,13.4,2376,,,,,,Fenced,TFB,
15/04/2025,E,4,Z3,1,Setaria incressata,1,,,,,,,,,Fenced,TFB,
15/04/2025,E,4,Z3,2,Sporobolus africanus,1,,0,0,N,Y,0.5,N,0.25,Fenced,TFB,
15/04/2025,E,4,Z3,2,,,,0,0,,,,,,Fenced,TFB,
15/04/2025,E,4,Z3,2,,,,0,0,,,,,,Fenced,TFB,
15/04/2025,E,4,Z3,2,,,,1.6,,,,,,,Fenced,TFB,
15/04/2025,E,4,Z3,3,Heteropogon contortus,3,,11.4,2096,N,Y,1,N,1,Fenced,TFB,
15/04/2025,E,4,Z3,3,,,,8.8,1732,,,,,,Fenced,TFB,
15/04/2025,E,4,Z3,3,,,,0,0,,,,,,Fenced,TFB,
15/04/2025,E,4,Z3,3,,,,0,0,,,,,,Fenced,TFB,
15/04/2025,E,4,Z3,5,Heteropogon contortus,3,,8.4,1676,N,Y,2,N,1,Fenced,TFB,
15/04/2025,E,4,Z3,5,Enteropogon macrostachyus,2,,6.2,1648,,,,,,Fenced,TFB,
15/04/2025,E,4,Z3,5,Setaria incressata,1,,7.8,1592,,,,,,Fenced,TFB,
15/04/2025,E,4,Z3,5,Eragrostis viscosa,2,,0,0,,,,,,Fenced,TFB,
15/04/2025,E,4,Z3,5,Brachiaria brizantha,2,,,,,,,,,Fenced,TFB,
15/04/2025,E,4,Z3,4,Heteropogon contortus,2,,3.3,962,N,N,2.5,N,0.6,Fenced,TFB,
15/04/2025,E,4,Z3,4,Brachiaria brizantha,1,,4.1,1074,,,,,,Fenced,TFB,
15/04/2025,E,4,Z3,4,Eragrostis gummiflua,10,,3.4,976,,,,,,Fenced,TFB,
15/04/2025,E,4,Z3,4,Eragrostis viscosa,3,,3.2,948,,,,,,Fenced,TFB,
15/04/2025,E,4,Z1,3,Digitaria erianthra,2,,1.7,738,N,Y,2.5,N,0.8,Fenced,TFB,
15/04/2025,E,4,Z1,3,Panicum maximum,1,,1.7,738,,,,,,Fenced,TFB,
15/04/2025,E,4,Z1,3,Eragrostis viscosa,3,,3.7,10.8,,,,,,Fenced,TFB,
15/04/2025,E,4,Z1,3,Eragrostis gummiflua,20,,3.5,990,,,,,,Fenced,TFB,
15/04/2025,E,4,Z1,4,Aristida adscensionis,1,,2.5,850,N,Y,1.5,N,0.9,Fenced,TFB,
15/04/2025,E,4,Z1,4,Eragrostis cylindriflora,1,,0,0,,,,,,Fenced,TFB,
15/04/2025,E,4,Z1,4,Heteropogon contortus,4,,0,0,,,,,,Fenced,TFB,
15/04/2025,E,4,Z1,4,,,,2.3,822,,,,,,Fenced,TFB,
15/04/2025,E,4,Z1,1,Heteropogon contortus,5,,4.4,1116,N,Y,3,N,1.1,Fenced,TFB,
15/04/2025,E,4,Z1,1,Brachiaria nigropedata,2,,7.5,1550,,,,,,Fenced,TFB,
15/04/2025,E,4,Z1,1,Panicum maximum,2,,6.9,1466,,,,,,Fenced,TFB,
15/04/2025,E,4,Z1,1,Setaria incressata,2,,7.6,1564,,,,,,Fenced,TFB,
15/04/2025,E,4,Z1,2,Brachiaria nigropedata,3,,11.7,2138,N,N,8,N,0.8,Fenced,TFB,
15/04/2025,E,4,Z1,2,Eragrostis curvula,2,,8.2,1648,,,,,,Fenced,TFB,
15/04/2025,E,4,Z1,2,Panicum maximum,5,,13.1,2334,,,,,,Fenced,TFB,
15/04/2025,E,4,Z1,2,Setaria incressata,3,,37.2,5708,,,,,,Fenced,TFB,
15/04/2025,E,4,Z1,5,Cymbopogon excavatus,2,,15.5,2670,N,Y,1.5,N,0.75,Fenced,TFB,
15/04/2025,E,4,Z1,5,,,,0,0,,,,,,Fenced,TFB,
15/04/2025,E,4,Z1,5,,,,0,0,,,,,,Fenced,TFB,
15/04/2025,E,4,Z1,5,,,,0,0,,,,,,Fenced,TFB,
15/04/2025,E,4,Z2,2,Eragrostis viscosa,5,,0,0,N,Y,2,N,0.3,Unfenced,TFB,
15/04/2025,E,4,Z2,2,Panicum maximum,8,,2.1,794,,,,,,Unfenced,TFB,
15/04/2025,E,4,Z2,2,Eragrostis gummiflua,3,,6.8,1452,,,,,,Unfenced,TFB,
15/04/2025,E,4,Z2,2,,,,5.3,1242,,,,,,Unfenced,TFB,
15/04/2025,E,4,Z2,1,Heteropogon contortus,3,,2.9,906,N,Y,5.5,N,0.8,Unfenced,TFB,Too many forbs
15/04/2025,E,4,Z2,1,,,,2.9,906,,,,,,Unfenced,TFB,
15/04/2025,E,4,Z2,1,,,,0,0,,,,,,Unfenced,TFB,
15/04/2025,E,4,Z2,1,,,,0,0,,,,,,Unfenced,TFB,
15/04/2025,E,4,Z2,5,Heteropogon contortus,4,,2.5,850,N,Y,2.5,N,1,Unfenced,TFB,
15/04/2025,E,4,Z2,5,Eragrostis viscosa,4,,2.2,808,,,,,,Unfenced,TFB,
15/04/2025,E,4,Z2,5,Enteropogon macrostachyus,1,,0,0,,,,,,Unfenced,TFB,
15/04/2025,E,4,Z2,5,,,,4.5,1130,,,,,,Unfenced,TFB,
15/04/2025,E,4,Z2,4,Enteropogon macrostachyus,1,,4,1060,N,N,5,N,0.25,Unfenced,TFB,Too many forbs
15/04/2025,E,4,Z2,4,,,,4,1060,,,,,,Unfenced,TFB,
15/04/2025,E,4,Z2,4,,,,0,0,,,,,,Unfenced,TFB,
15/04/2025,E,4,Z2,4,,,,0,0,,,,,,Unfenced,TFB,
15/04/2025,E,4,Z2,3,Heteropogon contortus,1,,0,0,N,Y,0.5,N,0.1,Unfenced,TFB,
15/04/2025,E,4,Z2,3,Setaria incressata,1,,0,0,,,,,,Unfenced,TFB,
15/04/2025,E,4,Z2,3,Panicum maximum,1,,0,0,,,,,,Unfenced,TFB,
15/04/2025,E,4,Z2,3,,,,1.6,724,,,,,,Unfenced,TFB,
15/04/2025,E,4,Z4,4,Heteropogon contortus,8,,8.6,1704,N,Y,5.5,N,1.2,Unfenced,TFB,
15/04/2025,E,4,Z4,4,Cymbopogon excavatus,2,,8,1620,,,,,,Unfenced,TFB,
15/04/2025,E,4,Z4,4,,,,13.5,2390,,,,,,Unfenced,TFB,
15/04/2025,E,4,Z4,4,,,,15.9,2726,,,,,,Unfenced,TFB,
15/04/2025,E,4,Z4,3,Panicum maximum,1,,13.7,2418,N,Y,0.5,N,1.2,Unfenced,TFB,
15/04/2025,E,4,Z4,3,Heteropogon contortus,2,,3.3,962,,,,,,Unfenced,TFB,
15/04/2025,E,4,Z4,3,,,,3.2,948,,,,,,Unfenced,TFB,
15/04/2025,E,4,Z4,3,,,,3.7,1018,,,,,,Unfenced,TFB,
15/04/2025,E,4,Z4,2,Eragrostis curvula,8,,2.1,794,N,N,5,N,0.25,Unfenced,TFB,
15/04/2025,E,4,Z4,2,Panicum maximum,6,,2.2,808,,,,,,Unfenced,TFB,
15/04/2025,E,4,Z4,2,Brachiaria nigropedata,2,,2.7,878,,,,,,Unfenced,TFB,
15/04/2025,E,4,Z4,2,Chloris virgata,1,,2.1,794,,,,,,Unfenced,TFB,
15/04/2025,E,4,Z4,5,Brachiaria nigropedata,3,,5,1200,N,Y,4.5,N,1.1,Unfenced,TFB,
15/04/2025,E,4,Z4,5,Panicum maximum,1,,12.6,2264,,,,,,Unfenced,TFB,
15/04/2025,E,4,Z4,5,Eragrostis viscosa,5,,12.5,2250,,,,,,Unfenced,TFB,
15/04/2025,E,4,Z4,5,Enteropogon macrostachyus,1,,12.5,2250,,,,,,Unfenced,TFB,
15/04/2025,E,4,Z4,1,Heteropogon contortus,3,,5.1,1214,N,Y,3,N,0.9,Unfenced,TFB,
15/04/2025,E,4,Z4,1,,,,5.6,1284,,,,,,Unfenced,TFB,
15/04/2025,E,4,Z4,1,,,,4.3,1102,,,,,,Unfenced,TFB,
15/04/2025,E,4,Z4,1,,,,5,1340,,,,,,Unfenced,TFB,
15/04/2025,E,3,Z1,4,Eragrostis curvula,4,,2.1,794,N,Y,0.5,N,0.25,Fenced,TF,Too many forbs
15/04/2025,E,3,Z1,4,,,,0,0,,,,,,Fenced,TF,
15/04/2025,E,3,Z1,4,,,,0,0,,,,,,Fenced,TF,
15/04/2025,E,3,Z1,4,,,,0,0,,,,,,Fenced,TF,
15/04/2025,E,3,Z1,5,Heteropogon contortus,5,,2.3,822,N,Y,3,N,0.85,Fenced,TF,
15/04/2025,E,3,Z1,5,Eragrostis viscosa,12,,2.6,864,,,,,,Fenced,TF,
15/04/2025,E,3,Z1,5,Brachiaria nigropedata,2,,2.8,892,,,,,,Fenced,TF,
15/04/2025,E,3,Z1,5,Setaria incressata,2,,5.3,1242,,,,,,Fenced,TF,
15/04/2025,E,3,Z1,1,Heteropogon contortus,2,,14.8,2572,N,Y,6,N,1,Fenced,TF,
15/04/2025,E,3,Z1,1,Digitaria erianthra,26,,10.6,1984,,,,,,Fenced,TF,
15/04/2025,E,3,Z1,1,,,,9.8,1844,,,,,,Fenced,TF,
15/04/2025,E,3,Z1,1,,,,8.5,1704,,,,,,Fenced,TF,
15/04/2025,E,3,Z1,2,Heteropogon contortus,10,,2.7,878,N,Y,3,N,0.9,Fenced,TF,
15/04/2025,E,3,Z1,2,Panicum maximum,1,,3.4,976,,,,,,Fenced,TF,
15/04/2025,E,3,Z1,2,Eragrostis gummiflua,3,,2.9,906,,,,,,Fenced,TF,
15/04/2025,E,3,Z1,2,,,,4.1,1074,,,,,,Fenced,TF,
15/04/2025,E,3,Z1,3,Eragrostis cylindriflora,7,,2,780,N,Y,1,N,0.5,Fenced,TF,
15/04/2025,E,3,Z1,3,Heteropogon contortus,1,,2,780,,,,,,Fenced,TF,
15/04/2025,E,3,Z1,3,Chloris virgata,1,,0,0,,,,,,Fenced,TF,
15/04/2025,E,3,Z1,3,,,,0,0,,,,,,Fenced,TF,
15/04/2025,E,3,Z3,1,Heteropogon contortus,2,,2.9,2306,N,Y,1,N,0.9,Fenced,TF,
15/04/2025,E,3,Z3,1,Cymbopogon excavatus,1,,3.6,1004,,,,,,Fenced,TF,
15/04/2025,E,3,Z3,1,,,,0,0,,,,,,Fenced,TF,
15/04/2025,E,3,Z3,1,,,,4.2,1088,,,,,,Fenced,TF,
15/04/2025,E,3,Z3,4,Aristida congesta B,1,,10.1,1914,N,N,4,N,1,Fenced,TF,
15/04/2025,E,3,Z3,4,Heteropogon contortus,2,,6.3,1382,,,,,,Fenced,TF,
15/04/2025,E,3,Z3,4,Eragrostis rigidior,2,,4.5,1130,,,,,,Fenced,TF,
15/04/2025,E,3,Z3,4,Eragrostis viscosa,2,,5.6,1284,,,,,,Fenced,TF,
15/04/2025,E,3,Z3,4,Eragrostis cylindriflora,3,,,,,,,,,Fenced,TF,
15/04/2025,E,3,Z3,4,Eragrostis gummiflua,14,,,,,,,,,Fenced,TF,
15/04/2025,E,3,Z3,4,Enteropogon macrostachyus,1,,,,,,,,,Fenced,TF,
15/04/2025,E,3,Z3,5,Heteropogon contortus,3,,3.7,1018,N,Y,2,N,0.6,Fenced,TF,
15/04/2025,E,3,Z3,5,Eragrostis gummiflua,12,,9.1,1774,,,,,,Fenced,TF,
15/04/2025,E,3,Z3,5,,,,5.2,1228,,,,,,Fenced,TF,
15/04/2025,E,3,Z3,5,,,,0,0,,,,,,Fenced,TF,
15/04/2025,E,3,Z3,2,Brachiaria nigropedata,1,,13.5,3090,N,N,4,N,0.95,Fenced,TF,
15/04/2025,E,3,Z3,2,Heteropogon contortus,1,,10.5,1970,,,,,,Fenced,TF,
15/04/2025,E,3,Z3,2,,,,11,2040,,,,,,Fenced,TF,
15/04/2025,E,3,Z3,2,,,,0,0,,,,,,Fenced,TF,
15/04/2025,E,3,Z3,3,Eragrostis superba,1,,10.4,1956,N,N,1.5,N,1,Fenced,TF,
15/04/2025,E,3,Z3,3,Eragrostis viscosa,3,,6.1,1354,,,,,,Fenced,TF,
15/04/2025,E,3,Z3,3,Eragrostis curvula,2,,0,0,,,,,,Fenced,TF,
15/04/2025,E,3,Z3,3,Chloris virgata,1,,9.2,1788,,,,,,Fenced,TF,
15/04/2025,E,3,Z3,3,Eragrostis gummiflua,10,,,,,,,,,Fenced,TF,
15/04/2025,E,3,Z4,2,Brachiaria nigropedata,1,,9.2,1788,N,Y,1,N,1.1,Unfenced,TF,
15/04/2025,E,3,Z4,2,Eragrostis rigidior,1,,7.1,1494,,,,,,Unfenced,TF,
15/04/2025,E,3,Z4,2,,,,0,0,,,,,,Unfenced,TF,
15/04/2025,E,3,Z4,2,,,,0,0,,,,,,Unfenced,TF,
15/04/2025,E,3,Z4,3,Enteropogon macrostachyus,1,,1.7,738,N,Y,2.5,Y,1,Unfenced,TF,
15/04/2025,E,3,Z4,3,Heteropogon contortus,3,,2.7,878,,,,,,Unfenced,TF,
15/04/2025,E,3,Z4,3,Eragrostis rigidior,1,,10.2,1928,,,,,,Unfenced,TF,
15/04/2025,E,3,Z4,3,,,,1.9,766,,,,,,Unfenced,TF,
15/04/2025,E,3,Z4,4,Heteropogon contortus,3,,2.5,850,N,Y,1.5,N,0.2,Unfenced,TF,
15/04/2025,E,3,Z4,4,Aristida adscensionis,3,,0,0,,,,,,Unfenced,TF,
15/04/2025,E,3,Z4,4,,,,0,0,,,,,,Unfenced,TF,
15/04/2025,E,3,Z4,4,,,,0,0,,,,,,Unfenced,TF,
15/04/2025,E,3,Z4,5,Heteropogon contortus,3,,2.2,808,N,Y,2.5,N,0.3,Unfenced,TF,
15/04/2025,E,3,Z4,5,Eragrostis viscosa,4,,2.4,836,,,,,,Unfenced,TF,
15/04/2025,E,3,Z4,5,Eragrostis gummiflua,11,,2.1,794,,,,,,Unfenced,TF,
15/04/2025,E,3,Z4,5,,,,2.8,892,,,,,,Unfenced,TF,
15/04/2025,E,3,Z4,1,Panicum maximum,3,,3.1,934,N,Y,3,N,1.3,Unfenced,TF,
15/04/2025,E,3,Z4,1,Cymbopogon nardus,3,,3,920,,,,,,Unfenced,TF,
15/04/2025,E,3,Z4,1,Brachiaria nigropedata,4,,4.4,1116,,,,,,Unfenced,TF,
15/04/2025,E,3,Z4,1,,,,4.5,1130,,,,,,Unfenced,TF,
15/04/2025,E,3,Z2,3,,0,,0,0,N,Y,0,N,0,Unfenced,TF,
15/04/2025,E,3,Z2,3,,0,,0,0,,,,,,Unfenced,TF,
15/04/2025,E,3,Z2,3,,0,,0,0,,,,,,Unfenced,TF,
15/04/2025,E,3,Z2,3,,0,,0,0,,,,,,Unfenced,TF,
15/04/2025,E,3,Z2,2,Diheteropogon anplactence,2,,3.1,934,N,Y,2.5,N,1,Unfenced,TF,
15/04/2025,E,3,Z2,2,Panicum maximum,3,,3.5,990,,,,,,Unfenced,TF,
15/04/2025,E,3,Z2,2,,,,4.8,1172,,,,,,Unfenced,TF,
15/04/2025,E,3,Z2,2,,,,3.1,934,,,,,,Unfenced,TF,
15/04/2025,E,3,Z2,5,Heteropogon contortus,3,,8.1,1634,N,Y,1.5,N,0.25,Unfenced,TF,
15/04/2025,E,3,Z2,5,Brachiaria nigropedata,2,,4.9,1186,,,,,,Unfenced,TF,
15/04/2025,E,3,Z2,5,Eragrostis gummiflua,2,,4.2,1088,,,,,,Unfenced,TF,
15/04/2025,E,3,Z2,5,Eragrostis viscosa,3,,0,0,,,,,,Unfenced,TF,
15/04/2025,E,3,Z2,4,Enteropogon macrostachyus,3,,23,3720,N,Y,2.5,N,0.9,Unfenced,TF,
15/04/2025,E,3,Z2,4,Digitaria erianthra,1,,13.5,2390,,,,,,Unfenced,TF,
15/04/2025,E,3,Z2,4,Heteropogon contortus,1,,10.2,1928,,,,,,Unfenced,TF,
15/04/2025,E,3,Z2,4,,,,0,0,,,,,,Unfenced,TF,
15/04/2025,E,3,Z2,1,Eragrostis curvula,5,,2.6,864,N,N,1,N,0.45,Unfenced,TF,
15/04/2025,E,3,Z2,1,Brachiaria nigropedata,2,,2.1,794,,,,,,Unfenced,TF,
15/04/2025,E,3,Z2,1,,,,2.1,794,,,,,,Unfenced,TF,
15/04/2025,E,3,Z2,1,,,,2.1,794,,,,,,Unfenced,TF,
15/04/2025,E,2,Z3,2,Aristida diffusa,1,,7,1480,N,N,2.5,N,0.45,Fenced,TF,
15/04/2025,E,2,Z3,2,Eragrostis rigidior,3,,1.4,696,,,,,,Fenced,TF,
15/04/2025,E,2,Z3,2,Panicum maximum,4,,1.5,710,,,,,,Fenced,TF,
15/04/2025,E,2,Z3,2,,,,1.8,752,,,,,,Fenced,TF,
15/04/2025,E,2,Z3,1,Heteropogon contortus,1,,2.7,878,N,Y,0.5,N,0.8,Fenced,TF,
15/04/2025,E,2,Z3,1,Panicum maximum,4,,3.4,976,,,,,,Fenced,TF,
15/04/2025,E,2,Z3,1,,,,0,0,,,,,,Fenced,TF,
15/04/2025,E,2,Z3,1,,,,0,0,,,,,,Fenced,TF,
15/04/2025,E,2,Z3,4,Eragrostis viscosa,4,,5.3,1242,N,N,3,N,0.45,Fenced,TF,
15/04/2025,E,2,Z3,4,Aristida adscensionis,1,,8.3,1662,,,,,,Fenced,TF,
15/04/2025,E,2,Z3,4,Panicum maximum,1,,10,1900,,,,,,Fenced,TF,
15/04/2025,E,2,Z3,4,,,,9.4,1816,,,,,,Fenced,TF,
15/04/2025,E,2,Z3,3,Panicum maximum,5,,6.9,1456,N,Y,3,N,1.1,Fenced,TF,
15/04/2025,E,2,Z3,3,,,,2.5,850,,,,,,Fenced,TF,
15/04/2025,E,2,Z3,3,,,,6.2,1386,,,,,,Fenced,TF,
15/04/2025,E,2,Z3,3,,,,2.5,850,,,,,,Fenced,TF,
15/04/2025,E,2,Z3,5,Enteropogon macrostachyus,5,,14.1,2474,N,Y,3,N,1.4,Fenced,TF,
15/04/2025,E,2,Z3,5,Panicum maximum,3,,14.4,2516,,,,,,Fenced,TF,
15/04/2025,E,2,Z3,5,,,,18.1,3034,,,,,,Fenced,TF,
15/04/2025,E,2,Z3,5,,,,19.8,3272,,,,,,Fenced,TF,
15/04/2025,E,2,Z1,2,Panicum maximum,1,,4.9,1186,N,Y,4,N,1.2,Fenced,TF,
15/04/2025,E,2,Z1,2,Enteropogon macrostachyus,3,,3.5,990,,,,,,Fenced,TF,
15/04/2025,E,2,Z1,2,Heteropogon contortus,2,,7.1,1494,,,,,,Fenced,TF,
15/04/2025,E,2,Z1,2,Eragrostis viscosa,2,,5.4,1256,,,,,,Fenced,TF,
15/04/2025,E,2,Z1,1,Panicum maximum,3,,4.6,1144,N,N,5,N,1.8,Fenced,TF,
15/04/2025,E,2,Z1,1,,,,16.8,2852,,,,,,Fenced,TF,
15/04/2025,E,2,Z1,1,,,,12.4,2236,,,,,,Fenced,TF,
15/04/2025,E,2,Z1,1,,,,9.7,1858,,,,,,Fenced,TF,
15/04/2025,E,2,Z1,5,Panicum maximum,2,,19.1,3174,N,Y,4,N,1.6,Fenced,TF,
15/04/2025,E,2,Z1,5,Enteropogon macrostachyus,3,,14.7,2558,,,,,,Fenced,TF,
15/04/2025,E,2,Z1,5,Eragrostis viscosa,4,,11.6,2124,,,,,,Fenced,TF,
15/04/2025,E,2,Z1,5,,,,11.6,2124,,,,,,Fenced,TF,
15/04/2025,E,2,Z1,4,Panicum maximum,13,,7.3,1522,N,N,4.5,N,0.7,Fenced,TF,
15/04/2025,E,2,Z1,4,Eragrostis curvula,5,,5.6,1284,,,,,,Fenced,TF,
15/04/2025,E,2,Z1,4,,,,5.3,1242,,,,,,Fenced,TF,
15/04/2025,E,2,Z1,4,,,,6.1,1354,,,,,,Fenced,TF,
15/04/2025,E,2,Z1,3,Panicum maximum,3,,5.4,1256,N,N,4,N,1,Fenced,TF,
15/04/2025,E,2,Z1,3,Eragrostis curvula,4,,5.3,1242,,,,,,Fenced,TF,
15/04/2025,E,2,Z1,3,Chloris virgata,3,,23.7,3818,,,,,,Fenced,TF,
15/04/2025,E,2,Z1,3,,,,18.9,3146,,,,,,Fenced,TF,
15/04/2025,E,2,Z4,2,Enteropogon macrostachyus,3,,3.4,976,N,Y,3,N,0.45,Unfenced,TF,
15/04/2025,E,2,Z4,2,Eragrostis rigidior,4,,2.6,864,,,,,,Unfenced,TF,
15/04/2025,E,2,Z4,2,Brachiaria nigropedata,1,,5,1200,,,,,,Unfenced,TF,
15/04/2025,E,2,Z4,2,,,,4.5,1130,,,,,,Unfenced,TF,
15/04/2025,E,2,Z4,5,Heteropogon contortus,4,,2.3,822,N,N,4,N,1,Unfenced,TF,
15/04/2025,E,2,Z4,5,Cymbopogon excavatus,1,,5.2,1228,,,,,,Unfenced,TF,
15/04/2025,E,2,Z4,5,Eragrostis gummiflua,4,,4.2,1058,,,,,,Unfenced,TF,
15/04/2025,E,2,Z4,5,,,,4.4,1116,,,,,,Unfenced,TF,
15/04/2025,E,2,Z4,3,Panicum maximum,3,,6,1340,N,N,4.5,N,1,Unfenced,TF,
15/04/2025,E,2,Z4,3,Heteropogon contortus,5,,11.9,2166,,,,,,Unfenced,TF,
15/04/2025,E,2,Z4,3,Enteropogon macrostachyus,1,,10.3,1942,,,,,,Unfenced,TF,
15/04/2025,E,2,Z4,3,Setaria incressata,2,,11.9,2166,,,,,,Unfenced,TF,
15/04/2025,E,2,Z4,4,Eragrostis rigidior,1,,4,1060,N,N,3,N,1,Unfenced,TF,
15/04/2025,E,2,Z4,4,Heteropogon contortus,2,,3.5,990,,,,,,Unfenced,TF,
15/04/2025,E,2,Z4,4,Panicum maximum,3,,3.4,976,,,,,,Unfenced,TF,
15/04/2025,E,2,Z4,4,,,,3.8,1032,,,,,,Unfenced,TF,
15/04/2025,E,2,Z4,1,Enteropogon macrostachyus,6,,13.3,2362,N,Y,5,N,1.1,Unfenced,TF,
15/04/2025,E,2,Z4,1,Heteropogon contortus,3,,10.7,1998,,,,,,Unfenced,TF,
15/04/2025,E,2,Z4,1,Panicum maximum,3,,10,1900,,,,,,Unfenced,TF,
15/04/2025,E,2,Z4,1,,,,12.4,2236,,,,,,Unfenced,TF,
15/04/2025,E,2,Z2,3,Heteropogon contortus,2,,11.9,2166,N,Y,4.5,Y,1.1,Unfenced,TF,
15/04/2025,E,2,Z2,3,Diheteropogon anplactence,2,,11.5,2110,,,,,,Unfenced,TF,
15/04/2025,E,2,Z2,3,,,,8.5,1690,,,,,,Unfenced,TF,
15/04/2025,E,2,Z2,3,,,,9.4,1816,,,,,,Unfenced,TF,
15/04/2025,E,2,Z2,4,Enteropogon macrostachyus,6,,23.3,3762,N,Y,4,N,1.1,Unfenced,TF,
15/04/2025,E,2,Z2,4,Heteropogon contortus,1,,17.2,2908,,,,,,Unfenced,TF,
15/04/2025,E,2,Z2,4,,,,14.7,2558,,,,,,Unfenced,TF,
15/04/2025,E,2,Z2,4,,,,13.7,2418,,,,,,Unfenced,TF,
15/04/2025,E,2,Z2,5,Heteropogon contortus,5,,3.3,962,N,Y,2,N,1,Unfenced,TF,
15/04/2025,E,2,Z2,5,Eragrostis curvula,2,,2.9,906,,,,,,Unfenced,TF,
15/04/2025,E,2,Z2,5,,,,2.4,836,,,,,,Unfenced,TF,
15/04/2025,E,2,Z2,5,,,,3.8,1032,,,,,,Unfenced,TF,
15/04/2025,E,2,Z2,1,Panicum maximum,5,,2,780,N,N,3.5,Y,0.65,Unfenced,TF,
15/04/2025,E,2,Z2,1,Enteropogon macrostachyus,2,,2.8,892,,,,,,Unfenced,TF,
15/04/2025,E,2,Z2,1,Brachiaria brizantha,1,,6.3,1382,,,,,,Unfenced,TF,
15/04/2025,E,2,Z2,1,,,,7,1480,,,,,,Unfenced,TF,
15/04/2025,E,2,Z2,2,Panicum maximum,1,,2.6,864,N,Y,2,N,1,Unfenced,TF,
15/04/2025,E,2,Z2,2,Aristida adscensionis,1,,5.6,1284,,,,,,Unfenced,TF,
15/04/2025,E,2,Z2,2,Enteropogon macrostachyus,1,,2.9,906,,,,,,Unfenced,TF,
15/04/2025,E,2,Z2,2,,,,4.6,1144,,,,,,Unfenced,TF,
24/04/2025,C,1,Z2,4,,,,4.5,1130,,,,,,Fenced,C,
24/04/2025,C,1,Z2,4,,,,3.6,1004,,,,,,Fenced,C,
24/04/2025,C,1,Z2,4,,,,3.6,1004,,,,,,Fenced,C,
24/04/2025,C,1,Z1,3,Brachiaria nigropedata,1,,5.2,1228,N,Y,1,N,1.3,Fenced,C,
24/04/2025,C,1,Z1,3,Panicum maximum,1,,5.2,1228,,,,,,Fenced,C,
24/04/2025,C,1,Z1,3,,,,4.8,1172,,,,,,Fenced,C,
24/04/2025,C,1,Z1,3,,,,5.2,1228,,,,,,Fenced,C,
24/04/2025,C,1,Z1,5,Pogonarthria squarrosa ,15,,1.7,738,N,Y,1,Y,0.15,Fenced,C,
24/04/2025,C,1,Z1,5,,,,1.7,738,,,,,,Fenced,C,
24/04/2025,C,1,Z1,5,,,,1.7,738,,,,,,Fenced,C,
24/04/2025,C,1,Z1,5,,,,1.7,738,,,,,,Fenced,C,
24/04/2025,C,1,Z1,2,Pogonarthria squarrosa ,4,,16.3,2782,N,Y,4,N,1,Fenced,C,
24/04/2025,C,1,Z1,2,Digitaria erianthra,6,,13.1,2334,,,,,,Fenced,C,
24/04/2025,C,1,Z1,2,,,,10.8,2012,,,,,,Fenced,C,
24/04/2025,C,1,Z1,2,,,,9.4,1330,,,,,,Fenced,C,
24/04/2025,C,1,Z1,1,Setaria incressata,1,,6.8,1352,N,Y,2,N,1,Fenced,C,
24/04/2025,C,1,Z1,1,Digitaria erianthra,1,,6,1340,,,,,,Fenced,C,
24/04/2025,C,1,Z1,1,Pogonarthria squarrosa ,5,,5,1200,,,,,,Fenced,C,
24/04/2025,C,1,Z1,1,Heteropogon contortus,2,,4.7,1158,,,,,,Fenced,C,
24/04/2025,C,1,Z1,4,Setaria incressata,6,,4,1186,N,Y,3,N,1,Fenced,C,
24/04/2025,C,1,Z1,4,Melinis repens,1,,5.3,1242,,,,,,Fenced,C,
24/04/2025,C,1,Z1,4,Heteropogon contortus,2,,4.5,1130,,,,,,Fenced,C,
24/04/2025,C,1,Z1,4,,,,5.2,1228,,,,,,Fenced,C,
24/04/2025,C,1,Z3,2,Aristida adscensionis,1,,4.3,1102,N,Y,2,N,1.2,Unfenced,C,
24/04/2025,C,1,Z3,2,Digitaria erianthra,1,,4.2,1088,,,,,,Unfenced,C,
24/04/2025,C,1,Z3,2,Pogonarthria squarrosa ,3,,4.2,1088,,,,,,Unfenced,C,
24/04/2025,C,1,Z3,2,Heteropogon contortus,2,,4.7,1158,,,,,,Unfenced,C,
24/04/2025,C,1,Z3,5,Setaria incressata,3,,2.2,808,N,Y,1,N,0.15,Unfenced,C,
24/04/2025,C,1,Z3,5,Eragrostis gummiflua,1,,2.2,808,,,,,,Unfenced,C,
24/04/2025,C,1,Z3,5,,,,2.2,808,,,,,,Unfenced,C,
24/04/2025,C,1,Z3,5,,,,0,0,,,,,,Unfenced,C,
24/04/2025,C,1,Z3,3,Heteropogon contortus,3,,5.2,1228,N,Y,4,N,1.5,Unfenced,C,
24/04/2025,C,1,Z3,3,Setaria incressata,4,,6.5,1410,,,,,,Unfenced,C,
24/04/2025,C,1,Z3,3,Digitaria velutina,4,,6.7,1438,,,,,,Unfenced,C,
24/04/2025,C,1,Z3,3,,,,6.7,1438,,,,,,Unfenced,C,
24/04/2025,C,1,Z3,4,Digitaria erianthra,5,,2.7,878,N,Y,3.5,N,1,Unfenced,C,
24/04/2025,C,1,Z3,4,Panicum maximum,1,,3.5,990,,,,,,Unfenced,C,
24/04/2025,C,1,Z3,4,Eragrostis gummiflua,2,,3.5,990,,,,,,Unfenced,C,
24/04/2025,C,1,Z3,4,Pogonarthria squarrosa ,2,,3.3,962,,,,,,Unfenced,C,
24/04/2025,C,1,Z3,4,Setaria incressata,2,,,,,,,,,Unfenced,C,
24/04/2025,C,1,Z1,1,Aristida adscensionis,3,,1.8,752,N,Y,1.5,N,0.6,Unfenced,C,
24/04/2025,C,1,Z1,1,Setaria incressata,2,,1.8,,,,,,,Unfenced,C,
24/04/2025,C,1,Z1,1,,,,1.8,,,,,,,Unfenced,C,
24/04/2025,C,1,Z1,1,,,,2.2,808,,,,,,Unfenced,C,
24/04/2025,C,1,Z4,2,Setaria incressata,4,,3.8,1032,N,Y,4,N,1.1,Unfenced,C,
24/04/2025,C,1,Z4,2,Digitaria erianthra,1,,3.7,1018,,,,,,Unfenced,C,
24/04/2025,C,1,Z4,2,,,,3.6,1004,,,,,,Unfenced,C,
24/04/2025,C,1,Z4,2,,,,5.4,1256,,,,,,Unfenced,C,
24/04/2025,C,1,Z4,5,Aristida adscensionis,6,,4.7,1158,N,Y,3.5,Y,1.2,Unfenced,C,
24/04/2025,C,1,Z4,5,Setaria incressata,2,,4.4,1116,,,,,,Unfenced,C,
24/04/2025,C,1,Z4,5,Eragrostis gummiflua,2,,4,1060,,,,,,Unfenced,C,
24/04/2025,C,1,Z4,5,Pogonarthria squarrosa ,8,,3.8,1032,,,,,,Unfenced,C,
24/04/2025,C,1,Z4,3,Heteropogon contortus,2,,5.8,,N,Y,2,Y,1.4,Unfenced,C,
24/04/2025,C,1,Z4,3,Digitaria erianthra,3,,2.7,,,,,,,Unfenced,C,
24/04/2025,C,1,Z4,3,,,,4.5,,,,,,,Unfenced,C,
24/04/2025,C,1,Z4,3,,,,4.5,,,,,,,Unfenced,C,
24/04/2025,C,1,Z4,4,Panicum maximum,3,,8.6,,N,Y,2.5,N,1.6,Unfenced,C,
24/04/2025,C,1,Z4,4,Heteropogon contortus,3,,7.8,,,,,,,Unfenced,C,
24/04/2025,C,1,Z4,4,,,,8,,,,,,,Unfenced,C,
24/04/2025,C,1,Z4,4,,,,9.8,,,,,,,Unfenced,C,
24/04/2025,C,1,Z4,1,Panicum maximum,1,,2.4,,N,Y,1.5,N,0.7,Unfenced,C,
24/04/2025,C,1,Z4,1,Aristida adscensionis,2,,2.5,,,,,,,Unfenced,C,
24/04/2025,C,1,Z4,1,Digitaria erianthra,1,,0,,,,,,,Unfenced,C,
24/04/2025,C,1,Z4,1,Setaria incressata,5,,2.5,,,,,,,Unfenced,C,
11/04/2025,D,1,Z2,1,Eragrostis viscosa,8,,3.1,934,N,N,7,N,0.5,Unfenced,C,
11/04/2025,D,1,Z2,1,Chloris virgata,7,,4.8,1172,,,,,,Unfenced,C,
11/04/2025,D,1,Z2,1,Eragrostis rigidior,6,,4.6,1144,,,,,,Unfenced,C,
11/04/2025,D,1,Z2,1,Digitaria erianthra,7,,4.8,1172,,,,,,Unfenced,C,
11/04/2025,D,1,Z2,2,Eragrostis superba,3,,9.7,1858,N,Y,6,N,1.1,Unfenced,C,
11/04/2025,D,1,Z2,2,Enteropogon macrostachyus,2,,18.6,3104,,,,,,Unfenced,C,
11/04/2025,D,1,Z2,2,Brachiaria brizantha,3,,16.6,2824,,,,,,Unfenced,C,
11/04/2025,D,1,Z2,2,Setaria incressata,6,,14.3,2502,,,,,,Unfenced,C,
11/04/2025,D,1,Z2,4,Enteropogon macrostachyus,10,,11.8,2152,N,Y,3,N,0.6,Unfenced,C,
11/04/2025,D,1,Z2,4,Brachiaria brizantha,2,,10.9,2026,,,,,,Unfenced,C,
11/04/2025,D,1,Z2,4,Chloris virgata,4,,10.6,1984,,,,,,Unfenced,C,
11/04/2025,D,1,Z2,4,,,,9.8,1872,,,,,,Unfenced,C,
11/04/2025,D,1,Z2,3,Brachiaria brizantha,10,,12.5,2250,N,N,8.5,N,1.1,Unfenced,C,
11/04/2025,D,1,Z2,3,Setaria incressata,5,,9.3,1802,,,,,,Unfenced,C,
11/04/2025,D,1,Z2,3,Panicum maximum,4,,7.2,1508,,,,,,Unfenced,C,
11/04/2025,D,1,Z2,3,Chloris virgata,1,,9.4,1816,,,,,,Unfenced,C,
11/04/2025,D,1,Z2,5,Themeda triandra,4,,9,1760,N,Y,8,N,1,Unfenced,C,
11/04/2025,D,1,Z2,5,Heteropogon contortus,2,,9.8,1872,,,,,,Unfenced,C,
16/04/2025,E,5,Z3,2,Eragrostis rigidior,1,,3.5,990,N,N,4.5,N,1.1,Fenced,THF,
16/04/2025,E,5,Z3,2,Digitaria erianthra,1,,4.2,1088,,,,,,Fenced,THF,
16/04/2025,E,5,Z3,2,Diheteropogon anplactence,3,,4.2,1088,,,,,,Fenced,THF,
16/04/2025,E,5,Z3,2,Eragrostis viscosa,1,,4.1,1074,,,,,,Fenced,THF,
16/04/2025,E,5,Z3,3,Heteropogon contortus,5,,6.8,1452,N,Y,3,N,1,Fenced,THF,
16/04/2025,E,5,Z3,3,Brachiaria brizantha,1,,4.7,1158,,,,,,Fenced,THF,
16/04/2025,E,5,Z3,3,,,,3.9,1046,,,,,,Fenced,THF,
16/04/2025,E,5,Z3,3,,,,3.5,990,,,,,,Fenced,THF,
16/04/2025,E,5,Z3,5,Eragrostis viscosa,3,,0,0,N,Y,1,N,0.15,Fenced,THF,
16/04/2025,E,5,Z3,5,,,,0,0,,,,,,Fenced,THF,
16/04/2025,E,5,Z3,5,,,,2.3,822,,,,,,Fenced,THF,
16/04/2025,E,5,Z3,5,,,,2.6,864,,,,,,Fenced,THF,
16/04/2025,E,5,Z3,1,Themeda triandra,1,,3.2,948,N,Y,6,N,1.3,Fenced,THF,
16/04/2025,E,5,Z3,1,Digitaria erianthra,6,,6.3,1382,,,,,,Fenced,THF,
16/04/2025,E,5,Z3,1,Brachiaria brizantha,2,,8.7,1718,,,,,,Fenced,THF,
16/04/2025,E,5,Z3,1,Eragrostis gummiflua,7,,9.6,1844,,,,,,Fenced,THF,
16/04/2025,E,5,Z3,4,Enteropogon macrostachyus,4,,4.6,1144,N,Y,2.5,N,0.6,Fenced,THF,
16/04/2025,E,5,Z3,4,Heteropogon contortus,4,,3.2,948,,,,,,Fenced,THF,
16/04/2025,E,5,Z3,4,Eragrostis viscosa,6,,6.6,1424,,,,,,Fenced,THF,
16/04/2025,E,5,Z3,4,Aristida adscensionis,2,,5.6,1284,,,,,,Fenced,THF,
16/04/2025,E,5,Z1,2,Digitaria erianthra,10,,6,1340,N,N,5.5,N,1,Fenced,THF,
16/04/2025,E,5,Z1,2,Pogonarthria squarrosa ,3,,7.1,1494,,,,,,Fenced,THF,
16/04/2025,E,5,Z1,2,Panicum maximum,3,,7.3,1522,,,,,,Fenced,THF,
16/04/2025,E,5,Z1,2,Heteropogon contortus,2,,10.1,1914,,,,,,Fenced,THF,
16/04/2025,E,5,Z1,2,Eragrostis gummiflua,5,,,,,,,,,Fenced,THF,
16/04/2025,E,5,Z1,1,Cymbopogon excavatus,2,,26.2,4168,N,N,6,N,1,Fenced,THF,
16/04/2025,E,5,Z1,1,Eragrostis rigidior,1,,23.9,3846,,,,,,Fenced,THF,
16/04/2025,E,5,Z1,1,Heteropogon contortus,4,,19.8,3272,,,,,,Fenced,THF,
16/04/2025,E,5,Z1,1,Panicum maximum,1,,17.3,2922,,,,,,Fenced,THF,
16/04/2025,E,5,Z1,1,Brachiaria brizantha,2,,,,,,,,,Fenced,THF,
16/04/2025,E,5,Z1,4,Heteropogon contortus,3,,4.4,1116,N,N,4.5,N,1.3,Fenced,THF,
16/04/2025,E,5,Z1,4,Digitaria erianthra,4,,6,1840,,,,,,Fenced,THF,
16/04/2025,E,5,Z1,4,Aristida adscensionis,4,,9.2,1788,,,,,,Fenced,THF,
16/04/2025,E,5,Z1,4,Eragrostis gummiflua,4,,8,1620,,,,,,Fenced,THF,
16/04/2025,E,5,Z1,5,Heteropogon contortus,5,,3.9,1046,N,Y,5,N,1.3,Fenced,THF,
16/04/2025,E,5,Z1,5,Eragrostis rigidior,1,,14.4,2516,,,,,,Fenced,THF,
16/04/2025,E,5,Z1,5,Digitaria erianthra,1,,6.3,1382,,,,,,Fenced,THF,
16/04/2025,E,5,Z1,5,,,,9.6,1844,,,,,,Fenced,THF,
16/04/2025,E,5,Z1,3,Enteropogon macrostachyus,5,,6.1,1354,N,Y,3.5,N,1,Fenced,THF,
16/04/2025,E,5,Z1,3,,,,6.7,1438,,,,,,Fenced,THF,
16/04/2025,E,5,Z1,3,,,,5.5,1270,,,,,,Fenced,THF,
16/04/2025,E,5,Z1,3,,,,5.3,1242,,,,,,Fenced,THF,
16/04/2025,E,5,Z4,1,Heteropogon contortus,2,,6.1,1354,N,N,2,Y,1.1,Unfenced,THF,
16/04/2025,E,5,Z4,1,Themeda triandra,1,,5.5,1270,,,,,,Unfenced,THF,
16/04/2025,E,5,Z4,1,Enteropogon macrostachyus,1,,0,0,,,,,,Unfenced,THF,
16/04/2025,E,5,Z4,1,,,,6.4,1396,,,,,,Unfenced,THF,
16/04/2025,E,5,Z4,2,Brachiaria nigropedata,1,,7.6,1564,N,N,2,N,1.1,Unfenced,THF,
16/04/2025,E,5,Z4,2,Eragrostis superba,1,,8.4,1676,,,,,,Unfenced,THF,
16/04/2025,E,5,Z4,2,Pogonarthria squarrosa ,1,,7.4,1536,,,,,,Unfenced,THF,
16/04/2025,E,5,Z4,2,,,,6.5,1410,,,,,,Unfenced,THF,
16/04/2025,E,5,Z4,3,Enteropogon macrostachyus,2,,6.4,1396,N,Y,1,Y,0.7,Unfenced,THF,
16/04/2025,E,5,Z4,3,Brachiaria nigropedata,1,,0,0,,,,,,Unfenced,THF,
16/04/2025,E,5,Z4,3,Heteropogon contortus,2,,0,0,,,,,,Unfenced,THF,
16/04/2025,E,5,Z4,3,,,,13.7,2418,,,,,,Unfenced,THF,
16/04/2025,E,5,Z4,5,Enteropogon macrostachyus,5,,19.8,3272,N,Y,2,N,1.1,Unfenced,THF,
16/04/2025,E,5,Z4,5,Aristida adscensionis,1,,13.9,2446,,,,,,Unfenced,THF,
16/04/2025,E,5,Z4,5,,,,0,0,,,,,,Unfenced,THF,
16/04/2025,E,5,Z4,5,,,,2.7,878,,,,,,Unfenced,THF,
16/04/2025,E,5,Z4,4,Cymbopogon excavatus,9,,2.7,850,N,Y,4.5,N,1.3,Unfenced,THF,
16/04/2025,E,5,Z4,4,Heteropogon contortus,3,,8.7,1718,,,,,,Unfenced,THF,
16/04/2025,E,5,Z4,4,Brachiaria nigropedata,2,,10.7,1998,,,,,,Unfenced,THF,
16/04/2025,E,5,Z4,4,Sporobolus africanus,1,,10.3,1942,,,,,,Unfenced,THF,
16/04/2025,E,5,Z4,4,Digitaria erianthra,1,,,,,,,,,Unfenced,THF,
16/04/2025,E,5,Z2,3,Heteropogon contortus,3,,16.1,2754,N,N,3.5,N,1,Unfenced,THF,
16/04/2025,E,5,Z2,3,Brachiaria brizantha,3,,10.4,1956,,,,,,Unfenced,THF,
16/04/2025,E,5,Z2,3,,,,8.6,1704,,,,,,Unfenced,THF,
16/04/2025,E,5,Z2,3,,,,10.1,1914,,,,,,Unfenced,THF,
16/04/2025,E,5,Z2,5,Themeda triandra,1,,12.3,2222,N,Y,3,N,1.1,Unfenced,THF,
16/04/2025,E,5,Z2,5,Heteropogon contortus,7,,26,4140,,,,,,Unfenced,THF,
16/04/2025,E,5,Z2,5,,,,23.7,3818,,,,,,Unfenced,THF,
16/04/2025,E,5,Z2,5,,,,21.9,3566,,,,,,Unfenced,THF,
16/04/2025,E,5,Z2,4,Aristida congesta C,4,,5,1200,N,N,3,N,0.55,Unfenced,THF,
16/04/2025,E,5,Z2,4,Heteropogon contortus,2,,6.7,1438,,,,,,Unfenced,THF,
16/04/2025,E,5,Z2,4,Eragrostis rigidior,3,,9.6,1844,,,,,,Unfenced,THF,
16/04/2025,E,5,Z2,4,Enteropogon macrostachyus,5,,8.8,1732,,,,,,Unfenced,THF,
16/04/2025,E,5,Z2,1,Brachiaria brizantha,6,,39.2,5988,N,N,8,N,1.5,Unfenced,THF,
16/04/2025,E,5,Z2,1,Cymbopogon excavatus,2,,35.1,5414,,,,,,Unfenced,THF,
16/04/2025,E,5,Z2,1,Eragrostis superba,1,,8,1620,,,,,,Unfenced,THF,
16/04/2025,E,5,Z2,1,,,,39,5960,,,,,,Unfenced,THF,
16/04/2025,E,5,Z2,2,Heteropogon contortus,4,,4.3,1102,N,Y,1.5,N,0.6,Unfenced,THF,
16/04/2025,E,5,Z2,2,Enteropogon macrostachyus,2,,3,920,,,,,,Unfenced,THF,
16/04/2025,E,5,Z2,2,Cymbopogon excavatus,1,,3,920,,,,,,Unfenced,THF,
16/04/2025,E,5,Z2,2,,,,3.4,976,,,,,,Unfenced,THF,
11/04/2025,D,1,Z2,5,Panicum maximum,5,,10.6,1984,,,,,,Unfenced,C,
11/04/2025,D,1,Z2,5,Aristida adscensionis,4,,11.3,2082,,,,,,Unfenced,C,
11/04/2025,D,1,Z2,5,Setaria incressata,5,,,,,,,,,Unfenced,C,
11/04/2025,D,1,Z2,5,Brachiaria brizantha,,,,,,,,,,Unfenced,C,
11/04/2025,D,1,Z4,4,Aristida adscensionis,4,,11.8,2068,N,N,3,N,1.1,Unfenced,C,
11/04/2025,D,1,Z4,4,Eragrostis rigidior,3,,8.8,1732,,,,,,Unfenced,C,
11/04/2025,D,1,Z4,4,Enteropogon macrostachyus,3,,7.6,1564,,,,,,Unfenced,C,
11/04/2025,D,1,Z4,4,Panicum maximum,3,,7.6,1564,,,,,,Unfenced,C,Too many forbs
11/04/2025,D,1,Z4,4,Eragrostis curvula,2,,,,,,,,,Unfenced,C,
11/04/2025,D,1,Z4,3,Heteropogon contortus,4,,5,1200,N,N,5,N,0.9,Unfenced,C,Moribund plenty one side of the quadrat
11/04/2025,D,1,Z4,3,Diheteropogon anplactence,3,,11.8,2152,,,,,,Unfenced,C,
11/04/2025,D,1,Z4,3,Eragrostis viscosa,4,,11.4,2096,,,,,,Unfenced,C,
11/04/2025,D,1,Z4,3,Pogonarthria squarrosa ,1,,11.2,2068,,,,,,Unfenced,C,
11/04/2025,D,1,Z4,3,Brachiaria brizantha,2,,,,,,,,,Unfenced,C,
11/04/2025,D,1,Z4,3,Digitaria erianthra,3,,,,,,,,,Unfenced,C,
11/04/2025,D,1,Z4,5,Chloris virgata,3,,3.7,1018,N,Y,4.5,N,0.85,Unfenced,C,
11/04/2025,D,1,Z4,5,Eragrostis viscosa,13,,4.9,1186,,,,,,Unfenced,C,
11/04/2025,D,1,Z4,5,Setaria incressata,12,,5.8,1312,,,,,,Unfenced,C,
11/04/2025,D,1,Z4,5,Eragrostis gummiflua,3,,5.7,1298,,,,,,Unfenced,C,
11/04/2025,D,1,Z4,5,Panicum maximum,2,,,,,,,,,Unfenced,C,
11/04/2025,D,1,Z4,1,Heteropogon contortus,7,,33.9,5246,N,Y,5,N,1,Unfenced,C,
11/04/2025,D,1,Z4,1,Setaria incressata,6,,25,4000,,,,,,Unfenced,C,
11/04/2025,D,1,Z4,1,Eragrostis viscosa,3,,19.9,3236,,,,,,Unfenced,C,
11/04/2025,D,1,Z4,1,Brachiaria brizantha,4,,16.3,2782,,,,,,Unfenced,C,
11/04/2025,D,1,Z4,2,Heteropogon contortus,3,,8.1,1634,N,Y,4,N,1,Unfenced,C,
11/04/2025,D,1,Z4,2,Eragrostis rigidior,2,,8.1,1634,,,,,,Unfenced,C,
11/04/2025,D,1,Z4,2,Setaria incressata,5,,7,1480,,,,,,Unfenced,C,
11/04/2025,D,1,Z4,2,Eragrostis viscosa,4,,7.7,1578,,,,,,Unfenced,C,
11/04/2025,D,1,Z4,2,Eragrostis curvula,1,,,,,,,,,Unfenced,C,
11/04/2025,D,1,Z4,2,Panicum maximum,3,,,,,,,,,Unfenced,C,
11/04/2025,D,1,Z4,2,Brachiaria brizantha,4,,,,,,,,,Unfenced,C,
11/04/2025,D,1,Z3,3,Enteropogon macrostachyus,4,,3,920,N,Y,5,N,0.6,Fenced,C,
11/04/2025,D,1,Z3,3,Eragrostis curvula,5,,3.3,963,,,,,,Fenced,C,
11/04/2025,D,1,Z3,3,Setaria incressata,7,,4.9,1186,,,,,,Fenced,C,
11/04/2025,D,1,Z3,3,Aristida adscensionis,2,,7.2,1508,,,,,,Fenced,C,
11/04/2025,D,1,Z3,4,Heteropogon contortus,3,,6.8,1452,N,Y,2,N,0.6,Fenced,C,
11/04/2025,D,1,Z3,4,Chloris virgata,3,,6.8,1452,,,,,,Fenced,C,
11/04/2025,D,1,Z3,4,Brachiaria serrata,3,,4.5,1130,,,,,,Fenced,C,
11/04/2025,D,1,Z3,4,,,,4.5,1130,,,,,,Fenced,C,
11/04/2025,D,1,Z3,1,Aristida adscensionis,4,,10.9,2026,N,N,7,N,0.9,Fenced,C,
11/04/2025,D,1,Z3,1,Aristida adscensionis,2,,8.5,1690,,,,,,Fenced,C,
11/04/2025,D,1,Z3,1,Setaria incressata,5,,9.2,1788,,,,,,Fenced,C,
11/04/2025,D,1,Z3,1,Brachiaria brizantha,7,,10.3,1942,,,,,,Fenced,C,
11/04/2025,D,1,Z3,1,Heteropogon contortus,1,,,,,,,,,Fenced,C,
11/04/2025,D,1,Z3,5,Aristida adscensionis,4,,6,1340,N,Y,3,N,0.65,Fenced,C,
11/04/2025,D,1,Z3,5,Chloris virgata,6,,5.1,1214,,,,,,Fenced,C,
11/04/2025,D,1,Z3,5,Aristida adscensionis,1,,0,0,,,,,,Fenced,C,
11/04/2025,D,1,Z3,5,Brachiaria brizantha,,,4.5,1130,,,,,,Fenced,C,
11/04/2025,D,1,Z3,2,Enteropogon macrostachyus,1,,4.4,1116,N,N,5,N,0.9,Fenced,C,Too many forbs
11/04/2025,D,1,Z3,2,Chloris virgata,2,,4.2,1088,,,,,,Fenced,C,
11/04/2025,D,1,Z3,2,Setaria incressata,4,,4.3,1102,,,,,,Fenced,C,
11/04/2025,D,1,Z3,2,Panicum maximum,4,,5.2,1228,,,,,,Fenced,C,
11/04/2025,D,1,Z3,2,Eragrostis curvula,3,,,,,,,,,Fenced,C,
11/04/2025,D,1,Z1,3,Setaria incressata,3,,8.7,1718,N,N,5,N,1,Fenced,C,
11/04/2025,D,1,Z1,3,Brachiaria brizantha,4,,8,1620,,,,,,Fenced,C,
11/04/2025,D,1,Z1,3,Eragrostis rigidior,5,,9.6,1844,,,,,,Fenced,C,
11/04/2025,D,1,Z1,3,Eragrostis viscosa,5,,9.4,1816,,,,,,Fenced,C,
11/04/2025,D,1,Z1,3,Eragrostis curvula,3,,,,,,,,,Fenced,C,
11/04/2025,D,1,Z1,3,Chloris virgata,6,,,,,,,,,Fenced,C,
11/04/2025,D,1,Z1,2,Eragrostis curvula,7,,6.6,1424,N,Y,6.5,N,0.7,Fenced,C,
11/04/2025,D,1,Z1,2,Eragrostis rigidior,8,,6.8,1452,,,,,,Fenced,C,
11/04/2025,D,1,Z1,2,Eragrostis viscosa,4,,6.2,1368,,,,,,Fenced,C,
11/04/2025,D,1,Z1,2,Chloris virgata,6,,7,1480,,,,,,Fenced,C,
11/04/2025,D,1,Z1,2,Perotis patens,2,,,,,,,,,Fenced,C,
11/04/2025,D,1,Z1,1,Eragrostis viscosa,4,,6.8,1452,N,Y,5,N,0.6,Fenced,C,
11/04/2025,D,1,Z1,1,Chloris virgata,3,,5.3,1242,,,,,,Fenced,C,
11/04/2025,D,1,Z1,1,Panicum maximum,5,,5.2,1228,,,,,,Fenced,C,
11/04/2025,D,1,Z1,1,Pogonarthria squarrosa ,6,,5.7,1298,,,,,,Fenced,C,
11/04/2025,D,1,Z1,1,Brachiaria brizantha,2,,,,,,,,,Fenced,C,
11/04/2025,D,1,Z1,1,Heteropogon contortus,1,,,,,,,,,Fenced,C,
11/04/2025,D,1,Z1,1,Aristida adscensionis,2,,,,,,,,,Fenced,C,
11/04/2025,D,1,Z1,4,Brachiaria brizantha,5,,4.1,1074,N,Y,5,N,1,Fenced,C,
11/04/2025,D,1,Z1,4,Panicum maximum,3,,4.1,1074,,,,,,Fenced,C,
11/04/2025,D,1,Z1,4,Dactyloctenium giganteum,2,,6.1,1354,,,,,,Fenced,C,
11/04/2025,D,1,Z1,4,Enteropogon macrostachyus,2,,6.2,1368,,,,,,Fenced,C,
11/04/2025,D,1,Z1,5,Enteropogon macrostachyus,2,,34.7,5358,N,Y,7,N,1.1,Fenced,C,
11/04/2025,D,1,Z1,5,Eragrostis rigidior,3,,25.4,4056,,,,,,Fenced,C,
11/04/2025,D,1,Z1,5,Setaria incressata,7,,20.3,3342,,,,,,Fenced,C,
11/04/2025,D,1,Z1,5,Diheteropogon anplactence,2,,15,2600,,,,,,Fenced,C,
11/04/2025,D,1,Z1,5,Aristida adscensionis,3,,15,2600,,,,,,Fenced,C,
11/04/2025,D,1,Z1,5,Chloris virgata,2,,,,,,,,,Fenced,C,
11/04/2025,D,1,Z3,5,Brachiaria brizantha,,,,,,,,,,Fenced,C,
16/04/2025,E,1,Z1,1,Panicum maximum,4,,6.4,1396,N,Y,4,N,1.1,Fenced,C,
16/04/2025,E,1,Z1,1,Heteropogon contortus,5,,4.8,1172,,,,,,Fenced,C,
16/04/2025,E,1,Z1,1,Brachiaria brizantha,2,,4.7,1158,,,,,,Fenced,C,
16/04/2025,E,1,Z1,1,Digitaria erianthra,1,,5.3,1242,,,,,,Fenced,C,
16/04/2025,E,1,Z1,1,Enteropogon macrostachyus,2,,,,,,,,,Fenced,C,
16/04/2025,E,1,Z1,4,Aristida adscensionis,2,,0,0,N,Y,1,N,0.8,Fenced,C,
16/04/2025,E,1,Z1,4,Eragrostis cylindriflora,1,,3.5,990,,,,,,Fenced,C,
16/04/2025,E,1,Z1,4,Heteropogon contortus,2,,0,0,,,,,,Fenced,C,
16/04/2025,E,1,Z1,4,,,,2.9,906,,,,,,Fenced,C,
16/04/2025,E,1,Z1,3,Heteropogon contortus,1,,1.6,724,N,Y,1,N,1.4,Fenced,C,
16/04/2025,E,1,Z1,3,Eragrostis rigidior,1,,4.1,1074,,,,,,Fenced,C,
16/04/2025,E,1,Z1,3,,,,4.7,1158,,,,,,Fenced,C,
16/04/2025,E,1,Z1,3,,,,5.4,1256,,,,,,Fenced,C,
16/04/2025,E,1,Z1,5,Eragrostis viscosa,1,,6,1340,N,Y,3,N,0.1,Fenced,C,
16/04/2025,E,1,Z1,5,Eragrostis gummiflua,13,,5.4,1256,,,,,,Fenced,C,
16/04/2025,E,1,Z1,5,Brachiaria serrata,1,,5,1200,,,,,,Fenced,C,
16/04/2025,E,1,Z1,5,,,,4.6,144,,,,,,Fenced,C,
16/04/2025,E,1,Z1,2,Heteropogon contortus,1,,4.3,1102,N,Y,2,N,1,Fenced,C,
16/04/2025,E,1,Z1,2,Enteropogon macrostachyus,1,,0,0,,,,,,Fenced,C,
16/04/2025,E,1,Z1,2,,,,4.6,1144,,,,,,Fenced,C,
16/04/2025,E,1,Z1,2,,,,4.9,1186,,,,,,Fenced,C,
16/04/2025,E,1,Z3,1,Panicum maximum,2,,0,0,N,Y,1.5,N,0.45,Fenced,C,
16/04/2025,E,1,Z3,1,,,,5.4,1256,,,,,,Fenced,C,
16/04/2025,E,1,Z3,1,,,,4.2,1086,,,,,,Fenced,C,
16/04/2025,E,1,Z3,1,,,,3.4,976,,,,,,Fenced,C,
16/04/2025,E,1,Z3,4,Heteropogon contortus,3,,10.1,,N,Y,3,N,0.3,Fenced,C,
16/04/2025,E,1,Z3,4,Digitaria erianthra,4,,8.9,1746,,,,,,Fenced,C,
16/04/2025,E,1,Z3,4,,,,8.1,1634,,,,,,Fenced,C,
16/04/2025,E,1,Z3,4,,,,7,1480,,,,,,Fenced,C,
16/04/2025,E,1,Z3,2,Heteropogon contortus,3,,6.3,1382,N,Y,4,N,1,Fenced,C,
16/04/2025,E,1,Z3,2,Eragrostis curvula,3,,4.9,1186,,,,,,Fenced,C,
16/04/2025,E,1,Z3,2,,,,0,0,,,,,,Fenced,C,
16/04/2025,E,1,Z3,2,,,,5.6,1284,,,,,,Fenced,C,
16/04/2025,E,1,Z3,5,Enteropogon macrostachyus,2,,9.2,1188,N,Y,3,N,1.5,Fenced,C,
16/04/2025,E,1,Z3,5,Eragrostis curvula,3,,5.4,1256,,,,,,Fenced,C,
16/04/2025,E,1,Z3,5,,,,11.8,2152,,,,,,Fenced,C,
16/04/2025,E,1,Z3,5,,,,9.8,1872,,,,,,Fenced,C,
16/04/2025,E,1,Z3,3,Heteropogon contortus,1,,3.5,990,N,Y,0.5,N,1,Fenced,C,
16/04/2025,E,1,Z3,3,,,,0,0,,,,,,Fenced,C,
16/04/2025,E,1,Z3,3,,,,0,0,,,,,,Fenced,C,
16/04/2025,E,1,Z3,3,,,,0,0,,,,,,Fenced,C,
16/04/2025,E,1,Z4,2,Aristida adscensionis,1,,3.1,934,N,Y,1,N,0.8,Unfenced,C,
16/04/2025,E,1,Z4,2,Heteropogon contortus,1,,0,0,,,,,,Unfenced,C,
16/04/2025,E,1,Z4,2,Setaria incressata,1,,2.7,878,,,,,,Unfenced,C,
16/04/2025,E,1,Z4,2,,,,2.7,878,,,,,,Unfenced,C,
16/04/2025,E,1,Z4,1,Digitaria erianthra,3,,3.6,1004,N,Y,0.5,N,1.2,Unfenced,C,
16/04/2025,E,1,Z4,1,,,,3.4,976,,,,,,Unfenced,C,
16/04/2025,E,1,Z4,1,,,,2.8,892,,,,,,Unfenced,C,
16/04/2025,E,1,Z4,1,,,,0,0,,,,,,Unfenced,C,
16/04/2025,E,1,Z4,5,Panicum maximum,4,,3.4,976,N,N,2.5,N,1.7,Unfenced,C,
16/04/2025,E,1,Z4,5,Setaria incressata,1,,2.7,878,,,,,,Unfenced,C,
16/04/2025,E,1,Z4,5,,,,2.8,892,,,,,,Unfenced,C,
16/04/2025,E,1,Z4,5,,,,0,0,,,,,,Unfenced,C,
16/04/2025,E,1,Z4,3,Digitaria erianthra,3,,2.5,850,N,N,3,N,0.35,Unfenced,C,
16/04/2025,E,1,Z4,3,Enteropogon macrostachyus,1,,4,1060,,,,,,Unfenced,C,
16/04/2025,E,1,Z4,3,Aristida congesta C,1,,4.2,1088,,,,,,Unfenced,C,
16/04/2025,E,1,Z4,3,Eragrostis gummiflua,7,,3.6,1004,,,,,,Unfenced,C,
16/04/2025,E,1,Z4,4,Digitaria erianthra,9,,8.2,1648,N,N,3,N,1,Unfenced,C,
16/04/2025,E,1,Z4,4,Eragrostis superba,1,,8.6,1704,,,,,,Unfenced,C,
16/04/2025,E,1,Z4,4,Eragrostis gummiflua,7,,9.2,1802,,,,,,Unfenced,C,
16/04/2025,E,1,Z4,4,,,,9.6,1844,,,,,,Unfenced,C,
16/04/2025,E,1,Z2,2,Eragrostis superba,1,,2.6,864,N,Y,1.5,N,0.65,Unfenced,C,
16/04/2025,E,1,Z2,2,Heteropogon contortus,1,,3.1,934,,,,,,Unfenced,C,
16/04/2025,E,1,Z2,2,,,,3.2,948,,,,,,Unfenced,C,
16/04/2025,E,1,Z2,2,,,,3.2,948,,,,,,Unfenced,C,
16/04/2025,E,1,Z2,3,Heteropogon contortus,2,,2.4,836,N,Y,2.5,N,0.5,Unfenced,C,
16/04/2025,E,1,Z2,3,Digitaria erianthra,1,,6.6,1424,,,,,,Unfenced,C,
16/04/2025,E,1,Z2,3,Setaria incressata,1,,0,0,,,,,,Unfenced,C,
16/04/2025,E,1,Z2,3,,,,2.4,836,,,,,,Unfenced,C,
16/04/2025,E,1,Z2,5,Digitaria erianthra,4,,4.1,1074,N,Y,3,N,0.45,Unfenced,C,
16/04/2025,E,1,Z2,5,Heteropogon contortus,2,,3.3,962,,,,,,Unfenced,C,
16/04/2025,E,1,Z2,5,,,,3.2,948,,,,,,Unfenced,C,
16/04/2025,E,1,Z2,5,,,,4.8,1172,,,,,,Unfenced,C,
16/04/2025,E,1,Z2,1,Brachiaria brizantha,1,,3.8,1032,N,Y,1.5,N,1,Unfenced,C,
16/04/2025,E,1,Z2,1,Heteropogon contortus,1,,4.8,1172,,,,,,Unfenced,C,
16/04/2025,E,1,Z2,1,Enteropogon macrostachyus,1,,4.4,1116,,,,,,Unfenced,C,
16/04/2025,E,1,Z2,1,Eragrostis gummiflua,2,,3.9,1046,,,,,,Unfenced,C,
16/04/2025,E,1,Z2,1,Eragrostis rigidior,1,,,,,,,,,Unfenced,C,
16/04/2025,E,1,Z2,4,Aristida adscensionis,1,,3.2,948,N,Y,2,N,0.55,Unfenced,C,
16/04/2025,E,1,Z2,4,Cymbopogon excavatus,2,,4.2,1088,,,,,,Unfenced,C,
16/04/2025,E,1,Z2,4,Heteropogon contortus,1,,4.3,1102,,,,,,Unfenced,C,
16/04/2025,E,1,Z2,4,Digitaria erianthra,3,,3.6,1004,,,,,,Unfenced,C,
09/04/2025,F,1,Z1,1,Digitaria erianthra,17,,4.9,1186,N,Y,"1,5",N,,Fenced,C,
09/04/2025,F,1,Z1,1,Aristida adscensionis,3,,4.5,1130,,,,,,Fenced,C,
09/04/2025,F,1,Z1,1,,,,5.4,1256,,,,,,Fenced,C,
09/04/2025,F,1,Z1,1,,,,4.7,1158,,,,,,Fenced,C,
09/04/2025,F,1,Z1,4,Heteropogon contortus,1,,6.9,1466,N,Y,6,N,,Fenced,C,
17/04/2025,B,2,Z1,1,Aristida congesta B,9,,7.4,1536,N,N,8,N,0.7,Fenced,F,
17/04/2025,B,2,Z1,1,Melinis repens,2,,8,1620,,,,,,Fenced,F,
17/04/2025,B,2,Z1,1,Brachiaria serrata,6,,9.3,1802,,,,,,Fenced,F,
17/04/2025,B,2,Z1,1,Cymbopogon plurinodis,2,,10.3,1942,,,,,,Fenced,F,
17/04/2025,B,2,Z1,1,Heteropogon contortus,2,,,,,,,,,Fenced,F,
17/04/2025,B,2,Z1,1,Bothriochloa insculpta,8,,,,,,,,,Fenced,F,
17/04/2025,B,2,Z1,2,Aristida congesta B,4,,19.7,3258,N,Y,7.5,N,1.2,Fenced,F,
17/04/2025,B,2,Z1,2,Cymbopogon excavatus,4,,20.2,3328,,,,,,Fenced,F,
17/04/2025,B,2,Z1,2,Heteropogon contortus,5,,20.8,3412,,,,,,Fenced,F,
17/04/2025,B,2,Z1,2,Sporobolus africanus,1,,22.5,3554,,,,,,Fenced,F,
17/04/2025,B,2,Z1,5,Aristida congesta B,3,,12.6,2264,N,N,6,N,0.7,Fenced,F,
17/04/2025,B,2,Z1,5,Cymbopogon excavatus,3,,22.1,3594,,,,,,Fenced,F,
17/04/2025,B,2,Z1,5,Cymbopogon plurinodis,2,,20.2,3328,,,,,,Fenced,F,
17/04/2025,B,2,Z1,5,Melinis repens,3,,20.8,3412,,,,,,Fenced,F,
17/04/2025,B,2,Z1,4,Aristida congesta B,1,,18.5,3090,N,N,9,N,1,Fenced,F,
17/04/2025,B,2,Z1,4,Heteropogon contortus,11,,21.7,3538,,,,,,Fenced,F,
17/04/2025,B,2,Z1,4,Cymbopogon plurinodis,1,,19.8,3272,,,,,,Fenced,F,
17/04/2025,B,2,Z1,4,Digitaria erianthra,4,,20.1,3314,,,,,,Fenced,F,
17/04/2025,B,2,Z1,3,Cymbopogon excavatus,5,,6,1340,N,Y,7.5,N,1,Fenced,F,
17/04/2025,B,2,Z1,3,Heteropogon contortus,6,,12,2180,,,,,,Fenced,F,
17/04/2025,B,2,Z1,3,Digitaria erianthra,4,,11.4,2096,,,,,,Fenced,F,
17/04/2025,B,2,Z1,3,Eragrostis gummiflua,1,,12.3,2222,,,,,,Fenced,F,
17/04/2025,B,2,Z3,1,Aristida congesta B,2,,21.3,3482,N,N,5,N,0.75,Fenced,F,
17/04/2025,B,2,Z1,1,Heteropogon contortus,7,,17.8,2992,,,,,,Fenced,F,
17/04/2025,B,2,Z1,1,Bothriochloa insculpta,1,,14,2460,,,,,,Fenced,F,
17/04/2025,B,2,Z1,1,Melinis repens,1,,11.2,2152,,,,,,Fenced,F,
17/04/2025,B,2,Z1,1,Eragrostis curvula,1,,,,,,,,,Fenced,F,
17/04/2025,B,2,Z1,4,Cymbopogon plurinodis,1,,8.2,1648,N,Y,6.5,N,1.1,Fenced,F,
17/04/2025,B,2,Z1,4,Cymbopogon excavatus,3,,12.8,2278,,,,,,Fenced,F,
17/04/2025,B,2,Z1,4,Setaria sphacelata,1,,14.5,2530,,,,,,Fenced,F,
17/04/2025,B,2,Z1,4,,,,18.4,3076,,,,,,Fenced,F,
17/04/2025,B,2,Z1,3,Cymbopogon excavatus,2,,28.4,4504,N,N,7.5,N,1.1,Fenced,F,
17/04/2025,B,2,Z1,3,Eragrostis superba,2,,28.2,4448,,,,,,Fenced,F,
17/04/2025,B,2,Z1,3,Heteropogon contortus,5,,30,4700,,,,,,Fenced,F,
17/04/2025,B,2,Z1,3,Eragrostis gummiflua,2,,27.6,4364,,,,,,Fenced,F,
17/04/2025,B,2,Z1,5,Cymbopogon excavatus,2,,,,,,,,,Fenced,F,
17/04/2025,B,2,Z1,5,Melinis repens,1,,26.5,4210,N,N,6.5,N,1,Fenced,F,
17/04/2025,B,2,Z1,5,Aristida congesta B,1,,21.8,3552,,,,,,Fenced,F,
17/04/2025,B,2,Z1,5,Heteropogon contortus,4,,22,3580,,,,,,Fenced,F,
17/04/2025,B,2,Z1,5,Digitaria erianthra,3,,22.7,3678,,,,,,Fenced,F,
17/04/2025,B,2,Z1,5,Bothriochloa insculpta,6,,,,,,,,,Fenced,F,
17/04/2025,B,2,Z1,2,Diheteropogon anplactence,1,,6.8,1452,N,N,4,N,0.7,Fenced,F,
17/04/2025,B,2,Z1,2,Heteropogon contortus,7,,11.6,2124,,,,,,Fenced,F,
17/04/2025,B,2,Z1,2,Cymbopogon excavatus,2,,12.5,2250,,,,,,Fenced,F,
17/04/2025,B,2,Z1,2,,,,0,0,,,,,,Fenced,F,
17/04/2025,B,2,Z4,2,Cymbopogon excavatus,4,,10.5,1970,N,Y,6,N,0.9,Unfenced,F,
17/04/2025,B,2,Z4,2,Heteropogon contortus,8,,15.6,2656,,,,,,Unfenced,F,
17/04/2025,B,2,Z4,2,,,,12.9,2306,,,,,,Unfenced,F,
17/04/2025,B,2,Z4,2,,,,13.7,2418,,,,,,Unfenced,F,
17/04/2025,B,2,Z4,5,Heteropogon contortus,2,,0,0,Y,N,4,N,0.15,Unfenced,F,Too many forbs
17/04/2025,B,2,Z4,5,,,,0,0,,,,,,Unfenced,F,
17/04/2025,B,2,Z4,5,,,,0,0,,,,,,Unfenced,F,
17/04/2025,B,2,Z4,5,,,,0,0,,,,,,Unfenced,F,
17/04/2025,B,2,Z4,3,Cymbopogon excavatus,1,,16.7,2838,Y,Y,5,N,1,Unfenced,F,
17/04/2025,B,2,Z4,3,Setaria pumila,1,,16.2,2768,,,,,,Unfenced,F,
17/04/2025,B,2,Z4,3,Aristida adscensionis,1,,13.6,2404,,,,,,Unfenced,F,
17/04/2025,B,2,Z4,3,Eragrostis superba,1,,11.6,2124,,,,,,Unfenced,F,
17/04/2025,B,2,Z4,3,Heteropogon contortus,3,,,,,,,,,Unfenced,F,
17/04/2025,B,2,Z4,3,Bothriochloa insculpta,1,,,,,,,,,Unfenced,F,
17/04/2025,B,2,Z4,3,Eragrostis gummiflua,4,,,,,,,,,Unfenced,F,
17/04/2025,B,2,Z4,4,Heteropogon contortus,4,,15.1,2614,Y,N,2,N,0.7,Unfenced,F,
17/04/2025,B,2,Z4,4,Aristida congesta B,1,,11.6,2124,,,,,,Unfenced,F,
17/04/2025,B,2,Z4,4,,,,12.1,2194,,,,,,Unfenced,F,
17/04/2025,B,2,Z4,4,,,,11.6,2124,,,,,,Unfenced,F,
17/04/2025,B,2,Z4,1,Cymbopogon excavatus,2,,16.9,2866,Y,N,6,N,0.5,Unfenced,F,
17/04/2025,B,2,Z4,1,Setaria incressata,1,,18.3,3062,,,,,,Unfenced,F,
17/04/2025,B,2,Z4,1,Heteropogon contortus,1,,18.2,3048,,,,,,Unfenced,F,
17/04/2025,B,2,Z4,1,,,,16.1,2754,,,,,,Unfenced,F,
17/04/2025,B,2,Z2,3,Bothriochloa insculpta,11,,9.8,1872,Y,N,7,N,0.35,Unfenced,F,
17/04/2025,B,2,Z2,3,Heteropogon contortus,9,,8,1620,,,,,,Unfenced,F,
17/04/2025,B,2,Z2,3,Eragrostis gummiflua,8,,9.5,1830,,,,,,Unfenced,F,
17/04/2025,B,2,Z2,3,,,,10.1,1914,,,,,,Unfenced,F,
17/04/2025,B,2,Z2,4,Heteropogon contortus,14,,4.6,1144,Y,N,5,N,0.7,Unfenced,F,
17/04/2025,B,2,Z2,4,Eragrostis superba,1,,5.4,1256,,,,,,Unfenced,F,
17/04/2025,B,2,Z2,4,Eragrostis gummiflua,2,,6.6,1424,,,,,,Unfenced,F,
17/04/2025,B,2,Z2,4,,,,7,1480,,,,,,Unfenced,F,
17/04/2025,B,2,Z2,1,Hyperrhenia filipendula,3,,23.2,3748,Y,Y,5,N,0.9,Unfenced,F,
17/04/2025,B,2,Z2,1,Digitaria erianthra,12,,4.6,1186,,,,,,Unfenced,F,
17/04/2025,B,2,Z2,1,Cymbopogon excavatus,2,,5,1200,,,,,,Unfenced,F,
17/04/2025,B,2,Z2,1,Pogonarthria squarrosa ,1,,4.3,1102,,,,,,Unfenced,F,
17/04/2025,B,2,Z2,2,Heteropogon contortus,2,,0,0,Y,Y,1,N,0.9,Unfenced,F,
17/04/2025,B,2,Z2,2,,,,5.6,1284,,,,,,Unfenced,F,
17/04/2025,B,2,Z2,2,,,,4.8,1172,,,,,,Unfenced,F,
17/04/2025,B,2,Z2,2,,,,12.1,2194,,,,,,Unfenced,F,
17/04/2025,B,2,Z2,5,Cymbopogon excavatus,6,,18.4,3076,Y,N,7.5,N,1,Unfenced,F,
17/04/2025,B,2,Z2,5,Heteropogon contortus,5,,20.5,3370,,,,,,Unfenced,F,
17/04/2025,B,2,Z2,5,Brachiaria nigropedata,1,,14.4,2544,,,,,,Unfenced,F,
17/04/2025,B,2,Z2,5,Eragrostis gummiflua,1,,15.9,2786,,,,,,Unfenced,F,
24/04/2025,C,2,Z3,3,Panicum maximum,4,,19.7,3258,N,N,5,N,2.2,Fenced,TFB,
24/04/2025,C,2,Z3,3,,,,80.8,,,,,,,Fenced,TFB,
24/04/2025,C,2,Z3,3,,,,67.4,9936,,,,,,Fenced,TFB,
24/04/2025,C,2,Z3,3,,,,40.2,6128,,,,,,Fenced,TFB,
24/04/2025,C,2,Z3,4,Panicum maximum,6,,21.9,3566,N,Y,6,N,1.3,Fenced,TFB,
24/04/2025,C,2,Z3,4,,,,22.6,3664,,,,,,Fenced,TFB,
24/04/2025,C,2,Z3,4,,,,14.8,2572,,,,,,Fenced,TFB,
24/04/2025,C,2,Z3,4,,,,17,2880,,,,,,Fenced,TFB,
24/04/2025,C,2,Z3,1,Digitaria erianthra,10,,11.1,2054,N,Y,6.5,N,1,Fenced,TFB,
24/04/2025,C,2,Z3,1,Heteropogon contortus,2,,7.4,1536,,,,,,Fenced,TFB,
24/04/2025,C,2,Z3,1,,,,6.8,1452,,,,,,Fenced,TFB,
24/04/2025,C,2,Z3,1,,,,7.4,1536,,,,,,Fenced,TFB,
24/04/2025,C,2,Z3,2,Eragrostis rigidior,1,,4.1,1074,N,N,1.5,N,1,Fenced,TFB,
24/04/2025,C,2,Z3,2,Eragrostis gummiflua,2,,6.1,13.4,,,,,,Fenced,TFB,
24/04/2025,C,2,Z3,2,Digitaria erianthra,4,,4.9,1186,,,,,,Fenced,TFB,
24/04/2025,C,2,Z3,2,,,,4.2,1086,,,,,,Fenced,TFB,
24/04/2025,C,2,Z3,5,Eragrostis rigidior,2,,4.5,1130,N,Y,4,N,0.85,Fenced,TFB,
24/04/2025,C,2,Z3,5,Eragrostis gummiflua,19,,4.9,1186,,,,,,Fenced,TFB,
24/04/2025,C,2,Z3,5,Digitaria velutina,5,,4.6,1144,,,,,,Fenced,TFB,
24/04/2025,C,2,Z3,5,,,,4.5,1130,,,,,,Fenced,TFB,
24/04/2025,C,2,Z1,3,Setaria incressata,3,,4.5,1130,N,Y,1,N,1.1,Fenced,TFB,
24/04/2025,C,2,Z1,3,Panicum maximum,5,,6.1,1354,,,,,,Fenced,TFB,
24/04/2025,C,2,Z1,3,,,,5.1,1214,,,,,,Fenced,TFB,
24/04/2025,C,2,Z1,3,,,,5.1,1214,,,,,,Fenced,TFB,
24/04/2025,C,2,Z1,4,Eragrostis curvula,6,,12,2150,N,Y,2.5,N,1.1,Fenced,TFB,
24/04/2025,C,2,Z1,4,Panicum maximum,2,,7.3,1522,,,,,,Fenced,TFB,
24/04/2025,C,2,Z1,4,,,,5.4,1326,,,,,,Fenced,TFB,
24/04/2025,C,2,Z1,4,,,,4.9,1186,,,,,,Fenced,TFB,
24/04/2025,C,2,Z1,5,Eragrostis viscosa,27,,8,1620,N,N,3,N,1,Fenced,TFB,
24/04/2025,C,2,Z1,5,Digitaria erianthra,3,,9.3,1802,,,,,,Fenced,TFB,
24/04/2025,C,2,Z1,5,Eragrostis gummiflua,3,,7.7,1508,,,,,,Fenced,TFB,
24/04/2025,C,2,Z1,5,,,,7.2,1508,,,,,,Fenced,TFB,
24/04/2025,C,2,Z1,1,Panicum maximum,7,,6.3,1382,N,Y,5,N,1.2,Fenced,TFB,
24/04/2025,C,2,Z1,1,,,,6.1,1354,,,,,,Fenced,TFB,
24/04/2025,C,2,Z1,1,,,,7.9,1606,,,,,,Fenced,TFB,
24/04/2025,C,2,Z1,1,,,,8.2,1648,,,,,,Fenced,TFB,
24/04/2025,C,2,Z1,2,Panicum maximum,2,,7,1480,N,Y,1.5,N,1,Fenced,TFB,
24/04/2025,C,2,Z1,2,Digitaria velutina,1,,6.3,1382,,,,,,Fenced,TFB,
24/04/2025,C,2,Z1,2,,,,5.8,1312,,,,,,Fenced,TFB,
24/04/2025,C,2,Z1,2,,,,5.4,1256,,,,,,Fenced,TFB,
24/04/2025,C,2,Z2,2,Panicum maximum,5,,20,3300,N,Y,5,N,1.5,Unfenced,TFB,
24/04/2025,C,2,Z2,2,Setaria incressata,2,,18.8,3132,,,,,,Unfenced,TFB,
24/04/2025,C,2,Z2,2,,,,17.1,2894,,,,,,Unfenced,TFB,
24/04/2025,C,2,Z2,2,,,,22.5,3650,,,,,,Unfenced,TFB,
24/04/2025,C,2,Z2,1,Eragrostis rigidior,1,,7,1480,N,N,3.5,N,0.75,Unfenced,TFB,Herbs present
24/04/2025,C,2,Z2,1,Brachiaria brizantha,3,,6.2,1368,,,,,,Unfenced,TFB,
24/04/2025,C,2,Z2,1,,,,6.2,1368,,,,,,Unfenced,TFB,
24/04/2025,C,2,Z2,1,,,,6.2,1368,,,,,,Unfenced,TFB,
24/04/2025,C,2,Z2,3,Panicum maximum,1,,14,2460,N,Y,3,N,1.1,Unfenced,TFB,
24/04/2025,C,2,Z2,3,Digitaria velutina,1,,12.8,2292,,,,,,Unfenced,TFB,
24/04/2025,C,2,Z2,3,Aristida adscensionis,1,,11.7,2138,,,,,,Unfenced,TFB,
24/04/2025,C,2,Z2,3,,,,10,1900,,,,,,Unfenced,TFB,
24/04/2025,C,2,Z2,4,Heteropogon contortus,1,,9.8,1872,N,Y,2,N,1.4,Unfenced,TFB,
24/04/2025,C,2,Z2,4,Panicum maximum,2,,6.5,1410,,,,,,Unfenced,TFB,
24/04/2025,C,2,Z2,4,Digitaria velutina,2,,5.2,1200,,,,,,Unfenced,TFB,
24/04/2025,C,2,Z2,4,Eragrostis gummiflua,5,,6.2,1382,,,,,,Unfenced,TFB,
24/04/2025,C,2,Z2,5,Panicum maximum,3,,6.5,1410,N,Y,4,N,1.3,Unfenced,TFB,
24/04/2025,C,2,Z2,5,Eragrostis gummiflua,10,,6,1340,,,,,,Unfenced,TFB,
24/04/2025,C,2,Z2,5,,,,6.4,1396,,,,,,Unfenced,TFB,
24/04/2025,C,2,Z2,5,,,,6.7,1438,,,,,,Unfenced,TFB,
24/04/2025,C,2,Z4,1,Panicum maximum,6,,17.5,2950,N,Y,2,N,1.6,Unfenced,TFB,
24/04/2025,C,2,Z4,1,,,,15.7,2838,,,,,,Unfenced,TFB,
24/04/2025,C,2,Z4,1,,,,13.8,2432,,,,,,Unfenced,TFB,
24/04/2025,C,2,Z4,1,,,,13.3,2362,,,,,,Unfenced,TFB,
24/04/2025,C,2,Z4,2,Eragrostis rigidior,2,,15.2,2628,N,N,5,N,0.8,Unfenced,TFB,
24/04/2025,C,2,Z4,2,Brachiaria brizantha,4,,8.9,1746,,,,,,Unfenced,TFB,
24/04/2025,C,2,Z4,2,,,,14.3,2502,,,,,,Unfenced,TFB,
24/04/2025,C,2,Z4,2,,,,11.3,2082,,,,,,Unfenced,TFB,
24/04/2025,C,2,Z4,5,Panicum maximum,3,,9.9,1886,N,Y,1.5,N,1.7,Unfenced,TFB,
24/04/2025,C,2,Z4,5,Dactyloctenium giganteum,1,,9.2,1788,,,,,,Unfenced,TFB,
24/04/2025,C,2,Z4,5,,,,12,2180,,,,,,Unfenced,TFB,
24/04/2025,C,2,Z4,5,,,,12.1,2194,,,,,,Unfenced,TFB,
24/04/2025,C,2,Z4,3,Brachiaria nigropedata,1,,2.7,878,N,N,3,Y,1.2,Unfenced,TFB,Kudu dung
24/04/2025,C,2,Z4,3,Panicum maximum,2,,3.9,1046,,,,,,Unfenced,TFB,
24/04/2025,C,2,Z4,3,,,,5.5,1270,,,,,,Unfenced,TFB,
24/04/2025,C,2,Z4,3,,,,5.3,1242,,,,,,Unfenced,TFB,
24/04/2025,C,2,Z4,4,Setaria incressata,5,,9.3,1802,N,Y,4,N,1.1,Unfenced,TFB,
24/04/2025,C,2,Z4,4,Digitaria velutina,4,,18.7,3118,,,,,,Unfenced,TFB,
24/04/2025,C,2,Z4,4,,,,13.4,,,,,,,Unfenced,TFB,
24/04/2025,C,2,Z4,4,,,,11.9,2166,,,,,,Unfenced,TFB,
24/04/2025,C,4,Z3,1,Pogonarthria squarrosa ,2,,5.8,1312,N,N,6,N,1.3,Unfenced,F,
24/04/2025,C,4,Z3,1,Eragrostis rigidior,2,,10.6,1984,,,,,,Unfenced,F,
24/04/2025,C,4,Z3,1,Heteropogon contortus,4,,8.5,1690,,,,,,Unfenced,F,
24/04/2025,C,4,Z3,1,Hyperrhenia filipendula,3,,8.6,1704,,,,,,Unfenced,F,
24/04/2025,C,4,Z3,1,Eragrostis gummiflua,2,,,,,,,,,Unfenced,F,
24/04/2025,C,4,Z3,1,Setaria incressata,1,,,,,,,,,Unfenced,F,
24/04/2025,C,4,Z3,1,Digitaria erianthra,1,,,,,,,,,Unfenced,F,
24/04/2025,C,4,Z3,5,Panicum maximum,6,,5.7,1298,N,Y,6,N,0.9,Unfenced,F,
24/04/2025,C,4,Z3,5,Digitaria velutina,4,,5.8,1312,,,,,,Unfenced,F,
24/04/2025,C,4,Z3,5,,,,5.7,1298,,,,,,Unfenced,F,
24/04/2025,C,4,Z3,5,,,,5.2,1228,,,,,,Unfenced,F,
24/04/2025,C,4,Z3,2,Heteropogon contortus,16,,10.5,1970,N,N,5,N,1,Unfenced,F,
24/04/2025,C,4,Z3,2,Pogonarthria squarrosa ,2,,12,2180,,,,,,Unfenced,F,
24/04/2025,C,4,Z3,2,Eragrostis gummiflua,2,,11.4,2096,,,,,,Unfenced,F,
24/04/2025,C,4,Z3,2,Melinis repens,1,,10.4,2026,,,,,,Unfenced,F,
24/04/2025,C,4,Z3,3,Aristida adscensionis,1,,5,1200,N,Y,5,N,0.5,Unfenced,F,
24/04/2025,C,4,Z3,3,Eragrostis gummiflua,7,,3.9,1046,,,,,,Unfenced,F,
24/04/2025,C,4,Z3,3,,,,3.3,962,,,,,,Unfenced,F,
24/04/2025,C,4,Z3,3,,,,3.3,962,,,,,,Unfenced,F,
24/04/2025,C,4,Z3,4,Brachiaria brizantha,2,,10.9,1226,N,Y,3,N,0.9,Unfenced,F,
24/04/2025,C,4,Z3,4,Setaria incressata,2,,11.2,2068,,,,,,Unfenced,F,
24/04/2025,C,4,Z3,4,Digitaria velutina,4,,9.1,1774,,,,,,Unfenced,F,
24/04/2025,C,4,Z3,4,,,,7.6,1564,,,,,,Unfenced,F,
24/04/2025,C,4,Z4,1,Pogonarthria squarrosa ,8,,8.4,1676,N,N,5.5,N,1,Unfenced,F,
24/04/2025,C,4,Z4,1,Hyperrhenia filipendula,2,,11,2040,,,,,,Unfenced,F,
24/04/2025,C,4,Z4,1,Eragrostis superba,1,,11.1,2054,,,,,,Unfenced,F,
24/04/2025,C,4,Z4,1,Eragrostis gummiflua,4,,11.5,2110,,,,,,Unfenced,F,
24/04/2025,C,4,Z4,1,Aristida adscensionis,3,,,,,,,,,Unfenced,F,
24/04/2025,C,4,Z4,2,Hyperthelia dissoluta,5,,5,1200,N,N,5.5,N,1.8,Unfenced,F,
24/04/2025,C,4,Z4,2,Pogonarthria squarrosa ,2,,6.1,1354,,,,,,Unfenced,F,
24/04/2025,C,4,Z4,2,Aristida adscensionis,3,,24.3,3902,,,,,,Unfenced,F,
24/04/2025,C,4,Z4,2,Heteropogon contortus,2,,21.4,4896,,,,,,Unfenced,F,
24/04/2025,C,4,Z4,2,Setaria incressata,4,,,,,,,,,Unfenced,F,
24/04/2025,C,4,Z4,5,Aristida adscensionis,3,,15,2600,Y,N,3,Y,1,Unfenced,F,
24/04/2025,C,4,Z4,5,Pogonarthria squarrosa ,2,,0,0,,,,,,Unfenced,F,
24/04/2025,C,4,Z4,5,Diheteropogon anplactence,3,,8.9,1746,,,,,,Unfenced,F,
24/04/2025,C,4,Z4,5,Brachiaria nigropedata,1,,9.2,1788,,,,,,Unfenced,F,
24/04/2025,C,4,Z4,3,Aristida adscensionis,7,,2.3,822,N,Y,4.5,N,1,Unfenced,F,
24/04/2025,C,4,Z4,3,Panicum maximum,1,,4.3,1102,,,,,,Unfenced,F,
24/04/2025,C,4,Z4,3,Heteropogon contortus,1,,5,1200,,,,,,Unfenced,F,
24/04/2025,C,4,Z4,3,Eragrostis gummiflua,21,,5.5,1270,,,,,,Unfenced,F,
24/04/2025,C,4,Z4,3,Melinis repens,1,,5.5,1270,,,,,,Unfenced,F,
24/04/2025,C,4,Z4,3,Setaria incressata,1,,,,,,,,,Unfenced,F,
24/04/2025,C,4,Z4,4,Brachiaria brizantha,2,,1.6,844,Y,N,4.5,N,1,Unfenced,F,
24/04/2025,C,4,Z4,4,Brachiaria nigropedata,1,,8.5,1690,,,,,,Unfenced,F,
24/04/2025,C,4,Z4,4,,,,7.2,1509,,,,,,Unfenced,F,
24/04/2025,C,4,Z4,4,,,,6.6,1424,,,,,,Unfenced,F,
24/04/2025,C,4,Z2,2,Brachiaria brizantha,5,,11,,,,,,,Fenced,F,
24/04/2025,C,4,Z2,2,Pogonarthria squarrosa ,5,,6.6,1424,N,N,5,N,1.5,Fenced,F,
24/04/2025,C,4,Z2,2,Eragrostis gummiflua,2,,8.2,1648,,,,,,Fenced,F,
24/04/2025,C,4,Z2,2,Melinis repens,2,,9.8,1872,,,,,,Fenced,F,
24/04/2025,C,4,Z2,2,Heteropogon contortus,1,,,,,,,,,Fenced,F,
24/04/2025,C,4,Z2,2,Eragrostis superba,1,,,,,,,,,Fenced,F,
24/04/2025,C,4,Z2,2,Digitaria erianthra,1,,,,,,,,,Fenced,F,
24/04/2025,C,4,Z2,5,Pogonarthria squarrosa ,10,,2.1,794,N,N,4,N,1.1,Fenced,F,
24/04/2025,C,4,Z2,5,Heteropogon contortus,2,,8.6,1704,,,,,,Fenced,F,
24/04/2025,C,4,Z2,5,Eragrostis rigidior,1,,10.8,2012,,,,,,Fenced,F,
24/04/2025,C,4,Z2,5,Brachiaria brizantha,1,,13.2,2348,,,,,,Fenced,F,
24/04/2025,C,4,Z2,1,Aristida adscensionis,3,,12.6,1144,N,Y,4.5,N,1.1,Fenced,F,
24/04/2025,C,4,Z2,1,Heteropogon contortus,4,,12.2,,,,,,,Fenced,F,
24/04/2025,C,4,Z2,1,Brachiaria brizantha,3,,6.7,,,,,,,Fenced,F,
24/04/2025,C,4,Z2,1,,,,6.6,,,,,,,Fenced,F,
24/04/2025,C,4,Z2,4,Heteropogon contortus,2,,18.6,2404,N,N,4,N,1.1,Fenced,F,
24/04/2025,C,4,Z2,4,Panicum maximum,2,,15.1,2754,,,,,,Fenced,F,
24/04/2025,C,4,Z2,4,Brachiaria serrata,3,,14.1,2474,,,,,,Fenced,F,
24/04/2025,C,4,Z2,4,Digitaria erianthra,2,,14.4,2516,,,,,,Fenced,F,
24/04/2025,C,4,Z2,3,Heteropogon contortus,6,,17.7,2978,N,Y,5,N,1.1,Fenced,F,
24/04/2025,C,4,Z2,3,Setaria incressata,1,,19.4,3216,,,,,,Fenced,F,
24/04/2025,C,4,Z2,3,Panicum maximum,1,,17.8,2992,,,,,,Fenced,F,
24/04/2025,C,4,Z2,3,Digitaria velutina,1,,15.6,2684,,,,,,Fenced,F,
24/04/2025,C,4,Z1,2,Heteropogon contortus,50,,14.6,2544,N,N,6,N,1.3,Fenced,F,
24/04/2025,C,4,Z1,2,Pogonarthria squarrosa ,4,,19.7,3258,,,,,,Fenced,F,
24/04/2025,C,4,Z1,2,Melinis repens,3,,20,3300,,,,,,Fenced,F,
24/04/2025,C,4,Z1,2,Eragrostis gummiflua,2,,17.6,2986,,,,,,Fenced,F,
24/04/2025,C,4,Z1,1,Heteropogon contortus,1,,2.5,850,N,Y,3,N,1.1,Fenced,F,
24/04/2025,C,4,Z1,1,Aristida adscensionis,1,,2.5,850,,,,,,Fenced,F,
24/04/2025,C,4,Z1,1,,,,2.5,850,,,,,,Fenced,F,
24/04/2025,C,4,Z1,1,,,,2.5,850,,,,,,Fenced,F,
24/04/2025,C,4,Z1,5,Brachiaria brizantha,6,,30.9,4826,N,Y,6,N,1.2,Fenced,F,
24/04/2025,C,4,Z1,5,Eragrostis rigidior,2,,32.4,5036,,,,,,Fenced,F,
24/04/2025,C,4,Z1,5,Pogonarthria squarrosa ,2,,27.8,4392,,,,,,Fenced,F,
24/04/2025,C,4,Z1,5,Eragrostis gummiflua,1,,25.1,4014,,,,,,Fenced,F,
24/04/2025,C,4,Z1,4,Pogonarthria squarrosa ,5,,4.1,1094,N,N,3,N,1.2,Fenced,F,
24/04/2025,C,4,Z1,4,Heteropogon contortus,1,,4.4,1116,,,,,,Fenced,F,
24/04/2025,C,4,Z1,4,Brachiaria serrata,1,,6.5,1410,,,,,,Fenced,F,
24/04/2025,C,4,Z1,4,,,,6.6,1424,,,,,,Fenced,F,
24/04/2025,C,4,Z1,3,Digitaria erianthra,5,,8.3,1662,N,Y,3,N,1.1,Fenced,F,
24/04/2025,C,4,Z1,3,Eragrostis rigidior,1,,4.3,1102,,,,,,Fenced,F,
24/04/2025,C,4,Z1,3,,,,3.9,1046,,,,,,Fenced,F,
24/04/2025,C,4,Z1,3,,,,20.3,3342,,,,,,Fenced,F,
09/04/2025,F,1,Z1,4,Digitaria erianthra,12,,7.5,1550,,,,,,Fenced,C,
09/04/2025,F,1,Z1,4,Eragrostis rigidior,2,,7.8,1592,,,,,,Fenced,C,
09/04/2025,F,1,Z1,4,,,,8.4,1676,,,,,,Fenced,C,
09/04/2025,F,1,Z1,5,Digitaria erianthra,4,,5.2,1228,N,Y,3.5,N,,Fenced,C,
09/04/2025,F,1,Z1,5,Eragrostis rigidior,1,,6.1,1354,,,,,,Fenced,C,
09/04/2025,F,1,Z1,5,Pogonarthria squarrosa ,1,,5.4,1456,,,,,,Fenced,C,
09/04/2025,F,1,Z1,5,,,,5.4,1256,,,,,,Fenced,C,
09/04/2025,F,1,Z1,2,Eragrostis superba,1,,4.6,1144,N,Y,6,N,,Fenced,C,
09/04/2025,F,1,Z1,2,Pogonarthria squarrosa ,1,,4.8,1172,,,,,,Fenced,C,
09/04/2025,F,1,Z1,2,Eragrostis rigidior,4,,7.5,1550,,,,,,Fenced,C,
09/04/2025,F,1,Z1,2,Digitaria erianthra,1,,7.2,1508,,,,,,Fenced,C,
09/04/2025,F,1,Z1,3,Heteropogon contortus,1,,7.5,1550,N,N,4.5,N,,Fenced,C,
09/04/2025,F,1,Z1,3,Eragrostis rigidior,1,,7.4,1536,,,,,,Fenced,C,
09/04/2025,F,1,Z1,3,Eragrostis superba,2,,7,1480,,,,,,Fenced,C,
09/04/2025,F,1,Z1,3,Eragrostis viscosa,1,,6.8,1452,,,,,,Fenced,C,
09/04/2025,F,1,Z1,3,Digitaria erianthra,1,,,,,,,,,Fenced,C,
09/04/2025,F,1,Z2,3,Digitaria erianthra,2,,10.4,1956,N,Y,2,N,,Fenced,C,
09/04/2025,F,1,Z2,3,Heteropogon contortus,2,,10.3,1942,,,,,,Fenced,C,
09/04/2025,F,1,Z2,3,Aristida adscensionis,1,,9.4,1816,,,,,,Fenced,C,
09/04/2025,F,1,Z2,3,,,,9.1,1774,,,,,,Fenced,C,
09/04/2025,F,1,Z2,2,Digitaria erianthra,1,,5.2,1228,N,Y,2.5,N,,Fenced,C,
09/04/2025,F,1,Z2,2,Heteropogon contortus,2,,7.1,1494,,,,,,Fenced,C,
09/04/2025,F,1,Z2,2,Pogonarthria squarrosa ,1,,7.7,1578,,,,,,Fenced,C,
09/04/2025,F,1,Z2,2,Eragrostis rigidior,2,,12,2180,,,,,,Fenced,C,
09/04/2025,F,1,Z2,5,Eragrostis rigidior,4,,4.2,1088,N,Y,2.5,N,,Fenced,C,
09/04/2025,F,1,Z2,5,Eragrostis superba,1,,4.6,1144,,,,,,Fenced,C,
09/04/2025,F,1,Z2,5,,,,5.9,1326,,,,,,Fenced,C,
09/04/2025,F,1,Z2,5,,,,6.4,1396,,,,,,Fenced,C,
09/04/2025,F,1,Z2,4,Brachiaria nigropedata,1,,2.4,336,N,Y,3,N,,Fenced,C,
09/04/2025,F,1,Z2,4,Digitaria erianthra,4,,4.5,1130,,,,,,Fenced,C,
09/04/2025,F,1,Z2,4,Eragrostis viscosa,2,,5.1,1214,,,,,,Fenced,C,
09/04/2025,F,1,Z2,4,Eragrostis rigidior,1,,5.2,1228,,,,,,Fenced,C,
09/04/2025,F,1,Z2,4,Aristida congesta B,1,,,,,,,,,Fenced,C,
09/04/2025,F,1,Z2,4,Aristida adscensionis,2,,,,,,,,,Fenced,C,
09/04/2025,F,1,Z2,1,Digitaria erianthra,7,,11.2,2068,N,Y,6,N,,Fenced,C,
09/04/2025,F,1,Z2,1,Heteropogon contortus,3,,9,1760,,,,,,Fenced,C,
09/04/2025,F,1,Z2,1,Eragrostis superba,1,,9.1,1774,,,,,,Fenced,C,
09/04/2025,F,1,Z2,1,Eragrostis rigidior,1,,9.2,1788,,,,,,Fenced,C,
09/04/2025,F,1,Z2,1,Aristida adscensionis,1,,,,,,,,,Fenced,C,
09/04/2025,F,1,Z3,2,Eragrostis superba,3,,8.3,1662,N,Y,3,N,,Unfenced,C,
09/04/2025,F,1,Z3,2,Eragrostis gummiflua,2,,7.4,1536,,,,,,Unfenced,C,
09/04/2025,F,1,Z3,2,,,,7.2,1508,,,,,,Unfenced,C,
09/04/2025,F,1,Z3,2,,,,7,1480,,,,,,Unfenced,C,
09/04/2025,F,1,Z3,3,Eragrostis gummiflua,13,,2.1,794,N,Y,5,N,,Unfenced,C,
09/04/2025,F,1,Z3,3,,,,2.6,864,,,,,,Unfenced,C,
09/04/2025,F,1,Z3,3,,,,3.2,948,,,,,,Unfenced,C,
09/04/2025,F,1,Z3,3,,,,3.1,934,,,,,,Unfenced,C,
09/04/2025,F,1,Z3,4,Eragrostis rigidior,1,,4.3,1102,N,N,2,N,,Unfenced,C,
09/04/2025,F,1,Z3,4,Aristida adscensionis,1,,4,1060,,,,,,Unfenced,C,
09/04/2025,F,1,Z3,4,Brachiaria nigropedata,2,,3.5,990,,,,,,Unfenced,C,
09/04/2025,F,1,Z3,4,Digitaria erianthra,3,,3.5,990,,,,,,Unfenced,C,
09/04/2025,F,1,Z3,5,Eragrostis viscosa,8,,6.1,1354,N,N,6,N,,Unfenced,C,
09/04/2025,F,1,Z3,5,Eragrostis superba,3,,5.9,1326,,,,,,Unfenced,C,
09/04/2025,F,1,Z3,5,Eragrostis rigidior,3,,5.3,1242,,,,,,Unfenced,C,
09/04/2025,F,1,Z3,5,,,,4.9,1186,,,,,,Unfenced,C,
09/04/2025,F,1,Z3,1,Aristida diffusa,5,,0,0,N,Y,2.5,N,,Unfenced,C,
09/04/2025,F,1,Z3,1,Aristida adscensionis,2,,1.7,738,,,,,,Unfenced,C,
09/04/2025,F,1,Z3,1,Enteropogon macrostachyus,2,,1.8,752,,,,,,Unfenced,C,
09/04/2025,F,1,Z3,1,Heteropogon contortus,2,,3.4,976,,,,,,Unfenced,C,
09/04/2025,F,1,Z3,1,Eragrostis superba,3,,,,,,,,,Unfenced,C,
09/04/2025,F,1,Z4,2,Eragrostis superba,3,,2.2,808,N,Y,4,N,,Unfenced,C,
09/04/2025,F,1,Z4,2,Pogonarthria squarrosa ,1,,2.1,794,,,,,,Unfenced,C,
09/04/2025,F,1,Z4,2,Heteropogon contortus,1,,2.3,822,,,,,,Unfenced,C,
09/04/2025,F,1,Z4,2,,,,4.4,1116,,,,,,Unfenced,C,
09/04/2025,F,1,Z4,1,Digitaria erianthra,4,,11.4,2096,N,N,3.5,N,,Unfenced,C,
09/04/2025,F,1,Z4,1,Eragrostis gummiflua,16,,9.8,1872,,,,,,Unfenced,C,
09/04/2025,F,1,Z4,1,Eragrostis viscosa,,,9.3,1802,,,,,,Unfenced,C,
09/04/2025,F,1,Z4,1,,,,9,1760,,,,,,Unfenced,C,
09/04/2025,F,1,Z4,5,Eragrostis viscosa,8,,3.6,1004,N,Y,3.5,N,,Unfenced,C,
09/04/2025,F,1,Z4,5,Eragrostis gummiflua,10,,4.4,1116,,,,,,Unfenced,C,
09/04/2025,F,1,Z4,5,,,,4.7,1158,,,,,,Unfenced,C,
09/04/2025,F,1,Z4,5,,,,4.8,1172,,,,,,Unfenced,C,
09/04/2025,F,1,Z4,3,Eragrostis gummiflua,21,,3.4,976,N,N,3.5,N,,Unfenced,C,
09/04/2025,F,1,Z4,3,Eragrostis viscosa,3,,3.2,948,,,,,,Unfenced,C,
09/04/2025,F,1,Z4,3,,,,4.4,1116,,,,,,Unfenced,C,
09/04/2025,F,1,Z4,3,,,,5.2,1228,,,,,,Unfenced,C,
09/04/2025,F,1,Z4,4,Eragrostis superba,1,,5.1,1214,N,N,5,N,,Unfenced,C,
09/04/2025,F,1,Z4,4,Eragrostis rigidior,1,,4.8,1172,,,,,,Unfenced,C,
09/04/2025,F,1,Z4,4,Eragrostis viscosa,1,,5,1200,,,,,,Unfenced,C,
09/04/2025,F,1,Z4,4,Eragrostis gummiflua,13,,4.2,1088,,,,,,Unfenced,C,
09/04/2025,F,1,Z4,4,Aristida diffusa,1,,,,,,,,,Unfenced,C,
25/04/2025,C,5,Z1,4,Pogonarthria squarrosa ,4,,13.4,,N,N,6,N,1.1,Fenced,THF,
25/04/2025,C,5,Z1,4,Digitaria erianthra,14,,15,,,,,,,Fenced,THF,
25/04/2025,C,5,Z1,4,Heteropogon contortus,1,,15.1,,,,,,,Fenced,THF,
25/04/2025,C,5,Z1,4,,,,15.1,,,,,,,Fenced,THF,
25/04/2025,C,5,Z1,3,Heteropogon contortus,3,,19,,N,N,6,N,1,Fenced,THF,
25/04/2025,C,5,Z1,3,Digitaria erianthra,3,,17.3,,,,,,,Fenced,THF,
25/04/2025,C,5,Z1,3,Melinis repens,1,,17.8,,,,,,,Fenced,THF,
25/04/2025,C,5,Z1,3,Eragrostis rigidior,1,,17.7,,,,,,,Fenced,THF,
25/04/2025,C,5,Z1,3,Pogonarthria squarrosa ,14,,,,,,,,,Fenced,THF,
25/04/2025,C,5,Z1,1,Digitaria erianthra,15,,10.1,,N,N,6.5,N,0.9,Fenced,THF,
25/04/2025,C,5,Z1,1,Eragrostis viscosa,27,,11.2,,,,,,,Fenced,THF,
25/04/2025,C,5,Z1,1,Eragrostis gummiflua,11,,10,,,,,,,Fenced,THF,
25/04/2025,C,5,Z1,1,,,,9.8,,,,,,,Fenced,THF,
25/04/2025,C,5,Z1,2,Panicum maximum,2,,5.4,,N,Y,3,N,1.7,Fenced,THF,
25/04/2025,C,5,Z1,2,Digitaria velutina,4,,4.6,,,,,,,Fenced,THF,
25/04/2025,C,5,Z1,2,,,,6.5,,,,,,,Fenced,THF,
25/04/2025,C,5,Z1,2,,,,2.3,,,,,,,Fenced,THF,
25/04/2025,C,5,Z1,5,Panicum maximum,4,,10,,N,Y,5,N,1.5,Fenced,THF,
25/04/2025,C,5,Z1,5,Melinis repens,1,,11.2,,,,,,,Fenced,THF,
25/04/2025,C,5,Z1,5,Digitaria velutina,2,,12.6,,,,,,,Fenced,THF,
25/04/2025,C,5,Z1,5,Brachiaria brizantha,3,,12.9,,,,,,,Fenced,THF,
25/04/2025,C,5,Z1,5,Digitaria erianthra,2,,,,,,,,,Fenced,THF,
25/04/2025,C,5,Z1,5,Heteropogon contortus,2,,,,,,,,,Fenced,THF,
25/04/2025,C,5,Z1,5,,,,,,,,,,,Fenced,THF,
25/04/2025,C,5,Z2,4,Pogonarthria squarrosa ,11,,24.6,,N,N,5,N,1.2,Fenced,THF,
25/04/2025,C,5,Z2,4,Melinis repens,1,,26.2,,,,,,,Fenced,THF,
25/04/2025,C,5,Z2,4,Andropogon eucomas,2,,24.7,,,,,,,Fenced,THF,
25/04/2025,C,5,Z2,4,Heteropogon contortus,2,,23.2,,,,,,,Fenced,THF,
25/04/2025,C,5,Z2,3,Pogonarthria squarrosa ,5,,10,,N,N,2,N,1.1,Fenced,THF,
25/04/2025,C,5,Z2,3,Eragrostis rigidior,1,,14.6,,,,,,,Fenced,THF,
25/04/2025,C,5,Z2,3,Heteropogon contortus,1,,18.1,,,,,,,Fenced,THF,
25/04/2025,C,5,Z2,3,Digitaria erianthra,1,,14.7,,,,,,,Fenced,THF,
25/04/2025,C,5,Z2,5,Panicum maximum,3,,6.5,,N,Y,2,N,1.3,Fenced,THF,
25/04/2025,C,5,Z2,5,Digitaria velutina,4,,6,,,,,,,Fenced,THF,
25/04/2025,C,5,Z2,5,,,,5.5,,,,,,,Fenced,THF,
25/04/2025,C,5,Z2,5,,,,4.8,,,,,,,Fenced,THF,
25/04/2025,C,5,Z2,2,Panicum maximum,6,,2.5,,N,Y,2,N,1,Fenced,THF,
25/04/2025,C,5,Z2,2,Digitaria velutina,3,,2.5,,,,,,,Fenced,THF,
25/04/2025,C,5,Z2,2,Heteropogon contortus,3,,8.1,,,,,,,Fenced,THF,
25/04/2025,C,5,Z2,2,,,,7.1,,,,,,,Fenced,THF,
25/04/2025,C,5,Z2,1,Panicum maximum,3,,15.3,,N,Y,2,N,1.6,Fenced,THF,
25/04/2025,C,5,Z2,1,Digitaria velutina,5,,15.4,,,,,,,Fenced,THF,
25/04/2025,C,5,Z2,1,,,,13.3,,,,,,,Fenced,THF,
25/04/2025,C,5,Z2,1,,,,0,,,,,,,Fenced,THF,
25/04/2025,C,5,Z4,3,Digitaria erianthra,3,,10.1,,N,N,4.9,N,1,Unfenced,THF,
25/04/2025,C,5,Z4,3,Brachiaria brizantha,2,,12,,,,,,,Unfenced,THF,
25/04/2025,C,5,Z4,3,Eragrostis gummiflua,4,,9.6,,,,,,,Unfenced,THF,
25/04/2025,C,5,Z4,3,,,,9,,,,,,,Unfenced,THF,
25/04/2025,C,5,Z4,5,Heteropogon contortus,2,,2.6,,N,Y,5,N,1.2,Unfenced,THF,
25/04/2025,C,5,Z4,5,Aristida adscensionis,4,,5.4,,,,,,,Unfenced,THF,
25/04/2025,C,5,Z4,5,Eragrostis gummiflua,6,,4.8,,,,,,,Unfenced,THF,
25/04/2025,C,5,Z4,5,Brachiaria nigropedata,1,,6.4,,,,,,,Unfenced,THF,
25/04/2025,C,5,Z4,5,Brachiaria brizantha,1,,,,,,,,,Unfenced,THF,
25/04/2025,C,5,Z4,2,Aristida adscensionis,3,,7.3,,N,Y,3.5,N,1.1,Unfenced,THF,
25/04/2025,C,5,Z4,2,Digitaria erianthra,2,,10.5,,,,,,,Unfenced,THF,
25/04/2025,C,5,Z4,2,Heteropogon contortus,1,,10,,,,,,,Unfenced,THF,
25/04/2025,C,5,Z4,2,,,,10.5,,,,,,,Unfenced,THF,
25/04/2025,C,5,Z4,1,Eragrostis superba,1,,8.9,,N,N,3.5,N,1.1,Unfenced,THF,
25/04/2025,C,5,Z4,1,Aristida adscensionis,2,,9.8,,,,,,,Unfenced,THF,
25/04/2025,C,5,Z4,1,Pogonarthria squarrosa ,2,,10.9,,,,,,,Unfenced,THF,
25/04/2025,C,5,Z4,1,Heteropogon contortus,1,,12.3,,,,,,,Unfenced,THF,
25/04/2025,C,5,Z4,4,Panicum maximum,1,,4.5,,N,Y,2,N,1.1,Unfenced,THF,
25/04/2025,C,5,Z4,4,Digitaria velutina,12,,4.6,,,,,,,Unfenced,THF,
25/04/2025,C,5,Z4,4,,,,5.9,,,,,,,Unfenced,THF,
25/04/2025,C,5,Z4,4,,,,5.7,,,,,,,Unfenced,THF,
25/04/2025,C,5,Z3,2,Brachiaria nigropedata,5,,17.7,,N,Y,6,N,1.6,Unfenced,THF,
25/04/2025,C,5,Z3,2,Pogonarthria squarrosa ,5,,15.5,,,,,,,Unfenced,THF,
25/04/2025,C,5,Z3,2,Eragrostis gummiflua,1,,23.5,,,,,,,Unfenced,THF,
25/04/2025,C,5,Z3,2,Eragrostis viscosa,10,,22.4,,,,,,,Unfenced,THF,
25/04/2025,C,5,Z3,1,Heteropogon contortus,1,,9.1,,N,Y,2.5,N,1,Unfenced,THF,
25/04/2025,C,5,Z3,1,Digitaria velutina,4,,7.4,,,,,,,Unfenced,THF,
25/04/2025,C,5,Z3,1,Brachiaria nigropedata,1,,8.5,,,,,,,Unfenced,THF,
25/04/2025,C,5,Z3,1,Eragrostis rigidior,1,,10.9,,,,,,,Unfenced,THF,
25/04/2025,C,5,Z3,1,Eragrostis gummiflua,4,,,,,,,,,Unfenced,THF,
25/04/2025,C,5,Z3,5,Panicum maximum,3,,8.7,,N,Y,2.5,N,1.4,Unfenced,THF,
25/04/2025,C,5,Z3,5,Digitaria velutina,2,,6.3,,,,,,,Unfenced,THF,
25/04/2025,C,5,Z3,5,,,,7.3,,,,,,,Unfenced,THF,
25/04/2025,C,5,Z3,5,,,,7.3,,,,,,,Unfenced,THF,
25/04/2025,C,5,Z3,4,Panicum maximum,2,,13.7,,N,Y,4,N,1.4,Unfenced,THF,
25/04/2025,C,5,Z3,4,Digitaria velutina,4,,11.9,,,,,,,Unfenced,THF,
25/04/2025,C,5,Z3,4,,,,12.1,,,,,,,Unfenced,THF,
25/04/2025,C,5,Z3,4,,,,13.7,,,,,,,Unfenced,THF,
25/04/2025,C,5,Z3,3,Brachiaria brizantha,1,,0,,N,Y,2,N,1,Unfenced,THF,
25/04/2025,C,5,Z3,3,Digitaria velutina,3,,0,,,,,,,Unfenced,THF,
25/04/2025,C,5,Z3,3,,,,4.4,,,,,,,Unfenced,THF,
25/04/2025,C,5,Z3,3,,,,10.3,,,,,,,Unfenced,THF,
25/04/2025,C,3,Z3,4,Hyperthelia dissoluta,1,,8.7,,N,Y,6,N,1.2,Unfenced,TF,
25/04/2025,C,3,Z3,4,Heteropogon contortus,6,,11.1,,,,,,,Unfenced,TF,
25/04/2025,C,3,Z3,4,Melinis repens,3,,14.2,,,,,,,Unfenced,TF,
25/04/2025,C,3,Z3,4,Eragrostis viscosa,2,,10.2,,,,,,,Unfenced,TF,
25/04/2025,C,3,Z3,4,Pogonarthria squarrosa ,2,,,,,,,,,Unfenced,TF,
25/04/2025,C,3,Z3,4,Digitaria erianthra,1,,,,,,,,,Unfenced,TF,
25/04/2025,C,3,Z3,1,Heteropogon contortus,4,,4.7,,N,N,2,N,1,Unfenced,TF,
25/04/2025,C,3,Z3,1,Pogonarthria squarrosa ,1,,6.7,,,,,,,Unfenced,TF,
25/04/2025,C,3,Z3,1,Digitaria erianthra,1,,4.9,,,,,,,Unfenced,TF,
25/04/2025,C,3,Z3,1,,,,0,,,,,,,Unfenced,TF,
25/04/2025,C,3,Z3,5,Aristida adscensionis,4,,3,,N,Y,4.5,N,1.1,Unfenced,TF,
25/04/2025,C,3,Z3,5,Cynodon dactylon,5,,4.1,,,,,,,Unfenced,TF,
25/04/2025,C,3,Z3,5,Setaria incressata,4,,5.6,,,,,,,Unfenced,TF,
25/04/2025,C,3,Z3,5,Pogonarthria squarrosa ,2,,4.3,,,,,,,Unfenced,TF,
25/04/2025,C,3,Z3,2,Heteropogon contortus,2,,4.3,,N,N,4,N,1.2,Unfenced,TF,
25/04/2025,C,3,Z3,2,Pogonarthria squarrosa ,2,,4.2,,,,,,,Unfenced,TF,
25/04/2025,C,3,Z3,2,Aristida adscensionis,1,,4.2,,,,,,,Unfenced,TF,
25/04/2025,C,3,Z3,2,Eragrostis rigidior,1,,7.1,,,,,,,Unfenced,TF,
25/04/2025,C,3,Z3,2,Setaria incressata,1,,,,,,,,,Unfenced,TF,
25/04/2025,C,3,Z3,3,Pogonarthria squarrosa ,5,,4.5,,N,N,4.5,N,1,Unfenced,TF,
25/04/2025,C,3,Z3,3,Eragrostis rigidior,3,,7.1,,,,,,,Unfenced,TF,
25/04/2025,C,3,Z3,3,Eragrostis gummiflua,7,,6.8,,,,,,,Unfenced,TF,
25/04/2025,C,3,Z3,3,Digitaria erianthra,1,,6.9,,,,,,,Unfenced,TF,
25/04/2025,C,3,Z4,1,Hyperthelia dissoluta,3,,6.8,,N,Y,3,Y,1,Unfenced,TF,
25/04/2025,C,3,Z4,1,Eragrostis gummiflua,4,,4.7,,,,,,,Unfenced,TF,
25/04/2025,C,3,Z4,1,Pogonarthria squarrosa ,3,,6.5,,,,,,,Unfenced,TF,
25/04/2025,C,3,Z4,1,Eragrostis rigidior,1,,6.3,,,,,,,Unfenced,TF,
25/04/2025,C,3,Z4,1,Eragrostis viscosa,6,,,,,,,,,Unfenced,TF,
25/04/2025,C,3,Z4,2,Digitaria erianthra,6,,5.6,,Y,Y,4.5,Y,0.4,Unfenced,TF,
25/04/2025,C,3,Z4,2,Pogonarthria squarrosa ,4,,5.6,,,,,,,Unfenced,TF,
25/04/2025,C,3,Z4,2,,,,5.4,,,,,,,Unfenced,TF,
25/04/2025,C,3,Z4,2,,,,5.1,,,,,,,Unfenced,TF,
25/04/2025,C,3,Z4,5,Pogonarthria squarrosa ,7,,10.3,,Y,N,3,Y,0.75,Unfenced,TF,
25/04/2025,C,3,Z4,5,Brachiaria brizantha,1,,8.4,,,,,,,Unfenced,TF,
25/04/2025,C,3,Z4,5,Digitaria erianthra,1,,8.1,,,,,,,Unfenced,TF,
25/04/2025,C,3,Z4,5,Eragrostis rigidior,1,,7.7,,,,,,,Unfenced,TF,
25/04/2025,C,3,Z4,3,Eragrostis rigidior,3,,6.6,,N,N,3.5,N,0.8,Unfenced,TF,Forbs present
25/04/2025,C,3,Z4,3,Pogonarthria squarrosa ,1,,6.4,,,,,,,Unfenced,TF,
25/04/2025,C,3,Z4,3,Digitaria erianthra,4,,6.8,,,,,,,Unfenced,TF,
25/04/2025,C,3,Z4,3,,,,7.2,,,,,,,Unfenced,TF,
25/04/2025,C,3,Z4,4,Heteropogon contortus,2,,15.9,,N,Y,7,N,1.3,Unfenced,TF,
25/04/2025,C,3,Z4,4,Aristida adscensionis,4,,14.4,,,,,,,Unfenced,TF,
25/04/2025,C,3,Z4,4,Digitaria erianthra,8,,22.6,,,,,,,Unfenced,TF,
25/04/2025,C,3,Z4,4,Pogonarthria squarrosa ,2,,20.1,,,,,,,Unfenced,TF,
25/04/2025,C,3,Z1,1,Eragrostis gummiflua,8,,6.3,,N,N,3.5,N,1.2,Fenced,TF,
25/04/2025,C,3,Z1,1,Eragrostis superba,1,,7.1,,,,,,,Fenced,TF,
25/04/2025,C,3,Z1,1,Pogonarthria squarrosa ,3,,9.2,,,,,,,Fenced,TF,
25/04/2025,C,3,Z1,1,Panicum maximum,3,,10.7,,,,,,,Fenced,TF,
25/04/2025,C,3,Z1,1,Eragrostis viscosa,2,,,,,,,,,Fenced,TF,
25/04/2025,C,3,Z1,1,Digitaria erianthra,2,,,,,,,,,Fenced,TF,
25/04/2025,C,3,Z1,2,Digitaria erianthra,3,,9.1,,N,Y,3.5,N,0.5,Fenced,TF,
25/04/2025,C,3,Z1,2,,,,7.9,,,,,,,Fenced,TF,
25/04/2025,C,3,Z1,2,,,,6.8,,,,,,,Fenced,TF,
25/04/2025,C,3,Z1,2,,,,7.3,,,,,,,Fenced,TF,
25/04/2025,C,3,Z1,5,Heteropogon contortus,2,,12.8,,N,N,5,N,1.1,Fenced,TF,
25/04/2025,C,3,Z1,5,Panicum maximum,2,,9.5,,,,,,,Fenced,TF,
25/04/2025,C,3,Z1,5,,,,13.1,,,,,,,Fenced,TF,
25/04/2025,C,3,Z1,5,,,,31,,,,,,,Fenced,TF,
25/04/2025,C,3,Z1,4,Digitaria velutina,2,,20.7,,N,Y,4,N,1,Fenced,TF,
25/04/2025,C,3,Z1,4,Heteropogon contortus,7,,17.1,,,,,,,Fenced,TF,
25/04/2025,C,3,Z1,4,Panicum maximum,1,,14.7,,,,,,,Fenced,TF,
25/04/2025,C,3,Z1,4,,,,13.3,,,,,,,Fenced,TF,
25/04/2025,C,3,Z1,3,Brachiaria brizantha,10,,12.8,,N,Y,7,N,1.2,Fenced,TF,
25/04/2025,C,3,Z1,3,Heteropogon contortus,2,,19,,,,,,,Fenced,TF,
25/04/2025,C,3,Z1,3,Eragrostis viscosa,6,,15.8,,,,,,,Fenced,TF,
25/04/2025,C,3,Z1,3,Brachiaria serrata,3,,14.5,,,,,,,Fenced,TF,
25/04/2025,C,3,Z2,2,Digitaria erianthra,5,,18.1,,N,Y,3.5,N,1,Fenced,TF,
25/04/2025,C,3,Z2,2,Melinis repens,1,,21.1,,,,,,,Fenced,TF,
25/04/2025,C,3,Z2,2,,,,17.3,,,,,,,Fenced,TF,
25/04/2025,C,3,Z2,2,,,,15,,,,,,,Fenced,TF,
25/04/2025,C,3,Z2,1,Heteropogon contortus,2,,16,,N,Y,6,N,1.3,Fenced,TF,
25/04/2025,C,3,Z2,1,Pogonarthria squarrosa ,9,,14.4,,,,,,,Fenced,TF,
25/04/2025,C,3,Z2,1,Digitaria velutina,6,,16.2,,,,,,,Fenced,TF,
25/04/2025,C,3,Z2,1,,,,17.2,,,,,,,Fenced,TF,
25/04/2025,C,3,Z2,4,Brachiaria brizantha,1,,5.5,,N,Y,2.5,N,1.8,Fenced,TF,
25/04/2025,C,3,Z2,4,Brachiaria serrata,1,,4.3,,,,,,,Fenced,TF,
25/04/2025,C,3,Z2,4,,,,0,,,,,,,Fenced,TF,
25/04/2025,C,3,Z2,4,,,,0,,,,,,,Fenced,TF,
25/04/2025,C,3,Z2,5,Heteropogon contortus,3,,13.6,,N,N,6,N,1.2,Fenced,TF,
25/04/2025,C,3,Z2,5,Pogonarthria squarrosa ,7,,22.9,,,,,,,Fenced,TF,
25/04/2025,C,3,Z2,5,Brachiaria brizantha,3,,20.4,,,,,,,Fenced,TF,
25/04/2025,C,3,Z2,5,Aristida adscensionis,2,,20.8,,,,,,,Fenced,TF,
25/04/2025,C,3,Z2,3,Panicum maximum,4,,4.5,,N,Y,3.5,N,1,Fenced,TF,
25/04/2025,C,3,Z2,3,Heteropogon contortus,1,,4.7,,,,,,,Fenced,TF,
25/04/2025,C,3,Z2,3,,,,4,,,,,,,Fenced,TF,
25/04/2025,C,3,Z2,3,,,,4.2,,,,,,,Fenced,F,
