,Year,Site,Plot,Subplot,Spp_name,Grazing_value,DPM_Height,Treatment,Fencing
1,2024,A,1,Z1,Digitaria eriantha,High,19,C,Fenced
2,2024,A,1,Z1,Urochloa mosambicensis,Moderate,18.9,C,Fenced
3,2024,A,1,Z1,Hyperrhenia filipendula,Moderate,11.6,C,Fenced
4,2024,A,1,Z1,NA,NA,11.3,C,Fenced
5,2024,A,1,Z1,Aristida adscensionis,Low,18.7,C,Fenced
6,2024,A,1,Z1,Urochloa mosambicensis,Moderate,18.5,C,Fenced
7,2024,A,1,Z1,Heteropogon contortus,Moderate,19.2,C,Fenced
8,2024,A,1,Z1,Digitaria eriantha,High,19.5,C,Fenced
9,2024,A,1,Z1,Sporobolus africanus,Low,NA,C,Fenced
10,2024,A,1,Z1,Setaria sphacelata,High,19.3,C,Fenced
11,2024,A,1,Z1,Heteropogon contortus,Moderate,18.3,C,Fenced
12,2024,A,1,Z1,Cymbopogon excavatus,Low,18.9,C,Fenced
13,2024,A,1,Z1,NA,NA,19.6,C,Fenced
14,2024,A,1,Z1,Aristida adscensionis,Low,9.1,C,Fenced
15,2024,A,1,Z1,Urochloa mosambicensis,Moderate,9,C,Fenced
16,2024,A,1,Z1,Heteropogon contortus,Moderate,9.1,C,Fenced
17,2024,A,1,Z1,Hyperrhenia filipendula,Moderate,8.1,C,Fenced
18,2024,A,1,Z1,Digitaria eriantha,High,NA,C,Fenced
19,2024,A,1,Z1,Setaria sphacelata,High,NA,C,Fenced
20,2024,A,1,Z1,Eragrostis superba,Moderate,NA,C,Fenced
21,2024,A,1,Z1,Themeda triandra,High,14.2,C,Fenced
22,2024,A,1,Z1,Urochloa mosambicensis,Moderate,20,C,Fenced
23,2024,A,1,Z1,Digitaria eriantha,High,19.7,C,Fenced
24,2024,A,1,Z1,Setaria sphacelata,High,19.6,C,Fenced
25,2024,A,1,Z2,Digitaria eriantha,High,19,C,Fenced
26,2024,A,1,Z2,Urochloa mosambicensis,Moderate,18.9,C,Fenced
27,2024,A,1,Z2,Hyperrhenia filipendula,Moderate,11.6,C,Fenced
28,2024,A,1,Z2,NA,NA,11.3,C,Fenced
29,2024,A,1,Z2,Hyperrhenia filipendula,Moderate,44.6,C,Fenced
30,2024,A,1,Z2,Setaria sphacelata,High,39.6,C,Fenced
31,2024,A,1,Z2,NA,NA,38.2,C,Fenced
32,2024,A,1,Z2,NA,NA,32.5,C,Fenced
33,2024,A,1,Z2,Bothriochloa insculpta,Moderate,18.2,C,Fenced
34,2024,A,1,Z2,Urochloa mosambicensis,Moderate,20.2,C,Fenced
35,2024,A,1,Z2,Hyperrhenia filipendula,Moderate,26.8,C,Fenced
36,2024,A,1,Z2,NA,NA,29.9,C,Fenced
37,2024,A,1,Z2,Urochloa mosambicensis,Moderate,18,C,Fenced
38,2024,A,1,Z2,Hyperrhenia filipendula,Moderate,19.9,C,Fenced
39,2024,A,1,Z2,Setaria sphacelata,High,19.9,C,Fenced
40,2024,A,1,Z2,Heteropogon contortus,Moderate,21,C,Fenced
41,2024,A,1,Z2,Eragrostis gummiflua,Low,NA,C,Fenced
42,2024,A,1,Z2,Hyperrhenia filipendula,Moderate,21.1,C,Fenced
43,2024,A,1,Z2,Setaria sphacelata,High,21.1,C,Fenced
44,2024,A,1,Z2,NA,NA,20.4,C,Fenced
45,2024,A,1,Z2,NA,NA,20.2,C,Fenced
46,2024,A,1,Z3,Setaria sphacelata,High,23.7,C,Unfenced
47,2024,A,1,Z3,Aristida adscensionis,Low,23,C,Unfenced
48,2024,A,1,Z3,Digitaria eriantha,High,22.4,C,Unfenced
49,2024,A,1,Z3,NA,NA,21.7,C,Unfenced
50,2024,A,1,Z3,NA,NA,0,C,Unfenced
51,2024,A,1,Z3,NA,NA,0,C,Unfenced
52,2024,A,1,Z3,NA,NA,0,C,Unfenced
53,2024,A,1,Z3,NA,NA,0,C,Unfenced
54,2024,A,1,Z3,Heteropogon contortus,Moderate,28.9,C,Unfenced
55,2024,A,1,Z3,Digitaria eriantha,High,30.7,C,Unfenced
56,2024,A,1,Z3,Hyperrhenia filipendula,Moderate,31.7,C,Unfenced
57,2024,A,1,Z3,NA,NA,30.9,C,Unfenced
58,2024,A,1,Z3,Pogonarthria squarrosa,Low,16.3,C,Unfenced
59,2024,A,1,Z3,Cymbopogon excavatus,Low,18.7,C,Unfenced
60,2024,A,1,Z3,Urochloa mosambicensis,Moderate,18.1,C,Unfenced
61,2024,A,1,Z3,Hyperrhenia filipendula,Moderate,19.9,C,Unfenced
62,2024,A,1,Z3,Panicum maximum,High,27.1,C,Unfenced
63,2024,A,1,Z3,Heteropogon contortus,Moderate,27.8,C,Unfenced
64,2024,A,1,Z3,NA,NA,28.6,C,Unfenced
65,2024,A,1,Z3,NA,NA,30,C,Unfenced
66,2024,A,1,Z4,Bothriochloa insculpta,Moderate,17.4,C,Unfenced
67,2024,A,1,Z4,Cymbopogon excavatus,Low,12.9,C,Unfenced
68,2024,A,1,Z4,Urochloa mosambicensis,Moderate,16.6,C,Unfenced
69,2024,A,1,Z4,Aristida adscensionis,Low,18.5,C,Unfenced
70,2024,A,1,Z4,Aristida diffusa,Low,NA,C,Unfenced
71,2024,A,1,Z4,Hyperrhenia filipendula,Moderate,21.7,C,Unfenced
72,2024,A,1,Z4,Urochloa mosambicensis,Moderate,20.8,C,Unfenced
73,2024,A,1,Z4,Heteropogon contortus,Moderate,13.5,C,Unfenced
74,2024,A,1,Z4,Digitaria eriantha,High,13.3,C,Unfenced
75,2024,A,1,Z4,Setaria sphacelata,High,17.6,C,Unfenced
76,2024,A,1,Z4,Bothriochloa insculpta,Moderate,17.4,C,Unfenced
77,2024,A,1,Z4,Urochloa mosambicensis,Moderate,15.4,C,Unfenced
78,2024,A,1,Z4,Hyperrhenia filipendula,Moderate,17.2,C,Unfenced
79,2024,A,1,Z4,Heteropogon contortus,Moderate,30.6,C,Unfenced
80,2024,A,1,Z4,Urochloa mosambicensis,Moderate,29.7,C,Unfenced
81,2024,A,1,Z4,Hyperrhenia filipendula,Moderate,29.4,C,Unfenced
82,2024,A,1,Z4,NA,NA,28.4,C,Unfenced
83,2024,A,1,Z4,Heteropogon contortus,Moderate,28.1,C,Unfenced
84,2024,A,1,Z4,Urochloa mosambicensis,Moderate,26.8,C,Unfenced
85,2024,A,1,Z4,Hyperrhenia hirta,Moderate,26.2,C,Unfenced
86,2024,A,1,Z4,NA,NA,25.1,C,Unfenced
87,2024,A,2,Z1,Heteropogon contortus,Moderate,21.7,F,Fenced
88,2024,A,2,Z1,Andropogon eucomus,Low,18.7,F,Fenced
89,2024,A,2,Z1,Bothriochloa insculpta,Moderate,15.9,F,Fenced
90,2024,A,2,Z1,NA,NA,17.6,F,Fenced
91,2024,A,2,Z1,Bothriochloa insculpta,Moderate,23.3,F,Fenced
92,2024,A,2,Z1,Aristida adscensionis,Low,18.9,F,Fenced
93,2024,A,2,Z1,Cymbopogon excavatus,Low,21.1,F,Fenced
94,2024,A,2,Z1,Loudetia simplex,Moderate,22.4,F,Fenced
95,2024,A,2,Z1,Cymbopogon plurinodis,Low,NA,F,Fenced
96,2024,A,2,Z1,Bothriochloa insculpta,Moderate,29.3,F,Fenced
97,2024,A,2,Z1,Urochloa mosambicensis,Moderate,32.5,F,Fenced
98,2024,A,2,Z1,Eragrostis gummiflua,Low,32.4,F,Fenced
99,2024,A,2,Z1,NA,NA,31.1,F,Fenced
100,2024,A,2,Z1,Loudetia simplex,Moderate,14.6,F,Fenced
101,2024,A,2,Z1,Bothriochloa insculpta,Moderate,14.2,F,Fenced
102,2024,A,2,Z1,Eragrostis gummiflua,Low,15.3,F,Fenced
103,2024,A,2,Z1,Hyperrhenia filipendula,Moderate,16.7,F,Fenced
104,2024,A,2,Z1,Bothriochloa insculpta,Moderate,20.2,F,Fenced
105,2024,A,2,Z1,Hyperrhenia filipendula,Moderate,22.4,F,Fenced
106,2024,A,2,Z1,Setaria pumila ,Moderate,23.3,F,Fenced
107,2024,A,2,Z1,NA,NA,21.5,F,Fenced
108,2024,A,2,Z2,Heteropogon contortus,Moderate,17.6,F,Fenced
109,2024,A,2,Z2,Bothriochloa insculpta,Moderate,18.6,F,Fenced
110,2024,A,2,Z2,Loudetia simplex,Moderate,17.2,F,Fenced
111,2024,A,2,Z2,Eragrostis gummiflua,Low,19.4,F,Fenced
112,2024,A,2,Z2,Hyperrhenia filipendula,Moderate,NA,F,Fenced
113,2024,A,2,Z2,Hyperrhenia filipendula,Moderate,41.4,F,Fenced
114,2024,A,2,Z2,NA,NA,41.4,F,Fenced
115,2024,A,2,Z2,NA,NA,33.5,F,Fenced
116,2024,A,2,Z2,NA,NA,25.5,F,Fenced
117,2024,A,2,Z2,Heteropogon contortus,Moderate,23.3,F,Fenced
118,2024,A,2,Z2,Hyperrhenia filipendula,Moderate,18.8,F,Fenced
119,2024,A,2,Z2,Urochloa mosambicensis,Moderate,23.7,F,Fenced
120,2024,A,2,Z2,NA,NA,27.4,F,Fenced
121,2024,A,2,Z2,Heteropogon contortus,Moderate,14.1,F,Fenced
122,2024,A,2,Z2,Hyperrhenia filipendula,Moderate,20.5,F,Fenced
123,2024,A,2,Z2,NA,NA,15.5,F,Fenced
124,2024,A,2,Z2,NA,NA,13.9,F,Fenced
125,2024,A,2,Z2,Hyperrhenia filipendula,Moderate,11.8,F,Fenced
126,2024,A,2,Z2,Urochloa mosambicensis,Moderate,17.9,F,Fenced
127,2024,A,2,Z2,NA,NA,23.4,F,Fenced
128,2024,A,2,Z2,NA,NA,22.1,F,Fenced
129,2024,A,2,Z3,Bothriochloa insculpta,Moderate,21.1,F,Unfenced
130,2024,A,2,Z3,Eragrostis gummiflua,Low,22.1,F,Unfenced
131,2024,A,2,Z3,Hyperrhenia filipendula,Moderate,23.6,F,Unfenced
132,2024,A,2,Z3,NA,NA,22.3,F,Unfenced
133,2024,A,2,Z3,Heteropogon contortus,Moderate,13.7,F,Unfenced
134,2024,A,2,Z3,Bothriochloa insculpta,Moderate,10.5,F,Unfenced
135,2024,A,2,Z3,NA,NA,10.3,F,Unfenced
136,2024,A,2,Z3,NA,NA,10.7,F,Unfenced
137,2024,A,2,Z3,Bothriochloa insculpta,Moderate,29.3,F,Unfenced
138,2024,A,2,Z3,Eragrostis gummiflua,Low,32.5,F,Unfenced
139,2024,A,2,Z3,Urochloa mosambicensis,Moderate,32.4,F,Unfenced
140,2024,A,2,Z3,NA,NA,31.1,F,Unfenced
141,2024,A,2,Z3,Bothriochloa insculpta,Moderate,23.4,F,Unfenced
142,2024,A,2,Z3,Urochloa mosambicensis,Moderate,23.8,F,Unfenced
143,2024,A,2,Z3,Heteropogon contortus,Moderate,22.7,F,Unfenced
144,2024,A,2,Z3,NA,NA,23.7,F,Unfenced
145,2024,A,2,Z3,Eragrostis gummiflua,Low,10.2,F,Unfenced
146,2024,A,2,Z3,Bothriochloa insculpta,Moderate,13.9,F,Unfenced
147,2024,A,2,Z3,Cymbopogon excavatus,Low,11,F,Unfenced
148,2024,A,2,Z3,Eragrostis superba,Moderate,10.9,F,Unfenced
149,2024,A,2,Z4,Aristida adscensionis,Low,12.5,F,Unfenced
150,2024,A,2,Z4,Hyperrhenia filipendula,Moderate,12.3,F,Unfenced
151,2024,A,2,Z4,Setaria pumila ,Moderate,17,F,Unfenced
152,2024,A,2,Z4,NA,NA,16.3,F,Unfenced
153,2024,A,2,Z4,Hyperrhenia filipendula,Moderate,17.2,F,Unfenced
154,2024,A,2,Z4,Urochloa mosambicensis,Moderate,9.6,F,Unfenced
155,2024,A,2,Z4,NA,NA,27.7,F,Unfenced
156,2024,A,2,Z4,NA,NA,34.9,F,Unfenced
157,2024,A,2,Z4,Heteropogon contortus,Moderate,13.1,F,Unfenced
158,2024,A,2,Z4,Cymbopogon excavatus,Low,16.9,F,Unfenced
159,2024,A,2,Z4,Urochloa mosambicensis,Moderate,18.2,F,Unfenced
160,2024,A,2,Z4,Hyperrhenia filipendula,Moderate,21.2,F,Unfenced
161,2024,A,2,Z4,Urochloa mosambicensis,Moderate,39.1,F,Unfenced
162,2024,A,2,Z4,Hyperrhenia filipendula,Moderate,43,F,Unfenced
163,2024,A,2,Z4,NA,NA,34.6,F,Unfenced
164,2024,A,2,Z4,NA,NA,30.8,F,Unfenced
165,2024,A,2,Z4,Urochloa mosambicensis,Moderate,29,F,Unfenced
166,2024,A,2,Z4,Hyperrhenia filipendula,Moderate,31.6,F,Unfenced
167,2024,A,2,Z4,NA,NA,32.6,F,Unfenced
168,2024,A,2,Z4,NA,NA,33.3,F,Unfenced
169,2024,A,3,Z1,Aristida diffusa,Low,38,TFB,Fenced
170,2024,A,3,Z1,Aristida congesta C,Low,29.8,TFB,Fenced
171,2024,A,3,Z1,Melinis repens,Low,22,TFB,Fenced
172,2024,A,3,Z1,Urochloa mosambicensis,Moderate,23.9,TFB,Fenced
173,2024,A,3,Z1,Hyperrhenia filipendula,Moderate,11.8,TFB,Fenced
174,2024,A,3,Z1,NA,NA,17.1,TFB,Fenced
175,2024,A,3,Z1,NA,NA,15.3,TFB,Fenced
176,2024,A,3,Z1,NA,NA,15.7,TFB,Fenced
177,2024,A,3,Z1,Bothriochloa insculpta,Moderate,15.4,TFB,Fenced
178,2024,A,3,Z1,Urochloa mosambicensis,Moderate,16.8,TFB,Fenced
179,2024,A,3,Z1,Cymbopogon excavatus,Low,16.7,TFB,Fenced
180,2024,A,3,Z1,NA,NA,16.7,TFB,Fenced
181,2024,A,3,Z1,Hyperrhenia filipendula,Moderate,21.9,TFB,Fenced
182,2024,A,3,Z1,Bothriochloa insculpta,Moderate,21.8,TFB,Fenced
183,2024,A,3,Z1,Urochloa mosambicensis,Moderate,20.9,TFB,Fenced
184,2024,A,3,Z1,NA,NA,18.4,TFB,Fenced
185,2024,A,3,Z1,Urochloa mosambicensis,Moderate,17.6,TFB,Fenced
186,2024,A,3,Z1,Hyperrhenia filipendula,Moderate,15.9,TFB,Fenced
187,2024,A,3,Z1,Heteropogon contortus,Moderate,15.3,TFB,Fenced
188,2024,A,3,Z1,Aristida adscensionis,Low,15.4,TFB,Fenced
189,2024,A,3,Z2,Urochloa mosambicensis,Moderate,31.7,TFB,Unfenced
190,2024,A,3,Z2,Loudetia simplex,Low,31.7,TFB,Unfenced
191,2024,A,3,Z2,Bothriochloa insculpta,Moderate,28.7,TFB,Unfenced
192,2024,A,3,Z2,NA,NA,25.3,TFB,Unfenced
193,2024,A,3,Z2,Bothriochloa insculpta,Moderate,3.6,TFB,Unfenced
194,2024,A,3,Z2,Cymbopogon excavatus,Low,11.2,TFB,Unfenced
195,2024,A,3,Z2,Aristida adscensionis,Low,12.5,TFB,Unfenced
196,2024,A,3,Z2,NA,NA,12.7,TFB,Unfenced
197,2024,A,3,Z2,Bothriochloa insculpta,Moderate,51.3,TFB,Unfenced
198,2024,A,3,Z2,Hyperrhenia hirta,Moderate,36,TFB,Unfenced
199,2024,A,3,Z2,NA,NA,43.7,TFB,Unfenced
200,2024,A,3,Z2,NA,NA,46.1,TFB,Unfenced
201,2024,A,3,Z2,Bothriochloa insculpta,Moderate,5.9,TFB,Unfenced
202,2024,A,3,Z2,Hyperrhenia hirta,Moderate,8.7,TFB,Unfenced
203,2024,A,3,Z2,Digitaria eriantha,High,12.6,TFB,Unfenced
204,2024,A,3,Z2,Eragrostis gummiflua,Low,12.7,TFB,Unfenced
205,2024,A,3,Z2,Urochloa mosambicensis,Moderate,11.8,TFB,Unfenced
206,2024,A,3,Z2,Bothriochloa insculpta,Moderate,15.7,TFB,Unfenced
207,2024,A,3,Z2,Eragrostis gummiflua,Low,18.6,TFB,Unfenced
208,2024,A,3,Z2,NA,NA,20.6,TFB,Unfenced
209,2024,A,3,Z3,Heteropogon contortus,Moderate,10.7,TFB,Fenced
210,2024,A,3,Z3,Aristida adscensionis,Low,16.9,TFB,Fenced
211,2024,A,3,Z3,Melinis repens,Low,13.6,TFB,Fenced
212,2024,A,3,Z3,Eragrostis rigidior,Moderate,13.5,TFB,Fenced
213,2024,A,3,Z3,Cynodon dactylon,High,31.8,TFB,Fenced
214,2024,A,3,Z3,Urochloa mosambicensis,Moderate,29,TFB,Fenced
215,2024,A,3,Z3,Setaria pumila ,Moderate,26.4,TFB,Fenced
216,2024,A,3,Z3,NA,NA,25.9,TFB,Fenced
217,2024,A,3,Z3,Heteropogon contortus,Moderate,26.8,TFB,Fenced
218,2024,A,3,Z3,Aristida adscensionis,Low,19.2,TFB,Fenced
219,2024,A,3,Z3,Urochloa mosambicensis,Moderate,17.8,TFB,Fenced
220,2024,A,3,Z3,Cymbopogon excavatus,Low,16.9,TFB,Fenced
221,2024,A,3,Z3,Digitaria eriantha,High,NA,TFB,Fenced
222,2024,A,3,Z3,Aristida adscensionis,Low,6.8,TFB,Fenced
223,2024,A,3,Z3,Urochloa mosambicensis,Moderate,11.5,TFB,Fenced
224,2024,A,3,Z3,Hyperrhenia filipendula,Moderate,17.8,TFB,Fenced
225,2024,A,3,Z3,Setaria incrassata,High,14.2,TFB,Fenced
226,2024,A,3,Z3,Eragrostis superba,Moderate,NA,TFB,Fenced
227,2024,A,3,Z3,Urochloa mosambicensis,Moderate,31.7,TFB,Fenced
228,2024,A,3,Z3,Hyperrhenia filipendula,Moderate,19.9,TFB,Fenced
229,2024,A,3,Z3,Hyperrhenia hirta,Moderate,18.7,TFB,Fenced
230,2024,A,3,Z3,Pogonarthria squarrosa,Low,18.5,TFB,Fenced
231,2024,A,3,Z4,Heteropogon contortus,Moderate,14.9,TFB,Unfenced
232,2024,A,3,Z4,Aristida adscensionis,Low,17.3,TFB,Unfenced
233,2024,A,3,Z4,NA,NA,19.4,TFB,Unfenced
234,2024,A,3,Z4,NA,NA,16.1,TFB,Unfenced
235,2024,A,3,Z4,Heteropogon contortus,Moderate,8.5,TFB,Unfenced
236,2024,A,3,Z4,Melinis repens,Low,9.7,TFB,Unfenced
237,2024,A,3,Z4,Digitaria eriantha,High,11.6,TFB,Unfenced
238,2024,A,3,Z4,Setaria incrassata,High,10.6,TFB,Unfenced
239,2024,A,3,Z4,Heteropogon contortus,Moderate,6,TFB,Unfenced
240,2024,A,3,Z4,Urochloa mosambicensis,Moderate,10.9,TFB,Unfenced
241,2024,A,3,Z4,Themeda triandra,High,11.4,TFB,Unfenced
242,2024,A,3,Z4,NA,NA,13.2,TFB,Unfenced
243,2024,A,3,Z4,Urochloa mosambicensis,Moderate,42.7,TFB,Unfenced
244,2024,A,3,Z4,Melinis repens,Low,41.3,TFB,Unfenced
245,2024,A,3,Z4,Cymbopogon excavatus,Low,37.6,TFB,Unfenced
246,2024,A,3,Z4,NA,NA,36.9,TFB,Unfenced
247,2024,A,3,Z4,Heteropogon contortus,Moderate,6.4,TFB,Unfenced
248,2024,A,3,Z4,Aristida adscensionis,Low,18,TFB,Unfenced
249,2024,A,3,Z4,Urochloa mosambicensis,Moderate,21,TFB,Unfenced
250,2024,A,3,Z4,Hyperrhenia filipendula,Moderate,23.8,TFB,Unfenced
251,2024,A,3,Z4,Pogonarthria squarrosa,Low,NA,TFB,Unfenced
252,2024,A,4,Z1,Bothriochloa insculpta,Moderate,19.7,TF,Fenced
253,2024,A,4,Z1,NA,NA,22.4,TF,Fenced
254,2024,A,4,Z1,NA,NA,22.6,TF,Fenced
255,2024,A,4,Z1,NA,NA,25,TF,Fenced
256,2024,A,4,Z1,Brachiaria serrata,Moderate,21,TF,Fenced
257,2024,A,4,Z1,Eragrostis gummiflua,Low,20.5,TF,Fenced
258,2024,A,4,Z1,Bothriochloa insculpta,Moderate,20.4,TF,Fenced
259,2024,A,4,Z1,NA,NA,20.5,TF,Fenced
260,2024,A,4,Z1,Heteropogon contortus,Moderate,22.5,TF,Fenced
261,2024,A,4,Z1,Themeda triandra,High,22.5,TF,Fenced
262,2024,A,4,Z1,NA,NA,22.5,TF,Fenced
263,2024,A,4,Z1,NA,NA,22.5,TF,Fenced
264,2024,A,4,Z1,Bothriochloa insculpta,Moderate,24.1,TF,Fenced
265,2024,A,4,Z1,Cymbopogon excavatus,Low,32,TF,Fenced
266,2024,A,4,Z1,NA,NA,34.3,TF,Fenced
267,2024,A,4,Z1,NA,NA,32.5,TF,Fenced
268,2024,A,4,Z1,Bothriochloa insculpta,Moderate,35.6,TF,Fenced
269,2024,A,4,Z1,Urochloa mosambicensis,Moderate,27.9,TF,Fenced
270,2024,A,4,Z1,NA,NA,33.3,TF,Fenced
271,2024,A,4,Z1,NA,NA,37,TF,Fenced
272,2024,A,4,Z2,Bothriochloa insculpta,Moderate,20.5,TF,Unfenced
273,2024,A,4,Z2,Digitaria eriantha,High,21.7,TF,Unfenced
274,2024,A,4,Z2,NA,NA,22,TF,Unfenced
275,2024,A,4,Z1,NA,NA,21.4,TF,Fenced
276,2024,A,4,Z2,Aristida adscensionis,Low,18.7,TF,Unfenced
277,2024,A,4,Z2,Cymbopogon excavatus,Low,19.2,TF,Unfenced
278,2024,A,4,Z2,Heteropogon contortus,Moderate,18.9,TF,Unfenced
279,2024,A,4,Z2,Digitaria eriantha,High,18.5,TF,Unfenced
280,2024,A,4,Z2,Aristida adscensionis,Low,20.5,TF,Unfenced
281,2024,A,4,Z2,Heteropogon contortus,Moderate,20.7,TF,Unfenced
282,2024,A,4,Z2,NA,NA,20.5,TF,Unfenced
283,2024,A,4,Z2,NA,NA,21.4,TF,Unfenced
284,2024,A,4,Z2,Cymbopogon excavatus,Low,36.4,TF,Unfenced
285,2024,A,4,Z2,Heteropogon contortus,Moderate,36.6,TF,Unfenced
286,2024,A,4,Z2,Andropogon eucomus,Low,32.1,TF,Unfenced
287,2024,A,4,Z2,NA,NA,30.6,TF,Unfenced
288,2024,A,4,Z2,Aristida adscensionis,Low,23,TF,Unfenced
289,2024,A,4,Z2,Themeda triandra,High,23.1,TF,Unfenced
290,2024,A,4,Z2,NA,NA,21.7,TF,Unfenced
291,2024,A,4,Z2,NA,NA,21.1,TF,Unfenced
292,2024,A,4,Z3,Loudetia simplex,Low,20.2,TF,Fenced
293,2024,A,4,Z3,Bothriochloa insculpta,Moderate,20.1,TF,Fenced
294,2024,A,4,Z3,NA,NA,20.1,TF,Fenced
295,2024,A,4,Z3,NA,NA,20.4,TF,Fenced
296,2024,A,4,Z3,Bothriochloa insculpta,Moderate,20.2,TF,Fenced
297,2024,A,4,Z3,Aristida adscensionis,Low,20.3,TF,Fenced
298,2024,A,4,Z3,NA,NA,20.6,TF,Fenced
299,2024,A,4,Z3,NA,NA,20,TF,Fenced
300,2024,A,4,Z3,Bothriochloa insculpta,Moderate,12.7,TF,Fenced
301,2024,A,4,Z3,Andropogon eucomus,Low,17.2,TF,Fenced
302,2024,A,4,Z3,NA,NA,16.1,TF,Fenced
303,2024,A,4,Z3,NA,NA,17.3,TF,Fenced
304,2024,A,4,Z3,Urochloa mosambicensis,Moderate,3.7,TF,Fenced
305,2024,A,4,Z3,Digitaria eriantha,High,9.5,TF,Fenced
306,2024,A,4,Z3,Andropogon eucomus,Low,13,TF,Fenced
307,2024,A,4,Z3,Bothriochloa insculpta,Moderate,11.4,TF,Fenced
308,2024,A,4,Z3,Bothriochloa insculpta,Moderate,19.6,TF,Fenced
309,2024,A,4,Z3,Aristida adscensionis,Low,20,TF,Fenced
310,2024,A,4,Z3,NA,NA,20.1,TF,Fenced
311,2024,A,4,Z3,NA,NA,20.1,TF,Fenced
312,2024,A,4,Z4,Bothriochloa insculpta,Moderate,18.3,TF,Unfenced
313,2024,A,4,Z4,Heteropogon contortus,Moderate,18.9,TF,Unfenced
314,2024,A,4,Z4,Melinis repens,Low,19,TF,Unfenced
315,2024,A,4,Z4,NA,NA,18.9,TF,Unfenced
316,2024,A,4,Z4,Andropogon eucomus,Low,17.9,TF,Unfenced
317,2024,A,4,Z4,Urochloa mosambicensis,Moderate,19.1,TF,Unfenced
318,2024,A,4,Z4,Cymbopogon excavatus,Low,19.4,TF,Unfenced
319,2024,A,4,Z4,NA,NA,19.4,TF,Unfenced
320,2024,A,4,Z4,Heteropogon contortus,Moderate,23,TF,Unfenced
321,2024,A,4,Z4,Themeda triandra,High,22.2,TF,Unfenced
322,2024,A,4,Z4,Eragrostis superba,Moderate,21.3,TF,Unfenced
323,2024,A,4,Z4,NA,NA,20.8,TF,Unfenced
324,2024,A,4,Z4,Bothriochloa insculpta,Moderate,19.9,TF,Unfenced
325,2024,A,4,Z4,Heteropogon contortus,Moderate,19.9,TF,Unfenced
326,2024,A,4,Z4,Digitaria eriantha,High,19.5,TF,Unfenced
327,2024,A,4,Z4,NA,NA,19.2,TF,Unfenced
328,2024,A,4,Z4,Heteropogon contortus,Moderate,25.7,TF,Unfenced
329,2024,A,4,Z4,Themeda triandra,High,17.1,TF,Unfenced
330,2024,A,4,Z4,Eragrostis superba,Moderate,17.8,TF,Unfenced
331,2024,A,4,Z4,Digitaria eriantha,High,22.1,TF,Unfenced
332,2024,A,5,Z1,Hyperrhenia hirta,Moderate,12.1,THF,Fenced
333,2024,A,5,Z1,Urochloa mosambicensis,Moderate,13.8,THF,Fenced
334,2024,A,5,Z1,Hyperrhenia filipendula,Moderate,13.7,THF,Fenced
335,2024,A,5,Z1,Bothriochloa insculpta,Moderate,14.2,THF,Fenced
336,2024,A,5,Z1,Heteropogon contortus,Moderate,NA,THF,Fenced
337,2024,A,5,Z1,Aristida adscensionis,Low,NA,THF,Fenced
338,2024,A,5,Z1,Urochloa mosambicensis,Moderate,25.6,THF,Fenced
339,2024,A,5,Z1,Aristida adscensionis,Low,20.8,THF,Fenced
340,2024,A,5,Z1,NA,NA,22.3,THF,Fenced
341,2024,A,5,Z1,NA,NA,22.7,THF,Fenced
342,2024,A,5,Z1,Cymbopogon excavatus,Low,28.2,THF,Fenced
343,2024,A,5,Z1,Bothriochloa insculpta,Moderate,28.8,THF,Fenced
344,2024,A,5,Z1,Urochloa mosambicensis,Moderate,31.2,THF,Fenced
345,2024,A,5,Z1,NA,NA,28.8,THF,Fenced
346,2024,A,5,Z1,Hyperrhenia hirta,Moderate,21,THF,Fenced
347,2024,A,5,Z1,Heteropogon contortus,Moderate,17.1,THF,Fenced
348,2024,A,5,Z1,Urochloa mosambicensis,Moderate,21.7,THF,Fenced
349,2024,A,5,Z1,NA,NA,23,THF,Fenced
350,2024,A,5,Z1,Urochloa mosambicensis,Moderate,17.1,THF,Fenced
351,2024,A,5,Z1,Hyperrhenia filipendula,Moderate,14.7,THF,Fenced
352,2024,A,5,Z1,Bothriochloa insculpta,Moderate,21.1,THF,Fenced
353,2024,A,5,Z1,NA,NA,21.4,THF,Fenced
354,2024,A,5,Z2,Urochloa mosambicensis,Moderate,22.6,THF,Unfenced
355,2024,A,5,Z2,Heteropogon contortus,Moderate,16.8,THF,Unfenced
356,2024,A,5,Z2,Aristida adscensionis,Low,14.9,THF,Unfenced
357,2024,A,5,Z2,Setaria sphacelata,High,13.6,THF,Unfenced
358,2024,A,5,Z2,Urochloa mosambicensis,Moderate,10.6,THF,Unfenced
359,2024,A,5,Z2,Bothriochloa insculpta,Moderate,14.8,THF,Unfenced
360,2024,A,5,Z2,Heteropogon contortus,Moderate,17,THF,Unfenced
361,2024,A,5,Z2,Aristida adscensionis,Low,19.8,THF,Unfenced
362,2024,A,5,Z2,Melinis repens,Low,NA,THF,Unfenced
363,2024,A,5,Z2,Panicum maximum,High,10.8,THF,Unfenced
364,2024,A,5,Z2,Hyperrhenia filipendula,Moderate,9.2,THF,Unfenced
365,2024,A,5,Z2,NA,NA,11.4,THF,Unfenced
366,2024,A,5,Z2,NA,NA,10.3,THF,Unfenced
367,2024,A,5,Z2,Heteropogon contortus,Moderate,17.7,THF,Unfenced
368,2024,A,5,Z2,Hyperrhenia filipendula,Moderate,17.5,THF,Unfenced
369,2024,A,5,Z2,Cymbopogon excavatus,Low,17.4,THF,Unfenced
370,2024,A,5,Z2,NA,NA,16.4,THF,Unfenced
371,2024,A,5,Z2,Urochloa mosambicensis,Moderate,15.1,THF,Unfenced
372,2024,A,5,Z2,Cymbopogon excavatus,Low,17.3,THF,Unfenced
373,2024,A,5,Z2,NA,NA,20.1,THF,Unfenced
374,2024,A,5,Z2,NA,NA,22.7,THF,Unfenced
375,2024,A,5,Z3,Bothriochloa insculpta,Moderate,29.8,THF,Fenced
376,2024,A,5,Z3,Urochloa mosambicensis,Moderate,26.7,THF,Fenced
377,2024,A,5,Z3,NA,NA,22.3,THF,Fenced
378,2024,A,5,Z3,NA,NA,22.3,THF,Fenced
379,2024,A,5,Z3,Bothriochloa insculpta,Moderate,36.3,THF,Fenced
380,2024,A,5,Z3,Heteropogon contortus,Moderate,34.5,THF,Fenced
381,2024,A,5,Z3,Eragrostis gummiflua,Low,34.2,THF,Fenced
382,2024,A,5,Z3,Andropogon eucomus,Low,34.5,THF,Fenced
383,2024,A,5,Z3,Aristida adscensionis,Low,20.4,THF,Fenced
384,2024,A,5,Z3,Bothriochloa insculpta,Moderate,17.1,THF,Fenced
385,2024,A,5,Z3,NA,NA,19.3,THF,Fenced
386,2024,A,5,Z3,NA,NA,18.6,THF,Fenced
387,2024,A,5,Z3,Bothriochloa insculpta,Moderate,17.1,THF,Fenced
388,2024,A,5,Z3,Aristida adscensionis,Low,17,THF,Fenced
389,2024,A,5,Z3,Cymbopogon excavatus,Low,20.2,THF,Fenced
390,2024,A,5,Z3,Eragrostis superba,Moderate,22.5,THF,Fenced
391,2024,A,5,Z3,Heteropogon contortus,Moderate,8.7,THF,Fenced
392,2024,A,5,Z3,Bothriochloa insculpta,Moderate,11.6,THF,Fenced
393,2024,A,5,Z3,Hyperrhenia hirta,Moderate,11.3,THF,Fenced
394,2024,A,5,Z3,NA,NA,10.3,THF,Fenced
395,2024,A,5,Z4,Bothriochloa insculpta,Moderate,13.2,THF,Unfenced
396,2024,A,5,Z4,Heteropogon contortus,Moderate,17.8,THF,Unfenced
397,2024,A,5,Z4,Aristida adscensionis,Low,18.3,THF,Unfenced
398,2024,A,5,Z4,Cymbopogon excavatus,Low,17.6,THF,Unfenced
399,2024,A,5,Z4,Eragrostis gummiflua,Low,19.1,THF,Unfenced
400,2024,A,5,Z4,Bothriochloa insculpta,Moderate,16,THF,Unfenced
401,2024,A,5,Z4,Cymbopogon excavatus,Low,17.5,THF,Unfenced
402,2024,A,5,Z4,NA,NA,18.1,THF,Unfenced
403,2024,A,5,Z4,Bothriochloa insculpta,Moderate,20.8,THF,Unfenced
404,2024,A,5,Z4,Aristida adscensionis,Low,18.1,THF,Unfenced
405,2024,A,5,Z4,Urochloa mosambicensis,Moderate,23.3,THF,Unfenced
406,2024,A,5,Z4,Hyperrhenia filipendula,Moderate,24.5,THF,Unfenced
407,2024,A,5,Z4,Bothriochloa insculpta,Moderate,35.3,THF,Unfenced
408,2024,A,5,Z4,Cymbopogon excavatus,Low,24.2,THF,Unfenced
409,2024,A,5,Z4,NA,NA,19,THF,Unfenced
410,2024,A,5,Z4,NA,NA,23.6,THF,Unfenced
411,2024,A,5,Z4,Heteropogon contortus,Moderate,18.8,THF,Unfenced
412,2024,A,5,Z4,Bothriochloa insculpta,Moderate,15.6,THF,Unfenced
413,2024,A,5,Z4,Urochloa mosambicensis,Moderate,18.3,THF,Unfenced
414,2024,A,5,Z4,NA,NA,18.6,THF,Unfenced
415,2024,A,1,Z1,Eragrostis superba,Moderate,6.4,C,Fenced
416,2024,A,1,Z1,Heteropogon contortus,Moderate,2.8,C,Fenced
417,2024,A,1,Z1,Cymbopogon excavatus,Low,5.8,C,Fenced
418,2024,B,1,Z1,NA,NA,2.6,C,Fenced
419,2024,B,1,Z1,Eragrostis gummiflua,Low,5.1,C,Fenced
420,2024,B,1,Z1,Heteropogon contortus,Moderate,4.2,C,Fenced
421,2024,B,1,Z1,Cymbopogon excavatus,Low,6.7,C,Fenced
422,2024,B,1,Z1,NA,NA,6.2,C,Fenced
423,2024,B,1,Z1,Cymbopogon excavatus,Low,6.1,C,Fenced
424,2024,B,1,Z1,Heteropogon contortus,Moderate,3.7,C,Fenced
425,2024,B,1,Z1,Melinis repens,Low,3.2,C,Fenced
426,2024,B,1,Z1,Aristida congesta C,Low,2.4,C,Fenced
427,2024,B,1,Z1,Eragrostis gummiflua,Low,8.5,C,Fenced
428,2024,B,1,Z1,Eragrostis rigidior,Moderate,3.1,C,Fenced
429,2024,B,1,Z1,Melinis repens,Low,4.4,C,Fenced
430,2024,B,1,Z1,Heteropogon contortus,Moderate,4.2,C,Fenced
431,2024,B,1,Z1,Aristida congesta C,Low,6.7,C,Fenced
432,2024,B,1,Z1,Heteropogon contortus,Moderate,6,C,Fenced
433,2024,B,1,Z1,NA,NA,6.7,C,Fenced
434,2024,B,1,Z1,NA,NA,5.3,C,Fenced
435,2024,B,1,Z2,Cymbopogon excavatus,Low,2.2,C,Unfenced
436,2024,B,1,Z2,Eragrostis rigidior,Moderate,8,C,Unfenced
437,2024,B,1,Z2,Heteropogon contortus,Moderate,14,C,Unfenced
438,2024,B,1,Z2,Aristida  canescens,Low,20,C,Unfenced
439,2024,B,1,Z2,Aristida congesta C,Low,7,C,Unfenced
440,2024,B,1,Z2,Eragrostis rigidior,Moderate,8.2,C,Unfenced
441,2024,B,1,Z2,Heteropogon contortus,Moderate,5.9,C,Unfenced
442,2024,B,1,Z2,Aristida  canescens,Low,6.6,C,Unfenced
443,2024,B,1,Z2,Bothriochloa insculpta,Moderate,2.6,C,Unfenced
444,2024,B,1,Z2,Melinis repens,Low,6,C,Unfenced
445,2024,B,1,Z2,Heteropogon contortus,Moderate,7.6,C,Unfenced
446,2024,B,1,Z2,NA,NA,6.6,C,Unfenced
447,2024,B,1,Z2,Cymbopogon excavatus,Low,11.4,C,Unfenced
448,2024,B,1,Z2,Bothriochloa insculpta,Moderate,22.9,C,Unfenced
449,2024,B,1,Z2,NA,NA,6.3,C,Unfenced
450,2024,B,1,Z2,NA,NA,31,C,Unfenced
451,2024,B,1,Z2,Heteropogon contortus,Moderate,5.6,C,Unfenced
452,2024,B,1,Z2,Melinis repens,Low,7.2,C,Unfenced
453,2024,B,1,Z2,Bothriochloa insculpta,Moderate,5.2,C,Unfenced
454,2024,B,1,Z2,NA,NA,7.5,C,Unfenced
455,2024,B,1,Z3,Aristida congesta B,Low,4,C,Fenced
456,2024,B,1,Z3,Eragrostis rigidior,Moderate,4.7,C,Fenced
457,2024,B,1,Z3,Eragrostis superba,Moderate,4.7,C,Fenced
458,2024,B,1,Z3,Cymbopogon excavatus,Low,10.5,C,Fenced
459,2024,B,1,Z3,Hyperrhenia filipendula,Moderate,NA,C,Fenced
460,2024,B,1,Z3,Heteropogon contortus,Moderate,NA,C,Fenced
461,2024,B,1,Z3,Eragrostis gummiflua,Low,10.7,C,Fenced
462,2024,B,1,Z3,Heteropogon contortus,Moderate,11.9,C,Fenced
463,2024,B,1,Z3,Eragrostis superba,Moderate,10.6,C,Fenced
464,2024,B,1,Z3,NA,NA,9.7,C,Fenced
465,2024,B,1,Z3,Aristida congesta B,Low,7.3,C,Fenced
466,2024,B,1,Z3,Eragrostis superba,Moderate,8.8,C,Fenced
467,2024,B,1,Z3,Heteropogon contortus,Moderate,12.3,C,Fenced
468,2024,B,1,Z3,Eragrostis gummiflua,Low,5.6,C,Fenced
469,2024,B,1,Z3,Aristida adscensionis,Moderate,NA,C,Fenced
470,2024,B,1,Z3,Bothriochloa insculpta,Moderate,NA,C,Fenced
471,2024,B,1,Z3,Aristida congesta B,Low,5.3,C,Fenced
472,2024,B,1,Z3,Heteropogon contortus,Moderate,5.9,C,Fenced
473,2024,B,1,Z3,Eragrostis gummiflua,Low,5.3,C,Fenced
474,2024,B,1,Z3,Aristida adscensionis,Low,5.2,C,Fenced
475,2024,B,1,Z3,Melinis repens,Low,NA,C,Fenced
476,2024,B,1,Z3,Themeda triandra,High,NA,C,Fenced
477,2024,B,1,Z3,Setaria sphacelata,High,NA,C,Fenced
478,2024,B,1,Z3,Heteropogon contortus,Moderate,5.1,C,Fenced
479,2024,B,1,Z3,Cymbopogon excavatus,Low,5.5,C,Fenced
480,2024,B,1,Z3,NA,NA,5.9,C,Fenced
481,2024,B,1,Z3,NA,NA,6.5,C,Fenced
482,2024,B,1,Z4,Eragrostis gummiflua,Low,2.8,C,Unfenced
483,2024,B,1,Z4,Heteropogon contortus,Moderate,5.7,C,Unfenced
484,2024,B,1,Z4,Cymbopogon excavatus,Low,8.2,C,Unfenced
485,2024,B,1,Z4,Melinis repens,Low,7.1,C,Unfenced
486,2024,B,1,Z4,Bothriochloa insculpta,Moderate,NA,C,Unfenced
487,2024,B,1,Z4,Heteropogon contortus,Moderate,3.8,C,Unfenced
488,2024,B,1,Z4,Cymbopogon excavatus,Low,7,C,Unfenced
489,2024,B,1,Z4,NA,NA,5.8,C,Unfenced
490,2024,B,1,Z4,NA,NA,5.8,C,Unfenced
491,2024,B,1,Z4,Cymbopogon excavatus,Low,16.4,C,Unfenced
492,2024,B,1,Z4,Eragrostis superba,Moderate,17.6,C,Unfenced
493,2024,B,1,Z4,Eragrostis gummiflua,Low,14.9,C,Unfenced
494,2024,B,1,Z4,Aristida congesta B,Low,13.4,C,Unfenced
495,2024,B,1,Z4,Heteropogon contortus,Moderate,NA,C,Unfenced
496,2024,B,1,Z4,Heteropogon contortus,Moderate,4,C,Unfenced
497,2024,B,1,Z4,Cymbopogon excavatus,Low,3.4,C,Unfenced
498,2024,B,1,Z4,Melinis repens,Low,4.8,C,Unfenced
499,2024,B,1,Z4,Bothriochloa insculpta,Moderate,4.9,C,Unfenced
500,2024,B,1,Z4,Heteropogon contortus,Moderate,1.9,C,Unfenced
501,2024,B,1,Z4,Eragrostis gummiflua,Low,4.2,C,Unfenced
502,2024,B,1,Z4,Eragrostis superba,Moderate,6.7,C,Unfenced
503,2024,B,1,Z4,NA,NA,7,C,Unfenced
504,2024,B,2,Z1,Brachiaria serrata,Moderate,7.9,F,Fenced
505,2024,B,2,Z1,Heteropogon contortus,Moderate,8.2,F,Fenced
506,2024,B,2,Z1,Aristida adscensionis,Low,8.9,F,Fenced
507,2024,B,2,Z1,Bothriochloa insculpta,Moderate,9.8,F,Fenced
508,2024,B,2,Z1,Heteropogon contortus,Moderate,18.5,F,Fenced
509,2024,B,2,Z1,Cymbopogon excavatus,Low,18.5,F,Fenced
510,2024,B,2,Z1,Aristida adscensionis,Low,16.1,F,Fenced
511,2024,B,2,Z1,Themeda triandra,High,17.4,F,Fenced
512,2024,B,2,Z1,Heteropogon contortus,Moderate,10.7,F,Fenced
513,2024,B,2,Z1,Cymbopogon excavatus,Low,11,F,Fenced
514,2024,B,2,Z1,NA,NA,14.8,F,Fenced
515,2024,B,2,Z1,NA,NA,14.9,F,Fenced
516,2024,B,2,Z1,Heteropogon contortus,Moderate,9.5,F,Fenced
517,2024,B,2,Z1,Cymbopogon excavatus,Low,10.4,F,Fenced
518,2024,B,2,Z1,Aristida adscensionis,Low,13.2,F,Fenced
519,2024,B,2,Z1,Eragrostis rigidior,Moderate,12.3,F,Fenced
520,2024,B,2,Z1,Cymbopogon excavatus,Low,17.1,F,Fenced
521,2024,B,2,Z1,Aristida adscensionis,Low,17.2,F,Fenced
522,2024,B,2,Z1,Melinis repens,Low,18.8,F,Fenced
523,2024,B,2,Z1,NA,NA,15.6,F,Fenced
524,2024,B,2,Z2,Cymbopogon excavatus,Low,16.8,F,Unfenced
525,2024,B,2,Z2,Hyperrhenia filipendula,Moderate,13.3,F,Unfenced
526,2024,B,2,Z2,Heteropogon contortus,Moderate,11,F,Unfenced
527,2024,B,2,Z2,Melinis repens,Low,22.9,F,Unfenced
528,2024,B,2,Z2,Bothriochloa insculpta,Moderate,NA,F,Unfenced
529,2024,B,2,Z2,Heteropogon contortus,Moderate,3.4,F,Unfenced
530,2024,B,2,Z2,Melinis repens,Low,5.7,F,Unfenced
531,2024,B,2,Z2,Panicum maximum,High,7.4,F,Unfenced
532,2024,B,2,Z2,NA,NA,12,F,Unfenced
533,2024,B,2,Z2,Eragrostis gummiflua,Low,9.6,F,Unfenced
534,2024,B,2,Z2,Heteropogon contortus,Moderate,9.4,F,Unfenced
535,2024,B,2,Z2,Cymbopogon excavatus,Low,9.7,F,Unfenced
536,2024,B,2,Z2,Bothriochloa insculpta,Moderate,9.4,F,Unfenced
537,2024,B,2,Z2,Eragrostis gummiflua,Low,9.3,F,Unfenced
538,2024,B,2,Z2,Heteropogon contortus,Moderate,8.3,F,Unfenced
539,2024,B,2,Z2,Cymbopogon excavatus,Low,7.8,F,Unfenced
540,2024,B,2,Z2,Bothriochloa insculpta,Moderate,7.5,F,Unfenced
541,2024,B,2,Z2,Eragrostis rigidior,Moderate,NA,F,Unfenced
542,2024,B,2,Z2,Melinis repens,Low,NA,F,Unfenced
543,2024,B,2,Z2,Cymbopogon excavatus,Low,9.3,F,Unfenced
544,2024,B,2,Z2,Eragrostis gummiflua,Low,15.3,F,Unfenced
545,2024,B,2,Z2,Heteropogon contortus,Moderate,11,F,Unfenced
546,2024,B,2,Z2,Urochloa mosambicensis,Moderate,6.1,F,Unfenced
547,2024,B,2,Z3,Heteropogon contortus,Moderate,6.3,F,Fenced
548,2024,B,2,Z3,Aristida adscensionis,Low,5.7,F,Fenced
549,2024,B,2,Z3,Bothriochloa insculpta,Moderate,10.9,F,Fenced
550,2024,B,2,Z3,NA,NA,11.1,F,Fenced
551,2024,B,2,Z3,Heteropogon contortus,Moderate,2.1,F,Fenced
552,2024,B,2,Z3,Cymbopogon excavatus,Low,4.6,F,Fenced
553,2024,B,2,Z3,NA,NA,6.9,F,Fenced
554,2024,B,2,Z3,NA,NA,10.6,F,Fenced
555,2024,B,2,Z3,Eragrostis gummiflua,Low,25.2,F,Fenced
556,2024,B,2,Z3,Heteropogon contortus,Moderate,24.3,F,Fenced
557,2024,B,2,Z3,Cymbopogon excavatus,Moderate,24,F,Fenced
558,2024,B,2,Z3,Aristida adscensionis,Low,28.7,F,Fenced
559,2024,B,2,Z3,Melinis repens,Low,NA,F,Fenced
560,2024,B,2,Z3,Digitaria eriantha,High,NA,F,Fenced
561,2024,B,2,Z3,Heteropogon contortus,Moderate,6,F,Fenced
562,2024,B,2,Z3,Cymbopogon excavatus,Low,4.5,F,Fenced
563,2024,B,2,Z3,Setaria pumila ,Moderate,4.7,F,Fenced
564,2024,B,2,Z3,NA,NA,3.8,F,Fenced
565,2024,B,2,Z3,Aristida adscensionis,Low,10.6,F,Fenced
566,2024,B,2,Z3,Heteropogon contortus,Moderate,13,F,Fenced
567,2024,B,2,Z3,Digitaria eriantha,High,12.3,F,Fenced
568,2024,B,2,Z3,NA,NA,NA,F,Fenced
569,2024,B,2,Z4,Heteropogon contortus,Moderate,16.8,F,Unfenced
570,2024,B,2,Z4,Cymbopogon excavatus,NA,19.1,F,Unfenced
571,2024,B,2,Z4,NA,NA,16.8,F,Unfenced
572,2024,B,2,Z4,NA,NA,17.2,F,Unfenced
573,2024,B,2,Z4,Heteropogon contortus,Moderate,12.2,F,Unfenced
574,2024,B,2,Z4,Cymbopogon excavatus,Low,19.4,F,Unfenced
575,2024,B,2,Z4,NA,NA,14.9,F,Unfenced
576,2024,B,2,Z4,NA,NA,13.2,F,Unfenced
577,2024,B,2,Z4,Heteropogon contortus,Moderate,9.3,F,Unfenced
578,2024,B,2,Z4,Cymbopogon excavatus,Low,10.1,F,Unfenced
579,2024,B,2,Z4,Eragrostis rigidior,Moderate,10.8,F,Unfenced
580,2024,B,2,Z4,Aristida  canescens,Low,10,F,Unfenced
581,2024,B,2,Z4,Setaria incrassata,High,NA,F,Unfenced
582,2024,B,2,Z4,Eragrostis gummiflua,Low,NA,F,Unfenced
583,2024,B,2,Z4,Heteropogon contortus,Moderate,9.8,F,Unfenced
584,2024,B,2,Z4,Aristida congesta B,Low,7.6,F,Unfenced
585,2024,B,2,Z4,NA,NA,10,F,Unfenced
586,2024,B,2,Z4,NA,NA,9,F,Unfenced
587,2024,B,2,Z4,Heteropogon contortus,Moderate,9.8,F,Unfenced
588,2024,B,2,Z4,Aristida congesta B,Low,7.6,F,Unfenced
589,2024,B,2,Z4,NA,NA,10,F,Unfenced
590,2024,B,2,Z4,NA,NA,9,F,Unfenced
591,2024,B,2,Z4,Heteropogon contortus,Moderate,8.6,F,Unfenced
592,2024,B,2,Z4,Eragrostis gummiflua,Low,5.2,F,Unfenced
593,2024,B,2,Z4,NA,NA,5.4,F,Unfenced
594,2024,B,2,Z4,NA,NA,4,F,Unfenced
595,2024,B,3,Z1,Cymbopogon excavatus,Low,6.8,TF,Fenced
596,2024,B,3,Z1,Cynodon dactylon,High,8.1,TF,Fenced
597,2024,B,3,Z1,Eragrostis superba,Moderate,8.7,TF,Fenced
598,2024,B,3,Z1,Themeda triandra,High,10.5,TF,Fenced
599,2024,B,3,Z1,Bothriochloa insculpta,Moderate,NA,TF,Fenced
600,2024,B,3,Z1,Cymbopogon plurinodis,Low,9.5,TF,Fenced
601,2024,B,3,Z1,Cymbopogon excavatus,Low,9.9,TF,Fenced
602,2024,B,3,Z1,Setaria incrassata,High,9.1,TF,Fenced
603,2024,B,3,Z1,Eragrostis superba,Moderate,10.2,TF,Fenced
604,2024,B,3,Z1,Digitaria eriantha,High,NA,TF,Fenced
605,2024,B,3,Z1,Heteropogon contortus,Moderate,NA,TF,Fenced
606,2024,B,3,Z1,Melinis repens,Low,NA,TF,Fenced
607,2024,B,3,Z1,Heteropogon contortus,Moderate,7.5,TF,Fenced
608,2024,B,3,Z1,Melinis repens,Low,6.8,TF,Fenced
609,2024,B,3,Z1,Aristida adscensionis,Low,7.3,TF,Fenced
610,2024,B,3,Z1,Bothriochloa insculpta,Moderate,8.6,TF,Fenced
611,2024,B,3,Z1,Cynodon dactylon,High,14.1,TF,Fenced
612,2024,B,3,Z1,Melinis repens,Low,10.9,TF,Fenced
613,2024,B,3,Z1,Aristida adscensionis,Low,10.1,TF,Fenced
614,2024,B,3,Z1,Cymbopogon excavatus,Low,10.4,TF,Fenced
615,2024,B,3,Z1,Cymbopogon plurinodis,Low,NA,TF,Fenced
616,2024,B,3,Z1,Heteropogon contortus,Moderate,15.4,TF,Fenced
617,2024,B,3,Z1,Melinis repens,Low,16.2,TF,Fenced
618,2024,B,3,Z1,Aristida adscensionis,Low,17.1,TF,Fenced
619,2024,B,3,Z1,Bothriochloa insculpta,Moderate,16.9,TF,Fenced
620,2024,B,3,Z1,Cymbopogon plurinodis,Low,NA,TF,Fenced
621,2024,B,3,Z2,Cynodon dactylon,High,10.2,TF,Fenced
622,2024,B,3,Z2,Themeda triandra,High,15.3,TF,Fenced
623,2024,B,3,Z2,Melinis repens,Low,16.6,TF,Fenced
624,2024,B,3,Z2,Eragrostis gummiflua,Low,17.2,TF,Fenced
625,2024,B,3,Z2,Themeda triandra,High,16.9,TF,Fenced
626,2024,B,3,Z2,Hyperrhenia filipendula,Moderate,17.3,TF,Fenced
627,2024,B,3,Z2,Cymbopogon excavatus,Low,15,TF,Fenced
628,2024,B,3,Z2,Setaria pumila ,Moderate,13.6,TF,Fenced
629,2024,B,3,Z2,Sporobolus africanus,Low,NA,TF,Fenced
630,2024,B,3,Z2,Heteropogon contortus,Moderate,17.3,TF,Fenced
631,2024,B,3,Z2,Melinis repens,Low,15.8,TF,Fenced
632,2024,B,3,Z2,Aristida adscensionis,Low,14.8,TF,Fenced
633,2024,B,3,Z2,Cymbopogon plurinodis,Low,14.6,TF,Fenced
634,2024,B,3,Z2,Cymbopogon excavatus,Low,24.7,TF,Fenced
635,2024,B,3,Z2,Heteropogon contortus,Moderate,26.3,TF,Fenced
636,2024,B,3,Z2,Melinis repens,Low,19.7,TF,Fenced
637,2024,B,3,Z2,Eragrostis gummiflua,Low,21.3,TF,Fenced
638,2024,B,3,Z2,Heteropogon contortus,Moderate,7.5,TF,Fenced
639,2024,B,3,Z2,Cymbopogon excavatus,Low,8.5,TF,Fenced
640,2024,B,3,Z2,Eragrostis gummiflua,Low,12.4,TF,Fenced
641,2024,B,3,Z2,NA,NA,13.5,TF,Fenced
642,2024,B,3,Z3,Eragrostis superba,Moderate,7.9,TF,Unfenced
643,2024,B,3,Z3,Heteropogon contortus,Moderate,10.7,TF,Unfenced
644,2024,B,3,Z3,Melinis repens,Low,10.2,TF,Unfenced
645,2024,B,3,Z3,Eragrostis gummiflua,Low,9.6,TF,Unfenced
646,2024,B,3,Z3,Digitaria eriantha,High,3.2,TF,Unfenced
647,2024,B,3,Z3,Heteropogon contortus,Moderate,2.8,TF,Unfenced
648,2024,B,3,Z3,Melinis repens,Low,5.7,TF,Unfenced
649,2024,B,3,Z3,Eragrostis gummiflua,Low,10.1,TF,Unfenced
650,2024,B,3,Z3,Heteropogon contortus,Moderate,7.3,TF,Unfenced
651,2024,B,3,Z3,Setaria sphacelata,High,9.7,TF,Unfenced
652,2024,B,3,Z3,Themeda triandra,High,11.3,TF,Unfenced
653,2024,B,3,Z3,Digitaria eriantha,high,11.9,TF,Unfenced
654,2024,B,3,Z3,Heteropogon contortus,Moderate,13,TF,Unfenced
655,2024,B,3,Z3,Cymbopogon plurinodis,Low,16.9,TF,Unfenced
656,2024,B,3,Z3,Cymbopogon excavatus,Low,16.7,TF,Unfenced
657,2024,B,3,Z3,NA,NA,16.2,TF,Unfenced
658,2024,B,3,Z3,Heteropogon contortus,Moderate,5.9,TF,Unfenced
659,2024,B,3,Z3,Aristida adscensionis,Low,9.5,TF,Unfenced
660,2024,B,3,Z3,Eragrostis superba,Moderate,10.8,TF,Unfenced
661,2024,B,3,Z3,Eragrostis gummiflua,Low,10.1,TF,Unfenced
662,2024,B,3,Z4,Heteropogon contortus,Moderate,8.4,TF,Unfenced
663,2024,B,3,Z4,Aristida adscensionis,Low,7.2,TF,Unfenced
664,2024,B,3,Z4,Digitaria eriantha,High,10.7,TF,Unfenced
665,2024,B,3,Z4,Eragrostis gummiflua,Low,10.1,TF,Unfenced
666,2024,B,3,Z4,Cymbopogon plurinodis,Low,NA,TF,Unfenced
667,2024,B,3,Z4,Heteropogon contortus,Moderate,13.1,TF,Unfenced
668,2024,B,3,Z4,Aristida adscensionis,Low,12.6,TF,Unfenced
669,2024,B,3,Z4,Digitaria eriantha,High,14.6,TF,Unfenced
670,2024,B,3,Z4,NA,NA,13.1,TF,Unfenced
671,2024,B,3,Z4,Heteropogon contortus,Moderate,15,TF,Unfenced
672,2024,B,3,Z4,Aristida adscensionis,Low,14.5,TF,Unfenced
673,2024,B,3,Z4,Setaria pumila ,Moderate,14.1,TF,Unfenced
674,2024,B,3,Z4,NA,NA,15,TF,Unfenced
675,2024,B,3,Z4,Heteropogon contortus,Moderate,7.9,TF,Unfenced
676,2024,B,3,Z4,Melinis repens,Low,10,TF,Unfenced
677,2024,B,3,Z4,Eragrostis gummiflua,Low,10.3,TF,Unfenced
678,2024,B,3,Z4,NA,NA,10.1,TF,Unfenced
679,2024,B,3,Z4,Heteropogon contortus,Moderate,6,TF,Unfenced
680,2024,B,3,Z4,Digitaria eriantha,High,7.8,TF,Unfenced
681,2024,B,3,Z4,Eragrostis gummiflua,Low,6.6,TF,Unfenced
682,2024,B,3,Z4,NA,NA,8.1,TF,Unfenced
683,2024,B,4,Z1,Cymbopogon excavatus,Low,17.7,TFB,Fenced
684,2024,B,4,Z1,Eragrostis superba,Moderate,17.6,TFB,Fenced
685,2024,B,4,Z1,Heteropogon contortus,Moderate,20,TFB,Fenced
686,2024,B,4,Z1,NA,NA,15.4,TFB,Fenced
687,2024,B,4,Z1,Eragrostis gummiflua,Low,11.8,TFB,Fenced
688,2024,B,4,Z1,Heteropogon contortus,Moderate,13,TFB,Fenced
689,2024,B,4,Z1,Aristida adscensionis,Low,11.2,TFB,Fenced
690,2024,B,4,Z1,Digitaria eriantha,High,13.4,TFB,Fenced
691,2024,B,4,Z1,Eragrostis superba,Moderate,NA,TFB,Fenced
692,2024,B,4,Z1,Cymbopogon plurinodis,Low,NA,TFB,Fenced
693,2024,B,4,Z1,Heteropogon contortus,Moderate,10.2,TFB,Fenced
694,2024,B,4,Z1,Eragrostis rigidior,Low,9,TFB,Fenced
695,2024,B,4,Z1,Melinis repens,Low,9,TFB,Fenced
696,2024,B,4,Z1,Bothriochloa insculpta,Moderate,10.2,TFB,Fenced
697,2024,B,4,Z1,Heteropogon contortus,Moderate,7.8,TFB,Fenced
698,2024,B,4,Z1,Eragrostis superba,Moderate,7.4,TFB,Fenced
699,2024,B,4,Z1,Aristida congesta C,Low,8,TFB,Fenced
700,2024,B,4,Z1,Themeda triandra,High,10,TFB,Fenced
701,2024,B,4,Z1,Heteropogon contortus,Moderate,17.3,TFB,Fenced
702,2024,B,4,Z1,Aristida adscensionis,Low,12.7,TFB,Fenced
703,2024,B,4,Z1,Melinis repens,Low,13.3,TFB,Fenced
704,2024,B,4,Z1,Aristida diffusa,Low,12.7,TFB,Fenced
705,2024,B,4,Z1,Hyperrhenia filipendula,Moderate,NA,TFB,Fenced
706,2024,B,4,Z1,Setaria pumila ,Moderate,NA,TFB,Fenced
707,2024,B,4,Z2,Cymbopogon excavatus,Low,3.7,TFB,Fenced
708,2024,B,4,Z2,Heteropogon contortus,Moderate,3.3,TFB,Fenced
709,2024,B,4,Z2,Melinis repens,Low,8.4,TFB,Fenced
710,2024,B,4,Z2,NA,NA,12.3,TFB,Fenced
711,2024,B,4,Z2,Cymbopogon excavatus,Low,17.7,TFB,Fenced
712,2024,B,4,Z2,Heteropogon contortus,Moderate,17.1,TFB,Fenced
713,2024,B,4,Z2,Eragrostis gummiflua,Low,13.3,TFB,Fenced
714,2024,B,4,Z2,Setaria pumila ,Moderate,12.7,TFB,Fenced
715,2024,B,4,Z2,Cymbopogon excavatus,Low,4.1,TFB,Fenced
716,2024,B,4,Z2,Heteropogon contortus,Moderate,10.4,TFB,Fenced
717,2024,B,4,Z2,Aristida diffusa,Low,8.8,TFB,Fenced
718,2024,B,4,Z2,NA,NA,6.9,TFB,Fenced
719,2024,B,4,Z2,Eragrostis gummiflua,Low,6.4,TFB,Fenced
720,2024,B,4,Z2,Cymbopogon excavatus,Low,6.6,TFB,Fenced
721,2024,B,4,Z2,Heteropogon contortus,Moderate,7.3,TFB,Fenced
722,2024,B,4,Z2,Melinis repens,Low,7.6,TFB,Fenced
723,2024,B,4,Z2,Eragrostis rigidior,Moderate,NA,TFB,Fenced
724,2024,B,4,Z2,Aristida  canescens,Low,NA,TFB,Fenced
725,2024,B,4,Z2,Cymbopogon excavatus,Low,21.1,TFB,Fenced
726,2024,B,4,Z2,Heteropogon contortus,Moderate,15.1,TFB,Fenced
727,2024,B,4,Z2,Eragrostis superba,Moderate,12.2,TFB,Fenced
728,2024,B,4,Z2,NA,NA,14.9,TFB,Fenced
729,2024,B,4,Z3,Heteropogon contortus,Moderate,18.3,TFB,Unfenced
730,2024,B,4,Z3,Melinis repens,Low,26,TFB,Unfenced
731,2024,B,4,Z3,Hyperrhenia filipendula,Moderate,24.6,TFB,Unfenced
732,2024,B,4,Z3,Themeda triandra,High,21,TFB,Unfenced
733,2024,B,4,Z3,Heteropogon contortus,Moderate,18.8,TFB,Unfenced
734,2024,B,4,Z3,Melinis repens,Low,11.2,TFB,Unfenced
735,2024,B,4,Z3,Eragrostis rigidior,Moderate,2,TFB,Unfenced
736,2024,B,4,Z3,NA,NA,3.3,TFB,Unfenced
737,2024,B,4,Z3,Heteropogon contortus,Moderate,4.4,TFB,Unfenced
738,2024,B,4,Z3,Digitaria eriantha,High,4.2,TFB,Unfenced
739,2024,B,4,Z3,NA,NA,4.1,TFB,Unfenced
740,2024,B,4,Z3,NA,NA,5,TFB,Unfenced
741,2024,B,4,Z3,Heteropogon contortus,Moderate,14.1,TFB,Unfenced
742,2024,B,4,Z3,Melinis repens,Low,23.2,TFB,Unfenced
743,2024,B,4,Z3,Hyperrhenia filipendula,Moderate,19.2,TFB,Unfenced
744,2024,B,4,Z3,Themeda triandra,High,11.4,TFB,Unfenced
745,2024,B,4,Z3,Eragrostis superba,Moderate,NA,TFB,Unfenced
746,2024,B,4,Z3,Digitaria eriantha,High,7.3,TFB,Unfenced
747,2024,B,4,Z3,Heteropogon contortus,Moderate,7.7,TFB,Unfenced
748,2024,B,4,Z3,Melinis repens,Low,7.8,TFB,Unfenced
749,2024,B,4,Z3,Aristida adscensionis,Low,9.4,TFB,Unfenced
750,2024,B,4,Z4,Eragrostis rigidior,Moderate,10.7,TFB,Unfenced
751,2024,B,4,Z4,Heteropogon contortus,Moderate,33.7,TFB,Unfenced
752,2024,B,4,Z4,Digitaria eriantha,High,29.4,TFB,Unfenced
753,2024,B,4,Z4,Cymbopogon excavatus,Low,20.7,TFB,Unfenced
754,2024,B,4,Z4,Eragrostis superba,Moderate,NA,TFB,Unfenced
755,2024,B,4,Z4,Heteropogon contortus,Moderate,17.1,TFB,Unfenced
756,2024,B,4,Z4,Melinis repens,Low,17.2,TFB,Unfenced
757,2024,B,4,Z4,Aristida adscensionis,Low,16.3,TFB,Unfenced
758,2024,B,4,Z4,Setaria pumila ,Moderate,14.7,TFB,Unfenced
759,2024,B,4,Z4,Heteropogon contortus,Moderate,16,TFB,Unfenced
760,2024,B,4,Z4,Aristida adscensionis,Low,15,TFB,Unfenced
761,2024,B,4,Z4,Setaria pumila ,Moderate,18.1,TFB,Unfenced
762,2024,B,4,Z4,Eragrostis superba,Moderate,19.4,TFB,Unfenced
763,2024,B,4,Z4,Cymbopogon excavatus,Low,7.8,TFB,Unfenced
764,2024,B,4,Z4,Melinis repens,Low,7.6,TFB,Unfenced
765,2024,B,4,Z4,Heteropogon contortus,Moderate,7.5,TFB,Unfenced
766,2024,B,4,Z4,Eragrostis gummiflua,Low,7.6,TFB,Unfenced
767,2024,B,4,Z4,Cymbopogon excavatus,Low,33.7,TFB,Unfenced
768,2024,B,4,Z4,Melinis repens,Low,31.6,TFB,Unfenced
769,2024,B,4,Z4,Heteropogon contortus,Moderate,31,TFB,Unfenced
770,2024,B,4,Z4,Eragrostis gummiflua,Low,26.4,TFB,Unfenced
771,2024,B,5,Z1,Cynodon dactylon,High,13.2,THF,Fenced
772,2024,B,5,Z1,Heteropogon contortus,Moderate,10.8,THF,Fenced
773,2024,B,5,Z1,Setaria pumila ,Moderate,11.6,THF,Fenced
774,2024,B,5,Z1,Aristida congesta B,Low,11,THF,Fenced
775,2024,B,5,Z1,Heteropogon contortus,Moderate,14.5,THF,Fenced
776,2024,B,5,Z1,Melinis repens,Low,14.6,THF,Fenced
777,2024,B,5,Z1,Hyperrhenia filipendula,Moderate,14,THF,Fenced
778,2024,B,5,Z1,Themeda triandra,High,14.9,THF,Fenced
779,2024,B,5,Z1,Setaria pumila ,Moderate,NA,THF,Fenced
780,2024,B,5,Z1,Cynodon dactylon,High,4.3,THF,Fenced
781,2024,B,5,Z1,Heteropogon contortus,Moderate,5.5,THF,Fenced
782,2024,B,5,Z1,Cymbopogon excavatus,Low,10.1,THF,Fenced
783,2024,B,5,Z1,NA,NA,9.7,THF,Fenced
784,2024,B,5,Z1,Cynodon dactylon,High,13.9,THF,Fenced
785,2024,B,5,Z1,Cymbopogon excavatus,Low,8.2,THF,Fenced
786,2024,B,5,Z1,Setaria pumila ,Moderate,8.5,THF,Fenced
787,2024,B,5,Z1,NA,NA,9.1,THF,Fenced
788,2024,B,5,Z1,Bothriochloa insculpta,Moderate,9.7,THF,Fenced
789,2024,B,5,Z1,Heteropogon contortus,Moderate,8.6,THF,Fenced
790,2024,B,5,Z1,NA,NA,7.1,THF,Fenced
791,2024,B,5,Z1,NA,NA,7.5,THF,Fenced
792,2024,B,5,Z2,Cynodon dactylon,High,12.5,THF,Unfenced
793,2024,B,5,Z2,Heteropogon contortus,Moderate,10,THF,Unfenced
794,2024,B,5,Z2,Aristida congesta B,Low,10.1,THF,Unfenced
795,2024,B,5,Z2,Melinis repens,Low,9.9,THF,Unfenced
796,2024,B,5,Z2,Eragrostis gummiflua,Low,NA,THF,Unfenced
797,2024,B,5,Z2,Eragrostis superba,Moderate,NA,THF,Unfenced
798,2024,B,5,Z2,Cynodon dactylon,High,5,THF,Unfenced
799,2024,B,5,Z2,Heteropogon contortus,Moderate,3.4,THF,Unfenced
800,2024,B,5,Z2,Setaria pumila ,Moderate,4.1,THF,Unfenced
801,2024,B,5,Z2,NA,NA,4.2,THF,Unfenced
802,2024,B,5,Z2,Heteropogon contortus,Moderate,6,THF,Unfenced
803,2024,B,5,Z2,Eragrostis superba,Moderate,7.1,THF,Unfenced
804,2024,B,5,Z2,Bothriochloa insculpta,Moderate,6.4,THF,Unfenced
805,2024,B,5,Z2,Themeda triandra,High,5.8,THF,Unfenced
806,2024,B,5,Z2,Setaria pumila ,Moderate,20.4,THF,Unfenced
807,2024,B,5,Z2,Heteropogon contortus,Moderate,11.8,THF,Unfenced
808,2024,B,5,Z2,Brachiaria serrata,Moderate,8.8,THF,Unfenced
809,2024,B,5,Z2,Aristida congesta B,Low,9.7,THF,Unfenced
810,2024,B,5,Z2,Eragrostis superba,Moderate,6.9,THF,Unfenced
811,2024,B,5,Z2,Setaria pumila ,Moderate,10.1,THF,Unfenced
812,2024,B,5,Z2,Heteropogon contortus,Moderate,10.4,THF,Unfenced
813,2024,B,5,Z2,Cymbopogon excavatus,Low,10.4,THF,Unfenced
814,2024,B,5,Z3,Heteropogon contortus,Moderate,8.6,THF,Fenced
815,2024,B,5,Z3,Setaria pumila ,Moderate,6.3,THF,Fenced
816,2024,B,5,Z3,NA,NA,6,THF,Fenced
817,2024,B,5,Z3,NA,NA,6.1,THF,Fenced
818,2024,B,5,Z3,Cynodon dactylon,High,6.3,THF,Fenced
819,2024,B,5,Z3,Heteropogon contortus,Moderate,17.1,THF,Fenced
820,2024,B,5,Z3,Eragrostis superba,Moderate,16.8,THF,Fenced
821,2024,B,5,Z3,Setaria pumila ,Moderate,8.5,THF,Fenced
822,2024,B,5,Z3,Sporobolus africanus,Low,NA,THF,Fenced
823,2024,B,5,Z3,Aristida congesta B,Low,NA,THF,Fenced
824,2024,B,5,Z3,Cymbopogon plurinodis,Low,12.1,THF,Fenced
825,2024,B,5,Z3,Cynodon dactylon,High,9.5,THF,Fenced
826,2024,B,5,Z3,Heteropogon contortus,Moderate,9.7,THF,Fenced
827,2024,B,5,Z3,Eragrostis superba,Moderate,9.6,THF,Fenced
828,2024,B,5,Z3,Aristida congesta B,Low,NA,THF,Fenced
829,2024,B,5,Z3,Eragrostis gummiflua,Low,NA,THF,Fenced
830,2024,B,5,Z3,Heteropogon contortus,Moderate,7.5,THF,Fenced
831,2024,B,5,Z3,Setaria pumila ,Moderate,6,THF,Fenced
832,2024,B,5,Z3,NA,NA,2,THF,Fenced
833,2024,B,5,Z3,NA,NA,3.9,THF,Fenced
834,2024,B,5,Z3,Aristida congesta B,Low,5.7,THF,Fenced
835,2024,B,5,Z3,Heteropogon contortus,Moderate,5.3,THF,Fenced
836,2024,B,5,Z3,Eragrostis gummiflua,Low,8.4,THF,Fenced
837,2024,B,5,Z3,NA,NA,6.5,THF,Fenced
838,2024,B,5,Z4,Cynodon dactylon,High,8.6,THF,Unfenced
839,2024,B,5,Z4,Heteropogon contortus,Moderate,9.2,THF,Unfenced
840,2024,B,5,Z4,Setaria pumila ,Moderate,13.2,THF,Unfenced
841,2024,B,5,Z4,Aristida congesta B,Low,13.2,THF,Unfenced
842,2024,B,5,Z4,Melinis repens,Low,NA,THF,Unfenced
843,2024,B,5,Z4,Bothriochloa insculpta,Moderate,10.7,THF,Unfenced
844,2024,B,5,Z4,Heteropogon contortus,Moderate,3.1,THF,Unfenced
845,2024,B,5,Z4,Eragrostis superba,Moderate,8.5,THF,Unfenced
846,2024,B,5,Z4,NA,NA,6.5,THF,Unfenced
847,2024,B,5,Z4,Cynodon dactylon,Moderate,13.6,THF,Unfenced
848,2024,B,5,Z4,Eragrostis rigidior,Moderate,12.1,THF,Unfenced
849,2024,B,5,Z4,Digitaria eriantha,High,9.4,THF,Unfenced
850,2024,B,5,Z4,Sporobolus africanus,Low,10.1,THF,Unfenced
851,2024,B,5,Z4,Heteropogon contortus,Moderate,9.3,THF,Unfenced
852,2024,B,5,Z4,Eragrostis superba,Moderate,10,THF,Unfenced
853,2024,B,5,Z4,Bothriochloa insculpta,Moderate,12,THF,Unfenced
854,2024,B,5,Z4,Themeda triandra,High,12.5,THF,Unfenced
855,2024,B,5,Z4,Setaria pumila ,Moderate,NA,THF,Unfenced
856,2024,B,5,Z4,Cynodon dactylon,High,NA,THF,Unfenced
857,2024,B,5,Z4,Heteropogon contortus,Moderate,8.8,THF,Unfenced
858,2024,B,5,Z4,Eragrostis superba,Moderate,7.7,THF,Unfenced
859,2024,B,5,Z4,Bothriochloa insculpta,Moderate,6.4,THF,Unfenced
860,2024,B,5,Z4,Aristida adscensionis,Low,7,THF,Unfenced
861,2024,B,5,Z4,Aristida congesta B,Low,NA,THF,Unfenced
862,2024,C,1,Z1,NA,NA,0,C,Fenced
863,2024,C,1,Z1,NA,NA,0,C,Fenced
864,2024,C,1,Z1,NA,NA,0,C,Fenced
865,2024,C,1,Z1,NA,NA,0,C,Fenced
866,2024,C,1,Z1,Cynodon dactylon,High,5.8,C,Fenced
867,2024,C,1,Z1,Aristida adscensionis,Low,6.8,C,Fenced
868,2024,C,1,Z1,NA,NA,6.8,C,Fenced
869,2024,C,1,Z1,NA,NA,6.1,C,Fenced
870,2024,C,1,Z1,Heteropogon contortus,Moderate,2.5,C,Fenced
871,2024,C,1,Z1,Brachiaria brizantha,Moderate,2.4,C,Fenced
872,2024,C,1,Z1,NA,NA,2.7,C,Fenced
873,2024,C,1,Z1,NA,NA,2.5,C,Fenced
874,2024,C,1,Z1,Setaria incrassata,High,4.6,C,Fenced
875,2024,C,1,Z1,Heteropogon contortus,Moderate,4.2,C,Fenced
876,2024,C,1,Z1,NA,NA,4.4,C,Fenced
877,2024,C,1,Z1,NA,NA,4.6,C,Fenced
878,2024,C,1,Z1,Heteropogon contortus,Moderate,2,C,Fenced
879,2024,C,1,Z1,NA,NA,2.4,C,Fenced
880,2024,C,1,Z1,NA,NA,2.4,C,Fenced
881,2024,C,1,Z1,NA,NA,2.3,C,Fenced
882,2024,C,1,Z2,Setaria incrassata,High,4.1,C,Fenced
883,2024,C,1,Z2,Heteropogon contortus,Moderate,2.9,C,Fenced
884,2024,C,1,Z2,NA,NA,3.3,C,Fenced
885,2024,C,1,Z2,NA,NA,4.8,C,Fenced
886,2024,C,1,Z2,Eragrostis gummiflua,Low,2.2,C,Fenced
887,2024,C,1,Z2,Heteropogon contortus,Moderate,4,C,Fenced
888,2024,C,1,Z2,NA,NA,2.4,C,Fenced
889,2024,C,1,Z2,NA,NA,4.1,C,Fenced
890,2024,C,1,Z2,Sporobolus africanus,Low,3.3,C,Fenced
891,2024,C,1,Z2,Aristida  canescens,Low,3.9,C,Fenced
892,2024,C,1,Z2,Brachiaria brizantha,Moderate,3.6,C,Fenced
893,2024,C,1,Z2,Eragrostis gummiflua,Low,3.5,C,Fenced
894,2024,C,1,Z2,Heteropogon contortus,Moderate,NA,C,Fenced
895,2024,C,1,Z2,Heteropogon contortus,Moderate,5.3,C,Fenced
896,2024,C,1,Z2,Panicum maximum,High,5,C,Fenced
897,2024,C,1,Z2,NA,NA,5,C,Fenced
898,2024,C,1,Z2,NA,NA,4.7,C,Fenced
899,2024,C,1,Z2,Hyperrhenia filipendula,Moderate,1.9,C,Fenced
900,2024,C,1,Z2,NA,NA,2.1,C,Fenced
901,2024,C,1,Z2,NA,NA,2.8,C,Fenced
902,2024,C,1,Z2,NA,NA,2,C,Fenced
903,2024,C,1,Z3,Setaria incrassata,High,3.9,C,Unfenced
904,2024,C,1,Z3,Melinis repens,Low,3.9,C,Unfenced
905,2024,C,1,Z3,NA,NA,4,C,Unfenced
906,2024,C,1,Z3,NA,NA,4.1,C,Unfenced
907,2024,C,1,Z3,Heteropogon contortus,Moderate,2.2,C,Unfenced
908,2024,C,1,Z3,NA,NA,3,C,Unfenced
909,2024,C,1,Z3,NA,NA,2.6,C,Unfenced
910,2024,C,1,Z3,NA,NA,2.8,C,Unfenced
911,2024,C,1,Z3,Heteropogon contortus,Moderate,3.5,C,Unfenced
912,2024,C,1,Z3,Melinis repens,Low,3.8,C,Unfenced
913,2024,C,1,Z3,NA,NA,3.2,C,Unfenced
914,2024,C,1,Z3,NA,NA,3.1,C,Unfenced
915,2024,C,1,Z3,Eragrostis gummiflua,Low,4.4,C,Unfenced
916,2024,C,1,Z3,Panicum maximum,High,4.1,C,Unfenced
917,2024,C,1,Z3,Digitaria eriantha,High,3.2,C,Unfenced
918,2024,C,1,Z3,NA,NA,2.1,C,Unfenced
919,2024,C,1,Z3,Eragrostis gummiflua,Low,3.6,C,Unfenced
920,2024,C,1,Z3,Heteropogon contortus,Moderate,3.1,C,Unfenced
921,2024,C,1,Z3,Setaria incrassata,High,3.1,C,Unfenced
922,2024,C,1,Z3,NA,NA,3.3,C,Unfenced
923,2024,C,1,Z4,Heteropogon contortus,Moderate,2.6,C,Unfenced
924,2024,C,1,Z4,Melinis repens,Low,3.5,C,Unfenced
925,2024,C,1,Z4,NA,NA,3,C,Unfenced
926,2024,C,1,Z4,NA,NA,2.8,C,Unfenced
927,2024,C,1,Z4,Heteropogon contortus,Moderate,4.9,C,Unfenced
928,2024,C,1,Z4,Setaria incrassata,High,5,C,Unfenced
929,2024,C,1,Z4,NA,NA,4.4,C,Unfenced
930,2024,C,1,Z4,NA,NA,4.4,C,Unfenced
931,2024,C,1,Z4,Heteropogon contortus,Moderate,3.7,C,Unfenced
932,2024,C,1,Z4,Digitaria eriantha,High,3.7,C,Unfenced
933,2024,C,1,Z4,NA,NA,3.5,C,Unfenced
934,2024,C,1,Z4,NA,NA,3.4,C,Unfenced
935,2024,C,1,Z4,Heteropogon contortus,Moderate,4.4,C,Unfenced
936,2024,C,1,Z4,NA,NA,3.8,C,Unfenced
937,2024,C,1,Z4,NA,NA,3.3,C,Unfenced
938,2024,C,1,Z4,NA,NA,3.6,C,Unfenced
939,2024,C,1,Z4,Eragrostis gummiflua,Low,2.5,C,Unfenced
940,2024,C,1,Z4,NA,NA,2.3,C,Unfenced
941,2024,C,1,Z4,NA,NA,2.3,C,Unfenced
942,2024,C,1,Z4,NA,NA,2.2,C,Unfenced
943,2024,C,2,Z1,Panicum maximum,High,4.4,TFB,Fenced
944,2024,C,2,Z1,NA,NA,3.9,TFB,Fenced
945,2024,C,2,Z1,NA,NA,6.2,TFB,Fenced
946,2024,C,2,Z1,NA,NA,3.5,TFB,Fenced
947,2024,C,2,Z1,Panicum maximum,High,8.1,TFB,Fenced
948,2024,C,2,Z1,Eragrostis superba,Moderate,7.3,TFB,Fenced
949,2024,C,2,Z1,Heteropogon contortus,Moderate,6.9,TFB,Fenced
950,2024,C,2,Z1,NA,NA,6.2,TFB,Fenced
951,2024,C,2,Z1,Panicum maximum,High,4,TFB,Fenced
952,2024,C,2,Z1,NA,NA,4.3,TFB,Fenced
953,2024,C,2,Z1,NA,NA,4,TFB,Fenced
954,2024,C,2,Z1,NA,NA,4.1,TFB,Fenced
955,2024,C,2,Z1,Panicum maximum,High,1.9,TFB,Fenced
956,2024,C,2,Z1,NA,NA,2.5,TFB,Fenced
957,2024,C,2,Z1,NA,NA,2.5,TFB,Fenced
958,2024,C,2,Z1,NA,NA,2.6,TFB,Fenced
959,2024,C,2,Z1,Eragrostis rigidior,Moderate,2.2,TFB,Fenced
960,2024,C,2,Z1,Eragrostis gummiflua,Low,2.3,TFB,Fenced
961,2024,C,2,Z1,NA,NA,2,TFB,Fenced
962,2024,C,2,Z1,NA,NA,3,TFB,Fenced
963,2024,C,2,Z2,Panicum maximum,High,4.3,TFB,Unfenced
964,2024,C,2,Z2,NA,NA,5,TFB,Unfenced
965,2024,C,2,Z2,NA,NA,5.3,TFB,Unfenced
966,2024,C,2,Z2,NA,NA,5,TFB,Unfenced
967,2024,C,2,Z2,Panicum maximum,High,4.3,TFB,Unfenced
968,2024,C,2,Z2,NA,NA,5,TFB,Unfenced
969,2024,C,2,Z2,NA,NA,5.3,TFB,Unfenced
970,2024,C,2,Z2,NA,NA,5,TFB,Unfenced
971,2024,C,2,Z2,Panicum maximum,High,4.2,TFB,Unfenced
972,2024,C,2,Z2,NA,NA,3.6,TFB,Unfenced
973,2024,C,2,Z2,NA,NA,4,TFB,Unfenced
974,2024,C,2,Z2,NA,NA,3.7,TFB,Unfenced
975,2024,C,2,Z2,NA,NA,0,TFB,Unfenced
976,2024,C,2,Z2,NA,NA,0,TFB,Unfenced
977,2024,C,2,Z2,NA,NA,0,TFB,Unfenced
978,2024,C,2,Z2,NA,NA,0,TFB,Unfenced
979,2024,C,2,Z2,Panicum maximum,High,6.7,TFB,Unfenced
980,2024,C,2,Z2,NA,NA,6.9,TFB,Unfenced
981,2024,C,2,Z2,NA,NA,6.4,TFB,Unfenced
982,2024,C,2,Z2,NA,NA,6.4,TFB,Unfenced
983,2024,C,2,Z3,Digitaria eriantha,High,5.3,TFB,Fenced
984,2024,C,2,Z3,Heteropogon contortus,Moderate,5.1,TFB,Fenced
985,2024,C,2,Z3,Eragrostis rigidior,Moderate,6.1,TFB,Fenced
986,2024,C,2,Z3,NA,NA,6.2,TFB,Fenced
987,2024,C,2,Z3,Eragrostis rigidior,Moderate,1.7,TFB,Fenced
988,2024,C,2,Z3,NA,NA,2.8,TFB,Fenced
989,2024,C,2,Z3,NA,NA,2.8,TFB,Fenced
990,2024,C,2,Z3,NA,NA,2.8,TFB,Fenced
991,2024,C,2,Z3,Panicum maximum,High,20.7,TFB,Fenced
992,2024,C,2,Z3,NA,NA,19.4,TFB,Fenced
993,2024,C,2,Z3,NA,NA,26.5,TFB,Fenced
994,2024,C,2,Z3,NA,NA,24,TFB,Fenced
995,2024,C,2,Z3,Panicum maximum,High,10.3,TFB,Fenced
996,2024,C,2,Z3,NA,NA,7.8,TFB,Fenced
997,2024,C,2,Z3,NA,NA,6.8,TFB,Fenced
998,2024,C,2,Z3,NA,NA,7.8,TFB,Fenced
999,2024,C,2,Z3,Eragrostis viscosa,Low,1.9,TFB,Fenced
1000,2024,C,2,Z3,Eragrostis gummiflua,Low,1.8,TFB,Fenced
1001,2024,C,2,Z3,NA,NA,1.7,TFB,Fenced
1002,2024,C,2,Z3,NA,NA,2,TFB,Fenced
1003,2024,C,2,Z4,Panicum maximum,High,3,TFB,Unfenced
1004,2024,C,2,Z4,NA,NA,3.1,TFB,Unfenced
1005,2024,C,2,Z4,NA,NA,2.8,TFB,Unfenced
1006,2024,C,2,Z4,NA,NA,3.3,TFB,Unfenced
1007,2024,C,2,Z4,Brachiaria brizantha,Moderate,8,TFB,Unfenced
1008,2024,C,2,Z4,Eragrostis rigidior,Moderate,7.2,TFB,Unfenced
1009,2024,C,2,Z4,NA,NA,8.4,TFB,Unfenced
1010,2024,C,2,Z4,NA,NA,9.1,TFB,Unfenced
1011,2024,C,2,Z4,Panicum maximum,High,4.7,TFB,Unfenced
1012,2024,C,2,Z4,NA,NA,4.9,TFB,Unfenced
1013,2024,C,2,Z4,NA,NA,5.3,TFB,Unfenced
1014,2024,C,2,Z4,NA,NA,6.1,TFB,Unfenced
1015,2024,C,2,Z4,Panicum maximum,High,3.8,TFB,Unfenced
1016,2024,C,2,Z4,NA,NA,4,TFB,Unfenced
1017,2024,C,2,Z4,NA,NA,3.9,TFB,Unfenced
1018,2024,C,2,Z4,NA,NA,3.3,TFB,Unfenced
1019,2024,C,2,Z4,NA,NA,0,TFB,Unfenced
1020,2024,C,2,Z4,NA,NA,0,TFB,Unfenced
1021,2024,C,2,Z4,NA,NA,0,TFB,Unfenced
1022,2024,C,2,Z4,NA,NA,0,TFB,Unfenced
1023,2024,C,3,Z1,Heteropogon contortus,Moderate,12.2,TF,Fenced
1024,2024,C,3,Z1,Eragrostis rigidior,Moderate,11.8,TF,Fenced
1025,2024,C,3,Z1,Pogonarthria squarrosa,Low,11.2,TF,Fenced
1026,2024,C,3,Z1,NA,NA,10.6,TF,Fenced
1027,2024,C,3,Z1,Heteropogon contortus,Moderate,8.8,TF,Fenced
1028,2024,C,3,Z1,Digitaria eriantha,High,8.6,TF,Fenced
1029,2024,C,3,Z1,Brachiaria brizantha,Moderate,8.4,TF,Fenced
1030,2024,C,3,Z1,NA,NA,8.3,TF,Fenced
1031,2024,C,3,Z1,Heteropogon contortus,Moderate,4.9,TF,Fenced
1032,2024,C,3,Z1,Panicum maximum,High,4.3,TF,Fenced
1033,2024,C,3,Z1,Digitaria eriantha,High,4,TF,Fenced
1034,2024,C,3,Z1,Melinis repens,Low,5.9,TF,Fenced
1035,2024,C,3,Z1,Heteropogon contortus,Moderate,4.2,TF,Fenced
1036,2024,C,3,Z1,NA,NA,4,TF,Fenced
1037,2024,C,3,Z1,NA,NA,4.3,TF,Fenced
1038,2024,C,3,Z1,NA,NA,5.1,TF,Fenced
1039,2024,C,3,Z1,Heteropogon contortus,Moderate,2.2,TF,Fenced
1040,2024,C,3,Z1,Panicum maximum,High,3.6,TF,Fenced
1041,2024,C,3,Z1,NA,NA,3.8,TF,Fenced
1042,2024,C,3,Z1,NA,NA,3.5,TF,Fenced
1043,2024,C,3,Z2,Digitaria eriantha,High,2.4,TF,Fenced
1044,2024,C,3,Z2,Pogonarthria squarrosa,Low,3.2,TF,Fenced
1045,2024,C,3,Z2,Brachiaria brizantha,Moderate,3.2,TF,Fenced
1046,2024,C,3,Z2,Setaria incrassata,High,3.3,TF,Fenced
1047,2024,C,3,Z2,Digitaria eriantha,High,4.1,TF,Fenced
1048,2024,C,3,Z2,Pogonarthria squarrosa,Low,4.4,TF,Fenced
1049,2024,C,3,Z2,Brachiaria brizantha,Moderate,5.1,TF,Fenced
1050,2024,C,3,Z2,NA,NA,5.1,TF,Fenced
1051,2024,C,3,Z2,Panicum maximum,High,12.8,TF,Fenced
1052,2024,C,3,Z2,NA,NA,8.3,TF,Fenced
1053,2024,C,3,Z2,NA,NA,7.2,TF,Fenced
1054,2024,C,3,Z2,NA,NA,6.6,TF,Fenced
1055,2024,C,3,Z2,Heteropogon contortus,Moderate,4.4,TF,Fenced
1056,2024,C,3,Z2,NA,NA,4.6,TF,Fenced
1057,2024,C,3,Z2,NA,NA,4,TF,Fenced
1058,2024,C,3,Z2,NA,NA,3.7,TF,Fenced
1059,2024,C,3,Z2,Pogonarthria squarrosa,Low,5.3,TF,Fenced
1060,2024,C,3,Z2,Brachiaria brizantha,Moderate,5.2,TF,Fenced
1061,2024,C,3,Z2,Heteropogon contortus,Moderate,4.4,TF,Fenced
1062,2024,C,3,Z2,NA,NA,4.4,TF,Fenced
1063,2024,C,3,Z3,Pogonarthria squarrosa,Low,2.2,TF,Unfenced
1064,2024,C,3,Z3,Setaria incrassata,High,2.4,TF,Unfenced
1065,2024,C,3,Z3,Heteropogon contortus,Moderate,3.8,TF,Unfenced
1066,2024,C,3,Z3,NA,NA,4.7,TF,Unfenced
1067,2024,C,3,Z3,Pogonarthria squarrosa,Low,5.9,TF,Unfenced
1068,2024,C,3,Z3,Heteropogon contortus,Moderate,5.4,TF,Unfenced
1069,2024,C,3,Z3,Eragrostis rigidior,Moderate,4.9,TF,Unfenced
1070,2024,C,3,Z3,NA,NA,4.7,TF,Unfenced
1071,2024,C,3,Z3,Pogonarthria squarrosa,Low,2,TF,Unfenced
1072,2024,C,3,Z3,Eragrostis rigidior,Moderate,2.5,TF,Unfenced
1073,2024,C,3,Z3,Digitaria eriantha,High,3.5,TF,Unfenced
1074,2024,C,3,Z3,NA,NA,4.9,TF,Unfenced
1075,2024,C,3,Z3,Heteropogon contortus,Moderate,3.4,TF,Unfenced
1076,2024,C,3,Z3,Pogonarthria squarrosa,Low,2.9,TF,Unfenced
1077,2024,C,3,Z3,Melinis repens,Low,3,TF,Unfenced
1078,2024,C,3,Z3,NA,NA,2.2,TF,Unfenced
1079,2024,C,3,Z3,Cynodon dactylon,High,2.9,TF,Unfenced
1080,2024,C,3,Z3,Hyperrhenia filipendula,Moderate,2,TF,Unfenced
1081,2024,C,3,Z3,NA,NA,4.1,TF,Unfenced
1082,2024,C,3,Z3,NA,NA,2.9,TF,Unfenced
1083,2024,C,3,Z4,Pogonarthria squarrosa,Low,2.4,TF,Unfenced
1084,2024,C,3,Z4,Heteropogon contortus,Moderate,3.5,TF,Unfenced
1085,2024,C,3,Z4,Hyperrhenia filipendula,Moderate,4.2,TF,Unfenced
1086,2024,C,3,Z4,NA,NA,4,TF,Unfenced
1087,2024,C,3,Z4,Melinis repens,Low,4.4,TF,Unfenced
1088,2024,C,3,Z4,Eragrostis rigidior,Moderate,5.2,TF,Unfenced
1089,2024,C,3,Z4,Digitaria eriantha,High,6.5,TF,Unfenced
1090,2024,C,3,Z4,Brachiaria brizantha,Moderate,5.5,TF,Unfenced
1091,2024,C,3,Z4,Pogonarthria squarrosa,Low,4.9,TF,Unfenced
1092,2024,C,3,Z4,Eragrostis rigidior,Moderate,6.9,TF,Unfenced
1093,2024,C,3,Z4,Digitaria eriantha,High,4.9,TF,Unfenced
1094,2024,C,3,Z4,NA,NA,4.5,TF,Unfenced
1095,2024,C,3,Z4,Heteropogon contortus,Moderate,5.3,TF,Unfenced
1096,2024,C,3,Z4,Digitaria eriantha,High,5.5,TF,Unfenced
1097,2024,C,3,Z4,Brachiaria brizantha,Moderate,5.3,TF,Unfenced
1098,2024,C,3,Z4,NA,NA,4.6,TF,Unfenced
1099,2024,C,3,Z4,Eragrostis rigidior,Moderate,4,TF,Unfenced
1100,2024,C,3,Z4,Digitaria eriantha,High,5.5,TF,Unfenced
1101,2024,C,3,Z4,Brachiaria brizantha,Moderate,4.4,TF,Unfenced
1102,2024,C,3,Z4,Pogonarthria squarrosa,Low,4.1,TF,Unfenced
1103,2024,C,3,Z4,Eragrostis gummiflua,Low,NA,TF,Unfenced
1104,2024,C,4,Z1,Heteropogon contortus,Moderate,3.4,F,Fenced
1105,2024,C,4,Z1,Eragrostis rigidior,Moderate,5.8,F,Fenced
1106,2024,C,4,Z1,NA,NA,4.8,F,Fenced
1107,2024,C,4,Z1,NA,NA,4.4,F,Fenced
1108,2024,C,4,Z1,Pogonarthria squarrosa,Low,3.2,F,Fenced
1109,2024,C,4,Z1,Heteropogon contortus,Moderate,3.8,F,Fenced
1110,2024,C,4,Z1,Panicum maximum,High,3.7,F,Fenced
1111,2024,C,4,Z1,NA,NA,4.3,F,Fenced
1112,2024,C,4,Z1,Eragrostis rigidior,Moderate,2.7,F,Fenced
1113,2024,C,4,Z1,Digitaria eriantha,High,4.8,F,Fenced
1114,2024,C,4,Z1,NA,NA,4.6,F,Fenced
1115,2024,C,4,Z1,NA,NA,4.7,F,Fenced
1116,2024,C,4,Z1,Pogonarthria squarrosa,Low,2.9,F,Fenced
1117,2024,C,4,Z1,Heteropogon contortus,Moderate,3.8,F,Fenced
1118,2024,C,4,Z1,NA,NA,3.7,F,Fenced
1119,2024,C,4,Z1,NA,NA,3.6,F,Fenced
1120,2024,C,4,Z1,Heteropogon contortus,Moderate,4.2,F,Fenced
1121,2024,C,4,Z1,Panicum maximum,High,6.4,F,Fenced
1122,2024,C,4,Z1,Digitaria eriantha,High,7.1,F,Fenced
1123,2024,C,4,Z1,NA,NA,6.8,F,Fenced
1124,2024,C,4,Z2,Heteropogon contortus,Moderate,3,F,Fenced
1125,2024,C,4,Z2,Aristida congesta C,Low,3.1,F,Fenced
1126,2024,C,4,Z2,NA,NA,2.9,F,Fenced
1127,2024,C,4,Z2,NA,NA,2.8,F,Fenced
1128,2024,C,4,Z2,Pogonarthria squarrosa,Low,8,F,Fenced
1129,2024,C,4,Z2,Heteropogon contortus,Moderate,7.1,F,Fenced
1130,2024,C,4,Z2,Panicum maximum,High,6.6,F,Fenced
1131,2024,C,4,Z2,Digitaria eriantha,High,5.8,F,Fenced
1132,2024,C,4,Z2,Eragrostis gummiflua,Low,NA,F,Fenced
1133,2024,C,4,Z2,Eragrostis superba,Moderate,NA,F,Fenced
1134,2024,C,4,Z2,Heteropogon contortus,Moderate,6.6,F,Fenced
1135,2024,C,4,Z2,Digitaria eriantha,Moderate,6.2,F,Fenced
1136,2024,C,4,Z2,Eragrostis rigidior,Moderate,6.3,F,Fenced
1137,2024,C,4,Z2,Setaria incrassata,High,6.5,F,Fenced
1138,2024,C,4,Z2,Pogonarthria squarrosa,Low,3.6,F,Fenced
1139,2024,C,4,Z2,Heteropogon contortus,Moderate,3.7,F,Fenced
1140,2024,C,4,Z2,Panicum maximum,High,5.3,F,Fenced
1141,2024,C,4,Z2,Aristida congesta B,Low,4.5,F,Fenced
1142,2024,C,4,Z2,Pogonarthria squarrosa,Low,6.6,F,Fenced
1143,2024,C,4,Z2,Heteropogon contortus,Moderate,5.8,F,Fenced
1144,2024,C,4,Z2,NA,NA,5,F,Fenced
1145,2024,C,4,Z2,NA,NA,5,F,Fenced
1146,2024,C,4,Z3,Heteropogon contortus,Moderate,5.4,F,Unfenced
1147,2024,C,4,Z3,Eragrostis gummiflua,Low,5,F,Unfenced
1148,2024,C,4,Z3,Digitaria eriantha,High,4.8,F,Unfenced
1149,2024,C,4,Z3,Eragrostis rigidior,Moderate,5,F,Unfenced
1150,2024,C,4,Z3,Heteropogon contortus,Moderate,5.4,F,Unfenced
1151,2024,C,4,Z3,Eragrostis gummiflua,Low,5.4,F,Unfenced
1152,2024,C,4,Z3,Pogonarthria squarrosa,Low,5.5,F,Unfenced
1153,2024,C,4,Z3,Panicum maximum,High,5.4,F,Unfenced
1154,2024,C,4,Z3,Heteropogon contortus,Moderate,4,F,Unfenced
1155,2024,C,4,Z3,Melinis repens,Low,7.8,F,Unfenced
1156,2024,C,4,Z3,Aristida adscensionis,Low,4.7,F,Unfenced
1157,2024,C,4,Z3,Panicum maximum,High,2.3,F,Unfenced
1158,2024,C,4,Z3,Digitaria eriantha,High,2.7,F,Unfenced
1159,2024,C,4,Z3,Eragrostis gummiflua,Low,2.8,F,Unfenced
1160,2024,C,4,Z3,NA,NA,2.5,F,Unfenced
1161,2024,C,4,Z3,Heteropogon contortus,Moderate,6.7,F,Unfenced
1162,2024,C,4,Z3,Panicum maximum,High,5.5,F,Unfenced
1163,2024,C,4,Z3,NA,NA,5.4,F,Unfenced
1164,2024,C,4,Z3,NA,NA,5.3,F,Unfenced
1165,2024,C,4,Z4,Hyperrhenia filipendula,Moderate,22,F,Unfenced
1166,2024,C,4,Z4,Eragrostis gummiflua,Low,19,F,Unfenced
1167,2024,C,4,Z4,Pogonarthria squarrosa,Low,14.3,F,Unfenced
1168,2024,C,4,Z4,Panicum maximum,High,14.1,F,Unfenced
1169,2024,C,4,Z4,Heteropogon contortus,Moderate,NA,F,Unfenced
1170,2024,C,4,Z4,Aristida adscensionis,Low,NA,F,Unfenced
1171,2024,C,4,Z4,Eragrostis superba,Moderate,NA,F,Unfenced
1172,2024,C,4,Z4,Setaria incrassata,High,18.3,F,Unfenced
1173,2024,C,4,Z4,Hyperrhenia filipendula,Moderate,20.9,F,Unfenced
1174,2024,C,4,Z4,NA,NA,30,F,Unfenced
1175,2024,C,4,Z4,NA,NA,18.8,F,Unfenced
1176,2024,C,4,Z4,Eragrostis gummiflua,Low,8.7,F,Unfenced
1177,2024,C,4,Z4,Heteropogon contortus,Moderate,7.6,F,Unfenced
1178,2024,C,4,Z4,Aristida adscensionis,Low,5.8,F,Unfenced
1179,2024,C,4,Z4,NA,NA,5.4,F,Unfenced
1180,2024,C,4,Z4,Heteropogon contortus,Moderate,1.7,F,Unfenced
1181,2024,C,4,Z4,Aristida adscensionis,Low,1.4,F,Unfenced
1182,2024,C,4,Z4,NA,NA,1.6,F,Unfenced
1183,2024,C,4,Z4,NA,NA,2.1,F,Unfenced
1184,2024,C,4,Z4,Aristida adscensionis,Low,3.9,F,Unfenced
1185,2024,C,4,Z4,Brachiaria brizantha,Moderate,2.9,F,Unfenced
1186,2024,C,4,Z4,Chloris virgata,Moderate,2.9,F,Unfenced
1187,2024,C,4,Z4,NA,NA,3.2,F,Unfenced
1188,2024,C,5,Z1,Eragrostis gummiflua,Low,6.7,THF,Fenced
1189,2024,C,5,Z1,Digitaria eriantha,High,6,THF,Fenced
1190,2024,C,5,Z1,NA,NA,5.5,THF,Fenced
1191,2024,C,5,Z1,NA,NA,5.1,THF,Fenced
1192,2024,C,5,Z1,Digitaria eriantha,High,5,THF,Fenced
1193,2024,C,5,Z1,Heteropogon contortus,Moderate,5.3,THF,Fenced
1194,2024,C,5,Z1,NA,NA,5.2,THF,Fenced
1195,2024,C,5,Z1,NA,NA,5,THF,Fenced
1196,2024,C,5,Z1,Pogonarthria squarrosa,Low,4.9,THF,Fenced
1197,2024,C,5,Z1,Heteropogon contortus,Moderate,5.2,THF,Fenced
1198,2024,C,5,Z1,Digitaria eriantha,High,5.2,THF,Fenced
1199,2024,C,5,Z1,Eragrostis rigidior,Moderate,4.2,THF,Fenced
1200,2024,C,5,Z1,Pogonarthria squarrosa,Low,9.8,THF,Fenced
1201,2024,C,5,Z1,Digitaria eriantha,High,8.4,THF,Fenced
1202,2024,C,5,Z1,NA,NA,7.1,THF,Fenced
1203,2024,C,5,Z1,NA,NA,7.5,THF,Fenced
1204,2024,C,5,Z1,Panicum maximum,High,12.5,THF,Fenced
1205,2024,C,5,Z1,Melinis repens,Low,5.5,THF,Fenced
1206,2024,C,5,Z1,NA,NA,8.4,THF,Fenced
1207,2024,C,5,Z1,NA,NA,5.9,THF,Fenced
1208,2024,C,5,Z2,Heteropogon contortus,Moderate,7.5,THF,Fenced
1209,2024,C,5,Z2,NA,NA,7.4,THF,Fenced
1210,2024,C,5,Z2,NA,NA,7.3,THF,Fenced
1211,2024,C,5,Z2,NA,NA,7.1,THF,Fenced
1212,2024,C,5,Z2,Heteropogon contortus,Moderate,2.3,THF,Fenced
1213,2024,C,5,Z2,Brachiaria brizantha,NA,1.9,THF,Fenced
1214,2024,C,5,Z2,NA,NA,2.3,THF,Fenced
1215,2024,C,5,Z2,NA,NA,2.6,THF,Fenced
1216,2024,C,5,Z2,Pogonarthria squarrosa,Low,5.6,THF,Fenced
1217,2024,C,5,Z2,Perotis patens,Low,5.3,THF,Fenced
1218,2024,C,5,Z2,Digitaria eriantha,High,5.1,THF,Fenced
1219,2024,C,5,Z2,NA,NA,5,THF,Fenced
1220,2024,C,5,Z2,Heteropogon contortus,Moderate,5.6,THF,Fenced
1221,2024,C,5,Z2,Pogonarthria squarrosa,Low,6,THF,Fenced
1222,2024,C,5,Z2,Diheteropogon amplectens,Moderate,6,THF,Fenced
1223,2024,C,5,Z2,Perotis patens,Low,5.8,THF,Fenced
1224,2024,C,5,Z2,Panicum maximum,High,6.7,THF,Fenced
1225,2024,C,5,Z2,Digitaria eriantha,High,6.6,THF,Fenced
1226,2024,C,5,Z2,NA,NA,6.5,THF,Fenced
1227,2024,C,5,Z2,NA,NA,6.3,THF,Fenced
1228,2024,C,5,Z3,Eragrostis gummiflua,Low,3.1,THF,Unfenced
1229,2024,C,5,Z3,Panicum maximum,High,3.1,THF,Unfenced
1230,2024,C,5,Z3,Heteropogon contortus,Moderate,3.1,THF,Unfenced
1231,2024,C,5,Z3,Aristida adscensionis,Low,2.4,THF,Unfenced
1232,2024,C,5,Z3,Digitaria eriantha,High,NA,THF,Unfenced
1233,2024,C,5,Z3,Eragrostis gummiflua,Low,5.9,THF,Unfenced
1234,2024,C,5,Z3,Aristida adscensionis,Low,5.5,THF,Unfenced
1235,2024,C,5,Z3,Digitaria eriantha,High,5.2,THF,Unfenced
1236,2024,C,5,Z3,Eragrostis viscosa,Low,4.9,THF,Unfenced
1237,2024,C,5,Z3,Brachiaria brizantha,Moderate,NA,THF,Unfenced
1238,2024,C,5,Z3,Pogonarthria squarrosa,Low,NA,THF,Unfenced
1239,2024,C,5,Z3,NA,NA,0,THF,Unfenced
1240,2024,C,5,Z3,NA,NA,0,THF,Unfenced
1241,2024,C,5,Z3,NA,NA,0,THF,Unfenced
1242,2024,C,5,Z3,NA,NA,0,THF,Unfenced
1243,2024,C,5,Z3,Panicum maximum,High,8.8,THF,Unfenced
1244,2024,C,5,Z3,Digitaria eriantha,High,5.4,THF,Unfenced
1245,2024,C,5,Z3,NA,NA,4.2,THF,Unfenced
1246,2024,C,5,Z3,NA,NA,5.7,THF,Unfenced
1247,2024,C,5,Z3,Panicum maximum,High,4.2,THF,Unfenced
1248,2024,C,5,Z3,NA,NA,5.3,THF,Unfenced
1249,2024,C,5,Z3,NA,NA,7.7,THF,Unfenced
1250,2024,C,5,Z3,NA,NA,7.4,THF,Unfenced
1251,2024,C,5,Z4,Eragrostis gummiflua,Low,3.3,THF,Unfenced
1252,2024,C,5,Z4,Pogonarthria squarrosa,Low,2.9,THF,Unfenced
1253,2024,C,5,Z4,Eragrostis superba,Moderate,3.5,THF,Unfenced
1254,2024,C,5,Z4,NA,NA,3.1,THF,Unfenced
1255,2024,C,5,Z4,Digitaria eriantha,High,7.8,THF,Unfenced
1256,2024,C,5,Z4,Heteropogon contortus,Moderate,7.1,THF,Unfenced
1257,2024,C,5,Z4,Eragrostis rigidior,Moderate,6.6,THF,Unfenced
1258,2024,C,5,Z4,NA,NA,6.2,THF,Unfenced
1259,2024,C,5,Z4,Eragrostis gummiflua,Low,3.3,THF,Unfenced
1260,2024,C,5,Z4,Digitaria eriantha,High,3.2,THF,Unfenced
1261,2024,C,5,Z4,Heteropogon contortus,Moderate,3.2,THF,Unfenced
1262,2024,C,5,Z4,Brachiaria brizantha,Moderate,3.1,THF,Unfenced
1263,2024,C,5,Z4,Panicum maximum,High,4,THF,Unfenced
1264,2024,C,5,Z4,NA,NA,4.7,THF,Unfenced
1265,2024,C,5,Z4,NA,NA,4.6,THF,Unfenced
1266,2024,C,5,Z4,NA,NA,5,THF,Unfenced
1267,2024,C,5,Z4,Heteropogon contortus,Moderate,6.6,THF,Unfenced
1268,2024,C,5,Z4,Pogonarthria squarrosa,Low,4.8,THF,Unfenced
1269,2024,C,5,Z4,Aristida adscensionis,Low,3.8,THF,Unfenced
1270,2024,C,5,Z4,Brachiaria brizantha,Moderate,4,THF,Unfenced
1271,2024,D,1,Z1,Brachiaria nigropedata,High,1.8,C,Fenced
1272,2024,D,1,Z1,Eragrostis rigidior,Moderate,2.9,C,Fenced
1273,2024,D,1,Z1,Heteropogon contortus,Moderate,2.9,C,Fenced
1274,2024,D,1,Z1,NA,NA,2.7,C,Fenced
1275,2024,D,1,Z1,NA,NA,0,C,Fenced
1276,2024,D,1,Z1,NA,NA,0,C,Fenced
1277,2024,D,1,Z1,NA,NA,0,C,Fenced
1278,2024,D,1,Z1,NA,NA,0,C,Fenced
1279,2024,D,1,Z1,Eragrostis rigidior,Moderate,6.8,C,Fenced
1280,2024,D,1,Z1,Heteropogon contortus,Moderate,6.6,C,Fenced
1281,2024,D,1,Z1,NA,NA,5.5,C,Fenced
1282,2024,D,1,Z1,NA,NA,5,C,Fenced
1283,2024,D,1,Z1,Brachiaria nigropedata,High,2.6,C,Fenced
1284,2024,D,1,Z1,Chloris virgata,Moderate,2.6,C,Fenced
1285,2024,D,1,Z1,NA,NA,2.6,C,Fenced
1286,2024,D,1,Z1,NA,NA,2.6,C,Fenced
1287,2024,D,1,Z1,Eragrostis rigidior,Moderate,17.3,C,Fenced
1288,2024,D,1,Z1,Sporobolus ioclados,Moderate,12.7,C,Fenced
1289,2024,D,1,Z1,NA,NA,12.8,C,Fenced
1290,2024,D,1,Z1,NA,NA,12.3,C,Fenced
1291,2024,D,1,Z2,Chloris virgata,Moderate,7.5,C,Unfenced
1292,2024,D,1,Z2,Aristida adscensionis,Low,5.8,C,Unfenced
1293,2024,D,1,Z2,NA,NA,5.8,C,Unfenced
1294,2024,D,1,Z2,NA,NA,6.6,C,Unfenced
1295,2024,D,1,Z2,Eragrostis rigidior,Moderate,8,C,Unfenced
1296,2024,D,1,Z2,Sporobolus ioclados,Moderate,11.5,C,Unfenced
1297,2024,D,1,Z2,NA,NA,17.2,C,Unfenced
1298,2024,D,1,Z2,NA,NA,15.6,C,Unfenced
1299,2024,D,1,Z2,Chloris virgata,Moderate,6.2,C,Unfenced
1300,2024,D,1,Z2,Brachiaria nigropedata,High,5.8,C,Unfenced
1301,2024,D,1,Z2,NA,NA,5.6,C,Unfenced
1302,2024,D,1,Z2,NA,NA,5.8,C,Unfenced
1303,2024,D,1,Z2,Enteropogon macrostachyus,High,6.9,C,Unfenced
1304,2024,D,1,Z2,Aristida adscensionis,Low,7,C,Unfenced
1305,2024,D,1,Z2,Digitaria eriantha,High,6.6,C,Unfenced
1306,2024,D,1,Z2,NA,NA,6.5,C,Unfenced
1307,2024,D,1,Z2,Heteropogon contortus,Moderate,3.2,C,Unfenced
1308,2024,D,1,Z2,Themeda triandra,High,8.9,C,Unfenced
1309,2024,D,1,Z2,NA,NA,8.4,C,Unfenced
1310,2024,D,1,Z2,NA,NA,8.5,C,Unfenced
1311,2024,D,1,Z3,Aristida diffusa,Low,11.7,C,Fenced
1312,2024,D,1,Z3,Chloris virgata,Moderate,9,C,Fenced
1313,2024,D,1,Z3,NA,NA,11.4,C,Fenced
1314,2024,D,1,Z3,NA,NA,10.9,C,Fenced
1315,2024,D,1,Z3,Aristida adscensionis,Low,6.6,C,Fenced
1316,2024,D,1,Z3,Panicum maximum,High,5.6,C,Fenced
1317,2024,D,1,Z3,NA,NA,5.6,C,Fenced
1318,2024,D,1,Z3,NA,NA,6.1,C,Fenced
1319,2024,D,1,Z3,Heteropogon contortus,Moderate,2.2,C,Fenced
1320,2024,D,1,Z3,Aristida adscensionis,Low,2.3,C,Fenced
1321,2024,D,1,Z3,Digitaria eriantha,High,2.1,C,Fenced
1322,2024,D,1,Z3,NA,NA,3.3,C,Fenced
1323,2024,D,1,Z3,NA,NA,0,C,Fenced
1324,2024,D,1,Z3,NA,NA,0,C,Fenced
1325,2024,D,1,Z3,NA,NA,0,C,Fenced
1326,2024,D,1,Z3,NA,NA,0,C,Fenced
1327,2024,D,1,Z3,Aristida diffusa,Low,2.3,C,Fenced
1328,2024,D,1,Z3,Aristida adscensionis,Low,2.3,C,Fenced
1329,2024,D,1,Z3,NA,NA,2.3,C,Fenced
1330,2024,D,1,Z3,NA,NA,2.3,C,Fenced
1331,2024,D,1,Z4,Heteropogon contortus,Moderate,3,C,Unfenced
1332,2024,D,1,Z4,Setaria pumila ,Moderate,3,C,Unfenced
1333,2024,D,1,Z4,NA,NA,3,C,Unfenced
1334,2024,D,1,Z4,NA,NA,3,C,Unfenced
1335,2024,D,1,Z4,Enteropogon macrostachyus,High,9.9,C,Unfenced
1336,2024,D,1,Z4,Andropogon eucomus,Low,10.5,C,Unfenced
1337,2024,D,1,Z4,Aristida adscensionis,Low,11.1,C,Unfenced
1338,2024,D,1,Z4,NA,NA,11.6,C,Unfenced
1339,2024,D,1,Z4,Andropogon eucomus,Low,10,C,Unfenced
1340,2024,D,1,Z4,Heteropogon contortus,Moderate,13.2,C,Unfenced
1341,2024,D,1,Z4,Eragrostis rigidior,Moderate,11.8,C,Unfenced
1342,2024,D,1,Z4,NA,NA,12.4,C,Unfenced
1343,2024,D,1,Z4,Chloris virgata,Moderate,7.2,C,Unfenced
1344,2024,D,1,Z4,NA,NA,7.5,C,Unfenced
1345,2024,D,1,Z4,NA,NA,7.5,C,Unfenced
1346,2024,D,1,Z4,NA,NA,5.4,C,Unfenced
1347,2024,D,1,Z4,Chloris virgata,Moderate,4.6,C,Unfenced
1348,2024,D,1,Z4,Eragrostis rigidior,Moderate,4.1,C,Unfenced
1349,2024,D,1,Z4,Brachiaria nigropedata,High,3.8,C,Unfenced
1350,2024,D,1,Z4,NA,NA,3.8,C,Unfenced
1351,2024,D,2,Z1,Panicum maximum,High,3.2,F,Fenced
1352,2024,D,2,Z1,NA,NA,3.3,F,Fenced
1353,2024,D,2,Z1,NA,NA,3,F,Fenced
1354,2024,D,2,Z1,NA,NA,3,F,Fenced
1355,2024,D,2,Z1,Andropogon eucomus,Low,18.5,F,Fenced
1356,2024,D,2,Z1,Enteropogon macrostachyus,High,17.5,F,Fenced
1357,2024,D,2,Z1,NA,NA,19.2,F,Fenced
1358,2024,D,2,Z1,NA,NA,15,F,Fenced
1359,2024,D,2,Z1,Heteropogon contortus,Moderate,8,F,Fenced
1360,2024,D,2,Z1,Aristida adscensionis,Low,6.4,F,Fenced
1361,2024,D,2,Z1,Enteropogon macrostachyus,High,9.8,F,Fenced
1362,2024,D,2,Z1,NA,NA,10.3,F,Fenced
1363,2024,D,2,Z1,Brachiaria nigropedata,High,3.4,F,Fenced
1364,2024,D,2,Z1,Heteropogon contortus,Moderate,5.5,F,Fenced
1365,2024,D,2,Z1,Aristida adscensionis,Low,6.1,F,Fenced
1366,2024,D,2,Z1,Enteropogon macrostachyus,High,6.6,F,Fenced
1367,2024,D,2,Z1,Eragrostis rigidior,Moderate,11.7,F,Fenced
1368,2024,D,2,Z1,Chloris virgata,Moderate,6.5,F,Fenced
1369,2024,D,2,Z1,Setaria incrassata,High,8.6,F,Fenced
1370,2024,D,2,Z1,NA,NA,8.7,F,Fenced
1371,2024,D,2,Z2,Heteropogon contortus,Moderate,5,F,Unfenced
1372,2024,D,2,Z2,Aristida adscensionis,Low,5.1,F,Unfenced
1373,2024,D,2,Z2,Aristida diffusa,Low,5.1,F,Unfenced
1374,2024,D,2,Z2,NA,NA,5.7,F,Unfenced
1375,2024,D,2,Z2,Enteropogon macrostachyus,High,14.1,F,Unfenced
1376,2024,D,2,Z2,Aristida adscensionis,Low,9.2,F,Unfenced
1377,2024,D,2,Z2,NA,NA,9.2,F,Unfenced
1378,2024,D,2,Z2,NA,NA,9.2,F,Unfenced
1379,2024,D,2,Z2,Panicum maximum,High,7.5,F,Unfenced
1380,2024,D,2,Z2,Brachiaria nigropedata,High,9.6,F,Unfenced
1381,2024,D,2,Z2,Eragrostis rigidior,Moderate,11.4,F,Unfenced
1382,2024,D,2,Z2,Chloris virgata,Moderate,8.9,F,Unfenced
1383,2024,D,2,Z2,Heteropogon contortus,Moderate,20.4,F,Unfenced
1384,2024,D,2,Z2,Brachiaria nigropedata,High,15.5,F,Unfenced
1385,2024,D,2,Z2,NA,NA,13.4,F,Unfenced
1386,2024,D,2,Z2,NA,NA,13.2,F,Unfenced
1387,2024,D,2,Z2,Enteropogon macrostachyus,High,8.5,F,Unfenced
1388,2024,D,2,Z2,Brachiaria nigropedata,High,8.5,F,Unfenced
1389,2024,D,2,Z2,NA,NA,6.6,F,Unfenced
1390,2024,D,2,Z2,NA,NA,6.5,F,Unfenced
1391,2024,D,2,Z3,Heteropogon contortus,Moderate,9.1,F,Fenced
1392,2024,D,2,Z3,Andropogon eucomus,Low,6.6,F,Fenced
1393,2024,D,2,Z3,Aristida adscensionis,Low,5.2,F,Fenced
1394,2024,D,2,Z3,Eragrostis rigidior,Moderate,5.2,F,Fenced
1395,2024,D,2,Z3,Eragrostis gummiflua,Low,NA,F,Fenced
1396,2024,D,2,Z3,Heteropogon contortus,Moderate,7.2,F,Fenced
1397,2024,D,2,Z3,Andropogon eucomus,Low,6.8,F,Fenced
1398,2024,D,2,Z3,Eragrostis rigidior,Moderate,6.8,F,Fenced
1399,2024,D,2,Z3,NA,NA,20.5,F,Fenced
1400,2024,D,2,Z3,Andropogon eucomus,Low,11.9,F,Fenced
1401,2024,D,2,Z3,Setaria incrassata,High,17.2,F,Fenced
1402,2024,D,2,Z3,NA,NA,13.9,F,Fenced
1403,2024,D,2,Z3,NA,NA,12.9,F,Fenced
1404,2024,D,2,Z3,Heteropogon contortus,Moderate,7.5,F,Fenced
1405,2024,D,2,Z3,Enteropogon macrostachyus,High,6,F,Fenced
1406,2024,D,2,Z3,NA,NA,5.9,F,Fenced
1407,2024,D,2,Z3,NA,NA,7.7,F,Fenced
1408,2024,D,2,Z3,Heteropogon contortus,Moderate,2.4,F,Fenced
1409,2024,D,2,Z3,NA,NA,2.4,F,Fenced
1410,2024,D,2,Z3,NA,NA,5.9,F,Fenced
1411,2024,D,2,Z3,NA,NA,4.9,F,Fenced
1412,2024,D,2,Z4,Enteropogon macrostachyus,High,7.1,F,Unfenced
1413,2024,D,2,Z4,Panicum maximum,High,6.6,F,Unfenced
1414,2024,D,2,Z4,Heteropogon contortus,Moderate,7.3,F,Unfenced
1415,2024,D,2,Z4,NA,NA,8.4,F,Unfenced
1416,2024,D,2,Z4,Andropogon eucomus,Low,17.8,F,Unfenced
1417,2024,D,2,Z4,Heteropogon contortus,Moderate,16.8,F,Unfenced
1418,2024,D,2,Z4,Aristida adscensionis,Low,17.4,F,Unfenced
1419,2024,D,2,Z4,NA,NA,18.8,F,Unfenced
1420,2024,D,2,Z4,Heteropogon contortus,Moderate,14.8,F,Unfenced
1421,2024,D,2,Z4,Aristida adscensionis,Low,16.1,F,Unfenced
1422,2024,D,2,Z4,Chloris virgata,Moderate,16.9,F,Unfenced
1423,2024,D,2,Z4,NA,NA,16.8,F,Unfenced
1424,2024,D,2,Z4,Panicum maximum,High,21.3,F,Unfenced
1425,2024,D,2,Z4,Heteropogon contortus,Moderate,18.3,F,Unfenced
1426,2024,D,2,Z4,NA,NA,11.9,F,Unfenced
1427,2024,D,2,Z4,NA,NA,12.8,F,Unfenced
1428,2024,D,2,Z4,Heteropogon contortus,Moderate,20.4,F,Unfenced
1429,2024,D,2,Z4,Chloris virgata,Moderate,17.1,F,Unfenced
1430,2024,D,2,Z4,NA,NA,17.9,F,Unfenced
1431,2024,D,2,Z4,NA,NA,16.2,F,Unfenced
1432,2024,D,3,Z1,Heteropogon contortus,Moderate,33.5,TF,Fenced
1433,2024,D,3,Z1,Chloris virgata,Moderate,33.6,TF,Fenced
1434,2024,D,3,Z1,Sporobolus ioclados,Moderate,26.4,TF,Fenced
1435,2024,D,3,Z1,NA,NA,24.4,TF,Fenced
1436,2024,D,3,Z1,Aristida adscensionis,Low,14.9,TF,Fenced
1437,2024,D,3,Z1,NA,NA,14.5,TF,Fenced
1438,2024,D,3,Z1,NA,NA,14.5,TF,Fenced
1439,2024,D,3,Z1,NA,NA,14.6,TF,Fenced
1440,2024,D,3,Z1,Heteropogon contortus,Low,8.3,TF,Fenced
1441,2024,D,3,Z1,Setaria incrassata,High,7.3,TF,Fenced
1442,2024,D,3,Z1,NA,NA,6,TF,Fenced
1443,2024,D,3,Z1,NA,NA,6,TF,Fenced
1444,2024,D,3,Z1,Heteropogon contortus,Moderate,3.7,TF,Fenced
1445,2024,D,3,Z1,Aristida adscensionis,Low,3.6,TF,Fenced
1446,2024,D,3,Z1,Chloris virgata,Moderate,3.8,TF,Fenced
1447,2024,D,3,Z1,Brachiaria nigropedata,High,3.8,TF,Fenced
1448,2024,D,3,Z1,Aristida diffusa,Low,NA,TF,Fenced
1449,2024,D,3,Z1,Enteropogon macrostachyus,High,5,TF,Fenced
1450,2024,D,3,Z1,Heteropogon contortus,Moderate,4.8,TF,Fenced
1451,2024,D,3,Z1,Setaria incrassata,High,8.1,TF,Fenced
1452,2024,D,3,Z1,NA,NA,8.7,TF,Fenced
1453,2024,D,3,Z2,Andropogon eucomus,Low,13.1,TF,Unfenced
1454,2024,D,3,Z2,Heteropogon contortus,Moderate,14.4,TF,Unfenced
1455,2024,D,3,Z2,NA,NA,11.9,TF,Unfenced
1456,2024,D,3,Z2,NA,NA,11.5,TF,Unfenced
1457,2024,D,3,Z2,Heteropogon contortus,Moderate,30.2,TF,Unfenced
1458,2024,D,3,Z2,Enteropogon macrostachyus,High,21.3,TF,Unfenced
1459,2024,D,3,Z2,NA,NA,21.3,TF,Unfenced
1460,2024,D,3,Z2,NA,NA,20.4,TF,Unfenced
1461,2024,D,3,Z2,Panicum maximum,High,6.1,TF,Unfenced
1462,2024,D,3,Z2,NA,NA,6.1,TF,Unfenced
1463,2024,D,3,Z2,NA,NA,6.1,TF,Unfenced
1464,2024,D,3,Z2,NA,NA,6.1,TF,Unfenced
1465,2024,D,3,Z2,Enteropogon macrostachyus,High,5.5,TF,Unfenced
1466,2024,D,3,Z2,Aristida adscensionis,Low,5.9,TF,Unfenced
1467,2024,D,3,Z2,Heteropogon contortus,Moderate,5.6,TF,Unfenced
1468,2024,D,3,Z2,Chloris virgata,Moderate,4.8,TF,Unfenced
1469,2024,D,3,Z2,Enteropogon macrostachyus,High,5.8,TF,Unfenced
1470,2024,D,3,Z2,Aristida adscensionis,Low,8.5,TF,Unfenced
1471,2024,D,3,Z2,Heteropogon contortus,Moderate,8.7,TF,Unfenced
1472,2024,D,3,Z2,NA,NA,8.3,TF,Unfenced
1473,2024,D,3,Z3,Aristida diffusa,Low,16.5,TF,Fenced
1474,2024,D,3,Z3,NA,NA,16.4,TF,Fenced
1475,2024,D,3,Z3,NA,NA,15.6,TF,Fenced
1476,2024,D,3,Z3,NA,NA,15.7,TF,Fenced
1477,2024,D,3,Z3,Aristida diffusa,Low,17.5,TF,Fenced
1478,2024,D,3,Z3,Heteropogon contortus,Moderate,16.3,TF,Fenced
1479,2024,D,3,Z3,Aristida adscensionis,Low,15.7,TF,Fenced
1480,2024,D,3,Z3,NA,NA,15.6,TF,Fenced
1481,2024,D,3,Z3,Andropogon eucomus,Low,7.5,TF,Fenced
1482,2024,D,3,Z3,Heteropogon contortus,Moderate,5.5,TF,Fenced
1483,2024,D,3,Z3,Brachiaria nigropedata,High,10.6,TF,Fenced
1484,2024,D,3,Z3,Eragrostis gummiflua,Low,9.5,TF,Fenced
1485,2024,D,3,Z3,Enteropogon macrostachyus,High,11.7,TF,Fenced
1486,2024,D,3,Z3,Setaria pumila ,Moderate,11,TF,Fenced
1487,2024,D,3,Z3,NA,NA,10.7,TF,Fenced
1488,2024,D,3,Z3,NA,NA,9.7,TF,Fenced
1489,2024,D,3,Z3,NA,NA,0,TF,Fenced
1490,2024,D,3,Z3,NA,NA,0,TF,Fenced
1491,2024,D,3,Z3,NA,NA,0,TF,Fenced
1492,2024,D,3,Z3,NA,NA,0,TF,Fenced
1493,2024,D,3,Z4,Panicum maximum,High,7.8,TF,Unfenced
1494,2024,D,3,Z4,Enteropogon macrostachyus,High,7.5,TF,Unfenced
1495,2024,D,3,Z4,Aristida adscensionis,Low,7.5,TF,Unfenced
1496,2024,D,3,Z4,NA,NA,9.1,TF,Unfenced
1497,2024,D,3,Z4,Heteropogon contortus,Moderate,1.9,TF,Unfenced
1498,2024,D,3,Z4,Aristida adscensionis,Low,4.4,TF,Unfenced
1499,2024,D,3,Z4,Brachiaria nigropedata,High,4.8,TF,Unfenced
1500,2024,D,3,Z4,NA,NA,4.1,TF,Unfenced
1501,2024,D,3,Z4,Themeda triandra,High,10,TF,Unfenced
1502,2024,D,3,Z4,Heteropogon contortus,Moderate,4.3,TF,Unfenced
1503,2024,D,3,Z4,Andropogon eucomus,Low,7.7,TF,Unfenced
1504,2024,D,3,Z4,NA,NA,7.7,TF,Unfenced
1505,2024,D,3,Z4,Heteropogon contortus,Moderate,8.3,TF,Unfenced
1506,2024,D,3,Z4,Digitaria eriantha,High,7.6,TF,Unfenced
1507,2024,D,3,Z4,NA,NA,6.7,TF,Unfenced
1508,2024,D,3,Z4,NA,NA,7.3,TF,Unfenced
1509,2024,D,3,Z4,NA,NA,0,TF,Unfenced
1510,2024,D,3,Z4,NA,NA,0,TF,Unfenced
1511,2024,D,3,Z4,NA,NA,0,TF,Unfenced
1512,2024,D,3,Z4,NA,NA,0,TF,Unfenced
1513,2024,D,4,Z1,Enteropogon macrostachyus,High,12.5,TFB,Fenced
1514,2024,D,4,Z1,Heteropogon contortus,Moderate,11.2,TFB,Fenced
1515,2024,D,4,Z1,NA,NA,11,TFB,Fenced
1516,2024,D,4,Z1,NA,NA,10,TFB,Fenced
1517,2024,D,4,Z1,Sporobolus ioclados,Moderate,2.5,TFB,Fenced
1518,2024,D,4,Z1,Setaria incrassata,High,5.2,TFB,Fenced
1519,2024,D,4,Z1,Heteropogon contortus,Moderate,6.3,TFB,Fenced
1520,2024,D,4,Z1,Brachiaria nigropedata,High,5.9,TFB,Fenced
1521,2024,D,4,Z1,Melinis repens,Low,NA,TFB,Fenced
1522,2024,D,4,Z1,Enteropogon macrostachyus,High,2.6,TFB,Fenced
1523,2024,D,4,Z1,Sporobolus ioclados,Moderate,2.6,TFB,Fenced
1524,2024,D,4,Z1,Heteropogon contortus,Moderate,2.6,TFB,Fenced
1525,2024,D,4,Z1,Aristida adscensionis,Low,5.1,TFB,Fenced
1526,2024,D,4,Z1,Enteropogon macrostachyus,High,2.4,TFB,Fenced
1527,2024,D,4,Z1,Heteropogon contortus,Moderate,2,TFB,Fenced
1528,2024,D,4,Z1,NA,NA,5.1,TFB,Fenced
1529,2024,D,4,Z1,NA,NA,4.2,TFB,Fenced
1530,2024,D,4,Z1,Themeda triandra,High,11.9,TFB,Fenced
1531,2024,D,4,Z1,Aristida adscensionis,Low,11.1,TFB,Fenced
1532,2024,D,4,Z1,Enteropogon macrostachyus,High,10.7,TFB,Fenced
1533,2024,D,4,Z1,Melinis repens,Low,10.2,TFB,Fenced
1534,2024,D,4,Z1,Eragrostis gummiflua,Low,NA,TFB,Fenced
1535,2024,D,4,Z2,Enteropogon macrostachyus,High,7,TFB,Unfenced
1536,2024,D,4,Z2,Aristida adscensionis,Low,7.5,TFB,Unfenced
1537,2024,D,4,Z2,NA,NA,7.7,TFB,Unfenced
1538,2024,D,4,Z2,NA,NA,7.8,TFB,Unfenced
1539,2024,D,4,Z2,Enteropogon macrostachyus,High,3.8,TFB,Unfenced
1540,2024,D,4,Z2,Aristida adscensionis,Low,4.4,TFB,Unfenced
1541,2024,D,4,Z2,Heteropogon contortus,Moderate,4.2,TFB,Unfenced
1542,2024,D,4,Z2,NA,NA,4.6,TFB,Unfenced
1543,2024,D,4,Z2,Enteropogon macrostachyus,High,8.2,TFB,Unfenced
1544,2024,D,4,Z2,Digitaria eriantha,High,8.2,TFB,Unfenced
1545,2024,D,4,Z2,Setaria incrassata,High,6.7,TFB,Unfenced
1546,2024,D,4,Z2,Sporobolus ioclados,Moderate,6,TFB,Unfenced
1547,2024,D,4,Z2,Heteropogon contortus,Moderate,9.5,TFB,Unfenced
1548,2024,D,4,Z2,Aristida diffusa,Low,8.8,TFB,Unfenced
1549,2024,D,4,Z2,NA,NA,8.6,TFB,Unfenced
1550,2024,D,4,Z2,NA,NA,8.4,TFB,Unfenced
1551,2024,D,4,Z2,Heteropogon contortus,Moderate,5.6,TFB,Unfenced
1552,2024,D,4,Z2,Sporobolus ioclados,Moderate,7,TFB,Unfenced
1553,2024,D,4,Z2,Aristida diffusa,Low,6.8,TFB,Unfenced
1554,2024,D,4,Z2,Eragrostis rigidior,Moderate,6.4,TFB,Unfenced
1555,2024,D,4,Z2,Andropogon eucomus,Low,NA,TFB,Unfenced
1556,2024,D,4,Z3,Heteropogon contortus,Moderate,10.5,TFB,Fenced
1557,2024,D,4,Z3,Setaria incrassata,High,8.1,TFB,Fenced
1558,2024,D,4,Z3,Andropogon eucomus,Low,8.1,TFB,Fenced
1559,2024,D,4,Z3,NA,NA,7.8,TFB,Fenced
1560,2024,D,4,Z3,Enteropogon macrostachyus,High,11.5,TFB,Fenced
1561,2024,D,4,Z3,Heteropogon contortus,Moderate,11.5,TFB,Fenced
1562,2024,D,4,Z3,Andropogon eucomus,Low,13.8,TFB,Fenced
1563,2024,D,4,Z3,NA,NA,14.9,TFB,Fenced
1564,2024,D,4,Z3,Enteropogon macrostachyus,High,11.9,TFB,Fenced
1565,2024,D,4,Z3,Eragrostis superba,Moderate,18.5,TFB,Fenced
1566,2024,D,4,Z3,Aristida adscensionis,Low,17.7,TFB,Fenced
1567,2024,D,4,Z3,NA,NA,18.4,TFB,Fenced
1568,2024,D,4,Z3,Heteropogon contortus,Moderate,4.6,TFB,Fenced
1569,2024,D,4,Z3,Aristida adscensionis,Low,3.2,TFB,Fenced
1570,2024,D,4,Z3,Pogonarthria squarrosa,Low,3.6,TFB,Fenced
1571,2024,D,4,Z3,NA,NA,4,TFB,Fenced
1572,2024,D,4,Z3,Digitaria eriantha,High,11.7,TFB,Fenced
1573,2024,D,4,Z3,Enteropogon macrostachyus,High,12.9,TFB,Fenced
1574,2024,D,4,Z3,Panicum maximum,High,13,TFB,Fenced
1575,2024,D,4,Z3,Aristida adscensionis,Low,14.1,TFB,Fenced
1576,2024,D,4,Z3,Heteropogon contortus,Moderate,NA,TFB,Fenced
1577,2024,D,4,Z4,Pogonarthria squarrosa,Low,11.4,TFB,Unfenced
1578,2024,D,4,Z4,Digitaria eriantha,High,10,TFB,Unfenced
1579,2024,D,4,Z4,Heteropogon contortus,Moderate,10.6,TFB,Unfenced
1580,2024,D,4,Z4,Sporobolus ioclados,Moderate,10.1,TFB,Unfenced
1581,2024,D,4,Z4,Heteropogon contortus,Moderate,23,TFB,Unfenced
1582,2024,D,4,Z4,Eragrostis superba,Moderate,28.2,TFB,Unfenced
1583,2024,D,4,Z4,Eragrostis gummiflua,Low,29.2,TFB,Unfenced
1584,2024,D,4,Z4,Enteropogon macrostachyus,High,29,TFB,Unfenced
1585,2024,D,4,Z4,Enteropogon macrostachyus,High,6.2,TFB,Unfenced
1586,2024,D,4,Z4,Heteropogon contortus,Moderate,6.2,TFB,Unfenced
1587,2024,D,4,Z4,Sporobolus ioclados,Moderate,6.2,TFB,Unfenced
1588,2024,D,4,Z4,Brachiaria nigropedata,High,6,TFB,Unfenced
1589,2024,D,4,Z4,Heteropogon contortus,Moderate,6.8,TFB,Unfenced
1590,2024,D,4,Z4,Enteropogon macrostachyus,High,6.6,TFB,Unfenced
1591,2024,D,4,Z4,Sporobolus ioclados,Moderate,4.9,TFB,Unfenced
1592,2024,D,4,Z4,Aristida diffusa,Low,5.3,TFB,Unfenced
1593,2024,D,4,Z4,Themeda triandra,High,7.5,TFB,Unfenced
1594,2024,D,4,Z4,Heteropogon contortus,Moderate,7.4,TFB,Unfenced
1595,2024,D,4,Z4,NA,NA,8.9,TFB,Unfenced
1596,2024,D,4,Z4,NA,NA,9.8,TFB,Unfenced
1597,2024,D,5,Z1,Andropogon eucomus,Low,17.2,THF,Fenced
1598,2024,D,5,Z1,Enteropogon macrostachyus,High,16.6,THF,Fenced
1599,2024,D,5,Z1,Heteropogon contortus,Moderate,16.7,THF,Fenced
1600,2024,D,5,Z1,NA,NA,16,THF,Fenced
1601,2024,D,5,Z1,Aristida diffusa,Low,10,THF,Fenced
1602,2024,D,5,Z1,Heteropogon contortus,Moderate,9.3,THF,Fenced
1603,2024,D,5,Z1,NA,NA,10.9,THF,Fenced
1604,2024,D,5,Z1,NA,NA,10.7,THF,Fenced
1605,2024,D,5,Z1,Enteropogon macrostachyus,High,16,THF,Fenced
1606,2024,D,5,Z1,Hyperrhenia hirta,Low,15.2,THF,Fenced
1607,2024,D,5,Z1,NA,NA,13.4,THF,Fenced
1608,2024,D,5,Z1,NA,NA,17.2,THF,Fenced
1609,2024,D,5,Z1,Enteropogon macrostachyus,High,9.5,THF,Fenced
1610,2024,D,5,Z1,Heteropogon contortus,Moderate,13.8,THF,Fenced
1611,2024,D,5,Z1,NA,NA,14.5,THF,Fenced
1612,2024,D,5,Z1,NA,NA,17.8,THF,Fenced
1613,2024,D,5,Z1,Enteropogon macrostachyus,High,13.3,THF,Fenced
1614,2024,D,5,Z1,Heteropogon contortus,Moderate,13.9,THF,Fenced
1615,2024,D,5,Z1,Setaria incrassata,High,17.1,THF,Fenced
1616,2024,D,5,Z1,NA,NA,17.3,THF,Fenced
1617,2024,D,5,Z2,Heteropogon contortus,Moderate,7.7,THF,Unfenced
1618,2024,D,5,Z2,Aristida congesta B,Low,7.6,THF,Unfenced
1619,2024,D,5,Z2,Eragrostis rigidior,Moderate,7.8,THF,Unfenced
1620,2024,D,5,Z2,Eragrostis gummiflua,Low,7.8,THF,Unfenced
1621,2024,D,5,Z2,Aristida diffusa,Low,4.5,THF,Unfenced
1622,2024,D,5,Z2,Enteropogon macrostachyus,High,4.2,THF,Unfenced
1623,2024,D,5,Z2,Heteropogon contortus,Moderate,4.6,THF,Unfenced
1624,2024,D,5,Z2,Brachiaria nigropedata,High,4.9,THF,Unfenced
1625,2024,D,5,Z2,Enteropogon macrostachyus,High,2.9,THF,Unfenced
1626,2024,D,5,Z2,Brachiaria nigropedata,High,2.7,THF,Unfenced
1627,2024,D,5,Z2,Sporobolus ioclados,Moderate,2.7,THF,Unfenced
1628,2024,D,5,Z2,Aristida diffusa,Low,2.7,THF,Unfenced
1629,2024,D,5,Z2,Perotis patens,Low,NA,THF,Unfenced
1630,2024,D,5,Z2,Brachiaria nigropedata,High,6.5,THF,Unfenced
1631,2024,D,5,Z2,Enteropogon macrostachyus,Moderate,6.4,THF,Unfenced
1632,2024,D,5,Z2,Aristida diffusa,Low,7.5,THF,Unfenced
1633,2024,D,5,Z2,Aristida adscensionis,Low,7.9,THF,Unfenced
1634,2024,D,5,Z2,Brachiaria nigropedata,High,8.2,THF,Unfenced
1635,2024,D,5,Z2,Eragrostis rigidior,Moderate,7.7,THF,Unfenced
1636,2024,D,5,Z2,NA,NA,7.3,THF,Unfenced
1637,2024,D,5,Z2,NA,NA,6,THF,Unfenced
1638,2024,D,5,Z3,Heteropogon contortus,Moderate,5.7,THF,Fenced
1639,2024,D,5,Z3,Enteropogon macrostachyus,High,6.8,THF,Fenced
1640,2024,D,5,Z3,Sporobolus ioclados,Moderate,7.4,THF,Fenced
1641,2024,D,5,Z3,Aristida adscensionis,Low,7.7,THF,Fenced
1642,2024,D,5,Z3,Themeda triandra,High,NA,THF,Fenced
1643,2024,D,5,Z3,Heteropogon contortus,Moderate,1.8,THF,Fenced
1644,2024,D,5,Z3,Aristida diffusa,Low,1.8,THF,Fenced
1645,2024,D,5,Z3,NA,NA,1.8,THF,Fenced
1646,2024,D,5,Z3,NA,NA,1.8,THF,Fenced
1647,2024,D,5,Z3,Cymbopogon excavatus,Low,8.1,THF,Fenced
1648,2024,D,5,Z3,Cynodon dactylon,High,9.6,THF,Fenced
1649,2024,D,5,Z3,NA,NA,10,THF,Fenced
1650,2024,D,5,Z3,NA,NA,11.4,THF,Fenced
1651,2024,D,5,Z3,Enteropogon macrostachyus,High,7,THF,Fenced
1652,2024,D,5,Z3,Heteropogon contortus,Moderate,9.9,THF,Fenced
1653,2024,D,5,Z3,Hyperrhenia hirta,Moderate,10.9,THF,Fenced
1654,2024,D,5,Z3,NA,NA,11.4,THF,Fenced
1655,2024,D,5,Z3,Enteropogon macrostachyus,High,6.3,THF,Fenced
1656,2024,D,5,Z3,Eragrostis rigidior,Moderate,7.4,THF,Fenced
1657,2024,D,5,Z3,Heteropogon contortus,Moderate,8,THF,Fenced
1658,2024,D,5,Z3,NA,NA,8.8,THF,Fenced
1659,2024,D,5,Z4,Sporobolus ioclados,Moderate,1.5,THF,Unfenced
1660,2024,D,5,Z4,Aristida diffusa,Low,1.5,THF,Unfenced
1661,2024,D,5,Z4,Cymbopogon excavatus,Low,6,THF,Unfenced
1662,2024,D,5,Z4,NA,NA,6,THF,Unfenced
1663,2024,D,5,Z4,Aristida diffusa,Low,11,THF,Unfenced
1664,2024,D,5,Z4,Heteropogon contortus,Moderate,11.4,THF,Unfenced
1665,2024,D,5,Z4,Panicum maximum,High,10.9,THF,Unfenced
1666,2024,D,5,Z4,NA,NA,11,THF,Unfenced
1667,2024,D,5,Z4,Cymbopogon excavatus,Low,11.6,THF,Unfenced
1668,2024,D,5,Z4,NA,NA,11.6,THF,Unfenced
1669,2024,D,5,Z4,NA,NA,17.8,THF,Unfenced
1670,2024,D,5,Z4,NA,NA,20,THF,Unfenced
1671,2024,D,5,Z4,Enteropogon macrostachyus,High,14,THF,Unfenced
1672,2024,D,5,Z4,Eragrostis gummiflua,Low,14.6,THF,Unfenced
1673,2024,D,5,Z4,Aristida diffusa,Low,10.5,THF,Unfenced
1674,2024,D,5,Z4,NA,NA,12,THF,Unfenced
1675,2024,D,5,Z4,Heteropogon contortus,Moderate,10.3,THF,Unfenced
1676,2024,D,5,Z4,Enteropogon macrostachyus,High,9.7,THF,Unfenced
1677,2024,D,5,Z4,Eragrostis cylindriflora,Moderate,9.1,THF,Unfenced
1678,2024,D,5,Z4,NA,NA,8.4,THF,Unfenced
1679,2024,E,1,Z1,Heteropogon contortus,Moderate,3.9,C,Fenced
1680,2024,E,1,Z1,Aristida adscensionis,Low,4.2,C,Fenced
1681,2024,E,1,Z1,NA,NA,9.5,C,Fenced
1682,2024,E,1,Z1,NA,NA,7.8,C,Fenced
1683,2024,E,1,Z1,Heteropogon contortus,Moderate,22,C,Fenced
1684,2024,E,1,Z1,Brachiaria nigropedata,High,17,C,Fenced
1685,2024,E,1,Z1,NA,NA,14.3,C,Fenced
1686,2024,E,1,Z1,NA,NA,13.6,C,Fenced
1687,2024,E,1,Z1,Brachiaria nigropedata,High,6.6,C,Fenced
1688,2024,E,1,Z1,Heteropogon contortus,Moderate,5.8,C,Fenced
1689,2024,E,1,Z1,Eragrostis superba,Moderate,6.2,C,Fenced
1690,2024,E,1,Z1,Eragrostis gummiflua,Low,6.2,C,Fenced
1691,2024,E,1,Z1,Heteropogon contortus,Moderate,3.2,C,Fenced
1692,2024,E,1,Z1,Panicum maximum,High,3.2,C,Fenced
1693,2024,E,1,Z1,NA,NA,3.2,C,Fenced
1694,2024,E,1,Z1,NA,NA,3.2,C,Fenced
1695,2024,E,1,Z1,Brachiaria nigropedata,High,2.5,C,Fenced
1696,2024,E,1,Z1,Aristida adscensionis,Low,3.9,C,Fenced
1697,2024,E,1,Z1,Eragrostis gummiflua,Low,3.6,C,Fenced
1698,2024,E,1,Z1,Heteropogon contortus,Moderate,3.9,C,Fenced
1699,2024,E,1,Z1,Eragrostis rigidior,Moderate,NA,C,Fenced
1700,2024,E,1,Z2,Panicum maximum,High,10.3,C,Unfenced
1701,2024,E,1,Z2,Eragrostis gummiflua,Low,10.1,C,Unfenced
1702,2024,E,1,Z2,Aristida adscensionis,Low,9.5,C,Unfenced
1703,2024,E,1,Z2,Pogonarthria squarrosa,Low,9,C,Unfenced
1704,2024,E,1,Z2,Digitaria eriantha,High,10.2,C,Unfenced
1705,2024,E,1,Z2,Eragrostis rigidior,Moderate,12.4,C,Unfenced
1706,2024,E,1,Z2,NA,NA,19.2,C,Unfenced
1707,2024,E,1,Z2,NA,NA,18.7,C,Unfenced
1708,2024,E,1,Z2,Digitaria eriantha,High,11.2,C,Unfenced
1709,2024,E,1,Z2,Heteropogon contortus,Moderate,10.4,C,Unfenced
1710,2024,E,1,Z2,NA,NA,10.7,C,Unfenced
1711,2024,E,1,Z2,NA,NA,9.9,C,Unfenced
1712,2024,E,1,Z2,Andropogon eucomus,Low,8.6,C,Unfenced
1713,2024,E,1,Z2,Aristida adscensionis,Low,9.2,C,Unfenced
1714,2024,E,1,Z2,Pogonarthria squarrosa,Low,10.2,C,Unfenced
1715,2024,E,1,Z2,NA,NA,10.5,C,Unfenced
1716,2024,E,1,Z2,Digitaria eriantha,High,2.5,C,Unfenced
1717,2024,E,1,Z2,NA,NA,4.1,C,Unfenced
1718,2024,E,1,Z2,NA,NA,4.6,C,Unfenced
1719,2024,E,1,Z2,NA,NA,4.8,C,Unfenced
1720,2024,E,1,Z3,Panicum maximum,High,6.7,C,Fenced
1721,2024,E,1,Z3,NA,NA,10.6,C,Fenced
1722,2024,E,1,Z3,NA,NA,9.9,C,Fenced
1723,2024,E,1,Z3,NA,NA,9.1,C,Fenced
1724,2024,E,1,Z3,Panicum maximum,High,3.2,C,Fenced
1725,2024,E,1,Z3,Heteropogon contortus,Moderate,9.7,C,Fenced
1726,2024,E,1,Z3,Eragrostis rigidior,Moderate,9,C,Fenced
1727,2024,E,1,Z3,NA,NA,7.6,C,Fenced
1728,2024,E,1,Z3,Digitaria eriantha,High,8.9,C,Fenced
1729,2024,E,1,Z3,Eragrostis rigidior,Moderate,12.6,C,Fenced
1730,2024,E,1,Z3,Brachiaria nigropedata,High,12.7,C,Fenced
1731,2024,E,1,Z3,NA,NA,11.1,C,Fenced
1732,2024,E,1,Z3,Heteropogon contortus,Moderate,13.5,C,Fenced
1733,2024,E,1,Z3,Digitaria eriantha,High,12,C,Fenced
1734,2024,E,1,Z3,Eragrostis gummiflua,Low,11.1,C,Fenced
1735,2024,E,1,Z3,Aristida adscensionis,Low,10.7,C,Fenced
1736,2024,E,1,Z3,Brachiaria nigropedata,High,2.1,C,Fenced
1737,2024,E,1,Z3,Aristida adscensionis,Low,5.6,C,Fenced
1738,2024,E,1,Z3,Enteropogon macrostachyus,High,5.7,C,Fenced
1739,2024,E,1,Z3,NA,NA,0,C,Fenced
1740,2024,E,1,Z4,Digitaria eriantha,High,6.2,C,Unfenced
1741,2024,E,1,Z4,NA,NA,4.9,C,Unfenced
1742,2024,E,1,Z4,NA,NA,5.1,C,Unfenced
1743,2024,E,1,Z4,NA,NA,8.3,C,Unfenced
1744,2024,E,1,Z4,Digitaria eriantha,High,6.8,C,Unfenced
1745,2024,E,1,Z4,Aristida adscensionis,Low,5.7,C,Unfenced
1746,2024,E,1,Z4,Pogonarthria squarrosa,Low,3.9,C,Unfenced
1747,2024,E,1,Z4,Chloris virgata,Moderate,3.8,C,Unfenced
1748,2024,E,1,Z4,Digitaria eriantha,High,11.9,C,Unfenced
1749,2024,E,1,Z4,Aristida adscensionis,Low,14.2,C,Unfenced
1750,2024,E,1,Z4,NA,NA,12.1,C,Unfenced
1751,2024,E,1,Z4,NA,NA,12,C,Unfenced
1752,2024,E,1,Z4,Digitaria eriantha,High,10.9,C,Unfenced
1753,2024,E,1,Z4,Eragrostis gummiflua,Low,6,C,Unfenced
1754,2024,E,1,Z4,Andropogon eucomus,Low,12.4,C,Unfenced
1755,2024,E,1,Z4,Eragrostis superba,Moderate,11.5,C,Unfenced
1756,2024,E,1,Z4,Digitaria eriantha,High,7.3,C,Unfenced
1757,2024,E,1,Z4,Panicum maximum,High,17.7,C,Unfenced
1758,2024,E,1,Z4,NA,NA,18,C,Unfenced
1759,2024,E,1,Z4,NA,NA,16.5,C,Unfenced
1760,2024,E,1,Z4,NA,NA,0,C,Unfenced
1761,2024,E,2,Z1,Panicum maximum,High,8.3,F,Fenced
1762,2024,E,2,Z1,NA,NA,8.7,F,Fenced
1763,2024,E,2,Z1,NA,NA,8.1,F,Fenced
1764,2024,E,2,Z1,NA,NA,8.1,F,Fenced
1765,2024,E,2,Z1,Heteropogon contortus,Moderate,4.1,F,Fenced
1766,2024,E,2,Z1,Enteropogon macrostachyus,High,3.4,F,Fenced
1767,2024,E,2,Z1,NA,NA,3.4,F,Fenced
1768,2024,E,2,Z1,NA,NA,5.1,F,Fenced
1769,2024,E,2,Z1,Urochloa mosambicensis,Moderate,5.6,F,Fenced
1770,2024,E,2,Z1,Eragrostis gummiflua,Low,4.6,F,Fenced
1771,2024,E,2,Z1,Aristida adscensionis,Low,0,F,Fenced
1772,2024,E,2,Z1,NA,NA,7.3,F,Fenced
1773,2024,E,2,Z1,NA,NA,0,F,Fenced
1774,2024,E,2,Z1,NA,NA,0,F,Fenced
1775,2024,E,2,Z1,NA,NA,0,F,Fenced
1776,2024,E,2,Z1,NA,NA,0,F,Fenced
1777,2024,E,2,Z1,Panicum maximum,High,4.7,F,Fenced
1778,2024,E,2,Z1,Heteropogon contortus,Moderate,4.6,F,Fenced
1779,2024,E,2,Z1,Enteropogon macrostachyus,High,4.4,F,Fenced
1780,2024,E,2,Z1,NA,NA,4.7,F,Fenced
1781,2024,E,2,Z2,Urochloa mosambicensis,Moderate,11.3,F,Unfenced
1782,2024,E,2,Z2,Enteropogon macrostachyus,High,11.1,F,Unfenced
1783,2024,E,2,Z2,Eragrostis gummiflua,Low,10.9,F,Unfenced
1784,2024,E,2,Z2,Heteropogon contortus,Moderate,10.7,F,Unfenced
1785,2024,E,2,Z2,Enteropogon macrostachyus,High,11.3,F,Unfenced
1786,2024,E,2,Z2,Eragrostis gummiflua,Low,12.9,F,Unfenced
1787,2024,E,2,Z2,Eragrostis rigidior,Moderate,12.5,F,Unfenced
1788,2024,E,2,Z2,NA,NA,12.7,F,Unfenced
1789,2024,E,2,Z2,Heteropogon contortus,Moderate,10.9,F,Unfenced
1790,2024,E,2,Z2,Enteropogon macrostachyus,High,10.7,F,Unfenced
1791,2024,E,2,Z2,NA,NA,11.3,F,Unfenced
1792,2024,E,2,Z2,NA,NA,12.7,F,Unfenced
1793,2024,E,2,Z2,Enteropogon macrostachyus,High,12.3,F,Unfenced
1794,2024,E,2,Z2,Panicum maximum,High,11.9,F,Unfenced
1795,2024,E,2,Z2,Aristida adscensionis,Low,11.4,F,Unfenced
1796,2024,E,2,Z2,NA,NA,11.2,F,Unfenced
1797,2024,E,2,Z2,Heteropogon contortus,Moderate,10.8,F,Unfenced
1798,2024,E,2,Z2,Urochloa mosambicensis,Moderate,10.6,F,Unfenced
1799,2024,E,2,Z2,NA,NA,4.6,F,Unfenced
1800,2024,E,2,Z2,NA,NA,4.7,F,Unfenced
1801,2024,E,2,Z3,Panicum maximum,High,4.2,F,Fenced
1802,2024,E,2,Z3,Heteropogon contortus,Moderate,4,F,Fenced
1803,2024,E,2,Z3,NA,NA,5.8,F,Fenced
1804,2024,E,2,Z3,NA,NA,5.5,F,Fenced
1805,2024,E,2,Z3,Heteropogon contortus,High,2.5,F,Fenced
1806,2024,E,2,Z3,Eragrostis rigidior,Moderate,3.5,F,Fenced
1807,2024,E,2,Z3,NA,NA,0,F,Fenced
1808,2024,E,2,Z3,NA,NA,0,F,Fenced
1809,2024,E,2,Z3,Panicum maximum,High,7.6,F,Fenced
1810,2024,E,2,Z3,Enteropogon macrostachyus,High,8.3,F,Fenced
1811,2024,E,2,Z3,NA,NA,7.6,F,Fenced
1812,2024,E,2,Z3,NA,NA,9.2,F,Fenced
1813,2024,E,2,Z3,Panicum maximum,High,8.7,F,Fenced
1814,2024,E,2,Z3,NA,NA,4,F,Fenced
1815,2024,E,2,Z3,NA,NA,15.1,F,Fenced
1816,2024,E,2,Z3,NA,NA,15.3,F,Fenced
1817,2024,E,2,Z3,Enteropogon macrostachyus,High,6.3,F,Fenced
1818,2024,E,2,Z3,Panicum maximum,High,6.1,F,Fenced
1819,2024,E,2,Z3,NA,NA,5.7,F,Fenced
1820,2024,E,2,Z3,NA,NA,6.7,F,Fenced
1821,2024,E,2,Z4,Enteropogon macrostachyus,High,10.2,F,Unfenced
1822,2024,E,2,Z4,Panicum maximum,High,11.2,F,Unfenced
1823,2024,E,2,Z4,NA,NA,10.7,F,Unfenced
1824,2024,E,2,Z4,NA,NA,12.6,F,Unfenced
1825,2024,E,2,Z4,Enteropogon macrostachyus,High,5.3,F,Unfenced
1826,2024,E,2,Z4,Panicum maximum,High,6.1,F,Unfenced
1827,2024,E,2,Z4,NA,NA,9.3,F,Unfenced
1828,2024,E,2,Z4,NA,NA,10.8,F,Unfenced
1829,2024,E,2,Z4,Heteropogon contortus,Moderate,23.3,F,Unfenced
1830,2024,E,2,Z4,Panicum maximum,High,19,F,Unfenced
1831,2024,E,2,Z4,NA,NA,16.7,F,Unfenced
1832,2024,E,2,Z4,NA,NA,19.9,F,Unfenced
1833,2024,E,2,Z4,Pogonarthria squarrosa,Low,17,F,Unfenced
1834,2024,E,2,Z4,Aristida adscensionis,Low,15.1,F,Unfenced
1835,2024,E,2,Z4,Heteropogon contortus,Moderate,13.7,F,Unfenced
1836,2024,E,2,Z4,Eragrostis rigidior,Moderate,17.9,F,Unfenced
1837,2024,E,2,Z4,Aristida adscensionis,Low,12,F,Unfenced
1838,2024,E,2,Z4,Heteropogon contortus,Moderate,11.4,F,Unfenced
1839,2024,E,2,Z4,Eragrostis rigidior,Moderate,10.9,F,Unfenced
1840,2024,E,2,Z4,Setaria incrassata,High,10.3,F,Unfenced
1841,2024,E,2,Z4,Eragrostis gummiflua,Low,NA,F,Unfenced
1842,2024,E,3,Z1,Heteropogon contortus,Moderate,3.3,F,Fenced
1843,2024,E,3,Z1,Urochloa mosambicensis,Moderate,9.5,F,Fenced
1844,2024,E,3,Z1,NA,NA,10,F,Fenced
1845,2024,E,3,Z1,NA,NA,15.9,F,Fenced
1846,2024,E,3,Z1,Panicum maximum,High,4.4,F,Fenced
1847,2024,E,3,Z1,Aristida adscensionis,Low,3.6,F,Fenced
1848,2024,E,3,Z1,Heteropogon contortus,Moderate,3.3,F,Fenced
1849,2024,E,3,Z1,Eragrostis rigidior,Moderate,5.2,F,Fenced
1850,2024,E,3,Z1,Panicum maximum,High,11.4,F,Fenced
1851,2024,E,3,Z1,Heteropogon contortus,Moderate,9,F,Fenced
1852,2024,E,3,Z1,NA,NA,8.5,F,Fenced
1853,2024,E,3,Z1,NA,NA,8.5,F,Fenced
1854,2024,E,3,Z1,Panicum maximum,High,6.7,F,Fenced
1855,2024,E,3,Z1,Digitaria eriantha,High,8.5,F,Fenced
1856,2024,E,3,Z1,NA,NA,9.4,F,Fenced
1857,2024,E,3,Z1,NA,NA,7,F,Fenced
1858,2024,E,3,Z1,Urochloa mosambicensis,Moderate,3,F,Fenced
1859,2024,E,3,Z1,Aristida adscensionis,Low,4.2,F,Fenced
1860,2024,E,3,Z1,Heteropogon contortus,Moderate,4.2,F,Fenced
1861,2024,E,3,Z1,Cymbopogon excavatus,Low,4.6,F,Fenced
1862,2024,E,3,Z1,Eragrostis gummiflua,Low,NA,F,Fenced
1863,2024,E,3,Z2,Urochloa mosambicensis,NA,2,F,Unfenced
1864,2024,E,3,Z2,NA,NA,2,F,Unfenced
1865,2024,E,3,Z2,NA,NA,2,F,Unfenced
1866,2024,E,3,Z2,NA,NA,2,F,Unfenced
1867,2024,E,3,Z2,Aristida diffusa,NA,9.7,F,Unfenced
1868,2024,E,3,Z2,Panicum maximum,NA,8.9,F,Unfenced
1869,2024,E,3,Z2,Aristida adscensionis,NA,8.4,F,Unfenced
1870,2024,E,3,Z2,Eragrostis rigidior,NA,7.8,F,Unfenced
1871,2024,E,3,Z2,Panicum maximum,NA,11.5,F,Unfenced
1872,2024,E,3,Z2,NA,NA,11.9,F,Unfenced
1873,2024,E,3,Z2,NA,NA,11.5,F,Unfenced
1874,2024,E,3,Z2,NA,NA,11.2,F,Unfenced
1875,2024,E,3,Z2,Panicum maximum,NA,24.4,F,Unfenced
1876,2024,E,3,Z2,Enteropogon macrostachyus,NA,15,F,Unfenced
1877,2024,E,3,Z2,NA,NA,12,F,Unfenced
1878,2024,E,3,Z2,NA,NA,14.6,F,Unfenced
1879,2024,E,3,Z2,Panicum maximum,NA,5.8,F,Unfenced
1880,2024,E,3,Z2,NA,NA,3.7,F,Unfenced
1881,2024,E,3,Z2,NA,NA,5.6,F,Unfenced
1882,2024,E,3,Z2,NA,NA,5.5,F,Unfenced
1883,2024,E,3,Z3,Eragrostis rigidior,Moderate,3,F,Fenced
1884,2024,E,3,Z3,Heteropogon contortus,Moderate,4.4,F,Fenced
1885,2024,E,3,Z3,Cymbopogon excavatus,Low,9.6,F,Fenced
1886,2024,E,3,Z3,NA,NA,10.4,F,Fenced
1887,2024,E,3,Z3,Heteropogon contortus,Moderate,12,F,Fenced
1888,2024,E,3,Z3,Urochloa mosambicensis,Moderate,12.1,F,Fenced
1889,2024,E,3,Z3,Panicum maximum,High,12.7,F,Fenced
1890,2024,E,3,Z3,NA,NA,10.5,F,Fenced
1891,2024,E,3,Z3,Eragrostis rigidior,Moderate,0,F,Fenced
1892,2024,E,3,Z3,Heteropogon contortus,Moderate,1.7,F,Fenced
1893,2024,E,3,Z3,Panicum maximum,High,1.8,F,Fenced
1894,2024,E,3,Z3,Eragrostis superba,Moderate,5.2,F,Fenced
1895,2024,E,3,Z3,Eragrostis gummiflua,Low,NA,F,Fenced
1896,2024,E,3,Z3,Aristida adscensionis,Low,NA,F,Fenced
1897,2024,E,3,Z3,Pogonarthria squarrosa,Low,NA,F,Fenced
1898,2024,E,3,Z3,Eragrostis rigidior,Moderate,6.5,F,Fenced
1899,2024,E,3,Z3,Heteropogon contortus,Moderate,4.3,F,Fenced
1900,2024,E,3,Z3,Eragrostis gummiflua,Low,7.1,F,Fenced
1901,2024,E,3,Z3,Aristida adscensionis,Low,8.3,F,Fenced
1902,2024,E,3,Z3,Heteropogon contortus,Moderate,5.3,F,Fenced
1903,2024,E,3,Z3,Eragrostis gummiflua,Low,4.6,F,Fenced
1904,2024,E,3,Z3,NA,NA,4.1,F,Fenced
1905,2024,E,3,Z3,NA,NA,4.5,F,Fenced
1906,2024,E,3,Z4,Cymbopogon excavatus,Low,4.5,F,Unfenced
1907,2024,E,3,Z4,Heteropogon contortus,Moderate,4.5,F,Unfenced
1908,2024,E,3,Z4,Urochloa mosambicensis,Moderate,9.9,F,Unfenced
1909,2024,E,3,Z4,NA,NA,12.9,F,Unfenced
1910,2024,E,3,Z4,Panicum maximum,High,11.7,F,Unfenced
1911,2024,E,3,Z4,NA,NA,10.8,F,Unfenced
1912,2024,E,3,Z4,NA,NA,8.4,F,Unfenced
1913,2024,E,3,Z4,NA,NA,9.9,F,Unfenced
1914,2024,E,3,Z4,Heteropogon contortus,Moderate,18.2,F,Unfenced
1915,2024,E,3,Z4,NA,NA,22.3,F,Unfenced
1916,2024,E,3,Z4,NA,NA,17.6,F,Unfenced
1917,2024,E,3,Z4,NA,NA,17.5,F,Unfenced
1918,2024,E,3,Z4,Panicum maximum,High,4.3,F,Unfenced
1919,2024,E,3,Z4,Eragrostis rigidior,Moderate,4.5,F,Unfenced
1920,2024,E,3,Z4,Eragrostis gummiflua,Low,6.8,F,Unfenced
1921,2024,E,3,Z4,NA,NA,6.2,F,Unfenced
1922,2024,E,3,Z4,Panicum maximum,High,8.5,F,Unfenced
1923,2024,E,3,Z4,Eragrostis rigidior,Moderate,8.3,F,Unfenced
1924,2024,E,3,Z4,NA,NA,7.4,F,Unfenced
1925,2024,E,3,Z4,NA,NA,7.9,F,Unfenced
1926,2024,E,4,Z1,Heteropogon contortus,High,5.4,TFB,Fenced
1927,2024,E,4,Z1,NA,NA,6.1,TFB,Fenced
1928,2024,E,4,Z1,NA,NA,6.7,TFB,Fenced
1929,2024,E,4,Z1,NA,NA,6.6,TFB,Fenced
1930,2024,E,4,Z1,Panicum maximum,High,7,TFB,Fenced
1931,2024,E,4,Z1,NA,NA,7.6,TFB,Fenced
1932,2024,E,4,Z1,NA,NA,5.7,TFB,Fenced
1933,2024,E,4,Z1,NA,NA,5.6,TFB,Fenced
1934,2024,E,4,Z1,Digitaria eriantha,High,2.7,TFB,Fenced
1935,2024,E,4,Z1,Heteropogon contortus,Moderate,2.6,TFB,Fenced
1936,2024,E,4,Z1,Eragrostis gummiflua,Low,2.6,TFB,Fenced
1937,2024,E,4,Z1,Aristida adscensionis,Low,2.6,TFB,Fenced
1938,2024,E,4,Z1,Heteropogon contortus,Moderate,8.3,TFB,Fenced
1939,2024,E,4,Z1,NA,NA,8.1,TFB,Fenced
1940,2024,E,4,Z1,NA,NA,8,TFB,Fenced
1941,2024,E,4,Z1,NA,NA,7.7,TFB,Fenced
1942,2024,E,4,Z1,Enteropogon macrostachyus,High,13.3,TFB,Fenced
1943,2024,E,4,Z1,NA,NA,15.4,TFB,Fenced
1944,2024,E,4,Z1,NA,NA,13.9,TFB,Fenced
1945,2024,E,4,Z1,NA,NA,13.6,TFB,Fenced
1946,2024,E,4,Z2,Heteropogon contortus,Moderate,5.2,TFB,Unfenced
1947,2024,E,4,Z2,Aristida adscensionis,Low,14.8,TFB,Unfenced
1948,2024,E,4,Z2,NA,NA,14.6,TFB,Unfenced
1949,2024,E,4,Z2,NA,NA,14.4,TFB,Unfenced
1950,2024,E,4,Z2,Heteropogon contortus,Moderate,3,TFB,Unfenced
1951,2024,E,4,Z2,Eragrostis gummiflua,Low,3.6,TFB,Unfenced
1952,2024,E,4,Z2,Aristida adscensionis,Low,3.8,TFB,Unfenced
1953,2024,E,4,Z2,Eragrostis rigidior,Moderate,5.6,TFB,Unfenced
1954,2024,E,4,Z2,Heteropogon contortus,Moderate,8.1,TFB,Unfenced
1955,2024,E,4,Z2,NA,NA,6.5,TFB,Unfenced
1956,2024,E,4,Z2,NA,NA,6.3,TFB,Unfenced
1957,2024,E,4,Z2,NA,NA,6.1,TFB,Unfenced
1958,2024,E,4,Z2,Heteropogon contortus,Moderate,6.5,TFB,Unfenced
1959,2024,E,4,Z2,NA,NA,6.6,TFB,Unfenced
1960,2024,E,4,Z2,NA,NA,9.4,TFB,Unfenced
1961,2024,E,4,Z2,NA,NA,10.3,TFB,Unfenced
1962,2024,E,4,Z2,Heteropogon contortus,Moderate,10.4,TFB,Unfenced
1963,2024,E,4,Z2,Cymbopogon excavatus,Low,7.4,TFB,Unfenced
1964,2024,E,4,Z2,NA,NA,7.6,TFB,Unfenced
1965,2024,E,4,Z2,NA,NA,6.8,TFB,Unfenced
1966,2024,E,4,Z3,Panicum maximum,High,9.8,TFB,Fenced
1967,2024,E,4,Z3,NA,NA,11.7,TFB,Fenced
1968,2024,E,4,Z3,NA,NA,11.3,TFB,Fenced
1969,2024,E,4,Z3,NA,NA,12.3,TFB,Fenced
1970,2024,E,4,Z3,Pogonarthria squarrosa,Low,13.2,TFB,Fenced
1971,2024,E,4,Z3,Panicum maximum,High,5.6,TFB,Fenced
1972,2024,E,4,Z3,Aristida adscensionis,Low,2.8,TFB,Fenced
1973,2024,E,4,Z3,NA,NA,5,TFB,Fenced
1974,2024,E,4,Z3,Heteropogon contortus,Moderate,20.3,TFB,Fenced
1975,2024,E,4,Z3,NA,NA,16,TFB,Fenced
1976,2024,E,4,Z3,NA,NA,16.9,TFB,Fenced
1977,2024,E,4,Z3,NA,NA,14.9,TFB,Fenced
1978,2024,E,4,Z3,Heteropogon contortus,Moderate,7.1,TFB,Fenced
1979,2024,E,4,Z3,Eragrostis gummiflua,Low,6.9,TFB,Fenced
1980,2024,E,4,Z3,Eragrostis rigidior,Moderate,7.1,TFB,Fenced
1981,2024,E,4,Z3,NA,NA,7.2,TFB,Fenced
1982,2024,E,4,Z3,Panicum maximum,High,6.6,TFB,Fenced
1983,2024,E,4,Z3,NA,NA,3.5,TFB,Fenced
1984,2024,E,4,Z3,NA,NA,6.3,TFB,Fenced
1985,2024,E,4,Z3,NA,NA,12.9,TFB,Fenced
1986,2024,E,4,Z4,Heteropogon contortus,Moderate,8.1,TFB,Unfenced
1987,2024,E,4,Z4,Enteropogon macrostachyus,High,7.5,TFB,Unfenced
1988,2024,E,4,Z4,Urochloa mosambicensis,Moderate,6.8,TFB,Unfenced
1989,2024,E,4,Z4,NA,NA,6.3,TFB,Unfenced
1990,2024,E,4,Z4,Eragrostis rigidior,Moderate,3.1,TFB,Unfenced
1991,2024,E,4,Z4,NA,NA,2.4,TFB,Unfenced
1992,2024,E,4,Z4,NA,NA,0,TFB,Unfenced
1993,2024,E,4,Z4,NA,NA,0,TFB,Unfenced
1994,2024,E,4,Z4,Panicum maximum,High,6.1,TFB,Unfenced
1995,2024,E,4,Z4,Heteropogon contortus,Moderate,5.3,TFB,Unfenced
1996,2024,E,4,Z4,Eragrostis rigidior,Moderate,7.3,TFB,Unfenced
1997,2024,E,4,Z4,NA,NA,10.2,TFB,Unfenced
1998,2024,E,4,Z4,Heteropogon contortus,Moderate,13.5,TFB,Unfenced
1999,2024,E,4,Z4,NA,NA,15.7,TFB,Unfenced
2000,2024,E,4,Z4,NA,NA,18.8,TFB,Unfenced
2001,2024,E,4,Z4,NA,NA,19,TFB,Unfenced
2002,2024,E,4,Z4,Enteropogon macrostachyus,High,7,TFB,Unfenced
2003,2024,E,4,Z4,Urochloa mosambicensis,Moderate,5.3,TFB,Unfenced
2004,2024,E,4,Z4,Heteropogon contortus,Moderate,5.5,TFB,Unfenced
2005,2024,E,4,Z4,NA,NA,6,TFB,Unfenced
2006,2024,E,5,Z1,Eragrostis rigidior,Moderate,5.8,THF,Fenced
2007,2024,E,5,Z1,Brachiaria nigropedata,High,5.8,THF,Fenced
2008,2024,E,5,Z1,Heteropogon contortus,Moderate,9.8,THF,Fenced
2009,2024,E,5,Z1,Enteropogon macrostachyus,High,8.5,THF,Fenced
2010,2024,E,5,Z1,Pogonarthria squarrosa,Low,NA,THF,Fenced
2011,2024,E,5,Z1,Digitaria eriantha,High,15.3,THF,Fenced
2012,2024,E,5,Z1,Panicum maximum,High,15.8,THF,Fenced
2013,2024,E,5,Z1,Heteropogon contortus,Moderate,13.8,THF,Fenced
2014,2024,E,5,Z1,Eragrostis gummiflua,Low,14.5,THF,Fenced
2015,2024,E,5,Z1,Enteropogon macrostachyus,High,8.7,THF,Fenced
2016,2024,E,5,Z1,Panicum maximum,High,11.4,THF,Fenced
2017,2024,E,5,Z1,NA,NA,13.4,THF,Fenced
2018,2024,E,5,Z1,NA,NA,11.4,THF,Fenced
2019,2024,E,5,Z1,Aristida adscensionis,Low,8.7,THF,Fenced
2020,2024,E,5,Z1,Heteropogon contortus,Moderate,8.5,THF,Fenced
2021,2024,E,5,Z1,Cymbopogon excavatus,Low,8.5,THF,Fenced
2022,2024,E,5,Z1,NA,NA,8.3,THF,Fenced
2023,2024,E,5,Z1,Heteropogon contortus,Moderate,10,THF,Fenced
2024,2024,E,5,Z1,Eragrostis rigidior,Moderate,10.6,THF,Fenced
2025,2024,E,5,Z1,NA,NA,10.4,THF,Fenced
2026,2024,E,5,Z1,NA,NA,10.5,THF,Fenced
2027,2024,E,5,Z2,Panicum maximum,High,8.9,THF,Unfenced
2028,2024,E,5,Z2,NA,NA,9.1,THF,Unfenced
2029,2024,E,5,Z2,NA,NA,9.7,THF,Unfenced
2030,2024,E,5,Z2,NA,NA,10.3,THF,Unfenced
2031,2024,E,5,Z2,Panicum maximum,High,10.8,THF,Unfenced
2032,2024,E,5,Z2,Enteropogon macrostachyus,High,10.8,THF,Unfenced
2033,2024,E,5,Z2,Heteropogon contortus,Moderate,8.9,THF,Unfenced
2034,2024,E,5,Z2,NA,NA,7.7,THF,Unfenced
2035,2024,E,5,Z2,Brachiaria nigropedata,High,12.2,THF,Unfenced
2036,2024,E,5,Z2,Heteropogon contortus,Moderate,11.3,THF,Unfenced
2037,2024,E,5,Z2,Digitaria eriantha,High,10.5,THF,Unfenced
2038,2024,E,5,Z2,NA,NA,10.5,THF,Unfenced
2039,2024,E,5,Z2,Eragrostis rigidior,Moderate,12.9,THF,Unfenced
2040,2024,E,5,Z2,Heteropogon contortus,Moderate,15,THF,Unfenced
2041,2024,E,5,Z2,Pogonarthria squarrosa,Low,14.3,THF,Unfenced
2042,2024,E,5,Z2,Aristida adscensionis,Low,5.6,THF,Unfenced
2043,2024,E,5,Z2,Enteropogon macrostachyus,High,10.7,THF,Unfenced
2044,2024,E,5,Z2,Heteropogon contortus,Moderate,10.6,THF,Unfenced
2045,2024,E,5,Z2,Aristida adscensionis,Low,10.4,THF,Unfenced
2046,2024,E,5,Z2,NA,NA,10.1,THF,Unfenced
2047,2024,E,5,Z3,Aristida adscensionis,Low,10.6,THF,Fenced
2048,2024,E,5,Z3,Digitaria eriantha,High,10.2,THF,Fenced
2049,2024,E,5,Z3,Eragrostis gummiflua,Low,10.5,THF,Fenced
2050,2024,E,5,Z3,NA,NA,10.4,THF,Fenced
2051,2024,E,5,Z3,Eragrostis gummiflua,Low,5.1,THF,Fenced
2052,2024,E,5,Z3,Eragrostis rigidior,Moderate,13.2,THF,Fenced
2053,2024,E,5,Z3,Heteropogon contortus,Moderate,11.4,THF,Fenced
2054,2024,E,5,Z3,Digitaria eriantha,High,19.9,THF,Fenced
2055,2024,E,5,Z3,Pogonarthria squarrosa,Low,NA,THF,Fenced
2056,2024,E,5,Z3,Heteropogon contortus,Moderate,6.8,THF,Fenced
2057,2024,E,5,Z3,Digitaria eriantha,High,8.1,THF,Fenced
2058,2024,E,5,Z3,Panicum maximum,High,8.1,THF,Fenced
2059,2024,E,5,Z3,NA,NA,8.8,THF,Fenced
2060,2024,E,5,Z3,Aristida adscensionis,Low,6.3,THF,Fenced
2061,2024,E,5,Z3,Eragrostis gummiflua,Low,6,THF,Fenced
2062,2024,E,5,Z3,Eragrostis rigidior,Moderate,8.3,THF,Fenced
2063,2024,E,5,Z3,Heteropogon contortus,Moderate,7.2,THF,Fenced
2064,2024,E,5,Z3,Enteropogon macrostachyus,High,NA,THF,Fenced
2065,2024,E,5,Z3,Aristida adscensionis,Low,2.8,THF,Fenced
2066,2024,E,5,Z3,Heteropogon contortus,Moderate,2.8,THF,Fenced
2067,2024,E,5,Z3,NA,NA,2.8,THF,Fenced
2068,2024,E,5,Z3,NA,NA,2.8,THF,Fenced
2069,2024,E,5,Z4,Heteropogon contortus,Moderate,13.2,THF,Unfenced
2070,2024,E,5,Z4,Enteropogon macrostachyus,High,12,THF,Unfenced
2071,2024,E,5,Z4,NA,NA,11.4,THF,Unfenced
2072,2024,E,5,Z4,NA,NA,11.6,THF,Unfenced
2073,2024,E,5,Z4,Pogonarthria squarrosa,Low,8.3,THF,Unfenced
2074,2024,E,5,Z4,Brachiaria nigropedata,High,8.4,THF,Unfenced
2075,2024,E,5,Z4,NA,NA,9.1,THF,Unfenced
2076,2024,E,5,Z4,NA,NA,10,THF,Unfenced
2077,2024,E,5,Z4,Brachiaria nigropedata,High,13.2,THF,Unfenced
2078,2024,E,5,Z4,Digitaria eriantha,High,12.7,THF,Unfenced
2079,2024,E,5,Z4,Panicum maximum,High,12.2,THF,Unfenced
2080,2024,E,5,Z4,NA,NA,12.3,THF,Unfenced
2081,2024,E,5,Z4,Enteropogon macrostachyus,High,11.6,THF,Unfenced
2082,2024,E,5,Z4,Digitaria eriantha,High,12.2,THF,Unfenced
2083,2024,E,5,Z4,Sporobolus africanus,Low,12.3,THF,Unfenced
2084,2024,E,5,Z4,NA,NA,13.1,THF,Unfenced
2085,2024,E,5,Z4,Enteropogon macrostachyus,High,5.1,THF,Unfenced
2086,2024,E,5,Z4,Aristida adscensionis,Low,12.8,THF,Unfenced
2087,2024,E,5,Z4,Sporobolus ioclados,Moderate,12.5,THF,Unfenced
2088,2024,E,5,Z4,NA,NA,12.1,THF,Unfenced
2089,2024,F,1,Z1,Heteropogon contortus,Moderate,4,C,Fenced
2090,2024,F,1,Z1,Eragrostis rigidior,Moderate,5.6,C,Fenced
2091,2024,F,1,Z1,NA,NA,3.8,C,Fenced
2092,2024,F,1,Z1,NA,NA,13.6,C,Fenced
2093,2024,F,1,Z1,Heteropogon contortus,Moderate,3.4,C,Fenced
2094,2024,F,1,Z1,Eragrostis rigidior,Moderate,20.7,C,Fenced
2095,2024,F,1,Z1,Eragrostis gummiflua,Low,7.8,C,Fenced
2096,2024,F,1,Z1,NA,NA,3.6,C,Fenced
2097,2024,F,1,Z1,Aristida congesta C,Low,3.5,C,Fenced
2098,2024,F,1,Z1,Heteropogon contortus,Moderate,4.7,C,Fenced
2099,2024,F,1,Z1,Eragrostis rigidior,Moderate,4.8,C,Fenced
2100,2024,F,1,Z1,Eragrostis gummiflua,Low,5.2,C,Fenced
2101,2024,F,1,Z1,Aristida adscensionis,Low,9,C,Fenced
2102,2024,F,1,Z1,Eragrostis rigidior,Low,12.7,C,Fenced
2103,2024,F,1,Z1,Eragrostis gummiflua,Low,12.8,C,Fenced
2104,2024,F,1,Z1,Eragrostis superba,Moderate,12.7,C,Fenced
2105,2024,F,1,Z1,Eragrostis rigidior,Moderate,5.5,C,Fenced
2106,2024,F,1,Z1,Eragrostis gummiflua,Low,5.9,C,Fenced
2107,2024,F,1,Z1,Eragrostis superba,Moderate,7.9,C,Fenced
2108,2024,F,1,Z1,NA,NA,7.5,C,Fenced
2109,2024,F,1,Z2,Heteropogon contortus,Moderate,4.9,C,Fenced
2110,2024,F,1,Z2,Eragrostis rigidior,Moderate,7.8,C,Fenced
2111,2024,F,1,Z2,Eragrostis gummiflua,Low,7.5,C,Fenced
2112,2024,F,1,Z2,Digitaria eriantha,High,13.3,C,Fenced
2113,2024,F,1,Z2,Heteropogon contortus,Moderate,19.7,C,Fenced
2114,2024,F,1,Z2,Eragrostis rigidior,Moderate,10.5,C,Fenced
2115,2024,F,1,Z2,Eragrostis gummiflua,Low,20,C,Fenced
2116,2024,F,1,Z2,Panicum maximum,High,22.5,C,Fenced
2117,2024,F,1,Z2,Aristida junciformis,Low,9.8,C,Fenced
2118,2024,F,1,Z2,Digitaria eriantha,High,8.7,C,Fenced
2119,2024,F,1,Z2,Heteropogon contortus,Moderate,8.9,C,Fenced
2120,2024,F,1,Z2,NA,NA,8.2,C,Fenced
2121,2024,F,1,Z2,Heteropogon contortus,Moderate,8.6,C,Fenced
2122,2024,F,1,Z2,Eragrostis rigidior,Moderate,8.6,C,Fenced
2123,2024,F,1,Z2,Eragrostis superba,Moderate,8.3,C,Fenced
2124,2024,F,1,Z2,Panicum maximum,High,7.7,C,Fenced
2125,2024,F,1,Z2,Eragrostis rigidior,Moderate,15.3,C,Fenced
2126,2024,F,1,Z2,Eragrostis gummiflua,Low,14.7,C,Fenced
2127,2024,F,1,Z2,NA,NA,13.6,C,Fenced
2128,2024,F,1,Z2,NA,NA,13.8,C,Fenced
2129,2024,F,1,Z3,Heteropogon contortus,Moderate,5.4,C,Unfenced
2130,2024,F,1,Z3,Eragrostis rigidior,Moderate,5.1,C,Unfenced
2131,2024,F,1,Z3,Eragrostis gummiflua,Low,4.6,C,Unfenced
2132,2024,F,1,Z3,Loudetia simplex,Moderate,12.8,C,Unfenced
2133,2024,F,1,Z3,Eragrostis gummiflua,Low,3.4,C,Unfenced
2134,2024,F,1,Z3,Aristida  canescens,Low,4.8,C,Unfenced
2135,2024,F,1,Z3,NA,NA,5.4,C,Unfenced
2136,2024,F,1,Z3,NA,NA,7.8,C,Unfenced
2137,2024,F,1,Z3,Eragrostis gummiflua,Low,2.2,C,Unfenced
2138,2024,F,1,Z3,NA,NA,2.1,C,Unfenced
2139,2024,F,1,Z3,NA,NA,2,C,Unfenced
2140,2024,F,1,Z3,NA,NA,2.4,C,Unfenced
2141,2024,F,1,Z3,Digitaria eriantha,High,2.4,C,Unfenced
2142,2024,F,1,Z3,Brachiaria brizantha,Moderate,4,C,Unfenced
2143,2024,F,1,Z3,Eragrostis rigidior,Moderate,4.5,C,Unfenced
2144,2024,F,1,Z3,Heteropogon contortus,Moderate,4.5,C,Unfenced
2145,2024,F,1,Z3,Eragrostis rigidior,Moderate,3.4,C,Unfenced
2146,2024,F,1,Z3,Eragrostis gummiflua,Low,4.3,C,Unfenced
2147,2024,F,1,Z3,NA,NA,4.8,C,Unfenced
2148,2024,F,1,Z3,NA,NA,5,C,Unfenced
2149,2024,F,1,Z4,Eragrostis gummiflua,Low,1.6,C,Unfenced
2150,2024,F,1,Z4,Digitaria eriantha,High,3.3,C,Unfenced
2151,2024,F,1,Z4,Heteropogon contortus,Moderate,3.7,C,Unfenced
2152,2024,F,1,Z4,NA,NA,4.4,C,Unfenced
2153,2024,F,1,Z4,Eragrostis gummiflua,Low,4.6,C,Unfenced
2154,2024,F,1,Z4,Eragrostis rigidior,Moderate,4.7,C,Unfenced
2155,2024,F,1,Z4,Heteropogon contortus,Moderate,5.1,C,Unfenced
2156,2024,F,1,Z4,Aristida congesta C,Low,5.2,C,Unfenced
2157,2024,F,1,Z4,Eragrostis gummiflua,Low,8.7,C,Unfenced
2158,2024,F,1,Z4,Aristida diffusa,Low,6.6,C,Unfenced
2159,2024,F,1,Z4,NA,NA,4.8,C,Unfenced
2160,2024,F,1,Z4,NA,NA,5.1,C,Unfenced
2161,2024,F,1,Z4,Aristida congesta B,Low,7.7,C,Unfenced
2162,2024,F,1,Z4,Heteropogon contortus,Moderate,6.6,C,Unfenced
2163,2024,F,1,Z4,Eragrostis rigidior,Moderate,7.9,C,Unfenced
2164,2024,F,1,Z4,Eragrostis gummiflua,Low,7.8,C,Unfenced
2165,2024,F,1,Z4,Eragrostis superba,Moderate,NA,C,Unfenced
2166,2024,F,1,Z4,Eragrostis gummiflua,Low,3.6,C,Unfenced
2167,2024,F,1,Z4,Urochloa panicoides,Low,3.5,C,Unfenced
2168,2024,F,1,Z4,Aristida diffusa,Low,3.6,C,Unfenced
2169,2024,F,1,Z4,NA,NA,3.6,C,Unfenced
2170,2024,F,2,Z1,Aristida congesta B,Low,5.3,F,Fenced
2171,2024,F,2,Z1,Heteropogon contortus,Moderate,5.1,F,Fenced
2172,2024,F,2,Z1,Eragrostis rigidior,Moderate,5,F,Fenced
2173,2024,F,2,Z1,Digitaria eriantha,High,4.8,F,Fenced
2174,2024,F,2,Z1,Panicum maximum,High,5.6,F,Fenced
2175,2024,F,2,Z1,NA,NA,5.6,F,Fenced
2176,2024,F,2,Z1,NA,NA,5.6,F,Fenced
2177,2024,F,2,Z1,NA,NA,5.7,F,Fenced
2178,2024,F,2,Z1,Cynodon dactylon,High,8.4,F,Fenced
2179,2024,F,2,Z1,Aristida congesta C,Low,5.6,F,Fenced
2180,2024,F,2,Z1,Eragrostis rigidior,Moderate,6.4,F,Fenced
2181,2024,F,2,Z1,NA,NA,5.1,F,Fenced
2182,2024,F,2,Z1,Cynodon dactylon,High,9.7,F,Fenced
2183,2024,F,2,Z1,Aristida congesta C,Moderate,13.2,F,Fenced
2184,2024,F,2,Z1,Digitaria eriantha,High,19.7,F,Fenced
2185,2024,F,2,Z1,NA,NA,22.1,F,Fenced
2186,2024,F,2,Z1,Panicum maximum,High,13.1,F,Fenced
2187,2024,F,2,Z1,Eragrostis rigidior,Moderate,7,F,Fenced
2188,2024,F,2,Z1,NA,NA,6.5,F,Fenced
2189,2024,F,2,Z1,NA,NA,7.4,F,Fenced
2190,2024,F,2,Z2,Eragrostis rigidior,Moderate,6.9,F,Fenced
2191,2024,F,2,Z2,Digitaria eriantha,High,6.3,F,Fenced
2192,2024,F,2,Z2,NA,NA,6.7,F,Fenced
2193,2024,F,2,Z2,NA,NA,6.4,F,Fenced
2194,2024,F,2,Z2,Digitaria eriantha,High,4.7,F,Fenced
2195,2024,F,2,Z2,Eragrostis rigidior,Moderate,4.2,F,Fenced
2196,2024,F,2,Z2,Eragrostis gummiflua,Low,5.9,F,Fenced
2197,2024,F,2,Z2,NA,NA,4.6,F,Fenced
2198,2024,F,2,Z2,Eragrostis rigidior,Moderate,7.4,F,Fenced
2199,2024,F,2,Z2,Digitaria eriantha,High,7,F,Fenced
2200,2024,F,2,Z2,Eragrostis gummiflua,Low,11.8,F,Fenced
2201,2024,F,2,Z2,Pogonarthria squarrosa,Low,8.9,F,Fenced
2202,2024,F,2,Z2,Eragrostis gummiflua,Low,1.9,F,Fenced
2203,2024,F,2,Z2,Digitaria eriantha,High,3.5,F,Fenced
2204,2024,F,2,Z2,Cynodon dactylon,High,4,F,Fenced
2205,2024,F,2,Z2,NA,NA,3.8,F,Fenced
2206,2024,F,2,Z2,Eragrostis gummiflua,Low,3.9,F,Fenced
2207,2024,F,2,Z2,Eragrostis rigidior,Moderate,5.1,F,Fenced
2208,2024,F,2,Z2,Urochloa panicoides,Low,6.7,F,Fenced
2209,2024,F,2,Z2,NA,NA,8.9,F,Fenced
2210,2024,F,2,Z3,Digitaria eriantha,High,2.7,F,Unfenced
2211,2024,F,2,Z3,Cynodon dactylon,High,2.3,F,Unfenced
2212,2024,F,2,Z3,Perotis patens,Low,2.4,F,Unfenced
2213,2024,F,2,Z3,NA,NA,2.4,F,Unfenced
2214,2024,F,2,Z3,NA,NA,0,F,Unfenced
2215,2024,F,2,Z3,NA,NA,0,F,Unfenced
2216,2024,F,2,Z3,NA,NA,0,F,Unfenced
2217,2024,F,2,Z3,NA,NA,0,F,Unfenced
2218,2024,F,2,Z3,Digitaria eriantha,High,17,F,Unfenced
2219,2024,F,2,Z3,Cynodon dactylon,High,13.7,F,Unfenced
2220,2024,F,2,Z3,Eragrostis rigidior,Moderate,11.9,F,Unfenced
2221,2024,F,2,Z3,NA,NA,11.9,F,Unfenced
2222,2024,F,2,Z3,Digitaria eriantha,High,5.2,F,Unfenced
2223,2024,F,2,Z3,Eragrostis rigidior,Moderate,5.5,F,Unfenced
2224,2024,F,2,Z3,NA,NA,6.1,F,Unfenced
2225,2024,F,2,Z3,NA,NA,6.9,F,Unfenced
2226,2024,F,2,Z3,Aristida  canescens,Low,4.6,F,Unfenced
2227,2024,F,2,Z3,Digitaria eriantha,High,4,F,Unfenced
2228,2024,F,2,Z3,Setaria incrassata,High,3.9,F,Unfenced
2229,2024,F,2,Z3,NA,NA,4.5,F,Unfenced
2230,2024,F,2,Z4,Digitaria eriantha,High,12.4,F,Unfenced
2231,2024,F,2,Z4,Cynodon dactylon,High,11.8,F,Unfenced
2232,2024,F,2,Z4,Eragrostis rigidior,Moderate,12,F,Unfenced
2233,2024,F,2,Z4,NA,NA,12,F,Unfenced
2234,2024,F,2,Z4,Heteropogon contortus,Moderate,5.6,F,Unfenced
2235,2024,F,2,Z4,Cynodon dactylon,High,6.4,F,Unfenced
2236,2024,F,2,Z4,Eragrostis rigidior,Moderate,6.7,F,Unfenced
2237,2024,F,2,Z4,Aristida  canescens,Low,6.8,F,Unfenced
2238,2024,F,2,Z4,Enteropogon macrostachyus,High,6.6,F,Unfenced
2239,2024,F,2,Z4,Panicum maximum,High,6.9,F,Unfenced
2240,2024,F,2,Z4,NA,NA,8.5,F,Unfenced
2241,2024,F,2,Z4,NA,NA,8.3,F,Unfenced
2242,2024,F,2,Z4,Heteropogon contortus,Moderate,13.7,F,Unfenced
2243,2024,F,2,Z4,Cynodon dactylon,High,13.9,F,Unfenced
2244,2024,F,2,Z4,Eragrostis rigidior,Moderate,14.5,F,Unfenced
2245,2024,F,2,Z4,Aristida  canescens,Low,13.9,F,Unfenced
2246,2024,F,2,Z4,Digitaria eriantha,High,13.1,F,Unfenced
2247,2024,F,2,Z4,Cynodon dactylon,High,12.9,F,Unfenced
2248,2024,F,2,Z4,Eragrostis rigidior,Moderate,12.6,F,Unfenced
2249,2024,F,2,Z4,NA,NA,12.1,F,Unfenced
2250,2024,F,3,Z1,Digitaria eriantha,High,2.7,TF,Fenced
2251,2024,F,3,Z1,Cynodon dactylon,High,2.3,TF,Fenced
2252,2024,F,3,Z1,Perotis patens,Low,2.4,TF,Fenced
2253,2024,F,3,Z1,NA,NA,2.4,TF,Fenced
2254,2024,F,3,Z1,NA,NA,0,TF,Fenced
2255,2024,F,3,Z1,NA,NA,0,TF,Fenced
2256,2024,F,3,Z1,NA,NA,0,TF,Fenced
2257,2024,F,3,Z1,NA,NA,0,TF,Fenced
2258,2024,F,3,Z1,Digitaria eriantha,High,17,TF,Fenced
2259,2024,F,3,Z1,Cynodon dactylon,High,13.7,TF,Fenced
2260,2024,F,3,Z1,Eragrostis rigidior,Moderate,11.9,TF,Fenced
2261,2024,F,3,Z1,NA,NA,11.9,TF,Fenced
2262,2024,F,3,Z1,Digitaria eriantha,High,5.2,TF,Fenced
2263,2024,F,3,Z1,Eragrostis rigidior,Moderate,5.5,TF,Fenced
2264,2024,F,3,Z1,NA,NA,6.1,TF,Fenced
2265,2024,F,3,Z1,NA,NA,6.9,TF,Fenced
2266,2024,F,3,Z1,Aristida  canescens,Low,4.6,TF,Fenced
2267,2024,F,3,Z1,Digitaria eriantha,High,4,TF,Fenced
2268,2024,F,3,Z1,Setaria incrassata,High,3.9,TF,Fenced
2269,2024,F,3,Z1,NA,NA,4.5,TF,Fenced
2270,2024,F,3,Z2,Eragrostis rigidior,Moderate,9.1,TF,Fenced
2271,2024,F,3,Z2,NA,NA,7,TF,Fenced
2272,2024,F,3,Z2,NA,NA,9,TF,Fenced
2273,2024,F,3,Z2,NA,NA,8,TF,Fenced
2274,2024,F,3,Z2,Eragrostis rigidior,Moderate,2.6,TF,Fenced
2275,2024,F,3,Z2,NA,NA,1.9,TF,Fenced
2276,2024,F,3,Z2,NA,NA,2,TF,Fenced
2277,2024,F,3,Z2,NA,NA,2.1,TF,Fenced
2278,2024,F,3,Z2,Aristida  canescens,Low,4.9,TF,Fenced
2279,2024,F,3,Z2,Digitaria eriantha,High,3.8,TF,Fenced
2280,2024,F,3,Z2,Eragrostis gummiflua,Low,3.4,TF,Fenced
2281,2024,F,3,Z2,Eragrostis rigidior,Moderate,3.5,TF,Fenced
2282,2024,F,3,Z2,NA,NA,0,TF,Fenced
2283,2024,F,3,Z2,NA,NA,0,TF,Fenced
2284,2024,F,3,Z2,NA,NA,0,TF,Fenced
2285,2024,F,3,Z2,NA,NA,0,TF,Fenced
2286,2024,F,3,Z2,Aristida  canescens,Low,1.9,TF,Fenced
2287,2024,F,3,Z2,Eragrostis rigidior,Moderate,3.6,TF,Fenced
2288,2024,F,3,Z2,NA,NA,2.9,TF,Fenced
2289,2024,F,3,Z2,NA,NA,3,TF,Fenced
2290,2024,F,3,Z3,Cynodon dactylon,High,4.8,TF,Unfenced
2291,2024,F,3,Z3,Pogonarthria squarrosa,Low,6.6,TF,Unfenced
2292,2024,F,3,Z3,NA,NA,6.8,TF,Unfenced
2293,2024,F,3,Z3,NA,NA,7,TF,Unfenced
2294,2024,F,3,Z3,Digitaria eriantha,High,18.3,TF,Unfenced
2295,2024,F,3,Z3,Eragrostis rigidior,Moderate,16.2,TF,Unfenced
2296,2024,F,3,Z3,NA,NA,12.4,TF,Unfenced
2297,2024,F,3,Z3,NA,NA,12.2,TF,Unfenced
2298,2024,F,3,Z3,Cynodon dactylon,High,12.2,TF,Unfenced
2299,2024,F,3,Z3,Digitaria eriantha,High,11.4,TF,Unfenced
2300,2024,F,3,Z3,Eragrostis rigidior,Moderate,10.7,TF,Unfenced
2301,2024,F,3,Z3,NA,NA,9.4,TF,Unfenced
2302,2024,F,3,Z3,Cynodon dactylon,High,12.1,TF,Unfenced
2303,2024,F,3,Z3,Digitaria eriantha,High,11.2,TF,Unfenced
2304,2024,F,3,Z3,NA,NA,12.5,TF,Unfenced
2305,2024,F,3,Z3,NA,NA,12.5,TF,Unfenced
2306,2024,F,3,Z3,Cynodon dactylon,High,7.9,TF,Unfenced
2307,2024,F,3,Z3,Digitaria eriantha,High,6.2,TF,Unfenced
2308,2024,F,3,Z3,Chloris virgata,Moderate,5.6,TF,Unfenced
2309,2024,F,3,Z3,NA,NA,5.4,TF,Unfenced
2310,2024,F,3,Z4,Cynodon dactylon,High,5.2,TF,Unfenced
2311,2024,F,3,Z4,Digitaria eriantha,High,5.1,TF,Unfenced
2312,2024,F,3,Z4,Eragrostis rigidior,Moderate,5.1,TF,Unfenced
2313,2024,F,3,Z4,NA,NA,5,TF,Unfenced
2314,2024,F,3,Z4,Aristida  canescens,Low,6.6,TF,Unfenced
2315,2024,F,3,Z4,Digitaria eriantha,High,7.4,TF,Unfenced
2316,2024,F,3,Z4,NA,NA,7.2,TF,Unfenced
2317,2024,F,3,Z4,NA,NA,7.1,TF,Unfenced
2318,2024,F,3,Z4,Cynodon dactylon,High,7.2,TF,Unfenced
2319,2024,F,3,Z4,Digitaria eriantha,High,7.6,TF,Unfenced
2320,2024,F,3,Z4,NA,NA,7.6,TF,Unfenced
2321,2024,F,3,Z4,NA,NA,7.4,TF,Unfenced
2322,2024,F,3,Z4,Cynodon dactylon,High,7.9,TF,Unfenced
2323,2024,F,3,Z4,Digitaria eriantha,High,8.2,TF,Unfenced
2324,2024,F,3,Z4,Eragrostis rigidior,Moderate,9.1,TF,Unfenced
2325,2024,F,3,Z4,Pogonarthria squarrosa,Low,9,TF,Unfenced
2326,2024,F,3,Z4,Cynodon dactylon,High,9.2,TF,Unfenced
2327,2024,F,3,Z4,Digitaria eriantha,High,9.5,TF,Unfenced
2328,2024,F,3,Z4,Eragrostis rigidior,Moderate,9.9,TF,Unfenced
2329,2024,F,3,Z4,Chloris virgata,Moderate,10.3,TF,Unfenced
2330,2024,F,4,Z1,Heteropogon contortus,Moderate,6.3,TFB,Fenced
2331,2024,F,4,Z1,Digitaria eriantha,High,6.8,TFB,Fenced
2332,2024,F,4,Z1,Eragrostis rigidior,Moderate,7.8,TFB,Fenced
2333,2024,F,4,Z1,NA,NA,7.8,TFB,Fenced
2334,2024,F,4,Z1,Eragrostis gummiflua,Low,6.5,TFB,Fenced
2335,2024,F,4,Z1,NA,NA,6,TFB,Fenced
2336,2024,F,4,Z1,NA,NA,5.3,TFB,Fenced
2337,2024,F,4,Z1,NA,NA,5.1,TFB,Fenced
2338,2024,F,4,Z1,Cynodon dactylon,High,7.7,TFB,Fenced
2339,2024,F,4,Z1,Digitaria eriantha,High,7.5,TFB,Fenced
2340,2024,F,4,Z1,NA,NA,7.3,TFB,Fenced
2341,2024,F,4,Z1,NA,NA,7.1,TFB,Fenced
2342,2024,F,4,Z1,Digitaria eriantha,High,9.2,TFB,Fenced
2343,2024,F,4,Z1,Aristida  canescens,Low,9.7,TFB,Fenced
2344,2024,F,4,Z1,NA,NA,7.6,TFB,Fenced
2345,2024,F,4,Z1,NA,NA,8.5,TFB,Fenced
2346,2024,F,4,Z1,Pogonarthria squarrosa,Low,7.3,TFB,Fenced
2347,2024,F,4,Z1,NA,NA,7.3,TFB,Fenced
2348,2024,F,4,Z1,NA,NA,8.1,TFB,Fenced
2349,2024,F,4,Z1,NA,NA,7.8,TFB,Fenced
2350,2024,F,4,Z2,Eragrostis rigidior,Moderate,11.4,TFB,Fenced
2351,2024,F,4,Z2,NA,NA,10.8,TFB,Fenced
2352,2024,F,4,Z2,NA,NA,13,TFB,Fenced
2353,2024,F,4,Z2,NA,NA,13.1,TFB,Fenced
2354,2024,F,4,Z2,Aristida  canescens,Low,4.5,TFB,Fenced
2355,2024,F,4,Z2,Cynodon dactylon,High,4.8,TFB,Fenced
2356,2024,F,4,Z2,Eragrostis gummiflua,Low,6,TFB,Fenced
2357,2024,F,4,Z2,Brachiaria brizantha,Moderate,5.8,TFB,Fenced
2358,2024,F,4,Z2,Eragrostis rigidior,Moderate,12.4,TFB,Fenced
2359,2024,F,4,Z2,Panicum maximum,High,7.7,TFB,Fenced
2360,2024,F,4,Z2,NA,NA,6.2,TFB,Fenced
2361,2024,F,4,Z2,NA,NA,6.9,TFB,Fenced
2362,2024,F,4,Z2,Heteropogon contortus,Moderate,2.1,TFB,Fenced
2363,2024,F,4,Z2,NA,NA,2,TFB,Fenced
2364,2024,F,4,Z2,NA,NA,2.1,TFB,Fenced
2365,2024,F,4,Z2,NA,NA,1.9,TFB,Fenced
2366,2024,F,4,Z2,Aristida  canescens,Low,2,TFB,Fenced
2367,2024,F,4,Z2,Eragrostis rigidior,Moderate,3.3,TFB,Fenced
2368,2024,F,4,Z2,Pogonarthria squarrosa,Low,3,TFB,Fenced
2369,2024,F,4,Z2,NA,NA,2.8,TFB,Fenced
2370,2024,F,4,Z3,Cynodon dactylon,High,6.2,TFB,Unfenced
2371,2024,F,4,Z3,Eragrostis rigidior,Moderate,3.6,TFB,Unfenced
2372,2024,F,4,Z3,Pogonarthria squarrosa,Low,4,TFB,Unfenced
2373,2024,F,4,Z3,NA,NA,15.3,TFB,Unfenced
2374,2024,F,4,Z3,Cynodon dactylon,High,1.8,TFB,Unfenced
2375,2024,F,4,Z3,Digitaria eriantha,High,1.9,TFB,Unfenced
2376,2024,F,4,Z3,NA,NA,3.8,TFB,Unfenced
2377,2024,F,4,Z3,NA,NA,3.1,TFB,Unfenced
2378,2024,F,4,Z3,Digitaria eriantha,High,10.8,TFB,Unfenced
2379,2024,F,4,Z3,Heteropogon contortus,Moderate,5.6,TFB,Unfenced
2380,2024,F,4,Z3,NA,NA,10.2,TFB,Unfenced
2381,2024,F,4,Z3,NA,NA,9.3,TFB,Unfenced
2382,2024,F,4,Z3,Eragrostis viscosa,Low,3.5,TFB,Unfenced
2383,2024,F,4,Z3,Digitaria eriantha,High,5.3,TFB,Unfenced
2384,2024,F,4,Z3,NA,NA,4.5,TFB,Unfenced
2385,2024,F,4,Z3,NA,NA,2.5,TFB,Unfenced
2386,2024,F,4,Z3,Cynodon dactylon,High,6.7,TFB,Unfenced
2387,2024,F,4,Z3,Digitaria eriantha,High,6.9,TFB,Unfenced
2388,2024,F,4,Z3,Eragrostis rigidior,Moderate,7.2,TFB,Unfenced
2389,2024,F,4,Z3,Aristida  canescens,Low,9.8,TFB,Unfenced
2390,2024,F,4,Z4,Aristida  canescens,Low,3.1,TFB,Unfenced
2391,2024,F,4,Z4,Cynodon dactylon,High,2.9,TFB,Unfenced
2392,2024,F,4,Z4,Eragrostis rigidior,Low,2.5,TFB,Unfenced
2393,2024,F,4,Z4,NA,NA,3,TFB,Unfenced
2394,2024,F,4,Z4,Aristida  canescens,Low,4,TFB,Unfenced
2395,2024,F,4,Z4,Panicum maximum,High,4.8,TFB,Unfenced
2396,2024,F,4,Z4,Cymbopogon excavatus,Low,5.5,TFB,Unfenced
2397,2024,F,4,Z4,NA,NA,6.5,TFB,Unfenced
2398,2024,F,4,Z4,Aristida  canescens,Low,3.6,TFB,Unfenced
2399,2024,F,4,Z4,Digitaria eriantha,High,5.6,TFB,Unfenced
2400,2024,F,4,Z4,Eragrostis gummiflua,Low,7.9,TFB,Unfenced
2401,2024,F,4,Z4,NA,NA,5.6,TFB,Unfenced
2402,2024,F,4,Z4,Cynodon dactylon,High,13.7,TFB,Unfenced
2403,2024,F,4,Z4,Heteropogon contortus,Moderate,10.2,TFB,Unfenced
2404,2024,F,4,Z4,Pogonarthria squarrosa,Low,6.4,TFB,Unfenced
2405,2024,F,4,Z4,NA,NA,15.3,TFB,Unfenced
2406,2024,F,4,Z4,Cynodon dactylon,High,4.5,TFB,Unfenced
2407,2024,F,4,Z4,Eragrostis rigidior,Moderate,5.9,TFB,Unfenced
2408,2024,F,4,Z4,NA,NA,5.5,TFB,Unfenced
2409,2024,F,4,Z4,NA,NA,5,TFB,Unfenced
2410,2024,F,5,Z1,Cynodon dactylon,High,7.4,THF,Fenced
2411,2024,F,5,Z1,Digitaria eriantha,High,6.5,THF,Fenced
2412,2024,F,5,Z1,NA,NA,6.3,THF,Fenced
2413,2024,F,5,Z1,NA,NA,7.9,THF,Fenced
2414,2024,F,5,Z1,Cynodon dactylon,High,3.8,THF,Fenced
2415,2024,F,5,Z1,Digitaria eriantha,High,3.8,THF,Fenced
2416,2024,F,5,Z1,Eragrostis rigidior,Moderate,6.3,THF,Fenced
2417,2024,F,5,Z1,NA,NA,5.8,THF,Fenced
2418,2024,F,5,Z1,Cynodon dactylon,High,9.4,THF,Fenced
2419,2024,F,5,Z1,Digitaria eriantha,Moderate,12.3,THF,Fenced
2420,2024,F,5,Z1,Eragrostis rigidior,Moderate,10.9,THF,Fenced
2421,2024,F,5,Z1,NA,NA,11.2,THF,Fenced
2422,2024,F,5,Z1,Cynodon dactylon,High,8.6,THF,Fenced
2423,2024,F,5,Z1,Digitaria eriantha,High,7.7,THF,Fenced
2424,2024,F,5,Z1,NA,NA,10.2,THF,Fenced
2425,2024,F,5,Z1,NA,NA,9.7,THF,Fenced
2426,2024,F,5,Z1,Cynodon dactylon,High,7.5,THF,Fenced
2427,2024,F,5,Z1,Digitaria eriantha,Moderate,8.2,THF,Fenced
2428,2024,F,5,Z1,NA,NA,7.4,THF,Fenced
2429,2024,F,5,Z1,NA,NA,7.2,THF,Fenced
2430,2024,F,5,Z2,Urochloa mosambicensis,Moderate,5.2,THF,Fenced
2431,2024,F,5,Z2,Digitaria eriantha,High,5,THF,Fenced
2432,2024,F,5,Z2,NA,NA,5.1,THF,Fenced
2433,2024,F,5,Z2,NA,NA,5.1,THF,Fenced
2434,2024,F,5,Z2,Cynodon dactylon,High,11.5,THF,Fenced
2435,2024,F,5,Z2,Digitaria eriantha,High,9.4,THF,Fenced
2436,2024,F,5,Z2,Eragrostis rigidior,Moderate,7.1,THF,Fenced
2437,2024,F,5,Z2,Pogonarthria squarrosa,Low,9.4,THF,Fenced
2438,2024,F,5,Z2,Cynodon dactylon,High,10.6,THF,Fenced
2439,2024,F,5,Z2,Digitaria eriantha,High,9.3,THF,Fenced
2440,2024,F,5,Z2,NA,NA,8.4,THF,Fenced
2441,2024,F,5,Z2,NA,NA,8.6,THF,Fenced
2442,2024,F,5,Z2,Cynodon dactylon,High,4.2,THF,Fenced
2443,2024,F,5,Z2,Digitaria eriantha,High,4.1,THF,Fenced
2444,2024,F,5,Z2,Eragrostis rigidior,Moderate,4.2,THF,Fenced
2445,2024,F,5,Z2,Aristida  canescens,Low,4.6,THF,Fenced
2446,2024,F,5,Z2,Digitaria eriantha,High,5.5,THF,Fenced
2447,2024,F,5,Z2,Eragrostis rigidior,Moderate,5,THF,Fenced
2448,2024,F,5,Z2,NA,NA,5.3,THF,Fenced
2449,2024,F,5,Z2,NA,NA,5.2,THF,Fenced
2450,2024,F,5,Z3,Cynodon dactylon,High,9.4,THF,Unfenced
2451,2024,F,5,Z3,Digitaria eriantha,High,8.7,THF,Unfenced
2452,2024,F,5,Z3,Eragrostis rigidior,Moderate,8.6,THF,Unfenced
2453,2024,F,5,Z3,NA,NA,9.7,THF,Unfenced
2454,2024,F,5,Z3,Cynodon dactylon,High,10.6,THF,Unfenced
2455,2024,F,5,Z3,Digitaria eriantha,High,8.2,THF,Unfenced
2456,2024,F,5,Z3,NA,NA,8.8,THF,Unfenced
2457,2024,F,5,Z3,NA,NA,8.4,THF,Unfenced
2458,2024,F,5,Z3,Cynodon dactylon,High,8.8,THF,Unfenced
2459,2024,F,5,Z3,Digitaria eriantha,High,9,THF,Unfenced
2460,2024,F,5,Z3,Eragrostis rigidior,Moderate,9.8,THF,Unfenced
2461,2024,F,5,Z3,Setaria incrassata,High,8,THF,Unfenced
2462,2024,F,5,Z3,Heteropogon contortus,Moderate,NA,THF,Unfenced
2463,2024,F,5,Z3,Cynodon dactylon,High,6.8,THF,Unfenced
2464,2024,F,5,Z3,Digitaria eriantha,High,7.2,THF,Unfenced
2465,2024,F,5,Z3,Eragrostis rigidior,Moderate,8.6,THF,Unfenced
2466,2024,F,5,Z3,NA,NA,8.9,THF,Unfenced
2467,2024,F,5,Z3,Cynodon dactylon,High,9.2,THF,Unfenced
2468,2024,F,5,Z3,Digitaria eriantha,High,11.1,THF,Unfenced
2469,2024,F,5,Z3,Eragrostis rigidior,Moderate,12.4,THF,Unfenced
2470,2024,F,5,Z3,NA,NA,12.4,THF,Unfenced
2471,2024,F,5,Z4,Cynodon dactylon,High,3.4,THF,Unfenced
2472,2024,F,5,Z4,Digitaria eriantha,High,3.1,THF,Unfenced
2473,2024,F,5,Z4,Eragrostis rigidior,Moderate,2.2,THF,Unfenced
2474,2024,F,5,Z4,NA,NA,2.6,THF,Unfenced
2475,2024,F,5,Z4,Cynodon dactylon,High,11,THF,Unfenced
2476,2024,F,5,Z4,Digitaria eriantha,High,9.7,THF,Unfenced
2477,2024,F,5,Z4,NA,NA,7.1,THF,Unfenced
2478,2024,F,5,Z4,NA,NA,9.2,THF,Unfenced
2479,2024,F,5,Z4,Cynodon dactylon,High,3.9,THF,Unfenced
2480,2024,F,5,Z4,Digitaria eriantha,High,7.9,THF,Unfenced
2481,2024,F,5,Z4,NA,NA,5.1,THF,Unfenced
2482,2024,F,5,Z4,NA,NA,4,THF,Unfenced
2483,2024,F,5,Z4,Cynodon dactylon,High,10.5,THF,Unfenced
2484,2024,F,5,Z4,Digitaria eriantha,High,10.1,THF,Unfenced
2485,2024,F,5,Z4,Heteropogon contortus,Moderate,10,THF,Unfenced
2486,2024,F,5,Z4,NA,NA,14.3,THF,Unfenced
2487,2024,F,5,Z4,Digitaria eriantha,High,10.5,THF,Unfenced
2488,2024,F,5,Z4,Eragrostis rigidior,Moderate,8.5,THF,Unfenced
2489,2024,F,5,Z4,Aristida  canescens,Low,8.3,THF,Unfenced
2490,2024,F,5,Z4,Eragrostis viscosa,Low,8.4,THF,Unfenced
2491,2024,F,5,Z4,Brachiaria brizantha,Moderate,NA,THF,Unfenced
2492,2025,A,5,Z3,A. adscensions,NA,9.4,THF,Fenced
2493,2025,A,5,Z3,Pinhole,NA,9.7,THF,Fenced
2494,2025,A,5,Z3,Eragrostsis gummiflua,NA,11.1,THF,Fenced
2495,2025,A,5,Z3,NA,NA,12.1,THF,Fenced
2496,2025,A,5,Z3,Pinhole,NA,17,THF,Fenced
2497,2025,A,5,Z3,NA,NA,2.7,THF,Fenced
2498,2025,A,5,Z3,NA,NA,2.8,THF,Fenced
2499,2025,A,5,Z3,NA,NA,2.8,THF,Fenced
2500,2025,A,5,Z3,Urochloa mosambicensis,NA,26.8,THF,Fenced
2501,2025,A,5,Z3,Hyperrhenia filipendula,NA,19.4,THF,Fenced
2502,2025,A,5,Z3,Pinhole,NA,17.3,THF,Fenced
2503,2025,A,5,Z3,E.gummiflua,NA,16.8,THF,Fenced
2504,2025,A,5,Z3,Urochloa mosambicensis,NA,7.4,THF,Fenced
2505,2025,A,5,Z3,A.excavatus,NA,9.8,THF,Fenced
2506,2025,A,5,Z3,Pinhole,NA,13,THF,Fenced
2507,2025,A,5,Z3,NA,NA,14.3,THF,Fenced
2508,2025,A,5,Z3,NA,NA,NA,THF,Fenced
2509,2025,A,5,Z3,NA,NA,NA,THF,Fenced
2510,2025,A,5,Z3,NA,NA,NA,THF,Fenced
2511,2025,A,5,Z1,Urochloa mosambicensis,NA,22.3,THF,Fenced
2512,2025,A,5,Z1,Pinhole,NA,20.3,THF,Fenced
2513,2025,A,5,Z1,NA,NA,20.6,THF,Fenced
2514,2025,A,5,Z1,NA,NA,19.7,THF,Fenced
2515,2025,A,5,Z1,Hyperrhenia filipendula,NA,18.7,THF,Fenced
2516,2025,A,5,Z1,Urochloa mosambicensis,NA,16.1,THF,Fenced
2517,2025,A,5,Z1,NA,NA,19.2,THF,Fenced
2518,2025,A,5,Z1,NA,NA,14.8,THF,Fenced
2519,2025,A,5,Z1,Hyperrhenia filipendula,NA,16,THF,Fenced
2520,2025,A,5,Z1,Themeda triandra,NA,12,THF,Fenced
2521,2025,A,5,Z1,Urochloa mosambicensis,NA,15,THF,Fenced
2522,2025,A,5,Z1,Pinhole,NA,17.8,THF,Fenced
2523,2025,A,5,Z1,Hyperrhenia filipendula,NA,NA,THF,Fenced
2524,2025,A,5,Z1,Urochloa mosambicensis,NA,2.8,THF,Fenced
2525,2025,A,5,Z1,NA,NA,6.9,THF,Fenced
2526,2025,A,5,Z1,NA,NA,6.3,THF,Fenced
2527,2025,A,5,Z1,NA,NA,6.4,THF,Fenced
2528,2025,A,5,Z1,Heteropogon  contortus,NA,24,THF,Fenced
2529,2025,A,5,Z1,Urochloa mosambicensis,NA,16,THF,Fenced
2530,2025,A,5,Z1,NA,NA,14.7,THF,Fenced
2531,2025,A,5,Z1,NA,NA,14.8,THF,Fenced
2532,2025,F,5,Z2,Aristida ads,NA,6.8,THF,Fenced
2533,2025,F,5,Z2,Mopane grass,NA,3.4,THF,Fenced
2534,2025,F,5,Z2,Setaria incressata,NA,5.7,THF,Fenced
2535,2025,F,5,Z2,NA,NA,7.3,THF,Fenced
2536,2025,F,5,Z2,Digitaria erianthra,NA,8.5,THF,Fenced
2537,2025,F,5,Z2,Pogonarthria squarrosa,NA,7.3,THF,Fenced
2538,2025,F,5,Z2,Cynadon dactylon,NA,7.2,THF,Fenced
2539,2025,F,5,Z2,NA,NA,7,THF,Fenced
2540,2025,F,5,Z2,Digitaria erianthra,NA,6.6,THF,Fenced
2541,2025,F,5,Z2,Heteropogon  contortus,NA,6.9,THF,Fenced
2542,2025,F,5,Z2,Cynadon dactylon,NA,6.9,THF,Fenced
2543,2025,F,5,Z2,NA,NA,6.7,THF,Fenced
2544,2025,F,5,Z2,Chloris virgata,NA,8.6,THF,Fenced
2545,2025,F,5,Z2,Eragrostsis gummiflua,NA,7.4,THF,Fenced
2546,2025,F,5,Z2,Setaria incressata,NA,7.9,THF,Fenced
2547,2025,F,5,Z2,Cynadon dactylon,NA,4.7,THF,Fenced
2548,2025,F,5,Z2,Digitaria erianthra,NA,7.6,THF,Fenced
2549,2025,F,5,Z2,Pogonarthria squarrosa,NA,5.8,THF,Fenced
2550,2025,F,5,Z2,NA,NA,6.4,THF,Fenced
2551,2025,F,5,Z2,NA,NA,7.1,THF,Fenced
2552,2025,F,5,Z1,Eragrostis rigidior,NA,10.5,THF,Fenced
2553,2025,F,5,Z1,Digitaria erianthra,NA,8.7,THF,Fenced
2554,2025,F,5,Z1,Cynadon dactylon,NA,8.8,THF,Fenced
2555,2025,F,5,Z1,Setaria incressata,NA,8.9,THF,Fenced
2556,2025,F,5,Z1,Egyptium gigantum,NA,NA,THF,Fenced
2557,2025,F,5,Z1,Eragrostis rigidior,NA,4.9,THF,Fenced
2558,2025,F,5,Z1,Eragrostis gummiflua,NA,4.7,THF,Fenced
2559,2025,F,5,Z1,Setaria incressata,NA,5.2,THF,Fenced
2560,2025,F,5,Z1,Cynadon dactylon,NA,5.3,THF,Fenced
2561,2025,F,5,Z1,Digitaria erianthra,NA,NA,THF,Fenced
2562,2025,F,5,Z1,Egyptium gigantum,NA,NA,THF,Fenced
2563,2025,F,5,Z1,Eragrostis rigidior,NA,7,THF,Fenced
2564,2025,F,5,Z1,Setaria incressata,NA,6.7,THF,Fenced
2565,2025,F,5,Z1,Cynadon dactylon,NA,6.9,THF,Fenced
2566,2025,F,5,Z1,Digitaria erianthra,NA,7.2,THF,Fenced
2567,2025,F,5,Z1,Cynadon dactylon,NA,5.6,THF,Fenced
2568,2025,F,5,Z1,Digitaria erianthra,NA,5,THF,Fenced
2569,2025,F,5,Z1,NA,NA,6.7,THF,Fenced
2570,2025,F,5,Z1,NA,NA,7.2,THF,Fenced
2571,2025,F,5,Z1,Cynadon dactylon,NA,6.9,THF,Fenced
2572,2025,F,5,Z1,Digitaria erianthra,NA,7,THF,Fenced
2573,2025,F,5,Z1,Setaria incressata,NA,7.1,THF,Fenced
2574,2025,F,5,Z1,NA,NA,7.2,THF,Fenced
2575,2025,F,5,Z3,Setaria incressata,NA,8,THF,Unfenced
2576,2025,F,5,Z3,Mopane grass,NA,8.3,THF,Unfenced
2577,2025,F,5,Z3,Cynadon dactylon,NA,8,THF,Unfenced
2578,2025,F,5,Z3,NA,NA,7.7,THF,Unfenced
2579,2025,F,5,Z3,Cynadon dactylon,NA,6.7,THF,Unfenced
2580,2025,F,5,Z3,Digitaria erianthra,NA,5.6,THF,Unfenced
2581,2025,F,5,Z3,Setaria incressata,NA,5.5,THF,Unfenced
2582,2025,F,5,Z3,Chloris virgata,NA,5.9,THF,Unfenced
2583,2025,F,5,Z3,Cynadon dactylon,NA,10.5,THF,Unfenced
2584,2025,F,5,Z3,Eragrostis rigidior,NA,9.6,THF,Unfenced
2585,2025,F,5,Z3,Digitaria erianthra,NA,9,THF,Unfenced
2586,2025,F,5,Z3,NA,NA,10.2,THF,Unfenced
2587,2025,F,5,Z3,Digitaria erianthra,NA,9.3,THF,Unfenced
2588,2025,F,5,Z3,Cynadon dactylon,NA,9.4,THF,Unfenced
2589,2025,F,5,Z3,Eragrostis rigidior,NA,9,THF,Unfenced
2590,2025,F,5,Z3,NA,NA,8.4,THF,Unfenced
2591,2025,F,5,Z3,Cynadon dactylon,NA,11.3,THF,Unfenced
2592,2025,F,5,Z3,Digitaria erianthra,NA,17,THF,Unfenced
2593,2025,F,5,Z3,Setaria incressata,NA,17.5,THF,Unfenced
2594,2025,F,5,Z3,NA,NA,17.5,THF,Unfenced
2595,2025,F,5,Z4,Digitaria erianthra,NA,13.1,THF,Unfenced
2596,2025,F,5,Z4,Cynadon dactylon,NA,12.6,THF,Unfenced
2597,2025,F,5,Z4,Setaria incressata,NA,12.4,THF,Unfenced
2598,2025,F,5,Z4,NA,NA,13.9,THF,Unfenced
2599,2025,F,5,Z4,Digitaria erianthra,NA,7,THF,Unfenced
2600,2025,F,5,Z4,Eragrostis rigidior,NA,5.7,THF,Unfenced
2601,2025,F,5,Z4,Cynadon dactylon,NA,4.8,THF,Unfenced
2602,2025,F,5,Z4,NA,NA,4.4,THF,Unfenced
2603,2025,F,5,Z4,Setaria incressata,NA,10.3,THF,Unfenced
2604,2025,F,5,Z4,Eragrostis rigidior,NA,9.8,THF,Unfenced
2605,2025,F,5,Z4,Cynadon dactylon,NA,9.5,THF,Unfenced
2606,2025,F,5,Z4,NA,NA,11.2,THF,Unfenced
2607,2025,F,5,Z4,Cynadon dactylon,NA,4.4,THF,Unfenced
2608,2025,F,5,Z4,Digitaria erianthra,NA,4.7,THF,Unfenced
2609,2025,F,5,Z4,NA,NA,4.8,THF,Unfenced
2610,2025,F,5,Z4,NA,NA,4.6,THF,Unfenced
2611,2025,F,5,Z4,Digitaria erianthra,NA,5.3,THF,Unfenced
2612,2025,F,5,Z4,Eragrostis rigidior,NA,5.3,THF,Unfenced
2613,2025,F,5,Z4,Setaria incressata,NA,5.4,THF,Unfenced
2614,2025,F,5,Z4,Aristida ads,NA,6.6,THF,Unfenced
2615,2025,F,4,Z2,Eragrostis rigidior,NA,9.8,TFB,Fenced
2616,2025,F,4,Z2,NA,NA,10.2,TFB,Fenced
2617,2025,F,4,Z2,NA,NA,8.8,TFB,Fenced
2618,2025,F,4,Z2,NA,NA,7.8,TFB,Fenced
2619,2025,F,4,Z2,Pogonarthria squarrosa,NA,3.6,TFB,Fenced
2620,2025,F,4,Z2,Setaria incressata,NA,3.4,TFB,Fenced
2621,2025,F,4,Z2,NA,NA,4.5,TFB,Fenced
2622,2025,F,4,Z2,NA,NA,5.1,TFB,Fenced
2623,2025,F,4,Z2,Chloris virgata,NA,4.7,TFB,Fenced
2624,2025,F,4,Z2,NA,NA,4.3,TFB,Fenced
2625,2025,F,4,Z2,NA,NA,4.1,TFB,Fenced
2626,2025,F,4,Z2,NA,NA,4.2,TFB,Fenced
2627,2025,F,4,Z2,Bracharia negropedata,NA,6.4,TFB,Fenced
2628,2025,F,4,Z2,Eragrostis rigidior,NA,5.6,TFB,Fenced
2629,2025,F,4,Z2,Cynadon dactylon,NA,5.3,TFB,Fenced
2630,2025,F,4,Z2,Eragrostis gummiflua,NA,5.7,TFB,Fenced
2631,2025,F,4,Z2,Bracharia negropedata,NA,5.4,TFB,Fenced
2632,2025,F,4,Z2,Eragrostis rigidior,NA,4.3,TFB,Fenced
2633,2025,F,4,Z2,Digitaria erianthra,NA,8.1,TFB,Fenced
2634,2025,F,4,Z2,NA,NA,8.5,TFB,Fenced
2635,2025,F,4,Z3,Cynadon dactylon,NA,4.5,TFB,Unfenced
2636,2025,F,4,Z3,Setaria incressata,NA,4.1,TFB,Unfenced
2637,2025,F,4,Z3,Aristida ads,NA,4,TFB,Unfenced
2638,2025,F,4,Z3,NA,NA,3.7,TFB,Unfenced
2639,2025,F,4,Z3,Digitaria erianthra,NA,4.7,TFB,Unfenced
2640,2025,F,4,Z3,Eragrostis viscosa,NA,5.3,TFB,Unfenced
2641,2025,F,4,Z3,Eragrostis rigidior,NA,5.4,TFB,Unfenced
2642,2025,F,4,Z3,Cynadon dactylon,NA,5.4,TFB,Unfenced
2643,2025,F,4,Z3,Digitaria erianthra,NA,6,TFB,Unfenced
2644,2025,F,4,Z3,Heteropogon  contortus,NA,5.1,TFB,Unfenced
2645,2025,F,4,Z3,NA,NA,5,TFB,Unfenced
2646,2025,F,4,Z3,NA,NA,4.9,TFB,Unfenced
2647,2025,F,4,Z3,Aristida ads,NA,6,TFB,Unfenced
2648,2025,F,4,Z3,Digitaria erianthra,NA,6.1,TFB,Unfenced
2649,2025,F,4,Z3,Eragrostis viscosa,NA,5.9,TFB,Unfenced
2650,2025,F,4,Z3,NA,NA,6.2,TFB,Unfenced
2651,2025,F,4,Z3,Eragrostis rigidior,NA,9.3,TFB,Unfenced
2652,2025,F,4,Z3,Digitaria erianthra,NA,7.1,TFB,Unfenced
2653,2025,F,4,Z3,Eragrostis viscosa,NA,6,TFB,Unfenced
2654,2025,F,4,Z3,Cynadon dactylon,NA,5.7,TFB,Unfenced
2655,2025,F,4,Z1,Setaria incressata,NA,5.5,TFB,Fenced
2656,2025,F,4,Z1,Eragrostis viscosa,NA,5.2,TFB,Fenced
2657,2025,F,4,Z1,NA,NA,4.8,TFB,Fenced
2658,2025,F,4,Z1,NA,NA,4.4,TFB,Fenced
2659,2025,F,4,Z1,Bracharia negropedata,NA,8.5,TFB,Fenced
2660,2025,F,4,Z1,Heteropogon  contortus,NA,10.8,TFB,Fenced
2661,2025,F,4,Z1,NA,NA,8.7,TFB,Fenced
2662,2025,F,4,Z1,NA,NA,9.5,TFB,Fenced
2663,2025,F,4,Z1,Aristida ads,NA,8.5,TFB,Fenced
2664,2025,F,4,Z1,Setaria incressata,NA,10.8,TFB,Fenced
2665,2025,F,4,Z1,NA,NA,10.2,TFB,Fenced
2666,2025,F,4,Z1,NA,NA,10,TFB,Fenced
2667,2025,F,4,Z1,Setaria incressata,NA,8,TFB,Fenced
2668,2025,F,4,Z1,Digitaria erianthra,NA,9.2,TFB,Fenced
2669,2025,F,4,Z1,NA,NA,10,TFB,Fenced
2670,2025,F,4,Z1,NA,NA,8.9,TFB,Fenced
2671,2025,F,4,Z1,Pogonarthria squarrosa,NA,1.9,TFB,Fenced
2672,2025,F,4,Z1,Eragrostis viscosa,NA,3.3,TFB,Fenced
2673,2025,F,4,Z1,NA,NA,3.3,TFB,Fenced
2674,2025,F,4,Z1,NA,NA,3.9,TFB,Fenced
2675,2025,F,4,Z4,Panicum maximum,NA,12,TFB,Unfenced
2676,2025,F,4,Z4,Mopane grass,NA,15.3,TFB,Unfenced
2677,2025,F,4,Z4,NA,NA,14,TFB,Unfenced
2678,2025,F,4,Z4,NA,NA,16.5,TFB,Unfenced
2679,2025,F,4,Z4,Heteropogon  contortus,NA,6.3,TFB,Unfenced
2680,2025,F,4,Z4,Digitaria erianthra,NA,6.9,TFB,Unfenced
2681,2025,F,4,Z4,Aristida ads,NA,7.9,TFB,Unfenced
2682,2025,F,4,Z4,Setaria incressata,NA,7.7,TFB,Unfenced
2683,2025,F,4,Z4,Cynadon dactylon,NA,NA,TFB,Unfenced
2684,2025,F,4,Z4,Digitaria erianthra,NA,2.6,TFB,Unfenced
2685,2025,F,4,Z4,Eragrostis viscosa,NA,2.7,TFB,Unfenced
2686,2025,F,4,Z4,Pogonarthria squarrosa,NA,3.3,TFB,Unfenced
2687,2025,F,4,Z4,NA,NA,4.1,TFB,Unfenced
2688,2025,F,4,Z4,Digitaria erianthra,NA,3.4,TFB,Unfenced
2689,2025,F,4,Z4,Cynadon dactylon,NA,4.8,TFB,Unfenced
2690,2025,F,4,Z4,Pogonarthria squarrosa,NA,6.9,TFB,Unfenced
2691,2025,F,4,Z4,Heteropogon  contortus,NA,7.2,TFB,Unfenced
2692,2025,F,4,Z4,Setaria incressata,NA,NA,TFB,Unfenced
2693,2025,F,4,Z4,Setaria incressata,NA,5.8,TFB,Unfenced
2694,2025,F,4,Z4,Aristida ads,NA,5.6,TFB,Unfenced
2695,2025,F,4,Z4,NA,NA,7.7,TFB,Unfenced
2696,2025,F,4,Z4,NA,NA,9,TFB,Unfenced
2697,2025,F,3,Z1,Digitaria erianthra,NA,6.3,TF,Fenced
2698,2025,F,3,Z1,NA,NA,1.7,TF,Fenced
2699,2025,F,3,Z1,NA,NA,1.7,TF,Fenced
2700,2025,F,3,Z1,NA,NA,3.7,TF,Fenced
2701,2025,F,3,Z1,Eragrostis viscosa,NA,6.4,TF,Fenced
2702,2025,F,3,Z1,Pogonarthria squarrosa,NA,5.2,TF,Fenced
2703,2025,F,3,Z1,NA,NA,4.2,TF,Fenced
2704,2025,F,3,Z1,NA,NA,4.2,TF,Fenced
2705,2025,F,3,Z1,Eragrostis viscosa,NA,10.6,TF,Fenced
2706,2025,F,3,Z1,Eragrostis rigidior,NA,7.2,TF,Fenced
2707,2025,F,3,Z1,Digitaria erianthra,NA,7.2,TF,Fenced
2708,2025,F,3,Z1,Cynadon dactylon,NA,7.1,TF,Fenced
2709,2025,F,3,Z1,Cynadon dactylon,NA,5.1,TF,Fenced
2710,2025,F,3,Z1,Digitaria erianthra,NA,5.5,TF,Fenced
2711,2025,F,3,Z1,Eragrostis viscosa,NA,5.6,TF,Fenced
2712,2025,F,3,Z1,NA,NA,8.9,TF,Fenced
2713,2025,F,3,Z1,Setaria incressata,NA,5.4,TF,Fenced
2714,2025,F,3,Z1,Digitaria erianthra,NA,5.8,TF,Fenced
2715,2025,F,3,Z1,NA,NA,6.1,TF,Fenced
2716,2025,F,3,Z1,NA,NA,6.5,TF,Fenced
2717,2025,F,3,Z2,Eragrostis viscosa,NA,7.2,TF,Fenced
2718,2025,F,3,Z2,Pogonarthria squarrosa,NA,7.9,TF,Fenced
2719,2025,F,3,Z2,Eragrostis rigidior,NA,7.8,TF,Fenced
2720,2025,F,3,Z2,NA,NA,7.5,TF,Fenced
2721,2025,F,3,Z2,Eragrostis viscosa,NA,8.3,TF,Fenced
2722,2025,F,3,Z2,Setaria incressata,NA,6.4,TF,Fenced
2723,2025,F,3,Z2,Eragrostis rigidior,NA,6.8,TF,Fenced
2724,2025,F,3,Z2,NA,NA,7.1,TF,Fenced
2725,2025,F,3,Z2,Eragrostis viscosa,NA,6.5,TF,Fenced
2726,2025,F,3,Z2,Eragrostis rigidior,NA,6.2,TF,Fenced
2727,2025,F,3,Z2,Perotis petens,NA,5.9,TF,Fenced
2728,2025,F,3,Z2,NA,NA,6.2,TF,Fenced
2729,2025,F,3,Z2,Eragrostis viscosa,NA,6.9,TF,Fenced
2730,2025,F,3,Z2,Digitaria erianthra,NA,6.4,TF,Fenced
2731,2025,F,3,Z2,Eragrostis rigidior,NA,7,TF,Fenced
2732,2025,F,3,Z2,Eragrostis gummiflua,NA,6.8,TF,Fenced
2733,2025,F,3,Z2,Setaria incressata,NA,6.8,TF,Fenced
2734,2025,F,3,Z2,Eragrostis rigidior,NA,6.5,TF,Fenced
2735,2025,F,3,Z2,NA,NA,6.3,TF,Fenced
2736,2025,F,3,Z2,NA,NA,6,TF,Fenced
2737,2025,F,3,Z4,Eragrostis rigidior,NA,6.4,TF,Unfenced
2738,2025,F,3,Z4,Cynadon dactylon,NA,6.6,TF,Unfenced
2739,2025,F,3,Z4,Digitaria erianthra,NA,6.4,TF,Unfenced
2740,2025,F,3,Z4,NA,NA,6.6,TF,Unfenced
2741,2025,F,3,Z4,Cynadon dactylon,NA,7.4,TF,Unfenced
2742,2025,F,3,Z4,Eragrostis rigidior,NA,8.7,TF,Unfenced
2743,2025,F,3,Z4,Digitaria erianthra,NA,8.9,TF,Unfenced
2744,2025,F,3,Z4,NA,NA,9.6,TF,Unfenced
2745,2025,F,3,Z4,Cynadon dactylon,NA,4.7,TF,Unfenced
2746,2025,F,3,Z4,Digitaria erianthra,NA,6.8,TF,Unfenced
2747,2025,F,3,Z4,Setaria incressata,NA,8.6,TF,Unfenced
2748,2025,F,3,Z4,NA,NA,9.1,TF,Unfenced
2749,2025,F,3,Z4,Cynadon dactylon,NA,11.6,TF,Unfenced
2750,2025,F,3,Z4,Eragrostis rigidior,NA,9.7,TF,Unfenced
2751,2025,F,3,Z4,Pogonarthria squarrosa,NA,8.3,TF,Unfenced
2752,2025,F,3,Z4,Digitaria erianthra,NA,8.1,TF,Unfenced
2753,2025,F,3,Z4,Mopane grass,NA,5.1,TF,Unfenced
2754,2025,F,3,Z4,Digitaria erianthra,NA,5.3,TF,Unfenced
2755,2025,F,3,Z4,Setaria incressata,NA,9.4,TF,Unfenced
2756,2025,F,3,Z4,NA,NA,9,TF,Unfenced
2757,2025,F,3,Z3,Cynadon dactylon,NA,7.2,TF,Unfenced
2758,2025,F,3,Z3,Pogonarthria squarrosa,NA,7.1,TF,Unfenced
2759,2025,F,3,Z3,Eragrostis viscosa,NA,7.2,TF,Unfenced
2760,2025,F,3,Z3,Setaria incressata,NA,7.5,TF,Unfenced
2761,2025,F,3,Z3,Eragrostis rigidior,NA,7,TF,Unfenced
2762,2025,F,3,Z3,Digitaria erianthra,NA,5.5,TF,Unfenced
2763,2025,F,3,Z3,NA,NA,3.9,TF,Unfenced
2764,2025,F,3,Z3,NA,NA,3.4,TF,Unfenced
2765,2025,F,3,Z3,Cynadon dactylon,NA,3.6,TF,Unfenced
2766,2025,F,3,Z3,Digitaria erianthra,NA,3.6,TF,Unfenced
2767,2025,F,3,Z3,NA,NA,4.6,TF,Unfenced
2768,2025,F,3,Z3,NA,NA,4.5,TF,Unfenced
2769,2025,F,3,Z3,Cynadon dactylon,NA,6.8,TF,Unfenced
2770,2025,F,3,Z3,Digitaria erianthra,NA,9.6,TF,Unfenced
2771,2025,F,3,Z3,Setaria incressata,NA,9.6,TF,Unfenced
2772,2025,F,3,Z3,Eragrostis viscosa,NA,9.8,TF,Unfenced
2773,2025,F,3,Z3,Cynadon dactylon,NA,19.4,TF,Unfenced
2774,2025,F,3,Z3,Digitaria erianthra,NA,8.5,TF,Unfenced
2775,2025,F,3,Z3,NA,NA,10.7,TF,Unfenced
2776,2025,F,3,Z3,NA,NA,11.7,TF,Unfenced
2777,2025,F,2,Z4,Cynadon dactylon,NA,8.5,F,Unfenced
2778,2025,F,2,Z4,Eragrostis rigidior,NA,7.9,F,Unfenced
2779,2025,F,2,Z4,Digitaria erianthra,NA,8,F,Unfenced
2780,2025,F,2,Z4,Setaria incressata,NA,8.1,F,Unfenced
2781,2025,F,2,Z4,Aristida ads,NA,3.9,F,Unfenced
2782,2025,F,2,Z4,Digitaria erianthra,NA,4.2,F,Unfenced
2783,2025,F,2,Z4,Cynadon dactylon,NA,4.6,F,Unfenced
2784,2025,F,2,Z4,Heteropogon  contortus,NA,4.3,F,Unfenced
2785,2025,F,2,Z4,Cynadon dactylon,NA,2.2,F,Unfenced
2786,2025,F,2,Z4,Eragrostis viscosa,NA,2,F,Unfenced
2787,2025,F,2,Z4,Pogonarthria squarrosa,NA,2.1,F,Unfenced
2788,2025,F,2,Z4,NA,NA,2,F,Unfenced
2789,2025,F,2,Z4,Cynadon dactylon,NA,6.9,F,Unfenced
2790,2025,F,2,Z4,Eragrostis viscosa,NA,6.1,F,Unfenced
2791,2025,F,2,Z4,NA,NA,6.4,F,Unfenced
2792,2025,F,2,Z4,NA,NA,6.3,F,Unfenced
2793,2025,F,2,Z4,Mopane grass,NA,2.9,F,Unfenced
2794,2025,F,2,Z4,NA,NA,2.6,F,Unfenced
2795,2025,F,2,Z4,NA,NA,2.8,F,Unfenced
2796,2025,F,2,Z4,NA,NA,2.9,F,Unfenced
2797,2025,F,2,Z3,Cynadon dactylon,NA,2.3,F,Unfenced
2798,2025,F,2,Z3,Digitaria erianthra,NA,2.3,F,Unfenced
2799,2025,F,2,Z3,Heteropogon  contortus,NA,3.7,F,Unfenced
2800,2025,F,2,Z3,Mopane grass,NA,4,F,Unfenced
2801,2025,F,2,Z3,Digitaria erianthra,NA,4.7,F,Unfenced
2802,2025,F,2,Z3,Cynadon dactylon,NA,3.9,F,Unfenced
2803,2025,F,2,Z3,Eragrostis rigidior,NA,4.4,F,Unfenced
2804,2025,F,2,Z3,NA,NA,4.5,F,Unfenced
2805,2025,F,2,Z3,Mopane grass,NA,4.3,F,Unfenced
2806,2025,F,2,Z3,Eragrostis rigidior,NA,4.6,F,Unfenced
2807,2025,F,2,Z3,Cynadon dactylon,NA,4.7,F,Unfenced
2808,2025,F,2,Z3,NA,NA,5,F,Unfenced
2809,2025,F,2,Z3,Chloris virgata,NA,6.1,F,Unfenced
2810,2025,F,2,Z3,Digitaria erianthra,NA,6.3,F,Unfenced
2811,2025,F,2,Z3,Mopane grass,NA,7.8,F,Unfenced
2812,2025,F,2,Z3,Heteropogon  contortus,NA,9.4,F,Unfenced
2813,2025,F,2,Z3,Cynadon dactylon,NA,NA,F,Unfenced
2814,2025,F,2,Z3,Cynadon dactylon,NA,4.2,F,Unfenced
2815,2025,F,2,Z3,Eragrostis rigidior,NA,4.1,F,Unfenced
2816,2025,F,2,Z3,Egyptium gigantum,NA,5,F,Unfenced
2817,2025,F,2,Z3,Digitaria erianthra,NA,5.4,F,Unfenced
2818,2025,F,2,Z1,Cynadon dactylon,NA,6.3,F,Fenced
2819,2025,F,2,Z1,Eragrostis curvula,NA,11.5,F,Fenced
2820,2025,F,2,Z1,Eragrostis rigidior,NA,9.2,F,Fenced
2821,2025,F,2,Z1,NA,NA,8.8,F,Fenced
2822,2025,F,2,Z1,Chloris virgata,NA,12,F,Fenced
2823,2025,F,2,Z1,Eragrostis rigidior,NA,10.7,F,Fenced
2824,2025,F,2,Z1,Cynadon dactylon,NA,10.7,F,Fenced
2825,2025,F,2,Z1,Eragrostis viscosa,NA,10.4,F,Fenced
2826,2025,F,2,Z1,Setaria incressata,NA,NA,F,Fenced
2827,2025,F,2,Z1,Eragrostis rigidior,NA,8.1,F,Fenced
2828,2025,F,2,Z1,Chloris virgata,NA,14.1,F,Fenced
2829,2025,F,2,Z1,Cynadon dactylon,NA,13.4,F,Fenced
2830,2025,F,2,Z1,Setaria incressata,NA,13.3,F,Fenced
2831,2025,F,2,Z1,Mopane grass,NA,NA,F,Fenced
2832,2025,F,2,Z1,Mopane grass,NA,11,F,Fenced
2833,2025,F,2,Z1,Eragrostis rigidior,NA,12.4,F,Fenced
2834,2025,F,2,Z1,Panicum maximum,NA,11.7,F,Fenced
2835,2025,F,2,Z1,NA,NA,10.9,F,Fenced
2836,2025,F,2,Z1,Mopane grass,NA,3.8,F,Fenced
2837,2025,F,2,Z1,Eragrostis rigidior,NA,3.9,F,Fenced
2838,2025,F,2,Z1,Digitaria erianthra,NA,4,F,Fenced
2839,2025,F,2,Z1,Setaria incressata,NA,4,F,Fenced
2840,2025,F,2,Z2,Digitaria erianthra,NA,7.5,F,Fenced
2841,2025,F,2,Z2,Setaria incressata,NA,7.1,F,Fenced
2842,2025,F,2,Z2,Mopane grass,NA,7.2,F,Fenced
2843,2025,F,2,Z2,NA,NA,7.2,F,Fenced
2844,2025,F,2,Z2,Eragrostis rigidior,NA,7.5,F,Fenced
2845,2025,F,2,Z2,Egyptium gigantum,NA,7.9,F,Fenced
2846,2025,F,2,Z2,Mopane grass,NA,7.1,F,Fenced
2847,2025,F,2,Z2,Digitaria erianthra,NA,8.8,F,Fenced
2848,2025,F,2,Z2,Chloris virgata,NA,17.5,F,Fenced
2849,2025,F,2,Z2,Aristida ads,NA,20.7,F,Fenced
2850,2025,F,2,Z2,Cynadon dactylon,NA,20.5,F,Fenced
2851,2025,F,2,Z2,Eragrostis rigidior,NA,19.7,F,Fenced
2852,2025,F,2,Z2,Heteropogon  contortus,NA,NA,F,Fenced
2853,2025,F,2,Z2,Perotis petens,NA,NA,F,Fenced
2854,2025,F,2,Z2,Egyptium gigantum,NA,10.9,F,Fenced
2855,2025,F,2,Z2,Pogonarthria squarrosa,NA,7.6,F,Fenced
2856,2025,F,2,Z2,Digitaria erianthra,NA,7.3,F,Fenced
2857,2025,F,2,Z2,NA,NA,8,F,Fenced
2858,2025,F,2,Z2,Digitaria erianthra,NA,9.1,F,Fenced
2859,2025,F,2,Z2,Setaria incressata,NA,7.7,F,Fenced
2860,2025,F,2,Z2,Aristida ads,NA,7.4,F,Fenced
2861,2025,F,2,Z2,NA,NA,8,F,Fenced
2862,2025,A,1,Z3,Panicum maximum,NA,4.9,C,Unfenced
2863,2025,A,1,Z3,Chloris virgata,NA,6.8,C,Unfenced
2864,2025,A,1,Z3,E.cylindriflora,NA,6.2,C,Unfenced
2865,2025,A,1,Z3,NA,NA,1.6,C,Unfenced
2866,2025,A,1,Z3,CEx,NA,17.3,C,Unfenced
2867,2025,A,1,Z3,Digitaria erianthra,NA,16.7,C,Unfenced
2868,2025,A,1,Z3,NA,NA,16.9,C,Unfenced
2869,2025,A,1,Z3,NA,NA,14.2,C,Unfenced
2870,2025,A,1,Z3,U.mossambicensis,NA,13,C,Unfenced
2871,2025,A,1,Z3,Heteropogon contortus,NA,20.7,C,Unfenced
2872,2025,A,1,Z3,CEx,NA,20.8,C,Unfenced
2873,2025,A,1,Z3,NA,NA,22.3,C,Unfenced
2874,2025,A,1,Z3,SSp,NA,28.9,C,Unfenced
2875,2025,A,1,Z3,Themeda triandra,NA,23.2,C,Unfenced
2876,2025,A,1,Z3,Digitaria erianthra,NA,19,C,Unfenced
2877,2025,A,1,Z3,Aristida ads,NA,16.1,C,Unfenced
2878,2025,A,1,Z3,Bracharia serrata,NA,NA,C,Unfenced
2879,2025,A,1,Z3,Heteropogon contortus,NA,15.5,C,Unfenced
2880,2025,A,1,Z3,Digitaria erianthra,NA,19.8,C,Unfenced
2881,2025,A,1,Z3,Setaria incressata,NA,20,C,Unfenced
2882,2025,A,1,Z3,NA,NA,20.5,C,Unfenced
2883,2025,A,1,Z4,Heteropogon contortus,NA,55.3,C,Unfenced
2884,2025,A,1,Z4,U.mossambicensis,NA,38.3,C,Unfenced
2885,2025,A,1,Z4,NA,NA,34.7,C,Unfenced
2886,2025,A,1,Z4,NA,NA,30.5,C,Unfenced
2887,2025,A,1,Z4,H.hirta,NA,24.6,C,Unfenced
2888,2025,A,1,Z4,Pinhole,NA,16.7,C,Unfenced
2889,2025,A,1,Z4,Digitaria erianthra,NA,15.2,C,Unfenced
2890,2025,A,1,Z4,U.mossambicensis,NA,18.5,C,Unfenced
2891,2025,A,1,Z4,U.mossambicensis,NA,20.4,C,Unfenced
2892,2025,A,1,Z4,Heteropogon contortus,NA,16.5,C,Unfenced
2893,2025,A,1,Z4,Wireleaf,NA,16.8,C,Unfenced
2894,2025,A,1,Z4,SSp,NA,13.9,C,Unfenced
2895,2025,A,1,Z4,H.hirta,NA,24.5,C,Unfenced
2896,2025,A,1,Z4,U.mossambicensis,NA,28.6,C,Unfenced
2897,2025,A,1,Z4,Mopane grass,NA,28,C,Unfenced
2898,2025,A,1,Z4,NA,NA,26.5,C,Unfenced
2899,2025,A,1,Z4,U.mossambicensis,NA,41.7,C,Unfenced
2900,2025,A,1,Z4,Heteropogon contortus,NA,34.5,C,Unfenced
2901,2025,A,1,Z4,Pinhole,NA,26.7,C,Unfenced
2902,2025,A,1,Z4,Bracharia serrata,NA,25.3,C,Unfenced
2903,2025,A,1,Z4,Diheteropogon anplactence,NA,NA,C,Unfenced
2904,2025,A,1,Z4,Themeda triandra,NA,NA,C,Unfenced
2905,2025,A,1,Z2,U.mossambicensis,NA,29.9,C,Fenced
2906,2025,A,1,Z2,Pinhole,NA,31.3,C,Fenced
2907,2025,A,1,Z2,Heteropogon contortus,NA,28.1,C,Fenced
2908,2025,A,1,Z2,NA,NA,28,C,Fenced
2909,2025,A,1,Z2,Andropogon eucomas,NA,21.3,C,Fenced
2910,2025,A,1,Z2,Hfili,NA,21.6,C,Fenced
2911,2025,A,1,Z2,SSp,NA,19.1,C,Fenced
2912,2025,A,1,Z2,Heteropogon contortus,NA,20,C,Fenced
2913,2025,A,1,Z2,Bracharia serrata,NA,NA,C,Fenced
2914,2025,A,1,Z2,U.mossambicensis,NA,20.7,C,Fenced
2915,2025,A,1,Z2,CEx,NA,19,C,Fenced
2916,2025,A,1,Z2,SSp,NA,17.5,C,Fenced
2917,2025,A,1,Z2,NA,NA,3.5,C,Fenced
2918,2025,A,1,Z2,H.Dissoluta,NA,28.2,C,Fenced
2919,2025,A,1,Z2,Hfili,NA,24.9,C,Fenced
2920,2025,A,1,Z2,SSp,NA,28,C,Fenced
2921,2025,A,1,Z2,NA,NA,32.1,C,Fenced
2922,2025,A,1,Z2,Diheteropogon anplactence,NA,10.2,C,Fenced
2923,2025,A,1,Z2,Heteropogon contortus,NA,12.2,C,Fenced
2924,2025,A,1,Z2,NA,NA,13.7,C,Fenced
2925,2025,A,1,Z2,NA,NA,11.8,C,Fenced
2926,2025,A,1,Z1,Heteropogon contortus,NA,7.4,C,Fenced
2927,2025,A,1,Z1,Aristida ads,NA,6.2,C,Fenced
2928,2025,A,1,Z1,U.mossambicensis,NA,6.9,C,Fenced
2929,2025,A,1,Z1,Digitaria erianthra,NA,12.8,C,Fenced
2930,2025,A,1,Z1,Setaria incressata,NA,NA,C,Fenced
2931,2025,A,1,Z1,Hfili,NA,26.5,C,Fenced
2932,2025,A,1,Z1,U.mossambicensis,NA,28.1,C,Fenced
2933,2025,A,1,Z1,CEx,NA,25.9,C,Fenced
2934,2025,A,1,Z1,SSp,NA,25.2,C,Fenced
2935,2025,A,1,Z1,Cymbopogon plari,NA,0,C,Fenced
2936,2025,A,1,Z1,NA,NA,0,C,Fenced
2937,2025,A,1,Z1,NA,NA,13.5,C,Fenced
2938,2025,A,1,Z1,NA,NA,15,C,Fenced
2939,2025,A,1,Z1,Diheteropogon anplactence,NA,20,C,Fenced
2940,2025,A,1,Z1,Digitaria erianthra,NA,17.6,C,Fenced
2941,2025,A,1,Z1,Heteropogon contortus,NA,14.1,C,Fenced
2942,2025,A,1,Z1,NA,NA,12.8,C,Fenced
2943,2025,A,1,Z1,Diheteropogon anplactence,NA,77.2,C,Fenced
2944,2025,A,1,Z1,H.Dissoluta,NA,24.2,C,Fenced
2945,2025,A,1,Z1,Digitaria erianthra,NA,18.8,C,Fenced
2946,2025,A,1,Z1,U.mossambicensis,NA,16.5,C,Fenced
2947,2025,B,1,Z1,CEx,NA,7.6,C,Fenced
2948,2025,D,5,Z3,Aristida ads,NA,2.4,THF,Fenced
2949,2025,D,5,Z3,NA,NA,2.4,THF,Fenced
2950,2025,D,5,Z3,NA,NA,2.4,THF,Fenced
2951,2025,D,5,Z3,NA,NA,2.4,THF,Fenced
2952,2025,D,5,Z3,Aristida ads,NA,4.9,THF,Fenced
2953,2025,D,5,Z3,Eragrostis gummiflua,NA,4,THF,Fenced
2954,2025,D,5,Z3,Setaria incressata,NA,4.3,THF,Fenced
2955,2025,D,5,Z3,Mopane grass,NA,4.8,THF,Fenced
2956,2025,D,5,Z3,Heteropogon  contortus,NA,NA,THF,Fenced
2957,2025,D,5,Z3,Heteropogon  contortus,NA,4,THF,Fenced
2958,2025,D,5,Z3,Cymbopogon excavatus,NA,6.1,THF,Fenced
2959,2025,D,5,Z3,NA,NA,5.3,THF,Fenced
2960,2025,D,5,Z3,NA,NA,8.3,THF,Fenced
2961,2025,D,5,Z3,Heteropogon  contortus,NA,10.5,THF,Fenced
2962,2025,D,5,Z3,Eragrostis rigidior,NA,10.8,THF,Fenced
2963,2025,D,5,Z3,NA,NA,10.9,THF,Fenced
2964,2025,D,5,Z3,NA,NA,11.5,THF,Fenced
2965,2025,D,5,Z3,Eragrostis rigidior,NA,26.6,THF,Fenced
2966,2025,D,5,Z3,Mopane grass,NA,20.2,THF,Fenced
2967,2025,D,5,Z3,Heteropogon  contortus,NA,15.2,THF,Fenced
2968,2025,D,5,Z3,Eragrostis viscosa,NA,13.5,THF,Fenced
2969,2025,D,5,Z3,Aristida ads,NA,NA,THF,Fenced
2970,2025,D,5,Z1,Setaria incressata,NA,3.7,THF,Fenced
2971,2025,D,5,Z1,Heteropogon  contortus,NA,3.4,THF,Fenced
2972,2025,D,5,Z1,Bracharia brizantha,NA,4.2,THF,Fenced
2973,2025,D,5,Z1,Aristida ads,NA,4.6,THF,Fenced
2974,2025,D,5,Z1,D. gigantum,NA,NA,THF,Fenced
2975,2025,D,5,Z1,Heteropogon  contortus,NA,10.7,THF,Fenced
2976,2025,D,5,Z1,Bracharia negropedata,NA,16.6,THF,Fenced
2977,2025,D,5,Z1,Aristida ads,NA,21.6,THF,Fenced
2978,2025,D,5,Z1,NA,NA,21.9,THF,Fenced
2979,2025,D,5,Z1,Heteropogon  contortus,NA,10.7,THF,Fenced
2980,2025,D,5,Z1,Eragrostis viscosa,NA,16.6,THF,Fenced
2981,2025,D,5,Z1,Mopane grass,NA,21.6,THF,Fenced
2982,2025,D,5,Z1,NA,NA,21.9,THF,Fenced
2983,2025,D,5,Z1,Pogonarthria squarrosa,NA,7.5,THF,Fenced
2984,2025,D,5,Z1,Setaria incressata,NA,9.5,THF,Fenced
2985,2025,D,5,Z1,Eragrostis viscosa,NA,10.6,THF,Fenced
2986,2025,D,5,Z1,Diheteropogon anplactence,NA,9.6,THF,Fenced
2987,2025,D,5,Z1,Enteropogon macrostachyus,NA,14.9,THF,Fenced
2988,2025,D,5,Z1,Heteropogon contortus,NA,15.5,THF,Fenced
2989,2025,D,5,Z1,Cymbopogon nardus,NA,15.5,THF,Fenced
2990,2025,D,5,Z1,Aristida ads,NA,16.5,THF,Fenced
2991,2025,D,5,Z1,Panicum maximum,NA,NA,THF,Fenced
2992,2025,D,5,Z1,Bracharia brizantha,NA,NA,THF,Fenced
2993,2025,D,5,Z2,Heteropogon contortus,NA,11.7,THF,Unfenced
2994,2025,D,5,Z2,Bracharia brizantha,NA,11.4,THF,Unfenced
2995,2025,D,5,Z2,Eragrostis viscosa,NA,8,THF,Unfenced
2996,2025,D,5,Z2,Eragrostis rigidior,NA,8,THF,Unfenced
2997,2025,D,5,Z2,Eragrostis gummiflua,NA,NA,THF,Unfenced
2998,2025,D,5,Z2,Setaria incressata,NA,NA,THF,Unfenced
2999,2025,D,5,Z2,Digitaria erianthra,NA,NA,THF,Unfenced
3000,2025,D,5,Z2,Bracharia brizantha,NA,5.4,THF,Unfenced
3001,2025,D,5,Z2,Eragrostis viscosa,NA,5,THF,Unfenced
3002,2025,D,5,Z2,Aristida diffusa,NA,7.5,THF,Unfenced
3003,2025,D,5,Z2,Mopane grass,NA,5,THF,Unfenced
3004,2025,D,5,Z2,Eragrostis rigidior,NA,6.6,THF,Unfenced
3005,2025,D,5,Z2,Bracharia brizantha,NA,6.1,THF,Unfenced
3006,2025,D,5,Z2,Mopane grass,NA,5.9,THF,Unfenced
3007,2025,D,5,Z2,NA,NA,5.9,THF,Unfenced
3008,2025,D,5,Z2,Mopane grass,NA,10.5,THF,Unfenced
3009,2025,D,5,Z2,Setaria incressata,NA,7.9,THF,Unfenced
3010,2025,D,5,Z2,Bracharia brizantha,NA,8.7,THF,Unfenced
3011,2025,D,5,Z2,Aristida ads,NA,8.3,THF,Unfenced
3012,2025,D,5,Z2,Eragrostis cylindiflora,NA,NA,THF,Unfenced
3013,2025,D,5,Z2,Eragrostis cylindiflora,NA,2.3,THF,Unfenced
3014,2025,D,5,Z2,Eragrostis viscosa,NA,2.3,THF,Unfenced
3015,2025,D,5,Z2,Aristida diffusa,NA,3.9,THF,Unfenced
3016,2025,D,5,Z2,Perotis petens,NA,4.7,THF,Unfenced
3017,2025,D,5,Z2,Mopane grass,NA,NA,THF,Unfenced
3018,2025,D,5,Z4,Mopane grass,NA,4.7,THF,Unfenced
3019,2025,D,5,Z4,Setaria incressata,NA,6.4,THF,Unfenced
3020,2025,D,5,Z4,Eragrostis rigidior,NA,8.8,THF,Unfenced
3021,2025,D,5,Z4,NA,NA,9.3,THF,Unfenced
3022,2025,D,5,Z4,Mopane grass,NA,14.1,THF,Unfenced
3023,2025,D,5,Z4,Diheteropogon anplactence,NA,14.5,THF,Unfenced
3024,2025,D,5,Z4,NA,NA,13.3,THF,Unfenced
3025,2025,D,5,Z4,NA,NA,13.8,THF,Unfenced
3026,2025,D,5,Z4,Mopane grass,NA,5.6,THF,Unfenced
3027,2025,D,5,Z4,Heteropogon contortus,NA,9.6,THF,Unfenced
3028,2025,D,5,Z4,Eragrostis gummiflua,NA,10.8,THF,Unfenced
3029,2025,D,5,Z4,Eragrostis viscosa,NA,9.2,THF,Unfenced
3030,2025,D,5,Z4,Eragrostis viscosa,NA,6.8,THF,Unfenced
3031,2025,D,5,Z4,Cymbopogon nardus,NA,5.8,THF,Unfenced
3032,2025,D,5,Z4,Aristida ads,NA,5,THF,Unfenced
3033,2025,D,5,Z4,Bracharia brizantha,NA,7.8,THF,Unfenced
3034,2025,D,5,Z4,Mopane grass,NA,7.8,THF,Unfenced
3035,2025,D,5,Z4,Eragrostis gummiflua,NA,NA,THF,Unfenced
3036,2025,D,5,Z4,Eragrostis superba,NA,7.8,THF,Unfenced
3037,2025,D,5,Z4,Eragrostis viscosa,NA,5.7,THF,Unfenced
3038,2025,D,5,Z4,Heteropogon contortus,NA,6.5,THF,Unfenced
3039,2025,D,5,Z4,Aristida congesta B,NA,7.7,THF,Unfenced
3040,2025,D,5,Z4,Aristida diffusa,NA,NA,THF,Unfenced
3041,2025,D,5,Z4,Mopane grass,NA,NA,THF,Unfenced
3042,2025,D,4,Z1,Heteropogon contortus,NA,2,TFB,Fenced
3043,2025,D,4,Z1,Aristida ads,NA,2,TFB,Fenced
3044,2025,D,4,Z1,Pogonarthria squarrosa,NA,2,TFB,Fenced
3045,2025,D,4,Z1,Setaria incressata,NA,2,TFB,Fenced
3046,2025,D,4,Z1,Perotis petens,NA,2,TFB,Fenced
3047,2025,D,4,Z1,Heteropogon contortus,NA,10.1,TFB,Fenced
3048,2025,D,4,Z1,Setaria incressata,NA,7.5,TFB,Fenced
3049,2025,D,4,Z1,Eragrostis gummiflua,NA,8,TFB,Fenced
3050,2025,D,4,Z1,Eragrostis viscosa,NA,7,TFB,Fenced
3051,2025,D,4,Z1,Aristida ads,NA,NA,TFB,Fenced
3052,2025,D,4,Z1,Bracharia brizantha,NA,2.9,TFB,Fenced
3053,2025,D,4,Z1,Aristida ads,NA,4,TFB,Fenced
3054,2025,D,4,Z1,Eragrostis gummiflua,NA,5.1,TFB,Fenced
3055,2025,D,4,Z1,Setaria incressata,NA,5.2,TFB,Fenced
3056,2025,D,4,Z1,Mopane grass,NA,NA,TFB,Fenced
3057,2025,D,4,Z1,Setaria incressata,NA,3.2,TFB,Fenced
3058,2025,D,4,Z1,Panicum maximum,NA,4.6,TFB,Fenced
3059,2025,D,4,Z1,Aristida ads,NA,5.6,TFB,Fenced
3060,2025,D,4,Z1,NA,NA,6.1,TFB,Fenced
3061,2025,D,4,Z1,Panicum maximum,NA,35.9,TFB,Fenced
3062,2025,D,4,Z1,Bracharia negropedata,NA,27.1,TFB,Fenced
3063,2025,D,4,Z1,Cymbopogon nardus,NA,24.3,TFB,Fenced
3064,2025,D,4,Z1,Heteropogon contortus,NA,24.6,TFB,Fenced
3065,2025,D,4,Z1,Setaria incressata,NA,NA,TFB,Fenced
3066,2025,D,4,Z3,Pogonarthria squarrosa,NA,1.7,TFB,Fenced
3067,2025,D,4,Z3,Setaria incressata,NA,1.7,TFB,Fenced
3068,2025,D,4,Z3,Mopane grass,NA,1.8,TFB,Fenced
3069,2025,D,4,Z3,Eragrostis gummiflua,NA,2.8,TFB,Fenced
3070,2025,D,4,Z3,Eragrostis superba,NA,27.9,TFB,Fenced
3071,2025,D,4,Z3,Sporobolus africanus,NA,18.9,TFB,Fenced
3072,2025,D,4,Z3,Mopane grass,NA,17.6,TFB,Fenced
3073,2025,D,4,Z3,Eragrostis gummiflua,NA,13.8,TFB,Fenced
3074,2025,D,4,Z3,Chloris virgata,NA,NA,TFB,Fenced
3075,2025,D,4,Z3,Setaria incressata,NA,18.5,TFB,Fenced
3076,2025,D,4,Z3,Heteropogon contortus,NA,17.4,TFB,Fenced
3077,2025,D,4,Z3,Diheteropogon anplactence,NA,17,TFB,Fenced
3078,2025,D,4,Z3,Mopane grass,NA,19.6,TFB,Fenced
3079,2025,D,4,Z3,Eragrostis gummiflua,NA,5.1,TFB,Fenced
3080,2025,D,4,Z3,Mopane grass,NA,16.1,TFB,Fenced
3081,2025,D,4,Z3,Diheteropogon anplactence,NA,25.4,TFB,Fenced
3082,2025,D,4,Z3,Heteropogon contortus,NA,28.9,TFB,Fenced
3083,2025,D,4,Z3,Heteropogon contortus,NA,9.6,TFB,Fenced
3084,2025,D,4,Z3,Diheteropogon anplactence,NA,8.9,TFB,Fenced
3085,2025,D,4,Z3,Setaria incressata,NA,8.9,TFB,Fenced
3086,2025,D,4,Z3,Aristida ads,NA,10.2,TFB,Fenced
3087,2025,D,4,Z4,Heteropogon contortus,NA,5.1,TFB,Unfenced
3088,2025,D,4,Z4,Eragrostis gummiflua,NA,6.9,TFB,Unfenced
3089,2025,D,4,Z4,Setaria incressata,NA,12,TFB,Unfenced
3090,2025,D,4,Z4,Eragrostis superba,NA,13.5,TFB,Unfenced
3091,2025,D,4,Z4,Mopane grass,NA,17.3,TFB,Unfenced
3092,2025,D,4,Z4,Bracharia brizantha,NA,17.4,TFB,Unfenced
3093,2025,D,4,Z4,Aristida ads,NA,18.3,TFB,Unfenced
3094,2025,D,4,Z4,Panicum maximum,NA,19.5,TFB,Unfenced
3095,2025,D,4,Z4,Heteropogon contortus,NA,NA,TFB,Unfenced
3096,2025,D,4,Z4,Aristida diffusa,NA,6.3,TFB,Unfenced
3097,2025,D,4,Z4,Bracharia brizantha,NA,5.3,TFB,Unfenced
3098,2025,D,4,Z4,Setaria incressata,NA,4.9,TFB,Unfenced
3099,2025,D,4,Z4,Pogonarthria squarrosa,NA,8.3,TFB,Unfenced
3100,2025,D,4,Z4,Mopane grass,NA,NA,TFB,Unfenced
3101,2025,D,4,Z4,Heteropogon contortus,NA,NA,TFB,Unfenced
3102,2025,D,4,Z4,Melenis repens,NA,8.9,TFB,Unfenced
3103,2025,D,4,Z4,Bracharia brizantha,NA,12,TFB,Unfenced
3104,2025,D,4,Z4,Cymbopogon nardus,NA,11.6,TFB,Unfenced
3105,2025,D,4,Z4,Heteropogon contortus,NA,11.9,TFB,Unfenced
3106,2025,D,4,Z4,Panicum maximum,NA,NA,TFB,Unfenced
3107,2025,D,4,Z4,Digitaria erianthra,NA,4.6,TFB,Unfenced
3108,2025,D,4,Z4,Heteropogon contortus,NA,5.8,TFB,Unfenced
3109,2025,D,4,Z4,Mopane grass,NA,7.7,TFB,Unfenced
3110,2025,D,4,Z4,Pogonarthria squarrosa,NA,7.3,TFB,Unfenced
3111,2025,D,4,Z4,Eragrostis gummiflua,NA,NA,TFB,Unfenced
3112,2025,D,4,Z4,Aristida diffusa,NA,NA,TFB,Unfenced
3113,2025,D,4,Z4,Panicum maximum,NA,NA,TFB,Unfenced
3114,2025,D,4,Z2,Heteropogon contortus,NA,6.8,TFB,Unfenced
3115,2025,D,4,Z2,Setaria incressata,NA,6.4,TFB,Unfenced
3116,2025,D,4,Z2,Aristida ads,NA,5.9,TFB,Unfenced
3117,2025,D,4,Z2,Bracharia negropedata,NA,6.3,TFB,Unfenced
3118,2025,D,4,Z2,Pogonarthria squarrosa,NA,NA,TFB,Unfenced
3119,2025,D,4,Z2,Mopane grass,NA,NA,TFB,Unfenced
3120,2025,D,4,Z2,Mopane grass,NA,4.1,TFB,Unfenced
3121,2025,D,4,Z2,Panicum maximum,NA,15.3,TFB,Unfenced
3122,2025,D,4,Z2,Aristida ads,NA,17.8,TFB,Unfenced
3123,2025,D,4,Z2,Heteropogon contortus,NA,13.9,TFB,Unfenced
3124,2025,D,4,Z2,Setaria incressata,NA,6,TFB,Unfenced
3125,2025,D,4,Z2,Aristida diffusa,NA,5.1,TFB,Unfenced
3126,2025,D,4,Z2,Mopane grass,NA,4.6,TFB,Unfenced
3127,2025,D,4,Z2,Aristida ads,NA,4.6,TFB,Unfenced
3128,2025,D,4,Z2,Eragrostis gummiflua,NA,NA,TFB,Unfenced
3129,2025,D,4,Z2,Eragrostis viscosa,NA,2.8,TFB,Unfenced
3130,2025,D,4,Z2,Aristida ads,NA,7.1,TFB,Unfenced
3131,2025,D,4,Z2,Heteropogon contortus,NA,7.3,TFB,Unfenced
3132,2025,D,4,Z2,Eragrostis cylindiflora,NA,7.6,TFB,Unfenced
3133,2025,D,4,Z2,Panicum maximum,NA,NA,TFB,Unfenced
3134,2025,D,4,Z2,Heteropogon contortus,NA,34.5,TFB,Unfenced
3135,2025,D,4,Z2,Setaria incressata,NA,21,TFB,Unfenced
3136,2025,D,4,Z2,Eragrostis viscosa,NA,15.4,TFB,Unfenced
3137,2025,D,4,Z2,Aristida diffusa,NA,12.8,TFB,Unfenced
3138,2025,D,4,Z2,Aristida ads,NA,NA,TFB,Unfenced
3139,2025,D,4,Z2,Diheteropogon anplactence,NA,NA,TFB,Unfenced
3140,2025,D,4,Z2,Eragrostis gummiflua,NA,NA,TFB,Unfenced
3141,2025,D,4,Z2,Mopane grass,NA,NA,TFB,Unfenced
3142,2025,D,3,Z3,Bracharia serrata,NA,9.8,TF,Fenced
3143,2025,D,3,Z3,Eragrostis rigidior,NA,9.7,TF,Fenced
3144,2025,D,3,Z3,Aristida ads,NA,9.5,TF,Fenced
3145,2025,D,3,Z3,Setaria incressata,NA,9.2,TF,Fenced
3146,2025,D,3,Z3,Heteropogon contortus,NA,NA,TF,Fenced
3147,2025,D,3,Z3,Heteropogon contortus,NA,14.9,TF,Fenced
3148,2025,D,3,Z3,Mopane grass,NA,14.8,TF,Fenced
3149,2025,D,3,Z3,Eragrostis cylindiflora,NA,14.4,TF,Fenced
3150,2025,D,3,Z3,Panicum maximum,NA,15.6,TF,Fenced
3151,2025,D,3,Z3,Diheteropogon anplactence,NA,NA,TF,Fenced
3152,2025,D,3,Z3,Eragrostis viscosa,NA,NA,TF,Fenced
3153,2025,D,3,Z3,Eragrostis cylindiflora,NA,12.8,TF,Fenced
3154,2025,D,3,Z3,Mopane grass,NA,8.6,TF,Fenced
3155,2025,D,3,Z3,Heteropogon contortus,NA,10.8,TF,Fenced
3156,2025,D,3,Z3,NA,NA,9.4,TF,Fenced
3157,2025,D,3,Z3,Bracharia serrata,NA,14.2,TF,Fenced
3158,2025,D,3,Z3,Setaria incressata,NA,16.1,TF,Fenced
3159,2025,D,3,Z3,Aristida ads,NA,15.9,TF,Fenced
3160,2025,D,3,Z3,Eragrostis cylindiflora,NA,15.7,TF,Fenced
3161,2025,D,3,Z3,Heteropogon contortus,NA,NA,TF,Fenced
3162,2025,D,3,Z3,Mopane grass,NA,NA,TF,Fenced
3163,2025,D,3,Z3,Bracharia negropedata,NA,NA,TF,Fenced
3164,2025,D,3,Z3,Bracharia serrata,NA,4.3,TF,Fenced
3165,2025,D,3,Z3,Unkown1,NA,4,TF,Fenced
3166,2025,D,3,Z3,Setaria incressata,NA,3.8,TF,Fenced
3167,2025,D,3,Z3,NA,NA,4.2,TF,Fenced
3168,2025,D,3,Z1,Unkown1,NA,5.6,TF,Fenced
3169,2025,D,3,Z1,Bracharia serrata,NA,5.1,TF,Fenced
3170,2025,D,3,Z1,Eragrostis gummiflua,NA,6.8,TF,Fenced
3171,2025,D,3,Z1,Chloris virgata,NA,9.1,TF,Fenced
3172,2025,D,3,Z1,Eragrostis cylindiflora,NA,NA,TF,Fenced
3173,2025,D,3,Z1,Aristida ads,NA,NA,TF,Fenced
3174,2025,D,3,Z1,Bracharia serrata,NA,25.6,TF,Fenced
3175,2025,D,3,Z1,Heteropogon contortus,NA,26.8,TF,Fenced
3176,2025,D,3,Z1,Chloris virgata,NA,19.2,TF,Fenced
3177,2025,D,3,Z1,Setaria incressata,NA,14.5,TF,Fenced
3178,2025,D,3,Z1,Bracharia brizantha,NA,NA,TF,Fenced
3179,2025,D,3,Z1,Panicum maximum,NA,4.7,TF,Fenced
3180,2025,D,3,Z1,Setaria incressata,NA,5.4,TF,Fenced
3181,2025,D,3,Z1,Bracharia brizantha,NA,5.1,TF,Fenced
3182,2025,D,3,Z1,Eragrostis cylindiflora,NA,6.4,TF,Fenced
3183,2025,D,3,Z1,Mopane grass,NA,NA,TF,Fenced
3184,2025,D,3,Z1,Heteropogon contortus,NA,NA,TF,Fenced
3185,2025,D,3,Z1,Setaria incressata,NA,3.8,TF,Fenced
3186,2025,D,3,Z1,Mopane grass,NA,3,TF,Fenced
3187,2025,D,3,Z1,Bracharia brizantha,NA,3,TF,Fenced
3188,2025,D,3,Z1,Eragrostis gummiflua,NA,5.4,TF,Fenced
3189,2025,D,3,Z1,Heteropogon contortus,NA,20,TF,Fenced
3190,2025,D,3,Z1,Aristida ads,NA,13.3,TF,Fenced
3191,2025,D,3,Z1,Setaria incressata,NA,11.8,TF,Fenced
3192,2025,D,3,Z1,Mopane grass,NA,NA,TF,Fenced
3193,2025,D,3,Z1,Bracharia brizantha,NA,NA,TF,Fenced
3194,2025,D,3,Z2,Bracharia brizantha,NA,10.2,TF,Unfenced
3195,2025,D,3,Z2,Setaria incressata,NA,10,TF,Unfenced
3196,2025,D,3,Z2,Heteropogon contortus,NA,10,TF,Unfenced
3197,2025,D,3,Z2,Mopane grass,NA,10.2,TF,Unfenced
3198,2025,D,3,Z2,Heteropogon contortus,NA,11.1,TF,Unfenced
3199,2025,D,3,Z2,Eragrostis rigidior,NA,11.7,TF,Unfenced
3200,2025,D,3,Z2,Eragrostis viscosa,NA,7.3,TF,Unfenced
3201,2025,D,3,Z2,Diheteropogon anplactence,NA,8,TF,Unfenced
3202,2025,D,3,Z2,Mopane grass,NA,7.6,TF,Unfenced
3203,2025,D,3,Z2,Bracharia serrata,NA,8.2,TF,Unfenced
3204,2025,D,3,Z2,Setaria incressata,NA,7.8,TF,Unfenced
3205,2025,D,3,Z2,Aristida diffusa,NA,7.1,TF,Unfenced
3206,2025,D,3,Z2,Heteropogon contortus,NA,NA,TF,Unfenced
3207,2025,D,3,Z2,NA,NA,0,TF,Unfenced
3208,2025,D,3,Z2,NA,NA,0,TF,Unfenced
3209,2025,D,3,Z2,NA,NA,0,TF,Unfenced
3210,2025,D,3,Z2,NA,NA,0,TF,Unfenced
3211,2025,D,3,Z2,Aristida ads,NA,8.7,TF,Unfenced
3212,2025,D,3,Z2,Mopane grass,NA,6.7,TF,Unfenced
3213,2025,D,3,Z2,Setaria incressata,NA,8.5,TF,Unfenced
3214,2025,D,3,Z2,Heteropogon contortus,NA,8.1,TF,Unfenced
3215,2025,D,3,Z2,Aristida diffusa,NA,NA,TF,Unfenced
3216,2025,D,3,Z4,Bracharia brizantha,NA,7.6,TF,Unfenced
3217,2025,D,3,Z4,Heteropogon contortus,NA,7.3,TF,Unfenced
3218,2025,D,3,Z4,Setaria incressata,NA,7.1,TF,Unfenced
3219,2025,D,3,Z4,Aristida diffusa,NA,7.3,TF,Unfenced
3220,2025,D,3,Z4,Heteropogon contortus,NA,7.2,TF,Unfenced
3221,2025,D,3,Z4,Eragrostis gummiflua,NA,9.8,TF,Unfenced
3222,2025,D,3,Z4,Bracharia brizantha,NA,8.9,TF,Unfenced
3223,2025,D,3,Z4,Eragrostis viscosa,NA,8.5,TF,Unfenced
3224,2025,D,3,Z4,Setaria incressata,NA,NA,TF,Unfenced
3225,2025,D,3,Z4,Aristida ads,NA,NA,TF,Unfenced
3226,2025,D,3,Z4,Mopane grass,NA,3,TF,Unfenced
3227,2025,D,3,Z4,Panicum maximum,NA,3,TF,Unfenced
3228,2025,D,3,Z4,Aristida ads,NA,3.8,TF,Unfenced
3229,2025,D,3,Z4,Setaria incressata,NA,3.9,TF,Unfenced
3230,2025,D,3,Z4,Eragrostis gummiflua,NA,NA,TF,Unfenced
3231,2025,D,3,Z4,Heteropogon contortus,NA,8,TF,Unfenced
3232,2025,D,3,Z4,Setaria incressata,NA,6.5,TF,Unfenced
3233,2025,D,3,Z4,Mopane grass,NA,9,TF,Unfenced
3234,2025,D,3,Z4,Panicum maximum,NA,9.4,TF,Unfenced
3235,2025,D,3,Z4,Aristida ads,NA,NA,TF,Unfenced
3236,2025,D,3,Z4,Bracharia brizantha,NA,NA,TF,Unfenced
3237,2025,D,3,Z4,Eragrostis cylindiflora,NA,7.8,TF,Unfenced
3238,2025,D,3,Z4,Heteropogon contortus,NA,8.8,TF,Unfenced
3239,2025,D,3,Z4,Aristida ads,NA,26.7,TF,Unfenced
3240,2025,D,3,Z4,Setaria incressata,NA,22,TF,Unfenced
3241,2025,D,3,Z4,Chloris virgata,NA,NA,TF,Unfenced
3242,2025,D,2,Z1,Bracharia brizantha,NA,3.9,F,Fenced
3243,2025,D,2,Z1,Setaria incressata,NA,5.2,F,Fenced
3244,2025,D,2,Z1,NA,NA,6.6,F,Fenced
3245,2025,D,2,Z1,NA,NA,5.8,F,Fenced
3246,2025,D,2,Z1,Bracharia serrata,NA,18.2,F,Fenced
3247,2025,D,2,Z1,Heteropogon contortus,NA,15.4,F,Fenced
3248,2025,D,2,Z1,Digitaria erianthra,NA,14.1,F,Fenced
3249,2025,D,2,Z1,Bracharia brizantha,NA,14.8,F,Fenced
3250,2025,D,2,Z1,Aristida ads,NA,NA,F,Fenced
3251,2025,D,2,Z1,Heteropogon contortus,NA,22.5,F,Fenced
3252,2025,D,2,Z1,Setaria incressata,NA,20.6,F,Fenced
3253,2025,D,2,Z1,Eragrostis viscosa,NA,19.3,F,Fenced
3254,2025,D,2,Z1,Eragrostis rigidior,NA,18.5,F,Fenced
3255,2025,D,2,Z1,Aristida ads,NA,NA,F,Fenced
3256,2025,D,2,Z1,Diheteropogon anplactence,NA,16.7,F,Fenced
3257,2025,D,2,Z1,Bracharia brizantha,NA,16,F,Fenced
3258,2025,D,2,Z1,Setaria incressata,NA,13.7,F,Fenced
3259,2025,D,2,Z1,Aristida ads,NA,12.1,F,Fenced
3260,2025,D,2,Z1,Setaria incressata,NA,10.5,F,Fenced
3261,2025,D,2,Z1,Bracharia brizantha,NA,15.3,F,Fenced
3262,2025,D,2,Z1,Aristida ads,NA,13.6,F,Fenced
3263,2025,D,2,Z1,NA,NA,14.9,F,Fenced
3264,2025,D,2,Z3,Mopane grass,NA,1.6,F,Fenced
3265,2025,D,2,Z3,Eragrostis viscosa,NA,2.2,F,Fenced
3266,2025,D,2,Z3,Heteropogon contortus,NA,1.6,F,Fenced
3267,2025,D,2,Z3,Setaria incressata,NA,4.5,F,Fenced
3268,2025,D,2,Z3,Digitaria erianthra,NA,NA,F,Fenced
3269,2025,D,2,Z3,Eragrostis rigidior,NA,NA,F,Fenced
3270,2025,D,2,Z3,Diheteropogon anplactence,NA,3.7,F,Fenced
3271,2025,D,2,Z3,Panicum maximum,NA,3.4,F,Fenced
3272,2025,D,2,Z3,NA,NA,3.4,F,Fenced
3273,2025,D,2,Z3,NA,NA,3.2,F,Fenced
3274,2025,D,2,Z3,Heteropogon contortus,NA,2.7,F,Fenced
3275,2025,D,2,Z3,Bracharia brizantha,NA,4.4,F,Fenced
3276,2025,D,2,Z3,Mopane grass,NA,4.6,F,Fenced
3277,2025,D,2,Z3,NA,NA,5.2,F,Fenced
3278,2025,D,2,Z3,Bracharia brizantha,NA,4.6,F,Fenced
3279,2025,D,2,Z3,Heteropogon contortus,NA,4.8,F,Fenced
3280,2025,D,2,Z3,Setaria incressata,NA,4.6,F,Fenced
3281,2025,D,2,Z3,NA,NA,4.9,F,Fenced
3282,2025,D,2,Z3,Setaria incressata,NA,5.9,F,Fenced
3283,2025,D,2,Z3,Bracharia brizantha,NA,5.1,F,Fenced
3284,2025,D,2,Z3,NA,NA,6,F,Fenced
3285,2025,D,2,Z3,NA,NA,6.9,F,Fenced
3286,2025,D,2,Z4,Eragrostis cylindiflora,NA,13.9,F,Unfenced
3287,2025,D,2,Z4,Bracharia brizantha,NA,13.7,F,Unfenced
3288,2025,D,2,Z4,Diheteropogon anplactence,NA,13.6,F,Unfenced
3289,2025,D,2,Z4,Aristida ads,NA,24.5,F,Unfenced
3290,2025,D,2,Z4,Setaria incressata,NA,NA,F,Unfenced
3291,2025,D,2,Z4,Heteropogon contortus,NA,NA,F,Unfenced
3292,2025,D,2,Z4,Panicum maximum,NA,NA,F,Unfenced
3293,2025,D,2,Z4,Heteropogon contortus,NA,2.8,F,Unfenced
3294,2025,D,2,Z4,Bracharia brizantha,NA,3.4,F,Unfenced
3295,2025,D,2,Z4,Panicum maximum,NA,4.4,F,Unfenced
3296,2025,D,2,Z4,NA,NA,3.7,F,Unfenced
3297,2025,D,2,Z4,Eragrostis rigidior,NA,7.5,F,Unfenced
3298,2025,D,2,Z4,Heteropogon contortus,NA,8.6,F,Unfenced
3299,2025,D,2,Z4,Bracharia brizantha,NA,8.7,F,Unfenced
3300,2025,D,2,Z4,Eragrostis cylindiflora,NA,8.5,F,Unfenced
3301,2025,D,2,Z4,Aristida ads,NA,NA,F,Unfenced
3302,2025,D,2,Z4,Diheteropogon anplactence,NA,NA,F,Unfenced
3303,2025,D,2,Z4,Setaria incressata,NA,NA,F,Unfenced
3304,2025,D,2,Z4,Panicum maximum,NA,NA,F,Unfenced
3305,2025,D,2,Z4,Heteropogon contortus,NA,12.5,F,Unfenced
3306,2025,D,2,Z4,Chloris virgata,NA,11.7,F,Unfenced
3307,2025,D,2,Z4,Setaria incressata,NA,9.8,F,Unfenced
3308,2025,D,2,Z4,Bracharia brizantha,NA,11,F,Unfenced
3309,2025,D,2,Z4,Panicum maximum,NA,NA,F,Unfenced
3310,2025,D,2,Z4,Eragrostis cylindiflora,NA,NA,F,Unfenced
3311,2025,D,2,Z4,Mopane grass,NA,NA,F,Unfenced
3312,2025,D,2,Z4,Aristida ads,NA,NA,F,Unfenced
3313,2025,D,2,Z4,Bracharia brizantha,NA,13.6,F,Unfenced
3314,2025,D,2,Z4,Setaria incressata,NA,13.4,F,Unfenced
3315,2025,D,2,Z4,Eragrostis rigidior,NA,11.2,F,Unfenced
3316,2025,D,2,Z4,Eragrostis cylindiflora,NA,11.6,F,Unfenced
3317,2025,D,2,Z2,Heteropogon contortus,NA,8.4,F,Unfenced
3318,2025,D,2,Z2,Bracharia brizantha,NA,7.5,F,Unfenced
3319,2025,D,2,Z2,Eragrostis rigidior,NA,6.9,F,Unfenced
3320,2025,D,2,Z2,Setaria incressata,NA,4,F,Unfenced
3321,2025,D,2,Z2,Eragrostis cylindiflora,NA,NA,F,Unfenced
3322,2025,D,2,Z2,Aristida ads,NA,NA,F,Unfenced
3323,2025,D,2,Z2,Bracharia brizantha,NA,14.5,F,Unfenced
3324,2025,D,2,Z2,Eragrostis rigidior,NA,18.8,F,Unfenced
3325,2025,D,2,Z2,Setaria incressata,NA,17.6,F,Unfenced
3326,2025,D,2,Z2,Digitaria erianthra,NA,15.9,F,Unfenced
3327,2025,D,2,Z2,Chloris virgata,NA,NA,F,Unfenced
3328,2025,D,2,Z2,Heteropogon contortus,NA,6.1,F,Unfenced
3329,2025,D,2,Z2,Chloris virgata,NA,9.4,F,Unfenced
3330,2025,D,2,Z2,Setaria incressata,NA,10.3,F,Unfenced
3331,2025,D,2,Z2,Bracharia serrata,NA,9.2,F,Unfenced
3332,2025,D,2,Z2,Aristida ads,NA,NA,F,Unfenced
3333,2025,D,2,Z2,Eragrostis cylindiflora,NA,NA,F,Unfenced
3334,2025,D,2,Z2,Eragrostis rigidior,NA,NA,F,Unfenced
3335,2025,D,2,Z2,Heteropogon contortus,NA,6.4,F,Unfenced
3336,2025,D,2,Z2,Mopane grass,NA,6.1,F,Unfenced
3337,2025,D,2,Z2,Setaria incressata,NA,5.7,F,Unfenced
3338,2025,D,2,Z2,Bracharia serrata,NA,6.3,F,Unfenced
3339,2025,D,2,Z2,Bracharia brizantha,NA,NA,F,Unfenced
3340,2025,D,2,Z2,Eragrostis cylindiflora,NA,NA,F,Unfenced
3341,2025,D,2,Z2,Aristida ads,NA,NA,F,Unfenced
3342,2025,D,2,Z2,Eragrostis cylindiflora,NA,6.9,F,Unfenced
3343,2025,D,2,Z2,Bracharia brizantha,NA,6.3,F,Unfenced
3344,2025,D,2,Z2,Eragrostis rigidior,NA,7.3,F,Unfenced
3345,2025,D,2,Z2,Setaria incressata,NA,7,F,Unfenced
3346,2025,D,2,Z2,Panicum maximum,NA,NA,F,Unfenced
3347,2025,B,1,Z1,Heteropogon contortus,NA,16.4,C,Fenced
3348,2025,B,1,Z1,NA,NA,19.5,C,Fenced
3349,2025,B,1,Z1,NA,NA,16.7,C,Fenced
3350,2025,B,1,Z1,Heteropogon contortus,NA,19.2,C,Fenced
3351,2025,B,1,Z1,Digitaria erianthra,NA,21.1,C,Fenced
3352,2025,B,1,Z1,NA,NA,21.9,C,Fenced
3353,2025,B,1,Z1,NA,NA,21.4,C,Fenced
3354,2025,B,1,Z1,Heteropogon contortus,NA,21.1,C,Fenced
3355,2025,B,1,Z1,E.R,NA,20.8,C,Fenced
3356,2025,B,1,Z1,NA,NA,20.6,C,Fenced
3357,2025,B,1,Z1,NA,NA,20.3,C,Fenced
3358,2025,B,1,Z1,Heteropogon contortus,NA,12.1,C,Fenced
3359,2025,B,1,Z1,NA,NA,16.4,C,Fenced
3360,2025,B,1,Z1,NA,NA,20.9,C,Fenced
3361,2025,B,1,Z1,NA,NA,21.7,C,Fenced
3362,2025,B,1,Z1,Heteropogon contortus,NA,6.5,C,Fenced
3363,2025,B,1,Z1,Digitaria erianthra,NA,4.9,C,Fenced
3364,2025,B,1,Z1,E.S,NA,5.9,C,Fenced
3365,2025,B,1,Z1,Pinhole,NA,7.5,C,Fenced
3366,2025,B,1,Z1,CEx,NA,NA,C,Fenced
3367,2025,B,1,Z3,CEx,NA,23.3,C,Fenced
3368,2025,B,1,Z3,Hfili,NA,19.4,C,Fenced
3369,2025,B,1,Z3,E.S,NA,23.7,C,Fenced
3370,2025,B,1,Z3,E.G,NA,0,C,Fenced
3371,2025,B,1,Z3,Heteropogon contortus,NA,13.9,C,Fenced
3372,2025,B,1,Z3,CEx,NA,15.1,C,Fenced
3373,2025,B,1,Z3,SSp,NA,16,C,Fenced
3374,2025,B,1,Z3,NA,NA,15.9,C,Fenced
3375,2025,B,1,Z3,Heteropogon contortus,NA,21.8,C,Fenced
3376,2025,B,1,Z3,E.S,NA,23.2,C,Fenced
3377,2025,B,1,Z3,NA,NA,17.8,C,Fenced
3378,2025,B,1,Z3,NA,NA,16.6,C,Fenced
3379,2025,B,1,Z3,Heteropogon contortus,NA,10.5,C,Fenced
3380,2025,B,1,Z3,CEx,NA,8.7,C,Fenced
3381,2025,B,1,Z3,NA,NA,9.5,C,Fenced
3382,2025,B,1,Z3,NA,NA,11.9,C,Fenced
3383,2025,B,1,Z3,Heteropogon contortus,NA,23.7,C,Fenced
3384,2025,B,1,Z3,Themeda triandra,NA,20.3,C,Fenced
3385,2025,B,1,Z3,NA,NA,21.6,C,Fenced
3386,2025,B,1,Z3,NA,NA,21,C,Fenced
3387,2025,B,1,Z4,CEx,NA,1.9,C,Unfenced
3388,2025,B,1,Z4,Heteropogon contortus,NA,15.3,C,Unfenced
3389,2025,B,1,Z4,E.V,NA,11.6,C,Unfenced
3390,2025,B,1,Z4,SSp,NA,10,C,Unfenced
3391,2025,B,1,Z4,NA,NA,NA,C,Unfenced
3392,2025,B,1,Z4,Pinhole,NA,6.4,C,Unfenced
3393,2025,B,1,Z4,Melenis repens,NA,9.1,C,Unfenced
3394,2025,B,1,Z4,E.cylindriflora,NA,8.6,C,Unfenced
3395,2025,B,1,Z4,Heteropogon contortus,NA,8.9,C,Unfenced
3396,2025,B,1,Z4,Pinhole,NA,3.8,C,Unfenced
3397,2025,B,1,Z4,Heteropogon contortus,NA,6.2,C,Unfenced
3398,2025,B,1,Z4,Themeda triandra,NA,7.7,C,Unfenced
3399,2025,B,1,Z4,NA,NA,8,C,Unfenced
3400,2025,B,1,Z4,Heteropogon contortus,NA,9.2,C,Unfenced
3401,2025,B,1,Z4,Aristida ads,NA,10.8,C,Unfenced
3402,2025,B,1,Z4,E.R,NA,14.9,C,Unfenced
3403,2025,B,1,Z4,E.G,NA,14.7,C,Unfenced
3404,2025,B,1,Z4,E.S,NA,NA,C,Unfenced
3405,2025,B,1,Z4,Heteropogon contortus,NA,17.1,C,Unfenced
3406,2025,B,1,Z4,E.R,NA,16.3,C,Unfenced
3407,2025,B,1,Z4,E.S,NA,15.4,C,Unfenced
3408,2025,B,1,Z4,NA,NA,13.3,C,Unfenced
3409,2025,B,1,Z2,CEx,NA,9.6,C,Unfenced
3410,2025,B,1,Z2,Heteropogon contortus,NA,11,C,Unfenced
3411,2025,B,1,Z2,Digitaria erianthra,NA,10.7,C,Unfenced
3412,2025,B,1,Z2,E.G,NA,11.7,C,Unfenced
3413,2025,B,1,Z2,Themeda triandra,NA,8.9,C,Unfenced
3414,2025,B,1,Z2,Pinhole,NA,21.1,C,Unfenced
3415,2025,B,1,Z2,Aristida ads,NA,22.2,C,Unfenced
3416,2025,B,1,Z2,NA,NA,19.9,C,Unfenced
3417,2025,B,1,Z2,Heteropogon contortus,NA,11.8,C,Unfenced
3418,2025,B,1,Z2,Pinhole,NA,11.3,C,Unfenced
3419,2025,B,1,Z2,Melenis repens,NA,10.5,C,Unfenced
3420,2025,B,1,Z2,NA,NA,10,C,Unfenced
3421,2025,B,1,Z2,Heteropogon contortus,NA,11.9,C,Unfenced
3422,2025,B,1,Z2,E.R,NA,18.1,C,Unfenced
3423,2025,B,1,Z2,E.S,NA,13.9,C,Unfenced
3424,2025,B,1,Z2,CEx,NA,0,C,Unfenced
3425,2025,B,1,Z2,Aristida diffusa,NA,NA,C,Unfenced
3426,2025,B,1,Z2,Melenis repens,NA,5.9,C,Unfenced
3427,2025,B,1,Z2,E.R,NA,6.5,C,Unfenced
3428,2025,B,1,Z2,Pinhole,NA,5.6,C,Unfenced
3429,2025,B,1,Z2,Cynodon dactylon,NA,5.5,C,Unfenced
3430,2025,C,1,Z2,Pogonarthria squarrosa,NA,30.6,C,Fenced
3431,2025,C,1,Z2,Heteropogon contortus,NA,21.3,C,Fenced
3432,2025,C,1,Z2,NA,NA,17.2,C,Fenced
3433,2025,C,1,Z2,NA,NA,15.3,C,Fenced
3434,2025,C,1,Z2,Hfili,NA,5.2,C,Fenced
3435,2025,C,1,Z2,Pogonarthria squarrosa,NA,4.8,C,Fenced
3436,2025,C,1,Z2,NA,NA,5.3,C,Fenced
3437,2025,C,1,Z2,NA,NA,5.2,C,Fenced
3438,2025,C,1,Z2,Pogonarthria squarrosa,NA,4.1,C,Fenced
3439,2025,C,1,Z2,E.G,NA,2.9,C,Fenced
3440,2025,C,1,Z2,Setaria incressata,NA,2.8,C,Fenced
3441,2025,C,1,Z2,NA,NA,4.1,C,Fenced
3442,2025,C,1,Z2,Setaria incressata,NA,11.2,C,Fenced
3443,2025,C,1,Z2,Heteropogon contortus,NA,12.4,C,Fenced
3444,2025,C,1,Z2,Digitaria erianthra,NA,12.1,C,Fenced
3445,2025,C,1,Z2,NA,NA,8.4,C,Fenced
3446,2025,C,1,Z2,Setaria incressata,NA,4,C,Fenced
3447,2025,B,5,Z1,Heteropogon contortus,NA,21.1,THF,Fenced
3448,2025,B,5,Z1,CD,NA,22.9,THF,Fenced
3449,2025,B,5,Z1,E.S,NA,17.7,THF,Fenced
3450,2025,B,5,Z1,E.G,NA,21.5,THF,Fenced
3451,2025,B,5,Z1,E.R,NA,NA,THF,Fenced
3452,2025,B,5,Z1,ACB,NA,NA,THF,Fenced
3453,2025,B,5,Z1,Heteropogon contortus,NA,27.3,THF,Fenced
3454,2025,B,5,Z1,CD,NA,36.8,THF,Fenced
3455,2025,B,5,Z1,Digitaria erianthra,NA,36.1,THF,Fenced
3456,2025,B,5,Z1,PH,NA,26.9,THF,Fenced
3457,2025,B,5,Z1,CEx,NA,14.2,THF,Fenced
3458,2025,B,5,Z1,Digitaria erianthra,NA,9.1,THF,Fenced
3459,2025,B,5,Z1,NA,NA,6.6,THF,Fenced
3460,2025,B,5,Z1,NA,NA,19.7,THF,Fenced
3461,2025,B,5,Z1,Heteropogon contortus,NA,28.3,THF,Fenced
3462,2025,B,5,Z1,PH,NA,21.5,THF,Fenced
3463,2025,B,5,Z1,CEx,NA,24.7,THF,Fenced
3464,2025,B,5,Z1,NA,NA,28,THF,Fenced
3465,2025,B,5,Z1,Heteropogon contortus,NA,14.6,THF,Fenced
3466,2025,B,5,Z1,E.S,NA,13.8,THF,Fenced
3467,2025,B,5,Z1,Digitaria erianthra,NA,18.7,THF,Fenced
3468,2025,B,5,Z1,Hyperthelia dissoluta,NA,4.1,THF,Fenced
3469,2025,B,5,Z3,Heteropogon contortus,NA,5.9,THF,Fenced
3470,2025,B,5,Z3,Sporobolus africanus,NA,8.2,THF,Fenced
3471,2025,B,5,Z3,NA,NA,6.2,THF,Fenced
3472,2025,B,5,Z3,NA,NA,2.5,THF,Fenced
3473,2025,B,5,Z3,Heteropogon contortus,NA,32.3,THF,Fenced
3474,2025,B,5,Z3,CD,NA,35.6,THF,Fenced
3475,2025,B,5,Z3,Bracharia serrata,NA,41.5,THF,Fenced
3476,2025,B,5,Z3,ACB,NA,26.4,THF,Fenced
3477,2025,B,5,Z3,SSp,NA,NA,THF,Fenced
3478,2025,B,5,Z3,CEx,NA,15.4,THF,Fenced
3479,2025,B,5,Z3,CD,NA,25.1,THF,Fenced
3480,2025,B,5,Z3,Heteropogon contortus,NA,31.4,THF,Fenced
3481,2025,B,5,Z3,NA,NA,17.7,THF,Fenced
3482,2025,B,5,Z3,Heteropogon contortus,NA,2.9,THF,Fenced
3483,2025,B,5,Z3,Digitaria erianthra,NA,6.6,THF,Fenced
3484,2025,B,5,Z3,NA,NA,3.4,THF,Fenced
3485,2025,B,5,Z3,NA,NA,2.4,THF,Fenced
3486,2025,B,5,Z3,Heteropogon contortus,NA,29.9,THF,Fenced
3487,2025,B,5,Z3,Digitaria erianthra,NA,26.6,THF,Fenced
3488,2025,B,5,Z3,ACB,NA,26.8,THF,Fenced
3489,2025,B,5,Z3,NA,NA,28.4,THF,Fenced
3490,2025,B,5,Z4,E.S,NA,10.9,THF,Unfenced
3491,2025,B,5,Z4,PH,NA,9.2,THF,Unfenced
3492,2025,B,5,Z4,NA,NA,11.9,THF,Unfenced
3493,2025,B,5,Z4,NA,NA,11.8,THF,Unfenced
3494,2025,B,5,Z4,Heteropogon contortus,NA,7.5,THF,Unfenced
3495,2025,B,5,Z4,CD,NA,15.5,THF,Unfenced
3496,2025,B,5,Z4,ACB,NA,9,THF,Unfenced
3497,2025,B,5,Z4,Digitaria erianthra,NA,11.8,THF,Unfenced
3498,2025,B,5,Z4,Heteropogon contortus,NA,10.4,THF,Unfenced
3499,2025,B,5,Z4,ACB,NA,10.7,THF,Unfenced
3500,2025,B,5,Z4,Digitaria erianthra,NA,17.4,THF,Unfenced
3501,2025,B,5,Z4,PH,NA,11.5,THF,Unfenced
3502,2025,B,5,Z4,E.S,NA,NA,THF,Unfenced
3503,2025,B,5,Z4,Sporobolus africanus,NA,6,THF,Unfenced
3504,2025,B,5,Z4,CD,NA,8.8,THF,Unfenced
3505,2025,B,5,Z4,Digitaria erianthra,NA,11.4,THF,Unfenced
3506,2025,B,5,Z4,NA,NA,8.7,THF,Unfenced
3507,2025,B,5,Z4,Heteropogon contortus,NA,6.9,THF,Unfenced
3508,2025,B,5,Z4,Digitaria erianthra,NA,9.2,THF,Unfenced
3509,2025,B,5,Z4,CD,NA,15.1,THF,Unfenced
3510,2025,B,5,Z4,PH,NA,10.9,THF,Unfenced
3511,2025,B,5,Z2,Heteropogon contortus,NA,6,THF,Unfenced
3512,2025,B,5,Z2,PH,NA,6.7,THF,Unfenced
3513,2025,B,5,Z2,Digitaria erianthra,NA,1.9,THF,Unfenced
3514,2025,B,5,Z2,NA,NA,5.9,THF,Unfenced
3515,2025,B,5,Z2,CEx,NA,5.4,THF,Unfenced
3516,2025,B,5,Z2,Heteropogon contortus,NA,8.6,THF,Unfenced
3517,2025,B,5,Z2,Digitaria erianthra,NA,2.1,THF,Unfenced
3518,2025,B,5,Z2,E.R,NA,21.7,THF,Unfenced
3519,2025,B,5,Z2,Bracharia serrata,NA,NA,THF,Unfenced
3520,2025,B,5,Z2,CEx,NA,12.9,THF,Unfenced
3521,2025,B,5,Z2,E.S,NA,19.8,THF,Unfenced
3522,2025,B,5,Z2,Heteropogon contortus,NA,10.9,THF,Unfenced
3523,2025,B,5,Z2,NA,NA,15.6,THF,Unfenced
3524,2025,B,5,Z2,Heteropogon contortus,NA,18.6,THF,Unfenced
3525,2025,B,5,Z2,SSp,NA,10.2,THF,Unfenced
3526,2025,B,5,Z2,CD,NA,13.1,THF,Unfenced
3527,2025,B,5,Z2,NA,NA,44.3,THF,Unfenced
3528,2025,B,5,Z2,Heteropogon contortus,NA,6.2,THF,Unfenced
3529,2025,B,5,Z2,Digitaria erianthra,NA,9.8,THF,Unfenced
3530,2025,B,5,Z2,CD,NA,6.8,THF,Unfenced
3531,2025,B,5,Z2,PH,NA,6.3,THF,Unfenced
3532,2025,B,5,Z2,ACB,NA,NA,THF,Unfenced
3533,2025,B,4,Z3,CNs,NA,3.6,TFB,Unfenced
3534,2025,B,4,Z3,Hfili,NA,9.2,TFB,Unfenced
3535,2025,B,4,Z3,Heteropogon contortus,NA,5.3,TFB,Unfenced
3536,2025,B,4,Z3,NA,NA,26.4,TFB,Unfenced
3537,2025,B,4,Z3,Hyperthelia dissoluta,NA,7.3,TFB,Unfenced
3538,2025,B,4,Z3,Digitaria erianthra,NA,5.5,TFB,Unfenced
3539,2025,B,4,Z3,Heteropogon contortus,NA,26.9,TFB,Unfenced
3540,2025,B,4,Z3,NA,NA,7.7,TFB,Unfenced
3541,2025,B,4,Z3,Heteropogon contortus,NA,6.6,TFB,Unfenced
3542,2025,B,4,Z3,Digitaria erianthra,NA,3.8,TFB,Unfenced
3543,2025,B,4,Z3,CEx,NA,2.9,TFB,Unfenced
3544,2025,B,4,Z3,NA,NA,27.8,TFB,Unfenced
3545,2025,B,4,Z3,CEx,NA,35.2,TFB,Unfenced
3546,2025,B,4,Z3,ACB,NA,31.2,TFB,Unfenced
3547,2025,B,4,Z3,Heteropogon contortus,NA,43,TFB,Unfenced
3548,2025,B,4,Z3,E.S,NA,14.2,TFB,Unfenced
3549,2025,B,4,Z3,ACB,NA,NA,TFB,Unfenced
3550,2025,B,4,Z3,Heteropogon contortus,NA,7.1,TFB,Unfenced
3551,2025,B,4,Z3,CEx,NA,6.8,TFB,Unfenced
3552,2025,B,4,Z3,Digitaria erianthra,NA,5.2,TFB,Unfenced
3553,2025,B,4,Z3,Aristida ads,NA,2.8,TFB,Unfenced
3554,2025,B,4,Z3,Melenis repens,NA,NA,TFB,Unfenced
3555,2025,B,4,Z4,E.S,NA,2.7,TFB,Unfenced
3556,2025,B,4,Z4,Heteropogon contortus,NA,2.2,TFB,Unfenced
3557,2025,B,4,Z4,Bracharia serrata,NA,4.8,TFB,Unfenced
3558,2025,B,4,Z4,NA,NA,32.6,TFB,Unfenced
3559,2025,B,4,Z4,Heteropogon contortus,NA,23.9,TFB,Unfenced
3560,2025,B,4,Z4,ACB,NA,23.6,TFB,Unfenced
3561,2025,B,4,Z4,CEx,NA,12.4,TFB,Unfenced
3562,2025,B,4,Z4,CEx,NA,29.1,TFB,Unfenced
3563,2025,B,4,Z4,Heteropogon contortus,NA,9.1,TFB,Unfenced
3564,2025,B,4,Z4,Digitaria erianthra,NA,26.1,TFB,Unfenced
3565,2025,B,4,Z4,NA,NA,22.8,TFB,Unfenced
3566,2025,B,4,Z4,NA,NA,29.3,TFB,Unfenced
3567,2025,B,4,Z4,Heteropogon contortus,NA,6.2,TFB,Unfenced
3568,2025,B,4,Z4,CEx,NA,8.2,TFB,Unfenced
3569,2025,B,4,Z4,Aristida ads,NA,14,TFB,Unfenced
3570,2025,B,4,Z4,NA,NA,20.1,TFB,Unfenced
3571,2025,B,4,Z4,Heteropogon contortus,NA,6.6,TFB,Unfenced
3572,2025,B,4,Z4,ACB,NA,6.9,TFB,Unfenced
3573,2025,B,4,Z4,Melenis repens,NA,11,TFB,Unfenced
3574,2025,B,4,Z4,Digitaria erianthra,NA,6.1,TFB,Unfenced
3575,2025,B,4,Z1,CEx,NA,19.2,TFB,Fenced
3576,2025,B,4,Z1,Heteropogon contortus,NA,20.4,TFB,Fenced
3577,2025,B,4,Z1,Aristida ads,NA,23.2,TFB,Fenced
3578,2025,B,4,Z1,Melenis repens,NA,19.5,TFB,Fenced
3579,2025,B,4,Z1,Heteropogon contortus,NA,21.8,TFB,Fenced
3580,2025,B,4,Z1,Digitaria erianthra,NA,14.2,TFB,Fenced
3581,2025,B,4,Z1,Aristida ads,NA,22.1,TFB,Fenced
3582,2025,B,4,Z1,NA,NA,20.6,TFB,Fenced
3583,2025,B,4,Z1,Heteropogon contortus,NA,25.6,TFB,Fenced
3584,2025,B,4,Z1,CEx,NA,26.6,TFB,Fenced
3585,2025,B,4,Z1,SSp,NA,22.8,TFB,Fenced
3586,2025,B,4,Z1,E.S,NA,34,TFB,Fenced
3587,2025,B,4,Z1,CEx,NA,13,TFB,Fenced
3588,2025,B,4,Z1,Heteropogon contortus,NA,16.7,TFB,Fenced
3589,2025,B,4,Z1,E.S,NA,15.1,TFB,Fenced
3590,2025,B,4,Z1,E.R,NA,27.3,TFB,Fenced
3591,2025,B,4,Z1,Bracharia serrata,NA,NA,TFB,Fenced
3592,2025,B,4,Z1,Themeda triandra,NA,18.4,TFB,Fenced
3593,2025,B,4,Z1,Heteropogon contortus,NA,19,TFB,Fenced
3594,2025,B,4,Z1,Digitaria erianthra,NA,14.8,TFB,Fenced
3595,2025,B,4,Z1,NA,NA,16,TFB,Fenced
3596,2025,B,4,Z2,Heteropogon contortus,NA,10.8,TFB,Fenced
3597,2025,B,4,Z2,Perotis petens,NA,2.4,TFB,Fenced
3598,2025,B,4,Z2,Bracharia serrata,NA,2.4,TFB,Fenced
3599,2025,B,4,Z2,E.R,NA,2.9,TFB,Fenced
3600,2025,B,4,Z2,E.S,NA,38.2,TFB,Fenced
3601,2025,B,4,Z2,CEx,NA,26.4,TFB,Fenced
3602,2025,B,4,Z2,Heteropogon contortus,NA,21.2,TFB,Fenced
3603,2025,B,4,Z2,NA,NA,14.2,TFB,Fenced
3604,2025,B,4,Z2,Heteropogon contortus,NA,3.2,TFB,Fenced
3605,2025,B,4,Z2,Digitaria erianthra,NA,4.5,TFB,Fenced
3606,2025,B,4,Z2,Aristida ads,NA,8.2,TFB,Fenced
3607,2025,B,4,Z2,Bracharia serrata,NA,6.5,TFB,Fenced
3608,2025,B,4,Z2,Bracharia serrata,NA,30.6,TFB,Fenced
3609,2025,B,4,Z2,CEx,NA,18.5,TFB,Fenced
3610,2025,B,4,Z2,NA,NA,14.6,TFB,Fenced
3611,2025,B,4,Z2,NA,NA,25.8,TFB,Fenced
3612,2025,B,4,Z2,Aristida ads,NA,22.4,TFB,Fenced
3613,2025,B,4,Z2,Heteropogon contortus,NA,24.1,TFB,Fenced
3614,2025,B,4,Z2,CEx,NA,22.2,TFB,Fenced
3615,2025,B,4,Z2,U.mossambicensis,NA,27.5,TFB,Fenced
3616,2025,B,3,Z4,Heteropogon contortus,NA,11.2,TF,Unfenced
3617,2025,B,3,Z4,Aristida ads,NA,8.2,TF,Unfenced
3618,2025,B,3,Z4,CEx,NA,11.8,TF,Unfenced
3619,2025,B,3,Z4,NA,NA,7.5,TF,Unfenced
3620,2025,B,3,Z4,Aristida ads,NA,10.4,TF,Unfenced
3621,2025,B,3,Z4,Heteropogon contortus,NA,18.6,TF,Unfenced
3622,2025,B,3,Z4,CNs,NA,18,TF,Unfenced
3623,2025,B,3,Z4,NA,NA,22.8,TF,Unfenced
3624,2025,B,3,Z4,Digitaria erianthra,NA,13.8,TF,Unfenced
3625,2025,B,3,Z4,CNs,NA,8.4,TF,Unfenced
3626,2025,B,3,Z4,Heteropogon contortus,NA,6.2,TF,Unfenced
3627,2025,B,3,Z4,NA,NA,5.2,TF,Unfenced
3628,2025,B,3,Z4,Heteropogon contortus,NA,11.4,TF,Unfenced
3629,2025,B,3,Z4,E.R,NA,15.4,TF,Unfenced
3630,2025,B,3,Z4,PH,NA,11.9,TF,Unfenced
3631,2025,B,3,Z4,NA,NA,22,TF,Unfenced
3632,2025,B,3,Z4,Aristida ads,NA,8,TF,Unfenced
3633,2025,B,3,Z4,Heteropogon contortus,NA,2.8,TF,Unfenced
3634,2025,B,3,Z4,E.R,NA,12,TF,Unfenced
3635,2025,B,3,Z4,NA,NA,10.3,TF,Unfenced
3636,2025,B,3,Z3,Heteropogon contortus,NA,23.3,TF,Unfenced
3637,2025,B,3,Z3,CNs,NA,13,TF,Unfenced
3638,2025,B,3,Z3,E.R,NA,12.8,TF,Unfenced
3639,2025,B,3,Z3,NA,NA,14.1,TF,Unfenced
3640,2025,B,3,Z3,Hfili,NA,8.5,TF,Unfenced
3641,2025,B,3,Z3,Heteropogon contortus,NA,6.7,TF,Unfenced
3642,2025,B,3,Z3,Aristida ads,NA,6.5,TF,Unfenced
3643,2025,B,3,Z3,NA,NA,6.1,TF,Unfenced
3644,2025,B,3,Z3,A.D,NA,8.3,TF,Unfenced
3645,2025,B,3,Z3,Aristida ads,NA,4.2,TF,Unfenced
3646,2025,B,3,Z3,Themeda triandra,NA,9.6,TF,Unfenced
3647,2025,B,3,Z3,Bracharia serrata,NA,3.4,TF,Unfenced
3648,2025,B,3,Z3,Heteropogon contortus,NA,7.8,TF,Unfenced
3649,2025,B,3,Z3,E.R,NA,14.1,TF,Unfenced
3650,2025,B,3,Z3,Aristida ads,NA,9.8,TF,Unfenced
3651,2025,B,3,Z3,Heteropogon contortus,NA,7.3,TF,Unfenced
3652,2025,B,3,Z3,CNs,NA,NA,TF,Unfenced
3653,2025,B,3,Z3,Heteropogon contortus,NA,6.8,TF,Unfenced
3654,2025,B,3,Z3,Digitaria erianthra,NA,8.2,TF,Unfenced
3655,2025,B,3,Z3,E.S,NA,7.9,TF,Unfenced
3656,2025,B,3,Z3,Aristida ads,NA,4.9,TF,Unfenced
3657,2025,B,3,Z1,Melenis repens,NA,26.1,TF,Fenced
3658,2025,B,3,Z1,CEx,NA,20.2,TF,Fenced
3659,2025,B,3,Z1,NA,NA,10.2,TF,Fenced
3660,2025,B,3,Z1,NA,NA,25,TF,Fenced
3661,2025,B,3,Z1,CNs,NA,14.6,TF,Fenced
3662,2025,B,3,Z1,Heteropogon contortus,NA,20,TF,Fenced
3663,2025,B,3,Z1,CEx,NA,29.3,TF,Fenced
3664,2025,B,3,Z1,Aristida ads,NA,44.2,TF,Fenced
3665,2025,B,3,Z1,NA,NA,NA,TF,Fenced
3666,2025,B,3,Z1,CD,NA,41.9,TF,Fenced
3667,2025,B,3,Z1,Themeda triandra,NA,26.1,TF,Fenced
3668,2025,B,3,Z1,Heteropogon contortus,NA,27.8,TF,Fenced
3669,2025,B,3,Z1,E.S,NA,46,TF,Fenced
3670,2025,B,3,Z1,ACB,NA,25.8,TF,Fenced
3671,2025,B,3,Z1,Digitaria erianthra,NA,10.9,TF,Fenced
3672,2025,B,3,Z1,Heteropogon contortus,NA,6.3,TF,Fenced
3673,2025,B,3,Z1,NA,NA,25.1,TF,Fenced
3674,2025,B,3,Z1,Melenis repens,NA,12,TF,Fenced
3675,2025,B,3,Z1,Aristida ads,NA,15.7,TF,Fenced
3676,2025,B,3,Z1,PH,NA,11.8,TF,Fenced
3677,2025,B,3,Z1,NA,NA,16.2,TF,Fenced
3678,2025,B,3,Z2,Aristida ads,NA,15.6,TF,Fenced
3679,2025,B,3,Z2,CEx,NA,22.2,TF,Fenced
3680,2025,B,3,Z2,Melenis repens,NA,26.8,TF,Fenced
3681,2025,B,3,Z2,E.S,NA,17.3,TF,Fenced
3682,2025,B,3,Z2,ECurv,NA,NA,TF,Fenced
3683,2025,B,3,Z2,SSp,NA,39,TF,Fenced
3684,2025,B,3,Z2,Themeda triandra,NA,28.8,TF,Fenced
3685,2025,B,3,Z2,Heteropogon contortus,NA,17.1,TF,Fenced
3686,2025,B,3,Z2,CEx,NA,41.5,TF,Fenced
3687,2025,B,3,Z2,CEx,NA,33.2,TF,Fenced
3688,2025,B,3,Z2,Melenis repens,NA,28,TF,Fenced
3689,2025,B,3,Z2,Heteropogon contortus,NA,14.9,TF,Fenced
3690,2025,B,3,Z2,NA,NA,42.7,TF,Fenced
3691,2025,B,3,Z2,Heteropogon contortus,NA,47.7,TF,Fenced
3692,2025,B,3,Z2,CNs,NA,35.5,TF,Fenced
3693,2025,B,3,Z2,NA,NA,25.2,TF,Fenced
3694,2025,B,3,Z2,NA,NA,51,TF,Fenced
3695,2025,B,3,Z2,ACB,NA,15.7,TF,Fenced
3696,2025,B,3,Z2,Digitaria erianthra,NA,32.3,TF,Fenced
3697,2025,B,3,Z2,Heteropogon contortus,NA,15.6,TF,Fenced
3698,2025,B,3,Z2,CNs,NA,22.7,TF,Fenced
3699,2025,A,5,Z4,PH,NA,19,THF,Unfenced
3700,2025,A,5,Z4,CD,NA,16.8,THF,Unfenced
3701,2025,A,5,Z4,E.G,NA,16.7,THF,Unfenced
3702,2025,A,5,Z4,NA,NA,16.6,THF,Unfenced
3703,2025,A,5,Z4,U.mossambicensis,NA,0,THF,Unfenced
3704,2025,A,5,Z4,CEx,NA,14.3,THF,Unfenced
3705,2025,A,5,Z4,PH,NA,14.7,THF,Unfenced
3706,2025,A,5,Z4,Heteropogon contortus,NA,13.7,THF,Unfenced
3707,2025,A,5,Z4,PH,NA,21.8,THF,Unfenced
3708,2025,A,5,Z4,CEx,NA,16.5,THF,Unfenced
3709,2025,A,5,Z4,U.mossambicensis,NA,20.7,THF,Unfenced
3710,2025,A,5,Z4,NA,NA,21.2,THF,Unfenced
3711,2025,A,5,Z4,U.mossambicensis,NA,13.5,THF,Unfenced
3712,2025,A,5,Z4,Aristida ads,NA,13.2,THF,Unfenced
3713,2025,A,5,Z4,PH,NA,13.9,THF,Unfenced
3714,2025,A,5,Z4,NA,NA,11.7,THF,Unfenced
3715,2025,A,5,Z4,U.mossambicensis,NA,0,THF,Unfenced
3716,2025,A,5,Z4,PH,NA,23.6,THF,Unfenced
3717,2025,A,5,Z4,Aristida diffusa,NA,17.3,THF,Unfenced
3718,2025,A,5,Z4,Setaria incressata,NA,16.5,THF,Unfenced
3719,2025,A,5,Z2,Aristida ads,NA,22.7,THF,Unfenced
3720,2025,A,5,Z2,U.mossambicensis,NA,17.4,THF,Unfenced
3721,2025,A,5,Z2,PH,NA,18.4,THF,Unfenced
3722,2025,A,5,Z2,Heteropogon contortus,NA,20.6,THF,Unfenced
3723,2025,A,5,Z2,Hfili,NA,19.6,THF,Unfenced
3724,2025,A,5,Z2,Panicum maximum,NA,37.9,THF,Unfenced
3725,2025,A,5,Z2,U.mossambicensis,NA,36.2,THF,Unfenced
3726,2025,A,5,Z2,Heteropogon contortus,NA,33.7,THF,Unfenced
3727,2025,A,5,Z2,CEx,NA,32.9,THF,Unfenced
3728,2025,A,5,Z2,Aristida ads,NA,18.7,THF,Unfenced
3729,2025,A,5,Z2,U.mossambicensis,NA,18.4,THF,Unfenced
3730,2025,A,5,Z2,Hfili,NA,17.7,THF,Unfenced
3731,2025,A,5,Z2,Panicum maximum,NA,23.9,THF,Unfenced
3732,2025,A,5,Z2,U.mossambicensis,NA,12.9,THF,Unfenced
3733,2025,A,5,Z2,NA,NA,16.8,THF,Unfenced
3734,2025,A,5,Z2,NA,NA,14.9,THF,Unfenced
3735,2025,A,5,Z2,CEx,NA,27.1,THF,Unfenced
3736,2025,A,5,Z2,Wireleaf,NA,23.6,THF,Unfenced
3737,2025,A,5,Z2,U.mossambicensis,NA,24.1,THF,Unfenced
3738,2025,A,5,Z2,NA,NA,21.8,THF,Unfenced
3739,2025,A,2,Z1,CEx,NA,23.4,F,Fenced
3740,2025,A,2,Z1,PH,NA,20.2,F,Fenced
3741,2025,A,2,Z1,Aristida ads,NA,13.6,F,Fenced
3742,2025,A,2,Z1,E.G,NA,17.2,F,Fenced
3743,2025,A,2,Z1,E.S,NA,NA,F,Fenced
3744,2025,A,2,Z1,Andropogon eucomas,NA,29.8,F,Fenced
3745,2025,A,2,Z1,PH,NA,22.7,F,Fenced
3746,2025,A,2,Z1,Heteropogon contortus,NA,19.6,F,Fenced
3747,2025,A,2,Z1,E.G,NA,19.5,F,Fenced
3748,2025,A,2,Z1,Andropogon eucomas,NA,15.1,F,Fenced
3749,2025,A,2,Z1,PH,NA,14.2,F,Fenced
3750,2025,A,2,Z1,NA,NA,13.8,F,Fenced
3751,2025,A,2,Z1,NA,NA,13.8,F,Fenced
3752,2025,A,2,Z1,Digitaria erianthra,NA,19.1,F,Fenced
3753,2025,A,2,Z1,Bracharia serrata,NA,16.6,F,Fenced
3754,2025,A,2,Z1,PH,NA,18.1,F,Fenced
3755,2025,A,2,Z1,Andropogon eucomas,NA,6.1,F,Fenced
3756,2025,A,2,Z1,Setaria incressata,NA,NA,F,Fenced
3757,2025,A,2,Z1,U.mossambicensis,NA,29.6,F,Fenced
3758,2025,A,2,Z1,PH,NA,25.5,F,Fenced
3759,2025,A,2,Z1,NA,NA,23.9,F,Fenced
3760,2025,A,2,Z1,NA,NA,23,F,Fenced
3761,2025,A,2,Z2,H.Dissoluta,NA,17.1,F,Fenced
3762,2025,A,2,Z2,Hfili,NA,48.1,F,Fenced
3763,2025,A,2,Z2,Andropogon eucomas,NA,43.6,F,Fenced
3764,2025,A,2,Z2,NA,NA,40.2,F,Fenced
3765,2025,A,2,Z2,U.mossambicensis,NA,21.1,F,Fenced
3766,2025,A,2,Z2,H.hirta,NA,28.1,F,Fenced
3767,2025,A,2,Z2,H.Dissoluta,NA,26.6,F,Fenced
3768,2025,A,2,Z2,Heteropogon contortus,NA,11.6,F,Fenced
3769,2025,A,2,Z2,H.hirta,NA,23.3,F,Fenced
3770,2025,A,2,Z2,Heteropogon contortus,NA,5.5,F,Fenced
3771,2025,A,2,Z2,Setaria incressata,NA,14.1,F,Fenced
3772,2025,A,2,Z2,Bracharia serrata,NA,13.4,F,Fenced
3773,2025,A,2,Z2,H.Dissoluta,NA,66.7,F,Fenced
3774,2025,A,2,Z2,H.hirta,NA,29.4,F,Fenced
3775,2025,A,2,Z2,U.mossambicensis,NA,20.7,F,Fenced
3776,2025,A,2,Z2,NA,NA,21.9,F,Fenced
3777,2025,A,2,Z2,Andropogon eucomas,NA,25.3,F,Fenced
3778,2025,A,2,Z2,PH,NA,18.8,F,Fenced
3779,2025,A,2,Z2,Wireleaf,NA,18.5,F,Fenced
3780,2025,A,2,Z2,NA,NA,16.5,F,Fenced
3781,2025,A,2,Z3,H.Dissoluta,NA,16.9,F,Unfenced
3782,2025,A,2,Z3,PH,NA,22.6,F,Unfenced
3783,2025,A,2,Z3,E.G,NA,20,F,Unfenced
3784,2025,A,2,Z3,NA,NA,19.2,F,Unfenced
3785,2025,A,2,Z3,Heteropogon contortus,NA,15.8,F,Unfenced
3786,2025,A,2,Z3,E.S,NA,11.1,F,Unfenced
3787,2025,A,2,Z3,Aristida diffusa,NA,10.6,F,Unfenced
3788,2025,A,2,Z3,PH,NA,13.3,F,Unfenced
3789,2025,A,2,Z3,U.mossambicensis,NA,28.6,F,Unfenced
3790,2025,A,2,Z3,Andropogon eucomas,NA,24,F,Unfenced
3791,2025,A,2,Z3,PH,NA,20.4,F,Unfenced
3792,2025,A,2,Z3,NA,NA,14.9,F,Unfenced
3793,2025,A,2,Z3,CEx,NA,18.4,F,Unfenced
3794,2025,A,2,Z3,E.S,NA,14.1,F,Unfenced
3795,2025,A,2,Z3,PH,NA,16.9,F,Unfenced
3796,2025,A,2,Z3,NA,NA,16.2,F,Unfenced
3797,2025,A,2,Z3,U.mossambicensis,NA,30.1,F,Unfenced
3798,2025,A,2,Z3,Hfili,NA,23.6,F,Unfenced
3799,2025,A,2,Z3,Andropogon eucomas,NA,21.6,F,Unfenced
3800,2025,A,2,Z3,PH,NA,17.6,F,Unfenced
3801,2025,A,2,Z4,H.Dissoluta,NA,17.5,F,Unfenced
3802,2025,A,2,Z4,U.mossambicensis,NA,34.7,F,Unfenced
3803,2025,A,2,Z4,NA,NA,44.3,F,Unfenced
3804,2025,A,2,Z4,NA,NA,40.8,F,Unfenced
3805,2025,A,2,Z4,Aristida ads,NA,17.3,F,Unfenced
3806,2025,A,2,Z4,H.Dissoluta,NA,17.5,F,Unfenced
3807,2025,A,2,Z4,Hfili,NA,25,F,Unfenced
3808,2025,A,2,Z4,NA,NA,20.5,F,Unfenced
3809,2025,A,2,Z4,U.mossambicensis,NA,65.6,F,Unfenced
3810,2025,A,2,Z4,H.Dissoluta,NA,43.3,F,Unfenced
3811,2025,A,2,Z4,Hfili,NA,35.5,F,Unfenced
3812,2025,A,2,Z4,Andropogon eucomas,NA,28.8,F,Unfenced
3813,2025,A,2,Z4,H.Dissoluta,NA,47,F,Unfenced
3814,2025,A,2,Z4,Hfili,NA,45.1,F,Unfenced
3815,2025,A,2,Z4,U.mossambicensis,NA,37.2,F,Unfenced
3816,2025,A,2,Z4,Heteropogon contortus,NA,44.5,F,Unfenced
3817,2025,A,2,Z4,Cymbopogon nardus,NA,53.7,F,Unfenced
3818,2025,A,2,Z4,Andropogon eucomas,NA,39.4,F,Unfenced
3819,2025,A,2,Z4,U.mossambicensis,NA,28.3,F,Unfenced
3820,2025,A,2,Z4,Heteropogon contortus,NA,30.7,F,Unfenced
3821,2025,A,2,Z4,H.Dissoluta,NA,NA,F,Unfenced
3822,2025,A,2,Z4,SSp,NA,NA,F,Unfenced
3823,2025,A,3,Z3,SSp,NA,26.6,TFB,Fenced
3824,2025,A,3,Z3,Digitaria erianthra,NA,17.5,TFB,Fenced
3825,2025,A,3,Z3,U.mossambicensis,NA,19,TFB,Fenced
3826,2025,A,3,Z3,C.D,NA,18.7,TFB,Fenced
3827,2025,A,3,Z3,Heteropogon contortus,NA,27.5,TFB,Fenced
3828,2025,A,3,Z3,Melenis repens,NA,24.8,TFB,Fenced
3829,2025,A,3,Z3,Aristida diffusa,NA,26.7,TFB,Fenced
3830,2025,A,3,Z3,Panicum maximum,NA,22.2,TFB,Fenced
3831,2025,A,3,Z3,H.Dissoluta,NA,19,TFB,Fenced
3832,2025,A,3,Z3,Hfili,NA,24.7,TFB,Fenced
3833,2025,A,3,Z3,Heteropogon contortus,NA,21.9,TFB,Fenced
3834,2025,A,3,Z3,U.mossambicensis,NA,24.9,TFB,Fenced
3835,2025,A,3,Z3,Heteropogon contortus,NA,24.9,TFB,Fenced
3836,2025,A,3,Z3,Themeda triandra,NA,22.3,TFB,Fenced
3837,2025,A,3,Z3,CEx,NA,25.6,TFB,Fenced
3838,2025,A,3,Z3,Digitaria erianthra,NA,21.5,TFB,Fenced
3839,2025,A,3,Z3,Panicum maximum,NA,NA,TFB,Fenced
3840,2025,A,3,Z3,H.Dissoluta,NA,33.7,TFB,Fenced
3841,2025,A,3,Z3,Aristida ads,NA,26.8,TFB,Fenced
3842,2025,A,3,Z3,Hfili,NA,33.4,TFB,Fenced
3843,2025,A,3,Z3,CEx,NA,32,TFB,Fenced
3844,2025,A,3,Z1,H.hirta,NA,46.7,TFB,Fenced
3845,2025,A,3,Z1,NA,NA,0,TFB,Fenced
3846,2025,A,3,Z1,NA,NA,0,TFB,Fenced
3847,2025,A,3,Z1,NA,NA,0,TFB,Fenced
3848,2025,A,3,Z1,PH,NA,20.6,TFB,Fenced
3849,2025,A,3,Z1,CEx,NA,16.1,TFB,Fenced
3850,2025,A,3,Z1,NA,NA,15.6,TFB,Fenced
3851,2025,A,3,Z1,NA,NA,14.4,TFB,Fenced
3852,2025,A,3,Z1,Andropogon eucomas,NA,18.1,TFB,Fenced
3853,2025,A,3,Z1,PF,NA,14.3,TFB,Fenced
3854,2025,A,3,Z1,U.mossambicensis,NA,12.7,TFB,Fenced
3855,2025,A,3,Z1,NA,NA,12.4,TFB,Fenced
3856,2025,A,3,Z1,U.mossambicensis,NA,20.9,TFB,Fenced
3857,2025,A,3,Z1,Aristida congesta C,NA,25.5,TFB,Fenced
3858,2025,A,3,Z1,Themeda triandra,NA,28.6,TFB,Fenced
3859,2025,A,3,Z1,NA,NA,1.3,TFB,Fenced
3860,2025,A,3,Z1,H.Dissoluta,NA,56.5,TFB,Fenced
3861,2025,A,3,Z1,Hfili,NA,11.2,TFB,Fenced
3862,2025,A,3,Z1,Heteropogon contortus,NA,61.9,TFB,Fenced
3863,2025,A,3,Z1,NA,NA,9.7,TFB,Fenced
3864,2025,A,3,Z2,CEx,NA,32.7,TFB,Unfenced
3865,2025,A,3,Z2,U.mossambicensis,NA,3.8,TFB,Unfenced
3866,2025,A,3,Z2,NA,NA,3.8,TFB,Unfenced
3867,2025,A,3,Z2,NA,NA,8.1,TFB,Unfenced
3868,2025,A,3,Z2,PH,NA,17.3,TFB,Unfenced
3869,2025,A,3,Z2,Wireleaf,NA,11.5,TFB,Unfenced
3870,2025,A,3,Z2,Setaria incressata,NA,14.4,TFB,Unfenced
3871,2025,A,3,Z2,NA,NA,14.2,TFB,Unfenced
3872,2025,A,3,Z2,PH,NA,12.3,TFB,Unfenced
3873,2025,A,3,Z2,Digitaria erianthra,NA,10.5,TFB,Unfenced
3874,2025,A,3,Z2,E.G,NA,14.3,TFB,Unfenced
3875,2025,A,3,Z2,NA,NA,13.2,TFB,Unfenced
3876,2025,A,3,Z2,H.hirta,NA,26.2,TFB,Unfenced
3877,2025,A,3,Z2,Wireleaf,NA,6.4,TFB,Unfenced
3878,2025,A,3,Z2,NA,NA,4.3,TFB,Unfenced
3879,2025,A,3,Z2,NA,NA,18.6,TFB,Unfenced
3880,2025,A,3,Z2,Aristida congesta C,NA,15.2,TFB,Unfenced
3881,2025,A,3,Z2,PH,NA,14.4,TFB,Unfenced
3882,2025,A,3,Z2,NA,NA,11.7,TFB,Unfenced
3883,2025,A,3,Z2,NA,NA,12.7,TFB,Unfenced
3884,2025,A,3,Z4,U.mossambicensis,NA,23,TFB,Unfenced
3885,2025,A,3,Z4,CEx,NA,25.7,TFB,Unfenced
3886,2025,A,3,Z4,Bracharia serrata,NA,29.4,TFB,Unfenced
3887,2025,A,3,Z4,NA,NA,5.4,TFB,Unfenced
3888,2025,A,3,Z4,U.mossambicensis,NA,17.3,TFB,Unfenced
3889,2025,A,3,Z4,Aristida congesta C,NA,5.1,TFB,Unfenced
3890,2025,A,3,Z4,H.Dissoluta,NA,5.1,TFB,Unfenced
3891,2025,A,3,Z4,NA,NA,0,TFB,Unfenced
3892,2025,A,3,Z4,SSp,NA,12.9,TFB,Unfenced
3893,2025,A,3,Z4,Heteropogon contortus,NA,10.3,TFB,Unfenced
3894,2025,A,3,Z4,Bracharia serrata,NA,17.4,TFB,Unfenced
3895,2025,A,3,Z4,NA,NA,11.4,TFB,Unfenced
3896,2025,A,3,Z4,U.mossambicensis,NA,11.5,TFB,Unfenced
3897,2025,A,3,Z4,Heteropogon contortus,NA,19.3,TFB,Unfenced
3898,2025,A,3,Z4,NA,NA,20.4,TFB,Unfenced
3899,2025,A,3,Z4,NA,NA,49.9,TFB,Unfenced
3900,2025,A,3,Z4,H.Dissoluta,NA,50.3,TFB,Unfenced
3901,2025,A,3,Z4,Aristida congesta C,NA,29.9,TFB,Unfenced
3902,2025,A,3,Z4,U.mossambicensis,NA,24.7,TFB,Unfenced
3903,2025,A,3,Z4,NA,NA,23.8,TFB,Unfenced
3904,2025,A,4,Z3,Hfili,NA,18,TF,Fenced
3905,2025,A,4,Z3,PH,NA,23.6,TF,Fenced
3906,2025,A,4,Z3,Setaria incressata,NA,20.9,TF,Fenced
3907,2025,A,4,Z3,NA,NA,21.1,TF,Fenced
3908,2025,A,4,Z3,H.Dissoluta,NA,16,TF,Fenced
3909,2025,A,4,Z3,PH,NA,17.4,TF,Fenced
3910,2025,A,4,Z3,NA,NA,19.1,TF,Fenced
3911,2025,A,4,Z3,NA,NA,18.2,TF,Fenced
3912,2025,A,4,Z3,PH,NA,12.1,TF,Fenced
3913,2025,A,4,Z3,Heteropogon contortus,NA,13.4,TF,Fenced
3914,2025,A,4,Z3,Andropogon eucomas,NA,13.9,TF,Fenced
3915,2025,A,4,Z3,NA,NA,16.7,TF,Fenced
3916,2025,A,4,Z3,CEx,NA,26.4,TF,Fenced
3917,2025,A,4,Z3,PH,NA,22.7,TF,Fenced
3918,2025,A,4,Z3,NA,NA,23.9,TF,Fenced
3919,2025,A,4,Z3,NA,NA,12.2,TF,Fenced
3920,2025,A,4,Z3,Digitaria erianthra,NA,14.3,TF,Fenced
3921,2025,A,4,Z3,PH,NA,17.2,TF,Fenced
3922,2025,A,4,Z3,NA,NA,15.8,TF,Fenced
3923,2025,A,4,Z3,NA,NA,15.9,TF,Fenced
3924,2025,A,4,Z1,U.mossambicensis,NA,13.3,TF,Fenced
3925,2025,A,4,Z1,Diheteropogon anplactence,NA,12.8,TF,Fenced
3926,2025,A,4,Z1,PH,NA,13.8,TF,Fenced
3927,2025,A,4,Z1,Heteropogon contortus,NA,12.2,TF,Fenced
3928,2025,A,4,Z1,E.G,NA,NA,TF,Fenced
3929,2025,A,4,Z1,PH,NA,36,TF,Fenced
3930,2025,A,4,Z1,NA,NA,37.4,TF,Fenced
3931,2025,A,4,Z1,NA,NA,37.2,TF,Fenced
3932,2025,A,4,Z1,NA,NA,31.4,TF,Fenced
3933,2025,A,4,Z1,Heteropogon contortus,NA,28.7,TF,Fenced
3934,2025,A,4,Z1,U.mossambicensis,NA,16.6,TF,Fenced
3935,2025,A,4,Z1,PH,NA,24.4,TF,Fenced
3936,2025,A,4,Z1,NA,NA,23.4,TF,Fenced
3937,2025,A,4,Z1,U.mossambicensis,NA,18.1,TF,Fenced
3938,2025,A,4,Z1,Andropogon eucomas,NA,21.1,TF,Fenced
3939,2025,A,4,Z1,PH,NA,24.2,TF,Fenced
3940,2025,A,4,Z1,NA,NA,18.2,TF,Fenced
3941,2025,A,4,Z2,Digitaria erianthra,NA,13.3,TF,Unfenced
3942,2025,A,4,Z2,Aristida ads,NA,18.5,TF,Unfenced
3943,2025,A,4,Z2,PH,NA,15.1,TF,Unfenced
3944,2025,A,4,Z2,NA,NA,15.2,TF,Unfenced
3945,2025,A,4,Z2,Hfili,NA,16.6,TF,Unfenced
3946,2025,A,4,Z2,CEx,NA,15.2,TF,Unfenced
3947,2025,A,4,Z2,Wireleaf,NA,13.3,TF,Unfenced
3948,2025,A,4,Z2,Heteropogon contortus,NA,13.6,TF,Unfenced
3949,2025,A,4,Z2,U.mossambicensis,NA,NA,TF,Unfenced
3950,2025,A,4,Z2,Setaria incressata,NA,13.4,TF,Unfenced
3951,2025,A,4,Z2,CEx,NA,14,TF,Unfenced
3952,2025,A,4,Z2,H.hirta,NA,15.1,TF,Unfenced
3953,2025,A,4,Z2,Heteropogon contortus,NA,15.9,TF,Unfenced
3954,2025,A,4,Z2,Diheteropogon anplactence,NA,NA,TF,Unfenced
3955,2025,A,4,Z2,Heteropogon contortus,NA,26.8,TF,Unfenced
3956,2025,A,4,Z2,Digitaria erianthra,NA,17.6,TF,Unfenced
3957,2025,A,4,Z2,NA,NA,16.8,TF,Unfenced
3958,2025,A,4,Z2,NA,NA,15.1,TF,Unfenced
3959,2025,A,4,Z2,Heteropogon contortus,NA,15.8,TF,Unfenced
3960,2025,A,4,Z2,Digitaria erianthra,NA,12.2,TF,Unfenced
3961,2025,A,4,Z2,Diheteropogon anplactence,NA,17.4,TF,Unfenced
3962,2025,A,4,Z2,Panicum maximum,NA,17.7,TF,Unfenced
3963,2025,A,4,Z4,U.mossambicensis,NA,20.3,TF,Unfenced
3964,2025,A,4,Z4,Digitaria erianthra,NA,16.9,TF,Unfenced
3965,2025,A,4,Z4,PH,NA,18.4,TF,Unfenced
3966,2025,A,4,Z4,Heteropogon contortus,NA,18,TF,Unfenced
3967,2025,A,4,Z4,Melenis repens,NA,NA,TF,Unfenced
3968,2025,A,4,Z4,PH,NA,24.8,TF,Unfenced
3969,2025,A,4,Z4,Heteropogon contortus,NA,23.7,TF,Unfenced
3970,2025,A,4,Z4,Digitaria erianthra,NA,21.8,TF,Unfenced
3971,2025,A,4,Z4,NA,NA,20.4,TF,Unfenced
3972,2025,A,4,Z4,Heteropogon contortus,NA,11.6,TF,Unfenced
3973,2025,A,4,Z4,E.S,NA,15.9,TF,Unfenced
3974,2025,A,4,Z4,ACC,NA,19.6,TF,Unfenced
3975,2025,A,4,Z4,NA,NA,8.4,TF,Unfenced
3976,2025,A,4,Z4,Heteropogon contortus,NA,11.5,TF,Unfenced
3977,2025,A,4,Z4,Digitaria erianthra,NA,14.9,TF,Unfenced
3978,2025,A,4,Z4,E.S,NA,15.4,TF,Unfenced
3979,2025,A,4,Z4,NA,NA,16.3,TF,Unfenced
3980,2025,A,4,Z4,U.mossambicensis,NA,22.1,TF,Unfenced
3981,2025,A,4,Z4,Digitaria erianthra,NA,19.4,TF,Unfenced
3982,2025,A,4,Z4,Heteropogon contortus,NA,18.3,TF,Unfenced
3983,2025,A,4,Z4,NA,NA,16.7,TF,Unfenced
3984,2025,E,4,Z3,E.curvula,NA,9.6,TFB,Fenced
3985,2025,E,4,Z3,Panicum maximum,NA,13.7,TFB,Fenced
3986,2025,E,4,Z3,Chloris virgata,NA,13.3,TFB,Fenced
3987,2025,E,4,Z3,D.gigantum,NA,13.4,TFB,Fenced
3988,2025,E,4,Z3,Setaria incressata,NA,NA,TFB,Fenced
3989,2025,E,4,Z3,Sporobolus africanus,NA,0,TFB,Fenced
3990,2025,E,4,Z3,NA,NA,0,TFB,Fenced
3991,2025,E,4,Z3,NA,NA,0,TFB,Fenced
3992,2025,E,4,Z3,NA,NA,1.6,TFB,Fenced
3993,2025,E,4,Z3,Heteropogon contortus,NA,11.4,TFB,Fenced
3994,2025,E,4,Z3,NA,NA,8.8,TFB,Fenced
3995,2025,E,4,Z3,NA,NA,0,TFB,Fenced
3996,2025,E,4,Z3,NA,NA,0,TFB,Fenced
3997,2025,E,4,Z3,Heteropogon contortus,NA,8.4,TFB,Fenced
3998,2025,E,4,Z3,Mopane grass,NA,6.2,TFB,Fenced
3999,2025,E,4,Z3,Setaria incressata,NA,7.8,TFB,Fenced
4000,2025,E,4,Z3,E.V,NA,0,TFB,Fenced
4001,2025,E,4,Z3,BB,NA,NA,TFB,Fenced
4002,2025,E,4,Z3,Heteropogon contortus,NA,3.3,TFB,Fenced
4003,2025,E,4,Z3,BB,NA,4.1,TFB,Fenced
4004,2025,E,4,Z3,E.G,NA,3.4,TFB,Fenced
4005,2025,E,4,Z3,E.V,NA,3.2,TFB,Fenced
4006,2025,E,4,Z1,Digitaria erianthra,NA,1.7,TFB,Fenced
4007,2025,E,4,Z1,Panicum maximum,NA,1.7,TFB,Fenced
4008,2025,E,4,Z1,E.V,NA,3.7,TFB,Fenced
4009,2025,E,4,Z1,E.G,NA,3.5,TFB,Fenced
4010,2025,E,4,Z1,Aristida ads,NA,2.5,TFB,Fenced
4011,2025,E,4,Z1,E.cylindriflora,NA,0,TFB,Fenced
4012,2025,E,4,Z1,Heteropogon contortus,NA,0,TFB,Fenced
4013,2025,E,4,Z1,NA,NA,2.3,TFB,Fenced
4014,2025,E,4,Z1,Heteropogon contortus,NA,4.4,TFB,Fenced
4015,2025,E,4,Z1,B.N,NA,7.5,TFB,Fenced
4016,2025,E,4,Z1,Panicum maximum,NA,6.9,TFB,Fenced
4017,2025,E,4,Z1,Setaria incressata,NA,7.6,TFB,Fenced
4018,2025,E,4,Z1,B.N,NA,11.7,TFB,Fenced
4019,2025,E,4,Z1,E.curvula,NA,8.2,TFB,Fenced
4020,2025,E,4,Z1,Panicum maximum,NA,13.1,TFB,Fenced
4021,2025,E,4,Z1,Setaria incressata,NA,37.2,TFB,Fenced
4022,2025,E,4,Z1,CEx,NA,15.5,TFB,Fenced
4023,2025,E,4,Z1,NA,NA,0,TFB,Fenced
4024,2025,E,4,Z1,NA,NA,0,TFB,Fenced
4025,2025,E,4,Z1,NA,NA,0,TFB,Fenced
4026,2025,E,4,Z2,E.V,NA,0,TFB,Unfenced
4027,2025,E,4,Z2,Panicum maximum,NA,2.1,TFB,Unfenced
4028,2025,E,4,Z2,E.G,NA,6.8,TFB,Unfenced
4029,2025,E,4,Z2,NA,NA,5.3,TFB,Unfenced
4030,2025,E,4,Z2,Heteropogon contortus,NA,2.9,TFB,Unfenced
4031,2025,E,4,Z2,NA,NA,2.9,TFB,Unfenced
4032,2025,E,4,Z2,NA,NA,0,TFB,Unfenced
4033,2025,E,4,Z2,NA,NA,0,TFB,Unfenced
4034,2025,E,4,Z2,Heteropogon contortus,NA,2.5,TFB,Unfenced
4035,2025,E,4,Z2,E.V,NA,2.2,TFB,Unfenced
4036,2025,E,4,Z2,Mopane grass,NA,0,TFB,Unfenced
4037,2025,E,4,Z2,NA,NA,4.5,TFB,Unfenced
4038,2025,E,4,Z2,Mopane grass,NA,4,TFB,Unfenced
4039,2025,E,4,Z2,NA,NA,4,TFB,Unfenced
4040,2025,E,4,Z2,NA,NA,0,TFB,Unfenced
4041,2025,E,4,Z2,NA,NA,0,TFB,Unfenced
4042,2025,E,4,Z2,Heteropogon contortus,NA,0,TFB,Unfenced
4043,2025,E,4,Z2,Setaria incressata,NA,0,TFB,Unfenced
4044,2025,E,4,Z2,Panicum maximum,NA,0,TFB,Unfenced
4045,2025,E,4,Z2,NA,NA,1.6,TFB,Unfenced
4046,2025,E,4,Z4,Heteropogon contortus,NA,8.6,TFB,Unfenced
4047,2025,E,4,Z4,CEx,NA,8,TFB,Unfenced
4048,2025,E,4,Z4,NA,NA,13.5,TFB,Unfenced
4049,2025,E,4,Z4,NA,NA,15.9,TFB,Unfenced
4050,2025,E,4,Z4,Panicum maximum,NA,13.7,TFB,Unfenced
4051,2025,E,4,Z4,Heteropogon contortus,NA,3.3,TFB,Unfenced
4052,2025,E,4,Z4,NA,NA,3.2,TFB,Unfenced
4053,2025,E,4,Z4,NA,NA,3.7,TFB,Unfenced
4054,2025,E,4,Z4,E.curvula,NA,2.1,TFB,Unfenced
4055,2025,E,4,Z4,Panicum maximum,NA,2.2,TFB,Unfenced
4056,2025,E,4,Z4,B.N,NA,2.7,TFB,Unfenced
4057,2025,E,4,Z4,Chloris virgata,NA,2.1,TFB,Unfenced
4058,2025,E,4,Z4,B.N,NA,5,TFB,Unfenced
4059,2025,E,4,Z4,Panicum maximum,NA,12.6,TFB,Unfenced
4060,2025,E,4,Z4,E.V,NA,12.5,TFB,Unfenced
4061,2025,E,4,Z4,Mopane grass,NA,12.5,TFB,Unfenced
4062,2025,E,4,Z4,Heteropogon contortus,NA,5.1,TFB,Unfenced
4063,2025,E,4,Z4,NA,NA,5.6,TFB,Unfenced
4064,2025,E,4,Z4,NA,NA,4.3,TFB,Unfenced
4065,2025,E,4,Z4,NA,NA,5,TFB,Unfenced
4066,2025,E,3,Z1,E.curvula,NA,2.1,F,Fenced
4067,2025,E,3,Z1,NA,NA,0,F,Fenced
4068,2025,E,3,Z1,NA,NA,0,F,Fenced
4069,2025,E,3,Z1,NA,NA,0,F,Fenced
4070,2025,E,3,Z1,Heteropogon contortus,NA,2.3,F,Fenced
4071,2025,E,3,Z1,E.V,NA,2.6,F,Fenced
4072,2025,E,3,Z1,B.N,NA,2.8,F,Fenced
4073,2025,E,3,Z1,Setaria incressata,NA,5.3,F,Fenced
4074,2025,E,3,Z1,Heteropogon contortus,NA,14.8,F,Fenced
4075,2025,E,3,Z1,Digitaria erianthra,NA,10.6,F,Fenced
4076,2025,E,3,Z1,NA,NA,9.8,F,Fenced
4077,2025,E,3,Z1,NA,NA,8.5,F,Fenced
4078,2025,E,3,Z1,Heteropogon contortus,NA,2.7,F,Fenced
4079,2025,E,3,Z1,Panicum maximum,NA,3.4,F,Fenced
4080,2025,E,3,Z1,E.G,NA,2.9,F,Fenced
4081,2025,E,3,Z1,NA,NA,4.1,F,Fenced
4082,2025,E,3,Z1,E.cylindriflora,NA,2,F,Fenced
4083,2025,E,3,Z1,Heteropogon contortus,NA,2,F,Fenced
4084,2025,E,3,Z1,Chloris virgata,NA,0,F,Fenced
4085,2025,E,3,Z1,NA,NA,0,F,Fenced
4086,2025,E,3,Z3,Heteropogon contortus,NA,2.9,F,Fenced
4087,2025,E,3,Z3,CEx,NA,3.6,F,Fenced
4088,2025,E,3,Z3,NA,NA,0,F,Fenced
4089,2025,E,3,Z3,NA,NA,4.2,F,Fenced
4090,2025,E,3,Z3,Aristida congesta B,NA,10.1,F,Fenced
4091,2025,E,3,Z3,Heteropogon contortus,NA,6.3,F,Fenced
4092,2025,E,3,Z3,E.R,NA,4.5,F,Fenced
4093,2025,E,3,Z3,E.V,NA,5.6,F,Fenced
4094,2025,E,3,Z3,E.cylindriflora,NA,NA,F,Fenced
4095,2025,E,3,Z3,E.G,NA,NA,F,Fenced
4096,2025,E,3,Z3,Mopane grass,NA,NA,F,Fenced
4097,2025,E,3,Z3,Heteropogon contortus,NA,3.7,F,Fenced
4098,2025,E,3,Z3,E.G,NA,9.1,F,Fenced
4099,2025,E,3,Z3,NA,NA,5.2,F,Fenced
4100,2025,E,3,Z3,NA,NA,0,F,Fenced
4101,2025,E,3,Z3,B.N,NA,13.5,F,Fenced
4102,2025,E,3,Z3,Heteropogon contortus,NA,10.5,F,Fenced
4103,2025,E,3,Z3,NA,NA,11,F,Fenced
4104,2025,E,3,Z3,NA,NA,0,F,Fenced
4105,2025,E,3,Z3,E.S,NA,10.4,F,Fenced
4106,2025,E,3,Z3,E.V,NA,6.1,F,Fenced
4107,2025,E,3,Z3,ECurv,NA,0,F,Fenced
4108,2025,E,3,Z3,Chloris virgata,NA,9.2,F,Fenced
4109,2025,E,3,Z3,E.G,NA,NA,F,Fenced
4110,2025,E,3,Z4,B.N,NA,9.2,F,Unfenced
4111,2025,E,3,Z4,E.R,NA,7.1,F,Unfenced
4112,2025,E,3,Z4,NA,NA,0,F,Unfenced
4113,2025,E,3,Z4,NA,NA,0,F,Unfenced
4114,2025,E,3,Z4,Mopane grass,NA,1.7,F,Unfenced
4115,2025,E,3,Z4,Heteropogon contortus,NA,2.7,F,Unfenced
4116,2025,E,3,Z4,E.R,NA,10.2,F,Unfenced
4117,2025,E,3,Z4,NA,NA,1.9,F,Unfenced
4118,2025,E,3,Z4,Heteropogon contortus,NA,2.5,F,Unfenced
4119,2025,E,3,Z4,Aristida ads,NA,0,F,Unfenced
4120,2025,E,3,Z4,NA,NA,0,F,Unfenced
4121,2025,E,3,Z4,NA,NA,0,F,Unfenced
4122,2025,E,3,Z4,Heteropogon contortus,NA,2.2,F,Unfenced
4123,2025,E,3,Z4,E.V,NA,2.4,F,Unfenced
4124,2025,E,3,Z4,E.G,NA,2.1,F,Unfenced
4125,2025,E,3,Z4,NA,NA,2.8,F,Unfenced
4126,2025,E,3,Z4,Panicum maximum,NA,3.1,F,Unfenced
4127,2025,E,3,Z4,Cymbopogon nardus,NA,3,F,Unfenced
4128,2025,E,3,Z4,B.N,NA,4.4,F,Unfenced
4129,2025,E,3,Z4,NA,NA,4.5,F,Unfenced
4130,2025,E,3,Z2,NA,NA,0,F,Unfenced
4131,2025,E,3,Z2,NA,NA,0,F,Unfenced
4132,2025,E,3,Z2,NA,NA,0,F,Unfenced
4133,2025,E,3,Z2,NA,NA,0,F,Unfenced
4134,2025,E,3,Z2,Diheteropogon anplactence,NA,3.1,F,Unfenced
4135,2025,E,3,Z2,Panicum maximum,NA,3.5,F,Unfenced
4136,2025,E,3,Z2,NA,NA,4.8,F,Unfenced
4137,2025,E,3,Z2,NA,NA,3.1,F,Unfenced
4138,2025,E,3,Z2,Heteropogon contortus,NA,8.1,F,Unfenced
4139,2025,E,3,Z2,B.N,NA,4.9,F,Unfenced
4140,2025,E,3,Z2,E.G,NA,4.2,F,Unfenced
4141,2025,E,3,Z2,E.V,NA,0,F,Unfenced
4142,2025,E,3,Z2,Mopane grass,NA,23,F,Unfenced
4143,2025,E,3,Z2,Digitaria erianthra,NA,13.5,F,Unfenced
4144,2025,E,3,Z2,Heteropogon contortus,NA,10.2,F,Unfenced
4145,2025,E,3,Z2,NA,NA,0,F,Unfenced
4146,2025,E,3,Z2,ECurv,NA,2.6,F,Unfenced
4147,2025,E,3,Z2,B.N,NA,2.1,F,Unfenced
4148,2025,E,3,Z2,NA,NA,2.1,F,Unfenced
4149,2025,E,3,Z2,NA,NA,2.1,F,Unfenced
4150,2025,E,2,Z3,Aristida diffusa,NA,7,TF,Fenced
4151,2025,E,2,Z3,E.R,NA,1.4,TF,Fenced
4152,2025,E,2,Z3,Panicum maximum,NA,1.5,TF,Fenced
4153,2025,E,2,Z3,NA,NA,1.8,TF,Fenced
4154,2025,E,2,Z3,Heteropogon contortus,NA,2.7,TF,Fenced
4155,2025,E,2,Z3,Panicum maximum,NA,3.4,TF,Fenced
4156,2025,E,2,Z3,NA,NA,0,TF,Fenced
4157,2025,E,2,Z3,NA,NA,0,TF,Fenced
4158,2025,E,2,Z3,E.V,NA,5.3,TF,Fenced
4159,2025,E,2,Z3,Aristida ads,NA,8.3,TF,Fenced
4160,2025,E,2,Z3,Panicum maximum,NA,10,TF,Fenced
4161,2025,E,2,Z3,NA,NA,9.4,TF,Fenced
4162,2025,E,2,Z3,Panicum maximum,NA,6.9,TF,Fenced
4163,2025,E,2,Z3,NA,NA,2.5,TF,Fenced
4164,2025,E,2,Z3,NA,NA,6.2,TF,Fenced
4165,2025,E,2,Z3,NA,NA,2.5,TF,Fenced
4166,2025,E,2,Z3,Mopane grass,NA,14.1,TF,Fenced
4167,2025,E,2,Z3,Panicum maximum,NA,14.4,TF,Fenced
4168,2025,E,2,Z3,NA,NA,18.1,TF,Fenced
4169,2025,E,2,Z3,NA,NA,19.8,TF,Fenced
4170,2025,E,2,Z1,Panicum maximum,NA,4.9,TF,Fenced
4171,2025,E,2,Z1,Mopane grass,NA,3.5,TF,Fenced
4172,2025,E,2,Z1,Heteropogon contortus,NA,7.1,TF,Fenced
4173,2025,E,2,Z1,E.V,NA,5.4,TF,Fenced
4174,2025,E,2,Z1,Panicum maximum,NA,4.6,TF,Fenced
4175,2025,E,2,Z1,NA,NA,16.8,TF,Fenced
4176,2025,E,2,Z1,NA,NA,12.4,TF,Fenced
4177,2025,E,2,Z1,NA,NA,9.7,TF,Fenced
4178,2025,E,2,Z1,Panicum maximum,NA,19.1,TF,Fenced
4179,2025,E,2,Z1,Mopane grass,NA,14.7,TF,Fenced
4180,2025,E,2,Z1,E.V,NA,11.6,TF,Fenced
4181,2025,E,2,Z1,NA,NA,11.6,TF,Fenced
4182,2025,E,2,Z1,Panicum maximum,NA,7.3,TF,Fenced
4183,2025,E,2,Z1,ECurv,NA,5.6,TF,Fenced
4184,2025,E,2,Z1,NA,NA,5.3,TF,Fenced
4185,2025,E,2,Z1,NA,NA,6.1,TF,Fenced
4186,2025,E,2,Z1,Panicum maximum,NA,5.4,TF,Fenced
4187,2025,E,2,Z1,ECurv,NA,5.3,TF,Fenced
4188,2025,E,2,Z1,Chloris virgata,NA,23.7,TF,Fenced
4189,2025,E,2,Z1,NA,NA,18.9,TF,Fenced
4190,2025,E,2,Z4,Mopane grass,NA,3.4,TF,Unfenced
4191,2025,E,2,Z4,E.R,NA,2.6,TF,Unfenced
4192,2025,E,2,Z4,B.N,NA,5,TF,Unfenced
4193,2025,E,2,Z4,NA,NA,4.5,TF,Unfenced
4194,2025,E,2,Z4,Heteropogon contortus,NA,2.3,TF,Unfenced
4195,2025,E,2,Z4,CEx,NA,5.2,TF,Unfenced
4196,2025,E,2,Z4,E.G,NA,4.2,TF,Unfenced
4197,2025,E,2,Z4,NA,NA,4.4,TF,Unfenced
4198,2025,E,2,Z4,Panicum maximum,NA,6,TF,Unfenced
4199,2025,E,2,Z4,Heteropogon contortus,NA,11.9,TF,Unfenced
4200,2025,E,2,Z4,Mopane grass,NA,10.3,TF,Unfenced
4201,2025,E,2,Z4,Setaria incressata,NA,11.9,TF,Unfenced
4202,2025,E,2,Z4,E.R,NA,4,TF,Unfenced
4203,2025,E,2,Z4,Heteropogon contortus,NA,3.5,TF,Unfenced
4204,2025,E,2,Z4,Panicum maximum,NA,3.4,TF,Unfenced
4205,2025,E,2,Z4,NA,NA,3.8,TF,Unfenced
4206,2025,E,2,Z4,Mopane grass,NA,13.3,TF,Unfenced
4207,2025,E,2,Z4,Heteropogon contortus,NA,10.7,TF,Unfenced
4208,2025,E,2,Z4,Panicum maximum,NA,10,TF,Unfenced
4209,2025,E,2,Z4,NA,NA,12.4,TF,Unfenced
4210,2025,E,2,Z2,Heteropogon contortus,NA,11.9,TF,Unfenced
4211,2025,E,2,Z2,Diheteropogon anplactence,NA,11.5,TF,Unfenced
4212,2025,E,2,Z2,NA,NA,8.5,TF,Unfenced
4213,2025,E,2,Z2,NA,NA,9.4,TF,Unfenced
4214,2025,E,2,Z2,Mopane grass,NA,23.3,TF,Unfenced
4215,2025,E,2,Z2,Heteropogon contortus,NA,17.2,TF,Unfenced
4216,2025,E,2,Z2,NA,NA,14.7,TF,Unfenced
4217,2025,E,2,Z2,NA,NA,13.7,TF,Unfenced
4218,2025,E,2,Z2,Heteropogon contortus,NA,3.3,TF,Unfenced
4219,2025,E,2,Z2,ECurv,NA,2.9,TF,Unfenced
4220,2025,E,2,Z2,NA,NA,2.4,TF,Unfenced
4221,2025,E,2,Z2,NA,NA,3.8,TF,Unfenced
4222,2025,E,2,Z2,Panicum maximum,NA,2,TF,Unfenced
4223,2025,E,2,Z2,Mopane grass,NA,2.8,TF,Unfenced
4224,2025,E,2,Z2,BB,NA,6.3,TF,Unfenced
4225,2025,E,2,Z2,NA,NA,7,TF,Unfenced
4226,2025,E,2,Z2,Panicum maximum,NA,2.6,TF,Unfenced
4227,2025,E,2,Z2,Aristida ads,NA,5.6,TF,Unfenced
4228,2025,E,2,Z2,Mopane grass,NA,2.9,TF,Unfenced
4229,2025,E,2,Z2,NA,NA,4.6,TF,Unfenced
4230,2025,C,1,Z2,NA,NA,4.5,C,Fenced
4231,2025,C,1,Z2,NA,NA,3.6,C,Fenced
4232,2025,C,1,Z2,NA,NA,3.6,C,Fenced
4233,2025,C,1,Z1,B.N,NA,5.2,C,Fenced
4234,2025,C,1,Z1,Panicum maximum,NA,5.2,C,Fenced
4235,2025,C,1,Z1,NA,NA,4.8,C,Fenced
4236,2025,C,1,Z1,NA,NA,5.2,C,Fenced
4237,2025,C,1,Z1,Pogonarthria squarrosa,NA,1.7,C,Fenced
4238,2025,C,1,Z1,NA,NA,1.7,C,Fenced
4239,2025,C,1,Z1,NA,NA,1.7,C,Fenced
4240,2025,C,1,Z1,NA,NA,1.7,C,Fenced
4241,2025,C,1,Z1,Pogonarthria squarrosa,NA,16.3,C,Fenced
4242,2025,C,1,Z1,Digitaria erianthra,NA,13.1,C,Fenced
4243,2025,C,1,Z1,NA,NA,10.8,C,Fenced
4244,2025,C,1,Z1,NA,NA,9.4,C,Fenced
4245,2025,C,1,Z1,Setaria incressata,NA,6.8,C,Fenced
4246,2025,C,1,Z1,Digitaria erianthra,NA,6,C,Fenced
4247,2025,C,1,Z1,Pogonarthria squarrosa,NA,5,C,Fenced
4248,2025,C,1,Z1,Heteropogon contortus,NA,4.7,C,Fenced
4249,2025,C,1,Z1,Setaria incressata,NA,4,C,Fenced
4250,2025,C,1,Z1,Melenis repens,NA,5.3,C,Fenced
4251,2025,C,1,Z1,Heteropogon contortus,NA,4.5,C,Fenced
4252,2025,C,1,Z1,NA,NA,5.2,C,Fenced
4253,2025,C,1,Z3,Aristida ads,NA,4.3,C,Unfenced
4254,2025,C,1,Z3,Digitaria erianthra,NA,4.2,C,Unfenced
4255,2025,C,1,Z3,Pogonarthria squarrosa,NA,4.2,C,Unfenced
4256,2025,C,1,Z3,Heteropogon contortus,NA,4.7,C,Unfenced
4257,2025,C,1,Z3,Setaria incressata,NA,2.2,C,Unfenced
4258,2025,C,1,Z3,E.G,NA,2.2,C,Unfenced
4259,2025,C,1,Z3,NA,NA,2.2,C,Unfenced
4260,2025,C,1,Z3,NA,NA,0,C,Unfenced
4261,2025,C,1,Z3,Heteropogon contortus,NA,5.2,C,Unfenced
4262,2025,C,1,Z3,Setaria incressata,NA,6.5,C,Unfenced
4263,2025,C,1,Z3,D. velutina,NA,6.7,C,Unfenced
4264,2025,C,1,Z3,NA,NA,6.7,C,Unfenced
4265,2025,C,1,Z3,Digitaria erianthra,NA,2.7,C,Unfenced
4266,2025,C,1,Z3,Panicum maximum,NA,3.5,C,Unfenced
4267,2025,C,1,Z3,E.G,NA,3.5,C,Unfenced
4268,2025,C,1,Z3,Pogonarthria squarrosa,NA,3.3,C,Unfenced
4269,2025,C,1,Z3,Setaria incressata,NA,NA,C,Unfenced
4270,2025,C,1,Z1,Aristida ads,NA,1.8,C,Fenced
4271,2025,C,1,Z1,Setaria incressata,NA,1.8,C,Fenced
4272,2025,C,1,Z1,NA,NA,1.8,C,Fenced
4273,2025,C,1,Z1,NA,NA,2.2,C,Fenced
4274,2025,C,1,Z4,Setaria incressata,NA,3.8,C,Unfenced
4275,2025,C,1,Z4,Digitaria erianthra,NA,3.7,C,Unfenced
4276,2025,C,1,Z4,NA,NA,3.6,C,Unfenced
4277,2025,C,1,Z4,NA,NA,5.4,C,Unfenced
4278,2025,C,1,Z4,Aristida ads,NA,4.7,C,Unfenced
4279,2025,C,1,Z4,Setaria incressata,NA,4.4,C,Unfenced
4280,2025,C,1,Z4,E.G,NA,4,C,Unfenced
4281,2025,C,1,Z4,Pogonarthria squarrosa,NA,3.8,C,Unfenced
4282,2025,C,1,Z4,Heteropogon contortus,NA,5.8,C,Unfenced
4283,2025,C,1,Z4,Digitaria erianthra,NA,2.7,C,Unfenced
4284,2025,C,1,Z4,NA,NA,4.5,C,Unfenced
4285,2025,C,1,Z4,NA,NA,4.5,C,Unfenced
4286,2025,C,1,Z4,Panicum maximum,NA,8.6,C,Unfenced
4287,2025,C,1,Z4,Heteropogon contortus,NA,7.8,C,Unfenced
4288,2025,C,1,Z4,NA,NA,8,C,Unfenced
4289,2025,C,1,Z4,NA,NA,9.8,C,Unfenced
4290,2025,C,1,Z4,Panicum maximum,NA,2.4,C,Unfenced
4291,2025,C,1,Z4,Aristida ads,NA,2.5,C,Unfenced
4292,2025,C,1,Z4,Digitaria erianthra,NA,0,C,Unfenced
4293,2025,C,1,Z4,Setaria incressata,NA,2.5,C,Unfenced
4294,2025,D,1,Z2,E.V,NA,3.1,C,Unfenced
4295,2025,D,1,Z2,Chloris virgata,NA,4.8,C,Unfenced
4296,2025,D,1,Z2,E.R,NA,4.6,C,Unfenced
4297,2025,D,1,Z2,Digitaria erianthra,NA,4.8,C,Unfenced
4298,2025,D,1,Z2,E.S,NA,9.7,C,Unfenced
4299,2025,D,1,Z2,Mopane grass,NA,18.6,C,Unfenced
4300,2025,D,1,Z2,BB,NA,16.6,C,Unfenced
4301,2025,D,1,Z2,Setaria incressata,NA,14.3,C,Unfenced
4302,2025,D,1,Z2,Mopane grass,NA,11.8,C,Unfenced
4303,2025,D,1,Z2,BB,NA,10.9,C,Unfenced
4304,2025,D,1,Z2,Chloris virgata,NA,10.6,C,Unfenced
4305,2025,D,1,Z2,NA,NA,9.8,C,Unfenced
4306,2025,D,1,Z2,BB,NA,12.5,C,Unfenced
4307,2025,D,1,Z2,Setaria incressata,NA,9.3,C,Unfenced
4308,2025,D,1,Z2,Panicum maximum,NA,7.2,C,Unfenced
4309,2025,D,1,Z2,Chloris virgata,NA,9.4,C,Unfenced
4310,2025,D,1,Z2,Themeda triandra,NA,9,C,Unfenced
4311,2025,D,1,Z2,Heteropogon contortus,NA,9.8,C,Unfenced
4312,2025,E,5,Z3,E.R,NA,3.5,THF,Fenced
4313,2025,E,5,Z3,Digitaria erianthra,NA,4.2,THF,Fenced
4314,2025,E,5,Z3,Diheteropogon anplactence,NA,4.2,THF,Fenced
4315,2025,E,5,Z3,E.V,NA,4.1,THF,Fenced
4316,2025,E,5,Z3,Heteropogon contortus,NA,6.8,THF,Fenced
4317,2025,E,5,Z3,BB,NA,4.7,THF,Fenced
4318,2025,E,5,Z3,NA,NA,3.9,THF,Fenced
4319,2025,E,5,Z3,NA,NA,3.5,THF,Fenced
4320,2025,E,5,Z3,E.V,NA,0,THF,Fenced
4321,2025,E,5,Z3,NA,NA,0,THF,Fenced
4322,2025,E,5,Z3,NA,NA,2.3,THF,Fenced
4323,2025,E,5,Z3,NA,NA,2.6,THF,Fenced
4324,2025,E,5,Z3,Themeda triandra,NA,3.2,THF,Fenced
4325,2025,E,5,Z3,Digitaria erianthra,NA,6.3,THF,Fenced
4326,2025,E,5,Z3,BB,NA,8.7,THF,Fenced
4327,2025,E,5,Z3,E.G,NA,9.6,THF,Fenced
4328,2025,E,5,Z3,Mopane grass,NA,4.6,THF,Fenced
4329,2025,E,5,Z3,Heteropogon contortus,NA,3.2,THF,Fenced
4330,2025,E,5,Z3,E.V,NA,6.6,THF,Fenced
4331,2025,E,5,Z3,Aristida ads,NA,5.6,THF,Fenced
4332,2025,E,5,Z1,Digitaria erianthra,NA,6,THF,Fenced
4333,2025,E,5,Z1,P. squarrossa,NA,7.1,THF,Fenced
4334,2025,E,5,Z1,Panicum maximum,NA,7.3,THF,Fenced
4335,2025,E,5,Z1,Heteropogon contortus,NA,10.1,THF,Fenced
4336,2025,E,5,Z1,E.G,NA,NA,THF,Fenced
4337,2025,E,5,Z1,CEx,NA,26.2,THF,Fenced
4338,2025,E,5,Z1,E.R,NA,23.9,THF,Fenced
4339,2025,E,5,Z1,Heteropogon contortus,NA,19.8,THF,Fenced
4340,2025,E,5,Z1,Panicum maximum,NA,17.3,THF,Fenced
4341,2025,E,5,Z1,BB,NA,NA,THF,Fenced
4342,2025,E,5,Z1,Heteropogon contortus,NA,4.4,THF,Fenced
4343,2025,E,5,Z1,Digitaria erianthra,NA,6,THF,Fenced
4344,2025,E,5,Z1,Aristida ads,NA,9.2,THF,Fenced
4345,2025,E,5,Z1,E.G,NA,8,THF,Fenced
4346,2025,E,5,Z1,Heteropogon contortus,NA,3.9,THF,Fenced
4347,2025,E,5,Z1,E.R,NA,14.4,THF,Fenced
4348,2025,E,5,Z1,Digitaria erianthra,NA,6.3,THF,Fenced
4349,2025,E,5,Z1,NA,NA,9.6,THF,Fenced
4350,2025,E,5,Z1,Mopane grass,NA,6.1,THF,Fenced
4351,2025,E,5,Z1,NA,NA,6.7,THF,Fenced
4352,2025,E,5,Z1,NA,NA,5.5,THF,Fenced
4353,2025,E,5,Z1,NA,NA,5.3,THF,Fenced
4354,2025,E,5,Z4,Heteropogon contortus,NA,6.1,THF,Unfenced
4355,2025,E,5,Z4,Themeda triandra,NA,5.5,THF,Unfenced
4356,2025,E,5,Z4,Mopane grass,NA,0,THF,Unfenced
4357,2025,E,5,Z4,NA,NA,6.4,THF,Unfenced
4358,2025,E,5,Z4,B.N,NA,7.6,THF,Unfenced
4359,2025,E,5,Z4,E.S,NA,8.4,THF,Unfenced
4360,2025,E,5,Z4,Pogonarthria squarrosa,NA,7.4,THF,Unfenced
4361,2025,E,5,Z4,NA,NA,6.5,THF,Unfenced
4362,2025,E,5,Z4,Mopane grass,NA,6.4,THF,Unfenced
4363,2025,E,5,Z4,B.N,NA,0,THF,Unfenced
4364,2025,E,5,Z4,Heteropogon contortus,NA,0,THF,Unfenced
4365,2025,E,5,Z4,NA,NA,13.7,THF,Unfenced
4366,2025,E,5,Z4,Mopane grass,NA,19.8,THF,Unfenced
4367,2025,E,5,Z4,Aristida ads,NA,13.9,THF,Unfenced
4368,2025,E,5,Z4,NA,NA,0,THF,Unfenced
4369,2025,E,5,Z4,NA,NA,2.7,THF,Unfenced
4370,2025,E,5,Z4,CEx,NA,2.7,THF,Unfenced
4371,2025,E,5,Z4,Heteropogon contortus,NA,8.7,THF,Unfenced
4372,2025,E,5,Z4,B.N,NA,10.7,THF,Unfenced
4373,2025,E,5,Z4,Sporobolus africanus,NA,10.3,THF,Unfenced
4374,2025,E,5,Z4,Digitaria erianthra,NA,NA,THF,Unfenced
4375,2025,E,5,Z2,Heteropogon contortus,NA,16.1,THF,Unfenced
4376,2025,E,5,Z2,BB,NA,10.4,THF,Unfenced
4377,2025,E,5,Z2,NA,NA,8.6,THF,Unfenced
4378,2025,E,5,Z2,NA,NA,10.1,THF,Unfenced
4379,2025,E,5,Z2,Themeda triandra,NA,12.3,THF,Unfenced
4380,2025,E,5,Z2,Heteropogon contortus,NA,26,THF,Unfenced
4381,2025,E,5,Z2,NA,NA,23.7,THF,Unfenced
4382,2025,E,5,Z2,NA,NA,21.9,THF,Unfenced
4383,2025,E,5,Z2,ACC,NA,5,THF,Unfenced
4384,2025,E,5,Z2,Heteropogon contortus,NA,6.7,THF,Unfenced
4385,2025,E,5,Z2,E.R,NA,9.6,THF,Unfenced
4386,2025,E,5,Z2,Mopane grass,NA,8.8,THF,Unfenced
4387,2025,E,5,Z2,BB,NA,39.2,THF,Unfenced
4388,2025,E,5,Z2,CEx,NA,35.1,THF,Unfenced
4389,2025,E,5,Z2,E.S,NA,8,THF,Unfenced
4390,2025,E,5,Z2,NA,NA,39,THF,Unfenced
4391,2025,E,5,Z2,Heteropogon contortus,NA,4.3,THF,Unfenced
4392,2025,E,5,Z2,Mopane grass,NA,3,THF,Unfenced
4393,2025,E,5,Z2,CEx,NA,3,THF,Unfenced
4394,2025,E,5,Z2,NA,NA,3.4,THF,Unfenced
4395,2025,D,1,Z2,Panicum maximum,NA,10.6,C,Unfenced
4396,2025,D,1,Z2,Aristida ads,NA,11.3,C,Unfenced
4397,2025,D,1,Z2,Setaria incressata,NA,NA,C,Unfenced
4398,2025,D,1,Z2,BB,NA,NA,C,Unfenced
4399,2025,D,1,Z4,Aristida ads,NA,11.8,C,Unfenced
4400,2025,D,1,Z4,E.R,NA,8.8,C,Unfenced
4401,2025,D,1,Z4,Mopane grass,NA,7.6,C,Unfenced
4402,2025,D,1,Z4,Panicum maximum,NA,7.6,C,Unfenced
4403,2025,D,1,Z4,E.C,NA,NA,C,Unfenced
4404,2025,D,1,Z4,Heteropogon contortus,NA,5,C,Unfenced
4405,2025,D,1,Z4,Diheteropogon anplactence,NA,11.8,C,Unfenced
4406,2025,D,1,Z4,E.V,NA,11.4,C,Unfenced
4407,2025,D,1,Z4,Pogonarthria squarrosa,NA,11.2,C,Unfenced
4408,2025,D,1,Z4,BB,NA,NA,C,Unfenced
4409,2025,D,1,Z4,Digitaria erianthra,NA,NA,C,Unfenced
4410,2025,D,1,Z4,Chloris virgata,NA,3.7,C,Unfenced
4411,2025,D,1,Z4,E.V,NA,4.9,C,Unfenced
4412,2025,D,1,Z4,Setaria incressata,NA,5.8,C,Unfenced
4413,2025,D,1,Z4,EG,NA,5.7,C,Unfenced
4414,2025,D,1,Z4,Panicum maximum,NA,NA,C,Unfenced
4415,2025,D,1,Z4,Heteropogon contortus,NA,33.9,C,Unfenced
4416,2025,D,1,Z4,Setaria incressata,NA,25,C,Unfenced
4417,2025,D,1,Z4,E.V,NA,19.9,C,Unfenced
4418,2025,D,1,Z4,BB,NA,16.3,C,Unfenced
4419,2025,D,1,Z4,Heteropogon contortus,NA,8.1,C,Unfenced
4420,2025,D,1,Z4,E.R,NA,8.1,C,Unfenced
4421,2025,D,1,Z4,Setaria incressata,NA,7,C,Unfenced
4422,2025,D,1,Z4,E.V,NA,7.7,C,Unfenced
4423,2025,D,1,Z4,E.C,NA,NA,C,Unfenced
4424,2025,D,1,Z4,Panicum maximum,NA,NA,C,Unfenced
4425,2025,D,1,Z4,BB,NA,NA,C,Unfenced
4426,2025,D,1,Z3,Mopane grass,NA,3,C,Fenced
4427,2025,D,1,Z3,E.C,NA,3.3,C,Fenced
4428,2025,D,1,Z3,Setaria incressata,NA,4.9,C,Fenced
4429,2025,D,1,Z3,Aristida ads,NA,7.2,C,Fenced
4430,2025,D,1,Z3,Heteropogon contortus,NA,6.8,C,Fenced
4431,2025,D,1,Z3,Chloris virgata,NA,6.8,C,Fenced
4432,2025,D,1,Z3,BS,NA,4.5,C,Fenced
4433,2025,D,1,Z3,NA,NA,4.5,C,Fenced
4434,2025,D,1,Z3,AD,NA,10.9,C,Fenced
4435,2025,D,1,Z3,Aristida ads,NA,8.5,C,Fenced
4436,2025,D,1,Z3,Setaria incressata,NA,9.2,C,Fenced
4437,2025,D,1,Z3,BB,NA,10.3,C,Fenced
4438,2025,D,1,Z3,Heteropogon contortus,NA,NA,C,Fenced
4439,2025,D,1,Z3,Aristida ads,NA,6,C,Fenced
4440,2025,D,1,Z3,Chloris virgata,NA,5.1,C,Fenced
4441,2025,D,1,Z3,AD,NA,0,C,Fenced
4442,2025,D,1,Z3,BB,NA,4.5,C,Fenced
4443,2025,D,1,Z3,Mopane grass,NA,4.4,C,Fenced
4444,2025,D,1,Z3,Chloris virgata,NA,4.2,C,Fenced
4445,2025,D,1,Z3,Setaria incressata,NA,4.3,C,Fenced
4446,2025,D,1,Z3,Panicum maximum,NA,5.2,C,Fenced
4447,2025,D,1,Z3,ECurv,NA,NA,C,Fenced
4448,2025,D,1,Z1,Setaria incressata,NA,8.7,C,Fenced
4449,2025,D,1,Z1,BB,NA,8,C,Fenced
4450,2025,D,1,Z1,E.R,NA,9.6,C,Fenced
4451,2025,D,1,Z1,E.V,NA,9.4,C,Fenced
4452,2025,D,1,Z1,E.C,NA,NA,C,Fenced
4453,2025,D,1,Z1,Chloris virgata,NA,NA,C,Fenced
4454,2025,D,1,Z1,ECurv,NA,6.6,C,Fenced
4455,2025,D,1,Z1,E.R,NA,6.8,C,Fenced
4456,2025,D,1,Z1,E.V,NA,6.2,C,Fenced
4457,2025,D,1,Z1,Chloris virgata,NA,7,C,Fenced
4458,2025,D,1,Z1,Perotis petens,NA,NA,C,Fenced
4459,2025,D,1,Z1,E.V,NA,6.8,C,Fenced
4460,2025,D,1,Z1,Chloris virgata,NA,5.3,C,Fenced
4461,2025,D,1,Z1,Panicum maximum,NA,5.2,C,Fenced
4462,2025,D,1,Z1,Pogonarthria squarrosa,NA,5.7,C,Fenced
4463,2025,D,1,Z1,BB,NA,NA,C,Fenced
4464,2025,D,1,Z1,Heteropogon contortus,NA,NA,C,Fenced
4465,2025,D,1,Z1,Aristida ads,NA,NA,C,Fenced
4466,2025,D,1,Z1,BB,NA,4.1,C,Fenced
4467,2025,D,1,Z1,Panicum maximum,NA,4.1,C,Fenced
4468,2025,D,1,Z1,D.E,NA,6.1,C,Fenced
4469,2025,D,1,Z1,Mopane grass,NA,6.2,C,Fenced
4470,2025,D,1,Z1,Mopane grass,NA,34.7,C,Fenced
4471,2025,D,1,Z1,E.R,NA,25.4,C,Fenced
4472,2025,D,1,Z1,Setaria incressata,NA,20.3,C,Fenced
4473,2025,D,1,Z1,Diheteropogon anplactence,NA,15,C,Fenced
4474,2025,D,1,Z1,Aristida ads,NA,15,C,Fenced
4475,2025,D,1,Z1,Chloris virgata,NA,NA,C,Fenced
4476,2025,D,1,Z3,BB,NA,NA,C,Fenced
4477,2025,E,1,Z1,Panicum maximum,NA,6.4,C,Fenced
4478,2025,E,1,Z1,Heteropogon contortus,NA,4.8,C,Fenced
4479,2025,E,1,Z1,BB,NA,4.7,C,Fenced
4480,2025,E,1,Z1,Digitaria erianthra,NA,5.3,C,Fenced
4481,2025,E,1,Z1,Mopane grass,NA,NA,C,Fenced
4482,2025,E,1,Z1,Aristida ads,NA,0,C,Fenced
4483,2025,E,1,Z1,E.cylindriflora,NA,3.5,C,Fenced
4484,2025,E,1,Z1,Heteropogon contortus,NA,0,C,Fenced
4485,2025,E,1,Z1,NA,NA,2.9,C,Fenced
4486,2025,E,1,Z1,Heteropogon contortus,NA,1.6,C,Fenced
4487,2025,E,1,Z1,E.R,NA,4.1,C,Fenced
4488,2025,E,1,Z1,NA,NA,4.7,C,Fenced
4489,2025,E,1,Z1,NA,NA,5.4,C,Fenced
4490,2025,E,1,Z1,E.V,NA,6,C,Fenced
4491,2025,E,1,Z1,E.G,NA,5.4,C,Fenced
4492,2025,E,1,Z1,Bracharia serrata,NA,5,C,Fenced
4493,2025,E,1,Z1,NA,NA,4.6,C,Fenced
4494,2025,E,1,Z1,Heteropogon contortus,NA,4.3,C,Fenced
4495,2025,E,1,Z1,Mopane grass,NA,0,C,Fenced
4496,2025,E,1,Z1,NA,NA,4.6,C,Fenced
4497,2025,E,1,Z1,NA,NA,4.9,C,Fenced
4498,2025,E,1,Z3,Panicum maximum,NA,0,C,Fenced
4499,2025,E,1,Z3,NA,NA,5.4,C,Fenced
4500,2025,E,1,Z3,NA,NA,4.2,C,Fenced
4501,2025,E,1,Z3,NA,NA,3.4,C,Fenced
4502,2025,E,1,Z3,Heteropogon contortus,NA,10.1,C,Fenced
4503,2025,E,1,Z3,Digitaria erianthra,NA,8.9,C,Fenced
4504,2025,E,1,Z3,NA,NA,8.1,C,Fenced
4505,2025,E,1,Z3,NA,NA,7,C,Fenced
4506,2025,E,1,Z3,Heteropogon contortus,NA,6.3,C,Fenced
4507,2025,E,1,Z3,ECurv,NA,4.9,C,Fenced
4508,2025,E,1,Z3,NA,NA,0,C,Fenced
4509,2025,E,1,Z3,NA,NA,5.6,C,Fenced
4510,2025,E,1,Z3,Mopane grass,NA,9.2,C,Fenced
4511,2025,E,1,Z3,ECurv,NA,5.4,C,Fenced
4512,2025,E,1,Z3,NA,NA,11.8,C,Fenced
4513,2025,E,1,Z3,NA,NA,9.8,C,Fenced
4514,2025,E,1,Z3,Heteropogon contortus,NA,3.5,C,Fenced
4515,2025,E,1,Z3,NA,NA,0,C,Fenced
4516,2025,E,1,Z3,NA,NA,0,C,Fenced
4517,2025,E,1,Z3,NA,NA,0,C,Fenced
4518,2025,E,1,Z4,Aristida ads,NA,3.1,C,Unfenced
4519,2025,E,1,Z4,Heteropogon contortus,NA,0,C,Unfenced
4520,2025,E,1,Z4,Setaria incressata,NA,2.7,C,Unfenced
4521,2025,E,1,Z4,NA,NA,2.7,C,Unfenced
4522,2025,E,1,Z4,Digitaria erianthra,NA,3.6,C,Unfenced
4523,2025,E,1,Z4,NA,NA,3.4,C,Unfenced
4524,2025,E,1,Z4,NA,NA,2.8,C,Unfenced
4525,2025,E,1,Z4,NA,NA,0,C,Unfenced
4526,2025,E,1,Z4,Panicum maximum,NA,3.4,C,Unfenced
4527,2025,E,1,Z4,Setaria incressata,NA,2.7,C,Unfenced
4528,2025,E,1,Z4,NA,NA,2.8,C,Unfenced
4529,2025,E,1,Z4,NA,NA,0,C,Unfenced
4530,2025,E,1,Z4,Digitaria erianthra,NA,2.5,C,Unfenced
4531,2025,E,1,Z4,Mopane grass,NA,4,C,Unfenced
4532,2025,E,1,Z4,ACC,NA,4.2,C,Unfenced
4533,2025,E,1,Z4,E.G,NA,3.6,C,Unfenced
4534,2025,E,1,Z4,Digitaria erianthra,NA,8.2,C,Unfenced
4535,2025,E,1,Z4,E.S,NA,8.6,C,Unfenced
4536,2025,E,1,Z4,E.G,NA,9.2,C,Unfenced
4537,2025,E,1,Z4,NA,NA,9.6,C,Unfenced
4538,2025,E,1,Z2,E.S,NA,2.6,C,Unfenced
4539,2025,E,1,Z2,Heteropogon contortus,NA,3.1,C,Unfenced
4540,2025,E,1,Z2,NA,NA,3.2,C,Unfenced
4541,2025,E,1,Z2,NA,NA,3.2,C,Unfenced
4542,2025,E,1,Z2,Heteropogon contortus,NA,2.4,C,Unfenced
4543,2025,E,1,Z2,Digitaria erianthra,NA,6.6,C,Unfenced
4544,2025,E,1,Z2,Setaria incressata,NA,0,C,Unfenced
4545,2025,E,1,Z2,NA,NA,2.4,C,Unfenced
4546,2025,E,1,Z2,Digitaria erianthra,NA,4.1,C,Unfenced
4547,2025,E,1,Z2,Heteropogon contortus,NA,3.3,C,Unfenced
4548,2025,E,1,Z2,NA,NA,3.2,C,Unfenced
4549,2025,E,1,Z2,NA,NA,4.8,C,Unfenced
4550,2025,E,1,Z2,BB,NA,3.8,C,Unfenced
4551,2025,E,1,Z2,Heteropogon contortus,NA,4.8,C,Unfenced
4552,2025,E,1,Z2,Mopane grass,NA,4.4,C,Unfenced
4553,2025,E,1,Z2,E.G,NA,3.9,C,Unfenced
4554,2025,E,1,Z2,E.R,NA,NA,C,Unfenced
4555,2025,E,1,Z2,Aristida ads,NA,3.2,C,Unfenced
4556,2025,E,1,Z2,CEx,NA,4.2,C,Unfenced
4557,2025,E,1,Z2,Heteropogon contortus,NA,4.3,C,Unfenced
4558,2025,E,1,Z2,Digitaria erianthra,NA,3.6,C,Unfenced
4559,2025,F,1,Z1,Digitaria erianthra,NA,4.9,C,Fenced
4560,2025,F,1,Z1,Aristida ads,NA,4.5,C,Fenced
4561,2025,F,1,Z1,NA,NA,5.4,C,Fenced
4562,2025,F,1,Z1,NA,NA,4.7,C,Fenced
4563,2025,F,1,Z1,Heteropogon  contortus,NA,6.9,C,Fenced
4564,2025,B,2,Z1,ACB,NA,7.4,F,Fenced
4565,2025,B,2,Z1,Melenis repens,NA,8,F,Fenced
4566,2025,B,2,Z1,Bracharia serrata,NA,9.3,F,Fenced
4567,2025,B,2,Z1,Cymbopogon plari,NA,10.3,F,Fenced
4568,2025,B,2,Z1,Heteropogon contortus,NA,NA,F,Fenced
4569,2025,B,2,Z1,Pinhole,NA,NA,F,Fenced
4570,2025,B,2,Z1,ACB,NA,19.7,F,Fenced
4571,2025,B,2,Z1,CEx,NA,20.2,F,Fenced
4572,2025,B,2,Z1,Heteropogon contortus,NA,20.8,F,Fenced
4573,2025,B,2,Z1,Sporobolus africanus,NA,22.5,F,Fenced
4574,2025,B,2,Z1,ACB,NA,12.6,F,Fenced
4575,2025,B,2,Z1,CEx,NA,22.1,F,Fenced
4576,2025,B,2,Z1,Cymbopogon plari,NA,20.2,F,Fenced
4577,2025,B,2,Z1,Melenis repens,NA,20.8,F,Fenced
4578,2025,B,2,Z1,ACB,NA,18.5,F,Fenced
4579,2025,B,2,Z1,Heteropogon contortus,NA,21.7,F,Fenced
4580,2025,B,2,Z1,Cymbopogon plari,NA,19.8,F,Fenced
4581,2025,B,2,Z1,Digitaria erianthra,NA,20.1,F,Fenced
4582,2025,B,2,Z1,CEx,NA,6,F,Fenced
4583,2025,B,2,Z1,Heteropogon contortus,NA,12,F,Fenced
4584,2025,B,2,Z1,Digitaria erianthra,NA,11.4,F,Fenced
4585,2025,B,2,Z1,E.G,NA,12.3,F,Fenced
4586,2025,B,2,Z3,ACB,NA,21.3,F,Fenced
4587,2025,B,2,Z1,Heteropogon contortus,NA,17.8,F,Fenced
4588,2025,B,2,Z1,Pinhole,NA,14,F,Fenced
4589,2025,B,2,Z1,Melenis repens,NA,11.2,F,Fenced
4590,2025,B,2,Z1,ECurv,NA,NA,F,Fenced
4591,2025,B,2,Z1,Cymbopogon plari,NA,8.2,F,Fenced
4592,2025,B,2,Z1,CEx,NA,12.8,F,Fenced
4593,2025,B,2,Z1,SSp,NA,14.5,F,Fenced
4594,2025,B,2,Z1,NA,NA,18.4,F,Fenced
4595,2025,B,2,Z1,CEx,NA,28.4,F,Fenced
4596,2025,B,2,Z1,E.S,NA,28.2,F,Fenced
4597,2025,B,2,Z1,Heteropogon contortus,NA,30,F,Fenced
4598,2025,B,2,Z1,E.G,NA,27.6,F,Fenced
4599,2025,B,2,Z1,CEx,NA,NA,F,Fenced
4600,2025,B,2,Z1,Melenis repens,NA,26.5,F,Fenced
4601,2025,B,2,Z1,ACB,NA,21.8,F,Fenced
4602,2025,B,2,Z1,Heteropogon contortus,NA,22,F,Fenced
4603,2025,B,2,Z1,Digitaria erianthra,NA,22.7,F,Fenced
4604,2025,B,2,Z1,Pinhole,NA,NA,F,Fenced
4605,2025,B,2,Z1,Diheteropogon anplactence,NA,6.8,F,Fenced
4606,2025,B,2,Z1,Heteropogon contortus,NA,11.6,F,Fenced
4607,2025,B,2,Z1,CEx,NA,12.5,F,Fenced
4608,2025,B,2,Z1,NA,NA,0,F,Fenced
4609,2025,B,2,Z4,CEx,NA,10.5,F,Unfenced
4610,2025,B,2,Z4,Heteropogon contortus,NA,15.6,F,Unfenced
4611,2025,B,2,Z4,NA,NA,12.9,F,Unfenced
4612,2025,B,2,Z4,NA,NA,13.7,F,Unfenced
4613,2025,B,2,Z4,Heteropogon contortus,NA,0,F,Unfenced
4614,2025,B,2,Z4,NA,NA,0,F,Unfenced
4615,2025,B,2,Z4,NA,NA,0,F,Unfenced
4616,2025,B,2,Z4,NA,NA,0,F,Unfenced
4617,2025,B,2,Z4,CEx,NA,16.7,F,Unfenced
4618,2025,B,2,Z4,Setaria pumila,NA,16.2,F,Unfenced
4619,2025,B,2,Z4,Aristida ads,NA,13.6,F,Unfenced
4620,2025,B,2,Z4,E.S,NA,11.6,F,Unfenced
4621,2025,B,2,Z4,Heteropogon contortus,NA,NA,F,Unfenced
4622,2025,B,2,Z4,Pinhole,NA,NA,F,Unfenced
4623,2025,B,2,Z4,E.G,NA,NA,F,Unfenced
4624,2025,B,2,Z4,Heteropogon contortus,NA,15.1,F,Unfenced
4625,2025,B,2,Z4,ACB,NA,11.6,F,Unfenced
4626,2025,B,2,Z4,NA,NA,12.1,F,Unfenced
4627,2025,B,2,Z4,NA,NA,11.6,F,Unfenced
4628,2025,B,2,Z4,CEx,NA,16.9,F,Unfenced
4629,2025,B,2,Z4,Setaria incressata,NA,18.3,F,Unfenced
4630,2025,B,2,Z4,Heteropogon contortus,NA,18.2,F,Unfenced
4631,2025,B,2,Z4,NA,NA,16.1,F,Unfenced
4632,2025,B,2,Z2,Pinhole,NA,9.8,F,Unfenced
4633,2025,B,2,Z2,Heteropogon contortus,NA,8,F,Unfenced
4634,2025,B,2,Z2,E.G,NA,9.5,F,Unfenced
4635,2025,B,2,Z2,NA,NA,10.1,F,Unfenced
4636,2025,B,2,Z2,Heteropogon contortus,NA,4.6,F,Unfenced
4637,2025,B,2,Z2,E.S,NA,5.4,F,Unfenced
4638,2025,B,2,Z2,E.G,NA,6.6,F,Unfenced
4639,2025,B,2,Z2,NA,NA,7,F,Unfenced
4640,2025,B,2,Z2,Hfili,NA,23.2,F,Unfenced
4641,2025,B,2,Z2,Digitaria erianthra,NA,4.6,F,Unfenced
4642,2025,B,2,Z2,CEx,NA,5,F,Unfenced
4643,2025,B,2,Z2,Pogonarthria squarrosa,NA,4.3,F,Unfenced
4644,2025,B,2,Z2,Heteropogon contortus,NA,0,F,Unfenced
4645,2025,B,2,Z2,NA,NA,5.6,F,Unfenced
4646,2025,B,2,Z2,NA,NA,4.8,F,Unfenced
4647,2025,B,2,Z2,NA,NA,12.1,F,Unfenced
4648,2025,B,2,Z2,CEx,NA,18.4,F,Unfenced
4649,2025,B,2,Z2,Heteropogon contortus,NA,20.5,F,Unfenced
4650,2025,B,2,Z2,B.N,NA,14.4,F,Unfenced
4651,2025,B,2,Z2,E.G,NA,15.9,F,Unfenced
4652,2025,C,2,Z3,Panicum maximum,NA,19.7,TFB,Fenced
4653,2025,C,2,Z3,NA,NA,80.8,TFB,Fenced
4654,2025,C,2,Z3,NA,NA,67.4,TFB,Fenced
4655,2025,C,2,Z3,NA,NA,40.2,TFB,Fenced
4656,2025,C,2,Z3,Panicum maximum,NA,21.9,TFB,Fenced
4657,2025,C,2,Z3,NA,NA,22.6,TFB,Fenced
4658,2025,C,2,Z3,NA,NA,14.8,TFB,Fenced
4659,2025,C,2,Z3,NA,NA,17,TFB,Fenced
4660,2025,C,2,Z3,Digitaria erianthra,NA,11.1,TFB,Fenced
4661,2025,C,2,Z3,Heteropogon contortus,NA,7.4,TFB,Fenced
4662,2025,C,2,Z3,NA,NA,6.8,TFB,Fenced
4663,2025,C,2,Z3,NA,NA,7.4,TFB,Fenced
4664,2025,C,2,Z3,E.R,NA,4.1,TFB,Fenced
4665,2025,C,2,Z3,E.G,NA,6.1,TFB,Fenced
4666,2025,C,2,Z3,Digitaria erianthra,NA,4.9,TFB,Fenced
4667,2025,C,2,Z3,NA,NA,4.2,TFB,Fenced
4668,2025,C,2,Z3,E.R,NA,4.5,TFB,Fenced
4669,2025,C,2,Z3,E.G,NA,4.9,TFB,Fenced
4670,2025,C,2,Z3,D. velutina,NA,4.6,TFB,Fenced
4671,2025,C,2,Z3,NA,NA,4.5,TFB,Fenced
4672,2025,C,2,Z1,Setaria incressata,NA,4.5,TFB,Fenced
4673,2025,C,2,Z1,Panicum maximum,NA,6.1,TFB,Fenced
4674,2025,C,2,Z1,NA,NA,5.1,TFB,Fenced
4675,2025,C,2,Z1,NA,NA,5.1,TFB,Fenced
4676,2025,C,2,Z1,E.curvula,NA,12,TFB,Fenced
4677,2025,C,2,Z1,Panicum maximum,NA,7.3,TFB,Fenced
4678,2025,C,2,Z1,NA,NA,5.4,TFB,Fenced
4679,2025,C,2,Z1,NA,NA,4.9,TFB,Fenced
4680,2025,C,2,Z1,E.V,NA,8,TFB,Fenced
4681,2025,C,2,Z1,Digitaria erianthra,NA,9.3,TFB,Fenced
4682,2025,C,2,Z1,E.G,NA,7.7,TFB,Fenced
4683,2025,C,2,Z1,NA,NA,7.2,TFB,Fenced
4684,2025,C,2,Z1,Panicum maximum,NA,6.3,TFB,Fenced
4685,2025,C,2,Z1,NA,NA,6.1,TFB,Fenced
4686,2025,C,2,Z1,NA,NA,7.9,TFB,Fenced
4687,2025,C,2,Z1,NA,NA,8.2,TFB,Fenced
4688,2025,C,2,Z1,Panicum maximum,NA,7,TFB,Fenced
4689,2025,C,2,Z1,D. velutina,NA,6.3,TFB,Fenced
4690,2025,C,2,Z1,NA,NA,5.8,TFB,Fenced
4691,2025,C,2,Z1,NA,NA,5.4,TFB,Fenced
4692,2025,C,2,Z2,Panicum maximum,NA,20,TFB,Unfenced
4693,2025,C,2,Z2,Setaria incressata,NA,18.8,TFB,Unfenced
4694,2025,C,2,Z2,NA,NA,17.1,TFB,Unfenced
4695,2025,C,2,Z2,NA,NA,22.5,TFB,Unfenced
4696,2025,C,2,Z2,E.R,NA,7,TFB,Unfenced
4697,2025,C,2,Z2,BB,NA,6.2,TFB,Unfenced
4698,2025,C,2,Z2,NA,NA,6.2,TFB,Unfenced
4699,2025,C,2,Z2,NA,NA,6.2,TFB,Unfenced
4700,2025,C,2,Z2,Panicum maximum,NA,14,TFB,Unfenced
4701,2025,C,2,Z2,D. velutina,NA,12.8,TFB,Unfenced
4702,2025,C,2,Z2,Aristida ads,NA,11.7,TFB,Unfenced
4703,2025,C,2,Z2,NA,NA,10,TFB,Unfenced
4704,2025,C,2,Z2,Heteropogon contortus,NA,9.8,TFB,Unfenced
4705,2025,C,2,Z2,Panicum maximum,NA,6.5,TFB,Unfenced
4706,2025,C,2,Z2,D. velutina,NA,5.2,TFB,Unfenced
4707,2025,C,2,Z2,E.G,NA,6.2,TFB,Unfenced
4708,2025,C,2,Z2,Panicum maximum,NA,6.5,TFB,Unfenced
4709,2025,C,2,Z2,E.G,NA,6,TFB,Unfenced
4710,2025,C,2,Z2,NA,NA,6.4,TFB,Unfenced
4711,2025,C,2,Z2,NA,NA,6.7,TFB,Unfenced
4712,2025,C,2,Z4,Panicum maximum,NA,17.5,TFB,Unfenced
4713,2025,C,2,Z4,NA,NA,15.7,TFB,Unfenced
4714,2025,C,2,Z4,NA,NA,13.8,TFB,Unfenced
4715,2025,C,2,Z4,NA,NA,13.3,TFB,Unfenced
4716,2025,C,2,Z4,E.R,NA,15.2,TFB,Unfenced
4717,2025,C,2,Z4,BB,NA,8.9,TFB,Unfenced
4718,2025,C,2,Z4,NA,NA,14.3,TFB,Unfenced
4719,2025,C,2,Z4,NA,NA,11.3,TFB,Unfenced
4720,2025,C,2,Z4,Panicum maximum,NA,9.9,TFB,Unfenced
4721,2025,C,2,Z4,D.egyptium,NA,9.2,TFB,Unfenced
4722,2025,C,2,Z4,NA,NA,12,TFB,Unfenced
4723,2025,C,2,Z4,NA,NA,12.1,TFB,Unfenced
4724,2025,C,2,Z4,B.N,NA,2.7,TFB,Unfenced
4725,2025,C,2,Z4,Panicum maximum,NA,3.9,TFB,Unfenced
4726,2025,C,2,Z4,NA,NA,5.5,TFB,Unfenced
4727,2025,C,2,Z4,NA,NA,5.3,TFB,Unfenced
4728,2025,C,2,Z4,Setaria incressata,NA,9.3,TFB,Unfenced
4729,2025,C,2,Z4,D. velutina,NA,18.7,TFB,Unfenced
4730,2025,C,2,Z4,NA,NA,13.4,TFB,Unfenced
4731,2025,C,2,Z4,NA,NA,11.9,TFB,Unfenced
4732,2025,C,4,Z3,Pogonarthria squarrosa,NA,5.8,F,Unfenced
4733,2025,C,4,Z3,E.R,NA,10.6,F,Unfenced
4734,2025,C,4,Z3,Heteropogon contortus,NA,8.5,F,Unfenced
4735,2025,C,4,Z3,Hfili,NA,8.6,F,Unfenced
4736,2025,C,4,Z3,E.G,NA,NA,F,Unfenced
4737,2025,C,4,Z3,Setaria incressata,NA,NA,F,Unfenced
4738,2025,C,4,Z3,Digitaria erianthra,NA,NA,F,Unfenced
4739,2025,C,4,Z3,Panicum maximum,NA,5.7,F,Unfenced
4740,2025,C,4,Z3,D. velutina,NA,5.8,F,Unfenced
4741,2025,C,4,Z3,NA,NA,5.7,F,Unfenced
4742,2025,C,4,Z3,NA,NA,5.2,F,Unfenced
4743,2025,C,4,Z3,Heteropogon contortus,NA,10.5,F,Unfenced
4744,2025,C,4,Z3,Pogonarthria squarrosa,NA,12,F,Unfenced
4745,2025,C,4,Z3,E.G,NA,11.4,F,Unfenced
4746,2025,C,4,Z3,Melenis repens,NA,10.4,F,Unfenced
4747,2025,C,4,Z3,Aristida ads,NA,5,F,Unfenced
4748,2025,C,4,Z3,E.G,NA,3.9,F,Unfenced
4749,2025,C,4,Z3,NA,NA,3.3,F,Unfenced
4750,2025,C,4,Z3,NA,NA,3.3,F,Unfenced
4751,2025,C,4,Z3,BB,NA,10.9,F,Unfenced
4752,2025,C,4,Z3,Setaria incressata,NA,11.2,F,Unfenced
4753,2025,C,4,Z3,D. velutina,NA,9.1,F,Unfenced
4754,2025,C,4,Z3,NA,NA,7.6,F,Unfenced
4755,2025,C,4,Z4,Pogonarthria squarrosa,NA,8.4,F,Unfenced
4756,2025,C,4,Z4,Hfili,NA,11,F,Unfenced
4757,2025,C,4,Z4,E.S,NA,11.1,F,Unfenced
4758,2025,C,4,Z4,E.G,NA,11.5,F,Unfenced
4759,2025,C,4,Z4,Aristida ads,NA,NA,F,Unfenced
4760,2025,C,4,Z4,H.Dissoluta,NA,5,F,Unfenced
4761,2025,C,4,Z4,Pogonarthria squarrosa,NA,6.1,F,Unfenced
4762,2025,C,4,Z4,Aristida ads,NA,24.3,F,Unfenced
4763,2025,C,4,Z4,Heteropogon contortus,NA,21.4,F,Unfenced
4764,2025,C,4,Z4,Setaria incressata,NA,NA,F,Unfenced
4765,2025,C,4,Z4,Aristida ads,NA,15,F,Unfenced
4766,2025,C,4,Z4,Pogonarthria squarrosa,NA,0,F,Unfenced
4767,2025,C,4,Z4,Diheteropogon anplactence,NA,8.9,F,Unfenced
4768,2025,C,4,Z4,B.N,NA,9.2,F,Unfenced
4769,2025,C,4,Z4,Aristida ads,NA,2.3,F,Unfenced
4770,2025,C,4,Z4,Panicum maximum,NA,4.3,F,Unfenced
4771,2025,C,4,Z4,Heteropogon contortus,NA,5,F,Unfenced
4772,2025,C,4,Z4,E.G,NA,5.5,F,Unfenced
4773,2025,C,4,Z4,Melenis repens,NA,5.5,F,Unfenced
4774,2025,C,4,Z4,Setaria incressata,NA,NA,F,Unfenced
4775,2025,C,4,Z4,BB,NA,1.6,F,Unfenced
4776,2025,C,4,Z4,B.N,NA,8.5,F,Unfenced
4777,2025,C,4,Z4,NA,NA,7.2,F,Unfenced
4778,2025,C,4,Z4,NA,NA,6.6,F,Unfenced
4779,2025,C,4,Z2,BB,NA,11,F,Fenced
4780,2025,C,4,Z2,Pogonarthria squarrosa,NA,6.6,F,Fenced
4781,2025,C,4,Z2,E.G,NA,8.2,F,Fenced
4782,2025,C,4,Z2,Melenis repens,NA,9.8,F,Fenced
4783,2025,C,4,Z2,Heteropogon contortus,NA,NA,F,Fenced
4784,2025,C,4,Z2,E.S,NA,NA,F,Fenced
4785,2025,C,4,Z2,Digitaria erianthra,NA,NA,F,Fenced
4786,2025,C,4,Z2,Pogonarthria squarrosa,NA,2.1,F,Fenced
4787,2025,C,4,Z2,Heteropogon contortus,NA,8.6,F,Fenced
4788,2025,C,4,Z2,E.R,NA,10.8,F,Fenced
4789,2025,C,4,Z2,BB,NA,13.2,F,Fenced
4790,2025,C,4,Z2,Aristida ads,NA,12.6,F,Fenced
4791,2025,C,4,Z2,Heteropogon contortus,NA,12.2,F,Fenced
4792,2025,C,4,Z2,BB,NA,6.7,F,Fenced
4793,2025,C,4,Z2,NA,NA,6.6,F,Fenced
4794,2025,C,4,Z2,Heteropogon contortus,NA,18.6,F,Fenced
4795,2025,C,4,Z2,Panicum maximum,NA,15.1,F,Fenced
4796,2025,C,4,Z2,B.S,NA,14.1,F,Fenced
4797,2025,C,4,Z2,Digitaria erianthra,NA,14.4,F,Fenced
4798,2025,C,4,Z2,Heteropogon contortus,NA,17.7,F,Fenced
4799,2025,C,4,Z2,Setaria incressata,NA,19.4,F,Fenced
4800,2025,C,4,Z2,Panicum maximum,NA,17.8,F,Fenced
4801,2025,C,4,Z2,D. velutina,NA,15.6,F,Fenced
4802,2025,C,4,Z1,Heteropogon contortus,NA,14.6,F,Fenced
4803,2025,C,4,Z1,Pogonarthria squarrosa,NA,19.7,F,Fenced
4804,2025,C,4,Z1,Melenis repens,NA,20,F,Fenced
4805,2025,C,4,Z1,E.G,NA,17.6,F,Fenced
4806,2025,C,4,Z1,Heteropogon contortus,NA,2.5,F,Fenced
4807,2025,C,4,Z1,Aristida ads,NA,2.5,F,Fenced
4808,2025,C,4,Z1,NA,NA,2.5,F,Fenced
4809,2025,C,4,Z1,NA,NA,2.5,F,Fenced
4810,2025,C,4,Z1,BB,NA,30.9,F,Fenced
4811,2025,C,4,Z1,E.R,NA,32.4,F,Fenced
4812,2025,C,4,Z1,Pogonarthria squarrosa,NA,27.8,F,Fenced
4813,2025,C,4,Z1,E.G,NA,25.1,F,Fenced
4814,2025,C,4,Z1,Pogonarthria squarrosa,NA,4.1,F,Fenced
4815,2025,C,4,Z1,Heteropogon contortus,NA,4.4,F,Fenced
4816,2025,C,4,Z1,Bracharia serrata,NA,6.5,F,Fenced
4817,2025,C,4,Z1,NA,NA,6.6,F,Fenced
4818,2025,C,4,Z1,Digitaria erianthra,NA,8.3,F,Fenced
4819,2025,C,4,Z1,E.R,NA,4.3,F,Fenced
4820,2025,C,4,Z1,NA,NA,3.9,F,Fenced
4821,2025,C,4,Z1,NA,NA,20.3,F,Fenced
4822,2025,F,1,Z1,Digitaria erianthra,NA,7.5,C,Fenced
4823,2025,F,1,Z1,Eragrostis rigidior,NA,7.8,C,Fenced
4824,2025,F,1,Z1,NA,NA,8.4,C,Fenced
4825,2025,F,1,Z1,Digitaria erianthra,NA,5.2,C,Fenced
4826,2025,F,1,Z1,Eragrostis rigidior,NA,6.1,C,Fenced
4827,2025,F,1,Z1,Pogonarthria squarrosa,NA,5.4,C,Fenced
4828,2025,F,1,Z1,NA,NA,5.4,C,Fenced
4829,2025,F,1,Z1,Eragrostis superba,NA,4.6,C,Fenced
4830,2025,F,1,Z1,Pogonarthria squarrosa,NA,4.8,C,Fenced
4831,2025,F,1,Z1,Eragrostis rigidior,NA,7.5,C,Fenced
4832,2025,F,1,Z1,Digitaria erianthra,NA,7.2,C,Fenced
4833,2025,F,1,Z1,Heteropogon  contortus,NA,7.5,C,Fenced
4834,2025,F,1,Z1,Eragrostis rigidior,NA,7.4,C,Fenced
4835,2025,F,1,Z1,Eragrostis superba,NA,7,C,Fenced
4836,2025,F,1,Z1,Eragrostis viscosa,NA,6.8,C,Fenced
4837,2025,F,1,Z1,Digitaria erianthra,NA,NA,C,Fenced
4838,2025,F,1,Z2,Digitaria erianthra,NA,10.4,C,Fenced
4839,2025,F,1,Z2,Heteropogon  contortus,NA,10.3,C,Fenced
4840,2025,F,1,Z2,Aristida ads,NA,9.4,C,Fenced
4841,2025,F,1,Z2,NA,NA,9.1,C,Fenced
4842,2025,F,1,Z2,Digitaria erianthra,NA,5.2,C,Fenced
4843,2025,F,1,Z2,Heteropogon  contortus,NA,7.1,C,Fenced
4844,2025,F,1,Z2,Pogonarthria squarrosa,NA,7.7,C,Fenced
4845,2025,F,1,Z2,Eragrostis rigidior,NA,12,C,Fenced
4846,2025,F,1,Z2,Eragrostis rigidior,NA,4.2,C,Fenced
4847,2025,F,1,Z2,Eragrostis superba,NA,4.6,C,Fenced
4848,2025,F,1,Z2,NA,NA,5.9,C,Fenced
4849,2025,F,1,Z2,NA,NA,6.4,C,Fenced
4850,2025,F,1,Z2,Bracharia negropedata,NA,2.4,C,Fenced
4851,2025,F,1,Z2,Digitaria erianthra,NA,4.5,C,Fenced
4852,2025,F,1,Z2,Eragrostis viscosa,NA,5.1,C,Fenced
4853,2025,F,1,Z2,Eragrostis rigidior,NA,5.2,C,Fenced
4854,2025,F,1,Z2,Aristida congesta B,NA,NA,C,Fenced
4855,2025,F,1,Z2,Aristida ads,NA,NA,C,Fenced
4856,2025,F,1,Z2,Digitaria erianthra,NA,11.2,C,Fenced
4857,2025,F,1,Z2,Heteropogon  contortus,NA,9,C,Fenced
4858,2025,F,1,Z2,Eragrostis superba,NA,9.1,C,Fenced
4859,2025,F,1,Z2,Eragrostis rigidior,NA,9.2,C,Fenced
4860,2025,F,1,Z2,Aristida ads,NA,NA,C,Fenced
4861,2025,F,1,Z3,Eragrostis superba,NA,8.3,C,Unfenced
4862,2025,F,1,Z3,Eragrostis gummiflua,NA,7.4,C,Unfenced
4863,2025,F,1,Z3,NA,NA,7.2,C,Unfenced
4864,2025,F,1,Z3,NA,NA,7,C,Unfenced
4865,2025,F,1,Z3,Eragrostis gummiflua,NA,2.1,C,Unfenced
4866,2025,F,1,Z3,NA,NA,2.6,C,Unfenced
4867,2025,F,1,Z3,NA,NA,3.2,C,Unfenced
4868,2025,F,1,Z3,NA,NA,3.1,C,Unfenced
4869,2025,F,1,Z3,Eragrostis rigidior,NA,4.3,C,Unfenced
4870,2025,F,1,Z3,Aristida ads,NA,4,C,Unfenced
4871,2025,F,1,Z3,Bracharia negropedata,NA,3.5,C,Unfenced
4872,2025,F,1,Z3,Digitaria erianthra,NA,3.5,C,Unfenced
4873,2025,F,1,Z3,Eragrostis viscosa,NA,6.1,C,Unfenced
4874,2025,F,1,Z3,Eragrostis superba,NA,5.9,C,Unfenced
4875,2025,F,1,Z3,Eragrostis rigidior,NA,5.3,C,Unfenced
4876,2025,F,1,Z3,NA,NA,4.9,C,Unfenced
4877,2025,F,1,Z3,Aristida diffusa,NA,0,C,Unfenced
4878,2025,F,1,Z3,Aristida ads,NA,1.7,C,Unfenced
4879,2025,F,1,Z3,Mopane grass,NA,1.8,C,Unfenced
4880,2025,F,1,Z3,Heteropogon  contortus,NA,3.4,C,Unfenced
4881,2025,F,1,Z3,Eragrostis superba,NA,NA,C,Unfenced
4882,2025,F,1,Z4,Eragrostis superba,NA,2.2,C,Unfenced
4883,2025,F,1,Z4,Pogonarthria squarrosa,NA,2.1,C,Unfenced
4884,2025,F,1,Z4,Heteropogon  contortus,NA,2.3,C,Unfenced
4885,2025,F,1,Z4,NA,NA,4.4,C,Unfenced
4886,2025,F,1,Z4,Digitaria erianthra,NA,11.4,C,Unfenced
4887,2025,F,1,Z4,Eragrostis gummiflua,NA,9.8,C,Unfenced
4888,2025,F,1,Z4,Eragrostis viscosa,NA,9.3,C,Unfenced
4889,2025,F,1,Z4,NA,NA,9,C,Unfenced
4890,2025,F,1,Z4,Eragrostis viscosa,NA,3.6,C,Unfenced
4891,2025,F,1,Z4,Eragrostis gummiflua,NA,4.4,C,Unfenced
4892,2025,F,1,Z4,NA,NA,4.7,C,Unfenced
4893,2025,F,1,Z4,NA,NA,4.8,C,Unfenced
4894,2025,F,1,Z4,Eragrostis gummiflua,NA,3.4,C,Unfenced
4895,2025,F,1,Z4,Eragrostis viscosa,NA,3.2,C,Unfenced
4896,2025,F,1,Z4,NA,NA,4.4,C,Unfenced
4897,2025,F,1,Z4,NA,NA,5.2,C,Unfenced
4898,2025,F,1,Z4,Eragrostis superba,NA,5.1,C,Unfenced
4899,2025,F,1,Z4,Eragrostis rigidior,NA,4.8,C,Unfenced
4900,2025,F,1,Z4,Eragrostis viscosa,NA,5,C,Unfenced
4901,2025,F,1,Z4,Eragrostis gummiflua,NA,4.2,C,Unfenced
4902,2025,F,1,Z4,Aristida diffusa,NA,NA,C,Unfenced
4903,2025,C,5,Z1,Pogonarthria squarrosa,NA,13.4,THF,Fenced
4904,2025,C,5,Z1,Digitaria erianthra,NA,15,THF,Fenced
4905,2025,C,5,Z1,Heteropogon contortus,NA,15.1,THF,Fenced
4906,2025,C,5,Z1,NA,NA,15.1,THF,Fenced
4907,2025,C,5,Z1,Heteropogon contortus,NA,19,THF,Fenced
4908,2025,C,5,Z1,Digitaria erianthra,NA,17.3,THF,Fenced
4909,2025,C,5,Z1,Melenis repens,NA,17.8,THF,Fenced
4910,2025,C,5,Z1,E.R,NA,17.7,THF,Fenced
4911,2025,C,5,Z1,Pogonarthria squarrosa,NA,NA,THF,Fenced
4912,2025,C,5,Z1,Digitaria erianthra,NA,10.1,THF,Fenced
4913,2025,C,5,Z1,E.V,NA,11.2,THF,Fenced
4914,2025,C,5,Z1,E.G,NA,10,THF,Fenced
4915,2025,C,5,Z1,NA,NA,9.8,THF,Fenced
4916,2025,C,5,Z1,Panicum maximum,NA,5.4,THF,Fenced
4917,2025,C,5,Z1,D. velutina,NA,4.6,THF,Fenced
4918,2025,C,5,Z1,NA,NA,6.5,THF,Fenced
4919,2025,C,5,Z1,NA,NA,2.3,THF,Fenced
4920,2025,C,5,Z1,Panicum maximum,NA,10,THF,Fenced
4921,2025,C,5,Z1,Melenis repens,NA,11.2,THF,Fenced
4922,2025,C,5,Z1,D. velutina,NA,12.6,THF,Fenced
4923,2025,C,5,Z1,BB,NA,12.9,THF,Fenced
4924,2025,C,5,Z1,Digitaria erianthra,NA,NA,THF,Fenced
4925,2025,C,5,Z1,Heteropogon contortus,NA,NA,THF,Fenced
4926,2025,C,5,Z1,NA,NA,NA,THF,Fenced
4927,2025,C,5,Z2,Pogonarthria squarrosa,NA,24.6,THF,Fenced
4928,2025,C,5,Z2,Melenis repens,NA,26.2,THF,Fenced
4929,2025,C,5,Z2,Andropogon eucomas,NA,24.7,THF,Fenced
4930,2025,C,5,Z2,Heteropogon contortus,NA,23.2,THF,Fenced
4931,2025,C,5,Z2,Pogonarthria squarrosa,NA,10,THF,Fenced
4932,2025,C,5,Z2,E.R,NA,14.6,THF,Fenced
4933,2025,C,5,Z2,Heteropogon contortus,NA,18.1,THF,Fenced
4934,2025,C,5,Z2,Digitaria erianthra,NA,14.7,THF,Fenced
4935,2025,C,5,Z2,Panicum maximum,NA,6.5,THF,Fenced
4936,2025,C,5,Z2,D. velutina,NA,6,THF,Fenced
4937,2025,C,5,Z2,NA,NA,5.5,THF,Fenced
4938,2025,C,5,Z2,NA,NA,4.8,THF,Fenced
4939,2025,C,5,Z2,Panicum maximum,NA,2.5,THF,Fenced
4940,2025,C,5,Z2,D. velutina,NA,2.5,THF,Fenced
4941,2025,C,5,Z2,Heteropogon contortus,NA,8.1,THF,Fenced
4942,2025,C,5,Z2,NA,NA,7.1,THF,Fenced
4943,2025,C,5,Z2,Panicum maximum,NA,15.3,THF,Fenced
4944,2025,C,5,Z2,D. velutina,NA,15.4,THF,Fenced
4945,2025,C,5,Z2,NA,NA,13.3,THF,Fenced
4946,2025,C,5,Z2,NA,NA,0,THF,Fenced
4947,2025,C,5,Z4,Digitaria erianthra,NA,10.1,THF,Unfenced
4948,2025,C,5,Z4,BB,NA,12,THF,Unfenced
4949,2025,C,5,Z4,E.G,NA,9.6,THF,Unfenced
4950,2025,C,5,Z4,NA,NA,9,THF,Unfenced
4951,2025,C,5,Z4,Heteropogon contortus,NA,2.6,THF,Unfenced
4952,2025,C,5,Z4,Aristida ads,NA,5.4,THF,Unfenced
4953,2025,C,5,Z4,E.G,NA,4.8,THF,Unfenced
4954,2025,C,5,Z4,B.N,NA,6.4,THF,Unfenced
4955,2025,C,5,Z4,BB,NA,NA,THF,Unfenced
4956,2025,C,5,Z4,Aristida ads,NA,7.3,THF,Unfenced
4957,2025,C,5,Z4,Digitaria erianthra,NA,10.5,THF,Unfenced
4958,2025,C,5,Z4,Heteropogon contortus,NA,10,THF,Unfenced
4959,2025,C,5,Z4,NA,NA,10.5,THF,Unfenced
4960,2025,C,5,Z4,E.S,NA,8.9,THF,Unfenced
4961,2025,C,5,Z4,Aristida ads,NA,9.8,THF,Unfenced
4962,2025,C,5,Z4,Pogonarthria squarrosa,NA,10.9,THF,Unfenced
4963,2025,C,5,Z4,Heteropogon contortus,NA,12.3,THF,Unfenced
4964,2025,C,5,Z4,Panicum maximum,NA,4.5,THF,Unfenced
4965,2025,C,5,Z4,D. velutina,NA,4.6,THF,Unfenced
4966,2025,C,5,Z4,NA,NA,5.9,THF,Unfenced
4967,2025,C,5,Z4,NA,NA,5.7,THF,Unfenced
4968,2025,C,5,Z3,B.N,NA,17.7,THF,Unfenced
4969,2025,C,5,Z3,Pogonarthria squarrosa,NA,15.5,THF,Unfenced
4970,2025,C,5,Z3,E.G,NA,23.5,THF,Unfenced
4971,2025,C,5,Z3,E.V,NA,22.4,THF,Unfenced
4972,2025,C,5,Z3,Heteropogon contortus,NA,9.1,THF,Unfenced
4973,2025,C,5,Z3,D. velutina,NA,7.4,THF,Unfenced
4974,2025,C,5,Z3,B.N,NA,8.5,THF,Unfenced
4975,2025,C,5,Z3,E.R,NA,10.9,THF,Unfenced
4976,2025,C,5,Z3,E.G,NA,NA,THF,Unfenced
4977,2025,C,5,Z3,Panicum maximum,NA,8.7,THF,Unfenced
4978,2025,C,5,Z3,D. velutina,NA,6.3,THF,Unfenced
4979,2025,C,5,Z3,NA,NA,7.3,THF,Unfenced
4980,2025,C,5,Z3,NA,NA,7.3,THF,Unfenced
4981,2025,C,5,Z3,Panicum maximum,NA,13.7,THF,Unfenced
4982,2025,C,5,Z3,D. velutina,NA,11.9,THF,Unfenced
4983,2025,C,5,Z3,NA,NA,12.1,THF,Unfenced
4984,2025,C,5,Z3,NA,NA,13.7,THF,Unfenced
4985,2025,C,5,Z3,BB,NA,0,THF,Unfenced
4986,2025,C,5,Z3,D. velutina,NA,0,THF,Unfenced
4987,2025,C,5,Z3,NA,NA,4.4,THF,Unfenced
4988,2025,C,5,Z3,NA,NA,10.3,THF,Unfenced
4989,2025,C,3,Z3,H.Dissoluta,NA,8.7,TF,Unfenced
4990,2025,C,3,Z3,Heteropogon contortus,NA,11.1,TF,Unfenced
4991,2025,C,3,Z3,Melenis repens,NA,14.2,TF,Unfenced
4992,2025,C,3,Z3,E.V,NA,10.2,TF,Unfenced
4993,2025,C,3,Z3,Pogonarthria squarrosa,NA,NA,TF,Unfenced
4994,2025,C,3,Z3,Digitaria erianthra,NA,NA,TF,Unfenced
4995,2025,C,3,Z3,Heteropogon contortus,NA,4.7,TF,Unfenced
4996,2025,C,3,Z3,Pogonarthria squarrosa,NA,6.7,TF,Unfenced
4997,2025,C,3,Z3,Digitaria erianthra,NA,4.9,TF,Unfenced
4998,2025,C,3,Z3,NA,NA,0,TF,Unfenced
4999,2025,C,3,Z3,Aristida ads,NA,3,TF,Unfenced
5000,2025,C,3,Z3,Cynodon dactylon,NA,4.1,TF,Unfenced
5001,2025,C,3,Z3,Setaria incressata,NA,5.6,TF,Unfenced
5002,2025,C,3,Z3,Pogonarthria squarrosa,NA,4.3,TF,Unfenced
5003,2025,C,3,Z3,Heteropogon contortus,NA,4.3,TF,Unfenced
5004,2025,C,3,Z3,Pogonarthria squarrosa,NA,4.2,TF,Unfenced
5005,2025,C,3,Z3,Aristida ads,NA,4.2,TF,Unfenced
5006,2025,C,3,Z3,E.R,NA,7.1,TF,Unfenced
5007,2025,C,3,Z3,Setaria incressata,NA,NA,TF,Unfenced
5008,2025,C,3,Z3,Pogonarthria squarrosa,NA,4.5,TF,Unfenced
5009,2025,C,3,Z3,E.R,NA,7.1,TF,Unfenced
5010,2025,C,3,Z3,E.G,NA,6.8,TF,Unfenced
5011,2025,C,3,Z3,Digitaria erianthra,NA,6.9,TF,Unfenced
5012,2025,C,3,Z4,H.Dissoluta,NA,6.8,TF,Unfenced
5013,2025,C,3,Z4,E.G,NA,4.7,TF,Unfenced
5014,2025,C,3,Z4,Pogonarthria squarrosa,NA,6.5,TF,Unfenced
5015,2025,C,3,Z4,E.R,NA,6.3,TF,Unfenced
5016,2025,C,3,Z4,E.V,NA,NA,TF,Unfenced
5017,2025,C,3,Z4,Digitaria erianthra,NA,5.6,TF,Unfenced
5018,2025,C,3,Z4,Pogonarthria squarrosa,NA,5.6,TF,Unfenced
5019,2025,C,3,Z4,NA,NA,5.4,TF,Unfenced
5020,2025,C,3,Z4,NA,NA,5.1,TF,Unfenced
5021,2025,C,3,Z4,Pogonarthria squarrosa,NA,10.3,TF,Unfenced
5022,2025,C,3,Z4,BB,NA,8.4,TF,Unfenced
5023,2025,C,3,Z4,Digitaria erianthra,NA,8.1,TF,Unfenced
5024,2025,C,3,Z4,E.R,NA,7.7,TF,Unfenced
5025,2025,C,3,Z4,E.R,NA,6.6,TF,Unfenced
5026,2025,C,3,Z4,Pogonarthria squarrosa,NA,6.4,TF,Unfenced
5027,2025,C,3,Z4,Digitaria erianthra,NA,6.8,TF,Unfenced
5028,2025,C,3,Z4,NA,NA,7.2,TF,Unfenced
5029,2025,C,3,Z4,Heteropogon contortus,NA,15.9,TF,Unfenced
5030,2025,C,3,Z4,Aristida ads,NA,14.4,TF,Unfenced
5031,2025,C,3,Z4,Digitaria erianthra,NA,22.6,TF,Unfenced
5032,2025,C,3,Z4,Pogonarthria squarrosa,NA,20.1,TF,Unfenced
5033,2025,C,3,Z1,E.G,NA,6.3,TF,Fenced
5034,2025,C,3,Z1,E.S,NA,7.1,TF,Fenced
5035,2025,C,3,Z1,Pogonarthria squarrosa,NA,9.2,TF,Fenced
5036,2025,C,3,Z1,Panicum maximum,NA,10.7,TF,Fenced
5037,2025,C,3,Z1,E.V,NA,NA,TF,Fenced
5038,2025,C,3,Z1,Digitaria erianthra,NA,NA,TF,Fenced
5039,2025,C,3,Z1,Digitaria erianthra,NA,9.1,TF,Fenced
5040,2025,C,3,Z1,NA,NA,7.9,TF,Fenced
5041,2025,C,3,Z1,NA,NA,6.8,TF,Fenced
5042,2025,C,3,Z1,NA,NA,7.3,TF,Fenced
5043,2025,C,3,Z1,Heteropogon contortus,NA,12.8,TF,Fenced
5044,2025,C,3,Z1,Panicum maximum,NA,9.5,TF,Fenced
5045,2025,C,3,Z1,NA,NA,13.1,TF,Fenced
5046,2025,C,3,Z1,NA,NA,31,TF,Fenced
5047,2025,C,3,Z1,D. velutina,NA,20.7,TF,Fenced
5048,2025,C,3,Z1,Heteropogon contortus,NA,17.1,TF,Fenced
5049,2025,C,3,Z1,Panicum maximum,NA,14.7,TF,Fenced
5050,2025,C,3,Z1,NA,NA,13.3,TF,Fenced
5051,2025,C,3,Z1,BB,NA,12.8,TF,Fenced
5052,2025,C,3,Z1,Heteropogon contortus,NA,19,TF,Fenced
5053,2025,C,3,Z1,E.V,NA,15.8,TF,Fenced
5054,2025,C,3,Z1,Bracharia serrata,NA,14.5,TF,Fenced
5055,2025,C,3,Z2,Digitaria erianthra,NA,18.1,TF,Fenced
5056,2025,C,3,Z2,Melenis repens,NA,21.1,TF,Fenced
5057,2025,C,3,Z2,NA,NA,17.3,TF,Fenced
5058,2025,C,3,Z2,NA,NA,15,TF,Fenced
5059,2025,C,3,Z2,Heteropogon contortus,NA,16,TF,Fenced
5060,2025,C,3,Z2,Pogonarthria squarrosa,NA,14.4,TF,Fenced
5061,2025,C,3,Z2,D. velutina,NA,16.2,TF,Fenced
5062,2025,C,3,Z2,NA,NA,17.2,TF,Fenced
5063,2025,C,3,Z2,BB,NA,5.5,TF,Fenced
5064,2025,C,3,Z2,Bracharia serrata,NA,4.3,TF,Fenced
5065,2025,C,3,Z2,NA,NA,0,TF,Fenced
5066,2025,C,3,Z2,NA,NA,0,TF,Fenced
5067,2025,C,3,Z2,Heteropogon contortus,NA,13.6,TF,Fenced
5068,2025,C,3,Z2,Pogonarthria squarrosa,NA,22.9,TF,Fenced
5069,2025,C,3,Z2,BB,NA,20.4,TF,Fenced
5070,2025,C,3,Z2,Aristida ads,NA,20.8,TF,Fenced
5071,2025,C,3,Z2,Panicum maximum,NA,4.5,TF,Fenced
5072,2025,C,3,Z2,Heteropogon contortus,NA,4.7,TF,Fenced
5073,2025,C,3,Z2,NA,NA,4,TF,Fenced
5074,2025,C,3,Z2,NA,NA,4.2,F,Fenced
