Year,Site,Plot,Subplot,Species_name,DPM_Height,Fencing,Treatment
2024,A,1,Z1,Digitaria eriantha,19,Fenced,C
2024,A,1,Z1,Urochloa mosambicensis,18.9,Fenced,C
2024,A,1,Z1,Hyperrhenia filipendula,11.6,Fenced,C
2024,A,1,Z1,NA,11.3,Fenced,C
2024,A,1,Z1,Aristida adscensionis,18.7,Fenced,C
2024,A,1,Z1,Urochloa mosambicensis,18.5,Fenced,C
2024,A,1,Z1,Heteropogon contortus,19.2,Fenced,C
2024,A,1,Z1,Digitaria eriantha,19.5,Fenced,C
2024,A,1,Z1,Sporobolus africanus,NA,Fenced,C
2024,A,1,Z1,Setaria sphacelata,19.3,Fenced,C
2024,A,1,Z1,Heteropogon contortus,18.3,Fenced,C
2024,A,1,Z1,Cymbopogon excavatus,18.9,Fenced,C
2024,A,1,Z1,NA,19.6,Fenced,C
2024,A,1,Z1,Aristida adscensionis,9.1,Fenced,C
2024,A,1,Z1,Urochloa mosambicensis,9,Fenced,C
2024,A,1,Z1,Heteropogon contortus,9.1,Fenced,C
2024,A,1,Z1,Hyperrhenia filipendula,8.1,Fenced,C
2024,A,1,Z1,Digitaria eriantha,NA,Fenced,C
2024,A,1,Z1,Setaria sphacelata,NA,Fenced,C
2024,A,1,Z1,Eragrostis superba,NA,Fenced,C
2024,A,1,Z1,Themeda triandra,14.2,Fenced,C
2024,A,1,Z1,Urochloa mosambicensis,20,Fenced,C
2024,A,1,Z1,Digitaria eriantha,19.7,Fenced,C
2024,A,1,Z1,Setaria sphacelata,19.6,Fenced,C
2024,A,1,Z2,Digitaria eriantha,19,Fenced,C
2024,A,1,Z2,Urochloa mosambicensis,18.9,Fenced,C
2024,A,1,Z2,Hyperrhenia filipendula,11.6,Fenced,C
2024,A,1,Z2,NA,11.3,Fenced,C
2024,A,1,Z2,Hyperrhenia filipendula,44.6,Fenced,C
2024,A,1,Z2,Setaria sphacelata,39.6,Fenced,C
2024,A,1,Z2,NA,38.2,Fenced,C
2024,A,1,Z2,NA,32.5,Fenced,C
2024,A,1,Z2,Bothriochloa insculpta,18.2,Fenced,C
2024,A,1,Z2,Urochloa mosambicensis,20.2,Fenced,C
2024,A,1,Z2,Hyperrhenia filipendula,26.8,Fenced,C
2024,A,1,Z2,NA,29.9,Fenced,C
2024,A,1,Z2,Urochloa mosambicensis,18,Fenced,C
2024,A,1,Z2,Hyperrhenia filipendula,19.9,Fenced,C
2024,A,1,Z2,Setaria sphacelata,19.9,Fenced,C
2024,A,1,Z2,Heteropogon contortus,21,Fenced,C
2024,A,1,Z2,Eragrostis gummiflua,NA,Fenced,C
2024,A,1,Z2,Hyperrhenia filipendula,21.1,Fenced,C
2024,A,1,Z2,Setaria sphacelata,21.1,Fenced,C
2024,A,1,Z2,NA,20.4,Fenced,C
2024,A,1,Z2,NA,20.2,Fenced,C
2024,A,1,Z3,Setaria sphacelata,23.7,Unfenced,C
2024,A,1,Z3,Aristida adscensionis,23,Unfenced,C
2024,A,1,Z3,Digitaria eriantha,22.4,Unfenced,C
2024,A,1,Z3,NA,21.7,Unfenced,C
2024,A,1,Z3,NA,0,Unfenced,C
2024,A,1,Z3,NA,0,Unfenced,C
2024,A,1,Z3,NA,0,Unfenced,C
2024,A,1,Z3,NA,0,Unfenced,C
2024,A,1,Z3,Heteropogon contortus,28.9,Unfenced,C
2024,A,1,Z3,Digitaria eriantha,30.7,Unfenced,C
2024,A,1,Z3,Hyperrhenia filipendula,31.7,Unfenced,C
2024,A,1,Z3,NA,30.9,Unfenced,C
2024,A,1,Z3,Pogonarthria squarrosa,16.3,Unfenced,C
2024,A,1,Z3,Cymbopogon excavatus,18.7,Unfenced,C
2024,A,1,Z3,Urochloa mosambicensis,18.1,Unfenced,C
2024,A,1,Z3,Hyperrhenia filipendula,19.9,Unfenced,C
2024,A,1,Z3,Panicum maximum,27.1,Unfenced,C
2024,A,1,Z3,Heteropogon contortus,27.8,Unfenced,C
2024,A,1,Z3,NA,28.6,Unfenced,C
2024,A,1,Z3,NA,30,Unfenced,C
2024,A,1,Z4,Bothriochloa insculpta,17.4,Unfenced,C
2024,A,1,Z4,Cymbopogon excavatus,12.9,Unfenced,C
2024,A,1,Z4,Urochloa mosambicensis,16.6,Unfenced,C
2024,A,1,Z4,Aristida adscensionis,18.5,Unfenced,C
2024,A,1,Z4,Aristida diffusa,NA,Unfenced,C
2024,A,1,Z4,Hyperrhenia filipendula,21.7,Unfenced,C
2024,A,1,Z4,Urochloa mosambicensis,20.8,Unfenced,C
2024,A,1,Z4,Heteropogon contortus,13.5,Unfenced,C
2024,A,1,Z4,Digitaria eriantha,13.3,Unfenced,C
2024,A,1,Z4,Setaria sphacelata,17.6,Unfenced,C
2024,A,1,Z4,Bothriochloa insculpta,17.4,Unfenced,C
2024,A,1,Z4,Urochloa mosambicensis,15.4,Unfenced,C
2024,A,1,Z4,Hyperrhenia filipendula,17.2,Unfenced,C
2024,A,1,Z4,Heteropogon contortus,30.6,Unfenced,C
2024,A,1,Z4,Urochloa mosambicensis,29.7,Unfenced,C
2024,A,1,Z4,Hyperrhenia filipendula,29.4,Unfenced,C
2024,A,1,Z4,NA,28.4,Unfenced,C
2024,A,1,Z4,Heteropogon contortus,28.1,Unfenced,C
2024,A,1,Z4,Urochloa mosambicensis,26.8,Unfenced,C
2024,A,1,Z4,Hyparrhenia hirta,26.2,Unfenced,C
2024,A,1,Z4,NA,25.1,Unfenced,C
2024,A,2,Z1,Heteropogon contortus,21.7,Fenced,F
2024,A,2,Z1,Andropogon eucomus,18.7,Fenced,F
2024,A,2,Z1,Bothriochloa insculpta,15.9,Fenced,F
2024,A,2,Z1,NA,17.6,Fenced,F
2024,A,2,Z1,Bothriochloa insculpta,23.3,Fenced,F
2024,A,2,Z1,Aristida adscensionis,18.9,Fenced,F
2024,A,2,Z1,Cymbopogon excavatus,21.1,Fenced,F
2024,A,2,Z1,Loudetia simplex,22.4,Fenced,F
2024,A,2,Z1,Cymbopogon plurinodis,NA,Fenced,F
2024,A,2,Z1,Bothriochloa insculpta,29.3,Fenced,F
2024,A,2,Z1,Urochloa mosambicensis,32.5,Fenced,F
2024,A,2,Z1,Eragrostis gummiflua,32.4,Fenced,F
2024,A,2,Z1,NA,31.1,Fenced,F
2024,A,2,Z1,Loudetia simplex,14.6,Fenced,F
2024,A,2,Z1,Bothriochloa insculpta,14.2,Fenced,F
2024,A,2,Z1,Eragrostis gummiflua,15.3,Fenced,F
2024,A,2,Z1,Hyperrhenia filipendula,16.7,Fenced,F
2024,A,2,Z1,Bothriochloa insculpta,20.2,Fenced,F
2024,A,2,Z1,Hyperrhenia filipendula,22.4,Fenced,F
2024,A,2,Z1,Setaria pumila,23.3,Fenced,F
2024,A,2,Z1,NA,21.5,Fenced,F
2024,A,2,Z2,Heteropogon contortus,17.6,Fenced,F
2024,A,2,Z2,Bothriochloa insculpta,18.6,Fenced,F
2024,A,2,Z2,Loudetia simplex,17.2,Fenced,F
2024,A,2,Z2,Eragrostis gummiflua,19.4,Fenced,F
2024,A,2,Z2,Hyperrhenia filipendula,NA,Fenced,F
2024,A,2,Z2,Hyperrhenia filipendula,41.4,Fenced,F
2024,A,2,Z2,NA,41.4,Fenced,F
2024,A,2,Z2,NA,33.5,Fenced,F
2024,A,2,Z2,NA,25.5,Fenced,F
2024,A,2,Z2,Heteropogon contortus,23.3,Fenced,F
2024,A,2,Z2,Hyperrhenia filipendula,18.8,Fenced,F
2024,A,2,Z2,Urochloa mosambicensis,23.7,Fenced,F
2024,A,2,Z2,NA,27.4,Fenced,F
2024,A,2,Z2,Heteropogon contortus,14.1,Fenced,F
2024,A,2,Z2,Hyperrhenia filipendula,20.5,Fenced,F
2024,A,2,Z2,NA,15.5,Fenced,F
2024,A,2,Z2,NA,13.9,Fenced,F
2024,A,2,Z2,Hyperrhenia filipendula,11.8,Fenced,F
2024,A,2,Z2,Urochloa mosambicensis,17.9,Fenced,F
2024,A,2,Z2,NA,23.4,Fenced,F
2024,A,2,Z2,NA,22.1,Fenced,F
2024,A,2,Z3,Bothriochloa insculpta,21.1,Unfenced,F
2024,A,2,Z3,Eragrostis gummiflua,22.1,Unfenced,F
2024,A,2,Z3,Hyperrhenia filipendula,23.6,Unfenced,F
2024,A,2,Z3,NA,22.3,Unfenced,F
2024,A,2,Z3,Heteropogon contortus,13.7,Unfenced,F
2024,A,2,Z3,Bothriochloa insculpta,10.5,Unfenced,F
2024,A,2,Z3,NA,10.3,Unfenced,F
2024,A,2,Z3,NA,10.7,Unfenced,F
2024,A,2,Z3,Bothriochloa insculpta,29.3,Unfenced,F
2024,A,2,Z3,Eragrostis gummiflua,32.5,Unfenced,F
2024,A,2,Z3,Urochloa mosambicensis,32.4,Unfenced,F
2024,A,2,Z3,NA,31.1,Unfenced,F
2024,A,2,Z3,Bothriochloa insculpta,23.4,Unfenced,F
2024,A,2,Z3,Urochloa mosambicensis,23.8,Unfenced,F
2024,A,2,Z3,Heteropogon contortus,22.7,Unfenced,F
2024,A,2,Z3,NA,23.7,Unfenced,F
2024,A,2,Z3,Eragrostis gummiflua,10.2,Unfenced,F
2024,A,2,Z3,Bothriochloa insculpta,13.9,Unfenced,F
2024,A,2,Z3,Cymbopogon excavatus,11,Unfenced,F
2024,A,2,Z3,Eragrostis superba,10.9,Unfenced,F
2024,A,2,Z4,Aristida adscensionis,12.5,Unfenced,F
2024,A,2,Z4,Hyperrhenia filipendula,12.3,Unfenced,F
2024,A,2,Z4,Setaria pumila,17,Unfenced,F
2024,A,2,Z4,NA,16.3,Unfenced,F
2024,A,2,Z4,Hyperrhenia filipendula,17.2,Unfenced,F
2024,A,2,Z4,Urochloa mosambicensis,9.6,Unfenced,F
2024,A,2,Z4,NA,27.7,Unfenced,F
2024,A,2,Z4,NA,34.9,Unfenced,F
2024,A,2,Z4,Heteropogon contortus,13.1,Unfenced,F
2024,A,2,Z4,Cymbopogon excavatus,16.9,Unfenced,F
2024,A,2,Z4,Urochloa mosambicensis,18.2,Unfenced,F
2024,A,2,Z4,Hyperrhenia filipendula,21.2,Unfenced,F
2024,A,2,Z4,Urochloa mosambicensis,39.1,Unfenced,F
2024,A,2,Z4,Hyperrhenia filipendula,43,Unfenced,F
2024,A,2,Z4,NA,34.6,Unfenced,F
2024,A,2,Z4,NA,30.8,Unfenced,F
2024,A,2,Z4,Urochloa mosambicensis,29,Unfenced,F
2024,A,2,Z4,Hyperrhenia filipendula,31.6,Unfenced,F
2024,A,2,Z4,NA,32.6,Unfenced,F
2024,A,2,Z4,NA,33.3,Unfenced,F
2024,A,3,Z1,Aristida diffusa,38,Fenced,TFB
2024,A,3,Z1,Aristida congesta c,29.8,Fenced,TFB
2024,A,3,Z1,Melinis repens,22,Fenced,TFB
2024,A,3,Z1,Urochloa mosambicensis,23.9,Fenced,TFB
2024,A,3,Z1,Hyperrhenia filipendula,11.8,Fenced,TFB
2024,A,3,Z1,NA,17.1,Fenced,TFB
2024,A,3,Z1,NA,15.3,Fenced,TFB
2024,A,3,Z1,NA,15.7,Fenced,TFB
2024,A,3,Z1,Bothriochloa insculpta,15.4,Fenced,TFB
2024,A,3,Z1,Urochloa mosambicensis,16.8,Fenced,TFB
2024,A,3,Z1,Cymbopogon excavatus,16.7,Fenced,TFB
2024,A,3,Z1,NA,16.7,Fenced,TFB
2024,A,3,Z1,Hyperrhenia filipendula,21.9,Fenced,TFB
2024,A,3,Z1,Bothriochloa insculpta,21.8,Fenced,TFB
2024,A,3,Z1,Urochloa mosambicensis,20.9,Fenced,TFB
2024,A,3,Z1,NA,18.4,Fenced,TFB
2024,A,3,Z1,Urochloa mosambicensis,17.6,Fenced,TFB
2024,A,3,Z1,Hyperrhenia filipendula,15.9,Fenced,TFB
2024,A,3,Z1,Heteropogon contortus,15.3,Fenced,TFB
2024,A,3,Z1,Aristida adscensionis,15.4,Fenced,TFB
2024,A,3,Z2,Urochloa mosambicensis,31.7,Unfenced,TFB
2024,A,3,Z2,Loudetia simplex,31.7,Unfenced,TFB
2024,A,3,Z2,Bothriochloa insculpta,28.7,Unfenced,TFB
2024,A,3,Z2,NA,25.3,Unfenced,TFB
2024,A,3,Z2,Bothriochloa insculpta,3.6,Unfenced,TFB
2024,A,3,Z2,Cymbopogon excavatus,11.2,Unfenced,TFB
2024,A,3,Z2,Aristida adscensionis,12.5,Unfenced,TFB
2024,A,3,Z2,NA,12.7,Unfenced,TFB
2024,A,3,Z2,Bothriochloa insculpta,51.3,Unfenced,TFB
2024,A,3,Z2,Hyparrhenia hirta,36,Unfenced,TFB
2024,A,3,Z2,NA,43.7,Unfenced,TFB
2024,A,3,Z2,NA,46.1,Unfenced,TFB
2024,A,3,Z2,Bothriochloa insculpta,5.9,Unfenced,TFB
2024,A,3,Z2,Hyparrhenia hirta,8.7,Unfenced,TFB
2024,A,3,Z2,Digitaria eriantha,12.6,Unfenced,TFB
2024,A,3,Z2,Eragrostis gummiflua,12.7,Unfenced,TFB
2024,A,3,Z2,Urochloa mosambicensis,11.8,Unfenced,TFB
2024,A,3,Z2,Bothriochloa insculpta,15.7,Unfenced,TFB
2024,A,3,Z2,Eragrostis gummiflua,18.6,Unfenced,TFB
2024,A,3,Z2,NA,20.6,Unfenced,TFB
2024,A,3,Z3,Heteropogon contortus,10.7,Fenced,TFB
2024,A,3,Z3,Aristida adscensionis,16.9,Fenced,TFB
2024,A,3,Z3,Melinis repens,13.6,Fenced,TFB
2024,A,3,Z3,Eragrostis rigidior,13.5,Fenced,TFB
2024,A,3,Z3,Cynodon dactylon,31.8,Fenced,TFB
2024,A,3,Z3,Urochloa mosambicensis,29,Fenced,TFB
2024,A,3,Z3,Setaria pumila,26.4,Fenced,TFB
2024,A,3,Z3,NA,25.9,Fenced,TFB
2024,A,3,Z3,Heteropogon contortus,26.8,Fenced,TFB
2024,A,3,Z3,Aristida adscensionis,19.2,Fenced,TFB
2024,A,3,Z3,Urochloa mosambicensis,17.8,Fenced,TFB
2024,A,3,Z3,Cymbopogon excavatus,16.9,Fenced,TFB
2024,A,3,Z3,Digitaria eriantha,NA,Fenced,TFB
2024,A,3,Z3,Aristida adscensionis,6.8,Fenced,TFB
2024,A,3,Z3,Urochloa mosambicensis,11.5,Fenced,TFB
2024,A,3,Z3,Hyperrhenia filipendula,17.8,Fenced,TFB
2024,A,3,Z3,Setaria incrassata,14.2,Fenced,TFB
2024,A,3,Z3,Eragrostis superba,NA,Fenced,TFB
2024,A,3,Z3,Urochloa mosambicensis,31.7,Fenced,TFB
2024,A,3,Z3,Hyperrhenia filipendula,19.9,Fenced,TFB
2024,A,3,Z3,Hyparrhenia hirta,18.7,Fenced,TFB
2024,A,3,Z3,Pogonarthria squarrosa,18.5,Fenced,TFB
2024,A,3,Z4,Heteropogon contortus,14.9,Unfenced,TFB
2024,A,3,Z4,Aristida adscensionis,17.3,Unfenced,TFB
2024,A,3,Z4,NA,19.4,Unfenced,TFB
2024,A,3,Z4,NA,16.1,Unfenced,TFB
2024,A,3,Z4,Heteropogon contortus,8.5,Unfenced,TFB
2024,A,3,Z4,Melinis repens,9.7,Unfenced,TFB
2024,A,3,Z4,Digitaria eriantha,11.6,Unfenced,TFB
2024,A,3,Z4,Setaria incrassata,10.6,Unfenced,TFB
2024,A,3,Z4,Heteropogon contortus,6,Unfenced,TFB
2024,A,3,Z4,Urochloa mosambicensis,10.9,Unfenced,TFB
2024,A,3,Z4,Themeda triandra,11.4,Unfenced,TFB
2024,A,3,Z4,NA,13.2,Unfenced,TFB
2024,A,3,Z4,Urochloa mosambicensis,42.7,Unfenced,TFB
2024,A,3,Z4,Melinis repens,41.3,Unfenced,TFB
2024,A,3,Z4,Cymbopogon excavatus,37.6,Unfenced,TFB
2024,A,3,Z4,NA,36.9,Unfenced,TFB
2024,A,3,Z4,Heteropogon contortus,6.4,Unfenced,TFB
2024,A,3,Z4,Aristida adscensionis,18,Unfenced,TFB
2024,A,3,Z4,Urochloa mosambicensis,21,Unfenced,TFB
2024,A,3,Z4,Hyperrhenia filipendula,23.8,Unfenced,TFB
2024,A,3,Z4,Pogonarthria squarrosa,NA,Unfenced,TFB
2024,A,4,Z1,Bothriochloa insculpta,19.7,Fenced,TF
2024,A,4,Z1,NA,22.4,Fenced,TF
2024,A,4,Z1,NA,22.6,Fenced,TF
2024,A,4,Z1,NA,25,Fenced,TF
2024,A,4,Z1,Brachiaria serrata,21,Fenced,TF
2024,A,4,Z1,Eragrostis gummiflua,20.5,Fenced,TF
2024,A,4,Z1,Bothriochloa insculpta,20.4,Fenced,TF
2024,A,4,Z1,NA,20.5,Fenced,TF
2024,A,4,Z1,Heteropogon contortus,22.5,Fenced,TF
2024,A,4,Z1,Themeda triandra,22.5,Fenced,TF
2024,A,4,Z1,NA,22.5,Fenced,TF
2024,A,4,Z1,NA,22.5,Fenced,TF
2024,A,4,Z1,Bothriochloa insculpta,24.1,Fenced,TF
2024,A,4,Z1,Cymbopogon excavatus,32,Fenced,TF
2024,A,4,Z1,NA,34.3,Fenced,TF
2024,A,4,Z1,NA,32.5,Fenced,TF
2024,A,4,Z1,Bothriochloa insculpta,35.6,Fenced,TF
2024,A,4,Z1,Urochloa mosambicensis,27.9,Fenced,TF
2024,A,4,Z1,NA,33.3,Fenced,TF
2024,A,4,Z1,NA,37,Fenced,TF
2024,A,4,Z2,Bothriochloa insculpta,20.5,Unfenced,TF
2024,A,4,Z2,Digitaria eriantha,21.7,Unfenced,TF
2024,A,4,Z2,NA,22,Unfenced,TF
2024,A,4,Z1,NA,21.4,Fenced,TF
2024,A,4,Z2,Aristida adscensionis,18.7,Unfenced,TF
2024,A,4,Z2,Cymbopogon excavatus,19.2,Unfenced,TF
2024,A,4,Z2,Heteropogon contortus,18.9,Unfenced,TF
2024,A,4,Z2,Digitaria eriantha,18.5,Unfenced,TF
2024,A,4,Z2,Aristida adscensionis,20.5,Unfenced,TF
2024,A,4,Z2,Heteropogon contortus,20.7,Unfenced,TF
2024,A,4,Z2,NA,20.5,Unfenced,TF
2024,A,4,Z2,NA,21.4,Unfenced,TF
2024,A,4,Z2,Cymbopogon excavatus,36.4,Unfenced,TF
2024,A,4,Z2,Heteropogon contortus,36.6,Unfenced,TF
2024,A,4,Z2,Andropogon eucomus,32.1,Unfenced,TF
2024,A,4,Z2,NA,30.6,Unfenced,TF
2024,A,4,Z2,Aristida adscensionis,23,Unfenced,TF
2024,A,4,Z2,Themeda triandra,23.1,Unfenced,TF
2024,A,4,Z2,NA,21.7,Unfenced,TF
2024,A,4,Z2,NA,21.1,Unfenced,TF
2024,A,4,Z3,Loudetia simplex,20.2,Fenced,TF
2024,A,4,Z3,Bothriochloa insculpta,20.1,Fenced,TF
2024,A,4,Z3,NA,20.1,Fenced,TF
2024,A,4,Z3,NA,20.4,Fenced,TF
2024,A,4,Z3,Bothriochloa insculpta,20.2,Fenced,TF
2024,A,4,Z3,Aristida adscensionis,20.3,Fenced,TF
2024,A,4,Z3,NA,20.6,Fenced,TF
2024,A,4,Z3,NA,20,Fenced,TF
2024,A,4,Z3,Bothriochloa insculpta,12.7,Fenced,TF
2024,A,4,Z3,Andropogon eucomus,17.2,Fenced,TF
2024,A,4,Z3,NA,16.1,Fenced,TF
2024,A,4,Z3,NA,17.3,Fenced,TF
2024,A,4,Z3,Urochloa mosambicensis,3.7,Fenced,TF
2024,A,4,Z3,Digitaria eriantha,9.5,Fenced,TF
2024,A,4,Z3,Andropogon eucomus,13,Fenced,TF
2024,A,4,Z3,Bothriochloa insculpta,11.4,Fenced,TF
2024,A,4,Z3,Bothriochloa insculpta,19.6,Fenced,TF
2024,A,4,Z3,Aristida adscensionis,20,Fenced,TF
2024,A,4,Z3,NA,20.1,Fenced,TF
2024,A,4,Z3,NA,20.1,Fenced,TF
2024,A,4,Z4,Bothriochloa insculpta,18.3,Unfenced,TF
2024,A,4,Z4,Heteropogon contortus,18.9,Unfenced,TF
2024,A,4,Z4,Melinis repens,19,Unfenced,TF
2024,A,4,Z4,NA,18.9,Unfenced,TF
2024,A,4,Z4,Andropogon eucomus,17.9,Unfenced,TF
2024,A,4,Z4,Urochloa mosambicensis,19.1,Unfenced,TF
2024,A,4,Z4,Cymbopogon excavatus,19.4,Unfenced,TF
2024,A,4,Z4,NA,19.4,Unfenced,TF
2024,A,4,Z4,Heteropogon contortus,23,Unfenced,TF
2024,A,4,Z4,Themeda triandra,22.2,Unfenced,TF
2024,A,4,Z4,Eragrostis superba,21.3,Unfenced,TF
2024,A,4,Z4,NA,20.8,Unfenced,TF
2024,A,4,Z4,Bothriochloa insculpta,19.9,Unfenced,TF
2024,A,4,Z4,Heteropogon contortus,19.9,Unfenced,TF
2024,A,4,Z4,Digitaria eriantha,19.5,Unfenced,TF
2024,A,4,Z4,NA,19.2,Unfenced,TF
2024,A,4,Z4,Heteropogon contortus,25.7,Unfenced,TF
2024,A,4,Z4,Themeda triandra,17.1,Unfenced,TF
2024,A,4,Z4,Eragrostis superba,17.8,Unfenced,TF
2024,A,4,Z4,Digitaria eriantha,22.1,Unfenced,TF
2024,A,5,Z1,Hyparrhenia hirta,12.1,Fenced,THF
2024,A,5,Z1,Urochloa mosambicensis,13.8,Fenced,THF
2024,A,5,Z1,Hyperrhenia filipendula,13.7,Fenced,THF
2024,A,5,Z1,Bothriochloa insculpta,14.2,Fenced,THF
2024,A,5,Z1,Heteropogon contortus,NA,Fenced,THF
2024,A,5,Z1,Aristida adscensionis,NA,Fenced,THF
2024,A,5,Z1,Urochloa mosambicensis,25.6,Fenced,THF
2024,A,5,Z1,Aristida adscensionis,20.8,Fenced,THF
2024,A,5,Z1,NA,22.3,Fenced,THF
2024,A,5,Z1,NA,22.7,Fenced,THF
2024,A,5,Z1,Cymbopogon excavatus,28.2,Fenced,THF
2024,A,5,Z1,Bothriochloa insculpta,28.8,Fenced,THF
2024,A,5,Z1,Urochloa mosambicensis,31.2,Fenced,THF
2024,A,5,Z1,NA,28.8,Fenced,THF
2024,A,5,Z1,Hyparrhenia hirta,21,Fenced,THF
2024,A,5,Z1,Heteropogon contortus,17.1,Fenced,THF
2024,A,5,Z1,Urochloa mosambicensis,21.7,Fenced,THF
2024,A,5,Z1,NA,23,Fenced,THF
2024,A,5,Z1,Urochloa mosambicensis,17.1,Fenced,THF
2024,A,5,Z1,Hyperrhenia filipendula,14.7,Fenced,THF
2024,A,5,Z1,Bothriochloa insculpta,21.1,Fenced,THF
2024,A,5,Z1,NA,21.4,Fenced,THF
2024,A,5,Z2,Urochloa mosambicensis,22.6,Unfenced,THF
2024,A,5,Z2,Heteropogon contortus,16.8,Unfenced,THF
2024,A,5,Z2,Aristida adscensionis,14.9,Unfenced,THF
2024,A,5,Z2,Setaria sphacelata,13.6,Unfenced,THF
2024,A,5,Z2,Urochloa mosambicensis,10.6,Unfenced,THF
2024,A,5,Z2,Bothriochloa insculpta,14.8,Unfenced,THF
2024,A,5,Z2,Heteropogon contortus,17,Unfenced,THF
2024,A,5,Z2,Aristida adscensionis,19.8,Unfenced,THF
2024,A,5,Z2,Melinis repens,NA,Unfenced,THF
2024,A,5,Z2,Panicum maximum,10.8,Unfenced,THF
2024,A,5,Z2,Hyperrhenia filipendula,9.2,Unfenced,THF
2024,A,5,Z2,NA,11.4,Unfenced,THF
2024,A,5,Z2,NA,10.3,Unfenced,THF
2024,A,5,Z2,Heteropogon contortus,17.7,Unfenced,THF
2024,A,5,Z2,Hyperrhenia filipendula,17.5,Unfenced,THF
2024,A,5,Z2,Cymbopogon excavatus,17.4,Unfenced,THF
2024,A,5,Z2,NA,16.4,Unfenced,THF
2024,A,5,Z2,Urochloa mosambicensis,15.1,Unfenced,THF
2024,A,5,Z2,Cymbopogon excavatus,17.3,Unfenced,THF
2024,A,5,Z2,NA,20.1,Unfenced,THF
2024,A,5,Z2,NA,22.7,Unfenced,THF
2024,A,5,Z3,Bothriochloa insculpta,29.8,Fenced,THF
2024,A,5,Z3,Urochloa mosambicensis,26.7,Fenced,THF
2024,A,5,Z3,NA,22.3,Fenced,THF
2024,A,5,Z3,NA,22.3,Fenced,THF
2024,A,5,Z3,Bothriochloa insculpta,36.3,Fenced,THF
2024,A,5,Z3,Heteropogon contortus,34.5,Fenced,THF
2024,A,5,Z3,Eragrostis gummiflua,34.2,Fenced,THF
2024,A,5,Z3,Andropogon eucomus,34.5,Fenced,THF
2024,A,5,Z3,Aristida adscensionis,20.4,Fenced,THF
2024,A,5,Z3,Bothriochloa insculpta,17.1,Fenced,THF
2024,A,5,Z3,NA,19.3,Fenced,THF
2024,A,5,Z3,NA,18.6,Fenced,THF
2024,A,5,Z3,Bothriochloa insculpta,17.1,Fenced,THF
2024,A,5,Z3,Aristida adscensionis,17,Fenced,THF
2024,A,5,Z3,Cymbopogon excavatus,20.2,Fenced,THF
2024,A,5,Z3,Eragrostis superba,22.5,Fenced,THF
2024,A,5,Z3,Heteropogon contortus,8.7,Fenced,THF
2024,A,5,Z3,Bothriochloa insculpta,11.6,Fenced,THF
2024,A,5,Z3,Hyparrhenia hirta,11.3,Fenced,THF
2024,A,5,Z3,NA,10.3,Fenced,THF
2024,A,5,Z4,Bothriochloa insculpta,13.2,Unfenced,THF
2024,A,5,Z4,Heteropogon contortus,17.8,Unfenced,THF
2024,A,5,Z4,Aristida adscensionis,18.3,Unfenced,THF
2024,A,5,Z4,Cymbopogon excavatus,17.6,Unfenced,THF
2024,A,5,Z4,Eragrostis gummiflua,19.1,Unfenced,THF
2024,A,5,Z4,Bothriochloa insculpta,16,Unfenced,THF
2024,A,5,Z4,Cymbopogon excavatus,17.5,Unfenced,THF
2024,A,5,Z4,NA,18.1,Unfenced,THF
2024,A,5,Z4,Bothriochloa insculpta,20.8,Unfenced,THF
2024,A,5,Z4,Aristida adscensionis,18.1,Unfenced,THF
2024,A,5,Z4,Urochloa mosambicensis,23.3,Unfenced,THF
2024,A,5,Z4,Hyperrhenia filipendula,24.5,Unfenced,THF
2024,A,5,Z4,Bothriochloa insculpta,35.3,Unfenced,THF
2024,A,5,Z4,Cymbopogon excavatus,24.2,Unfenced,THF
2024,A,5,Z4,NA,19,Unfenced,THF
2024,A,5,Z4,NA,23.6,Unfenced,THF
2024,A,5,Z4,Heteropogon contortus,18.8,Unfenced,THF
2024,A,5,Z4,Bothriochloa insculpta,15.6,Unfenced,THF
2024,A,5,Z4,Urochloa mosambicensis,18.3,Unfenced,THF
2024,A,5,Z4,NA,18.6,Unfenced,THF
2024,A,1,Z1,Eragrostis superba,6.4,Fenced,C
2024,A,1,Z1,Heteropogon contortus,2.8,Fenced,C
2024,A,1,Z1,Cymbopogon excavatus,5.8,Fenced,C
2024,B,1,Z1,NA,2.6,Fenced,C
2024,B,1,Z1,Eragrostis gummiflua,5.1,Fenced,C
2024,B,1,Z1,Heteropogon contortus,4.2,Fenced,C
2024,B,1,Z1,Cymbopogon excavatus,6.7,Fenced,C
2024,B,1,Z1,NA,6.2,Fenced,C
2024,B,1,Z1,Cymbopogon excavatus,6.1,Fenced,C
2024,B,1,Z1,Heteropogon contortus,3.7,Fenced,C
2024,B,1,Z1,Melinis repens,3.2,Fenced,C
2024,B,1,Z1,Aristida congesta c,2.4,Fenced,C
2024,B,1,Z1,Eragrostis gummiflua,8.5,Fenced,C
2024,B,1,Z1,Eragrostis rigidior,3.1,Fenced,C
2024,B,1,Z1,Melinis repens,4.4,Fenced,C
2024,B,1,Z1,Heteropogon contortus,4.2,Fenced,C
2024,B,1,Z1,Aristida congesta c,6.7,Fenced,C
2024,B,1,Z1,Heteropogon contortus,6,Fenced,C
2024,B,1,Z1,NA,6.7,Fenced,C
2024,B,1,Z1,NA,5.3,Fenced,C
2024,B,1,Z2,Cymbopogon excavatus,2.2,Unfenced,C
2024,B,1,Z2,Eragrostis rigidior,8,Unfenced,C
2024,B,1,Z2,Heteropogon contortus,14,Unfenced,C
2024,B,1,Z2,Aristida  canescens,20,Unfenced,C
2024,B,1,Z2,Aristida congesta c,7,Unfenced,C
2024,B,1,Z2,Eragrostis rigidior,8.2,Unfenced,C
2024,B,1,Z2,Heteropogon contortus,5.9,Unfenced,C
2024,B,1,Z2,Aristida  canescens,6.6,Unfenced,C
2024,B,1,Z2,Bothriochloa insculpta,2.6,Unfenced,C
2024,B,1,Z2,Melinis repens,6,Unfenced,C
2024,B,1,Z2,Heteropogon contortus,7.6,Unfenced,C
2024,B,1,Z2,NA,6.6,Unfenced,C
2024,B,1,Z2,Cymbopogon excavatus,11.4,Unfenced,C
2024,B,1,Z2,Bothriochloa insculpta,22.9,Unfenced,C
2024,B,1,Z2,NA,6.3,Unfenced,C
2024,B,1,Z2,NA,31,Unfenced,C
2024,B,1,Z2,Heteropogon contortus,5.6,Unfenced,C
2024,B,1,Z2,Melinis repens,7.2,Unfenced,C
2024,B,1,Z2,Bothriochloa insculpta,5.2,Unfenced,C
2024,B,1,Z2,NA,7.5,Unfenced,C
2024,B,1,Z3,Aristida congesta b,4,Fenced,C
2024,B,1,Z3,Eragrostis rigidior,4.7,Fenced,C
2024,B,1,Z3,Eragrostis superba,4.7,Fenced,C
2024,B,1,Z3,Cymbopogon excavatus,10.5,Fenced,C
2024,B,1,Z3,Hyperrhenia filipendula,NA,Fenced,C
2024,B,1,Z3,Heteropogon contortus,NA,Fenced,C
2024,B,1,Z3,Eragrostis gummiflua,10.7,Fenced,C
2024,B,1,Z3,Heteropogon contortus,11.9,Fenced,C
2024,B,1,Z3,Eragrostis superba,10.6,Fenced,C
2024,B,1,Z3,NA,9.7,Fenced,C
2024,B,1,Z3,Aristida congesta b,7.3,Fenced,C
2024,B,1,Z3,Eragrostis superba,8.8,Fenced,C
2024,B,1,Z3,Heteropogon contortus,12.3,Fenced,C
2024,B,1,Z3,Eragrostis gummiflua,5.6,Fenced,C
2024,B,1,Z3,Aristida adscensionis,NA,Fenced,C
2024,B,1,Z3,Bothriochloa insculpta,NA,Fenced,C
2024,B,1,Z3,Aristida congesta b,5.3,Fenced,C
2024,B,1,Z3,Heteropogon contortus,5.9,Fenced,C
2024,B,1,Z3,Eragrostis gummiflua,5.3,Fenced,C
2024,B,1,Z3,Aristida adscensionis,5.2,Fenced,C
2024,B,1,Z3,Melinis repens,NA,Fenced,C
2024,B,1,Z3,Themeda triandra,NA,Fenced,C
2024,B,1,Z3,Setaria sphacelata,NA,Fenced,C
2024,B,1,Z3,Heteropogon contortus,5.1,Fenced,C
2024,B,1,Z3,Cymbopogon excavatus,5.5,Fenced,C
2024,B,1,Z3,NA,5.9,Fenced,C
2024,B,1,Z3,NA,6.5,Fenced,C
2024,B,1,Z4,Eragrostis gummiflua,2.8,Unfenced,C
2024,B,1,Z4,Heteropogon contortus,5.7,Unfenced,C
2024,B,1,Z4,Cymbopogon excavatus,8.2,Unfenced,C
2024,B,1,Z4,Melinis repens,7.1,Unfenced,C
2024,B,1,Z4,Bothriochloa insculpta,NA,Unfenced,C
2024,B,1,Z4,Heteropogon contortus,3.8,Unfenced,C
2024,B,1,Z4,Cymbopogon excavatus,7,Unfenced,C
2024,B,1,Z4,NA,5.8,Unfenced,C
2024,B,1,Z4,NA,5.8,Unfenced,C
2024,B,1,Z4,Cymbopogon excavatus,16.4,Unfenced,C
2024,B,1,Z4,Eragrostis superba,17.6,Unfenced,C
2024,B,1,Z4,Eragrostis gummiflua,14.9,Unfenced,C
2024,B,1,Z4,Aristida congesta b,13.4,Unfenced,C
2024,B,1,Z4,Heteropogon contortus,NA,Unfenced,C
2024,B,1,Z4,Heteropogon contortus,4,Unfenced,C
2024,B,1,Z4,Cymbopogon excavatus,3.4,Unfenced,C
2024,B,1,Z4,Melinis repens,4.8,Unfenced,C
2024,B,1,Z4,Bothriochloa insculpta,4.9,Unfenced,C
2024,B,1,Z4,Heteropogon contortus,1.9,Unfenced,C
2024,B,1,Z4,Eragrostis gummiflua,4.2,Unfenced,C
2024,B,1,Z4,Eragrostis superba,6.7,Unfenced,C
2024,B,1,Z4,NA,7,Unfenced,C
2024,B,2,Z1,Brachiaria serrata,7.9,Fenced,F
2024,B,2,Z1,Heteropogon contortus,8.2,Fenced,F
2024,B,2,Z1,Aristida adscensionis,8.9,Fenced,F
2024,B,2,Z1,Bothriochloa insculpta,9.8,Fenced,F
2024,B,2,Z1,Heteropogon contortus,18.5,Fenced,F
2024,B,2,Z1,Cymbopogon excavatus,18.5,Fenced,F
2024,B,2,Z1,Aristida adscensionis,16.1,Fenced,F
2024,B,2,Z1,Themeda triandra,17.4,Fenced,F
2024,B,2,Z1,Heteropogon contortus,10.7,Fenced,F
2024,B,2,Z1,Cymbopogon excavatus,11,Fenced,F
2024,B,2,Z1,NA,14.8,Fenced,F
2024,B,2,Z1,NA,14.9,Fenced,F
2024,B,2,Z1,Heteropogon contortus,9.5,Fenced,F
2024,B,2,Z1,Cymbopogon excavatus,10.4,Fenced,F
2024,B,2,Z1,Aristida adscensionis,13.2,Fenced,F
2024,B,2,Z1,Eragrostis rigidior,12.3,Fenced,F
2024,B,2,Z1,Cymbopogon excavatus,17.1,Fenced,F
2024,B,2,Z1,Aristida adscensionis,17.2,Fenced,F
2024,B,2,Z1,Melinis repens,18.8,Fenced,F
2024,B,2,Z1,NA,15.6,Fenced,F
2024,B,2,Z2,Cymbopogon excavatus,16.8,Unfenced,F
2024,B,2,Z2,Hyperrhenia filipendula,13.3,Unfenced,F
2024,B,2,Z2,Heteropogon contortus,11,Unfenced,F
2024,B,2,Z2,Melinis repens,22.9,Unfenced,F
2024,B,2,Z2,Bothriochloa insculpta,NA,Unfenced,F
2024,B,2,Z2,Heteropogon contortus,3.4,Unfenced,F
2024,B,2,Z2,Melinis repens,5.7,Unfenced,F
2024,B,2,Z2,Panicum maximum,7.4,Unfenced,F
2024,B,2,Z2,NA,12,Unfenced,F
2024,B,2,Z2,Eragrostis gummiflua,9.6,Unfenced,F
2024,B,2,Z2,Heteropogon contortus,9.4,Unfenced,F
2024,B,2,Z2,Cymbopogon excavatus,9.7,Unfenced,F
2024,B,2,Z2,Bothriochloa insculpta,9.4,Unfenced,F
2024,B,2,Z2,Eragrostis gummiflua,9.3,Unfenced,F
2024,B,2,Z2,Heteropogon contortus,8.3,Unfenced,F
2024,B,2,Z2,Cymbopogon excavatus,7.8,Unfenced,F
2024,B,2,Z2,Bothriochloa insculpta,7.5,Unfenced,F
2024,B,2,Z2,Eragrostis rigidior,NA,Unfenced,F
2024,B,2,Z2,Melinis repens,NA,Unfenced,F
2024,B,2,Z2,Cymbopogon excavatus,9.3,Unfenced,F
2024,B,2,Z2,Eragrostis gummiflua,15.3,Unfenced,F
2024,B,2,Z2,Heteropogon contortus,11,Unfenced,F
2024,B,2,Z2,Urochloa mosambicensis,6.1,Unfenced,F
2024,B,2,Z3,Heteropogon contortus,6.3,Fenced,F
2024,B,2,Z3,Aristida adscensionis,5.7,Fenced,F
2024,B,2,Z3,Bothriochloa insculpta,10.9,Fenced,F
2024,B,2,Z3,NA,11.1,Fenced,F
2024,B,2,Z3,Heteropogon contortus,2.1,Fenced,F
2024,B,2,Z3,Cymbopogon excavatus,4.6,Fenced,F
2024,B,2,Z3,NA,6.9,Fenced,F
2024,B,2,Z3,NA,10.6,Fenced,F
2024,B,2,Z3,Eragrostis gummiflua,25.2,Fenced,F
2024,B,2,Z3,Heteropogon contortus,24.3,Fenced,F
2024,B,2,Z3,Cymbopogon excavatus,24,Fenced,F
2024,B,2,Z3,Aristida adscensionis,28.7,Fenced,F
2024,B,2,Z3,Melinis repens,NA,Fenced,F
2024,B,2,Z3,Digitaria eriantha,NA,Fenced,F
2024,B,2,Z3,Heteropogon contortus,6,Fenced,F
2024,B,2,Z3,Cymbopogon excavatus,4.5,Fenced,F
2024,B,2,Z3,Setaria pumila,4.7,Fenced,F
2024,B,2,Z3,NA,3.8,Fenced,F
2024,B,2,Z3,Aristida adscensionis,10.6,Fenced,F
2024,B,2,Z3,Heteropogon contortus,13,Fenced,F
2024,B,2,Z3,Digitaria eriantha,12.3,Fenced,F
2024,B,2,Z3,NA,NA,Fenced,F
2024,B,2,Z4,Heteropogon contortus,16.8,Unfenced,F
2024,B,2,Z4,Cymbopogon excavatus,19.1,Unfenced,F
2024,B,2,Z4,NA,16.8,Unfenced,F
2024,B,2,Z4,NA,17.2,Unfenced,F
2024,B,2,Z4,Heteropogon contortus,12.2,Unfenced,F
2024,B,2,Z4,Cymbopogon excavatus,19.4,Unfenced,F
2024,B,2,Z4,NA,14.9,Unfenced,F
2024,B,2,Z4,NA,13.2,Unfenced,F
2024,B,2,Z4,Heteropogon contortus,9.3,Unfenced,F
2024,B,2,Z4,Cymbopogon excavatus,10.1,Unfenced,F
2024,B,2,Z4,Eragrostis rigidior,10.8,Unfenced,F
2024,B,2,Z4,Aristida  canescens,10,Unfenced,F
2024,B,2,Z4,Setaria incrassata,NA,Unfenced,F
2024,B,2,Z4,Eragrostis gummiflua,NA,Unfenced,F
2024,B,2,Z4,Heteropogon contortus,9.8,Unfenced,F
2024,B,2,Z4,Aristida congesta b,7.6,Unfenced,F
2024,B,2,Z4,NA,10,Unfenced,F
2024,B,2,Z4,NA,9,Unfenced,F
2024,B,2,Z4,Heteropogon contortus,9.8,Unfenced,F
2024,B,2,Z4,Aristida congesta b,7.6,Unfenced,F
2024,B,2,Z4,NA,10,Unfenced,F
2024,B,2,Z4,NA,9,Unfenced,F
2024,B,2,Z4,Heteropogon contortus,8.6,Unfenced,F
2024,B,2,Z4,Eragrostis gummiflua,5.2,Unfenced,F
2024,B,2,Z4,NA,5.4,Unfenced,F
2024,B,2,Z4,NA,4,Unfenced,F
2024,B,3,Z1,Cymbopogon excavatus,6.8,Fenced,TF
2024,B,3,Z1,Cynodon dactylon,8.1,Fenced,TF
2024,B,3,Z1,Eragrostis superba,8.7,Fenced,TF
2024,B,3,Z1,Themeda triandra,10.5,Fenced,TF
2024,B,3,Z1,Bothriochloa insculpta,NA,Fenced,TF
2024,B,3,Z1,Cymbopogon plurinodis,9.5,Fenced,TF
2024,B,3,Z1,Cymbopogon excavatus,9.9,Fenced,TF
2024,B,3,Z1,Setaria incrassata,9.1,Fenced,TF
2024,B,3,Z1,Eragrostis superba,10.2,Fenced,TF
2024,B,3,Z1,Digitaria eriantha,NA,Fenced,TF
2024,B,3,Z1,Heteropogon contortus,NA,Fenced,TF
2024,B,3,Z1,Melinis repens,NA,Fenced,TF
2024,B,3,Z1,Heteropogon contortus,7.5,Fenced,TF
2024,B,3,Z1,Melinis repens,6.8,Fenced,TF
2024,B,3,Z1,Aristida adscensionis,7.3,Fenced,TF
2024,B,3,Z1,Bothriochloa insculpta,8.6,Fenced,TF
2024,B,3,Z1,Cynodon dactylon,14.1,Fenced,TF
2024,B,3,Z1,Melinis repens,10.9,Fenced,TF
2024,B,3,Z1,Aristida adscensionis,10.1,Fenced,TF
2024,B,3,Z1,Cymbopogon excavatus,10.4,Fenced,TF
2024,B,3,Z1,Cymbopogon plurinodis,NA,Fenced,TF
2024,B,3,Z1,Heteropogon contortus,15.4,Fenced,TF
2024,B,3,Z1,Melinis repens,16.2,Fenced,TF
2024,B,3,Z1,Aristida adscensionis,17.1,Fenced,TF
2024,B,3,Z1,Bothriochloa insculpta,16.9,Fenced,TF
2024,B,3,Z1,Cymbopogon plurinodis,NA,Fenced,TF
2024,B,3,Z2,Cynodon dactylon,10.2,Fenced,TF
2024,B,3,Z2,Themeda triandra,15.3,Fenced,TF
2024,B,3,Z2,Melinis repens,16.6,Fenced,TF
2024,B,3,Z2,Eragrostis gummiflua,17.2,Fenced,TF
2024,B,3,Z2,Themeda triandra,16.9,Fenced,TF
2024,B,3,Z2,Hyperrhenia filipendula,17.3,Fenced,TF
2024,B,3,Z2,Cymbopogon excavatus,15,Fenced,TF
2024,B,3,Z2,Setaria pumila,13.6,Fenced,TF
2024,B,3,Z2,Sporobolus africanus,NA,Fenced,TF
2024,B,3,Z2,Heteropogon contortus,17.3,Fenced,TF
2024,B,3,Z2,Melinis repens,15.8,Fenced,TF
2024,B,3,Z2,Aristida adscensionis,14.8,Fenced,TF
2024,B,3,Z2,Cymbopogon plurinodis,14.6,Fenced,TF
2024,B,3,Z2,Cymbopogon excavatus,24.7,Fenced,TF
2024,B,3,Z2,Heteropogon contortus,26.3,Fenced,TF
2024,B,3,Z2,Melinis repens,19.7,Fenced,TF
2024,B,3,Z2,Eragrostis gummiflua,21.3,Fenced,TF
2024,B,3,Z2,Heteropogon contortus,7.5,Fenced,TF
2024,B,3,Z2,Cymbopogon excavatus,8.5,Fenced,TF
2024,B,3,Z2,Eragrostis gummiflua,12.4,Fenced,TF
2024,B,3,Z2,NA,13.5,Fenced,TF
2024,B,3,Z3,Eragrostis superba,7.9,Unfenced,TF
2024,B,3,Z3,Heteropogon contortus,10.7,Unfenced,TF
2024,B,3,Z3,Melinis repens,10.2,Unfenced,TF
2024,B,3,Z3,Eragrostis gummiflua,9.6,Unfenced,TF
2024,B,3,Z3,Digitaria eriantha,3.2,Unfenced,TF
2024,B,3,Z3,Heteropogon contortus,2.8,Unfenced,TF
2024,B,3,Z3,Melinis repens,5.7,Unfenced,TF
2024,B,3,Z3,Eragrostis gummiflua,10.1,Unfenced,TF
2024,B,3,Z3,Heteropogon contortus,7.3,Unfenced,TF
2024,B,3,Z3,Setaria sphacelata,9.7,Unfenced,TF
2024,B,3,Z3,Themeda triandra,11.3,Unfenced,TF
2024,B,3,Z3,Digitaria eriantha,11.9,Unfenced,TF
2024,B,3,Z3,Heteropogon contortus,13,Unfenced,TF
2024,B,3,Z3,Cymbopogon plurinodis,16.9,Unfenced,TF
2024,B,3,Z3,Cymbopogon excavatus,16.7,Unfenced,TF
2024,B,3,Z3,NA,16.2,Unfenced,TF
2024,B,3,Z3,Heteropogon contortus,5.9,Unfenced,TF
2024,B,3,Z3,Aristida adscensionis,9.5,Unfenced,TF
2024,B,3,Z3,Eragrostis superba,10.8,Unfenced,TF
2024,B,3,Z3,Eragrostis gummiflua,10.1,Unfenced,TF
2024,B,3,Z4,Heteropogon contortus,8.4,Unfenced,TF
2024,B,3,Z4,Aristida adscensionis,7.2,Unfenced,TF
2024,B,3,Z4,Digitaria eriantha,10.7,Unfenced,TF
2024,B,3,Z4,Eragrostis gummiflua,10.1,Unfenced,TF
2024,B,3,Z4,Cymbopogon plurinodis,NA,Unfenced,TF
2024,B,3,Z4,Heteropogon contortus,13.1,Unfenced,TF
2024,B,3,Z4,Aristida adscensionis,12.6,Unfenced,TF
2024,B,3,Z4,Digitaria eriantha,14.6,Unfenced,TF
2024,B,3,Z4,NA,13.1,Unfenced,TF
2024,B,3,Z4,Heteropogon contortus,15,Unfenced,TF
2024,B,3,Z4,Aristida adscensionis,14.5,Unfenced,TF
2024,B,3,Z4,Setaria pumila,14.1,Unfenced,TF
2024,B,3,Z4,NA,15,Unfenced,TF
2024,B,3,Z4,Heteropogon contortus,7.9,Unfenced,TF
2024,B,3,Z4,Melinis repens,10,Unfenced,TF
2024,B,3,Z4,Eragrostis gummiflua,10.3,Unfenced,TF
2024,B,3,Z4,NA,10.1,Unfenced,TF
2024,B,3,Z4,Heteropogon contortus,6,Unfenced,TF
2024,B,3,Z4,Digitaria eriantha,7.8,Unfenced,TF
2024,B,3,Z4,Eragrostis gummiflua,6.6,Unfenced,TF
2024,B,3,Z4,NA,8.1,Unfenced,TF
2024,B,4,Z1,Cymbopogon excavatus,17.7,Fenced,TFB
2024,B,4,Z1,Eragrostis superba,17.6,Fenced,TFB
2024,B,4,Z1,Heteropogon contortus,20,Fenced,TFB
2024,B,4,Z1,NA,15.4,Fenced,TFB
2024,B,4,Z1,Eragrostis gummiflua,11.8,Fenced,TFB
2024,B,4,Z1,Heteropogon contortus,13,Fenced,TFB
2024,B,4,Z1,Aristida adscensionis,11.2,Fenced,TFB
2024,B,4,Z1,Digitaria eriantha,13.4,Fenced,TFB
2024,B,4,Z1,Eragrostis superba,NA,Fenced,TFB
2024,B,4,Z1,Cymbopogon plurinodis,NA,Fenced,TFB
2024,B,4,Z1,Heteropogon contortus,10.2,Fenced,TFB
2024,B,4,Z1,Eragrostis rigidior,9,Fenced,TFB
2024,B,4,Z1,Melinis repens,9,Fenced,TFB
2024,B,4,Z1,Bothriochloa insculpta,10.2,Fenced,TFB
2024,B,4,Z1,Heteropogon contortus,7.8,Fenced,TFB
2024,B,4,Z1,Eragrostis superba,7.4,Fenced,TFB
2024,B,4,Z1,Aristida congesta c,8,Fenced,TFB
2024,B,4,Z1,Themeda triandra,10,Fenced,TFB
2024,B,4,Z1,Heteropogon contortus,17.3,Fenced,TFB
2024,B,4,Z1,Aristida adscensionis,12.7,Fenced,TFB
2024,B,4,Z1,Melinis repens,13.3,Fenced,TFB
2024,B,4,Z1,Aristida diffusa,12.7,Fenced,TFB
2024,B,4,Z1,Hyperrhenia filipendula,NA,Fenced,TFB
2024,B,4,Z1,Setaria pumila,NA,Fenced,TFB
2024,B,4,Z2,Cymbopogon excavatus,3.7,Fenced,TFB
2024,B,4,Z2,Heteropogon contortus,3.3,Fenced,TFB
2024,B,4,Z2,Melinis repens,8.4,Fenced,TFB
2024,B,4,Z2,NA,12.3,Fenced,TFB
2024,B,4,Z2,Cymbopogon excavatus,17.7,Fenced,TFB
2024,B,4,Z2,Heteropogon contortus,17.1,Fenced,TFB
2024,B,4,Z2,Eragrostis gummiflua,13.3,Fenced,TFB
2024,B,4,Z2,Setaria pumila,12.7,Fenced,TFB
2024,B,4,Z2,Cymbopogon excavatus,4.1,Fenced,TFB
2024,B,4,Z2,Heteropogon contortus,10.4,Fenced,TFB
2024,B,4,Z2,Aristida diffusa,8.8,Fenced,TFB
2024,B,4,Z2,NA,6.9,Fenced,TFB
2024,B,4,Z2,Eragrostis gummiflua,6.4,Fenced,TFB
2024,B,4,Z2,Cymbopogon excavatus,6.6,Fenced,TFB
2024,B,4,Z2,Heteropogon contortus,7.3,Fenced,TFB
2024,B,4,Z2,Melinis repens,7.6,Fenced,TFB
2024,B,4,Z2,Eragrostis rigidior,NA,Fenced,TFB
2024,B,4,Z2,Aristida  canescens,NA,Fenced,TFB
2024,B,4,Z2,Cymbopogon excavatus,21.1,Fenced,TFB
2024,B,4,Z2,Heteropogon contortus,15.1,Fenced,TFB
2024,B,4,Z2,Eragrostis superba,12.2,Fenced,TFB
2024,B,4,Z2,NA,14.9,Fenced,TFB
2024,B,4,Z3,Heteropogon contortus,18.3,Unfenced,TFB
2024,B,4,Z3,Melinis repens,26,Unfenced,TFB
2024,B,4,Z3,Hyperrhenia filipendula,24.6,Unfenced,TFB
2024,B,4,Z3,Themeda triandra,21,Unfenced,TFB
2024,B,4,Z3,Heteropogon contortus,18.8,Unfenced,TFB
2024,B,4,Z3,Melinis repens,11.2,Unfenced,TFB
2024,B,4,Z3,Eragrostis rigidior,2,Unfenced,TFB
2024,B,4,Z3,NA,3.3,Unfenced,TFB
2024,B,4,Z3,Heteropogon contortus,4.4,Unfenced,TFB
2024,B,4,Z3,Digitaria eriantha,4.2,Unfenced,TFB
2024,B,4,Z3,NA,4.1,Unfenced,TFB
2024,B,4,Z3,NA,5,Unfenced,TFB
2024,B,4,Z3,Heteropogon contortus,14.1,Unfenced,TFB
2024,B,4,Z3,Melinis repens,23.2,Unfenced,TFB
2024,B,4,Z3,Hyperrhenia filipendula,19.2,Unfenced,TFB
2024,B,4,Z3,Themeda triandra,11.4,Unfenced,TFB
2024,B,4,Z3,Eragrostis superba,NA,Unfenced,TFB
2024,B,4,Z3,Digitaria eriantha,7.3,Unfenced,TFB
2024,B,4,Z3,Heteropogon contortus,7.7,Unfenced,TFB
2024,B,4,Z3,Melinis repens,7.8,Unfenced,TFB
2024,B,4,Z3,Aristida adscensionis,9.4,Unfenced,TFB
2024,B,4,Z4,Eragrostis rigidior,10.7,Unfenced,TFB
2024,B,4,Z4,Heteropogon contortus,33.7,Unfenced,TFB
2024,B,4,Z4,Digitaria eriantha,29.4,Unfenced,TFB
2024,B,4,Z4,Cymbopogon excavatus,20.7,Unfenced,TFB
2024,B,4,Z4,Eragrostis superba,NA,Unfenced,TFB
2024,B,4,Z4,Heteropogon contortus,17.1,Unfenced,TFB
2024,B,4,Z4,Melinis repens,17.2,Unfenced,TFB
2024,B,4,Z4,Aristida adscensionis,16.3,Unfenced,TFB
2024,B,4,Z4,Setaria pumila,14.7,Unfenced,TFB
2024,B,4,Z4,Heteropogon contortus,16,Unfenced,TFB
2024,B,4,Z4,Aristida adscensionis,15,Unfenced,TFB
2024,B,4,Z4,Setaria pumila,18.1,Unfenced,TFB
2024,B,4,Z4,Eragrostis superba,19.4,Unfenced,TFB
2024,B,4,Z4,Cymbopogon excavatus,7.8,Unfenced,TFB
2024,B,4,Z4,Melinis repens,7.6,Unfenced,TFB
2024,B,4,Z4,Heteropogon contortus,7.5,Unfenced,TFB
2024,B,4,Z4,Eragrostis gummiflua,7.6,Unfenced,TFB
2024,B,4,Z4,Cymbopogon excavatus,33.7,Unfenced,TFB
2024,B,4,Z4,Melinis repens,31.6,Unfenced,TFB
2024,B,4,Z4,Heteropogon contortus,31,Unfenced,TFB
2024,B,4,Z4,Eragrostis gummiflua,26.4,Unfenced,TFB
2024,B,5,Z1,Cynodon dactylon,13.2,Fenced,THF
2024,B,5,Z1,Heteropogon contortus,10.8,Fenced,THF
2024,B,5,Z1,Setaria pumila,11.6,Fenced,THF
2024,B,5,Z1,Aristida congesta b,11,Fenced,THF
2024,B,5,Z1,Heteropogon contortus,14.5,Fenced,THF
2024,B,5,Z1,Melinis repens,14.6,Fenced,THF
2024,B,5,Z1,Hyperrhenia filipendula,14,Fenced,THF
2024,B,5,Z1,Themeda triandra,14.9,Fenced,THF
2024,B,5,Z1,Setaria pumila,NA,Fenced,THF
2024,B,5,Z1,Cynodon dactylon,4.3,Fenced,THF
2024,B,5,Z1,Heteropogon contortus,5.5,Fenced,THF
2024,B,5,Z1,Cymbopogon excavatus,10.1,Fenced,THF
2024,B,5,Z1,NA,9.7,Fenced,THF
2024,B,5,Z1,Cynodon dactylon,13.9,Fenced,THF
2024,B,5,Z1,Cymbopogon excavatus,8.2,Fenced,THF
2024,B,5,Z1,Setaria pumila,8.5,Fenced,THF
2024,B,5,Z1,NA,9.1,Fenced,THF
2024,B,5,Z1,Bothriochloa insculpta,9.7,Fenced,THF
2024,B,5,Z1,Heteropogon contortus,8.6,Fenced,THF
2024,B,5,Z1,NA,7.1,Fenced,THF
2024,B,5,Z1,NA,7.5,Fenced,THF
2024,B,5,Z2,Cynodon dactylon,12.5,Unfenced,THF
2024,B,5,Z2,Heteropogon contortus,10,Unfenced,THF
2024,B,5,Z2,Aristida congesta b,10.1,Unfenced,THF
2024,B,5,Z2,Melinis repens,9.9,Unfenced,THF
2024,B,5,Z2,Eragrostis gummiflua,NA,Unfenced,THF
2024,B,5,Z2,Eragrostis superba,NA,Unfenced,THF
2024,B,5,Z2,Cynodon dactylon,5,Unfenced,THF
2024,B,5,Z2,Heteropogon contortus,3.4,Unfenced,THF
2024,B,5,Z2,Setaria pumila,4.1,Unfenced,THF
2024,B,5,Z2,NA,4.2,Unfenced,THF
2024,B,5,Z2,Heteropogon contortus,6,Unfenced,THF
2024,B,5,Z2,Eragrostis superba,7.1,Unfenced,THF
2024,B,5,Z2,Bothriochloa insculpta,6.4,Unfenced,THF
2024,B,5,Z2,Themeda triandra,5.8,Unfenced,THF
2024,B,5,Z2,Setaria pumila,20.4,Unfenced,THF
2024,B,5,Z2,Heteropogon contortus,11.8,Unfenced,THF
2024,B,5,Z2,Brachiaria serrata,8.8,Unfenced,THF
2024,B,5,Z2,Aristida congesta b,9.7,Unfenced,THF
2024,B,5,Z2,Eragrostis superba,6.9,Unfenced,THF
2024,B,5,Z2,Setaria pumila,10.1,Unfenced,THF
2024,B,5,Z2,Heteropogon contortus,10.4,Unfenced,THF
2024,B,5,Z2,Cymbopogon excavatus,10.4,Unfenced,THF
2024,B,5,Z3,Heteropogon contortus,8.6,Fenced,THF
2024,B,5,Z3,Setaria pumila,6.3,Fenced,THF
2024,B,5,Z3,NA,6,Fenced,THF
2024,B,5,Z3,NA,6.1,Fenced,THF
2024,B,5,Z3,Cynodon dactylon,6.3,Fenced,THF
2024,B,5,Z3,Heteropogon contortus,17.1,Fenced,THF
2024,B,5,Z3,Eragrostis superba,16.8,Fenced,THF
2024,B,5,Z3,Setaria pumila,8.5,Fenced,THF
2024,B,5,Z3,Sporobolus africanus,NA,Fenced,THF
2024,B,5,Z3,Aristida congesta b,NA,Fenced,THF
2024,B,5,Z3,Cymbopogon plurinodis,12.1,Fenced,THF
2024,B,5,Z3,Cynodon dactylon,9.5,Fenced,THF
2024,B,5,Z3,Heteropogon contortus,9.7,Fenced,THF
2024,B,5,Z3,Eragrostis superba,9.6,Fenced,THF
2024,B,5,Z3,Aristida congesta b,NA,Fenced,THF
2024,B,5,Z3,Eragrostis gummiflua,NA,Fenced,THF
2024,B,5,Z3,Heteropogon contortus,7.5,Fenced,THF
2024,B,5,Z3,Setaria pumila,6,Fenced,THF
2024,B,5,Z3,NA,2,Fenced,THF
2024,B,5,Z3,NA,3.9,Fenced,THF
2024,B,5,Z3,Aristida congesta b,5.7,Fenced,THF
2024,B,5,Z3,Heteropogon contortus,5.3,Fenced,THF
2024,B,5,Z3,Eragrostis gummiflua,8.4,Fenced,THF
2024,B,5,Z3,NA,6.5,Fenced,THF
2024,B,5,Z4,Cynodon dactylon,8.6,Unfenced,THF
2024,B,5,Z4,Heteropogon contortus,9.2,Unfenced,THF
2024,B,5,Z4,Setaria pumila,13.2,Unfenced,THF
2024,B,5,Z4,Aristida congesta b,13.2,Unfenced,THF
2024,B,5,Z4,Melinis repens,NA,Unfenced,THF
2024,B,5,Z4,Bothriochloa insculpta,10.7,Unfenced,THF
2024,B,5,Z4,Heteropogon contortus,3.1,Unfenced,THF
2024,B,5,Z4,Eragrostis superba,8.5,Unfenced,THF
2024,B,5,Z4,NA,6.5,Unfenced,THF
2024,B,5,Z4,Cynodon dactylon,13.6,Unfenced,THF
2024,B,5,Z4,Eragrostis rigidior,12.1,Unfenced,THF
2024,B,5,Z4,Digitaria eriantha,9.4,Unfenced,THF
2024,B,5,Z4,Sporobolus africanus,10.1,Unfenced,THF
2024,B,5,Z4,Heteropogon contortus,9.3,Unfenced,THF
2024,B,5,Z4,Eragrostis superba,10,Unfenced,THF
2024,B,5,Z4,Bothriochloa insculpta,12,Unfenced,THF
2024,B,5,Z4,Themeda triandra,12.5,Unfenced,THF
2024,B,5,Z4,Setaria pumila,NA,Unfenced,THF
2024,B,5,Z4,Cynodon dactylon,NA,Unfenced,THF
2024,B,5,Z4,Heteropogon contortus,8.8,Unfenced,THF
2024,B,5,Z4,Eragrostis superba,7.7,Unfenced,THF
2024,B,5,Z4,Bothriochloa insculpta,6.4,Unfenced,THF
2024,B,5,Z4,Aristida adscensionis,7,Unfenced,THF
2024,B,5,Z4,Aristida congesta b,NA,Unfenced,THF
2024,C,1,Z1,NA,0,Fenced,C
2024,C,1,Z1,NA,0,Fenced,C
2024,C,1,Z1,NA,0,Fenced,C
2024,C,1,Z1,NA,0,Fenced,C
2024,C,1,Z1,Cynodon dactylon,5.8,Fenced,C
2024,C,1,Z1,Aristida adscensionis,6.8,Fenced,C
2024,C,1,Z1,NA,6.8,Fenced,C
2024,C,1,Z1,NA,6.1,Fenced,C
2024,C,1,Z1,Heteropogon contortus,2.5,Fenced,C
2024,C,1,Z1,Brachiaria brizantha,2.4,Fenced,C
2024,C,1,Z1,NA,2.7,Fenced,C
2024,C,1,Z1,NA,2.5,Fenced,C
2024,C,1,Z1,Setaria incrassata,4.6,Fenced,C
2024,C,1,Z1,Heteropogon contortus,4.2,Fenced,C
2024,C,1,Z1,NA,4.4,Fenced,C
2024,C,1,Z1,NA,4.6,Fenced,C
2024,C,1,Z1,Heteropogon contortus,2,Fenced,C
2024,C,1,Z1,NA,2.4,Fenced,C
2024,C,1,Z1,NA,2.4,Fenced,C
2024,C,1,Z1,NA,2.3,Fenced,C
2024,C,1,Z2,Setaria incrassata,4.1,Fenced,C
2024,C,1,Z2,Heteropogon contortus,2.9,Fenced,C
2024,C,1,Z2,NA,3.3,Fenced,C
2024,C,1,Z2,NA,4.8,Fenced,C
2024,C,1,Z2,Eragrostis gummiflua,2.2,Fenced,C
2024,C,1,Z2,Heteropogon contortus,4,Fenced,C
2024,C,1,Z2,NA,2.4,Fenced,C
2024,C,1,Z2,NA,4.1,Fenced,C
2024,C,1,Z2,Sporobolus africanus,3.3,Fenced,C
2024,C,1,Z2,Aristida  canescens,3.9,Fenced,C
2024,C,1,Z2,Brachiaria brizantha,3.6,Fenced,C
2024,C,1,Z2,Eragrostis gummiflua,3.5,Fenced,C
2024,C,1,Z2,Heteropogon contortus,NA,Fenced,C
2024,C,1,Z2,Heteropogon contortus,5.3,Fenced,C
2024,C,1,Z2,Panicum maximum,5,Fenced,C
2024,C,1,Z2,NA,5,Fenced,C
2024,C,1,Z2,NA,4.7,Fenced,C
2024,C,1,Z2,Hyperrhenia filipendula,1.9,Fenced,C
2024,C,1,Z2,NA,2.1,Fenced,C
2024,C,1,Z2,NA,2.8,Fenced,C
2024,C,1,Z2,NA,2,Fenced,C
2024,C,1,Z3,Setaria incrassata,3.9,Unfenced,C
2024,C,1,Z3,Melinis repens,3.9,Unfenced,C
2024,C,1,Z3,NA,4,Unfenced,C
2024,C,1,Z3,NA,4.1,Unfenced,C
2024,C,1,Z3,Heteropogon contortus,2.2,Unfenced,C
2024,C,1,Z3,NA,3,Unfenced,C
2024,C,1,Z3,NA,2.6,Unfenced,C
2024,C,1,Z3,NA,2.8,Unfenced,C
2024,C,1,Z3,Heteropogon contortus,3.5,Unfenced,C
2024,C,1,Z3,Melinis repens,3.8,Unfenced,C
2024,C,1,Z3,NA,3.2,Unfenced,C
2024,C,1,Z3,NA,3.1,Unfenced,C
2024,C,1,Z3,Eragrostis gummiflua,4.4,Unfenced,C
2024,C,1,Z3,Panicum maximum,4.1,Unfenced,C
2024,C,1,Z3,Digitaria eriantha,3.2,Unfenced,C
2024,C,1,Z3,NA,2.1,Unfenced,C
2024,C,1,Z3,Eragrostis gummiflua,3.6,Unfenced,C
2024,C,1,Z3,Heteropogon contortus,3.1,Unfenced,C
2024,C,1,Z3,Setaria incrassata,3.1,Unfenced,C
2024,C,1,Z3,NA,3.3,Unfenced,C
2024,C,1,Z4,Heteropogon contortus,2.6,Unfenced,C
2024,C,1,Z4,Melinis repens,3.5,Unfenced,C
2024,C,1,Z4,NA,3,Unfenced,C
2024,C,1,Z4,NA,2.8,Unfenced,C
2024,C,1,Z4,Heteropogon contortus,4.9,Unfenced,C
2024,C,1,Z4,Setaria incrassata,5,Unfenced,C
2024,C,1,Z4,NA,4.4,Unfenced,C
2024,C,1,Z4,NA,4.4,Unfenced,C
2024,C,1,Z4,Heteropogon contortus,3.7,Unfenced,C
2024,C,1,Z4,Digitaria eriantha,3.7,Unfenced,C
2024,C,1,Z4,NA,3.5,Unfenced,C
2024,C,1,Z4,NA,3.4,Unfenced,C
2024,C,1,Z4,Heteropogon contortus,4.4,Unfenced,C
2024,C,1,Z4,NA,3.8,Unfenced,C
2024,C,1,Z4,NA,3.3,Unfenced,C
2024,C,1,Z4,NA,3.6,Unfenced,C
2024,C,1,Z4,Eragrostis gummiflua,2.5,Unfenced,C
2024,C,1,Z4,NA,2.3,Unfenced,C
2024,C,1,Z4,NA,2.3,Unfenced,C
2024,C,1,Z4,NA,2.2,Unfenced,C
2024,C,2,Z1,Panicum maximum,4.4,Fenced,TFB
2024,C,2,Z1,NA,3.9,Fenced,TFB
2024,C,2,Z1,NA,6.2,Fenced,TFB
2024,C,2,Z1,NA,3.5,Fenced,TFB
2024,C,2,Z1,Panicum maximum,8.1,Fenced,TFB
2024,C,2,Z1,Eragrostis superba,7.3,Fenced,TFB
2024,C,2,Z1,Heteropogon contortus,6.9,Fenced,TFB
2024,C,2,Z1,NA,6.2,Fenced,TFB
2024,C,2,Z1,Panicum maximum,4,Fenced,TFB
2024,C,2,Z1,NA,4.3,Fenced,TFB
2024,C,2,Z1,NA,4,Fenced,TFB
2024,C,2,Z1,NA,4.1,Fenced,TFB
2024,C,2,Z1,Panicum maximum,1.9,Fenced,TFB
2024,C,2,Z1,NA,2.5,Fenced,TFB
2024,C,2,Z1,NA,2.5,Fenced,TFB
2024,C,2,Z1,NA,2.6,Fenced,TFB
2024,C,2,Z1,Eragrostis rigidior,2.2,Fenced,TFB
2024,C,2,Z1,Eragrostis gummiflua,2.3,Fenced,TFB
2024,C,2,Z1,NA,2,Fenced,TFB
2024,C,2,Z1,NA,3,Fenced,TFB
2024,C,2,Z2,Panicum maximum,4.3,Unfenced,TFB
2024,C,2,Z2,NA,5,Unfenced,TFB
2024,C,2,Z2,NA,5.3,Unfenced,TFB
2024,C,2,Z2,NA,5,Unfenced,TFB
2024,C,2,Z2,Panicum maximum,4.3,Unfenced,TFB
2024,C,2,Z2,NA,5,Unfenced,TFB
2024,C,2,Z2,NA,5.3,Unfenced,TFB
2024,C,2,Z2,NA,5,Unfenced,TFB
2024,C,2,Z2,Panicum maximum,4.2,Unfenced,TFB
2024,C,2,Z2,NA,3.6,Unfenced,TFB
2024,C,2,Z2,NA,4,Unfenced,TFB
2024,C,2,Z2,NA,3.7,Unfenced,TFB
2024,C,2,Z2,NA,0,Unfenced,TFB
2024,C,2,Z2,NA,0,Unfenced,TFB
2024,C,2,Z2,NA,0,Unfenced,TFB
2024,C,2,Z2,NA,0,Unfenced,TFB
2024,C,2,Z2,Panicum maximum,6.7,Unfenced,TFB
2024,C,2,Z2,NA,6.9,Unfenced,TFB
2024,C,2,Z2,NA,6.4,Unfenced,TFB
2024,C,2,Z2,NA,6.4,Unfenced,TFB
2024,C,2,Z3,Digitaria eriantha,5.3,Fenced,TFB
2024,C,2,Z3,Heteropogon contortus,5.1,Fenced,TFB
2024,C,2,Z3,Eragrostis rigidior,6.1,Fenced,TFB
2024,C,2,Z3,NA,6.2,Fenced,TFB
2024,C,2,Z3,Eragrostis rigidior,1.7,Fenced,TFB
2024,C,2,Z3,NA,2.8,Fenced,TFB
2024,C,2,Z3,NA,2.8,Fenced,TFB
2024,C,2,Z3,NA,2.8,Fenced,TFB
2024,C,2,Z3,Panicum maximum,20.7,Fenced,TFB
2024,C,2,Z3,NA,19.4,Fenced,TFB
2024,C,2,Z3,NA,26.5,Fenced,TFB
2024,C,2,Z3,NA,24,Fenced,TFB
2024,C,2,Z3,Panicum maximum,10.3,Fenced,TFB
2024,C,2,Z3,NA,7.8,Fenced,TFB
2024,C,2,Z3,NA,6.8,Fenced,TFB
2024,C,2,Z3,NA,7.8,Fenced,TFB
2024,C,2,Z3,Eragrostis viscosa,1.9,Fenced,TFB
2024,C,2,Z3,Eragrostis gummiflua,1.8,Fenced,TFB
2024,C,2,Z3,NA,1.7,Fenced,TFB
2024,C,2,Z3,NA,2,Fenced,TFB
2024,C,2,Z4,Panicum maximum,3,Unfenced,TFB
2024,C,2,Z4,NA,3.1,Unfenced,TFB
2024,C,2,Z4,NA,2.8,Unfenced,TFB
2024,C,2,Z4,NA,3.3,Unfenced,TFB
2024,C,2,Z4,Brachiaria brizantha,8,Unfenced,TFB
2024,C,2,Z4,Eragrostis rigidior,7.2,Unfenced,TFB
2024,C,2,Z4,NA,8.4,Unfenced,TFB
2024,C,2,Z4,NA,9.1,Unfenced,TFB
2024,C,2,Z4,Panicum maximum,4.7,Unfenced,TFB
2024,C,2,Z4,NA,4.9,Unfenced,TFB
2024,C,2,Z4,NA,5.3,Unfenced,TFB
2024,C,2,Z4,NA,6.1,Unfenced,TFB
2024,C,2,Z4,Panicum maximum,3.8,Unfenced,TFB
2024,C,2,Z4,NA,4,Unfenced,TFB
2024,C,2,Z4,NA,3.9,Unfenced,TFB
2024,C,2,Z4,NA,3.3,Unfenced,TFB
2024,C,2,Z4,NA,0,Unfenced,TFB
2024,C,2,Z4,NA,0,Unfenced,TFB
2024,C,2,Z4,NA,0,Unfenced,TFB
2024,C,2,Z4,NA,0,Unfenced,TFB
2024,C,3,Z1,Heteropogon contortus,12.2,Fenced,TF
2024,C,3,Z1,Eragrostis rigidior,11.8,Fenced,TF
2024,C,3,Z1,Pogonarthria squarrosa,11.2,Fenced,TF
2024,C,3,Z1,NA,10.6,Fenced,TF
2024,C,3,Z1,Heteropogon contortus,8.8,Fenced,TF
2024,C,3,Z1,Digitaria eriantha,8.6,Fenced,TF
2024,C,3,Z1,Brachiaria brizantha,8.4,Fenced,TF
2024,C,3,Z1,NA,8.3,Fenced,TF
2024,C,3,Z1,Heteropogon contortus,4.9,Fenced,TF
2024,C,3,Z1,Panicum maximum,4.3,Fenced,TF
2024,C,3,Z1,Digitaria eriantha,4,Fenced,TF
2024,C,3,Z1,Melinis repens,5.9,Fenced,TF
2024,C,3,Z1,Heteropogon contortus,4.2,Fenced,TF
2024,C,3,Z1,NA,4,Fenced,TF
2024,C,3,Z1,NA,4.3,Fenced,TF
2024,C,3,Z1,NA,5.1,Fenced,TF
2024,C,3,Z1,Heteropogon contortus,2.2,Fenced,TF
2024,C,3,Z1,Panicum maximum,3.6,Fenced,TF
2024,C,3,Z1,NA,3.8,Fenced,TF
2024,C,3,Z1,NA,3.5,Fenced,TF
2024,C,3,Z2,Digitaria eriantha,2.4,Fenced,TF
2024,C,3,Z2,Pogonarthria squarrosa,3.2,Fenced,TF
2024,C,3,Z2,Brachiaria brizantha,3.2,Fenced,TF
2024,C,3,Z2,Setaria incrassata,3.3,Fenced,TF
2024,C,3,Z2,Digitaria eriantha,4.1,Fenced,TF
2024,C,3,Z2,Pogonarthria squarrosa,4.4,Fenced,TF
2024,C,3,Z2,Brachiaria brizantha,5.1,Fenced,TF
2024,C,3,Z2,NA,5.1,Fenced,TF
2024,C,3,Z2,Panicum maximum,12.8,Fenced,TF
2024,C,3,Z2,NA,8.3,Fenced,TF
2024,C,3,Z2,NA,7.2,Fenced,TF
2024,C,3,Z2,NA,6.6,Fenced,TF
2024,C,3,Z2,Heteropogon contortus,4.4,Fenced,TF
2024,C,3,Z2,NA,4.6,Fenced,TF
2024,C,3,Z2,NA,4,Fenced,TF
2024,C,3,Z2,NA,3.7,Fenced,TF
2024,C,3,Z2,Pogonarthria squarrosa,5.3,Fenced,TF
2024,C,3,Z2,Brachiaria brizantha,5.2,Fenced,TF
2024,C,3,Z2,Heteropogon contortus,4.4,Fenced,TF
2024,C,3,Z2,NA,4.4,Fenced,TF
2024,C,3,Z3,Pogonarthria squarrosa,2.2,Unfenced,TF
2024,C,3,Z3,Setaria incrassata,2.4,Unfenced,TF
2024,C,3,Z3,Heteropogon contortus,3.8,Unfenced,TF
2024,C,3,Z3,NA,4.7,Unfenced,TF
2024,C,3,Z3,Pogonarthria squarrosa,5.9,Unfenced,TF
2024,C,3,Z3,Heteropogon contortus,5.4,Unfenced,TF
2024,C,3,Z3,Eragrostis rigidior,4.9,Unfenced,TF
2024,C,3,Z3,NA,4.7,Unfenced,TF
2024,C,3,Z3,Pogonarthria squarrosa,2,Unfenced,TF
2024,C,3,Z3,Eragrostis rigidior,2.5,Unfenced,TF
2024,C,3,Z3,Digitaria eriantha,3.5,Unfenced,TF
2024,C,3,Z3,NA,4.9,Unfenced,TF
2024,C,3,Z3,Heteropogon contortus,3.4,Unfenced,TF
2024,C,3,Z3,Pogonarthria squarrosa,2.9,Unfenced,TF
2024,C,3,Z3,Melinis repens,3,Unfenced,TF
2024,C,3,Z3,NA,2.2,Unfenced,TF
2024,C,3,Z3,Cynodon dactylon,2.9,Unfenced,TF
2024,C,3,Z3,Hyperrhenia filipendula,2,Unfenced,TF
2024,C,3,Z3,NA,4.1,Unfenced,TF
2024,C,3,Z3,NA,2.9,Unfenced,TF
2024,C,3,Z4,Pogonarthria squarrosa,2.4,Unfenced,TF
2024,C,3,Z4,Heteropogon contortus,3.5,Unfenced,TF
2024,C,3,Z4,Hyperrhenia filipendula,4.2,Unfenced,TF
2024,C,3,Z4,NA,4,Unfenced,TF
2024,C,3,Z4,Melinis repens,4.4,Unfenced,TF
2024,C,3,Z4,Eragrostis rigidior,5.2,Unfenced,TF
2024,C,3,Z4,Digitaria eriantha,6.5,Unfenced,TF
2024,C,3,Z4,Brachiaria brizantha,5.5,Unfenced,TF
2024,C,3,Z4,Pogonarthria squarrosa,4.9,Unfenced,TF
2024,C,3,Z4,Eragrostis rigidior,6.9,Unfenced,TF
2024,C,3,Z4,Digitaria eriantha,4.9,Unfenced,TF
2024,C,3,Z4,NA,4.5,Unfenced,TF
2024,C,3,Z4,Heteropogon contortus,5.3,Unfenced,TF
2024,C,3,Z4,Digitaria eriantha,5.5,Unfenced,TF
2024,C,3,Z4,Brachiaria brizantha,5.3,Unfenced,TF
2024,C,3,Z4,NA,4.6,Unfenced,TF
2024,C,3,Z4,Eragrostis rigidior,4,Unfenced,TF
2024,C,3,Z4,Digitaria eriantha,5.5,Unfenced,TF
2024,C,3,Z4,Brachiaria brizantha,4.4,Unfenced,TF
2024,C,3,Z4,Pogonarthria squarrosa,4.1,Unfenced,TF
2024,C,3,Z4,Eragrostis gummiflua,NA,Unfenced,TF
2024,C,4,Z1,Heteropogon contortus,3.4,Fenced,F
2024,C,4,Z1,Eragrostis rigidior,5.8,Fenced,F
2024,C,4,Z1,NA,4.8,Fenced,F
2024,C,4,Z1,NA,4.4,Fenced,F
2024,C,4,Z1,Pogonarthria squarrosa,3.2,Fenced,F
2024,C,4,Z1,Heteropogon contortus,3.8,Fenced,F
2024,C,4,Z1,Panicum maximum,3.7,Fenced,F
2024,C,4,Z1,NA,4.3,Fenced,F
2024,C,4,Z1,Eragrostis rigidior,2.7,Fenced,F
2024,C,4,Z1,Digitaria eriantha,4.8,Fenced,F
2024,C,4,Z1,NA,4.6,Fenced,F
2024,C,4,Z1,NA,4.7,Fenced,F
2024,C,4,Z1,Pogonarthria squarrosa,2.9,Fenced,F
2024,C,4,Z1,Heteropogon contortus,3.8,Fenced,F
2024,C,4,Z1,NA,3.7,Fenced,F
2024,C,4,Z1,NA,3.6,Fenced,F
2024,C,4,Z1,Heteropogon contortus,4.2,Fenced,F
2024,C,4,Z1,Panicum maximum,6.4,Fenced,F
2024,C,4,Z1,Digitaria eriantha,7.1,Fenced,F
2024,C,4,Z1,NA,6.8,Fenced,F
2024,C,4,Z2,Heteropogon contortus,3,Fenced,F
2024,C,4,Z2,Aristida congesta c,3.1,Fenced,F
2024,C,4,Z2,NA,2.9,Fenced,F
2024,C,4,Z2,NA,2.8,Fenced,F
2024,C,4,Z2,Pogonarthria squarrosa,8,Fenced,F
2024,C,4,Z2,Heteropogon contortus,7.1,Fenced,F
2024,C,4,Z2,Panicum maximum,6.6,Fenced,F
2024,C,4,Z2,Digitaria eriantha,5.8,Fenced,F
2024,C,4,Z2,Eragrostis gummiflua,NA,Fenced,F
2024,C,4,Z2,Eragrostis superba,NA,Fenced,F
2024,C,4,Z2,Heteropogon contortus,6.6,Fenced,F
2024,C,4,Z2,Digitaria eriantha,6.2,Fenced,F
2024,C,4,Z2,Eragrostis rigidior,6.3,Fenced,F
2024,C,4,Z2,Setaria incrassata,6.5,Fenced,F
2024,C,4,Z2,Pogonarthria squarrosa,3.6,Fenced,F
2024,C,4,Z2,Heteropogon contortus,3.7,Fenced,F
2024,C,4,Z2,Panicum maximum,5.3,Fenced,F
2024,C,4,Z2,Aristida congesta b,4.5,Fenced,F
2024,C,4,Z2,Pogonarthria squarrosa,6.6,Fenced,F
2024,C,4,Z2,Heteropogon contortus,5.8,Fenced,F
2024,C,4,Z2,NA,5,Fenced,F
2024,C,4,Z2,NA,5,Fenced,F
2024,C,4,Z3,Heteropogon contortus,5.4,Unfenced,F
2024,C,4,Z3,Eragrostis gummiflua,5,Unfenced,F
2024,C,4,Z3,Digitaria eriantha,4.8,Unfenced,F
2024,C,4,Z3,Eragrostis rigidior,5,Unfenced,F
2024,C,4,Z3,Heteropogon contortus,5.4,Unfenced,F
2024,C,4,Z3,Eragrostis gummiflua,5.4,Unfenced,F
2024,C,4,Z3,Pogonarthria squarrosa,5.5,Unfenced,F
2024,C,4,Z3,Panicum maximum,5.4,Unfenced,F
2024,C,4,Z3,Heteropogon contortus,4,Unfenced,F
2024,C,4,Z3,Melinis repens,7.8,Unfenced,F
2024,C,4,Z3,Aristida adscensionis,4.7,Unfenced,F
2024,C,4,Z3,Panicum maximum,2.3,Unfenced,F
2024,C,4,Z3,Digitaria eriantha,2.7,Unfenced,F
2024,C,4,Z3,Eragrostis gummiflua,2.8,Unfenced,F
2024,C,4,Z3,NA,2.5,Unfenced,F
2024,C,4,Z3,Heteropogon contortus,6.7,Unfenced,F
2024,C,4,Z3,Panicum maximum,5.5,Unfenced,F
2024,C,4,Z3,NA,5.4,Unfenced,F
2024,C,4,Z3,NA,5.3,Unfenced,F
2024,C,4,Z4,Hyperrhenia filipendula,22,Unfenced,F
2024,C,4,Z4,Eragrostis gummiflua,19,Unfenced,F
2024,C,4,Z4,Pogonarthria squarrosa,14.3,Unfenced,F
2024,C,4,Z4,Panicum maximum,14.1,Unfenced,F
2024,C,4,Z4,Heteropogon contortus,NA,Unfenced,F
2024,C,4,Z4,Aristida adscensionis,NA,Unfenced,F
2024,C,4,Z4,Eragrostis superba,NA,Unfenced,F
2024,C,4,Z4,Setaria incrassata,18.3,Unfenced,F
2024,C,4,Z4,Hyperrhenia filipendula,20.9,Unfenced,F
2024,C,4,Z4,NA,30,Unfenced,F
2024,C,4,Z4,NA,18.8,Unfenced,F
2024,C,4,Z4,Eragrostis gummiflua,8.7,Unfenced,F
2024,C,4,Z4,Heteropogon contortus,7.6,Unfenced,F
2024,C,4,Z4,Aristida adscensionis,5.8,Unfenced,F
2024,C,4,Z4,NA,5.4,Unfenced,F
2024,C,4,Z4,Heteropogon contortus,1.7,Unfenced,F
2024,C,4,Z4,Aristida adscensionis,1.4,Unfenced,F
2024,C,4,Z4,NA,1.6,Unfenced,F
2024,C,4,Z4,NA,2.1,Unfenced,F
2024,C,4,Z4,Aristida adscensionis,3.9,Unfenced,F
2024,C,4,Z4,Brachiaria brizantha,2.9,Unfenced,F
2024,C,4,Z4,Chloris virgata,2.9,Unfenced,F
2024,C,4,Z4,NA,3.2,Unfenced,F
2024,C,5,Z1,Eragrostis gummiflua,6.7,Fenced,THF
2024,C,5,Z1,Digitaria eriantha,6,Fenced,THF
2024,C,5,Z1,NA,5.5,Fenced,THF
2024,C,5,Z1,NA,5.1,Fenced,THF
2024,C,5,Z1,Digitaria eriantha,5,Fenced,THF
2024,C,5,Z1,Heteropogon contortus,5.3,Fenced,THF
2024,C,5,Z1,NA,5.2,Fenced,THF
2024,C,5,Z1,NA,5,Fenced,THF
2024,C,5,Z1,Pogonarthria squarrosa,4.9,Fenced,THF
2024,C,5,Z1,Heteropogon contortus,5.2,Fenced,THF
2024,C,5,Z1,Digitaria eriantha,5.2,Fenced,THF
2024,C,5,Z1,Eragrostis rigidior,4.2,Fenced,THF
2024,C,5,Z1,Pogonarthria squarrosa,9.8,Fenced,THF
2024,C,5,Z1,Digitaria eriantha,8.4,Fenced,THF
2024,C,5,Z1,NA,7.1,Fenced,THF
2024,C,5,Z1,NA,7.5,Fenced,THF
2024,C,5,Z1,Panicum maximum,12.5,Fenced,THF
2024,C,5,Z1,Melinis repens,5.5,Fenced,THF
2024,C,5,Z1,NA,8.4,Fenced,THF
2024,C,5,Z1,NA,5.9,Fenced,THF
2024,C,5,Z2,Heteropogon contortus,7.5,Fenced,THF
2024,C,5,Z2,NA,7.4,Fenced,THF
2024,C,5,Z2,NA,7.3,Fenced,THF
2024,C,5,Z2,NA,7.1,Fenced,THF
2024,C,5,Z2,Heteropogon contortus,2.3,Fenced,THF
2024,C,5,Z2,Brachiaria brizantha,1.9,Fenced,THF
2024,C,5,Z2,NA,2.3,Fenced,THF
2024,C,5,Z2,NA,2.6,Fenced,THF
2024,C,5,Z2,Pogonarthria squarrosa,5.6,Fenced,THF
2024,C,5,Z2,Perotis patens,5.3,Fenced,THF
2024,C,5,Z2,Digitaria eriantha,5.1,Fenced,THF
2024,C,5,Z2,NA,5,Fenced,THF
2024,C,5,Z2,Heteropogon contortus,5.6,Fenced,THF
2024,C,5,Z2,Pogonarthria squarrosa,6,Fenced,THF
2024,C,5,Z2,Diheteropogon amplectens,6,Fenced,THF
2024,C,5,Z2,Perotis patens,5.8,Fenced,THF
2024,C,5,Z2,Panicum maximum,6.7,Fenced,THF
2024,C,5,Z2,Digitaria eriantha,6.6,Fenced,THF
2024,C,5,Z2,NA,6.5,Fenced,THF
2024,C,5,Z2,NA,6.3,Fenced,THF
2024,C,5,Z3,Eragrostis gummiflua,3.1,Unfenced,THF
2024,C,5,Z3,Panicum maximum,3.1,Unfenced,THF
2024,C,5,Z3,Heteropogon contortus,3.1,Unfenced,THF
2024,C,5,Z3,Aristida adscensionis,2.4,Unfenced,THF
2024,C,5,Z3,Digitaria eriantha,NA,Unfenced,THF
2024,C,5,Z3,Eragrostis gummiflua,5.9,Unfenced,THF
2024,C,5,Z3,Aristida adscensionis,5.5,Unfenced,THF
2024,C,5,Z3,Digitaria eriantha,5.2,Unfenced,THF
2024,C,5,Z3,Eragrostis viscosa,4.9,Unfenced,THF
2024,C,5,Z3,Brachiaria brizantha,NA,Unfenced,THF
2024,C,5,Z3,Pogonarthria squarrosa,NA,Unfenced,THF
2024,C,5,Z3,NA,0,Unfenced,THF
2024,C,5,Z3,NA,0,Unfenced,THF
2024,C,5,Z3,NA,0,Unfenced,THF
2024,C,5,Z3,NA,0,Unfenced,THF
2024,C,5,Z3,Panicum maximum,8.8,Unfenced,THF
2024,C,5,Z3,Digitaria eriantha,5.4,Unfenced,THF
2024,C,5,Z3,NA,4.2,Unfenced,THF
2024,C,5,Z3,NA,5.7,Unfenced,THF
2024,C,5,Z3,Panicum maximum,4.2,Unfenced,THF
2024,C,5,Z3,NA,5.3,Unfenced,THF
2024,C,5,Z3,NA,7.7,Unfenced,THF
2024,C,5,Z3,NA,7.4,Unfenced,THF
2024,C,5,Z4,Eragrostis gummiflua,3.3,Unfenced,THF
2024,C,5,Z4,Pogonarthria squarrosa,2.9,Unfenced,THF
2024,C,5,Z4,Eragrostis superba,3.5,Unfenced,THF
2024,C,5,Z4,NA,3.1,Unfenced,THF
2024,C,5,Z4,Digitaria eriantha,7.8,Unfenced,THF
2024,C,5,Z4,Heteropogon contortus,7.1,Unfenced,THF
2024,C,5,Z4,Eragrostis rigidior,6.6,Unfenced,THF
2024,C,5,Z4,NA,6.2,Unfenced,THF
2024,C,5,Z4,Eragrostis gummiflua,3.3,Unfenced,THF
2024,C,5,Z4,Digitaria eriantha,3.2,Unfenced,THF
2024,C,5,Z4,Heteropogon contortus,3.2,Unfenced,THF
2024,C,5,Z4,Brachiaria brizantha,3.1,Unfenced,THF
2024,C,5,Z4,Panicum maximum,4,Unfenced,THF
2024,C,5,Z4,NA,4.7,Unfenced,THF
2024,C,5,Z4,NA,4.6,Unfenced,THF
2024,C,5,Z4,NA,5,Unfenced,THF
2024,C,5,Z4,Heteropogon contortus,6.6,Unfenced,THF
2024,C,5,Z4,Pogonarthria squarrosa,4.8,Unfenced,THF
2024,C,5,Z4,Aristida adscensionis,3.8,Unfenced,THF
2024,C,5,Z4,Brachiaria brizantha,4,Unfenced,THF
2024,D,1,Z1,Brachiaria nigropedata,1.8,Fenced,C
2024,D,1,Z1,Eragrostis rigidior,2.9,Fenced,C
2024,D,1,Z1,Heteropogon contortus,2.9,Fenced,C
2024,D,1,Z1,NA,2.7,Fenced,C
2024,D,1,Z1,NA,0,Fenced,C
2024,D,1,Z1,NA,0,Fenced,C
2024,D,1,Z1,NA,0,Fenced,C
2024,D,1,Z1,NA,0,Fenced,C
2024,D,1,Z1,Eragrostis rigidior,6.8,Fenced,C
2024,D,1,Z1,Heteropogon contortus,6.6,Fenced,C
2024,D,1,Z1,NA,5.5,Fenced,C
2024,D,1,Z1,NA,5,Fenced,C
2024,D,1,Z1,Brachiaria nigropedata,2.6,Fenced,C
2024,D,1,Z1,Chloris virgata,2.6,Fenced,C
2024,D,1,Z1,NA,2.6,Fenced,C
2024,D,1,Z1,NA,2.6,Fenced,C
2024,D,1,Z1,Eragrostis rigidior,17.3,Fenced,C
2024,D,1,Z1,Sporobolus ioclados,12.7,Fenced,C
2024,D,1,Z1,NA,12.8,Fenced,C
2024,D,1,Z1,NA,12.3,Fenced,C
2024,D,1,Z2,Chloris virgata,7.5,Unfenced,C
2024,D,1,Z2,Aristida adscensionis,5.8,Unfenced,C
2024,D,1,Z2,NA,5.8,Unfenced,C
2024,D,1,Z2,NA,6.6,Unfenced,C
2024,D,1,Z2,Eragrostis rigidior,8,Unfenced,C
2024,D,1,Z2,Sporobolus ioclados,11.5,Unfenced,C
2024,D,1,Z2,NA,17.2,Unfenced,C
2024,D,1,Z2,NA,15.6,Unfenced,C
2024,D,1,Z2,Chloris virgata,6.2,Unfenced,C
2024,D,1,Z2,Brachiaria nigropedata,5.8,Unfenced,C
2024,D,1,Z2,NA,5.6,Unfenced,C
2024,D,1,Z2,NA,5.8,Unfenced,C
2024,D,1,Z2,Enteropogon macrostachyus,6.9,Unfenced,C
2024,D,1,Z2,Aristida adscensionis,7,Unfenced,C
2024,D,1,Z2,Digitaria eriantha,6.6,Unfenced,C
2024,D,1,Z2,NA,6.5,Unfenced,C
2024,D,1,Z2,Heteropogon contortus,3.2,Unfenced,C
2024,D,1,Z2,Themeda triandra,8.9,Unfenced,C
2024,D,1,Z2,NA,8.4,Unfenced,C
2024,D,1,Z2,NA,8.5,Unfenced,C
2024,D,1,Z3,Aristida diffusa,11.7,Fenced,C
2024,D,1,Z3,Chloris virgata,9,Fenced,C
2024,D,1,Z3,NA,11.4,Fenced,C
2024,D,1,Z3,NA,10.9,Fenced,C
2024,D,1,Z3,Aristida adscensionis,6.6,Fenced,C
2024,D,1,Z3,Panicum maximum,5.6,Fenced,C
2024,D,1,Z3,NA,5.6,Fenced,C
2024,D,1,Z3,NA,6.1,Fenced,C
2024,D,1,Z3,Heteropogon contortus,2.2,Fenced,C
2024,D,1,Z3,Aristida adscensionis,2.3,Fenced,C
2024,D,1,Z3,Digitaria eriantha,2.1,Fenced,C
2024,D,1,Z3,NA,3.3,Fenced,C
2024,D,1,Z3,NA,0,Fenced,C
2024,D,1,Z3,NA,0,Fenced,C
2024,D,1,Z3,NA,0,Fenced,C
2024,D,1,Z3,NA,0,Fenced,C
2024,D,1,Z3,Aristida diffusa,2.3,Fenced,C
2024,D,1,Z3,Aristida adscensionis,2.3,Fenced,C
2024,D,1,Z3,NA,2.3,Fenced,C
2024,D,1,Z3,NA,2.3,Fenced,C
2024,D,1,Z4,Heteropogon contortus,3,Unfenced,C
2024,D,1,Z4,Setaria pumila,3,Unfenced,C
2024,D,1,Z4,NA,3,Unfenced,C
2024,D,1,Z4,NA,3,Unfenced,C
2024,D,1,Z4,Enteropogon macrostachyus,9.9,Unfenced,C
2024,D,1,Z4,Andropogon eucomus,10.5,Unfenced,C
2024,D,1,Z4,Aristida adscensionis,11.1,Unfenced,C
2024,D,1,Z4,NA,11.6,Unfenced,C
2024,D,1,Z4,Andropogon eucomus,10,Unfenced,C
2024,D,1,Z4,Heteropogon contortus,13.2,Unfenced,C
2024,D,1,Z4,Eragrostis rigidior,11.8,Unfenced,C
2024,D,1,Z4,NA,12.4,Unfenced,C
2024,D,1,Z4,Chloris virgata,7.2,Unfenced,C
2024,D,1,Z4,NA,7.5,Unfenced,C
2024,D,1,Z4,NA,7.5,Unfenced,C
2024,D,1,Z4,NA,5.4,Unfenced,C
2024,D,1,Z4,Chloris virgata,4.6,Unfenced,C
2024,D,1,Z4,Eragrostis rigidior,4.1,Unfenced,C
2024,D,1,Z4,Brachiaria nigropedata,3.8,Unfenced,C
2024,D,1,Z4,NA,3.8,Unfenced,C
2024,D,2,Z1,Panicum maximum,3.2,Fenced,F
2024,D,2,Z1,NA,3.3,Fenced,F
2024,D,2,Z1,NA,3,Fenced,F
2024,D,2,Z1,NA,3,Fenced,F
2024,D,2,Z1,Andropogon eucomus,18.5,Fenced,F
2024,D,2,Z1,Enteropogon macrostachyus,17.5,Fenced,F
2024,D,2,Z1,NA,19.2,Fenced,F
2024,D,2,Z1,NA,15,Fenced,F
2024,D,2,Z1,Heteropogon contortus,8,Fenced,F
2024,D,2,Z1,Aristida adscensionis,6.4,Fenced,F
2024,D,2,Z1,Enteropogon macrostachyus,9.8,Fenced,F
2024,D,2,Z1,NA,10.3,Fenced,F
2024,D,2,Z1,Brachiaria nigropedata,3.4,Fenced,F
2024,D,2,Z1,Heteropogon contortus,5.5,Fenced,F
2024,D,2,Z1,Aristida adscensionis,6.1,Fenced,F
2024,D,2,Z1,Enteropogon macrostachyus,6.6,Fenced,F
2024,D,2,Z1,Eragrostis rigidior,11.7,Fenced,F
2024,D,2,Z1,Chloris virgata,6.5,Fenced,F
2024,D,2,Z1,Setaria incrassata,8.6,Fenced,F
2024,D,2,Z1,NA,8.7,Fenced,F
2024,D,2,Z2,Heteropogon contortus,5,Unfenced,F
2024,D,2,Z2,Aristida adscensionis,5.1,Unfenced,F
2024,D,2,Z2,Aristida diffusa,5.1,Unfenced,F
2024,D,2,Z2,NA,5.7,Unfenced,F
2024,D,2,Z2,Enteropogon macrostachyus,14.1,Unfenced,F
2024,D,2,Z2,Aristida adscensionis,9.2,Unfenced,F
2024,D,2,Z2,NA,9.2,Unfenced,F
2024,D,2,Z2,NA,9.2,Unfenced,F
2024,D,2,Z2,Panicum maximum,7.5,Unfenced,F
2024,D,2,Z2,Brachiaria nigropedata,9.6,Unfenced,F
2024,D,2,Z2,Eragrostis rigidior,11.4,Unfenced,F
2024,D,2,Z2,Chloris virgata,8.9,Unfenced,F
2024,D,2,Z2,Heteropogon contortus,20.4,Unfenced,F
2024,D,2,Z2,Brachiaria nigropedata,15.5,Unfenced,F
2024,D,2,Z2,NA,13.4,Unfenced,F
2024,D,2,Z2,NA,13.2,Unfenced,F
2024,D,2,Z2,Enteropogon macrostachyus,8.5,Unfenced,F
2024,D,2,Z2,Brachiaria nigropedata,8.5,Unfenced,F
2024,D,2,Z2,NA,6.6,Unfenced,F
2024,D,2,Z2,NA,6.5,Unfenced,F
2024,D,2,Z3,Heteropogon contortus,9.1,Fenced,F
2024,D,2,Z3,Andropogon eucomus,6.6,Fenced,F
2024,D,2,Z3,Aristida adscensionis,5.2,Fenced,F
2024,D,2,Z3,Eragrostis rigidior,5.2,Fenced,F
2024,D,2,Z3,Eragrostis gummiflua,NA,Fenced,F
2024,D,2,Z3,Heteropogon contortus,7.2,Fenced,F
2024,D,2,Z3,Andropogon eucomus,6.8,Fenced,F
2024,D,2,Z3,Eragrostis rigidior,6.8,Fenced,F
2024,D,2,Z3,NA,20.5,Fenced,F
2024,D,2,Z3,Andropogon eucomus,11.9,Fenced,F
2024,D,2,Z3,Setaria incrassata,17.2,Fenced,F
2024,D,2,Z3,NA,13.9,Fenced,F
2024,D,2,Z3,NA,12.9,Fenced,F
2024,D,2,Z3,Heteropogon contortus,7.5,Fenced,F
2024,D,2,Z3,Enteropogon macrostachyus,6,Fenced,F
2024,D,2,Z3,NA,5.9,Fenced,F
2024,D,2,Z3,NA,7.7,Fenced,F
2024,D,2,Z3,Heteropogon contortus,2.4,Fenced,F
2024,D,2,Z3,NA,2.4,Fenced,F
2024,D,2,Z3,NA,5.9,Fenced,F
2024,D,2,Z3,NA,4.9,Fenced,F
2024,D,2,Z4,Enteropogon macrostachyus,7.1,Unfenced,F
2024,D,2,Z4,Panicum maximum,6.6,Unfenced,F
2024,D,2,Z4,Heteropogon contortus,7.3,Unfenced,F
2024,D,2,Z4,NA,8.4,Unfenced,F
2024,D,2,Z4,Andropogon eucomus,17.8,Unfenced,F
2024,D,2,Z4,Heteropogon contortus,16.8,Unfenced,F
2024,D,2,Z4,Aristida adscensionis,17.4,Unfenced,F
2024,D,2,Z4,NA,18.8,Unfenced,F
2024,D,2,Z4,Heteropogon contortus,14.8,Unfenced,F
2024,D,2,Z4,Aristida adscensionis,16.1,Unfenced,F
2024,D,2,Z4,Chloris virgata,16.9,Unfenced,F
2024,D,2,Z4,NA,16.8,Unfenced,F
2024,D,2,Z4,Panicum maximum,21.3,Unfenced,F
2024,D,2,Z4,Heteropogon contortus,18.3,Unfenced,F
2024,D,2,Z4,NA,11.9,Unfenced,F
2024,D,2,Z4,NA,12.8,Unfenced,F
2024,D,2,Z4,Heteropogon contortus,20.4,Unfenced,F
2024,D,2,Z4,Chloris virgata,17.1,Unfenced,F
2024,D,2,Z4,NA,17.9,Unfenced,F
2024,D,2,Z4,NA,16.2,Unfenced,F
2024,D,3,Z1,Heteropogon contortus,33.5,Fenced,TF
2024,D,3,Z1,Chloris virgata,33.6,Fenced,TF
2024,D,3,Z1,Sporobolus ioclados,26.4,Fenced,TF
2024,D,3,Z1,NA,24.4,Fenced,TF
2024,D,3,Z1,Aristida adscensionis,14.9,Fenced,TF
2024,D,3,Z1,NA,14.5,Fenced,TF
2024,D,3,Z1,NA,14.5,Fenced,TF
2024,D,3,Z1,NA,14.6,Fenced,TF
2024,D,3,Z1,Heteropogon contortus,8.3,Fenced,TF
2024,D,3,Z1,Setaria incrassata,7.3,Fenced,TF
2024,D,3,Z1,NA,6,Fenced,TF
2024,D,3,Z1,NA,6,Fenced,TF
2024,D,3,Z1,Heteropogon contortus,3.7,Fenced,TF
2024,D,3,Z1,Aristida adscensionis,3.6,Fenced,TF
2024,D,3,Z1,Chloris virgata,3.8,Fenced,TF
2024,D,3,Z1,Brachiaria nigropedata,3.8,Fenced,TF
2024,D,3,Z1,Aristida diffusa,NA,Fenced,TF
2024,D,3,Z1,Enteropogon macrostachyus,5,Fenced,TF
2024,D,3,Z1,Heteropogon contortus,4.8,Fenced,TF
2024,D,3,Z1,Setaria incrassata,8.1,Fenced,TF
2024,D,3,Z1,NA,8.7,Fenced,TF
2024,D,3,Z2,Andropogon eucomus,13.1,Unfenced,TF
2024,D,3,Z2,Heteropogon contortus,14.4,Unfenced,TF
2024,D,3,Z2,NA,11.9,Unfenced,TF
2024,D,3,Z2,NA,11.5,Unfenced,TF
2024,D,3,Z2,Heteropogon contortus,30.2,Unfenced,TF
2024,D,3,Z2,Enteropogon macrostachyus,21.3,Unfenced,TF
2024,D,3,Z2,NA,21.3,Unfenced,TF
2024,D,3,Z2,NA,20.4,Unfenced,TF
2024,D,3,Z2,Panicum maximum,6.1,Unfenced,TF
2024,D,3,Z2,NA,6.1,Unfenced,TF
2024,D,3,Z2,NA,6.1,Unfenced,TF
2024,D,3,Z2,NA,6.1,Unfenced,TF
2024,D,3,Z2,Enteropogon macrostachyus,5.5,Unfenced,TF
2024,D,3,Z2,Aristida adscensionis,5.9,Unfenced,TF
2024,D,3,Z2,Heteropogon contortus,5.6,Unfenced,TF
2024,D,3,Z2,Chloris virgata,4.8,Unfenced,TF
2024,D,3,Z2,Enteropogon macrostachyus,5.8,Unfenced,TF
2024,D,3,Z2,Aristida adscensionis,8.5,Unfenced,TF
2024,D,3,Z2,Heteropogon contortus,8.7,Unfenced,TF
2024,D,3,Z2,NA,8.3,Unfenced,TF
2024,D,3,Z3,Aristida diffusa,16.5,Fenced,TF
2024,D,3,Z3,NA,16.4,Fenced,TF
2024,D,3,Z3,NA,15.6,Fenced,TF
2024,D,3,Z3,NA,15.7,Fenced,TF
2024,D,3,Z3,Aristida diffusa,17.5,Fenced,TF
2024,D,3,Z3,Heteropogon contortus,16.3,Fenced,TF
2024,D,3,Z3,Aristida adscensionis,15.7,Fenced,TF
2024,D,3,Z3,NA,15.6,Fenced,TF
2024,D,3,Z3,Andropogon eucomus,7.5,Fenced,TF
2024,D,3,Z3,Heteropogon contortus,5.5,Fenced,TF
2024,D,3,Z3,Brachiaria nigropedata,10.6,Fenced,TF
2024,D,3,Z3,Eragrostis gummiflua,9.5,Fenced,TF
2024,D,3,Z3,Enteropogon macrostachyus,11.7,Fenced,TF
2024,D,3,Z3,Setaria pumila,11,Fenced,TF
2024,D,3,Z3,NA,10.7,Fenced,TF
2024,D,3,Z3,NA,9.7,Fenced,TF
2024,D,3,Z3,NA,0,Fenced,TF
2024,D,3,Z3,NA,0,Fenced,TF
2024,D,3,Z3,NA,0,Fenced,TF
2024,D,3,Z3,NA,0,Fenced,TF
2024,D,3,Z4,Panicum maximum,7.8,Unfenced,TF
2024,D,3,Z4,Enteropogon macrostachyus,7.5,Unfenced,TF
2024,D,3,Z4,Aristida adscensionis,7.5,Unfenced,TF
2024,D,3,Z4,NA,9.1,Unfenced,TF
2024,D,3,Z4,Heteropogon contortus,1.9,Unfenced,TF
2024,D,3,Z4,Aristida adscensionis,4.4,Unfenced,TF
2024,D,3,Z4,Brachiaria nigropedata,4.8,Unfenced,TF
2024,D,3,Z4,NA,4.1,Unfenced,TF
2024,D,3,Z4,Themeda triandra,10,Unfenced,TF
2024,D,3,Z4,Heteropogon contortus,4.3,Unfenced,TF
2024,D,3,Z4,Andropogon eucomus,7.7,Unfenced,TF
2024,D,3,Z4,NA,7.7,Unfenced,TF
2024,D,3,Z4,Heteropogon contortus,8.3,Unfenced,TF
2024,D,3,Z4,Digitaria eriantha,7.6,Unfenced,TF
2024,D,3,Z4,NA,6.7,Unfenced,TF
2024,D,3,Z4,NA,7.3,Unfenced,TF
2024,D,3,Z4,NA,0,Unfenced,TF
2024,D,3,Z4,NA,0,Unfenced,TF
2024,D,3,Z4,NA,0,Unfenced,TF
2024,D,3,Z4,NA,0,Unfenced,TF
2024,D,4,Z1,Enteropogon macrostachyus,12.5,Fenced,TFB
2024,D,4,Z1,Heteropogon contortus,11.2,Fenced,TFB
2024,D,4,Z1,NA,11,Fenced,TFB
2024,D,4,Z1,NA,10,Fenced,TFB
2024,D,4,Z1,Sporobolus ioclados,2.5,Fenced,TFB
2024,D,4,Z1,Setaria incrassata,5.2,Fenced,TFB
2024,D,4,Z1,Heteropogon contortus,6.3,Fenced,TFB
2024,D,4,Z1,Brachiaria nigropedata,5.9,Fenced,TFB
2024,D,4,Z1,Melinis repens,NA,Fenced,TFB
2024,D,4,Z1,Enteropogon macrostachyus,2.6,Fenced,TFB
2024,D,4,Z1,Sporobolus ioclados,2.6,Fenced,TFB
2024,D,4,Z1,Heteropogon contortus,2.6,Fenced,TFB
2024,D,4,Z1,Aristida adscensionis,5.1,Fenced,TFB
2024,D,4,Z1,Enteropogon macrostachyus,2.4,Fenced,TFB
2024,D,4,Z1,Heteropogon contortus,2,Fenced,TFB
2024,D,4,Z1,NA,5.1,Fenced,TFB
2024,D,4,Z1,NA,4.2,Fenced,TFB
2024,D,4,Z1,Themeda triandra,11.9,Fenced,TFB
2024,D,4,Z1,Aristida adscensionis,11.1,Fenced,TFB
2024,D,4,Z1,Enteropogon macrostachyus,10.7,Fenced,TFB
2024,D,4,Z1,Melinis repens,10.2,Fenced,TFB
2024,D,4,Z1,Eragrostis gummiflua,NA,Fenced,TFB
2024,D,4,Z2,Enteropogon macrostachyus,7,Unfenced,TFB
2024,D,4,Z2,Aristida adscensionis,7.5,Unfenced,TFB
2024,D,4,Z2,NA,7.7,Unfenced,TFB
2024,D,4,Z2,NA,7.8,Unfenced,TFB
2024,D,4,Z2,Enteropogon macrostachyus,3.8,Unfenced,TFB
2024,D,4,Z2,Aristida adscensionis,4.4,Unfenced,TFB
2024,D,4,Z2,Heteropogon contortus,4.2,Unfenced,TFB
2024,D,4,Z2,NA,4.6,Unfenced,TFB
2024,D,4,Z2,Enteropogon macrostachyus,8.2,Unfenced,TFB
2024,D,4,Z2,Digitaria eriantha,8.2,Unfenced,TFB
2024,D,4,Z2,Setaria incrassata,6.7,Unfenced,TFB
2024,D,4,Z2,Sporobolus ioclados,6,Unfenced,TFB
2024,D,4,Z2,Heteropogon contortus,9.5,Unfenced,TFB
2024,D,4,Z2,Aristida diffusa,8.8,Unfenced,TFB
2024,D,4,Z2,NA,8.6,Unfenced,TFB
2024,D,4,Z2,NA,8.4,Unfenced,TFB
2024,D,4,Z2,Heteropogon contortus,5.6,Unfenced,TFB
2024,D,4,Z2,Sporobolus ioclados,7,Unfenced,TFB
2024,D,4,Z2,Aristida diffusa,6.8,Unfenced,TFB
2024,D,4,Z2,Eragrostis rigidior,6.4,Unfenced,TFB
2024,D,4,Z2,Andropogon eucomus,NA,Unfenced,TFB
2024,D,4,Z3,Heteropogon contortus,10.5,Fenced,TFB
2024,D,4,Z3,Setaria incrassata,8.1,Fenced,TFB
2024,D,4,Z3,Andropogon eucomus,8.1,Fenced,TFB
2024,D,4,Z3,NA,7.8,Fenced,TFB
2024,D,4,Z3,Enteropogon macrostachyus,11.5,Fenced,TFB
2024,D,4,Z3,Heteropogon contortus,11.5,Fenced,TFB
2024,D,4,Z3,Andropogon eucomus,13.8,Fenced,TFB
2024,D,4,Z3,NA,14.9,Fenced,TFB
2024,D,4,Z3,Enteropogon macrostachyus,11.9,Fenced,TFB
2024,D,4,Z3,Eragrostis superba,18.5,Fenced,TFB
2024,D,4,Z3,Aristida adscensionis,17.7,Fenced,TFB
2024,D,4,Z3,NA,18.4,Fenced,TFB
2024,D,4,Z3,Heteropogon contortus,4.6,Fenced,TFB
2024,D,4,Z3,Aristida adscensionis,3.2,Fenced,TFB
2024,D,4,Z3,Pogonarthria squarrosa,3.6,Fenced,TFB
2024,D,4,Z3,NA,4,Fenced,TFB
2024,D,4,Z3,Digitaria eriantha,11.7,Fenced,TFB
2024,D,4,Z3,Enteropogon macrostachyus,12.9,Fenced,TFB
2024,D,4,Z3,Panicum maximum,13,Fenced,TFB
2024,D,4,Z3,Aristida adscensionis,14.1,Fenced,TFB
2024,D,4,Z3,Heteropogon contortus,NA,Fenced,TFB
2024,D,4,Z4,Pogonarthria squarrosa,11.4,Unfenced,TFB
2024,D,4,Z4,Digitaria eriantha,10,Unfenced,TFB
2024,D,4,Z4,Heteropogon contortus,10.6,Unfenced,TFB
2024,D,4,Z4,Sporobolus ioclados,10.1,Unfenced,TFB
2024,D,4,Z4,Heteropogon contortus,23,Unfenced,TFB
2024,D,4,Z4,Eragrostis superba,28.2,Unfenced,TFB
2024,D,4,Z4,Eragrostis gummiflua,29.2,Unfenced,TFB
2024,D,4,Z4,Enteropogon macrostachyus,29,Unfenced,TFB
2024,D,4,Z4,Enteropogon macrostachyus,6.2,Unfenced,TFB
2024,D,4,Z4,Heteropogon contortus,6.2,Unfenced,TFB
2024,D,4,Z4,Sporobolus ioclados,6.2,Unfenced,TFB
2024,D,4,Z4,Brachiaria nigropedata,6,Unfenced,TFB
2024,D,4,Z4,Heteropogon contortus,6.8,Unfenced,TFB
2024,D,4,Z4,Enteropogon macrostachyus,6.6,Unfenced,TFB
2024,D,4,Z4,Sporobolus ioclados,4.9,Unfenced,TFB
2024,D,4,Z4,Aristida diffusa,5.3,Unfenced,TFB
2024,D,4,Z4,Themeda triandra,7.5,Unfenced,TFB
2024,D,4,Z4,Heteropogon contortus,7.4,Unfenced,TFB
2024,D,4,Z4,NA,8.9,Unfenced,TFB
2024,D,4,Z4,NA,9.8,Unfenced,TFB
2024,D,5,Z1,Andropogon eucomus,17.2,Fenced,THF
2024,D,5,Z1,Enteropogon macrostachyus,16.6,Fenced,THF
2024,D,5,Z1,Heteropogon contortus,16.7,Fenced,THF
2024,D,5,Z1,NA,16,Fenced,THF
2024,D,5,Z1,Aristida diffusa,10,Fenced,THF
2024,D,5,Z1,Heteropogon contortus,9.3,Fenced,THF
2024,D,5,Z1,NA,10.9,Fenced,THF
2024,D,5,Z1,NA,10.7,Fenced,THF
2024,D,5,Z1,Enteropogon macrostachyus,16,Fenced,THF
2024,D,5,Z1,Hyparrhenia hirta,15.2,Fenced,THF
2024,D,5,Z1,NA,13.4,Fenced,THF
2024,D,5,Z1,NA,17.2,Fenced,THF
2024,D,5,Z1,Enteropogon macrostachyus,9.5,Fenced,THF
2024,D,5,Z1,Heteropogon contortus,13.8,Fenced,THF
2024,D,5,Z1,NA,14.5,Fenced,THF
2024,D,5,Z1,NA,17.8,Fenced,THF
2024,D,5,Z1,Enteropogon macrostachyus,13.3,Fenced,THF
2024,D,5,Z1,Heteropogon contortus,13.9,Fenced,THF
2024,D,5,Z1,Setaria incrassata,17.1,Fenced,THF
2024,D,5,Z1,NA,17.3,Fenced,THF
2024,D,5,Z2,Heteropogon contortus,7.7,Unfenced,THF
2024,D,5,Z2,Aristida congesta b,7.6,Unfenced,THF
2024,D,5,Z2,Eragrostis rigidior,7.8,Unfenced,THF
2024,D,5,Z2,Eragrostis gummiflua,7.8,Unfenced,THF
2024,D,5,Z2,Aristida diffusa,4.5,Unfenced,THF
2024,D,5,Z2,Enteropogon macrostachyus,4.2,Unfenced,THF
2024,D,5,Z2,Heteropogon contortus,4.6,Unfenced,THF
2024,D,5,Z2,Brachiaria nigropedata,4.9,Unfenced,THF
2024,D,5,Z2,Enteropogon macrostachyus,2.9,Unfenced,THF
2024,D,5,Z2,Brachiaria nigropedata,2.7,Unfenced,THF
2024,D,5,Z2,Sporobolus ioclados,2.7,Unfenced,THF
2024,D,5,Z2,Aristida diffusa,2.7,Unfenced,THF
2024,D,5,Z2,Perotis patens,NA,Unfenced,THF
2024,D,5,Z2,Brachiaria nigropedata,6.5,Unfenced,THF
2024,D,5,Z2,Enteropogon macrostachyus,6.4,Unfenced,THF
2024,D,5,Z2,Aristida diffusa,7.5,Unfenced,THF
2024,D,5,Z2,Aristida adscensionis,7.9,Unfenced,THF
2024,D,5,Z2,Brachiaria nigropedata,8.2,Unfenced,THF
2024,D,5,Z2,Eragrostis rigidior,7.7,Unfenced,THF
2024,D,5,Z2,NA,7.3,Unfenced,THF
2024,D,5,Z2,NA,6,Unfenced,THF
2024,D,5,Z3,Heteropogon contortus,5.7,Fenced,THF
2024,D,5,Z3,Enteropogon macrostachyus,6.8,Fenced,THF
2024,D,5,Z3,Sporobolus ioclados,7.4,Fenced,THF
2024,D,5,Z3,Aristida adscensionis,7.7,Fenced,THF
2024,D,5,Z3,Themeda triandra,NA,Fenced,THF
2024,D,5,Z3,Heteropogon contortus,1.8,Fenced,THF
2024,D,5,Z3,Aristida diffusa,1.8,Fenced,THF
2024,D,5,Z3,NA,1.8,Fenced,THF
2024,D,5,Z3,NA,1.8,Fenced,THF
2024,D,5,Z3,Cymbopogon excavatus,8.1,Fenced,THF
2024,D,5,Z3,Cynodon dactylon,9.6,Fenced,THF
2024,D,5,Z3,NA,10,Fenced,THF
2024,D,5,Z3,NA,11.4,Fenced,THF
2024,D,5,Z3,Enteropogon macrostachyus,7,Fenced,THF
2024,D,5,Z3,Heteropogon contortus,9.9,Fenced,THF
2024,D,5,Z3,Hyparrhenia hirta,10.9,Fenced,THF
2024,D,5,Z3,NA,11.4,Fenced,THF
2024,D,5,Z3,Enteropogon macrostachyus,6.3,Fenced,THF
2024,D,5,Z3,Eragrostis rigidior,7.4,Fenced,THF
2024,D,5,Z3,Heteropogon contortus,8,Fenced,THF
2024,D,5,Z3,NA,8.8,Fenced,THF
2024,D,5,Z4,Sporobolus ioclados,1.5,Unfenced,THF
2024,D,5,Z4,Aristida diffusa,1.5,Unfenced,THF
2024,D,5,Z4,Cymbopogon excavatus,6,Unfenced,THF
2024,D,5,Z4,NA,6,Unfenced,THF
2024,D,5,Z4,Aristida diffusa,11,Unfenced,THF
2024,D,5,Z4,Heteropogon contortus,11.4,Unfenced,THF
2024,D,5,Z4,Panicum maximum,10.9,Unfenced,THF
2024,D,5,Z4,NA,11,Unfenced,THF
2024,D,5,Z4,Cymbopogon excavatus,11.6,Unfenced,THF
2024,D,5,Z4,NA,11.6,Unfenced,THF
2024,D,5,Z4,NA,17.8,Unfenced,THF
2024,D,5,Z4,NA,20,Unfenced,THF
2024,D,5,Z4,Enteropogon macrostachyus,14,Unfenced,THF
2024,D,5,Z4,Eragrostis gummiflua,14.6,Unfenced,THF
2024,D,5,Z4,Aristida diffusa,10.5,Unfenced,THF
2024,D,5,Z4,NA,12,Unfenced,THF
2024,D,5,Z4,Heteropogon contortus,10.3,Unfenced,THF
2024,D,5,Z4,Enteropogon macrostachyus,9.7,Unfenced,THF
2024,D,5,Z4,Eragrostis cylindriflora,9.1,Unfenced,THF
2024,D,5,Z4,NA,8.4,Unfenced,THF
2024,E,1,Z1,Heteropogon contortus,3.9,Fenced,C
2024,E,1,Z1,Aristida adscensionis,4.2,Fenced,C
2024,E,1,Z1,NA,9.5,Fenced,C
2024,E,1,Z1,NA,7.8,Fenced,C
2024,E,1,Z1,Heteropogon contortus,22,Fenced,C
2024,E,1,Z1,Brachiaria nigropedata,17,Fenced,C
2024,E,1,Z1,NA,14.3,Fenced,C
2024,E,1,Z1,NA,13.6,Fenced,C
2024,E,1,Z1,Brachiaria nigropedata,6.6,Fenced,C
2024,E,1,Z1,Heteropogon contortus,5.8,Fenced,C
2024,E,1,Z1,Eragrostis superba,6.2,Fenced,C
2024,E,1,Z1,Eragrostis gummiflua,6.2,Fenced,C
2024,E,1,Z1,Heteropogon contortus,3.2,Fenced,C
2024,E,1,Z1,Panicum maximum,3.2,Fenced,C
2024,E,1,Z1,NA,3.2,Fenced,C
2024,E,1,Z1,NA,3.2,Fenced,C
2024,E,1,Z1,Brachiaria nigropedata,2.5,Fenced,C
2024,E,1,Z1,Aristida adscensionis,3.9,Fenced,C
2024,E,1,Z1,Eragrostis gummiflua,3.6,Fenced,C
2024,E,1,Z1,Heteropogon contortus,3.9,Fenced,C
2024,E,1,Z1,Eragrostis rigidior,NA,Fenced,C
2024,E,1,Z2,Panicum maximum,10.3,Unfenced,C
2024,E,1,Z2,Eragrostis gummiflua,10.1,Unfenced,C
2024,E,1,Z2,Aristida adscensionis,9.5,Unfenced,C
2024,E,1,Z2,Pogonarthria squarrosa,9,Unfenced,C
2024,E,1,Z2,Digitaria eriantha,10.2,Unfenced,C
2024,E,1,Z2,Eragrostis rigidior,12.4,Unfenced,C
2024,E,1,Z2,NA,19.2,Unfenced,C
2024,E,1,Z2,NA,18.7,Unfenced,C
2024,E,1,Z2,Digitaria eriantha,11.2,Unfenced,C
2024,E,1,Z2,Heteropogon contortus,10.4,Unfenced,C
2024,E,1,Z2,NA,10.7,Unfenced,C
2024,E,1,Z2,NA,9.9,Unfenced,C
2024,E,1,Z2,Andropogon eucomus,8.6,Unfenced,C
2024,E,1,Z2,Aristida adscensionis,9.2,Unfenced,C
2024,E,1,Z2,Pogonarthria squarrosa,10.2,Unfenced,C
2024,E,1,Z2,NA,10.5,Unfenced,C
2024,E,1,Z2,Digitaria eriantha,2.5,Unfenced,C
2024,E,1,Z2,NA,4.1,Unfenced,C
2024,E,1,Z2,NA,4.6,Unfenced,C
2024,E,1,Z2,NA,4.8,Unfenced,C
2024,E,1,Z3,Panicum maximum,6.7,Fenced,C
2024,E,1,Z3,NA,10.6,Fenced,C
2024,E,1,Z3,NA,9.9,Fenced,C
2024,E,1,Z3,NA,9.1,Fenced,C
2024,E,1,Z3,Panicum maximum,3.2,Fenced,C
2024,E,1,Z3,Heteropogon contortus,9.7,Fenced,C
2024,E,1,Z3,Eragrostis rigidior,9,Fenced,C
2024,E,1,Z3,NA,7.6,Fenced,C
2024,E,1,Z3,Digitaria eriantha,8.9,Fenced,C
2024,E,1,Z3,Eragrostis rigidior,12.6,Fenced,C
2024,E,1,Z3,Brachiaria nigropedata,12.7,Fenced,C
2024,E,1,Z3,NA,11.1,Fenced,C
2024,E,1,Z3,Heteropogon contortus,13.5,Fenced,C
2024,E,1,Z3,Digitaria eriantha,12,Fenced,C
2024,E,1,Z3,Eragrostis gummiflua,11.1,Fenced,C
2024,E,1,Z3,Aristida adscensionis,10.7,Fenced,C
2024,E,1,Z3,Brachiaria nigropedata,2.1,Fenced,C
2024,E,1,Z3,Aristida adscensionis,5.6,Fenced,C
2024,E,1,Z3,Enteropogon macrostachyus,5.7,Fenced,C
2024,E,1,Z3,NA,0,Fenced,C
2024,E,1,Z4,Digitaria eriantha,6.2,Unfenced,C
2024,E,1,Z4,NA,4.9,Unfenced,C
2024,E,1,Z4,NA,5.1,Unfenced,C
2024,E,1,Z4,NA,8.3,Unfenced,C
2024,E,1,Z4,Digitaria eriantha,6.8,Unfenced,C
2024,E,1,Z4,Aristida adscensionis,5.7,Unfenced,C
2024,E,1,Z4,Pogonarthria squarrosa,3.9,Unfenced,C
2024,E,1,Z4,Chloris virgata,3.8,Unfenced,C
2024,E,1,Z4,Digitaria eriantha,11.9,Unfenced,C
2024,E,1,Z4,Aristida adscensionis,14.2,Unfenced,C
2024,E,1,Z4,NA,12.1,Unfenced,C
2024,E,1,Z4,NA,12,Unfenced,C
2024,E,1,Z4,Digitaria eriantha,10.9,Unfenced,C
2024,E,1,Z4,Eragrostis gummiflua,6,Unfenced,C
2024,E,1,Z4,Andropogon eucomus,12.4,Unfenced,C
2024,E,1,Z4,Eragrostis superba,11.5,Unfenced,C
2024,E,1,Z4,Digitaria eriantha,7.3,Unfenced,C
2024,E,1,Z4,Panicum maximum,17.7,Unfenced,C
2024,E,1,Z4,NA,18,Unfenced,C
2024,E,1,Z4,NA,16.5,Unfenced,C
2024,E,1,Z4,NA,0,Unfenced,C
2024,E,2,Z1,Panicum maximum,8.3,Fenced,TF
2024,E,2,Z1,NA,8.7,Fenced,TF
2024,E,2,Z1,NA,8.1,Fenced,TF
2024,E,2,Z1,NA,8.1,Fenced,TF
2024,E,2,Z1,Heteropogon contortus,4.1,Fenced,TF
2024,E,2,Z1,Enteropogon macrostachyus,3.4,Fenced,TF
2024,E,2,Z1,NA,3.4,Fenced,TF
2024,E,2,Z1,NA,5.1,Fenced,TF
2024,E,2,Z1,Urochloa mosambicensis,5.6,Fenced,TF
2024,E,2,Z1,Eragrostis gummiflua,4.6,Fenced,TF
2024,E,2,Z1,Aristida adscensionis,0,Fenced,TF
2024,E,2,Z1,NA,7.3,Fenced,TF
2024,E,2,Z1,NA,0,Fenced,TF
2024,E,2,Z1,NA,0,Fenced,TF
2024,E,2,Z1,NA,0,Fenced,TF
2024,E,2,Z1,NA,0,Fenced,TF
2024,E,2,Z1,Panicum maximum,4.7,Fenced,TF
2024,E,2,Z1,Heteropogon contortus,4.6,Fenced,TF
2024,E,2,Z1,Enteropogon macrostachyus,4.4,Fenced,TF
2024,E,2,Z1,NA,4.7,Fenced,TF
2024,E,2,Z2,Urochloa mosambicensis,11.3,Unfenced,TF
2024,E,2,Z2,Enteropogon macrostachyus,11.1,Unfenced,TF
2024,E,2,Z2,Eragrostis gummiflua,10.9,Unfenced,TF
2024,E,2,Z2,Heteropogon contortus,10.7,Unfenced,TF
2024,E,2,Z2,Enteropogon macrostachyus,11.3,Unfenced,TF
2024,E,2,Z2,Eragrostis gummiflua,12.9,Unfenced,TF
2024,E,2,Z2,Eragrostis rigidior,12.5,Unfenced,TF
2024,E,2,Z2,NA,12.7,Unfenced,TF
2024,E,2,Z2,Heteropogon contortus,10.9,Unfenced,TF
2024,E,2,Z2,Enteropogon macrostachyus,10.7,Unfenced,TF
2024,E,2,Z2,NA,11.3,Unfenced,TF
2024,E,2,Z2,NA,12.7,Unfenced,TF
2024,E,2,Z2,Enteropogon macrostachyus,12.3,Unfenced,TF
2024,E,2,Z2,Panicum maximum,11.9,Unfenced,TF
2024,E,2,Z2,Aristida adscensionis,11.4,Unfenced,TF
2024,E,2,Z2,NA,11.2,Unfenced,TF
2024,E,2,Z2,Heteropogon contortus,10.8,Unfenced,TF
2024,E,2,Z2,Urochloa mosambicensis,10.6,Unfenced,TF
2024,E,2,Z2,NA,4.6,Unfenced,TF
2024,E,2,Z2,NA,4.7,Unfenced,TF
2024,E,2,Z3,Panicum maximum,4.2,Fenced,TF
2024,E,2,Z3,Heteropogon contortus,4,Fenced,TF
2024,E,2,Z3,NA,5.8,Fenced,TF
2024,E,2,Z3,NA,5.5,Fenced,TF
2024,E,2,Z3,Heteropogon contortus,2.5,Fenced,TF
2024,E,2,Z3,Eragrostis rigidior,3.5,Fenced,TF
2024,E,2,Z3,NA,0,Fenced,TF
2024,E,2,Z3,NA,0,Fenced,TF
2024,E,2,Z3,Panicum maximum,7.6,Fenced,TF
2024,E,2,Z3,Enteropogon macrostachyus,8.3,Fenced,TF
2024,E,2,Z3,NA,7.6,Fenced,TF
2024,E,2,Z3,NA,9.2,Fenced,TF
2024,E,2,Z3,Panicum maximum,8.7,Fenced,TF
2024,E,2,Z3,NA,4,Fenced,TF
2024,E,2,Z3,NA,15.1,Fenced,TF
2024,E,2,Z3,NA,15.3,Fenced,TF
2024,E,2,Z3,Enteropogon macrostachyus,6.3,Fenced,TF
2024,E,2,Z3,Panicum maximum,6.1,Fenced,TF
2024,E,2,Z3,NA,5.7,Fenced,TF
2024,E,2,Z3,NA,6.7,Fenced,TF
2024,E,2,Z4,Enteropogon macrostachyus,10.2,Unfenced,TF
2024,E,2,Z4,Panicum maximum,11.2,Unfenced,TF
2024,E,2,Z4,NA,10.7,Unfenced,TF
2024,E,2,Z4,NA,12.6,Unfenced,TF
2024,E,2,Z4,Enteropogon macrostachyus,5.3,Unfenced,TF
2024,E,2,Z4,Panicum maximum,6.1,Unfenced,TF
2024,E,2,Z4,NA,9.3,Unfenced,TF
2024,E,2,Z4,NA,10.8,Unfenced,TF
2024,E,2,Z4,Heteropogon contortus,23.3,Unfenced,TF
2024,E,2,Z4,Panicum maximum,19,Unfenced,TF
2024,E,2,Z4,NA,16.7,Unfenced,TF
2024,E,2,Z4,NA,19.9,Unfenced,TF
2024,E,2,Z4,Pogonarthria squarrosa,17,Unfenced,TF
2024,E,2,Z4,Aristida adscensionis,15.1,Unfenced,TF
2024,E,2,Z4,Heteropogon contortus,13.7,Unfenced,TF
2024,E,2,Z4,Eragrostis rigidior,17.9,Unfenced,TF
2024,E,2,Z4,Aristida adscensionis,12,Unfenced,TF
2024,E,2,Z4,Heteropogon contortus,11.4,Unfenced,TF
2024,E,2,Z4,Eragrostis rigidior,10.9,Unfenced,TF
2024,E,2,Z4,Setaria incrassata,10.3,Unfenced,TF
2024,E,2,Z4,Eragrostis gummiflua,NA,Unfenced,TF
2024,E,3,Z1,Heteropogon contortus,3.3,Fenced,F
2024,E,3,Z1,Urochloa mosambicensis,9.5,Fenced,F
2024,E,3,Z1,NA,10,Fenced,F
2024,E,3,Z1,NA,15.9,Fenced,F
2024,E,3,Z1,Panicum maximum,4.4,Fenced,F
2024,E,3,Z1,Aristida adscensionis,3.6,Fenced,F
2024,E,3,Z1,Heteropogon contortus,3.3,Fenced,F
2024,E,3,Z1,Eragrostis rigidior,5.2,Fenced,F
2024,E,3,Z1,Panicum maximum,11.4,Fenced,F
2024,E,3,Z1,Heteropogon contortus,9,Fenced,F
2024,E,3,Z1,NA,8.5,Fenced,F
2024,E,3,Z1,NA,8.5,Fenced,F
2024,E,3,Z1,Panicum maximum,6.7,Fenced,F
2024,E,3,Z1,Digitaria eriantha,8.5,Fenced,F
2024,E,3,Z1,NA,9.4,Fenced,F
2024,E,3,Z1,NA,7,Fenced,F
2024,E,3,Z1,Urochloa mosambicensis,3,Fenced,F
2024,E,3,Z1,Aristida adscensionis,4.2,Fenced,F
2024,E,3,Z1,Heteropogon contortus,4.2,Fenced,F
2024,E,3,Z1,Cymbopogon excavatus,4.6,Fenced,F
2024,E,3,Z1,Eragrostis gummiflua,NA,Fenced,F
2024,E,3,Z2,Urochloa mosambicensis,2,Unfenced,F
2024,E,3,Z2,NA,2,Unfenced,F
2024,E,3,Z2,NA,2,Unfenced,F
2024,E,3,Z2,NA,2,Unfenced,F
2024,E,3,Z2,Aristida diffusa,9.7,Unfenced,F
2024,E,3,Z2,Panicum maximum,8.9,Unfenced,F
2024,E,3,Z2,Aristida adscensionis,8.4,Unfenced,F
2024,E,3,Z2,Eragrostis rigidior,7.8,Unfenced,F
2024,E,3,Z2,Panicum maximum,11.5,Unfenced,F
2024,E,3,Z2,NA,11.9,Unfenced,F
2024,E,3,Z2,NA,11.5,Unfenced,F
2024,E,3,Z2,NA,11.2,Unfenced,F
2024,E,3,Z2,Panicum maximum,24.4,Unfenced,F
2024,E,3,Z2,Enteropogon macrostachyus,15,Unfenced,F
2024,E,3,Z2,NA,12,Unfenced,F
2024,E,3,Z2,NA,14.6,Unfenced,F
2024,E,3,Z2,Panicum maximum,5.8,Unfenced,F
2024,E,3,Z2,NA,3.7,Unfenced,F
2024,E,3,Z2,NA,5.6,Unfenced,F
2024,E,3,Z2,NA,5.5,Unfenced,F
2024,E,3,Z3,Eragrostis rigidior,3,Fenced,F
2024,E,3,Z3,Heteropogon contortus,4.4,Fenced,F
2024,E,3,Z3,Cymbopogon excavatus,9.6,Fenced,F
2024,E,3,Z3,NA,10.4,Fenced,F
2024,E,3,Z3,Heteropogon contortus,12,Fenced,F
2024,E,3,Z3,Urochloa mosambicensis,12.1,Fenced,F
2024,E,3,Z3,Panicum maximum,12.7,Fenced,F
2024,E,3,Z3,NA,10.5,Fenced,F
2024,E,3,Z3,Eragrostis rigidior,0,Fenced,F
2024,E,3,Z3,Heteropogon contortus,1.7,Fenced,F
2024,E,3,Z3,Panicum maximum,1.8,Fenced,F
2024,E,3,Z3,Eragrostis superba,5.2,Fenced,F
2024,E,3,Z3,Eragrostis gummiflua,NA,Fenced,F
2024,E,3,Z3,Aristida adscensionis,NA,Fenced,F
2024,E,3,Z3,Pogonarthria squarrosa,NA,Fenced,F
2024,E,3,Z3,Eragrostis rigidior,6.5,Fenced,F
2024,E,3,Z3,Heteropogon contortus,4.3,Fenced,F
2024,E,3,Z3,Eragrostis gummiflua,7.1,Fenced,F
2024,E,3,Z3,Aristida adscensionis,8.3,Fenced,F
2024,E,3,Z3,Heteropogon contortus,5.3,Fenced,F
2024,E,3,Z3,Eragrostis gummiflua,4.6,Fenced,F
2024,E,3,Z3,NA,4.1,Fenced,F
2024,E,3,Z3,NA,4.5,Fenced,F
2024,E,3,Z4,Cymbopogon excavatus,4.5,Unfenced,F
2024,E,3,Z4,Heteropogon contortus,4.5,Unfenced,F
2024,E,3,Z4,Urochloa mosambicensis,9.9,Unfenced,F
2024,E,3,Z4,NA,12.9,Unfenced,F
2024,E,3,Z4,Panicum maximum,11.7,Unfenced,F
2024,E,3,Z4,NA,10.8,Unfenced,F
2024,E,3,Z4,NA,8.4,Unfenced,F
2024,E,3,Z4,NA,9.9,Unfenced,F
2024,E,3,Z4,Heteropogon contortus,18.2,Unfenced,F
2024,E,3,Z4,NA,22.3,Unfenced,F
2024,E,3,Z4,NA,17.6,Unfenced,F
2024,E,3,Z4,NA,17.5,Unfenced,F
2024,E,3,Z4,Panicum maximum,4.3,Unfenced,F
2024,E,3,Z4,Eragrostis rigidior,4.5,Unfenced,F
2024,E,3,Z4,Eragrostis gummiflua,6.8,Unfenced,F
2024,E,3,Z4,NA,6.2,Unfenced,F
2024,E,3,Z4,Panicum maximum,8.5,Unfenced,F
2024,E,3,Z4,Eragrostis rigidior,8.3,Unfenced,F
2024,E,3,Z4,NA,7.4,Unfenced,F
2024,E,3,Z4,NA,7.9,Unfenced,F
2024,E,4,Z1,Heteropogon contortus,5.4,Fenced,TFB
2024,E,4,Z1,NA,6.1,Fenced,TFB
2024,E,4,Z1,NA,6.7,Fenced,TFB
2024,E,4,Z1,NA,6.6,Fenced,TFB
2024,E,4,Z1,Panicum maximum,7,Fenced,TFB
2024,E,4,Z1,NA,7.6,Fenced,TFB
2024,E,4,Z1,NA,5.7,Fenced,TFB
2024,E,4,Z1,NA,5.6,Fenced,TFB
2024,E,4,Z1,Digitaria eriantha,2.7,Fenced,TFB
2024,E,4,Z1,Heteropogon contortus,2.6,Fenced,TFB
2024,E,4,Z1,Eragrostis gummiflua,2.6,Fenced,TFB
2024,E,4,Z1,Aristida adscensionis,2.6,Fenced,TFB
2024,E,4,Z1,Heteropogon contortus,8.3,Fenced,TFB
2024,E,4,Z1,NA,8.1,Fenced,TFB
2024,E,4,Z1,NA,8,Fenced,TFB
2024,E,4,Z1,NA,7.7,Fenced,TFB
2024,E,4,Z1,Enteropogon macrostachyus,13.3,Fenced,TFB
2024,E,4,Z1,NA,15.4,Fenced,TFB
2024,E,4,Z1,NA,13.9,Fenced,TFB
2024,E,4,Z1,NA,13.6,Fenced,TFB
2024,E,4,Z2,Heteropogon contortus,5.2,Unfenced,TFB
2024,E,4,Z2,Aristida adscensionis,14.8,Unfenced,TFB
2024,E,4,Z2,NA,14.6,Unfenced,TFB
2024,E,4,Z2,NA,14.4,Unfenced,TFB
2024,E,4,Z2,Heteropogon contortus,3,Unfenced,TFB
2024,E,4,Z2,Eragrostis gummiflua,3.6,Unfenced,TFB
2024,E,4,Z2,Aristida adscensionis,3.8,Unfenced,TFB
2024,E,4,Z2,Eragrostis rigidior,5.6,Unfenced,TFB
2024,E,4,Z2,Heteropogon contortus,8.1,Unfenced,TFB
2024,E,4,Z2,NA,6.5,Unfenced,TFB
2024,E,4,Z2,NA,6.3,Unfenced,TFB
2024,E,4,Z2,NA,6.1,Unfenced,TFB
2024,E,4,Z2,Heteropogon contortus,6.5,Unfenced,TFB
2024,E,4,Z2,NA,6.6,Unfenced,TFB
2024,E,4,Z2,NA,9.4,Unfenced,TFB
2024,E,4,Z2,NA,10.3,Unfenced,TFB
2024,E,4,Z2,Heteropogon contortus,10.4,Unfenced,TFB
2024,E,4,Z2,Cymbopogon excavatus,7.4,Unfenced,TFB
2024,E,4,Z2,NA,7.6,Unfenced,TFB
2024,E,4,Z2,NA,6.8,Unfenced,TFB
2024,E,4,Z3,Panicum maximum,9.8,Fenced,TFB
2024,E,4,Z3,NA,11.7,Fenced,TFB
2024,E,4,Z3,NA,11.3,Fenced,TFB
2024,E,4,Z3,NA,12.3,Fenced,TFB
2024,E,4,Z3,Pogonarthria squarrosa,13.2,Fenced,TFB
2024,E,4,Z3,Panicum maximum,5.6,Fenced,TFB
2024,E,4,Z3,Aristida adscensionis,2.8,Fenced,TFB
2024,E,4,Z3,NA,5,Fenced,TFB
2024,E,4,Z3,Heteropogon contortus,20.3,Fenced,TFB
2024,E,4,Z3,NA,16,Fenced,TFB
2024,E,4,Z3,NA,16.9,Fenced,TFB
2024,E,4,Z3,NA,14.9,Fenced,TFB
2024,E,4,Z3,Heteropogon contortus,7.1,Fenced,TFB
2024,E,4,Z3,Eragrostis gummiflua,6.9,Fenced,TFB
2024,E,4,Z3,Eragrostis rigidior,7.1,Fenced,TFB
2024,E,4,Z3,NA,7.2,Fenced,TFB
2024,E,4,Z3,Panicum maximum,6.6,Fenced,TFB
2024,E,4,Z3,NA,3.5,Fenced,TFB
2024,E,4,Z3,NA,6.3,Fenced,TFB
2024,E,4,Z3,NA,12.9,Fenced,TFB
2024,E,4,Z4,Heteropogon contortus,8.1,Unfenced,TFB
2024,E,4,Z4,Enteropogon macrostachyus,7.5,Unfenced,TFB
2024,E,4,Z4,Urochloa mosambicensis,6.8,Unfenced,TFB
2024,E,4,Z4,NA,6.3,Unfenced,TFB
2024,E,4,Z4,Eragrostis rigidior,3.1,Unfenced,TFB
2024,E,4,Z4,NA,2.4,Unfenced,TFB
2024,E,4,Z4,NA,0,Unfenced,TFB
2024,E,4,Z4,NA,0,Unfenced,TFB
2024,E,4,Z4,Panicum maximum,6.1,Unfenced,TFB
2024,E,4,Z4,Heteropogon contortus,5.3,Unfenced,TFB
2024,E,4,Z4,Eragrostis rigidior,7.3,Unfenced,TFB
2024,E,4,Z4,NA,10.2,Unfenced,TFB
2024,E,4,Z4,Heteropogon contortus,13.5,Unfenced,TFB
2024,E,4,Z4,NA,15.7,Unfenced,TFB
2024,E,4,Z4,NA,18.8,Unfenced,TFB
2024,E,4,Z4,NA,19,Unfenced,TFB
2024,E,4,Z4,Enteropogon macrostachyus,7,Unfenced,TFB
2024,E,4,Z4,Urochloa mosambicensis,5.3,Unfenced,TFB
2024,E,4,Z4,Heteropogon contortus,5.5,Unfenced,TFB
2024,E,4,Z4,NA,6,Unfenced,TFB
2024,E,5,Z1,Eragrostis rigidior,5.8,Fenced,THF
2024,E,5,Z1,Brachiaria nigropedata,5.8,Fenced,THF
2024,E,5,Z1,Heteropogon contortus,9.8,Fenced,THF
2024,E,5,Z1,Enteropogon macrostachyus,8.5,Fenced,THF
2024,E,5,Z1,Pogonarthria squarrosa,NA,Fenced,THF
2024,E,5,Z1,Digitaria eriantha,15.3,Fenced,THF
2024,E,5,Z1,Panicum maximum,15.8,Fenced,THF
2024,E,5,Z1,Heteropogon contortus,13.8,Fenced,THF
2024,E,5,Z1,Eragrostis gummiflua,14.5,Fenced,THF
2024,E,5,Z1,Enteropogon macrostachyus,8.7,Fenced,THF
2024,E,5,Z1,Panicum maximum,11.4,Fenced,THF
2024,E,5,Z1,NA,13.4,Fenced,THF
2024,E,5,Z1,NA,11.4,Fenced,THF
2024,E,5,Z1,Aristida adscensionis,8.7,Fenced,THF
2024,E,5,Z1,Heteropogon contortus,8.5,Fenced,THF
2024,E,5,Z1,Cymbopogon excavatus,8.5,Fenced,THF
2024,E,5,Z1,NA,8.3,Fenced,THF
2024,E,5,Z1,Heteropogon contortus,10,Fenced,THF
2024,E,5,Z1,Eragrostis rigidior,10.6,Fenced,THF
2024,E,5,Z1,NA,10.4,Fenced,THF
2024,E,5,Z1,NA,10.5,Fenced,THF
2024,E,5,Z2,Panicum maximum,8.9,Unfenced,THF
2024,E,5,Z2,NA,9.1,Unfenced,THF
2024,E,5,Z2,NA,9.7,Unfenced,THF
2024,E,5,Z2,NA,10.3,Unfenced,THF
2024,E,5,Z2,Panicum maximum,10.8,Unfenced,THF
2024,E,5,Z2,Enteropogon macrostachyus,10.8,Unfenced,THF
2024,E,5,Z2,Heteropogon contortus,8.9,Unfenced,THF
2024,E,5,Z2,NA,7.7,Unfenced,THF
2024,E,5,Z2,Brachiaria nigropedata,12.2,Unfenced,THF
2024,E,5,Z2,Heteropogon contortus,11.3,Unfenced,THF
2024,E,5,Z2,Digitaria eriantha,10.5,Unfenced,THF
2024,E,5,Z2,NA,10.5,Unfenced,THF
2024,E,5,Z2,Eragrostis rigidior,12.9,Unfenced,THF
2024,E,5,Z2,Heteropogon contortus,15,Unfenced,THF
2024,E,5,Z2,Pogonarthria squarrosa,14.3,Unfenced,THF
2024,E,5,Z2,Aristida adscensionis,5.6,Unfenced,THF
2024,E,5,Z2,Enteropogon macrostachyus,10.7,Unfenced,THF
2024,E,5,Z2,Heteropogon contortus,10.6,Unfenced,THF
2024,E,5,Z2,Aristida adscensionis,10.4,Unfenced,THF
2024,E,5,Z2,NA,10.1,Unfenced,THF
2024,E,5,Z3,Aristida adscensionis,10.6,Fenced,THF
2024,E,5,Z3,Digitaria eriantha,10.2,Fenced,THF
2024,E,5,Z3,Eragrostis gummiflua,10.5,Fenced,THF
2024,E,5,Z3,NA,10.4,Fenced,THF
2024,E,5,Z3,Eragrostis gummiflua,5.1,Fenced,THF
2024,E,5,Z3,Eragrostis rigidior,13.2,Fenced,THF
2024,E,5,Z3,Heteropogon contortus,11.4,Fenced,THF
2024,E,5,Z3,Digitaria eriantha,19.9,Fenced,THF
2024,E,5,Z3,Pogonarthria squarrosa,NA,Fenced,THF
2024,E,5,Z3,Heteropogon contortus,6.8,Fenced,THF
2024,E,5,Z3,Digitaria eriantha,8.1,Fenced,THF
2024,E,5,Z3,Panicum maximum,8.1,Fenced,THF
2024,E,5,Z3,NA,8.8,Fenced,THF
2024,E,5,Z3,Aristida adscensionis,6.3,Fenced,THF
2024,E,5,Z3,Eragrostis gummiflua,6,Fenced,THF
2024,E,5,Z3,Eragrostis rigidior,8.3,Fenced,THF
2024,E,5,Z3,Heteropogon contortus,7.2,Fenced,THF
2024,E,5,Z3,Enteropogon macrostachyus,NA,Fenced,THF
2024,E,5,Z3,Aristida adscensionis,2.8,Fenced,THF
2024,E,5,Z3,Heteropogon contortus,2.8,Fenced,THF
2024,E,5,Z3,NA,2.8,Fenced,THF
2024,E,5,Z3,NA,2.8,Fenced,THF
2024,E,5,Z4,Heteropogon contortus,13.2,Unfenced,THF
2024,E,5,Z4,Enteropogon macrostachyus,12,Unfenced,THF
2024,E,5,Z4,NA,11.4,Unfenced,THF
2024,E,5,Z4,NA,11.6,Unfenced,THF
2024,E,5,Z4,Pogonarthria squarrosa,8.3,Unfenced,THF
2024,E,5,Z4,Brachiaria nigropedata,8.4,Unfenced,THF
2024,E,5,Z4,NA,9.1,Unfenced,THF
2024,E,5,Z4,NA,10,Unfenced,THF
2024,E,5,Z4,Brachiaria nigropedata,13.2,Unfenced,THF
2024,E,5,Z4,Digitaria eriantha,12.7,Unfenced,THF
2024,E,5,Z4,Panicum maximum,12.2,Unfenced,THF
2024,E,5,Z4,NA,12.3,Unfenced,THF
2024,E,5,Z4,Enteropogon macrostachyus,11.6,Unfenced,THF
2024,E,5,Z4,Digitaria eriantha,12.2,Unfenced,THF
2024,E,5,Z4,Sporobolus africanus,12.3,Unfenced,THF
2024,E,5,Z4,NA,13.1,Unfenced,THF
2024,E,5,Z4,Enteropogon macrostachyus,5.1,Unfenced,THF
2024,E,5,Z4,Aristida adscensionis,12.8,Unfenced,THF
2024,E,5,Z4,Sporobolus ioclados,12.5,Unfenced,THF
2024,E,5,Z4,NA,12.1,Unfenced,THF
2024,F,1,Z1,Heteropogon contortus,4,Fenced,C
2024,F,1,Z1,Eragrostis rigidior,5.6,Fenced,C
2024,F,1,Z1,NA,3.8,Fenced,C
2024,F,1,Z1,NA,13.6,Fenced,C
2024,F,1,Z1,Heteropogon contortus,3.4,Fenced,C
2024,F,1,Z1,Eragrostis rigidior,20.7,Fenced,C
2024,F,1,Z1,Eragrostis gummiflua,7.8,Fenced,C
2024,F,1,Z1,NA,3.6,Fenced,C
2024,F,1,Z1,Aristida congesta c,3.5,Fenced,C
2024,F,1,Z1,Heteropogon contortus,4.7,Fenced,C
2024,F,1,Z1,Eragrostis rigidior,4.8,Fenced,C
2024,F,1,Z1,Eragrostis gummiflua,5.2,Fenced,C
2024,F,1,Z1,Aristida adscensionis,9,Fenced,C
2024,F,1,Z1,Eragrostis rigidior,12.7,Fenced,C
2024,F,1,Z1,Eragrostis gummiflua,12.8,Fenced,C
2024,F,1,Z1,Eragrostis superba,12.7,Fenced,C
2024,F,1,Z1,Eragrostis rigidior,5.5,Fenced,C
2024,F,1,Z1,Eragrostis gummiflua,5.9,Fenced,C
2024,F,1,Z1,Eragrostis superba,7.9,Fenced,C
2024,F,1,Z1,NA,7.5,Fenced,C
2024,F,1,Z2,Heteropogon contortus,4.9,Fenced,C
2024,F,1,Z2,Eragrostis rigidior,7.8,Fenced,C
2024,F,1,Z2,Eragrostis gummiflua,7.5,Fenced,C
2024,F,1,Z2,Digitaria eriantha,13.3,Fenced,C
2024,F,1,Z2,Heteropogon contortus,19.7,Fenced,C
2024,F,1,Z2,Eragrostis rigidior,10.5,Fenced,C
2024,F,1,Z2,Eragrostis gummiflua,20,Fenced,C
2024,F,1,Z2,Panicum maximum,22.5,Fenced,C
2024,F,1,Z2,Aristida junciformis,9.8,Fenced,C
2024,F,1,Z2,Digitaria eriantha,8.7,Fenced,C
2024,F,1,Z2,Heteropogon contortus,8.9,Fenced,C
2024,F,1,Z2,NA,8.2,Fenced,C
2024,F,1,Z2,Heteropogon contortus,8.6,Fenced,C
2024,F,1,Z2,Eragrostis rigidior,8.6,Fenced,C
2024,F,1,Z2,Eragrostis superba,8.3,Fenced,C
2024,F,1,Z2,Panicum maximum,7.7,Fenced,C
2024,F,1,Z2,Eragrostis rigidior,15.3,Fenced,C
2024,F,1,Z2,Eragrostis gummiflua,14.7,Fenced,C
2024,F,1,Z2,NA,13.6,Fenced,C
2024,F,1,Z2,NA,13.8,Fenced,C
2024,F,1,Z3,Heteropogon contortus,5.4,Unfenced,C
2024,F,1,Z3,Eragrostis rigidior,5.1,Unfenced,C
2024,F,1,Z3,Eragrostis gummiflua,4.6,Unfenced,C
2024,F,1,Z3,Loudetia simplex,12.8,Unfenced,C
2024,F,1,Z3,Eragrostis gummiflua,3.4,Unfenced,C
2024,F,1,Z3,Aristida  canescens,4.8,Unfenced,C
2024,F,1,Z3,NA,5.4,Unfenced,C
2024,F,1,Z3,NA,7.8,Unfenced,C
2024,F,1,Z3,Eragrostis gummiflua,2.2,Unfenced,C
2024,F,1,Z3,NA,2.1,Unfenced,C
2024,F,1,Z3,NA,2,Unfenced,C
2024,F,1,Z3,NA,2.4,Unfenced,C
2024,F,1,Z3,Digitaria eriantha,2.4,Unfenced,C
2024,F,1,Z3,Brachiaria brizantha,4,Unfenced,C
2024,F,1,Z3,Eragrostis rigidior,4.5,Unfenced,C
2024,F,1,Z3,Heteropogon contortus,4.5,Unfenced,C
2024,F,1,Z3,Eragrostis rigidior,3.4,Unfenced,C
2024,F,1,Z3,Eragrostis gummiflua,4.3,Unfenced,C
2024,F,1,Z3,NA,4.8,Unfenced,C
2024,F,1,Z3,NA,5,Unfenced,C
2024,F,1,Z4,Eragrostis gummiflua,1.6,Unfenced,C
2024,F,1,Z4,Digitaria eriantha,3.3,Unfenced,C
2024,F,1,Z4,Heteropogon contortus,3.7,Unfenced,C
2024,F,1,Z4,NA,4.4,Unfenced,C
2024,F,1,Z4,Eragrostis gummiflua,4.6,Unfenced,C
2024,F,1,Z4,Eragrostis rigidior,4.7,Unfenced,C
2024,F,1,Z4,Heteropogon contortus,5.1,Unfenced,C
2024,F,1,Z4,Aristida congesta c,5.2,Unfenced,C
2024,F,1,Z4,Eragrostis gummiflua,8.7,Unfenced,C
2024,F,1,Z4,Aristida diffusa,6.6,Unfenced,C
2024,F,1,Z4,NA,4.8,Unfenced,C
2024,F,1,Z4,NA,5.1,Unfenced,C
2024,F,1,Z4,Aristida congesta b,7.7,Unfenced,C
2024,F,1,Z4,Heteropogon contortus,6.6,Unfenced,C
2024,F,1,Z4,Eragrostis rigidior,7.9,Unfenced,C
2024,F,1,Z4,Eragrostis gummiflua,7.8,Unfenced,C
2024,F,1,Z4,Eragrostis superba,NA,Unfenced,C
2024,F,1,Z4,Eragrostis gummiflua,3.6,Unfenced,C
2024,F,1,Z4,Urochloa panicoides,3.5,Unfenced,C
2024,F,1,Z4,Aristida diffusa,3.6,Unfenced,C
2024,F,1,Z4,NA,3.6,Unfenced,C
2024,F,2,Z1,Aristida congesta b,5.3,Fenced,F
2024,F,2,Z1,Heteropogon contortus,5.1,Fenced,F
2024,F,2,Z1,Eragrostis rigidior,5,Fenced,F
2024,F,2,Z1,Digitaria eriantha,4.8,Fenced,F
2024,F,2,Z1,Panicum maximum,5.6,Fenced,F
2024,F,2,Z1,NA,5.6,Fenced,F
2024,F,2,Z1,NA,5.6,Fenced,F
2024,F,2,Z1,NA,5.7,Fenced,F
2024,F,2,Z1,Cynodon dactylon,8.4,Fenced,F
2024,F,2,Z1,Aristida congesta c,5.6,Fenced,F
2024,F,2,Z1,Eragrostis rigidior,6.4,Fenced,F
2024,F,2,Z1,NA,5.1,Fenced,F
2024,F,2,Z1,Cynodon dactylon,9.7,Fenced,F
2024,F,2,Z1,Aristida congesta c,13.2,Fenced,F
2024,F,2,Z1,Digitaria eriantha,19.7,Fenced,F
2024,F,2,Z1,NA,22.1,Fenced,F
2024,F,2,Z1,Panicum maximum,13.1,Fenced,F
2024,F,2,Z1,Eragrostis rigidior,7,Fenced,F
2024,F,2,Z1,NA,6.5,Fenced,F
2024,F,2,Z1,NA,7.4,Fenced,F
2024,F,2,Z2,Eragrostis rigidior,6.9,Fenced,F
2024,F,2,Z2,Digitaria eriantha,6.3,Fenced,F
2024,F,2,Z2,NA,6.7,Fenced,F
2024,F,2,Z2,NA,6.4,Fenced,F
2024,F,2,Z2,Digitaria eriantha,4.7,Fenced,F
2024,F,2,Z2,Eragrostis rigidior,4.2,Fenced,F
2024,F,2,Z2,Eragrostis gummiflua,5.9,Fenced,F
2024,F,2,Z2,NA,4.6,Fenced,F
2024,F,2,Z2,Eragrostis rigidior,7.4,Fenced,F
2024,F,2,Z2,Digitaria eriantha,7,Fenced,F
2024,F,2,Z2,Eragrostis gummiflua,11.8,Fenced,F
2024,F,2,Z2,Pogonarthria squarrosa,8.9,Fenced,F
2024,F,2,Z2,Eragrostis gummiflua,1.9,Fenced,F
2024,F,2,Z2,Digitaria eriantha,3.5,Fenced,F
2024,F,2,Z2,Cynodon dactylon,4,Fenced,F
2024,F,2,Z2,NA,3.8,Fenced,F
2024,F,2,Z2,Eragrostis gummiflua,3.9,Fenced,F
2024,F,2,Z2,Eragrostis rigidior,5.1,Fenced,F
2024,F,2,Z2,Urochloa panicoides,6.7,Fenced,F
2024,F,2,Z2,NA,8.9,Fenced,F
2024,F,2,Z3,Digitaria eriantha,2.7,Unfenced,F
2024,F,2,Z3,Cynodon dactylon,2.3,Unfenced,F
2024,F,2,Z3,Perotis patens,2.4,Unfenced,F
2024,F,2,Z3,NA,2.4,Unfenced,F
2024,F,2,Z3,NA,0,Unfenced,F
2024,F,2,Z3,NA,0,Unfenced,F
2024,F,2,Z3,NA,0,Unfenced,F
2024,F,2,Z3,NA,0,Unfenced,F
2024,F,2,Z3,Digitaria eriantha,17,Unfenced,F
2024,F,2,Z3,Cynodon dactylon,13.7,Unfenced,F
2024,F,2,Z3,Eragrostis rigidior,11.9,Unfenced,F
2024,F,2,Z3,NA,11.9,Unfenced,F
2024,F,2,Z3,Digitaria eriantha,5.2,Unfenced,F
2024,F,2,Z3,Eragrostis rigidior,5.5,Unfenced,F
2024,F,2,Z3,NA,6.1,Unfenced,F
2024,F,2,Z3,NA,6.9,Unfenced,F
2024,F,2,Z3,Aristida  canescens,4.6,Unfenced,F
2024,F,2,Z3,Digitaria eriantha,4,Unfenced,F
2024,F,2,Z3,Setaria incrassata,3.9,Unfenced,F
2024,F,2,Z3,NA,4.5,Unfenced,F
2024,F,2,Z4,Digitaria eriantha,12.4,Unfenced,F
2024,F,2,Z4,Cynodon dactylon,11.8,Unfenced,F
2024,F,2,Z4,Eragrostis rigidior,12,Unfenced,F
2024,F,2,Z4,NA,12,Unfenced,F
2024,F,2,Z4,Heteropogon contortus,5.6,Unfenced,F
2024,F,2,Z4,Cynodon dactylon,6.4,Unfenced,F
2024,F,2,Z4,Eragrostis rigidior,6.7,Unfenced,F
2024,F,2,Z4,Aristida  canescens,6.8,Unfenced,F
2024,F,2,Z4,Enteropogon macrostachyus,6.6,Unfenced,F
2024,F,2,Z4,Panicum maximum,6.9,Unfenced,F
2024,F,2,Z4,NA,8.5,Unfenced,F
2024,F,2,Z4,NA,8.3,Unfenced,F
2024,F,2,Z4,Heteropogon contortus,13.7,Unfenced,F
2024,F,2,Z4,Cynodon dactylon,13.9,Unfenced,F
2024,F,2,Z4,Eragrostis rigidior,14.5,Unfenced,F
2024,F,2,Z4,Aristida  canescens,13.9,Unfenced,F
2024,F,2,Z4,Digitaria eriantha,13.1,Unfenced,F
2024,F,2,Z4,Cynodon dactylon,12.9,Unfenced,F
2024,F,2,Z4,Eragrostis rigidior,12.6,Unfenced,F
2024,F,2,Z4,NA,12.1,Unfenced,F
2024,F,3,Z1,Digitaria eriantha,2.7,Fenced,TF
2024,F,3,Z1,Cynodon dactylon,2.3,Fenced,TF
2024,F,3,Z1,Perotis patens,2.4,Fenced,TF
2024,F,3,Z1,NA,2.4,Fenced,TF
2024,F,3,Z1,NA,0,Fenced,TF
2024,F,3,Z1,NA,0,Fenced,TF
2024,F,3,Z1,NA,0,Fenced,TF
2024,F,3,Z1,NA,0,Fenced,TF
2024,F,3,Z1,Digitaria eriantha,17,Fenced,TF
2024,F,3,Z1,Cynodon dactylon,13.7,Fenced,TF
2024,F,3,Z1,Eragrostis rigidior,11.9,Fenced,TF
2024,F,3,Z1,NA,11.9,Fenced,TF
2024,F,3,Z1,Digitaria eriantha,5.2,Fenced,TF
2024,F,3,Z1,Eragrostis rigidior,5.5,Fenced,TF
2024,F,3,Z1,NA,6.1,Fenced,TF
2024,F,3,Z1,NA,6.9,Fenced,TF
2024,F,3,Z1,Aristida  canescens,4.6,Fenced,TF
2024,F,3,Z1,Digitaria eriantha,4,Fenced,TF
2024,F,3,Z1,Setaria incrassata,3.9,Fenced,TF
2024,F,3,Z1,NA,4.5,Fenced,TF
2024,F,3,Z2,Eragrostis rigidior,9.1,Fenced,TF
2024,F,3,Z2,NA,7,Fenced,TF
2024,F,3,Z2,NA,9,Fenced,TF
2024,F,3,Z2,NA,8,Fenced,TF
2024,F,3,Z2,Eragrostis rigidior,2.6,Fenced,TF
2024,F,3,Z2,NA,1.9,Fenced,TF
2024,F,3,Z2,NA,2,Fenced,TF
2024,F,3,Z2,NA,2.1,Fenced,TF
2024,F,3,Z2,Aristida  canescens,4.9,Fenced,TF
2024,F,3,Z2,Digitaria eriantha,3.8,Fenced,TF
2024,F,3,Z2,Eragrostis gummiflua,3.4,Fenced,TF
2024,F,3,Z2,Eragrostis rigidior,3.5,Fenced,TF
2024,F,3,Z2,NA,0,Fenced,TF
2024,F,3,Z2,NA,0,Fenced,TF
2024,F,3,Z2,NA,0,Fenced,TF
2024,F,3,Z2,NA,0,Fenced,TF
2024,F,3,Z2,Aristida  canescens,1.9,Fenced,TF
2024,F,3,Z2,Eragrostis rigidior,3.6,Fenced,TF
2024,F,3,Z2,NA,2.9,Fenced,TF
2024,F,3,Z2,NA,3,Fenced,TF
2024,F,3,Z3,Cynodon dactylon,4.8,Unfenced,TF
2024,F,3,Z3,Pogonarthria squarrosa,6.6,Unfenced,TF
2024,F,3,Z3,NA,6.8,Unfenced,TF
2024,F,3,Z3,NA,7,Unfenced,TF
2024,F,3,Z3,Digitaria eriantha,18.3,Unfenced,TF
2024,F,3,Z3,Eragrostis rigidior,16.2,Unfenced,TF
2024,F,3,Z3,NA,12.4,Unfenced,TF
2024,F,3,Z3,NA,12.2,Unfenced,TF
2024,F,3,Z3,Cynodon dactylon,12.2,Unfenced,TF
2024,F,3,Z3,Digitaria eriantha,11.4,Unfenced,TF
2024,F,3,Z3,Eragrostis rigidior,10.7,Unfenced,TF
2024,F,3,Z3,NA,9.4,Unfenced,TF
2024,F,3,Z3,Cynodon dactylon,12.1,Unfenced,TF
2024,F,3,Z3,Digitaria eriantha,11.2,Unfenced,TF
2024,F,3,Z3,NA,12.5,Unfenced,TF
2024,F,3,Z3,NA,12.5,Unfenced,TF
2024,F,3,Z3,Cynodon dactylon,7.9,Unfenced,TF
2024,F,3,Z3,Digitaria eriantha,6.2,Unfenced,TF
2024,F,3,Z3,Chloris virgata,5.6,Unfenced,TF
2024,F,3,Z3,NA,5.4,Unfenced,TF
2024,F,3,Z4,Cynodon dactylon,5.2,Unfenced,TF
2024,F,3,Z4,Digitaria eriantha,5.1,Unfenced,TF
2024,F,3,Z4,Eragrostis rigidior,5.1,Unfenced,TF
2024,F,3,Z4,NA,5,Unfenced,TF
2024,F,3,Z4,Aristida  canescens,6.6,Unfenced,TF
2024,F,3,Z4,Digitaria eriantha,7.4,Unfenced,TF
2024,F,3,Z4,NA,7.2,Unfenced,TF
2024,F,3,Z4,NA,7.1,Unfenced,TF
2024,F,3,Z4,Cynodon dactylon,7.2,Unfenced,TF
2024,F,3,Z4,Digitaria eriantha,7.6,Unfenced,TF
2024,F,3,Z4,NA,7.6,Unfenced,TF
2024,F,3,Z4,NA,7.4,Unfenced,TF
2024,F,3,Z4,Cynodon dactylon,7.9,Unfenced,TF
2024,F,3,Z4,Digitaria eriantha,8.2,Unfenced,TF
2024,F,3,Z4,Eragrostis rigidior,9.1,Unfenced,TF
2024,F,3,Z4,Pogonarthria squarrosa,9,Unfenced,TF
2024,F,3,Z4,Cynodon dactylon,9.2,Unfenced,TF
2024,F,3,Z4,Digitaria eriantha,9.5,Unfenced,TF
2024,F,3,Z4,Eragrostis rigidior,9.9,Unfenced,TF
2024,F,3,Z4,Chloris virgata,10.3,Unfenced,TF
2024,F,4,Z1,Heteropogon contortus,6.3,Fenced,TFB
2024,F,4,Z1,Digitaria eriantha,6.8,Fenced,TFB
2024,F,4,Z1,Eragrostis rigidior,7.8,Fenced,TFB
2024,F,4,Z1,NA,7.8,Fenced,TFB
2024,F,4,Z1,Eragrostis gummiflua,6.5,Fenced,TFB
2024,F,4,Z1,NA,6,Fenced,TFB
2024,F,4,Z1,NA,5.3,Fenced,TFB
2024,F,4,Z1,NA,5.1,Fenced,TFB
2024,F,4,Z1,Cynodon dactylon,7.7,Fenced,TFB
2024,F,4,Z1,Digitaria eriantha,7.5,Fenced,TFB
2024,F,4,Z1,NA,7.3,Fenced,TFB
2024,F,4,Z1,NA,7.1,Fenced,TFB
2024,F,4,Z1,Digitaria eriantha,9.2,Fenced,TFB
2024,F,4,Z1,Aristida  canescens,9.7,Fenced,TFB
2024,F,4,Z1,NA,7.6,Fenced,TFB
2024,F,4,Z1,NA,8.5,Fenced,TFB
2024,F,4,Z1,Pogonarthria squarrosa,7.3,Fenced,TFB
2024,F,4,Z1,NA,7.3,Fenced,TFB
2024,F,4,Z1,NA,8.1,Fenced,TFB
2024,F,4,Z1,NA,7.8,Fenced,TFB
2024,F,4,Z2,Eragrostis rigidior,11.4,Fenced,TFB
2024,F,4,Z2,NA,10.8,Fenced,TFB
2024,F,4,Z2,NA,13,Fenced,TFB
2024,F,4,Z2,NA,13.1,Fenced,TFB
2024,F,4,Z2,Aristida  canescens,4.5,Fenced,TFB
2024,F,4,Z2,Cynodon dactylon,4.8,Fenced,TFB
2024,F,4,Z2,Eragrostis gummiflua,6,Fenced,TFB
2024,F,4,Z2,Brachiaria brizantha,5.8,Fenced,TFB
2024,F,4,Z2,Eragrostis rigidior,12.4,Fenced,TFB
2024,F,4,Z2,Panicum maximum,7.7,Fenced,TFB
2024,F,4,Z2,NA,6.2,Fenced,TFB
2024,F,4,Z2,NA,6.9,Fenced,TFB
2024,F,4,Z2,Heteropogon contortus,2.1,Fenced,TFB
2024,F,4,Z2,NA,2,Fenced,TFB
2024,F,4,Z2,NA,2.1,Fenced,TFB
2024,F,4,Z2,NA,1.9,Fenced,TFB
2024,F,4,Z2,Aristida  canescens,2,Fenced,TFB
2024,F,4,Z2,Eragrostis rigidior,3.3,Fenced,TFB
2024,F,4,Z2,Pogonarthria squarrosa,3,Fenced,TFB
2024,F,4,Z2,NA,2.8,Fenced,TFB
2024,F,4,Z3,Cynodon dactylon,6.2,Unfenced,TFB
2024,F,4,Z3,Eragrostis rigidior,3.6,Unfenced,TFB
2024,F,4,Z3,Pogonarthria squarrosa,4,Unfenced,TFB
2024,F,4,Z3,NA,15.3,Unfenced,TFB
2024,F,4,Z3,Cynodon dactylon,1.8,Unfenced,TFB
2024,F,4,Z3,Digitaria eriantha,1.9,Unfenced,TFB
2024,F,4,Z3,NA,3.8,Unfenced,TFB
2024,F,4,Z3,NA,3.1,Unfenced,TFB
2024,F,4,Z3,Digitaria eriantha,10.8,Unfenced,TFB
2024,F,4,Z3,Heteropogon contortus,5.6,Unfenced,TFB
2024,F,4,Z3,NA,10.2,Unfenced,TFB
2024,F,4,Z3,NA,9.3,Unfenced,TFB
2024,F,4,Z3,Eragrostis viscosa,3.5,Unfenced,TFB
2024,F,4,Z3,Digitaria eriantha,5.3,Unfenced,TFB
2024,F,4,Z3,NA,4.5,Unfenced,TFB
2024,F,4,Z3,NA,2.5,Unfenced,TFB
2024,F,4,Z3,Cynodon dactylon,6.7,Unfenced,TFB
2024,F,4,Z3,Digitaria eriantha,6.9,Unfenced,TFB
2024,F,4,Z3,Eragrostis rigidior,7.2,Unfenced,TFB
2024,F,4,Z3,Aristida  canescens,9.8,Unfenced,TFB
2024,F,4,Z4,Aristida  canescens,3.1,Unfenced,TFB
2024,F,4,Z4,Cynodon dactylon,2.9,Unfenced,TFB
2024,F,4,Z4,Eragrostis rigidior,2.5,Unfenced,TFB
2024,F,4,Z4,NA,3,Unfenced,TFB
2024,F,4,Z4,Aristida  canescens,4,Unfenced,TFB
2024,F,4,Z4,Panicum maximum,4.8,Unfenced,TFB
2024,F,4,Z4,Cymbopogon excavatus,5.5,Unfenced,TFB
2024,F,4,Z4,NA,6.5,Unfenced,TFB
2024,F,4,Z4,Aristida  canescens,3.6,Unfenced,TFB
2024,F,4,Z4,Digitaria eriantha,5.6,Unfenced,TFB
2024,F,4,Z4,Eragrostis gummiflua,7.9,Unfenced,TFB
2024,F,4,Z4,NA,5.6,Unfenced,TFB
2024,F,4,Z4,Cynodon dactylon,13.7,Unfenced,TFB
2024,F,4,Z4,Heteropogon contortus,10.2,Unfenced,TFB
2024,F,4,Z4,Pogonarthria squarrosa,6.4,Unfenced,TFB
2024,F,4,Z4,NA,15.3,Unfenced,TFB
2024,F,4,Z4,Cynodon dactylon,4.5,Unfenced,TFB
2024,F,4,Z4,Eragrostis rigidior,5.9,Unfenced,TFB
2024,F,4,Z4,NA,5.5,Unfenced,TFB
2024,F,4,Z4,NA,5,Unfenced,TFB
2024,F,5,Z1,Cynodon dactylon,7.4,Fenced,THF
2024,F,5,Z1,Digitaria eriantha,6.5,Fenced,THF
2024,F,5,Z1,NA,6.3,Fenced,THF
2024,F,5,Z1,NA,7.9,Fenced,THF
2024,F,5,Z1,Cynodon dactylon,3.8,Fenced,THF
2024,F,5,Z1,Digitaria eriantha,3.8,Fenced,THF
2024,F,5,Z1,Eragrostis rigidior,6.3,Fenced,THF
2024,F,5,Z1,NA,5.8,Fenced,THF
2024,F,5,Z1,Cynodon dactylon,9.4,Fenced,THF
2024,F,5,Z1,Digitaria eriantha,12.3,Fenced,THF
2024,F,5,Z1,Eragrostis rigidior,10.9,Fenced,THF
2024,F,5,Z1,NA,11.2,Fenced,THF
2024,F,5,Z1,Cynodon dactylon,8.6,Fenced,THF
2024,F,5,Z1,Digitaria eriantha,7.7,Fenced,THF
2024,F,5,Z1,NA,10.2,Fenced,THF
2024,F,5,Z1,NA,9.7,Fenced,THF
2024,F,5,Z1,Cynodon dactylon,7.5,Fenced,THF
2024,F,5,Z1,Digitaria eriantha,8.2,Fenced,THF
2024,F,5,Z1,NA,7.4,Fenced,THF
2024,F,5,Z1,NA,7.2,Fenced,THF
2024,F,5,Z2,Urochloa mosambicensis,5.2,Fenced,THF
2024,F,5,Z2,Digitaria eriantha,5,Fenced,THF
2024,F,5,Z2,NA,5.1,Fenced,THF
2024,F,5,Z2,NA,5.1,Fenced,THF
2024,F,5,Z2,Cynodon dactylon,11.5,Fenced,THF
2024,F,5,Z2,Digitaria eriantha,9.4,Fenced,THF
2024,F,5,Z2,Eragrostis rigidior,7.1,Fenced,THF
2024,F,5,Z2,Pogonarthria squarrosa,9.4,Fenced,THF
2024,F,5,Z2,Cynodon dactylon,10.6,Fenced,THF
2024,F,5,Z2,Digitaria eriantha,9.3,Fenced,THF
2024,F,5,Z2,NA,8.4,Fenced,THF
2024,F,5,Z2,NA,8.6,Fenced,THF
2024,F,5,Z2,Cynodon dactylon,4.2,Fenced,THF
2024,F,5,Z2,Digitaria eriantha,4.1,Fenced,THF
2024,F,5,Z2,Eragrostis rigidior,4.2,Fenced,THF
2024,F,5,Z2,Aristida  canescens,4.6,Fenced,THF
2024,F,5,Z2,Digitaria eriantha,5.5,Fenced,THF
2024,F,5,Z2,Eragrostis rigidior,5,Fenced,THF
2024,F,5,Z2,NA,5.3,Fenced,THF
2024,F,5,Z2,NA,5.2,Fenced,THF
2024,F,5,Z3,Cynodon dactylon,9.4,Unfenced,THF
2024,F,5,Z3,Digitaria eriantha,8.7,Unfenced,THF
2024,F,5,Z3,Eragrostis rigidior,8.6,Unfenced,THF
2024,F,5,Z3,NA,9.7,Unfenced,THF
2024,F,5,Z3,Cynodon dactylon,10.6,Unfenced,THF
2024,F,5,Z3,Digitaria eriantha,8.2,Unfenced,THF
2024,F,5,Z3,NA,8.8,Unfenced,THF
2024,F,5,Z3,NA,8.4,Unfenced,THF
2024,F,5,Z3,Cynodon dactylon,8.8,Unfenced,THF
2024,F,5,Z3,Digitaria eriantha,9,Unfenced,THF
2024,F,5,Z3,Eragrostis rigidior,9.8,Unfenced,THF
2024,F,5,Z3,Setaria incrassata,8,Unfenced,THF
2024,F,5,Z3,Heteropogon contortus,NA,Unfenced,THF
2024,F,5,Z3,Cynodon dactylon,6.8,Unfenced,THF
2024,F,5,Z3,Digitaria eriantha,7.2,Unfenced,THF
2024,F,5,Z3,Eragrostis rigidior,8.6,Unfenced,THF
2024,F,5,Z3,NA,8.9,Unfenced,THF
2024,F,5,Z3,Cynodon dactylon,9.2,Unfenced,THF
2024,F,5,Z3,Digitaria eriantha,11.1,Unfenced,THF
2024,F,5,Z3,Eragrostis rigidior,12.4,Unfenced,THF
2024,F,5,Z3,NA,12.4,Unfenced,THF
2024,F,5,Z4,Cynodon dactylon,3.4,Unfenced,THF
2024,F,5,Z4,Digitaria eriantha,3.1,Unfenced,THF
2024,F,5,Z4,Eragrostis rigidior,2.2,Unfenced,THF
2024,F,5,Z4,NA,2.6,Unfenced,THF
2024,F,5,Z4,Cynodon dactylon,11,Unfenced,THF
2024,F,5,Z4,Digitaria eriantha,9.7,Unfenced,THF
2024,F,5,Z4,NA,7.1,Unfenced,THF
2024,F,5,Z4,NA,9.2,Unfenced,THF
2024,F,5,Z4,Cynodon dactylon,3.9,Unfenced,THF
2024,F,5,Z4,Digitaria eriantha,7.9,Unfenced,THF
2024,F,5,Z4,NA,5.1,Unfenced,THF
2024,F,5,Z4,NA,4,Unfenced,THF
2024,F,5,Z4,Cynodon dactylon,10.5,Unfenced,THF
2024,F,5,Z4,Digitaria eriantha,10.1,Unfenced,THF
2024,F,5,Z4,Heteropogon contortus,10,Unfenced,THF
2024,F,5,Z4,NA,14.3,Unfenced,THF
2024,F,5,Z4,Digitaria eriantha,10.5,Unfenced,THF
2024,F,5,Z4,Eragrostis rigidior,8.5,Unfenced,THF
2024,F,5,Z4,Aristida  canescens,8.3,Unfenced,THF
2024,F,5,Z4,Eragrostis viscosa,8.4,Unfenced,THF
2024,F,5,Z4,Brachiaria brizantha,NA,Unfenced,THF
2025,A,5,Z3,Aristida adscensionis,9.4,Fenced,THF
2025,A,5,Z3,Bothriochloa insculpta,9.7,Fenced,THF
2025,A,5,Z3,Eragrostis gummiflua,11.1,Fenced,THF
2025,A,5,Z3,NA,12.1,Fenced,THF
2025,A,5,Z3,Bothriochloa insculpta,17,Fenced,THF
2025,A,5,Z3,NA,2.7,Fenced,THF
2025,A,5,Z3,NA,2.8,Fenced,THF
2025,A,5,Z3,NA,2.8,Fenced,THF
2025,A,5,Z3,Urochloa mosambicensis,26.8,Fenced,THF
2025,A,5,Z3,Hyperrhenia filipendula,19.4,Fenced,THF
2025,A,5,Z3,Bothriochloa insculpta,17.3,Fenced,THF
2025,A,5,Z3,Eragrostis gummiflua,16.8,Fenced,THF
2025,A,5,Z3,Urochloa mosambicensis,7.4,Fenced,THF
2025,A,5,Z3,Cymbopogon excavatus,9.8,Fenced,THF
2025,A,5,Z3,Bothriochloa insculpta,13,Fenced,THF
2025,A,5,Z3,NA,14.3,Fenced,THF
2025,A,5,Z3,NA,NA,Fenced,THF
2025,A,5,Z3,NA,NA,Fenced,THF
2025,A,5,Z3,NA,NA,Fenced,THF
2025,A,5,Z1,Urochloa mosambicensis,22.3,Fenced,THF
2025,A,5,Z1,Bothriochloa insculpta,20.3,Fenced,THF
2025,A,5,Z1,NA,20.6,Fenced,THF
2025,A,5,Z1,NA,19.7,Fenced,THF
2025,A,5,Z1,Hyperrhenia filipendula,18.7,Fenced,THF
2025,A,5,Z1,Urochloa mosambicensis,16.1,Fenced,THF
2025,A,5,Z1,NA,19.2,Fenced,THF
2025,A,5,Z1,NA,14.8,Fenced,THF
2025,A,5,Z1,Hyperrhenia filipendula,16,Fenced,THF
2025,A,5,Z1,Themeda triandra,12,Fenced,THF
2025,A,5,Z1,Urochloa mosambicensis,15,Fenced,THF
2025,A,5,Z1,Bothriochloa insculpta,17.8,Fenced,THF
2025,A,5,Z1,Hyperrhenia filipendula,NA,Fenced,THF
2025,A,5,Z1,Urochloa mosambicensis,2.8,Fenced,THF
2025,A,5,Z1,NA,6.9,Fenced,THF
2025,A,5,Z1,NA,6.3,Fenced,THF
2025,A,5,Z1,NA,6.4,Fenced,THF
2025,A,5,Z1,Heteropogon contortus,24,Fenced,THF
2025,A,5,Z1,Urochloa mosambicensis,16,Fenced,THF
2025,A,5,Z1,NA,14.7,Fenced,THF
2025,A,5,Z1,NA,14.8,Fenced,THF
2025,F,5,Z2,Aristida adscensionis,6.8,Fenced,THF
2025,F,5,Z2,Enteropogon macrostachyus,3.4,Fenced,THF
2025,F,5,Z2,Setaria incrassata,5.7,Fenced,THF
2025,F,5,Z2,NA,7.3,Fenced,THF
2025,F,5,Z2,Digitaria eriantha,8.5,Fenced,THF
2025,F,5,Z2,Pogonarthria squarrosa,7.3,Fenced,THF
2025,F,5,Z2,Cynodon dactylon,7.2,Fenced,THF
2025,F,5,Z2,NA,7,Fenced,THF
2025,F,5,Z2,Digitaria eriantha,6.6,Fenced,THF
2025,F,5,Z2,Heteropogon contortus,6.9,Fenced,THF
2025,F,5,Z2,Cynodon dactylon,6.9,Fenced,THF
2025,F,5,Z2,NA,6.7,Fenced,THF
2025,F,5,Z2,Chloris virgata,8.6,Fenced,THF
2025,F,5,Z2,Eragrostis gummiflua,7.4,Fenced,THF
2025,F,5,Z2,Setaria incrassata,7.9,Fenced,THF
2025,F,5,Z2,Cynodon dactylon,4.7,Fenced,THF
2025,F,5,Z2,Digitaria eriantha,7.6,Fenced,THF
2025,F,5,Z2,Pogonarthria squarrosa,5.8,Fenced,THF
2025,F,5,Z2,NA,6.4,Fenced,THF
2025,F,5,Z2,NA,7.1,Fenced,THF
2025,F,5,Z1,Eragrostis rigidior,10.5,Fenced,THF
2025,F,5,Z1,Digitaria eriantha,8.7,Fenced,THF
2025,F,5,Z1,Cynodon dactylon,8.8,Fenced,THF
2025,F,5,Z1,Setaria incrassata,8.9,Fenced,THF
2025,F,5,Z1,Dactyloctenium giganteum,NA,Fenced,THF
2025,F,5,Z1,Eragrostis rigidior,4.9,Fenced,THF
2025,F,5,Z1,Eragrostis gummiflua,4.7,Fenced,THF
2025,F,5,Z1,Setaria incrassata,5.2,Fenced,THF
2025,F,5,Z1,Cynodon dactylon,5.3,Fenced,THF
2025,F,5,Z1,Digitaria eriantha,NA,Fenced,THF
2025,F,5,Z1,Dactyloctenium giganteum,NA,Fenced,THF
2025,F,5,Z1,Eragrostis rigidior,7,Fenced,THF
2025,F,5,Z1,Setaria incrassata,6.7,Fenced,THF
2025,F,5,Z1,Cynodon dactylon,6.9,Fenced,THF
2025,F,5,Z1,Digitaria eriantha,7.2,Fenced,THF
2025,F,5,Z1,Cynodon dactylon,5.6,Fenced,THF
2025,F,5,Z1,Digitaria eriantha,5,Fenced,THF
2025,F,5,Z1,NA,6.7,Fenced,THF
2025,F,5,Z1,NA,7.2,Fenced,THF
2025,F,5,Z1,Cynodon dactylon,6.9,Fenced,THF
2025,F,5,Z1,Digitaria eriantha,7,Fenced,THF
2025,F,5,Z1,Setaria incrassata,7.1,Fenced,THF
2025,F,5,Z1,NA,7.2,Fenced,THF
2025,F,5,Z3,Setaria incrassata,8,Unfenced,THF
2025,F,5,Z3,Enteropogon macrostachyus,8.3,Unfenced,THF
2025,F,5,Z3,Cynodon dactylon,8,Unfenced,THF
2025,F,5,Z3,NA,7.7,Unfenced,THF
2025,F,5,Z3,Cynodon dactylon,6.7,Unfenced,THF
2025,F,5,Z3,Digitaria eriantha,5.6,Unfenced,THF
2025,F,5,Z3,Setaria incrassata,5.5,Unfenced,THF
2025,F,5,Z3,Chloris virgata,5.9,Unfenced,THF
2025,F,5,Z3,Cynodon dactylon,10.5,Unfenced,THF
2025,F,5,Z3,Eragrostis rigidior,9.6,Unfenced,THF
2025,F,5,Z3,Digitaria eriantha,9,Unfenced,THF
2025,F,5,Z3,NA,10.2,Unfenced,THF
2025,F,5,Z3,Digitaria eriantha,9.3,Unfenced,THF
2025,F,5,Z3,Cynodon dactylon,9.4,Unfenced,THF
2025,F,5,Z3,Eragrostis rigidior,9,Unfenced,THF
2025,F,5,Z3,NA,8.4,Unfenced,THF
2025,F,5,Z3,Cynodon dactylon,11.3,Unfenced,THF
2025,F,5,Z3,Digitaria eriantha,17,Unfenced,THF
2025,F,5,Z3,Setaria incrassata,17.5,Unfenced,THF
2025,F,5,Z3,NA,17.5,Unfenced,THF
2025,F,5,Z4,Digitaria eriantha,13.1,Unfenced,THF
2025,F,5,Z4,Cynodon dactylon,12.6,Unfenced,THF
2025,F,5,Z4,Setaria incrassata,12.4,Unfenced,THF
2025,F,5,Z4,NA,13.9,Unfenced,THF
2025,F,5,Z4,Digitaria eriantha,7,Unfenced,THF
2025,F,5,Z4,Eragrostis rigidior,5.7,Unfenced,THF
2025,F,5,Z4,Cynodon dactylon,4.8,Unfenced,THF
2025,F,5,Z4,NA,4.4,Unfenced,THF
2025,F,5,Z4,Setaria incrassata,10.3,Unfenced,THF
2025,F,5,Z4,Eragrostis rigidior,9.8,Unfenced,THF
2025,F,5,Z4,Cynodon dactylon,9.5,Unfenced,THF
2025,F,5,Z4,NA,11.2,Unfenced,THF
2025,F,5,Z4,Cynodon dactylon,4.4,Unfenced,THF
2025,F,5,Z4,Digitaria eriantha,4.7,Unfenced,THF
2025,F,5,Z4,NA,4.8,Unfenced,THF
2025,F,5,Z4,NA,4.6,Unfenced,THF
2025,F,5,Z4,Digitaria eriantha,5.3,Unfenced,THF
2025,F,5,Z4,Eragrostis rigidior,5.3,Unfenced,THF
2025,F,5,Z4,Setaria incrassata,5.4,Unfenced,THF
2025,F,5,Z4,Aristida adscensionis,6.6,Unfenced,THF
2025,F,4,Z2,Eragrostis rigidior,9.8,Fenced,TFB
2025,F,4,Z2,NA,10.2,Fenced,TFB
2025,F,4,Z2,NA,8.8,Fenced,TFB
2025,F,4,Z2,NA,7.8,Fenced,TFB
2025,F,4,Z2,Pogonarthria squarrosa,3.6,Fenced,TFB
2025,F,4,Z2,Setaria incrassata,3.4,Fenced,TFB
2025,F,4,Z2,NA,4.5,Fenced,TFB
2025,F,4,Z2,NA,5.1,Fenced,TFB
2025,F,4,Z2,Chloris virgata,4.7,Fenced,TFB
2025,F,4,Z2,NA,4.3,Fenced,TFB
2025,F,4,Z2,NA,4.1,Fenced,TFB
2025,F,4,Z2,NA,4.2,Fenced,TFB
2025,F,4,Z2,Brachiaria nigropedata,6.4,Fenced,TFB
2025,F,4,Z2,Eragrostis rigidior,5.6,Fenced,TFB
2025,F,4,Z2,Cynodon dactylon,5.3,Fenced,TFB
2025,F,4,Z2,Eragrostis gummiflua,5.7,Fenced,TFB
2025,F,4,Z2,Brachiaria nigropedata,5.4,Fenced,TFB
2025,F,4,Z2,Eragrostis rigidior,4.3,Fenced,TFB
2025,F,4,Z2,Digitaria eriantha,8.1,Fenced,TFB
2025,F,4,Z2,NA,8.5,Fenced,TFB
2025,F,4,Z3,Cynodon dactylon,4.5,Unfenced,TFB
2025,F,4,Z3,Setaria incrassata,4.1,Unfenced,TFB
2025,F,4,Z3,Aristida adscensionis,4,Unfenced,TFB
2025,F,4,Z3,NA,3.7,Unfenced,TFB
2025,F,4,Z3,Digitaria eriantha,4.7,Unfenced,TFB
2025,F,4,Z3,Eragrostis viscosa,5.3,Unfenced,TFB
2025,F,4,Z3,Eragrostis rigidior,5.4,Unfenced,TFB
2025,F,4,Z3,Cynodon dactylon,5.4,Unfenced,TFB
2025,F,4,Z3,Digitaria eriantha,6,Unfenced,TFB
2025,F,4,Z3,Heteropogon contortus,5.1,Unfenced,TFB
2025,F,4,Z3,NA,5,Unfenced,TFB
2025,F,4,Z3,NA,4.9,Unfenced,TFB
2025,F,4,Z3,Aristida adscensionis,6,Unfenced,TFB
2025,F,4,Z3,Digitaria eriantha,6.1,Unfenced,TFB
2025,F,4,Z3,Eragrostis viscosa,5.9,Unfenced,TFB
2025,F,4,Z3,NA,6.2,Unfenced,TFB
2025,F,4,Z3,Eragrostis rigidior,9.3,Unfenced,TFB
2025,F,4,Z3,Digitaria eriantha,7.1,Unfenced,TFB
2025,F,4,Z3,Eragrostis viscosa,6,Unfenced,TFB
2025,F,4,Z3,Cynodon dactylon,5.7,Unfenced,TFB
2025,F,4,Z1,Setaria incrassata,5.5,Fenced,TFB
2025,F,4,Z1,Eragrostis viscosa,5.2,Fenced,TFB
2025,F,4,Z1,NA,4.8,Fenced,TFB
2025,F,4,Z1,NA,4.4,Fenced,TFB
2025,F,4,Z1,Brachiaria nigropedata,8.5,Fenced,TFB
2025,F,4,Z1,Heteropogon contortus,10.8,Fenced,TFB
2025,F,4,Z1,NA,8.7,Fenced,TFB
2025,F,4,Z1,NA,9.5,Fenced,TFB
2025,F,4,Z1,Aristida adscensionis,8.5,Fenced,TFB
2025,F,4,Z1,Setaria incrassata,10.8,Fenced,TFB
2025,F,4,Z1,NA,10.2,Fenced,TFB
2025,F,4,Z1,NA,10,Fenced,TFB
2025,F,4,Z1,Setaria incrassata,8,Fenced,TFB
2025,F,4,Z1,Digitaria eriantha,9.2,Fenced,TFB
2025,F,4,Z1,NA,10,Fenced,TFB
2025,F,4,Z1,NA,8.9,Fenced,TFB
2025,F,4,Z1,Pogonarthria squarrosa,1.9,Fenced,TFB
2025,F,4,Z1,Eragrostis viscosa,3.3,Fenced,TFB
2025,F,4,Z1,NA,3.3,Fenced,TFB
2025,F,4,Z1,NA,3.9,Fenced,TFB
2025,F,4,Z4,Panicum maximum,12,Unfenced,TFB
2025,F,4,Z4,Enteropogon macrostachyus,15.3,Unfenced,TFB
2025,F,4,Z4,NA,14,Unfenced,TFB
2025,F,4,Z4,NA,16.5,Unfenced,TFB
2025,F,4,Z4,Heteropogon contortus,6.3,Unfenced,TFB
2025,F,4,Z4,Digitaria eriantha,6.9,Unfenced,TFB
2025,F,4,Z4,Aristida adscensionis,7.9,Unfenced,TFB
2025,F,4,Z4,Setaria incrassata,7.7,Unfenced,TFB
2025,F,4,Z4,Cynodon dactylon,NA,Unfenced,TFB
2025,F,4,Z4,Digitaria eriantha,2.6,Unfenced,TFB
2025,F,4,Z4,Eragrostis viscosa,2.7,Unfenced,TFB
2025,F,4,Z4,Pogonarthria squarrosa,3.3,Unfenced,TFB
2025,F,4,Z4,NA,4.1,Unfenced,TFB
2025,F,4,Z4,Digitaria eriantha,3.4,Unfenced,TFB
2025,F,4,Z4,Cynodon dactylon,4.8,Unfenced,TFB
2025,F,4,Z4,Pogonarthria squarrosa,6.9,Unfenced,TFB
2025,F,4,Z4,Heteropogon contortus,7.2,Unfenced,TFB
2025,F,4,Z4,Setaria incrassata,NA,Unfenced,TFB
2025,F,4,Z4,Setaria incrassata,5.8,Unfenced,TFB
2025,F,4,Z4,Aristida adscensionis,5.6,Unfenced,TFB
2025,F,4,Z4,NA,7.7,Unfenced,TFB
2025,F,4,Z4,NA,9,Unfenced,TFB
2025,F,3,Z1,Digitaria eriantha,6.3,Fenced,TF
2025,F,3,Z1,NA,1.7,Fenced,TF
2025,F,3,Z1,NA,1.7,Fenced,TF
2025,F,3,Z1,NA,3.7,Fenced,TF
2025,F,3,Z1,Eragrostis viscosa,6.4,Fenced,TF
2025,F,3,Z1,Pogonarthria squarrosa,5.2,Fenced,TF
2025,F,3,Z1,NA,4.2,Fenced,TF
2025,F,3,Z1,NA,4.2,Fenced,TF
2025,F,3,Z1,Eragrostis viscosa,10.6,Fenced,TF
2025,F,3,Z1,Eragrostis rigidior,7.2,Fenced,TF
2025,F,3,Z1,Digitaria eriantha,7.2,Fenced,TF
2025,F,3,Z1,Cynodon dactylon,7.1,Fenced,TF
2025,F,3,Z1,Cynodon dactylon,5.1,Fenced,TF
2025,F,3,Z1,Digitaria eriantha,5.5,Fenced,TF
2025,F,3,Z1,Eragrostis viscosa,5.6,Fenced,TF
2025,F,3,Z1,NA,8.9,Fenced,TF
2025,F,3,Z1,Setaria incrassata,5.4,Fenced,TF
2025,F,3,Z1,Digitaria eriantha,5.8,Fenced,TF
2025,F,3,Z1,NA,6.1,Fenced,TF
2025,F,3,Z1,NA,6.5,Fenced,TF
2025,F,3,Z2,Eragrostis viscosa,7.2,Fenced,TF
2025,F,3,Z2,Pogonarthria squarrosa,7.9,Fenced,TF
2025,F,3,Z2,Eragrostis rigidior,7.8,Fenced,TF
2025,F,3,Z2,NA,7.5,Fenced,TF
2025,F,3,Z2,Eragrostis viscosa,8.3,Fenced,TF
2025,F,3,Z2,Setaria incrassata,6.4,Fenced,TF
2025,F,3,Z2,Eragrostis rigidior,6.8,Fenced,TF
2025,F,3,Z2,NA,7.1,Fenced,TF
2025,F,3,Z2,Eragrostis viscosa,6.5,Fenced,TF
2025,F,3,Z2,Eragrostis rigidior,6.2,Fenced,TF
2025,F,3,Z2,Perotis patens,5.9,Fenced,TF
2025,F,3,Z2,NA,6.2,Fenced,TF
2025,F,3,Z2,Eragrostis viscosa,6.9,Fenced,TF
2025,F,3,Z2,Digitaria eriantha,6.4,Fenced,TF
2025,F,3,Z2,Eragrostis rigidior,7,Fenced,TF
2025,F,3,Z2,Eragrostis gummiflua,6.8,Fenced,TF
2025,F,3,Z2,Setaria incrassata,6.8,Fenced,TF
2025,F,3,Z2,Eragrostis rigidior,6.5,Fenced,TF
2025,F,3,Z2,NA,6.3,Fenced,TF
2025,F,3,Z2,NA,6,Fenced,TF
2025,F,3,Z4,Eragrostis rigidior,6.4,Unfenced,TF
2025,F,3,Z4,Cynodon dactylon,6.6,Unfenced,TF
2025,F,3,Z4,Digitaria eriantha,6.4,Unfenced,TF
2025,F,3,Z4,NA,6.6,Unfenced,TF
2025,F,3,Z4,Cynodon dactylon,7.4,Unfenced,TF
2025,F,3,Z4,Eragrostis rigidior,8.7,Unfenced,TF
2025,F,3,Z4,Digitaria eriantha,8.9,Unfenced,TF
2025,F,3,Z4,NA,9.6,Unfenced,TF
2025,F,3,Z4,Cynodon dactylon,4.7,Unfenced,TF
2025,F,3,Z4,Digitaria eriantha,6.8,Unfenced,TF
2025,F,3,Z4,Setaria incrassata,8.6,Unfenced,TF
2025,F,3,Z4,NA,9.1,Unfenced,TF
2025,F,3,Z4,Cynodon dactylon,11.6,Unfenced,TF
2025,F,3,Z4,Eragrostis rigidior,9.7,Unfenced,TF
2025,F,3,Z4,Pogonarthria squarrosa,8.3,Unfenced,TF
2025,F,3,Z4,Digitaria eriantha,8.1,Unfenced,TF
2025,F,3,Z4,Enteropogon macrostachyus,5.1,Unfenced,TF
2025,F,3,Z4,Digitaria eriantha,5.3,Unfenced,TF
2025,F,3,Z4,Setaria incrassata,9.4,Unfenced,TF
2025,F,3,Z4,NA,9,Unfenced,TF
2025,F,3,Z3,Cynodon dactylon,7.2,Unfenced,TF
2025,F,3,Z3,Pogonarthria squarrosa,7.1,Unfenced,TF
2025,F,3,Z3,Eragrostis viscosa,7.2,Unfenced,TF
2025,F,3,Z3,Setaria incrassata,7.5,Unfenced,TF
2025,F,3,Z3,Eragrostis rigidior,7,Unfenced,TF
2025,F,3,Z3,Digitaria eriantha,5.5,Unfenced,TF
2025,F,3,Z3,NA,3.9,Unfenced,TF
2025,F,3,Z3,NA,3.4,Unfenced,TF
2025,F,3,Z3,Cynodon dactylon,3.6,Unfenced,TF
2025,F,3,Z3,Digitaria eriantha,3.6,Unfenced,TF
2025,F,3,Z3,NA,4.6,Unfenced,TF
2025,F,3,Z3,NA,4.5,Unfenced,TF
2025,F,3,Z3,Cynodon dactylon,6.8,Unfenced,TF
2025,F,3,Z3,Digitaria eriantha,9.6,Unfenced,TF
2025,F,3,Z3,Setaria incrassata,9.6,Unfenced,TF
2025,F,3,Z3,Eragrostis viscosa,9.8,Unfenced,TF
2025,F,3,Z3,Cynodon dactylon,19.4,Unfenced,TF
2025,F,3,Z3,Digitaria eriantha,8.5,Unfenced,TF
2025,F,3,Z3,NA,10.7,Unfenced,TF
2025,F,3,Z3,NA,11.7,Unfenced,TF
2025,F,2,Z4,Cynodon dactylon,8.5,Unfenced,F
2025,F,2,Z4,Eragrostis rigidior,7.9,Unfenced,F
2025,F,2,Z4,Digitaria eriantha,8,Unfenced,F
2025,F,2,Z4,Setaria incrassata,8.1,Unfenced,F
2025,F,2,Z4,Aristida adscensionis,3.9,Unfenced,F
2025,F,2,Z4,Digitaria eriantha,4.2,Unfenced,F
2025,F,2,Z4,Cynodon dactylon,4.6,Unfenced,F
2025,F,2,Z4,Heteropogon contortus,4.3,Unfenced,F
2025,F,2,Z4,Cynodon dactylon,2.2,Unfenced,F
2025,F,2,Z4,Eragrostis viscosa,2,Unfenced,F
2025,F,2,Z4,Pogonarthria squarrosa,2.1,Unfenced,F
2025,F,2,Z4,NA,2,Unfenced,F
2025,F,2,Z4,Cynodon dactylon,6.9,Unfenced,F
2025,F,2,Z4,Eragrostis viscosa,6.1,Unfenced,F
2025,F,2,Z4,NA,6.4,Unfenced,F
2025,F,2,Z4,NA,6.3,Unfenced,F
2025,F,2,Z4,Enteropogon macrostachyus,2.9,Unfenced,F
2025,F,2,Z4,NA,2.6,Unfenced,F
2025,F,2,Z4,NA,2.8,Unfenced,F
2025,F,2,Z4,NA,2.9,Unfenced,F
2025,F,2,Z3,Cynodon dactylon,2.3,Unfenced,F
2025,F,2,Z3,Digitaria eriantha,2.3,Unfenced,F
2025,F,2,Z3,Heteropogon contortus,3.7,Unfenced,F
2025,F,2,Z3,Enteropogon macrostachyus,4,Unfenced,F
2025,F,2,Z3,Digitaria eriantha,4.7,Unfenced,F
2025,F,2,Z3,Cynodon dactylon,3.9,Unfenced,F
2025,F,2,Z3,Eragrostis rigidior,4.4,Unfenced,F
2025,F,2,Z3,NA,4.5,Unfenced,F
2025,F,2,Z3,Enteropogon macrostachyus,4.3,Unfenced,F
2025,F,2,Z3,Eragrostis rigidior,4.6,Unfenced,F
2025,F,2,Z3,Cynodon dactylon,4.7,Unfenced,F
2025,F,2,Z3,NA,5,Unfenced,F
2025,F,2,Z3,Chloris virgata,6.1,Unfenced,F
2025,F,2,Z3,Digitaria eriantha,6.3,Unfenced,F
2025,F,2,Z3,Enteropogon macrostachyus,7.8,Unfenced,F
2025,F,2,Z3,Heteropogon contortus,9.4,Unfenced,F
2025,F,2,Z3,Cynodon dactylon,NA,Unfenced,F
2025,F,2,Z3,Cynodon dactylon,4.2,Unfenced,F
2025,F,2,Z3,Eragrostis rigidior,4.1,Unfenced,F
2025,F,2,Z3,Dactyloctenium giganteum,5,Unfenced,F
2025,F,2,Z3,Digitaria eriantha,5.4,Unfenced,F
2025,F,2,Z1,Cynodon dactylon,6.3,Fenced,F
2025,F,2,Z1,Eragrostis curvula,11.5,Fenced,F
2025,F,2,Z1,Eragrostis rigidior,9.2,Fenced,F
2025,F,2,Z1,NA,8.8,Fenced,F
2025,F,2,Z1,Chloris virgata,12,Fenced,F
2025,F,2,Z1,Eragrostis rigidior,10.7,Fenced,F
2025,F,2,Z1,Cynodon dactylon,10.7,Fenced,F
2025,F,2,Z1,Eragrostis viscosa,10.4,Fenced,F
2025,F,2,Z1,Setaria incrassata,NA,Fenced,F
2025,F,2,Z1,Eragrostis rigidior,8.1,Fenced,F
2025,F,2,Z1,Chloris virgata,14.1,Fenced,F
2025,F,2,Z1,Cynodon dactylon,13.4,Fenced,F
2025,F,2,Z1,Setaria incrassata,13.3,Fenced,F
2025,F,2,Z1,Enteropogon macrostachyus,NA,Fenced,F
2025,F,2,Z1,Enteropogon macrostachyus,11,Fenced,F
2025,F,2,Z1,Eragrostis rigidior,12.4,Fenced,F
2025,F,2,Z1,Panicum maximum,11.7,Fenced,F
2025,F,2,Z1,NA,10.9,Fenced,F
2025,F,2,Z1,Enteropogon macrostachyus,3.8,Fenced,F
2025,F,2,Z1,Eragrostis rigidior,3.9,Fenced,F
2025,F,2,Z1,Digitaria eriantha,4,Fenced,F
2025,F,2,Z1,Setaria incrassata,4,Fenced,F
2025,F,2,Z2,Digitaria eriantha,7.5,Fenced,F
2025,F,2,Z2,Setaria incrassata,7.1,Fenced,F
2025,F,2,Z2,Enteropogon macrostachyus,7.2,Fenced,F
2025,F,2,Z2,NA,7.2,Fenced,F
2025,F,2,Z2,Eragrostis rigidior,7.5,Fenced,F
2025,F,2,Z2,Dactyloctenium giganteum,7.9,Fenced,F
2025,F,2,Z2,Enteropogon macrostachyus,7.1,Fenced,F
2025,F,2,Z2,Digitaria eriantha,8.8,Fenced,F
2025,F,2,Z2,Chloris virgata,17.5,Fenced,F
2025,F,2,Z2,Aristida adscensionis,20.7,Fenced,F
2025,F,2,Z2,Cynodon dactylon,20.5,Fenced,F
2025,F,2,Z2,Eragrostis rigidior,19.7,Fenced,F
2025,F,2,Z2,Heteropogon contortus,NA,Fenced,F
2025,F,2,Z2,Perotis patens,NA,Fenced,F
2025,F,2,Z2,Dactyloctenium giganteum,10.9,Fenced,F
2025,F,2,Z2,Pogonarthria squarrosa,7.6,Fenced,F
2025,F,2,Z2,Digitaria eriantha,7.3,Fenced,F
2025,F,2,Z2,NA,8,Fenced,F
2025,F,2,Z2,Digitaria eriantha,9.1,Fenced,F
2025,F,2,Z2,Setaria incrassata,7.7,Fenced,F
2025,F,2,Z2,Aristida adscensionis,7.4,Fenced,F
2025,F,2,Z2,NA,8,Fenced,F
2025,F,1,Z1,Digitaria eriantha,4.9,Fenced,C
2025,F,1,Z1,Aristida adscensionis,4.5,Fenced,C
2025,F,1,Z1,NA,5.4,Fenced,C
2025,F,1,Z1,NA,4.7,Fenced,C
2025,F,1,Z1,Heteropogon contortus,6.9,Fenced,C
2025,F,1,Z1,Digitaria eriantha,7.5,Fenced,C
2025,F,1,Z1,Eragrostis rigidior,7.8,Fenced,C
2025,F,1,Z1,NA,8.4,Fenced,C
2025,F,1,Z1,Digitaria eriantha,5.2,Fenced,C
2025,F,1,Z1,Eragrostis rigidior,6.1,Fenced,C
2025,F,1,Z1,Pogonarthria squarrosa,5.4,Fenced,C
2025,F,1,Z1,NA,5.4,Fenced,C
2025,F,1,Z1,Eragrostis superba,4.6,Fenced,C
2025,F,1,Z1,Pogonarthria squarrosa,4.8,Fenced,C
2025,F,1,Z1,Eragrostis rigidior,7.5,Fenced,C
2025,F,1,Z1,Digitaria eriantha,7.2,Fenced,C
2025,F,1,Z1,Heteropogon contortus,7.5,Fenced,C
2025,F,1,Z1,Eragrostis rigidior,7.4,Fenced,C
2025,F,1,Z1,Eragrostis superba,7,Fenced,C
2025,F,1,Z1,Eragrostis viscosa,6.8,Fenced,C
2025,F,1,Z1,Digitaria eriantha,NA,Fenced,C
2025,F,1,Z2,Digitaria eriantha,10.4,Fenced,C
2025,F,1,Z2,Heteropogon contortus,10.3,Fenced,C
2025,F,1,Z2,Aristida adscensionis,9.4,Fenced,C
2025,F,1,Z2,NA,9.1,Fenced,C
2025,F,1,Z2,Digitaria eriantha,5.2,Fenced,C
2025,F,1,Z2,Heteropogon contortus,7.1,Fenced,C
2025,F,1,Z2,Pogonarthria squarrosa,7.7,Fenced,C
2025,F,1,Z2,Eragrostis rigidior,12,Fenced,C
2025,F,1,Z2,Eragrostis rigidior,4.2,Fenced,C
2025,F,1,Z2,Eragrostis superba,4.6,Fenced,C
2025,F,1,Z2,NA,5.9,Fenced,C
2025,F,1,Z2,NA,6.4,Fenced,C
2025,F,1,Z2,Brachiaria nigropedata,2.4,Fenced,C
2025,F,1,Z2,Digitaria eriantha,4.5,Fenced,C
2025,F,1,Z2,Eragrostis viscosa,5.1,Fenced,C
2025,F,1,Z2,Eragrostis rigidior,5.2,Fenced,C
2025,F,1,Z2,Aristida congesta b,NA,Fenced,C
2025,F,1,Z2,Aristida adscensionis,NA,Fenced,C
2025,F,1,Z2,Digitaria eriantha,11.2,Fenced,C
2025,F,1,Z2,Heteropogon contortus,9,Fenced,C
2025,F,1,Z2,Eragrostis superba,9.1,Fenced,C
2025,F,1,Z2,Eragrostis rigidior,9.2,Fenced,C
2025,F,1,Z2,Aristida adscensionis,NA,Fenced,C
2025,F,1,Z3,Eragrostis superba,8.3,Unfenced,C
2025,F,1,Z3,Eragrostis gummiflua,7.4,Unfenced,C
2025,F,1,Z3,NA,7.2,Unfenced,C
2025,F,1,Z3,NA,7,Unfenced,C
2025,F,1,Z3,Eragrostis gummiflua,2.1,Unfenced,C
2025,F,1,Z3,NA,2.6,Unfenced,C
2025,F,1,Z3,NA,3.2,Unfenced,C
2025,F,1,Z3,NA,3.1,Unfenced,C
2025,F,1,Z3,Eragrostis rigidior,4.3,Unfenced,C
2025,F,1,Z3,Aristida adscensionis,4,Unfenced,C
2025,F,1,Z3,Brachiaria nigropedata,3.5,Unfenced,C
2025,F,1,Z3,Digitaria eriantha,3.5,Unfenced,C
2025,F,1,Z3,Eragrostis viscosa,6.1,Unfenced,C
2025,F,1,Z3,Eragrostis superba,5.9,Unfenced,C
2025,F,1,Z3,Eragrostis rigidior,5.3,Unfenced,C
2025,F,1,Z3,NA,4.9,Unfenced,C
2025,F,1,Z3,Aristida diffusa,0,Unfenced,C
2025,F,1,Z3,Aristida adscensionis,1.7,Unfenced,C
2025,F,1,Z3,Enteropogon macrostachyus,1.8,Unfenced,C
2025,F,1,Z3,Heteropogon contortus,3.4,Unfenced,C
2025,F,1,Z3,Eragrostis superba,NA,Unfenced,C
2025,F,1,Z4,Eragrostis superba,2.2,Unfenced,C
2025,F,1,Z4,Pogonarthria squarrosa,2.1,Unfenced,C
2025,F,1,Z4,Heteropogon contortus,2.3,Unfenced,C
2025,F,1,Z4,NA,4.4,Unfenced,C
2025,F,1,Z4,Digitaria eriantha,11.4,Unfenced,C
2025,F,1,Z4,Eragrostis gummiflua,9.8,Unfenced,C
2025,F,1,Z4,Eragrostis viscosa,9.3,Unfenced,C
2025,F,1,Z4,NA,9,Unfenced,C
2025,F,1,Z4,Eragrostis viscosa,3.6,Unfenced,C
2025,F,1,Z4,Eragrostis gummiflua,4.4,Unfenced,C
2025,F,1,Z4,NA,4.7,Unfenced,C
2025,F,1,Z4,NA,4.8,Unfenced,C
2025,F,1,Z4,Eragrostis gummiflua,3.4,Unfenced,C
2025,F,1,Z4,Eragrostis viscosa,3.2,Unfenced,C
2025,F,1,Z4,NA,4.4,Unfenced,C
2025,F,1,Z4,NA,5.2,Unfenced,C
2025,F,1,Z4,Eragrostis superba,5.1,Unfenced,C
2025,F,1,Z4,Eragrostis rigidior,4.8,Unfenced,C
2025,F,1,Z4,Eragrostis viscosa,5,Unfenced,C
2025,F,1,Z4,Eragrostis gummiflua,4.2,Unfenced,C
2025,F,1,Z4,Aristida diffusa,NA,Unfenced,C
2025,D,5,Z3,Aristida adscensionis,2.4,Fenced,THF
2025,D,5,Z3,NA,2.4,Fenced,THF
2025,D,5,Z3,NA,2.4,Fenced,THF
2025,D,5,Z3,NA,2.4,Fenced,THF
2025,D,5,Z3,Aristida adscensionis,4.9,Fenced,THF
2025,D,5,Z3,Eragrostis gummiflua,4,Fenced,THF
2025,D,5,Z3,Setaria incrassata,4.3,Fenced,THF
2025,D,5,Z3,Enteropogon macrostachyus,4.8,Fenced,THF
2025,D,5,Z3,Heteropogon contortus,NA,Fenced,THF
2025,D,5,Z3,Heteropogon contortus,4,Fenced,THF
2025,D,5,Z3,Cymbopogon excavatus,6.1,Fenced,THF
2025,D,5,Z3,NA,5.3,Fenced,THF
2025,D,5,Z3,NA,8.3,Fenced,THF
2025,D,5,Z3,Heteropogon contortus,10.5,Fenced,THF
2025,D,5,Z3,Eragrostis rigidior,10.8,Fenced,THF
2025,D,5,Z3,NA,10.9,Fenced,THF
2025,D,5,Z3,NA,11.5,Fenced,THF
2025,D,5,Z3,Eragrostis rigidior,26.6,Fenced,THF
2025,D,5,Z3,Enteropogon macrostachyus,20.2,Fenced,THF
2025,D,5,Z3,Heteropogon contortus,15.2,Fenced,THF
2025,D,5,Z3,Eragrostis viscosa,13.5,Fenced,THF
2025,D,5,Z3,Aristida adscensionis,NA,Fenced,THF
2025,D,5,Z1,Setaria incrassata,3.7,Fenced,THF
2025,D,5,Z1,Heteropogon contortus,3.4,Fenced,THF
2025,D,5,Z1,Brachiaria brizantha,4.2,Fenced,THF
2025,D,5,Z1,Aristida adscensionis,4.6,Fenced,THF
2025,D,5,Z1,Dactyloctenium giganteum,NA,Fenced,THF
2025,D,5,Z1,Heteropogon contortus,10.7,Fenced,THF
2025,D,5,Z1,Brachiaria nigropedata,16.6,Fenced,THF
2025,D,5,Z1,Aristida adscensionis,21.6,Fenced,THF
2025,D,5,Z1,NA,21.9,Fenced,THF
2025,D,5,Z1,Heteropogon contortus,10.7,Fenced,THF
2025,D,5,Z1,Eragrostis viscosa,16.6,Fenced,THF
2025,D,5,Z1,Enteropogon macrostachyus,21.6,Fenced,THF
2025,D,5,Z1,NA,21.9,Fenced,THF
2025,D,5,Z1,Pogonarthria squarrosa,7.5,Fenced,THF
2025,D,5,Z1,Setaria incrassata,9.5,Fenced,THF
2025,D,5,Z1,Eragrostis viscosa,10.6,Fenced,THF
2025,D,5,Z1,Diheteropogon amplectens,9.6,Fenced,THF
2025,D,5,Z1,Enteropogon macrostachyus,14.9,Fenced,THF
2025,D,5,Z1,Heteropogon contortus,15.5,Fenced,THF
2025,D,5,Z1,Cymbopogon nardus,15.5,Fenced,THF
2025,D,5,Z1,Aristida adscensionis,16.5,Fenced,THF
2025,D,5,Z1,Panicum maximum,NA,Fenced,THF
2025,D,5,Z1,Brachiaria brizantha,NA,Fenced,THF
2025,D,5,Z2,Heteropogon contortus,11.7,Unfenced,THF
2025,D,5,Z2,Brachiaria brizantha,11.4,Unfenced,THF
2025,D,5,Z2,Eragrostis viscosa,8,Unfenced,THF
2025,D,5,Z2,Eragrostis rigidior,8,Unfenced,THF
2025,D,5,Z2,Eragrostis gummiflua,NA,Unfenced,THF
2025,D,5,Z2,Setaria incrassata,NA,Unfenced,THF
2025,D,5,Z2,Digitaria eriantha,NA,Unfenced,THF
2025,D,5,Z2,Brachiaria brizantha,5.4,Unfenced,THF
2025,D,5,Z2,Eragrostis viscosa,5,Unfenced,THF
2025,D,5,Z2,Aristida diffusa,7.5,Unfenced,THF
2025,D,5,Z2,Enteropogon macrostachyus,5,Unfenced,THF
2025,D,5,Z2,Eragrostis rigidior,6.6,Unfenced,THF
2025,D,5,Z2,Brachiaria brizantha,6.1,Unfenced,THF
2025,D,5,Z2,Enteropogon macrostachyus,5.9,Unfenced,THF
2025,D,5,Z2,NA,5.9,Unfenced,THF
2025,D,5,Z2,Enteropogon macrostachyus,10.5,Unfenced,THF
2025,D,5,Z2,Setaria incrassata,7.9,Unfenced,THF
2025,D,5,Z2,Brachiaria brizantha,8.7,Unfenced,THF
2025,D,5,Z2,Aristida adscensionis,8.3,Unfenced,THF
2025,D,5,Z2,Eragrostis cylindriflora,NA,Unfenced,THF
2025,D,5,Z2,Eragrostis cylindriflora,2.3,Unfenced,THF
2025,D,5,Z2,Eragrostis viscosa,2.3,Unfenced,THF
2025,D,5,Z2,Aristida diffusa,3.9,Unfenced,THF
2025,D,5,Z2,Perotis patens,4.7,Unfenced,THF
2025,D,5,Z2,Enteropogon macrostachyus,NA,Unfenced,THF
2025,D,5,Z4,Enteropogon macrostachyus,4.7,Unfenced,THF
2025,D,5,Z4,Setaria incrassata,6.4,Unfenced,THF
2025,D,5,Z4,Eragrostis rigidior,8.8,Unfenced,THF
2025,D,5,Z4,NA,9.3,Unfenced,THF
2025,D,5,Z4,Enteropogon macrostachyus,14.1,Unfenced,THF
2025,D,5,Z4,Diheteropogon amplectens,14.5,Unfenced,THF
2025,D,5,Z4,NA,13.3,Unfenced,THF
2025,D,5,Z4,NA,13.8,Unfenced,THF
2025,D,5,Z4,Enteropogon macrostachyus,5.6,Unfenced,THF
2025,D,5,Z4,Heteropogon contortus,9.6,Unfenced,THF
2025,D,5,Z4,Eragrostis gummiflua,10.8,Unfenced,THF
2025,D,5,Z4,Eragrostis viscosa,9.2,Unfenced,THF
2025,D,5,Z4,Eragrostis viscosa,6.8,Unfenced,THF
2025,D,5,Z4,Cymbopogon nardus,5.8,Unfenced,THF
2025,D,5,Z4,Aristida adscensionis,5,Unfenced,THF
2025,D,5,Z4,Brachiaria brizantha,7.8,Unfenced,THF
2025,D,5,Z4,Enteropogon macrostachyus,7.8,Unfenced,THF
2025,D,5,Z4,Eragrostis gummiflua,NA,Unfenced,THF
2025,D,5,Z4,Eragrostis superba,7.8,Unfenced,THF
2025,D,5,Z4,Eragrostis viscosa,5.7,Unfenced,THF
2025,D,5,Z4,Heteropogon contortus,6.5,Unfenced,THF
2025,D,5,Z4,Aristida congesta b,7.7,Unfenced,THF
2025,D,5,Z4,Aristida diffusa,NA,Unfenced,THF
2025,D,5,Z4,Enteropogon macrostachyus,NA,Unfenced,THF
2025,D,4,Z1,Heteropogon contortus,2,Fenced,TFB
2025,D,4,Z1,Aristida adscensionis,2,Fenced,TFB
2025,D,4,Z1,Pogonarthria squarrosa,2,Fenced,TFB
2025,D,4,Z1,Setaria incrassata,2,Fenced,TFB
2025,D,4,Z1,Perotis patens,2,Fenced,TFB
2025,D,4,Z1,Heteropogon contortus,10.1,Fenced,TFB
2025,D,4,Z1,Setaria incrassata,7.5,Fenced,TFB
2025,D,4,Z1,Eragrostis gummiflua,8,Fenced,TFB
2025,D,4,Z1,Eragrostis viscosa,7,Fenced,TFB
2025,D,4,Z1,Aristida adscensionis,NA,Fenced,TFB
2025,D,4,Z1,Brachiaria brizantha,2.9,Fenced,TFB
2025,D,4,Z1,Aristida adscensionis,4,Fenced,TFB
2025,D,4,Z1,Eragrostis gummiflua,5.1,Fenced,TFB
2025,D,4,Z1,Setaria incrassata,5.2,Fenced,TFB
2025,D,4,Z1,Enteropogon macrostachyus,NA,Fenced,TFB
2025,D,4,Z1,Setaria incrassata,3.2,Fenced,TFB
2025,D,4,Z1,Panicum maximum,4.6,Fenced,TFB
2025,D,4,Z1,Aristida adscensionis,5.6,Fenced,TFB
2025,D,4,Z1,NA,6.1,Fenced,TFB
2025,D,4,Z1,Panicum maximum,35.9,Fenced,TFB
2025,D,4,Z1,Brachiaria nigropedata,27.1,Fenced,TFB
2025,D,4,Z1,Cymbopogon nardus,24.3,Fenced,TFB
2025,D,4,Z1,Heteropogon contortus,24.6,Fenced,TFB
2025,D,4,Z1,Setaria incrassata,NA,Fenced,TFB
2025,D,4,Z3,Pogonarthria squarrosa,1.7,Fenced,TFB
2025,D,4,Z3,Setaria incrassata,1.7,Fenced,TFB
2025,D,4,Z3,Enteropogon macrostachyus,1.8,Fenced,TFB
2025,D,4,Z3,Eragrostis gummiflua,2.8,Fenced,TFB
2025,D,4,Z3,Eragrostis superba,27.9,Fenced,TFB
2025,D,4,Z3,Sporobolus africanus,18.9,Fenced,TFB
2025,D,4,Z3,Enteropogon macrostachyus,17.6,Fenced,TFB
2025,D,4,Z3,Eragrostis gummiflua,13.8,Fenced,TFB
2025,D,4,Z3,Chloris virgata,NA,Fenced,TFB
2025,D,4,Z3,Setaria incrassata,18.5,Fenced,TFB
2025,D,4,Z3,Heteropogon contortus,17.4,Fenced,TFB
2025,D,4,Z3,Diheteropogon amplectens,17,Fenced,TFB
2025,D,4,Z3,Enteropogon macrostachyus,19.6,Fenced,TFB
2025,D,4,Z3,Eragrostis gummiflua,5.1,Fenced,TFB
2025,D,4,Z3,Enteropogon macrostachyus,16.1,Fenced,TFB
2025,D,4,Z3,Diheteropogon amplectens,25.4,Fenced,TFB
2025,D,4,Z3,Heteropogon contortus,28.9,Fenced,TFB
2025,D,4,Z3,Heteropogon contortus,9.6,Fenced,TFB
2025,D,4,Z3,Diheteropogon amplectens,8.9,Fenced,TFB
2025,D,4,Z3,Setaria incrassata,8.9,Fenced,TFB
2025,D,4,Z3,Aristida adscensionis,10.2,Fenced,TFB
2025,D,4,Z4,Heteropogon contortus,5.1,Unfenced,TFB
2025,D,4,Z4,Eragrostis gummiflua,6.9,Unfenced,TFB
2025,D,4,Z4,Setaria incrassata,12,Unfenced,TFB
2025,D,4,Z4,Eragrostis superba,13.5,Unfenced,TFB
2025,D,4,Z4,Enteropogon macrostachyus,17.3,Unfenced,TFB
2025,D,4,Z4,Brachiaria brizantha,17.4,Unfenced,TFB
2025,D,4,Z4,Aristida adscensionis,18.3,Unfenced,TFB
2025,D,4,Z4,Panicum maximum,19.5,Unfenced,TFB
2025,D,4,Z4,Heteropogon contortus,NA,Unfenced,TFB
2025,D,4,Z4,Aristida diffusa,6.3,Unfenced,TFB
2025,D,4,Z4,Brachiaria brizantha,5.3,Unfenced,TFB
2025,D,4,Z4,Setaria incrassata,4.9,Unfenced,TFB
2025,D,4,Z4,Pogonarthria squarrosa,8.3,Unfenced,TFB
2025,D,4,Z4,Enteropogon macrostachyus,NA,Unfenced,TFB
2025,D,4,Z4,Heteropogon contortus,NA,Unfenced,TFB
2025,D,4,Z4,Melinis repens,8.9,Unfenced,TFB
2025,D,4,Z4,Brachiaria brizantha,12,Unfenced,TFB
2025,D,4,Z4,Cymbopogon nardus,11.6,Unfenced,TFB
2025,D,4,Z4,Heteropogon contortus,11.9,Unfenced,TFB
2025,D,4,Z4,Panicum maximum,NA,Unfenced,TFB
2025,D,4,Z4,Digitaria eriantha,4.6,Unfenced,TFB
2025,D,4,Z4,Heteropogon contortus,5.8,Unfenced,TFB
2025,D,4,Z4,Enteropogon macrostachyus,7.7,Unfenced,TFB
2025,D,4,Z4,Pogonarthria squarrosa,7.3,Unfenced,TFB
2025,D,4,Z4,Eragrostis gummiflua,NA,Unfenced,TFB
2025,D,4,Z4,Aristida diffusa,NA,Unfenced,TFB
2025,D,4,Z4,Panicum maximum,NA,Unfenced,TFB
2025,D,4,Z2,Heteropogon contortus,6.8,Unfenced,TFB
2025,D,4,Z2,Setaria incrassata,6.4,Unfenced,TFB
2025,D,4,Z2,Aristida adscensionis,5.9,Unfenced,TFB
2025,D,4,Z2,Brachiaria nigropedata,6.3,Unfenced,TFB
2025,D,4,Z2,Pogonarthria squarrosa,NA,Unfenced,TFB
2025,D,4,Z2,Enteropogon macrostachyus,NA,Unfenced,TFB
2025,D,4,Z2,Enteropogon macrostachyus,4.1,Unfenced,TFB
2025,D,4,Z2,Panicum maximum,15.3,Unfenced,TFB
2025,D,4,Z2,Aristida adscensionis,17.8,Unfenced,TFB
2025,D,4,Z2,Heteropogon contortus,13.9,Unfenced,TFB
2025,D,4,Z2,Setaria incrassata,6,Unfenced,TFB
2025,D,4,Z2,Aristida diffusa,5.1,Unfenced,TFB
2025,D,4,Z2,Enteropogon macrostachyus,4.6,Unfenced,TFB
2025,D,4,Z2,Aristida adscensionis,4.6,Unfenced,TFB
2025,D,4,Z2,Eragrostis gummiflua,NA,Unfenced,TFB
2025,D,4,Z2,Eragrostis viscosa,2.8,Unfenced,TFB
2025,D,4,Z2,Aristida adscensionis,7.1,Unfenced,TFB
2025,D,4,Z2,Heteropogon contortus,7.3,Unfenced,TFB
2025,D,4,Z2,Eragrostis cylindriflora,7.6,Unfenced,TFB
2025,D,4,Z2,Panicum maximum,NA,Unfenced,TFB
2025,D,4,Z2,Heteropogon contortus,34.5,Unfenced,TFB
2025,D,4,Z2,Setaria incrassata,21,Unfenced,TFB
2025,D,4,Z2,Eragrostis viscosa,15.4,Unfenced,TFB
2025,D,4,Z2,Aristida diffusa,12.8,Unfenced,TFB
2025,D,4,Z2,Aristida adscensionis,NA,Unfenced,TFB
2025,D,4,Z2,Diheteropogon amplectens,NA,Unfenced,TFB
2025,D,4,Z2,Eragrostis gummiflua,NA,Unfenced,TFB
2025,D,4,Z2,Enteropogon macrostachyus,NA,Unfenced,TFB
2025,D,3,Z3,Brachiaria serrata,9.8,Fenced,TF
2025,D,3,Z3,Eragrostis rigidior,9.7,Fenced,TF
2025,D,3,Z3,Aristida adscensionis,9.5,Fenced,TF
2025,D,3,Z3,Setaria incrassata,9.2,Fenced,TF
2025,D,3,Z3,Heteropogon contortus,NA,Fenced,TF
2025,D,3,Z3,Heteropogon contortus,14.9,Fenced,TF
2025,D,3,Z3,Enteropogon macrostachyus,14.8,Fenced,TF
2025,D,3,Z3,Eragrostis cylindriflora,14.4,Fenced,TF
2025,D,3,Z3,Panicum maximum,15.6,Fenced,TF
2025,D,3,Z3,Diheteropogon amplectens,NA,Fenced,TF
2025,D,3,Z3,Eragrostis viscosa,NA,Fenced,TF
2025,D,3,Z3,Eragrostis cylindriflora,12.8,Fenced,TF
2025,D,3,Z3,Enteropogon macrostachyus,8.6,Fenced,TF
2025,D,3,Z3,Heteropogon contortus,10.8,Fenced,TF
2025,D,3,Z3,NA,9.4,Fenced,TF
2025,D,3,Z3,Brachiaria serrata,14.2,Fenced,TF
2025,D,3,Z3,Setaria incrassata,16.1,Fenced,TF
2025,D,3,Z3,Aristida adscensionis,15.9,Fenced,TF
2025,D,3,Z3,Eragrostis cylindriflora,15.7,Fenced,TF
2025,D,3,Z3,Heteropogon contortus,NA,Fenced,TF
2025,D,3,Z3,Enteropogon macrostachyus,NA,Fenced,TF
2025,D,3,Z3,Brachiaria nigropedata,NA,Fenced,TF
2025,D,3,Z3,Brachiaria serrata,4.3,Fenced,TF
2025,D,3,Z3,Miscanthus junceus,4,Fenced,TF
2025,D,3,Z3,Setaria incrassata,3.8,Fenced,TF
2025,D,3,Z3,NA,4.2,Fenced,TF
2025,D,3,Z1,Miscanthus junceus,5.6,Fenced,TF
2025,D,3,Z1,Brachiaria serrata,5.1,Fenced,TF
2025,D,3,Z1,Eragrostis gummiflua,6.8,Fenced,TF
2025,D,3,Z1,Chloris virgata,9.1,Fenced,TF
2025,D,3,Z1,Eragrostis cylindriflora,NA,Fenced,TF
2025,D,3,Z1,Aristida adscensionis,NA,Fenced,TF
2025,D,3,Z1,Brachiaria serrata,25.6,Fenced,TF
2025,D,3,Z1,Heteropogon contortus,26.8,Fenced,TF
2025,D,3,Z1,Chloris virgata,19.2,Fenced,TF
2025,D,3,Z1,Setaria incrassata,14.5,Fenced,TF
2025,D,3,Z1,Brachiaria brizantha,NA,Fenced,TF
2025,D,3,Z1,Panicum maximum,4.7,Fenced,TF
2025,D,3,Z1,Setaria incrassata,5.4,Fenced,TF
2025,D,3,Z1,Brachiaria brizantha,5.1,Fenced,TF
2025,D,3,Z1,Eragrostis cylindriflora,6.4,Fenced,TF
2025,D,3,Z1,Enteropogon macrostachyus,NA,Fenced,TF
2025,D,3,Z1,Heteropogon contortus,NA,Fenced,TF
2025,D,3,Z1,Setaria incrassata,3.8,Fenced,TF
2025,D,3,Z1,Enteropogon macrostachyus,3,Fenced,TF
2025,D,3,Z1,Brachiaria brizantha,3,Fenced,TF
2025,D,3,Z1,Eragrostis gummiflua,5.4,Fenced,TF
2025,D,3,Z1,Heteropogon contortus,20,Fenced,TF
2025,D,3,Z1,Aristida adscensionis,13.3,Fenced,TF
2025,D,3,Z1,Setaria incrassata,11.8,Fenced,TF
2025,D,3,Z1,Enteropogon macrostachyus,NA,Fenced,TF
2025,D,3,Z1,Brachiaria brizantha,NA,Fenced,TF
2025,D,3,Z2,Brachiaria brizantha,10.2,Unfenced,TF
2025,D,3,Z2,Setaria incrassata,10,Unfenced,TF
2025,D,3,Z2,Heteropogon contortus,10,Unfenced,TF
2025,D,3,Z2,Enteropogon macrostachyus,10.2,Unfenced,TF
2025,D,3,Z2,Heteropogon contortus,11.1,Unfenced,TF
2025,D,3,Z2,Eragrostis rigidior,11.7,Unfenced,TF
2025,D,3,Z2,Eragrostis viscosa,7.3,Unfenced,TF
2025,D,3,Z2,Diheteropogon amplectens,8,Unfenced,TF
2025,D,3,Z2,Enteropogon macrostachyus,7.6,Unfenced,TF
2025,D,3,Z2,Brachiaria serrata,8.2,Unfenced,TF
2025,D,3,Z2,Setaria incrassata,7.8,Unfenced,TF
2025,D,3,Z2,Aristida diffusa,7.1,Unfenced,TF
2025,D,3,Z2,Heteropogon contortus,NA,Unfenced,TF
2025,D,3,Z2,NA,0,Unfenced,TF
2025,D,3,Z2,NA,0,Unfenced,TF
2025,D,3,Z2,NA,0,Unfenced,TF
2025,D,3,Z2,NA,0,Unfenced,TF
2025,D,3,Z2,Aristida adscensionis,8.7,Unfenced,TF
2025,D,3,Z2,Enteropogon macrostachyus,6.7,Unfenced,TF
2025,D,3,Z2,Setaria incrassata,8.5,Unfenced,TF
2025,D,3,Z2,Heteropogon contortus,8.1,Unfenced,TF
2025,D,3,Z2,Aristida diffusa,NA,Unfenced,TF
2025,D,3,Z4,Brachiaria brizantha,7.6,Unfenced,TF
2025,D,3,Z4,Heteropogon contortus,7.3,Unfenced,TF
2025,D,3,Z4,Setaria incrassata,7.1,Unfenced,TF
2025,D,3,Z4,Aristida diffusa,7.3,Unfenced,TF
2025,D,3,Z4,Heteropogon contortus,7.2,Unfenced,TF
2025,D,3,Z4,Eragrostis gummiflua,9.8,Unfenced,TF
2025,D,3,Z4,Brachiaria brizantha,8.9,Unfenced,TF
2025,D,3,Z4,Eragrostis viscosa,8.5,Unfenced,TF
2025,D,3,Z4,Setaria incrassata,NA,Unfenced,TF
2025,D,3,Z4,Aristida adscensionis,NA,Unfenced,TF
2025,D,3,Z4,Enteropogon macrostachyus,3,Unfenced,TF
2025,D,3,Z4,Panicum maximum,3,Unfenced,TF
2025,D,3,Z4,Aristida adscensionis,3.8,Unfenced,TF
2025,D,3,Z4,Setaria incrassata,3.9,Unfenced,TF
2025,D,3,Z4,Eragrostis gummiflua,NA,Unfenced,TF
2025,D,3,Z4,Heteropogon contortus,8,Unfenced,TF
2025,D,3,Z4,Setaria incrassata,6.5,Unfenced,TF
2025,D,3,Z4,Enteropogon macrostachyus,9,Unfenced,TF
2025,D,3,Z4,Panicum maximum,9.4,Unfenced,TF
2025,D,3,Z4,Aristida adscensionis,NA,Unfenced,TF
2025,D,3,Z4,Brachiaria brizantha,NA,Unfenced,TF
2025,D,3,Z4,Eragrostis cylindriflora,7.8,Unfenced,TF
2025,D,3,Z4,Heteropogon contortus,8.8,Unfenced,TF
2025,D,3,Z4,Aristida adscensionis,26.7,Unfenced,TF
2025,D,3,Z4,Setaria incrassata,22,Unfenced,TF
2025,D,3,Z4,Chloris virgata,NA,Unfenced,TF
2025,D,2,Z1,Brachiaria brizantha,3.9,Fenced,F
2025,D,2,Z1,Setaria incrassata,5.2,Fenced,F
2025,D,2,Z1,NA,6.6,Fenced,F
2025,D,2,Z1,NA,5.8,Fenced,F
2025,D,2,Z1,Brachiaria serrata,18.2,Fenced,F
2025,D,2,Z1,Heteropogon contortus,15.4,Fenced,F
2025,D,2,Z1,Digitaria eriantha,14.1,Fenced,F
2025,D,2,Z1,Brachiaria brizantha,14.8,Fenced,F
2025,D,2,Z1,Aristida adscensionis,NA,Fenced,F
2025,D,2,Z1,Heteropogon contortus,22.5,Fenced,F
2025,D,2,Z1,Setaria incrassata,20.6,Fenced,F
2025,D,2,Z1,Eragrostis viscosa,19.3,Fenced,F
2025,D,2,Z1,Eragrostis rigidior,18.5,Fenced,F
2025,D,2,Z1,Aristida adscensionis,NA,Fenced,F
2025,D,2,Z1,Diheteropogon amplectens,16.7,Fenced,F
2025,D,2,Z1,Brachiaria brizantha,16,Fenced,F
2025,D,2,Z1,Setaria incrassata,13.7,Fenced,F
2025,D,2,Z1,Aristida adscensionis,12.1,Fenced,F
2025,D,2,Z1,Setaria incrassata,10.5,Fenced,F
2025,D,2,Z1,Brachiaria brizantha,15.3,Fenced,F
2025,D,2,Z1,Aristida adscensionis,13.6,Fenced,F
2025,D,2,Z1,NA,14.9,Fenced,F
2025,D,2,Z3,Enteropogon macrostachyus,1.6,Fenced,F
2025,D,2,Z3,Eragrostis viscosa,2.2,Fenced,F
2025,D,2,Z3,Heteropogon contortus,1.6,Fenced,F
2025,D,2,Z3,Setaria incrassata,4.5,Fenced,F
2025,D,2,Z3,Digitaria eriantha,NA,Fenced,F
2025,D,2,Z3,Eragrostis rigidior,NA,Fenced,F
2025,D,2,Z3,Diheteropogon amplectens,3.7,Fenced,F
2025,D,2,Z3,Panicum maximum,3.4,Fenced,F
2025,D,2,Z3,NA,3.4,Fenced,F
2025,D,2,Z3,NA,3.2,Fenced,F
2025,D,2,Z3,Heteropogon contortus,2.7,Fenced,F
2025,D,2,Z3,Brachiaria brizantha,4.4,Fenced,F
2025,D,2,Z3,Enteropogon macrostachyus,4.6,Fenced,F
2025,D,2,Z3,NA,5.2,Fenced,F
2025,D,2,Z3,Brachiaria brizantha,4.6,Fenced,F
2025,D,2,Z3,Heteropogon contortus,4.8,Fenced,F
2025,D,2,Z3,Setaria incrassata,4.6,Fenced,F
2025,D,2,Z3,NA,4.9,Fenced,F
2025,D,2,Z3,Setaria incrassata,5.9,Fenced,F
2025,D,2,Z3,Brachiaria brizantha,5.1,Fenced,F
2025,D,2,Z3,NA,6,Fenced,F
2025,D,2,Z3,NA,6.9,Fenced,F
2025,D,2,Z4,Eragrostis cylindriflora,13.9,Unfenced,F
2025,D,2,Z4,Brachiaria brizantha,13.7,Unfenced,F
2025,D,2,Z4,Diheteropogon amplectens,13.6,Unfenced,F
2025,D,2,Z4,Aristida adscensionis,24.5,Unfenced,F
2025,D,2,Z4,Setaria incrassata,NA,Unfenced,F
2025,D,2,Z4,Heteropogon contortus,NA,Unfenced,F
2025,D,2,Z4,Panicum maximum,NA,Unfenced,F
2025,D,2,Z4,Heteropogon contortus,2.8,Unfenced,F
2025,D,2,Z4,Brachiaria brizantha,3.4,Unfenced,F
2025,D,2,Z4,Panicum maximum,4.4,Unfenced,F
2025,D,2,Z4,NA,3.7,Unfenced,F
2025,D,2,Z4,Eragrostis rigidior,7.5,Unfenced,F
2025,D,2,Z4,Heteropogon contortus,8.6,Unfenced,F
2025,D,2,Z4,Brachiaria brizantha,8.7,Unfenced,F
2025,D,2,Z4,Eragrostis cylindriflora,8.5,Unfenced,F
2025,D,2,Z4,Aristida adscensionis,NA,Unfenced,F
2025,D,2,Z4,Diheteropogon amplectens,NA,Unfenced,F
2025,D,2,Z4,Setaria incrassata,NA,Unfenced,F
2025,D,2,Z4,Panicum maximum,NA,Unfenced,F
2025,D,2,Z4,Heteropogon contortus,12.5,Unfenced,F
2025,D,2,Z4,Chloris virgata,11.7,Unfenced,F
2025,D,2,Z4,Setaria incrassata,9.8,Unfenced,F
2025,D,2,Z4,Brachiaria brizantha,11,Unfenced,F
2025,D,2,Z4,Panicum maximum,NA,Unfenced,F
2025,D,2,Z4,Eragrostis cylindriflora,NA,Unfenced,F
2025,D,2,Z4,Enteropogon macrostachyus,NA,Unfenced,F
2025,D,2,Z4,Aristida adscensionis,NA,Unfenced,F
2025,D,2,Z4,Brachiaria brizantha,13.6,Unfenced,F
2025,D,2,Z4,Setaria incrassata,13.4,Unfenced,F
2025,D,2,Z4,Eragrostis rigidior,11.2,Unfenced,F
2025,D,2,Z4,Eragrostis cylindriflora,11.6,Unfenced,F
2025,D,2,Z2,Heteropogon contortus,8.4,Unfenced,F
2025,D,2,Z2,Brachiaria brizantha,7.5,Unfenced,F
2025,D,2,Z2,Eragrostis rigidior,6.9,Unfenced,F
2025,D,2,Z2,Setaria incrassata,4,Unfenced,F
2025,D,2,Z2,Eragrostis cylindriflora,NA,Unfenced,F
2025,D,2,Z2,Aristida adscensionis,NA,Unfenced,F
2025,D,2,Z2,Brachiaria brizantha,14.5,Unfenced,F
2025,D,2,Z2,Eragrostis rigidior,18.8,Unfenced,F
2025,D,2,Z2,Setaria incrassata,17.6,Unfenced,F
2025,D,2,Z2,Digitaria eriantha,15.9,Unfenced,F
2025,D,2,Z2,Chloris virgata,NA,Unfenced,F
2025,D,2,Z2,Heteropogon contortus,6.1,Unfenced,F
2025,D,2,Z2,Chloris virgata,9.4,Unfenced,F
2025,D,2,Z2,Setaria incrassata,10.3,Unfenced,F
2025,D,2,Z2,Brachiaria serrata,9.2,Unfenced,F
2025,D,2,Z2,Aristida adscensionis,NA,Unfenced,F
2025,D,2,Z2,Eragrostis cylindriflora,NA,Unfenced,F
2025,D,2,Z2,Eragrostis rigidior,NA,Unfenced,F
2025,D,2,Z2,Heteropogon contortus,6.4,Unfenced,F
2025,D,2,Z2,Enteropogon macrostachyus,6.1,Unfenced,F
2025,D,2,Z2,Setaria incrassata,5.7,Unfenced,F
2025,D,2,Z2,Brachiaria serrata,6.3,Unfenced,F
2025,D,2,Z2,Brachiaria brizantha,NA,Unfenced,F
2025,D,2,Z2,Eragrostis cylindriflora,NA,Unfenced,F
2025,D,2,Z2,Aristida adscensionis,NA,Unfenced,F
2025,D,2,Z2,Eragrostis cylindriflora,6.9,Unfenced,F
2025,D,2,Z2,Brachiaria brizantha,6.3,Unfenced,F
2025,D,2,Z2,Eragrostis rigidior,7.3,Unfenced,F
2025,D,2,Z2,Setaria incrassata,7,Unfenced,F
2025,D,2,Z2,Panicum maximum,NA,Unfenced,F
2025,D,1,Z2,Eragrostis viscosa,3.1,Unfenced,C
2025,D,1,Z2,Chloris virgata,4.8,Unfenced,C
2025,D,1,Z2,Eragrostis rigidior,4.6,Unfenced,C
2025,D,1,Z2,Digitaria eriantha,4.8,Unfenced,C
2025,D,1,Z2,Eragrostis superba,9.7,Unfenced,C
2025,D,1,Z2,Enteropogon macrostachyus,18.6,Unfenced,C
2025,D,1,Z2,Brachiaria brizantha,16.6,Unfenced,C
2025,D,1,Z2,Setaria incrassata,14.3,Unfenced,C
2025,D,1,Z2,Enteropogon macrostachyus,11.8,Unfenced,C
2025,D,1,Z2,Brachiaria brizantha,10.9,Unfenced,C
2025,D,1,Z2,Chloris virgata,10.6,Unfenced,C
2025,D,1,Z2,NA,9.8,Unfenced,C
2025,D,1,Z2,Brachiaria brizantha,12.5,Unfenced,C
2025,D,1,Z2,Setaria incrassata,9.3,Unfenced,C
2025,D,1,Z2,Panicum maximum,7.2,Unfenced,C
2025,D,1,Z2,Chloris virgata,9.4,Unfenced,C
2025,D,1,Z2,Themeda triandra,9,Unfenced,C
2025,D,1,Z2,Heteropogon contortus,9.8,Unfenced,C
2025,D,1,Z2,Panicum maximum,10.6,Unfenced,C
2025,D,1,Z2,Aristida adscensionis,11.3,Unfenced,C
2025,D,1,Z2,Setaria incrassata,NA,Unfenced,C
2025,D,1,Z2,Brachiaria brizantha,NA,Unfenced,C
2025,D,1,Z4,Aristida adscensionis,11.8,Unfenced,C
2025,D,1,Z4,Eragrostis rigidior,8.8,Unfenced,C
2025,D,1,Z4,Enteropogon macrostachyus,7.6,Unfenced,C
2025,D,1,Z4,Panicum maximum,7.6,Unfenced,C
2025,D,1,Z4,Eragrostis curvula,NA,Unfenced,C
2025,D,1,Z4,Heteropogon contortus,5,Unfenced,C
2025,D,1,Z4,Diheteropogon amplectens,11.8,Unfenced,C
2025,D,1,Z4,Eragrostis viscosa,11.4,Unfenced,C
2025,D,1,Z4,Pogonarthria squarrosa,11.2,Unfenced,C
2025,D,1,Z4,Brachiaria brizantha,NA,Unfenced,C
2025,D,1,Z4,Digitaria eriantha,NA,Unfenced,C
2025,D,1,Z4,Chloris virgata,3.7,Unfenced,C
2025,D,1,Z4,Eragrostis viscosa,4.9,Unfenced,C
2025,D,1,Z4,Setaria incrassata,5.8,Unfenced,C
2025,D,1,Z4,Eragrostis gummiflua,5.7,Unfenced,C
2025,D,1,Z4,Panicum maximum,NA,Unfenced,C
2025,D,1,Z4,Heteropogon contortus,33.9,Unfenced,C
2025,D,1,Z4,Setaria incrassata,25,Unfenced,C
2025,D,1,Z4,Eragrostis viscosa,19.9,Unfenced,C
2025,D,1,Z4,Brachiaria brizantha,16.3,Unfenced,C
2025,D,1,Z4,Heteropogon contortus,8.1,Unfenced,C
2025,D,1,Z4,Eragrostis rigidior,8.1,Unfenced,C
2025,D,1,Z4,Setaria incrassata,7,Unfenced,C
2025,D,1,Z4,Eragrostis viscosa,7.7,Unfenced,C
2025,D,1,Z4,Eragrostis curvula,NA,Unfenced,C
2025,D,1,Z4,Panicum maximum,NA,Unfenced,C
2025,D,1,Z4,Brachiaria brizantha,NA,Unfenced,C
2025,D,1,Z3,Enteropogon macrostachyus,3,Fenced,C
2025,D,1,Z3,Eragrostis curvula,3.3,Fenced,C
2025,D,1,Z3,Setaria incrassata,4.9,Fenced,C
2025,D,1,Z3,Aristida adscensionis,7.2,Fenced,C
2025,D,1,Z3,Heteropogon contortus,6.8,Fenced,C
2025,D,1,Z3,Chloris virgata,6.8,Fenced,C
2025,D,1,Z3,Brachiaria serrata,4.5,Fenced,C
2025,D,1,Z3,NA,4.5,Fenced,C
2025,D,1,Z3,Aristida adscensionis,10.9,Fenced,C
2025,D,1,Z3,Aristida adscensionis,8.5,Fenced,C
2025,D,1,Z3,Setaria incrassata,9.2,Fenced,C
2025,D,1,Z3,Brachiaria brizantha,10.3,Fenced,C
2025,D,1,Z3,Heteropogon contortus,NA,Fenced,C
2025,D,1,Z3,Aristida adscensionis,6,Fenced,C
2025,D,1,Z3,Chloris virgata,5.1,Fenced,C
2025,D,1,Z3,Aristida adscensionis,0,Fenced,C
2025,D,1,Z3,Brachiaria brizantha,4.5,Fenced,C
2025,D,1,Z3,Enteropogon macrostachyus,4.4,Fenced,C
2025,D,1,Z3,Chloris virgata,4.2,Fenced,C
2025,D,1,Z3,Setaria incrassata,4.3,Fenced,C
2025,D,1,Z3,Panicum maximum,5.2,Fenced,C
2025,D,1,Z3,Eragrostis curvula,NA,Fenced,C
2025,D,1,Z1,Setaria incrassata,8.7,Fenced,C
2025,D,1,Z1,Brachiaria brizantha,8,Fenced,C
2025,D,1,Z1,Eragrostis rigidior,9.6,Fenced,C
2025,D,1,Z1,Eragrostis viscosa,9.4,Fenced,C
2025,D,1,Z1,Eragrostis curvula,NA,Fenced,C
2025,D,1,Z1,Chloris virgata,NA,Fenced,C
2025,D,1,Z1,Eragrostis curvula,6.6,Fenced,C
2025,D,1,Z1,Eragrostis rigidior,6.8,Fenced,C
2025,D,1,Z1,Eragrostis viscosa,6.2,Fenced,C
2025,D,1,Z1,Chloris virgata,7,Fenced,C
2025,D,1,Z1,Perotis patens,NA,Fenced,C
2025,D,1,Z1,Eragrostis viscosa,6.8,Fenced,C
2025,D,1,Z1,Chloris virgata,5.3,Fenced,C
2025,D,1,Z1,Panicum maximum,5.2,Fenced,C
2025,D,1,Z1,Pogonarthria squarrosa,5.7,Fenced,C
2025,D,1,Z1,Brachiaria brizantha,NA,Fenced,C
2025,D,1,Z1,Heteropogon contortus,NA,Fenced,C
2025,D,1,Z1,Aristida adscensionis,NA,Fenced,C
2025,D,1,Z1,Brachiaria brizantha,4.1,Fenced,C
2025,D,1,Z1,Panicum maximum,4.1,Fenced,C
2025,D,1,Z1,Dactyloctenium giganteum,6.1,Fenced,C
2025,D,1,Z1,Enteropogon macrostachyus,6.2,Fenced,C
2025,D,1,Z1,Enteropogon macrostachyus,34.7,Fenced,C
2025,D,1,Z1,Eragrostis rigidior,25.4,Fenced,C
2025,D,1,Z1,Setaria incrassata,20.3,Fenced,C
2025,D,1,Z1,Diheteropogon amplectens,15,Fenced,C
2025,D,1,Z1,Aristida adscensionis,15,Fenced,C
2025,D,1,Z1,Chloris virgata,NA,Fenced,C
2025,D,1,Z3,Brachiaria brizantha,NA,Fenced,C
2025,B,5,Z1,Heteropogon contortus,21.1,Fenced,THF
2025,B,5,Z1,Cynodon dactylon,22.9,Fenced,THF
2025,B,5,Z1,Eragrostis superba,17.7,Fenced,THF
2025,B,5,Z1,Eragrostis gummiflua,21.5,Fenced,THF
2025,B,5,Z1,Eragrostis rigidior,NA,Fenced,THF
2025,B,5,Z1,Aristida congesta b,NA,Fenced,THF
2025,B,5,Z1,Heteropogon contortus,27.3,Fenced,THF
2025,B,5,Z1,Cynodon dactylon,36.8,Fenced,THF
2025,B,5,Z1,Digitaria eriantha,36.1,Fenced,THF
2025,B,5,Z1,Bothriochloa insculpta,26.9,Fenced,THF
2025,B,5,Z1,Cymbopogon excavatus,14.2,Fenced,THF
2025,B,5,Z1,Digitaria eriantha,9.1,Fenced,THF
2025,B,5,Z1,NA,6.6,Fenced,THF
2025,B,5,Z1,NA,19.7,Fenced,THF
2025,B,5,Z1,Heteropogon contortus,28.3,Fenced,THF
2025,B,5,Z1,Bothriochloa insculpta,21.5,Fenced,THF
2025,B,5,Z1,Cymbopogon excavatus,24.7,Fenced,THF
2025,B,5,Z1,NA,28,Fenced,THF
2025,B,5,Z1,Heteropogon contortus,14.6,Fenced,THF
2025,B,5,Z1,Eragrostis superba,13.8,Fenced,THF
2025,B,5,Z1,Digitaria eriantha,18.7,Fenced,THF
2025,B,5,Z1,Hyperthelia dissoluta,4.1,Fenced,THF
2025,B,5,Z3,Heteropogon contortus,5.9,Fenced,THF
2025,B,5,Z3,Sporobolus africanus,8.2,Fenced,THF
2025,B,5,Z3,NA,6.2,Fenced,THF
2025,B,5,Z3,NA,2.5,Fenced,THF
2025,B,5,Z3,Heteropogon contortus,32.3,Fenced,THF
2025,B,5,Z3,Cynodon dactylon,35.6,Fenced,THF
2025,B,5,Z3,Brachiaria serrata,41.5,Fenced,THF
2025,B,5,Z3,Aristida congesta b,26.4,Fenced,THF
2025,B,5,Z3,Setaria sphacelata,NA,Fenced,THF
2025,B,5,Z3,Cymbopogon excavatus,15.4,Fenced,THF
2025,B,5,Z3,Cynodon dactylon,25.1,Fenced,THF
2025,B,5,Z3,Heteropogon contortus,31.4,Fenced,THF
2025,B,5,Z3,NA,17.7,Fenced,THF
2025,B,5,Z3,Heteropogon contortus,2.9,Fenced,THF
2025,B,5,Z3,Digitaria eriantha,6.6,Fenced,THF
2025,B,5,Z3,NA,3.4,Fenced,THF
2025,B,5,Z3,NA,2.4,Fenced,THF
2025,B,5,Z3,Heteropogon contortus,29.9,Fenced,THF
2025,B,5,Z3,Digitaria eriantha,26.6,Fenced,THF
2025,B,5,Z3,Aristida congesta b,26.8,Fenced,THF
2025,B,5,Z3,NA,28.4,Fenced,THF
2025,B,5,Z4,Eragrostis superba,10.9,Unfenced,THF
2025,B,5,Z4,Bothriochloa insculpta,9.2,Unfenced,THF
2025,B,5,Z4,NA,11.9,Unfenced,THF
2025,B,5,Z4,NA,11.8,Unfenced,THF
2025,B,5,Z4,Heteropogon contortus,7.5,Unfenced,THF
2025,B,5,Z4,Cynodon dactylon,15.5,Unfenced,THF
2025,B,5,Z4,Aristida congesta b,9,Unfenced,THF
2025,B,5,Z4,Digitaria eriantha,11.8,Unfenced,THF
2025,B,5,Z4,Heteropogon contortus,10.4,Unfenced,THF
2025,B,5,Z4,Aristida congesta b,10.7,Unfenced,THF
2025,B,5,Z4,Digitaria eriantha,17.4,Unfenced,THF
2025,B,5,Z4,Bothriochloa insculpta,11.5,Unfenced,THF
2025,B,5,Z4,Eragrostis superba,NA,Unfenced,THF
2025,B,5,Z4,Sporobolus africanus,6,Unfenced,THF
2025,B,5,Z4,Cynodon dactylon,8.8,Unfenced,THF
2025,B,5,Z4,Digitaria eriantha,11.4,Unfenced,THF
2025,B,5,Z4,NA,8.7,Unfenced,THF
2025,B,5,Z4,Heteropogon contortus,6.9,Unfenced,THF
2025,B,5,Z4,Digitaria eriantha,9.2,Unfenced,THF
2025,B,5,Z4,Cynodon dactylon,15.1,Unfenced,THF
2025,B,5,Z4,Bothriochloa insculpta,10.9,Unfenced,THF
2025,B,5,Z2,Heteropogon contortus,6,Unfenced,THF
2025,B,5,Z2,Bothriochloa insculpta,6.7,Unfenced,THF
2025,B,5,Z2,Digitaria eriantha,1.9,Unfenced,THF
2025,B,5,Z2,NA,5.9,Unfenced,THF
2025,B,5,Z2,Cymbopogon excavatus,5.4,Unfenced,THF
2025,B,5,Z2,Heteropogon contortus,8.6,Unfenced,THF
2025,B,5,Z2,Digitaria eriantha,2.1,Unfenced,THF
2025,B,5,Z2,Eragrostis rigidior,21.7,Unfenced,THF
2025,B,5,Z2,Brachiaria serrata,NA,Unfenced,THF
2025,B,5,Z2,Cymbopogon excavatus,12.9,Unfenced,THF
2025,B,5,Z2,Eragrostis superba,19.8,Unfenced,THF
2025,B,5,Z2,Heteropogon contortus,10.9,Unfenced,THF
2025,B,5,Z2,NA,15.6,Unfenced,THF
2025,B,5,Z2,Heteropogon contortus,18.6,Unfenced,THF
2025,B,5,Z2,Setaria sphacelata,10.2,Unfenced,THF
2025,B,5,Z2,Cynodon dactylon,13.1,Unfenced,THF
2025,B,5,Z2,NA,44.3,Unfenced,THF
2025,B,5,Z2,Heteropogon contortus,6.2,Unfenced,THF
2025,B,5,Z2,Digitaria eriantha,9.8,Unfenced,THF
2025,B,5,Z2,Cynodon dactylon,6.8,Unfenced,THF
2025,B,5,Z2,Bothriochloa insculpta,6.3,Unfenced,THF
2025,B,5,Z2,Aristida congesta b,NA,Unfenced,THF
2025,B,4,Z3,Cymbopogon nardus,3.6,Unfenced,TFB
2025,B,4,Z3,Hyperrhenia filipendula,9.2,Unfenced,TFB
2025,B,4,Z3,Heteropogon contortus,5.3,Unfenced,TFB
2025,B,4,Z3,NA,26.4,Unfenced,TFB
2025,B,4,Z3,Hyperthelia dissoluta,7.3,Unfenced,TFB
2025,B,4,Z3,Digitaria eriantha,5.5,Unfenced,TFB
2025,B,4,Z3,Heteropogon contortus,26.9,Unfenced,TFB
2025,B,4,Z3,NA,7.7,Unfenced,TFB
2025,B,4,Z3,Heteropogon contortus,6.6,Unfenced,TFB
2025,B,4,Z3,Digitaria eriantha,3.8,Unfenced,TFB
2025,B,4,Z3,Cymbopogon excavatus,2.9,Unfenced,TFB
2025,B,4,Z3,NA,27.8,Unfenced,TFB
2025,B,4,Z3,Cymbopogon excavatus,35.2,Unfenced,TFB
2025,B,4,Z3,Aristida congesta b,31.2,Unfenced,TFB
2025,B,4,Z3,Heteropogon contortus,43,Unfenced,TFB
2025,B,4,Z3,Eragrostis superba,14.2,Unfenced,TFB
2025,B,4,Z3,Aristida congesta b,NA,Unfenced,TFB
2025,B,4,Z3,Heteropogon contortus,7.1,Unfenced,TFB
2025,B,4,Z3,Cymbopogon excavatus,6.8,Unfenced,TFB
2025,B,4,Z3,Digitaria eriantha,5.2,Unfenced,TFB
2025,B,4,Z3,Aristida adscensionis,2.8,Unfenced,TFB
2025,B,4,Z3,Melinis repens,NA,Unfenced,TFB
2025,B,4,Z4,Eragrostis superba,2.7,Unfenced,TFB
2025,B,4,Z4,Heteropogon contortus,2.2,Unfenced,TFB
2025,B,4,Z4,Brachiaria serrata,4.8,Unfenced,TFB
2025,B,4,Z4,NA,32.6,Unfenced,TFB
2025,B,4,Z4,Heteropogon contortus,23.9,Unfenced,TFB
2025,B,4,Z4,Aristida congesta b,23.6,Unfenced,TFB
2025,B,4,Z4,Cymbopogon excavatus,12.4,Unfenced,TFB
2025,B,4,Z4,Cymbopogon excavatus,29.1,Unfenced,TFB
2025,B,4,Z4,Heteropogon contortus,9.1,Unfenced,TFB
2025,B,4,Z4,Digitaria eriantha,26.1,Unfenced,TFB
2025,B,4,Z4,NA,22.8,Unfenced,TFB
2025,B,4,Z4,NA,29.3,Unfenced,TFB
2025,B,4,Z4,Heteropogon contortus,6.2,Unfenced,TFB
2025,B,4,Z4,Cymbopogon excavatus,8.2,Unfenced,TFB
2025,B,4,Z4,Aristida adscensionis,14,Unfenced,TFB
2025,B,4,Z4,NA,20.1,Unfenced,TFB
2025,B,4,Z4,Heteropogon contortus,6.6,Unfenced,TFB
2025,B,4,Z4,Aristida congesta b,6.9,Unfenced,TFB
2025,B,4,Z4,Melinis repens,11,Unfenced,TFB
2025,B,4,Z4,Digitaria eriantha,6.1,Unfenced,TFB
2025,B,4,Z1,Cymbopogon excavatus,19.2,Fenced,TFB
2025,B,4,Z1,Heteropogon contortus,20.4,Fenced,TFB
2025,B,4,Z1,Aristida adscensionis,23.2,Fenced,TFB
2025,B,4,Z1,Melinis repens,19.5,Fenced,TFB
2025,B,4,Z1,Heteropogon contortus,21.8,Fenced,TFB
2025,B,4,Z1,Digitaria eriantha,14.2,Fenced,TFB
2025,B,4,Z1,Aristida adscensionis,22.1,Fenced,TFB
2025,B,4,Z1,NA,20.6,Fenced,TFB
2025,B,4,Z1,Heteropogon contortus,25.6,Fenced,TFB
2025,B,4,Z1,Cymbopogon excavatus,26.6,Fenced,TFB
2025,B,4,Z1,Setaria sphacelata,22.8,Fenced,TFB
2025,B,4,Z1,Eragrostis superba,34,Fenced,TFB
2025,B,4,Z1,Cymbopogon excavatus,13,Fenced,TFB
2025,B,4,Z1,Heteropogon contortus,16.7,Fenced,TFB
2025,B,4,Z1,Eragrostis superba,15.1,Fenced,TFB
2025,B,4,Z1,Eragrostis rigidior,27.3,Fenced,TFB
2025,B,4,Z1,Brachiaria serrata,NA,Fenced,TFB
2025,B,4,Z1,Themeda triandra,18.4,Fenced,TFB
2025,B,4,Z1,Heteropogon contortus,19,Fenced,TFB
2025,B,4,Z1,Digitaria eriantha,14.8,Fenced,TFB
2025,B,4,Z1,NA,16,Fenced,TFB
2025,B,4,Z2,Heteropogon contortus,10.8,Fenced,TFB
2025,B,4,Z2,Perotis patens,2.4,Fenced,TFB
2025,B,4,Z2,Brachiaria serrata,2.4,Fenced,TFB
2025,B,4,Z2,Eragrostis rigidior,2.9,Fenced,TFB
2025,B,4,Z2,Eragrostis superba,38.2,Fenced,TFB
2025,B,4,Z2,Cymbopogon excavatus,26.4,Fenced,TFB
2025,B,4,Z2,Heteropogon contortus,21.2,Fenced,TFB
2025,B,4,Z2,NA,14.2,Fenced,TFB
2025,B,4,Z2,Heteropogon contortus,3.2,Fenced,TFB
2025,B,4,Z2,Digitaria eriantha,4.5,Fenced,TFB
2025,B,4,Z2,Aristida adscensionis,8.2,Fenced,TFB
2025,B,4,Z2,Brachiaria serrata,6.5,Fenced,TFB
2025,B,4,Z2,Brachiaria serrata,30.6,Fenced,TFB
2025,B,4,Z2,Cymbopogon excavatus,18.5,Fenced,TFB
2025,B,4,Z2,NA,14.6,Fenced,TFB
2025,B,4,Z2,NA,25.8,Fenced,TFB
2025,B,4,Z2,Aristida adscensionis,22.4,Fenced,TFB
2025,B,4,Z2,Heteropogon contortus,24.1,Fenced,TFB
2025,B,4,Z2,Cymbopogon excavatus,22.2,Fenced,TFB
2025,B,4,Z2,Urochloa mosambicensis,27.5,Fenced,TFB
2025,B,3,Z4,Heteropogon contortus,11.2,Unfenced,TF
2025,B,3,Z4,Aristida adscensionis,8.2,Unfenced,TF
2025,B,3,Z4,Cymbopogon excavatus,11.8,Unfenced,TF
2025,B,3,Z4,NA,7.5,Unfenced,TF
2025,B,3,Z4,Aristida adscensionis,10.4,Unfenced,TF
2025,B,3,Z4,Heteropogon contortus,18.6,Unfenced,TF
2025,B,3,Z4,Cymbopogon nardus,18,Unfenced,TF
2025,B,3,Z4,NA,22.8,Unfenced,TF
2025,B,3,Z4,Digitaria eriantha,13.8,Unfenced,TF
2025,B,3,Z4,Cymbopogon nardus,8.4,Unfenced,TF
2025,B,3,Z4,Heteropogon contortus,6.2,Unfenced,TF
2025,B,3,Z4,NA,5.2,Unfenced,TF
2025,B,3,Z4,Heteropogon contortus,11.4,Unfenced,TF
2025,B,3,Z4,Eragrostis rigidior,15.4,Unfenced,TF
2025,B,3,Z4,Bothriochloa insculpta,11.9,Unfenced,TF
2025,B,3,Z4,NA,22,Unfenced,TF
2025,B,3,Z4,Aristida adscensionis,8,Unfenced,TF
2025,B,3,Z4,Heteropogon contortus,2.8,Unfenced,TF
2025,B,3,Z4,Eragrostis rigidior,12,Unfenced,TF
2025,B,3,Z4,NA,10.3,Unfenced,TF
2025,B,3,Z3,Heteropogon contortus,23.3,Unfenced,TF
2025,B,3,Z3,Cymbopogon nardus,13,Unfenced,TF
2025,B,3,Z3,Eragrostis rigidior,12.8,Unfenced,TF
2025,B,3,Z3,NA,14.1,Unfenced,TF
2025,B,3,Z3,Hyperrhenia filipendula,8.5,Unfenced,TF
2025,B,3,Z3,Heteropogon contortus,6.7,Unfenced,TF
2025,B,3,Z3,Aristida adscensionis,6.5,Unfenced,TF
2025,B,3,Z3,NA,6.1,Unfenced,TF
2025,B,3,Z3,Aristida adscensionis,8.3,Unfenced,TF
2025,B,3,Z3,Aristida adscensionis,4.2,Unfenced,TF
2025,B,3,Z3,Themeda triandra,9.6,Unfenced,TF
2025,B,3,Z3,Brachiaria serrata,3.4,Unfenced,TF
2025,B,3,Z3,Heteropogon contortus,7.8,Unfenced,TF
2025,B,3,Z3,Eragrostis rigidior,14.1,Unfenced,TF
2025,B,3,Z3,Aristida adscensionis,9.8,Unfenced,TF
2025,B,3,Z3,Heteropogon contortus,7.3,Unfenced,TF
2025,B,3,Z3,Cymbopogon nardus,NA,Unfenced,TF
2025,B,3,Z3,Heteropogon contortus,6.8,Unfenced,TF
2025,B,3,Z3,Digitaria eriantha,8.2,Unfenced,TF
2025,B,3,Z3,Eragrostis superba,7.9,Unfenced,TF
2025,B,3,Z3,Aristida adscensionis,4.9,Unfenced,TF
2025,B,3,Z1,Melinis repens,26.1,Fenced,TF
2025,B,3,Z1,Cymbopogon excavatus,20.2,Fenced,TF
2025,B,3,Z1,NA,10.2,Fenced,TF
2025,B,3,Z1,NA,25,Fenced,TF
2025,B,3,Z1,Cymbopogon nardus,14.6,Fenced,TF
2025,B,3,Z1,Heteropogon contortus,20,Fenced,TF
2025,B,3,Z1,Cymbopogon excavatus,29.3,Fenced,TF
2025,B,3,Z1,Aristida adscensionis,44.2,Fenced,TF
2025,B,3,Z1,NA,NA,Fenced,TF
2025,B,3,Z1,Cynodon dactylon,41.9,Fenced,TF
2025,B,3,Z1,Themeda triandra,26.1,Fenced,TF
2025,B,3,Z1,Heteropogon contortus,27.8,Fenced,TF
2025,B,3,Z1,Eragrostis superba,46,Fenced,TF
2025,B,3,Z1,Aristida congesta b,25.8,Fenced,TF
2025,B,3,Z1,Digitaria eriantha,10.9,Fenced,TF
2025,B,3,Z1,Heteropogon contortus,6.3,Fenced,TF
2025,B,3,Z1,NA,25.1,Fenced,TF
2025,B,3,Z1,Melinis repens,12,Fenced,TF
2025,B,3,Z1,Aristida adscensionis,15.7,Fenced,TF
2025,B,3,Z1,Bothriochloa insculpta,11.8,Fenced,TF
2025,B,3,Z1,NA,16.2,Fenced,TF
2025,B,3,Z2,Aristida adscensionis,15.6,Fenced,TF
2025,B,3,Z2,Cymbopogon excavatus,22.2,Fenced,TF
2025,B,3,Z2,Melinis repens,26.8,Fenced,TF
2025,B,3,Z2,Eragrostis superba,17.3,Fenced,TF
2025,B,3,Z2,Eragrostis curvula,NA,Fenced,TF
2025,B,3,Z2,Setaria sphacelata,39,Fenced,TF
2025,B,3,Z2,Themeda triandra,28.8,Fenced,TF
2025,B,3,Z2,Heteropogon contortus,17.1,Fenced,TF
2025,B,3,Z2,Cymbopogon excavatus,41.5,Fenced,TF
2025,B,3,Z2,Cymbopogon excavatus,33.2,Fenced,TF
2025,B,3,Z2,Melinis repens,28,Fenced,TF
2025,B,3,Z2,Heteropogon contortus,14.9,Fenced,TF
2025,B,3,Z2,NA,42.7,Fenced,TF
2025,B,3,Z2,Heteropogon contortus,47.7,Fenced,TF
2025,B,3,Z2,Cymbopogon nardus,35.5,Fenced,TF
2025,B,3,Z2,NA,25.2,Fenced,TF
2025,B,3,Z2,NA,51,Fenced,TF
2025,B,3,Z2,Aristida congesta b,15.7,Fenced,TF
2025,B,3,Z2,Digitaria eriantha,32.3,Fenced,TF
2025,B,3,Z2,Heteropogon contortus,15.6,Fenced,TF
2025,B,3,Z2,Cymbopogon nardus,22.7,Fenced,TF
2025,A,5,Z4,Bothriochloa insculpta,19,Unfenced,THF
2025,A,5,Z4,Cynodon dactylon,16.8,Unfenced,THF
2025,A,5,Z4,Eragrostis gummiflua,16.7,Unfenced,THF
2025,A,5,Z4,NA,16.6,Unfenced,THF
2025,A,5,Z4,Urochloa mosambicensis,0,Unfenced,THF
2025,A,5,Z4,Cymbopogon excavatus,14.3,Unfenced,THF
2025,A,5,Z4,Bothriochloa insculpta,14.7,Unfenced,THF
2025,A,5,Z4,Heteropogon contortus,13.7,Unfenced,THF
2025,A,5,Z4,Bothriochloa insculpta,21.8,Unfenced,THF
2025,A,5,Z4,Cymbopogon excavatus,16.5,Unfenced,THF
2025,A,5,Z4,Urochloa mosambicensis,20.7,Unfenced,THF
2025,A,5,Z4,NA,21.2,Unfenced,THF
2025,A,5,Z4,Urochloa mosambicensis,13.5,Unfenced,THF
2025,A,5,Z4,Aristida adscensionis,13.2,Unfenced,THF
2025,A,5,Z4,Bothriochloa insculpta,13.9,Unfenced,THF
2025,A,5,Z4,NA,11.7,Unfenced,THF
2025,A,5,Z4,Urochloa mosambicensis,0,Unfenced,THF
2025,A,5,Z4,Bothriochloa insculpta,23.6,Unfenced,THF
2025,A,5,Z4,Aristida diffusa,17.3,Unfenced,THF
2025,A,5,Z4,Setaria incrassata,16.5,Unfenced,THF
2025,A,5,Z2,Aristida adscensionis,22.7,Unfenced,THF
2025,A,5,Z2,Urochloa mosambicensis,17.4,Unfenced,THF
2025,A,5,Z2,Bothriochloa insculpta,18.4,Unfenced,THF
2025,A,5,Z2,Heteropogon contortus,20.6,Unfenced,THF
2025,A,5,Z2,Hyperrhenia filipendula,19.6,Unfenced,THF
2025,A,5,Z2,Panicum maximum,37.9,Unfenced,THF
2025,A,5,Z2,Urochloa mosambicensis,36.2,Unfenced,THF
2025,A,5,Z2,Heteropogon contortus,33.7,Unfenced,THF
2025,A,5,Z2,Cymbopogon excavatus,32.9,Unfenced,THF
2025,A,5,Z2,Aristida adscensionis,18.7,Unfenced,THF
2025,A,5,Z2,Urochloa mosambicensis,18.4,Unfenced,THF
2025,A,5,Z2,Hyperrhenia filipendula,17.7,Unfenced,THF
2025,A,5,Z2,Panicum maximum,23.9,Unfenced,THF
2025,A,5,Z2,Urochloa mosambicensis,12.9,Unfenced,THF
2025,A,5,Z2,NA,16.8,Unfenced,THF
2025,A,5,Z2,NA,14.9,Unfenced,THF
2025,A,5,Z2,Cymbopogon excavatus,27.1,Unfenced,THF
2025,A,5,Z2,Miscanthus junceus,23.6,Unfenced,THF
2025,A,5,Z2,Urochloa mosambicensis,24.1,Unfenced,THF
2025,A,5,Z2,NA,21.8,Unfenced,THF
2025,A,2,Z1,Cymbopogon excavatus,23.4,Fenced,F
2025,A,2,Z1,Bothriochloa insculpta,20.2,Fenced,F
2025,A,2,Z1,Aristida adscensionis,13.6,Fenced,F
2025,A,2,Z1,Eragrostis gummiflua,17.2,Fenced,F
2025,A,2,Z1,Eragrostis superba,NA,Fenced,F
2025,A,2,Z1,Andropogon eucomus,29.8,Fenced,F
2025,A,2,Z1,Bothriochloa insculpta,22.7,Fenced,F
2025,A,2,Z1,Heteropogon contortus,19.6,Fenced,F
2025,A,2,Z1,Eragrostis gummiflua,19.5,Fenced,F
2025,A,2,Z1,Andropogon eucomus,15.1,Fenced,F
2025,A,2,Z1,Bothriochloa insculpta,14.2,Fenced,F
2025,A,2,Z1,NA,13.8,Fenced,F
2025,A,2,Z1,NA,13.8,Fenced,F
2025,A,2,Z1,Digitaria eriantha,19.1,Fenced,F
2025,A,2,Z1,Brachiaria serrata,16.6,Fenced,F
2025,A,2,Z1,Bothriochloa insculpta,18.1,Fenced,F
2025,A,2,Z1,Andropogon eucomus,6.1,Fenced,F
2025,A,2,Z1,Setaria incrassata,NA,Fenced,F
2025,A,2,Z1,Urochloa mosambicensis,29.6,Fenced,F
2025,A,2,Z1,Bothriochloa insculpta,25.5,Fenced,F
2025,A,2,Z1,NA,23.9,Fenced,F
2025,A,2,Z1,NA,23,Fenced,F
2025,A,2,Z2,Hyperthelia dissoluta,17.1,Fenced,F
2025,A,2,Z2,Hyperrhenia filipendula,48.1,Fenced,F
2025,A,2,Z2,Andropogon eucomus,43.6,Fenced,F
2025,A,2,Z2,NA,40.2,Fenced,F
2025,A,2,Z2,Urochloa mosambicensis,21.1,Fenced,F
2025,A,2,Z2,Hyparrhenia hirta,28.1,Fenced,F
2025,A,2,Z2,Hyperthelia dissoluta,26.6,Fenced,F
2025,A,2,Z2,Heteropogon contortus,11.6,Fenced,F
2025,A,2,Z2,Hyparrhenia hirta,23.3,Fenced,F
2025,A,2,Z2,Heteropogon contortus,5.5,Fenced,F
2025,A,2,Z2,Setaria incrassata,14.1,Fenced,F
2025,A,2,Z2,Brachiaria serrata,13.4,Fenced,F
2025,A,2,Z2,Hyperthelia dissoluta,66.7,Fenced,F
2025,A,2,Z2,Hyparrhenia hirta,29.4,Fenced,F
2025,A,2,Z2,Urochloa mosambicensis,20.7,Fenced,F
2025,A,2,Z2,NA,21.9,Fenced,F
2025,A,2,Z2,Andropogon eucomus,25.3,Fenced,F
2025,A,2,Z2,Bothriochloa insculpta,18.8,Fenced,F
2025,A,2,Z2,Miscanthus junceus,18.5,Fenced,F
2025,A,2,Z2,NA,16.5,Fenced,F
2025,A,2,Z3,Hyperthelia dissoluta,16.9,Unfenced,F
2025,A,2,Z3,Bothriochloa insculpta,22.6,Unfenced,F
2025,A,2,Z3,Eragrostis gummiflua,20,Unfenced,F
2025,A,2,Z3,NA,19.2,Unfenced,F
2025,A,2,Z3,Heteropogon contortus,15.8,Unfenced,F
2025,A,2,Z3,Eragrostis superba,11.1,Unfenced,F
2025,A,2,Z3,Aristida diffusa,10.6,Unfenced,F
2025,A,2,Z3,Bothriochloa insculpta,13.3,Unfenced,F
2025,A,2,Z3,Urochloa mosambicensis,28.6,Unfenced,F
2025,A,2,Z3,Andropogon eucomus,24,Unfenced,F
2025,A,2,Z3,Bothriochloa insculpta,20.4,Unfenced,F
2025,A,2,Z3,NA,14.9,Unfenced,F
2025,A,2,Z3,Cymbopogon excavatus,18.4,Unfenced,F
2025,A,2,Z3,Eragrostis superba,14.1,Unfenced,F
2025,A,2,Z3,Bothriochloa insculpta,16.9,Unfenced,F
2025,A,2,Z3,NA,16.2,Unfenced,F
2025,A,2,Z3,Urochloa mosambicensis,30.1,Unfenced,F
2025,A,2,Z3,Hyperrhenia filipendula,23.6,Unfenced,F
2025,A,2,Z3,Andropogon eucomus,21.6,Unfenced,F
2025,A,2,Z3,Bothriochloa insculpta,17.6,Unfenced,F
2025,A,2,Z4,Hyperthelia dissoluta,17.5,Unfenced,F
2025,A,2,Z4,Urochloa mosambicensis,34.7,Unfenced,F
2025,A,2,Z4,NA,44.3,Unfenced,F
2025,A,2,Z4,NA,40.8,Unfenced,F
2025,A,2,Z4,Aristida adscensionis,17.3,Unfenced,F
2025,A,2,Z4,Hyperthelia dissoluta,17.5,Unfenced,F
2025,A,2,Z4,Hyperrhenia filipendula,25,Unfenced,F
2025,A,2,Z4,NA,20.5,Unfenced,F
2025,A,2,Z4,Urochloa mosambicensis,65.6,Unfenced,F
2025,A,2,Z4,Hyperthelia dissoluta,43.3,Unfenced,F
2025,A,2,Z4,Hyperrhenia filipendula,35.5,Unfenced,F
2025,A,2,Z4,Andropogon eucomus,28.8,Unfenced,F
2025,A,2,Z4,Hyperthelia dissoluta,47,Unfenced,F
2025,A,2,Z4,Hyperrhenia filipendula,45.1,Unfenced,F
2025,A,2,Z4,Urochloa mosambicensis,37.2,Unfenced,F
2025,A,2,Z4,Heteropogon contortus,44.5,Unfenced,F
2025,A,2,Z4,Cymbopogon nardus,53.7,Unfenced,F
2025,A,2,Z4,Andropogon eucomus,39.4,Unfenced,F
2025,A,2,Z4,Urochloa mosambicensis,28.3,Unfenced,F
2025,A,2,Z4,Heteropogon contortus,30.7,Unfenced,F
2025,A,2,Z4,Hyperthelia dissoluta,NA,Unfenced,F
2025,A,2,Z4,Setaria sphacelata,NA,Unfenced,F
2025,A,3,Z3,Setaria sphacelata,26.6,Fenced,TFB
2025,A,3,Z3,Digitaria eriantha,17.5,Fenced,TFB
2025,A,3,Z3,Urochloa mosambicensis,19,Fenced,TFB
2025,A,3,Z3,Cynodon dactylon,18.7,Fenced,TFB
2025,A,3,Z3,Heteropogon contortus,27.5,Fenced,TFB
2025,A,3,Z3,Melinis repens,24.8,Fenced,TFB
2025,A,3,Z3,Aristida diffusa,26.7,Fenced,TFB
2025,A,3,Z3,Panicum maximum,22.2,Fenced,TFB
2025,A,3,Z3,Hyperthelia dissoluta,19,Fenced,TFB
2025,A,3,Z3,Hyperrhenia filipendula,24.7,Fenced,TFB
2025,A,3,Z3,Heteropogon contortus,21.9,Fenced,TFB
2025,A,3,Z3,Urochloa mosambicensis,24.9,Fenced,TFB
2025,A,3,Z3,Heteropogon contortus,24.9,Fenced,TFB
2025,A,3,Z3,Themeda triandra,22.3,Fenced,TFB
2025,A,3,Z3,Cymbopogon excavatus,25.6,Fenced,TFB
2025,A,3,Z3,Digitaria eriantha,21.5,Fenced,TFB
2025,A,3,Z3,Panicum maximum,NA,Fenced,TFB
2025,A,3,Z3,Hyperthelia dissoluta,33.7,Fenced,TFB
2025,A,3,Z3,Aristida adscensionis,26.8,Fenced,TFB
2025,A,3,Z3,Hyperrhenia filipendula,33.4,Fenced,TFB
2025,A,3,Z3,Cymbopogon excavatus,32,Fenced,TFB
2025,A,3,Z1,Hyparrhenia hirta,46.7,Fenced,TFB
2025,A,3,Z1,NA,0,Fenced,TFB
2025,A,3,Z1,NA,0,Fenced,TFB
2025,A,3,Z1,NA,0,Fenced,TFB
2025,A,3,Z1,Bothriochloa insculpta,20.6,Fenced,TFB
2025,A,3,Z1,Cymbopogon excavatus,16.1,Fenced,TFB
2025,A,3,Z1,NA,15.6,Fenced,TFB
2025,A,3,Z1,NA,14.4,Fenced,TFB
2025,A,3,Z1,Andropogon eucomus,18.1,Fenced,TFB
2025,A,3,Z1,Bothriochloa insculpta,14.3,Fenced,TFB
2025,A,3,Z1,Urochloa mosambicensis,12.7,Fenced,TFB
2025,A,3,Z1,NA,12.4,Fenced,TFB
2025,A,3,Z1,Urochloa mosambicensis,20.9,Fenced,TFB
2025,A,3,Z1,Aristida congesta c,25.5,Fenced,TFB
2025,A,3,Z1,Themeda triandra,28.6,Fenced,TFB
2025,A,3,Z1,NA,1.3,Fenced,TFB
2025,A,3,Z1,Hyperthelia dissoluta,56.5,Fenced,TFB
2025,A,3,Z1,Hyperrhenia filipendula,11.2,Fenced,TFB
2025,A,3,Z1,Heteropogon contortus,61.9,Fenced,TFB
2025,A,3,Z1,NA,9.7,Fenced,TFB
2025,A,3,Z2,Cymbopogon excavatus,32.7,Unfenced,TFB
2025,A,3,Z2,Urochloa mosambicensis,3.8,Unfenced,TFB
2025,A,3,Z2,NA,3.8,Unfenced,TFB
2025,A,3,Z2,NA,8.1,Unfenced,TFB
2025,A,3,Z2,Bothriochloa insculpta,17.3,Unfenced,TFB
2025,A,3,Z2,Miscanthus junceus,11.5,Unfenced,TFB
2025,A,3,Z2,Setaria incrassata,14.4,Unfenced,TFB
2025,A,3,Z2,NA,14.2,Unfenced,TFB
2025,A,3,Z2,Bothriochloa insculpta,12.3,Unfenced,TFB
2025,A,3,Z2,Digitaria eriantha,10.5,Unfenced,TFB
2025,A,3,Z2,Eragrostis gummiflua,14.3,Unfenced,TFB
2025,A,3,Z2,NA,13.2,Unfenced,TFB
2025,A,3,Z2,Hyparrhenia hirta,26.2,Unfenced,TFB
2025,A,3,Z2,Miscanthus junceus,6.4,Unfenced,TFB
2025,A,3,Z2,NA,4.3,Unfenced,TFB
2025,A,3,Z2,NA,18.6,Unfenced,TFB
2025,A,3,Z2,Aristida congesta c,15.2,Unfenced,TFB
2025,A,3,Z2,Bothriochloa insculpta,14.4,Unfenced,TFB
2025,A,3,Z2,NA,11.7,Unfenced,TFB
2025,A,3,Z2,NA,12.7,Unfenced,TFB
2025,A,3,Z4,Urochloa mosambicensis,23,Unfenced,TFB
2025,A,3,Z4,Cymbopogon excavatus,25.7,Unfenced,TFB
2025,A,3,Z4,Brachiaria serrata,29.4,Unfenced,TFB
2025,A,3,Z4,NA,5.4,Unfenced,TFB
2025,A,3,Z4,Urochloa mosambicensis,17.3,Unfenced,TFB
2025,A,3,Z4,Aristida congesta c,5.1,Unfenced,TFB
2025,A,3,Z4,Hyperthelia dissoluta,5.1,Unfenced,TFB
2025,A,3,Z4,NA,0,Unfenced,TFB
2025,A,3,Z4,Setaria sphacelata,12.9,Unfenced,TFB
2025,A,3,Z4,Heteropogon contortus,10.3,Unfenced,TFB
2025,A,3,Z4,Brachiaria serrata,17.4,Unfenced,TFB
2025,A,3,Z4,NA,11.4,Unfenced,TFB
2025,A,3,Z4,Urochloa mosambicensis,11.5,Unfenced,TFB
2025,A,3,Z4,Heteropogon contortus,19.3,Unfenced,TFB
2025,A,3,Z4,NA,20.4,Unfenced,TFB
2025,A,3,Z4,NA,49.9,Unfenced,TFB
2025,A,3,Z4,Hyperthelia dissoluta,50.3,Unfenced,TFB
2025,A,3,Z4,Aristida congesta c,29.9,Unfenced,TFB
2025,A,3,Z4,Urochloa mosambicensis,24.7,Unfenced,TFB
2025,A,3,Z4,NA,23.8,Unfenced,TFB
2025,A,4,Z3,Hyperrhenia filipendula,18,Fenced,TF
2025,A,4,Z3,Bothriochloa insculpta,23.6,Fenced,TF
2025,A,4,Z3,Setaria incrassata,20.9,Fenced,TF
2025,A,4,Z3,NA,21.1,Fenced,TF
2025,A,4,Z3,Hyperthelia dissoluta,16,Fenced,TF
2025,A,4,Z3,Bothriochloa insculpta,17.4,Fenced,TF
2025,A,4,Z3,NA,19.1,Fenced,TF
2025,A,4,Z3,NA,18.2,Fenced,TF
2025,A,4,Z3,Bothriochloa insculpta,12.1,Fenced,TF
2025,A,4,Z3,Heteropogon contortus,13.4,Fenced,TF
2025,A,4,Z3,Andropogon eucomus,13.9,Fenced,TF
2025,A,4,Z3,NA,16.7,Fenced,TF
2025,A,4,Z3,Cymbopogon excavatus,26.4,Fenced,TF
2025,A,4,Z3,Bothriochloa insculpta,22.7,Fenced,TF
2025,A,4,Z3,NA,23.9,Fenced,TF
2025,A,4,Z3,NA,12.2,Fenced,TF
2025,A,4,Z3,Digitaria eriantha,14.3,Fenced,TF
2025,A,4,Z3,Bothriochloa insculpta,17.2,Fenced,TF
2025,A,4,Z3,NA,15.8,Fenced,TF
2025,A,4,Z3,NA,15.9,Fenced,TF
2025,A,4,Z1,Urochloa mosambicensis,13.3,Fenced,TF
2025,A,4,Z1,Diheteropogon amplectens,12.8,Fenced,TF
2025,A,4,Z1,Bothriochloa insculpta,13.8,Fenced,TF
2025,A,4,Z1,Heteropogon contortus,12.2,Fenced,TF
2025,A,4,Z1,Eragrostis gummiflua,NA,Fenced,TF
2025,A,4,Z1,Bothriochloa insculpta,36,Fenced,TF
2025,A,4,Z1,NA,37.4,Fenced,TF
2025,A,4,Z1,NA,37.2,Fenced,TF
2025,A,4,Z1,NA,31.4,Fenced,TF
2025,A,4,Z1,Heteropogon contortus,28.7,Fenced,TF
2025,A,4,Z1,Urochloa mosambicensis,16.6,Fenced,TF
2025,A,4,Z1,Bothriochloa insculpta,24.4,Fenced,TF
2025,A,4,Z1,NA,23.4,Fenced,TF
2025,A,4,Z1,Urochloa mosambicensis,18.1,Fenced,TF
2025,A,4,Z1,Andropogon eucomus,21.1,Fenced,TF
2025,A,4,Z1,Bothriochloa insculpta,24.2,Fenced,TF
2025,A,4,Z1,NA,18.2,Fenced,TF
2025,A,4,Z2,Digitaria eriantha,13.3,Unfenced,TF
2025,A,4,Z2,Aristida adscensionis,18.5,Unfenced,TF
2025,A,4,Z2,Bothriochloa insculpta,15.1,Unfenced,TF
2025,A,4,Z2,NA,15.2,Unfenced,TF
2025,A,4,Z2,Hyperrhenia filipendula,16.6,Unfenced,TF
2025,A,4,Z2,Cymbopogon excavatus,15.2,Unfenced,TF
2025,A,4,Z2,Miscanthus junceus,13.3,Unfenced,TF
2025,A,4,Z2,Heteropogon contortus,13.6,Unfenced,TF
2025,A,4,Z2,Urochloa mosambicensis,NA,Unfenced,TF
2025,A,4,Z2,Setaria incrassata,13.4,Unfenced,TF
2025,A,4,Z2,Cymbopogon excavatus,14,Unfenced,TF
2025,A,4,Z2,Hyparrhenia hirta,15.1,Unfenced,TF
2025,A,4,Z2,Heteropogon contortus,15.9,Unfenced,TF
2025,A,4,Z2,Diheteropogon amplectens,NA,Unfenced,TF
2025,A,4,Z2,Heteropogon contortus,26.8,Unfenced,TF
2025,A,4,Z2,Digitaria eriantha,17.6,Unfenced,TF
2025,A,4,Z2,NA,16.8,Unfenced,TF
2025,A,4,Z2,NA,15.1,Unfenced,TF
2025,A,4,Z2,Heteropogon contortus,15.8,Unfenced,TF
2025,A,4,Z2,Digitaria eriantha,12.2,Unfenced,TF
2025,A,4,Z2,Diheteropogon amplectens,17.4,Unfenced,TF
2025,A,4,Z2,Panicum maximum,17.7,Unfenced,TF
2025,A,4,Z4,Urochloa mosambicensis,20.3,Unfenced,TF
2025,A,4,Z4,Digitaria eriantha,16.9,Unfenced,TF
2025,A,4,Z4,Bothriochloa insculpta,18.4,Unfenced,TF
2025,A,4,Z4,Heteropogon contortus,18,Unfenced,TF
2025,A,4,Z4,Melinis repens,NA,Unfenced,TF
2025,A,4,Z4,Bothriochloa insculpta,24.8,Unfenced,TF
2025,A,4,Z4,Heteropogon contortus,23.7,Unfenced,TF
2025,A,4,Z4,Digitaria eriantha,21.8,Unfenced,TF
2025,A,4,Z4,NA,20.4,Unfenced,TF
2025,A,4,Z4,Heteropogon contortus,11.6,Unfenced,TF
2025,A,4,Z4,Eragrostis superba,15.9,Unfenced,TF
2025,A,4,Z4,Aristida congesta c,19.6,Unfenced,TF
2025,A,4,Z4,NA,8.4,Unfenced,TF
2025,A,4,Z4,Heteropogon contortus,11.5,Unfenced,TF
2025,A,4,Z4,Digitaria eriantha,14.9,Unfenced,TF
2025,A,4,Z4,Eragrostis superba,15.4,Unfenced,TF
2025,A,4,Z4,NA,16.3,Unfenced,TF
2025,A,4,Z4,Urochloa mosambicensis,22.1,Unfenced,TF
2025,A,4,Z4,Digitaria eriantha,19.4,Unfenced,TF
2025,A,4,Z4,Heteropogon contortus,18.3,Unfenced,TF
2025,A,4,Z4,NA,16.7,Unfenced,TF
2025,E,4,Z3,Eragrostis curvula,9.6,Fenced,TFB
2025,E,4,Z3,Panicum maximum,13.7,Fenced,TFB
2025,E,4,Z3,Chloris virgata,13.3,Fenced,TFB
2025,E,4,Z3,Dactyloctenium giganteum,13.4,Fenced,TFB
2025,E,4,Z3,Setaria incrassata,NA,Fenced,TFB
2025,E,4,Z3,Sporobolus africanus,0,Fenced,TFB
2025,E,4,Z3,NA,0,Fenced,TFB
2025,E,4,Z3,NA,0,Fenced,TFB
2025,E,4,Z3,NA,1.6,Fenced,TFB
2025,E,4,Z3,Heteropogon contortus,11.4,Fenced,TFB
2025,E,4,Z3,NA,8.8,Fenced,TFB
2025,E,4,Z3,NA,0,Fenced,TFB
2025,E,4,Z3,NA,0,Fenced,TFB
2025,E,4,Z3,Heteropogon contortus,8.4,Fenced,TFB
2025,E,4,Z3,Enteropogon macrostachyus,6.2,Fenced,TFB
2025,E,4,Z3,Setaria incrassata,7.8,Fenced,TFB
2025,E,4,Z3,Eragrostis viscosa,0,Fenced,TFB
2025,E,4,Z3,Brachiaria brizantha,NA,Fenced,TFB
2025,E,4,Z3,Heteropogon contortus,3.3,Fenced,TFB
2025,E,4,Z3,Brachiaria brizantha,4.1,Fenced,TFB
2025,E,4,Z3,Eragrostis gummiflua,3.4,Fenced,TFB
2025,E,4,Z3,Eragrostis viscosa,3.2,Fenced,TFB
2025,E,4,Z1,Digitaria eriantha,1.7,Fenced,TFB
2025,E,4,Z1,Panicum maximum,1.7,Fenced,TFB
2025,E,4,Z1,Eragrostis viscosa,3.7,Fenced,TFB
2025,E,4,Z1,Eragrostis gummiflua,3.5,Fenced,TFB
2025,E,4,Z1,Aristida adscensionis,2.5,Fenced,TFB
2025,E,4,Z1,Eragrostis cylindriflora,0,Fenced,TFB
2025,E,4,Z1,Heteropogon contortus,0,Fenced,TFB
2025,E,4,Z1,NA,2.3,Fenced,TFB
2025,E,4,Z1,Heteropogon contortus,4.4,Fenced,TFB
2025,E,4,Z1,Brachiaria nigropedata,7.5,Fenced,TFB
2025,E,4,Z1,Panicum maximum,6.9,Fenced,TFB
2025,E,4,Z1,Setaria incrassata,7.6,Fenced,TFB
2025,E,4,Z1,Brachiaria nigropedata,11.7,Fenced,TFB
2025,E,4,Z1,Eragrostis curvula,8.2,Fenced,TFB
2025,E,4,Z1,Panicum maximum,13.1,Fenced,TFB
2025,E,4,Z1,Setaria incrassata,37.2,Fenced,TFB
2025,E,4,Z1,Cymbopogon excavatus,15.5,Fenced,TFB
2025,E,4,Z1,NA,0,Fenced,TFB
2025,E,4,Z1,NA,0,Fenced,TFB
2025,E,4,Z1,NA,0,Fenced,TFB
2025,E,4,Z2,Eragrostis viscosa,0,Unfenced,TFB
2025,E,4,Z2,Panicum maximum,2.1,Unfenced,TFB
2025,E,4,Z2,Eragrostis gummiflua,6.8,Unfenced,TFB
2025,E,4,Z2,NA,5.3,Unfenced,TFB
2025,E,4,Z2,Heteropogon contortus,2.9,Unfenced,TFB
2025,E,4,Z2,NA,2.9,Unfenced,TFB
2025,E,4,Z2,NA,0,Unfenced,TFB
2025,E,4,Z2,NA,0,Unfenced,TFB
2025,E,4,Z2,Heteropogon contortus,2.5,Unfenced,TFB
2025,E,4,Z2,Eragrostis viscosa,2.2,Unfenced,TFB
2025,E,4,Z2,Enteropogon macrostachyus,0,Unfenced,TFB
2025,E,4,Z2,NA,4.5,Unfenced,TFB
2025,E,4,Z2,Enteropogon macrostachyus,4,Unfenced,TFB
2025,E,4,Z2,NA,4,Unfenced,TFB
2025,E,4,Z2,NA,0,Unfenced,TFB
2025,E,4,Z2,NA,0,Unfenced,TFB
2025,E,4,Z2,Heteropogon contortus,0,Unfenced,TFB
2025,E,4,Z2,Setaria incrassata,0,Unfenced,TFB
2025,E,4,Z2,Panicum maximum,0,Unfenced,TFB
2025,E,4,Z2,NA,1.6,Unfenced,TFB
2025,E,4,Z4,Heteropogon contortus,8.6,Unfenced,TFB
2025,E,4,Z4,Cymbopogon excavatus,8,Unfenced,TFB
2025,E,4,Z4,NA,13.5,Unfenced,TFB
2025,E,4,Z4,NA,15.9,Unfenced,TFB
2025,E,4,Z4,Panicum maximum,13.7,Unfenced,TFB
2025,E,4,Z4,Heteropogon contortus,3.3,Unfenced,TFB
2025,E,4,Z4,NA,3.2,Unfenced,TFB
2025,E,4,Z4,NA,3.7,Unfenced,TFB
2025,E,4,Z4,Eragrostis curvula,2.1,Unfenced,TFB
2025,E,4,Z4,Panicum maximum,2.2,Unfenced,TFB
2025,E,4,Z4,Brachiaria nigropedata,2.7,Unfenced,TFB
2025,E,4,Z4,Chloris virgata,2.1,Unfenced,TFB
2025,E,4,Z4,Brachiaria nigropedata,5,Unfenced,TFB
2025,E,4,Z4,Panicum maximum,12.6,Unfenced,TFB
2025,E,4,Z4,Eragrostis viscosa,12.5,Unfenced,TFB
2025,E,4,Z4,Enteropogon macrostachyus,12.5,Unfenced,TFB
2025,E,4,Z4,Heteropogon contortus,5.1,Unfenced,TFB
2025,E,4,Z4,NA,5.6,Unfenced,TFB
2025,E,4,Z4,NA,4.3,Unfenced,TFB
2025,E,4,Z4,NA,5,Unfenced,TFB
2025,E,3,Z1,Eragrostis curvula,2.1,Fenced,F
2025,E,3,Z1,NA,0,Fenced,F
2025,E,3,Z1,NA,0,Fenced,F
2025,E,3,Z1,NA,0,Fenced,F
2025,E,3,Z1,Heteropogon contortus,2.3,Fenced,F
2025,E,3,Z1,Eragrostis viscosa,2.6,Fenced,F
2025,E,3,Z1,Brachiaria nigropedata,2.8,Fenced,F
2025,E,3,Z1,Setaria incrassata,5.3,Fenced,F
2025,E,3,Z1,Heteropogon contortus,14.8,Fenced,F
2025,E,3,Z1,Digitaria eriantha,10.6,Fenced,F
2025,E,3,Z1,NA,9.8,Fenced,F
2025,E,3,Z1,NA,8.5,Fenced,F
2025,E,3,Z1,Heteropogon contortus,2.7,Fenced,F
2025,E,3,Z1,Panicum maximum,3.4,Fenced,F
2025,E,3,Z1,Eragrostis gummiflua,2.9,Fenced,F
2025,E,3,Z1,NA,4.1,Fenced,F
2025,E,3,Z1,Eragrostis cylindriflora,2,Fenced,F
2025,E,3,Z1,Heteropogon contortus,2,Fenced,F
2025,E,3,Z1,Chloris virgata,0,Fenced,F
2025,E,3,Z1,NA,0,Fenced,F
2025,E,3,Z3,Heteropogon contortus,2.9,Fenced,F
2025,E,3,Z3,Cymbopogon excavatus,3.6,Fenced,F
2025,E,3,Z3,NA,0,Fenced,F
2025,E,3,Z3,NA,4.2,Fenced,F
2025,E,3,Z3,Aristida congesta b,10.1,Fenced,F
2025,E,3,Z3,Heteropogon contortus,6.3,Fenced,F
2025,E,3,Z3,Eragrostis rigidior,4.5,Fenced,F
2025,E,3,Z3,Eragrostis viscosa,5.6,Fenced,F
2025,E,3,Z3,Eragrostis cylindriflora,NA,Fenced,F
2025,E,3,Z3,Eragrostis gummiflua,NA,Fenced,F
2025,E,3,Z3,Enteropogon macrostachyus,NA,Fenced,F
2025,E,3,Z3,Heteropogon contortus,3.7,Fenced,F
2025,E,3,Z3,Eragrostis gummiflua,9.1,Fenced,F
2025,E,3,Z3,NA,5.2,Fenced,F
2025,E,3,Z3,NA,0,Fenced,F
2025,E,3,Z3,Brachiaria nigropedata,13.5,Fenced,F
2025,E,3,Z3,Heteropogon contortus,10.5,Fenced,F
2025,E,3,Z3,NA,11,Fenced,F
2025,E,3,Z3,NA,0,Fenced,F
2025,E,3,Z3,Eragrostis superba,10.4,Fenced,F
2025,E,3,Z3,Eragrostis viscosa,6.1,Fenced,F
2025,E,3,Z3,Eragrostis curvula,0,Fenced,F
2025,E,3,Z3,Chloris virgata,9.2,Fenced,F
2025,E,3,Z3,Eragrostis gummiflua,NA,Fenced,F
2025,E,3,Z4,Brachiaria nigropedata,9.2,Unfenced,F
2025,E,3,Z4,Eragrostis rigidior,7.1,Unfenced,F
2025,E,3,Z4,NA,0,Unfenced,F
2025,E,3,Z4,NA,0,Unfenced,F
2025,E,3,Z4,Enteropogon macrostachyus,1.7,Unfenced,F
2025,E,3,Z4,Heteropogon contortus,2.7,Unfenced,F
2025,E,3,Z4,Eragrostis rigidior,10.2,Unfenced,F
2025,E,3,Z4,NA,1.9,Unfenced,F
2025,E,3,Z4,Heteropogon contortus,2.5,Unfenced,F
2025,E,3,Z4,Aristida adscensionis,0,Unfenced,F
2025,E,3,Z4,NA,0,Unfenced,F
2025,E,3,Z4,NA,0,Unfenced,F
2025,E,3,Z4,Heteropogon contortus,2.2,Unfenced,F
2025,E,3,Z4,Eragrostis viscosa,2.4,Unfenced,F
2025,E,3,Z4,Eragrostis gummiflua,2.1,Unfenced,F
2025,E,3,Z4,NA,2.8,Unfenced,F
2025,E,3,Z4,Panicum maximum,3.1,Unfenced,F
2025,E,3,Z4,Cymbopogon nardus,3,Unfenced,F
2025,E,3,Z4,Brachiaria nigropedata,4.4,Unfenced,F
2025,E,3,Z4,NA,4.5,Unfenced,F
2025,E,3,Z2,NA,0,Unfenced,F
2025,E,3,Z2,NA,0,Unfenced,F
2025,E,3,Z2,NA,0,Unfenced,F
2025,E,3,Z2,NA,0,Unfenced,F
2025,E,3,Z2,Diheteropogon amplectens,3.1,Unfenced,F
2025,E,3,Z2,Panicum maximum,3.5,Unfenced,F
2025,E,3,Z2,NA,4.8,Unfenced,F
2025,E,3,Z2,NA,3.1,Unfenced,F
2025,E,3,Z2,Heteropogon contortus,8.1,Unfenced,F
2025,E,3,Z2,Brachiaria nigropedata,4.9,Unfenced,F
2025,E,3,Z2,Eragrostis gummiflua,4.2,Unfenced,F
2025,E,3,Z2,Eragrostis viscosa,0,Unfenced,F
2025,E,3,Z2,Enteropogon macrostachyus,23,Unfenced,F
2025,E,3,Z2,Digitaria eriantha,13.5,Unfenced,F
2025,E,3,Z2,Heteropogon contortus,10.2,Unfenced,F
2025,E,3,Z2,NA,0,Unfenced,F
2025,E,3,Z2,Eragrostis curvula,2.6,Unfenced,F
2025,E,3,Z2,Brachiaria nigropedata,2.1,Unfenced,F
2025,E,3,Z2,NA,2.1,Unfenced,F
2025,E,3,Z2,NA,2.1,Unfenced,F
2025,E,2,Z3,Aristida diffusa,7,Fenced,TF
2025,E,2,Z3,Eragrostis rigidior,1.4,Fenced,TF
2025,E,2,Z3,Panicum maximum,1.5,Fenced,TF
2025,E,2,Z3,NA,1.8,Fenced,TF
2025,E,2,Z3,Heteropogon contortus,2.7,Fenced,TF
2025,E,2,Z3,Panicum maximum,3.4,Fenced,TF
2025,E,2,Z3,NA,0,Fenced,TF
2025,E,2,Z3,NA,0,Fenced,TF
2025,E,2,Z3,Eragrostis viscosa,5.3,Fenced,TF
2025,E,2,Z3,Aristida adscensionis,8.3,Fenced,TF
2025,E,2,Z3,Panicum maximum,10,Fenced,TF
2025,E,2,Z3,NA,9.4,Fenced,TF
2025,E,2,Z3,Panicum maximum,6.9,Fenced,TF
2025,E,2,Z3,NA,2.5,Fenced,TF
2025,E,2,Z3,NA,6.2,Fenced,TF
2025,E,2,Z3,NA,2.5,Fenced,TF
2025,E,2,Z3,Enteropogon macrostachyus,14.1,Fenced,TF
2025,E,2,Z3,Panicum maximum,14.4,Fenced,TF
2025,E,2,Z3,NA,18.1,Fenced,TF
2025,E,2,Z3,NA,19.8,Fenced,TF
2025,E,2,Z1,Panicum maximum,4.9,Fenced,TF
2025,E,2,Z1,Enteropogon macrostachyus,3.5,Fenced,TF
2025,E,2,Z1,Heteropogon contortus,7.1,Fenced,TF
2025,E,2,Z1,Eragrostis viscosa,5.4,Fenced,TF
2025,E,2,Z1,Panicum maximum,4.6,Fenced,TF
2025,E,2,Z1,NA,16.8,Fenced,TF
2025,E,2,Z1,NA,12.4,Fenced,TF
2025,E,2,Z1,NA,9.7,Fenced,TF
2025,E,2,Z1,Panicum maximum,19.1,Fenced,TF
2025,E,2,Z1,Enteropogon macrostachyus,14.7,Fenced,TF
2025,E,2,Z1,Eragrostis viscosa,11.6,Fenced,TF
2025,E,2,Z1,NA,11.6,Fenced,TF
2025,E,2,Z1,Panicum maximum,7.3,Fenced,TF
2025,E,2,Z1,Eragrostis curvula,5.6,Fenced,TF
2025,E,2,Z1,NA,5.3,Fenced,TF
2025,E,2,Z1,NA,6.1,Fenced,TF
2025,E,2,Z1,Panicum maximum,5.4,Fenced,TF
2025,E,2,Z1,Eragrostis curvula,5.3,Fenced,TF
2025,E,2,Z1,Chloris virgata,23.7,Fenced,TF
2025,E,2,Z1,NA,18.9,Fenced,TF
2025,E,2,Z4,Enteropogon macrostachyus,3.4,Unfenced,TF
2025,E,2,Z4,Eragrostis rigidior,2.6,Unfenced,TF
2025,E,2,Z4,Brachiaria nigropedata,5,Unfenced,TF
2025,E,2,Z4,NA,4.5,Unfenced,TF
2025,E,2,Z4,Heteropogon contortus,2.3,Unfenced,TF
2025,E,2,Z4,Cymbopogon excavatus,5.2,Unfenced,TF
2025,E,2,Z4,Eragrostis gummiflua,4.2,Unfenced,TF
2025,E,2,Z4,NA,4.4,Unfenced,TF
2025,E,2,Z4,Panicum maximum,6,Unfenced,TF
2025,E,2,Z4,Heteropogon contortus,11.9,Unfenced,TF
2025,E,2,Z4,Enteropogon macrostachyus,10.3,Unfenced,TF
2025,E,2,Z4,Setaria incrassata,11.9,Unfenced,TF
2025,E,2,Z4,Eragrostis rigidior,4,Unfenced,TF
2025,E,2,Z4,Heteropogon contortus,3.5,Unfenced,TF
2025,E,2,Z4,Panicum maximum,3.4,Unfenced,TF
2025,E,2,Z4,NA,3.8,Unfenced,TF
2025,E,2,Z4,Enteropogon macrostachyus,13.3,Unfenced,TF
2025,E,2,Z4,Heteropogon contortus,10.7,Unfenced,TF
2025,E,2,Z4,Panicum maximum,10,Unfenced,TF
2025,E,2,Z4,NA,12.4,Unfenced,TF
2025,E,2,Z2,Heteropogon contortus,11.9,Unfenced,TF
2025,E,2,Z2,Diheteropogon amplectens,11.5,Unfenced,TF
2025,E,2,Z2,NA,8.5,Unfenced,TF
2025,E,2,Z2,NA,9.4,Unfenced,TF
2025,E,2,Z2,Enteropogon macrostachyus,23.3,Unfenced,TF
2025,E,2,Z2,Heteropogon contortus,17.2,Unfenced,TF
2025,E,2,Z2,NA,14.7,Unfenced,TF
2025,E,2,Z2,NA,13.7,Unfenced,TF
2025,E,2,Z2,Heteropogon contortus,3.3,Unfenced,TF
2025,E,2,Z2,Eragrostis curvula,2.9,Unfenced,TF
2025,E,2,Z2,NA,2.4,Unfenced,TF
2025,E,2,Z2,NA,3.8,Unfenced,TF
2025,E,2,Z2,Panicum maximum,2,Unfenced,TF
2025,E,2,Z2,Enteropogon macrostachyus,2.8,Unfenced,TF
2025,E,2,Z2,Brachiaria brizantha,6.3,Unfenced,TF
2025,E,2,Z2,NA,7,Unfenced,TF
2025,E,2,Z2,Panicum maximum,2.6,Unfenced,TF
2025,E,2,Z2,Aristida adscensionis,5.6,Unfenced,TF
2025,E,2,Z2,Enteropogon macrostachyus,2.9,Unfenced,TF
2025,E,2,Z2,NA,4.6,Unfenced,TF
2025,A,1,Z3,Panicum maximum,4.9,Unfenced,C
2025,A,1,Z3,Chloris virgata,6.8,Unfenced,C
2025,A,1,Z3,Eragrostis cylindriflora,6.2,Unfenced,C
2025,A,1,Z3,NA,1.6,Unfenced,C
2025,A,1,Z3,Cymbopogon excavatus,17.3,Unfenced,C
2025,A,1,Z3,Digitaria eriantha,16.7,Unfenced,C
2025,A,1,Z3,NA,16.9,Unfenced,C
2025,A,1,Z3,NA,14.2,Unfenced,C
2025,A,1,Z3,Urochloa mosambicensis,13,Unfenced,C
2025,A,1,Z3,Heteropogon contortus,20.7,Unfenced,C
2025,A,1,Z3,Cymbopogon excavatus,20.8,Unfenced,C
2025,A,1,Z3,NA,22.3,Unfenced,C
2025,A,1,Z3,Setaria sphacelata,28.9,Unfenced,C
2025,A,1,Z3,Themeda triandra,23.2,Unfenced,C
2025,A,1,Z3,Digitaria eriantha,19,Unfenced,C
2025,A,1,Z3,Aristida adscensionis,16.1,Unfenced,C
2025,A,1,Z3,Brachiaria serrata,NA,Unfenced,C
2025,A,1,Z3,Heteropogon contortus,15.5,Unfenced,C
2025,A,1,Z3,Digitaria eriantha,19.8,Unfenced,C
2025,A,1,Z3,Setaria incrassata,20,Unfenced,C
2025,A,1,Z3,NA,20.5,Unfenced,C
2025,A,1,Z4,Heteropogon contortus,55.3,Unfenced,C
2025,A,1,Z4,Urochloa mosambicensis,38.3,Unfenced,C
2025,A,1,Z4,NA,34.7,Unfenced,C
2025,A,1,Z4,NA,30.5,Unfenced,C
2025,A,1,Z4,Hyparrhenia hirta,24.6,Unfenced,C
2025,A,1,Z4,Bothriochloa insculpta,16.7,Unfenced,C
2025,A,1,Z4,Digitaria eriantha,15.2,Unfenced,C
2025,A,1,Z4,Urochloa mosambicensis,18.5,Unfenced,C
2025,A,1,Z4,Urochloa mosambicensis,20.4,Unfenced,C
2025,A,1,Z4,Heteropogon contortus,16.5,Unfenced,C
2025,A,1,Z4,Miscanthus junceus,16.8,Unfenced,C
2025,A,1,Z4,Setaria sphacelata,13.9,Unfenced,C
2025,A,1,Z4,Hyparrhenia hirta,24.5,Unfenced,C
2025,A,1,Z4,Urochloa mosambicensis,28.6,Unfenced,C
2025,A,1,Z4,Enteropogon macrostachyus,28,Unfenced,C
2025,A,1,Z4,NA,26.5,Unfenced,C
2025,A,1,Z4,Urochloa mosambicensis,41.7,Unfenced,C
2025,A,1,Z4,Heteropogon contortus,34.5,Unfenced,C
2025,A,1,Z4,Bothriochloa insculpta,26.7,Unfenced,C
2025,A,1,Z4,Brachiaria serrata,25.3,Unfenced,C
2025,A,1,Z4,Diheteropogon amplectens,NA,Unfenced,C
2025,A,1,Z4,Themeda triandra,NA,Unfenced,C
2025,A,1,Z2,Urochloa mosambicensis,29.9,Fenced,C
2025,A,1,Z2,Bothriochloa insculpta,31.3,Fenced,C
2025,A,1,Z2,Heteropogon contortus,28.1,Fenced,C
2025,A,1,Z2,NA,28,Fenced,C
2025,A,1,Z2,Andropogon eucomus,21.3,Fenced,C
2025,A,1,Z2,Hyperrhenia filipendula,21.6,Fenced,C
2025,A,1,Z2,Setaria sphacelata,19.1,Fenced,C
2025,A,1,Z2,Heteropogon contortus,20,Fenced,C
2025,A,1,Z2,Brachiaria serrata,NA,Fenced,C
2025,A,1,Z2,Urochloa mosambicensis,20.7,Fenced,C
2025,A,1,Z2,Cymbopogon excavatus,19,Fenced,C
2025,A,1,Z2,Setaria sphacelata,17.5,Fenced,C
2025,A,1,Z2,NA,3.5,Fenced,C
2025,A,1,Z2,Hyperthelia dissoluta,28.2,Fenced,C
2025,A,1,Z2,Hyperrhenia filipendula,24.9,Fenced,C
2025,A,1,Z2,Setaria sphacelata,28,Fenced,C
2025,A,1,Z2,NA,32.1,Fenced,C
2025,A,1,Z2,Diheteropogon amplectens,10.2,Fenced,C
2025,A,1,Z2,Heteropogon contortus,12.2,Fenced,C
2025,A,1,Z2,NA,13.7,Fenced,C
2025,A,1,Z2,NA,11.8,Fenced,C
2025,A,1,Z1,Heteropogon contortus,7.4,Fenced,C
2025,A,1,Z1,Aristida adscensionis,6.2,Fenced,C
2025,A,1,Z1,Urochloa mosambicensis,6.9,Fenced,C
2025,A,1,Z1,Digitaria eriantha,12.8,Fenced,C
2025,A,1,Z1,Setaria incrassata,NA,Fenced,C
2025,A,1,Z1,Hyperrhenia filipendula,26.5,Fenced,C
2025,A,1,Z1,Urochloa mosambicensis,28.1,Fenced,C
2025,A,1,Z1,Cymbopogon excavatus,25.9,Fenced,C
2025,A,1,Z1,Setaria sphacelata,25.2,Fenced,C
2025,A,1,Z1,Cymbopogon plurinodis,0,Fenced,C
2025,A,1,Z1,NA,0,Fenced,C
2025,A,1,Z1,NA,13.5,Fenced,C
2025,A,1,Z1,NA,15,Fenced,C
2025,A,1,Z1,Diheteropogon amplectens,20,Fenced,C
2025,A,1,Z1,Digitaria eriantha,17.6,Fenced,C
2025,A,1,Z1,Heteropogon contortus,14.1,Fenced,C
2025,A,1,Z1,NA,12.8,Fenced,C
2025,A,1,Z1,Diheteropogon amplectens,77.2,Fenced,C
2025,A,1,Z1,Hyperthelia dissoluta,24.2,Fenced,C
2025,A,1,Z1,Digitaria eriantha,18.8,Fenced,C
2025,A,1,Z1,Urochloa mosambicensis,16.5,Fenced,C
2025,E,5,Z3,Eragrostis rigidior,3.5,Fenced,THF
2025,E,5,Z3,Digitaria eriantha,4.2,Fenced,THF
2025,E,5,Z3,Diheteropogon amplectens,4.2,Fenced,THF
2025,E,5,Z3,Eragrostis viscosa,4.1,Fenced,THF
2025,E,5,Z3,Heteropogon contortus,6.8,Fenced,THF
2025,E,5,Z3,Brachiaria brizantha,4.7,Fenced,THF
2025,E,5,Z3,NA,3.9,Fenced,THF
2025,E,5,Z3,NA,3.5,Fenced,THF
2025,E,5,Z3,Eragrostis viscosa,0,Fenced,THF
2025,E,5,Z3,NA,0,Fenced,THF
2025,E,5,Z3,NA,2.3,Fenced,THF
2025,E,5,Z3,NA,2.6,Fenced,THF
2025,E,5,Z3,Themeda triandra,3.2,Fenced,THF
2025,E,5,Z3,Digitaria eriantha,6.3,Fenced,THF
2025,E,5,Z3,Brachiaria brizantha,8.7,Fenced,THF
2025,E,5,Z3,Eragrostis gummiflua,9.6,Fenced,THF
2025,E,5,Z3,Enteropogon macrostachyus,4.6,Fenced,THF
2025,E,5,Z3,Heteropogon contortus,3.2,Fenced,THF
2025,E,5,Z3,Eragrostis viscosa,6.6,Fenced,THF
2025,E,5,Z3,Aristida adscensionis,5.6,Fenced,THF
2025,E,5,Z1,Digitaria eriantha,6,Fenced,THF
2025,E,5,Z1,Pogonarthria squarrosa,7.1,Fenced,THF
2025,E,5,Z1,Panicum maximum,7.3,Fenced,THF
2025,E,5,Z1,Heteropogon contortus,10.1,Fenced,THF
2025,E,5,Z1,Eragrostis gummiflua,NA,Fenced,THF
2025,E,5,Z1,Cymbopogon excavatus,26.2,Fenced,THF
2025,E,5,Z1,Eragrostis rigidior,23.9,Fenced,THF
2025,E,5,Z1,Heteropogon contortus,19.8,Fenced,THF
2025,E,5,Z1,Panicum maximum,17.3,Fenced,THF
2025,E,5,Z1,Brachiaria brizantha,NA,Fenced,THF
2025,E,5,Z1,Heteropogon contortus,4.4,Fenced,THF
2025,E,5,Z1,Digitaria eriantha,6,Fenced,THF
2025,E,5,Z1,Aristida adscensionis,9.2,Fenced,THF
2025,E,5,Z1,Eragrostis gummiflua,8,Fenced,THF
2025,E,5,Z1,Heteropogon contortus,3.9,Fenced,THF
2025,E,5,Z1,Eragrostis rigidior,14.4,Fenced,THF
2025,E,5,Z1,Digitaria eriantha,6.3,Fenced,THF
2025,E,5,Z1,NA,9.6,Fenced,THF
2025,E,5,Z1,Enteropogon macrostachyus,6.1,Fenced,THF
2025,E,5,Z1,NA,6.7,Fenced,THF
2025,E,5,Z1,NA,5.5,Fenced,THF
2025,E,5,Z1,NA,5.3,Fenced,THF
2025,E,5,Z4,Heteropogon contortus,6.1,Unfenced,THF
2025,E,5,Z4,Themeda triandra,5.5,Unfenced,THF
2025,E,5,Z4,Enteropogon macrostachyus,0,Unfenced,THF
2025,E,5,Z4,NA,6.4,Unfenced,THF
2025,E,5,Z4,Brachiaria nigropedata,7.6,Unfenced,THF
2025,E,5,Z4,Eragrostis superba,8.4,Unfenced,THF
2025,E,5,Z4,Pogonarthria squarrosa,7.4,Unfenced,THF
2025,E,5,Z4,NA,6.5,Unfenced,THF
2025,E,5,Z4,Enteropogon macrostachyus,6.4,Unfenced,THF
2025,E,5,Z4,Brachiaria nigropedata,0,Unfenced,THF
2025,E,5,Z4,Heteropogon contortus,0,Unfenced,THF
2025,E,5,Z4,NA,13.7,Unfenced,THF
2025,E,5,Z4,Enteropogon macrostachyus,19.8,Unfenced,THF
2025,E,5,Z4,Aristida adscensionis,13.9,Unfenced,THF
2025,E,5,Z4,NA,0,Unfenced,THF
2025,E,5,Z4,NA,2.7,Unfenced,THF
2025,E,5,Z4,Cymbopogon excavatus,2.7,Unfenced,THF
2025,E,5,Z4,Heteropogon contortus,8.7,Unfenced,THF
2025,E,5,Z4,Brachiaria nigropedata,10.7,Unfenced,THF
2025,E,5,Z4,Sporobolus africanus,10.3,Unfenced,THF
2025,E,5,Z4,Digitaria eriantha,NA,Unfenced,THF
2025,E,5,Z2,Heteropogon contortus,16.1,Unfenced,THF
2025,E,5,Z2,Brachiaria brizantha,10.4,Unfenced,THF
2025,E,5,Z2,NA,8.6,Unfenced,THF
2025,E,5,Z2,NA,10.1,Unfenced,THF
2025,E,5,Z2,Themeda triandra,12.3,Unfenced,THF
2025,E,5,Z2,Heteropogon contortus,26,Unfenced,THF
2025,E,5,Z2,NA,23.7,Unfenced,THF
2025,E,5,Z2,NA,21.9,Unfenced,THF
2025,E,5,Z2,Aristida congesta c,5,Unfenced,THF
2025,E,5,Z2,Heteropogon contortus,6.7,Unfenced,THF
2025,E,5,Z2,Eragrostis rigidior,9.6,Unfenced,THF
2025,E,5,Z2,Enteropogon macrostachyus,8.8,Unfenced,THF
2025,E,5,Z2,Brachiaria brizantha,39.2,Unfenced,THF
2025,E,5,Z2,Cymbopogon excavatus,35.1,Unfenced,THF
2025,E,5,Z2,Eragrostis superba,8,Unfenced,THF
2025,E,5,Z2,NA,39,Unfenced,THF
2025,E,5,Z2,Heteropogon contortus,4.3,Unfenced,THF
2025,E,5,Z2,Enteropogon macrostachyus,3,Unfenced,THF
2025,E,5,Z2,Cymbopogon excavatus,3,Unfenced,THF
2025,E,5,Z2,NA,3.4,Unfenced,THF
2025,E,1,Z1,Panicum maximum,6.4,Fenced,C
2025,E,1,Z1,Heteropogon contortus,4.8,Fenced,C
2025,E,1,Z1,Brachiaria brizantha,4.7,Fenced,C
2025,E,1,Z1,Digitaria eriantha,5.3,Fenced,C
2025,E,1,Z1,Enteropogon macrostachyus,NA,Fenced,C
2025,E,1,Z1,Aristida adscensionis,0,Fenced,C
2025,E,1,Z1,Eragrostis cylindriflora,3.5,Fenced,C
2025,E,1,Z1,Heteropogon contortus,0,Fenced,C
2025,E,1,Z1,NA,2.9,Fenced,C
2025,E,1,Z1,Heteropogon contortus,1.6,Fenced,C
2025,E,1,Z1,Eragrostis rigidior,4.1,Fenced,C
2025,E,1,Z1,NA,4.7,Fenced,C
2025,E,1,Z1,NA,5.4,Fenced,C
2025,E,1,Z1,Eragrostis viscosa,6,Fenced,C
2025,E,1,Z1,Eragrostis gummiflua,5.4,Fenced,C
2025,E,1,Z1,Brachiaria serrata,5,Fenced,C
2025,E,1,Z1,NA,4.6,Fenced,C
2025,E,1,Z1,Heteropogon contortus,4.3,Fenced,C
2025,E,1,Z1,Enteropogon macrostachyus,0,Fenced,C
2025,E,1,Z1,NA,4.6,Fenced,C
2025,E,1,Z1,NA,4.9,Fenced,C
2025,E,1,Z3,Panicum maximum,0,Fenced,C
2025,E,1,Z3,NA,5.4,Fenced,C
2025,E,1,Z3,NA,4.2,Fenced,C
2025,E,1,Z3,NA,3.4,Fenced,C
2025,E,1,Z3,Heteropogon contortus,10.1,Fenced,C
2025,E,1,Z3,Digitaria eriantha,8.9,Fenced,C
2025,E,1,Z3,NA,8.1,Fenced,C
2025,E,1,Z3,NA,7,Fenced,C
2025,E,1,Z3,Heteropogon contortus,6.3,Fenced,C
2025,E,1,Z3,Eragrostis curvula,4.9,Fenced,C
2025,E,1,Z3,NA,0,Fenced,C
2025,E,1,Z3,NA,5.6,Fenced,C
2025,E,1,Z3,Enteropogon macrostachyus,9.2,Fenced,C
2025,E,1,Z3,Eragrostis curvula,5.4,Fenced,C
2025,E,1,Z3,NA,11.8,Fenced,C
2025,E,1,Z3,NA,9.8,Fenced,C
2025,E,1,Z3,Heteropogon contortus,3.5,Fenced,C
2025,E,1,Z3,NA,0,Fenced,C
2025,E,1,Z3,NA,0,Fenced,C
2025,E,1,Z3,NA,0,Fenced,C
2025,E,1,Z4,Aristida adscensionis,3.1,Unfenced,C
2025,E,1,Z4,Heteropogon contortus,0,Unfenced,C
2025,E,1,Z4,Setaria incrassata,2.7,Unfenced,C
2025,E,1,Z4,NA,2.7,Unfenced,C
2025,E,1,Z4,Digitaria eriantha,3.6,Unfenced,C
2025,E,1,Z4,NA,3.4,Unfenced,C
2025,E,1,Z4,NA,2.8,Unfenced,C
2025,E,1,Z4,NA,0,Unfenced,C
2025,E,1,Z4,Panicum maximum,3.4,Unfenced,C
2025,E,1,Z4,Setaria incrassata,2.7,Unfenced,C
2025,E,1,Z4,NA,2.8,Unfenced,C
2025,E,1,Z4,NA,0,Unfenced,C
2025,E,1,Z4,Digitaria eriantha,2.5,Unfenced,C
2025,E,1,Z4,Enteropogon macrostachyus,4,Unfenced,C
2025,E,1,Z4,Aristida congesta c,4.2,Unfenced,C
2025,E,1,Z4,Eragrostis gummiflua,3.6,Unfenced,C
2025,E,1,Z4,Digitaria eriantha,8.2,Unfenced,C
2025,E,1,Z4,Eragrostis superba,8.6,Unfenced,C
2025,E,1,Z4,Eragrostis gummiflua,9.2,Unfenced,C
2025,E,1,Z4,NA,9.6,Unfenced,C
2025,E,1,Z2,Eragrostis superba,2.6,Unfenced,C
2025,E,1,Z2,Heteropogon contortus,3.1,Unfenced,C
2025,E,1,Z2,NA,3.2,Unfenced,C
2025,E,1,Z2,NA,3.2,Unfenced,C
2025,E,1,Z2,Heteropogon contortus,2.4,Unfenced,C
2025,E,1,Z2,Digitaria eriantha,6.6,Unfenced,C
2025,E,1,Z2,Setaria incrassata,0,Unfenced,C
2025,E,1,Z2,NA,2.4,Unfenced,C
2025,E,1,Z2,Digitaria eriantha,4.1,Unfenced,C
2025,E,1,Z2,Heteropogon contortus,3.3,Unfenced,C
2025,E,1,Z2,NA,3.2,Unfenced,C
2025,E,1,Z2,NA,4.8,Unfenced,C
2025,E,1,Z2,Brachiaria brizantha,3.8,Unfenced,C
2025,E,1,Z2,Heteropogon contortus,4.8,Unfenced,C
2025,E,1,Z2,Enteropogon macrostachyus,4.4,Unfenced,C
2025,E,1,Z2,Eragrostis gummiflua,3.9,Unfenced,C
2025,E,1,Z2,Eragrostis rigidior,NA,Unfenced,C
2025,E,1,Z2,Aristida adscensionis,3.2,Unfenced,C
2025,E,1,Z2,Cymbopogon excavatus,4.2,Unfenced,C
2025,E,1,Z2,Heteropogon contortus,4.3,Unfenced,C
2025,E,1,Z2,Digitaria eriantha,3.6,Unfenced,C
2025,B,1,Z1,Cymbopogon excavatus,7.6,Fenced,C
2025,B,1,Z1,Heteropogon contortus,16.4,Fenced,C
2025,B,1,Z1,NA,19.5,Fenced,C
2025,B,1,Z1,NA,16.7,Fenced,C
2025,B,1,Z1,Heteropogon contortus,19.2,Fenced,C
2025,B,1,Z1,Digitaria eriantha,21.1,Fenced,C
2025,B,1,Z1,NA,21.9,Fenced,C
2025,B,1,Z1,NA,21.4,Fenced,C
2025,B,1,Z1,Heteropogon contortus,21.1,Fenced,C
2025,B,1,Z1,Eragrostis rigidior,20.8,Fenced,C
2025,B,1,Z1,NA,20.6,Fenced,C
2025,B,1,Z1,NA,20.3,Fenced,C
2025,B,1,Z1,Heteropogon contortus,12.1,Fenced,C
2025,B,1,Z1,NA,16.4,Fenced,C
2025,B,1,Z1,NA,20.9,Fenced,C
2025,B,1,Z1,NA,21.7,Fenced,C
2025,B,1,Z1,Heteropogon contortus,6.5,Fenced,C
2025,B,1,Z1,Digitaria eriantha,4.9,Fenced,C
2025,B,1,Z1,Eragrostis superba,5.9,Fenced,C
2025,B,1,Z1,Bothriochloa insculpta,7.5,Fenced,C
2025,B,1,Z1,Cymbopogon excavatus,NA,Fenced,C
2025,B,1,Z3,Cymbopogon excavatus,23.3,Fenced,C
2025,B,1,Z3,Hyperrhenia filipendula,19.4,Fenced,C
2025,B,1,Z3,Eragrostis superba,23.7,Fenced,C
2025,B,1,Z3,Eragrostis gummiflua,0,Fenced,C
2025,B,1,Z3,Heteropogon contortus,13.9,Fenced,C
2025,B,1,Z3,Cymbopogon excavatus,15.1,Fenced,C
2025,B,1,Z3,Setaria sphacelata,16,Fenced,C
2025,B,1,Z3,NA,15.9,Fenced,C
2025,B,1,Z3,Heteropogon contortus,21.8,Fenced,C
2025,B,1,Z3,Eragrostis superba,23.2,Fenced,C
2025,B,1,Z3,NA,17.8,Fenced,C
2025,B,1,Z3,NA,16.6,Fenced,C
2025,B,1,Z3,Heteropogon contortus,10.5,Fenced,C
2025,B,1,Z3,Cymbopogon excavatus,8.7,Fenced,C
2025,B,1,Z3,NA,9.5,Fenced,C
2025,B,1,Z3,NA,11.9,Fenced,C
2025,B,1,Z3,Heteropogon contortus,23.7,Fenced,C
2025,B,1,Z3,Themeda triandra,20.3,Fenced,C
2025,B,1,Z3,NA,21.6,Fenced,C
2025,B,1,Z3,NA,21,Fenced,C
2025,B,1,Z4,Cymbopogon excavatus,1.9,Unfenced,C
2025,B,1,Z4,Heteropogon contortus,15.3,Unfenced,C
2025,B,1,Z4,Eragrostis viscosa,11.6,Unfenced,C
2025,B,1,Z4,Setaria sphacelata,10,Unfenced,C
2025,B,1,Z4,NA,NA,Unfenced,C
2025,B,1,Z4,Bothriochloa insculpta,6.4,Unfenced,C
2025,B,1,Z4,Melinis repens,9.1,Unfenced,C
2025,B,1,Z4,Eragrostis cylindriflora,8.6,Unfenced,C
2025,B,1,Z4,Heteropogon contortus,8.9,Unfenced,C
2025,B,1,Z4,Bothriochloa insculpta,3.8,Unfenced,C
2025,B,1,Z4,Heteropogon contortus,6.2,Unfenced,C
2025,B,1,Z4,Themeda triandra,7.7,Unfenced,C
2025,B,1,Z4,NA,8,Unfenced,C
2025,B,1,Z4,Heteropogon contortus,9.2,Unfenced,C
2025,B,1,Z4,Aristida adscensionis,10.8,Unfenced,C
2025,B,1,Z4,Eragrostis rigidior,14.9,Unfenced,C
2025,B,1,Z4,Eragrostis gummiflua,14.7,Unfenced,C
2025,B,1,Z4,Eragrostis superba,NA,Unfenced,C
2025,B,1,Z4,Heteropogon contortus,17.1,Unfenced,C
2025,B,1,Z4,Eragrostis rigidior,16.3,Unfenced,C
2025,B,1,Z4,Eragrostis superba,15.4,Unfenced,C
2025,B,1,Z4,NA,13.3,Unfenced,C
2025,B,1,Z2,Cymbopogon excavatus,9.6,Unfenced,C
2025,B,1,Z2,Heteropogon contortus,11,Unfenced,C
2025,B,1,Z2,Digitaria eriantha,10.7,Unfenced,C
2025,B,1,Z2,Eragrostis gummiflua,11.7,Unfenced,C
2025,B,1,Z2,Themeda triandra,8.9,Unfenced,C
2025,B,1,Z2,Bothriochloa insculpta,21.1,Unfenced,C
2025,B,1,Z2,Aristida adscensionis,22.2,Unfenced,C
2025,B,1,Z2,NA,19.9,Unfenced,C
2025,B,1,Z2,Heteropogon contortus,11.8,Unfenced,C
2025,B,1,Z2,Bothriochloa insculpta,11.3,Unfenced,C
2025,B,1,Z2,Melinis repens,10.5,Unfenced,C
2025,B,1,Z2,NA,10,Unfenced,C
2025,B,1,Z2,Heteropogon contortus,11.9,Unfenced,C
2025,B,1,Z2,Eragrostis rigidior,18.1,Unfenced,C
2025,B,1,Z2,Eragrostis superba,13.9,Unfenced,C
2025,B,1,Z2,Cymbopogon excavatus,0,Unfenced,C
2025,B,1,Z2,Aristida diffusa,NA,Unfenced,C
2025,B,1,Z2,Melinis repens,5.9,Unfenced,C
2025,B,1,Z2,Eragrostis rigidior,6.5,Unfenced,C
2025,B,1,Z2,Bothriochloa insculpta,5.6,Unfenced,C
2025,B,1,Z2,Cynodon dactylon,5.5,Unfenced,C
2025,B,2,Z1,Aristida congesta b,7.4,Fenced,F
2025,B,2,Z1,Melinis repens,8,Fenced,F
2025,B,2,Z1,Brachiaria serrata,9.3,Fenced,F
2025,B,2,Z1,Cymbopogon plurinodis,10.3,Fenced,F
2025,B,2,Z1,Heteropogon contortus,NA,Fenced,F
2025,B,2,Z1,Bothriochloa insculpta,NA,Fenced,F
2025,B,2,Z1,Aristida congesta b,19.7,Fenced,F
2025,B,2,Z1,Cymbopogon excavatus,20.2,Fenced,F
2025,B,2,Z1,Heteropogon contortus,20.8,Fenced,F
2025,B,2,Z1,Sporobolus africanus,22.5,Fenced,F
2025,B,2,Z1,Aristida congesta b,12.6,Fenced,F
2025,B,2,Z1,Cymbopogon excavatus,22.1,Fenced,F
2025,B,2,Z1,Cymbopogon plurinodis,20.2,Fenced,F
2025,B,2,Z1,Melinis repens,20.8,Fenced,F
2025,B,2,Z1,Aristida congesta b,18.5,Fenced,F
2025,B,2,Z1,Heteropogon contortus,21.7,Fenced,F
2025,B,2,Z1,Cymbopogon plurinodis,19.8,Fenced,F
2025,B,2,Z1,Digitaria eriantha,20.1,Fenced,F
2025,B,2,Z1,Cymbopogon excavatus,6,Fenced,F
2025,B,2,Z1,Heteropogon contortus,12,Fenced,F
2025,B,2,Z1,Digitaria eriantha,11.4,Fenced,F
2025,B,2,Z1,Eragrostis gummiflua,12.3,Fenced,F
2025,B,2,Z3,Aristida congesta b,21.3,Fenced,F
2025,B,2,Z1,Heteropogon contortus,17.8,Fenced,F
2025,B,2,Z1,Bothriochloa insculpta,14,Fenced,F
2025,B,2,Z1,Melinis repens,11.2,Fenced,F
2025,B,2,Z1,Eragrostis curvula,NA,Fenced,F
2025,B,2,Z1,Cymbopogon plurinodis,8.2,Fenced,F
2025,B,2,Z1,Cymbopogon excavatus,12.8,Fenced,F
2025,B,2,Z1,Setaria sphacelata,14.5,Fenced,F
2025,B,2,Z1,NA,18.4,Fenced,F
2025,B,2,Z1,Cymbopogon excavatus,28.4,Fenced,F
2025,B,2,Z1,Eragrostis superba,28.2,Fenced,F
2025,B,2,Z1,Heteropogon contortus,30,Fenced,F
2025,B,2,Z1,Eragrostis gummiflua,27.6,Fenced,F
2025,B,2,Z1,Cymbopogon excavatus,NA,Fenced,F
2025,B,2,Z1,Melinis repens,26.5,Fenced,F
2025,B,2,Z1,Aristida congesta b,21.8,Fenced,F
2025,B,2,Z1,Heteropogon contortus,22,Fenced,F
2025,B,2,Z1,Digitaria eriantha,22.7,Fenced,F
2025,B,2,Z1,Bothriochloa insculpta,NA,Fenced,F
2025,B,2,Z1,Diheteropogon amplectens,6.8,Fenced,F
2025,B,2,Z1,Heteropogon contortus,11.6,Fenced,F
2025,B,2,Z1,Cymbopogon excavatus,12.5,Fenced,F
2025,B,2,Z1,NA,0,Fenced,F
2025,B,2,Z4,Cymbopogon excavatus,10.5,Unfenced,F
2025,B,2,Z4,Heteropogon contortus,15.6,Unfenced,F
2025,B,2,Z4,NA,12.9,Unfenced,F
2025,B,2,Z4,NA,13.7,Unfenced,F
2025,B,2,Z4,Heteropogon contortus,0,Unfenced,F
2025,B,2,Z4,NA,0,Unfenced,F
2025,B,2,Z4,NA,0,Unfenced,F
2025,B,2,Z4,NA,0,Unfenced,F
2025,B,2,Z4,Cymbopogon excavatus,16.7,Unfenced,F
2025,B,2,Z4,Setaria pumila,16.2,Unfenced,F
2025,B,2,Z4,Aristida adscensionis,13.6,Unfenced,F
2025,B,2,Z4,Eragrostis superba,11.6,Unfenced,F
2025,B,2,Z4,Heteropogon contortus,NA,Unfenced,F
2025,B,2,Z4,Bothriochloa insculpta,NA,Unfenced,F
2025,B,2,Z4,Eragrostis gummiflua,NA,Unfenced,F
2025,B,2,Z4,Heteropogon contortus,15.1,Unfenced,F
2025,B,2,Z4,Aristida congesta b,11.6,Unfenced,F
2025,B,2,Z4,NA,12.1,Unfenced,F
2025,B,2,Z4,NA,11.6,Unfenced,F
2025,B,2,Z4,Cymbopogon excavatus,16.9,Unfenced,F
2025,B,2,Z4,Setaria incrassata,18.3,Unfenced,F
2025,B,2,Z4,Heteropogon contortus,18.2,Unfenced,F
2025,B,2,Z4,NA,16.1,Unfenced,F
2025,B,2,Z2,Bothriochloa insculpta,9.8,Unfenced,F
2025,B,2,Z2,Heteropogon contortus,8,Unfenced,F
2025,B,2,Z2,Eragrostis gummiflua,9.5,Unfenced,F
2025,B,2,Z2,NA,10.1,Unfenced,F
2025,B,2,Z2,Heteropogon contortus,4.6,Unfenced,F
2025,B,2,Z2,Eragrostis superba,5.4,Unfenced,F
2025,B,2,Z2,Eragrostis gummiflua,6.6,Unfenced,F
2025,B,2,Z2,NA,7,Unfenced,F
2025,B,2,Z2,Hyperrhenia filipendula,23.2,Unfenced,F
2025,B,2,Z2,Digitaria eriantha,4.6,Unfenced,F
2025,B,2,Z2,Cymbopogon excavatus,5,Unfenced,F
2025,B,2,Z2,Pogonarthria squarrosa,4.3,Unfenced,F
2025,B,2,Z2,Heteropogon contortus,0,Unfenced,F
2025,B,2,Z2,NA,5.6,Unfenced,F
2025,B,2,Z2,NA,4.8,Unfenced,F
2025,B,2,Z2,NA,12.1,Unfenced,F
2025,B,2,Z2,Cymbopogon excavatus,18.4,Unfenced,F
2025,B,2,Z2,Heteropogon contortus,20.5,Unfenced,F
2025,B,2,Z2,Brachiaria nigropedata,14.4,Unfenced,F
2025,B,2,Z2,Eragrostis gummiflua,15.9,Unfenced,F
2025,C,1,Z2,Pogonarthria squarrosa,30.6,Fenced,C
2025,C,1,Z2,Heteropogon contortus,21.3,Fenced,C
2025,C,1,Z2,NA,17.2,Fenced,C
2025,C,1,Z2,NA,15.3,Fenced,C
2025,C,1,Z2,Hyperrhenia filipendula,5.2,Fenced,C
2025,C,1,Z2,Pogonarthria squarrosa,4.8,Fenced,C
2025,C,1,Z2,NA,5.3,Fenced,C
2025,C,1,Z2,NA,5.2,Fenced,C
2025,C,1,Z2,Pogonarthria squarrosa,4.1,Fenced,C
2025,C,1,Z2,Eragrostis gummiflua,2.9,Fenced,C
2025,C,1,Z2,Setaria incrassata,2.8,Fenced,C
2025,C,1,Z2,NA,4.1,Fenced,C
2025,C,1,Z2,Setaria incrassata,11.2,Fenced,C
2025,C,1,Z2,Heteropogon contortus,12.4,Fenced,C
2025,C,1,Z2,Digitaria eriantha,12.1,Fenced,C
2025,C,1,Z2,NA,8.4,Fenced,C
2025,C,1,Z2,Setaria incrassata,4,Fenced,C
2025,C,1,Z2,NA,4.5,Fenced,C
2025,C,1,Z2,NA,3.6,Fenced,C
2025,C,1,Z2,NA,3.6,Fenced,C
2025,C,1,Z1,Brachiaria nigropedata,5.2,Fenced,C
2025,C,1,Z1,Panicum maximum,5.2,Fenced,C
2025,C,1,Z1,NA,4.8,Fenced,C
2025,C,1,Z1,NA,5.2,Fenced,C
2025,C,1,Z1,Pogonarthria squarrosa,1.7,Fenced,C
2025,C,1,Z1,NA,1.7,Fenced,C
2025,C,1,Z1,NA,1.7,Fenced,C
2025,C,1,Z1,NA,1.7,Fenced,C
2025,C,1,Z1,Pogonarthria squarrosa,16.3,Fenced,C
2025,C,1,Z1,Digitaria eriantha,13.1,Fenced,C
2025,C,1,Z1,NA,10.8,Fenced,C
2025,C,1,Z1,NA,9.4,Fenced,C
2025,C,1,Z1,Setaria incrassata,6.8,Fenced,C
2025,C,1,Z1,Digitaria eriantha,6,Fenced,C
2025,C,1,Z1,Pogonarthria squarrosa,5,Fenced,C
2025,C,1,Z1,Heteropogon contortus,4.7,Fenced,C
2025,C,1,Z1,Setaria incrassata,4,Fenced,C
2025,C,1,Z1,Melinis repens,5.3,Fenced,C
2025,C,1,Z1,Heteropogon contortus,4.5,Fenced,C
2025,C,1,Z1,NA,5.2,Fenced,C
2025,C,1,Z3,Aristida adscensionis,4.3,Unfenced,C
2025,C,1,Z3,Digitaria eriantha,4.2,Unfenced,C
2025,C,1,Z3,Pogonarthria squarrosa,4.2,Unfenced,C
2025,C,1,Z3,Heteropogon contortus,4.7,Unfenced,C
2025,C,1,Z3,Setaria incrassata,2.2,Unfenced,C
2025,C,1,Z3,Eragrostis gummiflua,2.2,Unfenced,C
2025,C,1,Z3,NA,2.2,Unfenced,C
2025,C,1,Z3,NA,0,Unfenced,C
2025,C,1,Z3,Heteropogon contortus,5.2,Unfenced,C
2025,C,1,Z3,Setaria incrassata,6.5,Unfenced,C
2025,C,1,Z3,Digitaria velutina,6.7,Unfenced,C
2025,C,1,Z3,NA,6.7,Unfenced,C
2025,C,1,Z3,Digitaria eriantha,2.7,Unfenced,C
2025,C,1,Z3,Panicum maximum,3.5,Unfenced,C
2025,C,1,Z3,Eragrostis gummiflua,3.5,Unfenced,C
2025,C,1,Z3,Pogonarthria squarrosa,3.3,Unfenced,C
2025,C,1,Z3,Setaria incrassata,NA,Unfenced,C
2025,C,1,Z1,Aristida adscensionis,1.8,Fenced,C
2025,C,1,Z1,Setaria incrassata,1.8,Fenced,C
2025,C,1,Z1,NA,1.8,Fenced,C
2025,C,1,Z1,NA,2.2,Fenced,C
2025,C,1,Z4,Setaria incrassata,3.8,Unfenced,C
2025,C,1,Z4,Digitaria eriantha,3.7,Unfenced,C
2025,C,1,Z4,NA,3.6,Unfenced,C
2025,C,1,Z4,NA,5.4,Unfenced,C
2025,C,1,Z4,Aristida adscensionis,4.7,Unfenced,C
2025,C,1,Z4,Setaria incrassata,4.4,Unfenced,C
2025,C,1,Z4,Eragrostis gummiflua,4,Unfenced,C
2025,C,1,Z4,Pogonarthria squarrosa,3.8,Unfenced,C
2025,C,1,Z4,Heteropogon contortus,5.8,Unfenced,C
2025,C,1,Z4,Digitaria eriantha,2.7,Unfenced,C
2025,C,1,Z4,NA,4.5,Unfenced,C
2025,C,1,Z4,NA,4.5,Unfenced,C
2025,C,1,Z4,Panicum maximum,8.6,Unfenced,C
2025,C,1,Z4,Heteropogon contortus,7.8,Unfenced,C
2025,C,1,Z4,NA,8,Unfenced,C
2025,C,1,Z4,NA,9.8,Unfenced,C
2025,C,1,Z4,Panicum maximum,2.4,Unfenced,C
2025,C,1,Z4,Aristida adscensionis,2.5,Unfenced,C
2025,C,1,Z4,Digitaria eriantha,0,Unfenced,C
2025,C,1,Z4,Setaria incrassata,2.5,Unfenced,C
2025,C,2,Z3,Panicum maximum,19.7,Fenced,TFB
2025,C,2,Z3,NA,80.8,Fenced,TFB
2025,C,2,Z3,NA,67.4,Fenced,TFB
2025,C,2,Z3,NA,40.2,Fenced,TFB
2025,C,2,Z3,Panicum maximum,21.9,Fenced,TFB
2025,C,2,Z3,NA,22.6,Fenced,TFB
2025,C,2,Z3,NA,14.8,Fenced,TFB
2025,C,2,Z3,NA,17,Fenced,TFB
2025,C,2,Z3,Digitaria eriantha,11.1,Fenced,TFB
2025,C,2,Z3,Heteropogon contortus,7.4,Fenced,TFB
2025,C,2,Z3,NA,6.8,Fenced,TFB
2025,C,2,Z3,NA,7.4,Fenced,TFB
2025,C,2,Z3,Eragrostis rigidior,4.1,Fenced,TFB
2025,C,2,Z3,Eragrostis gummiflua,6.1,Fenced,TFB
2025,C,2,Z3,Digitaria eriantha,4.9,Fenced,TFB
2025,C,2,Z3,NA,4.2,Fenced,TFB
2025,C,2,Z3,Eragrostis rigidior,4.5,Fenced,TFB
2025,C,2,Z3,Eragrostis gummiflua,4.9,Fenced,TFB
2025,C,2,Z3,Digitaria velutina,4.6,Fenced,TFB
2025,C,2,Z3,NA,4.5,Fenced,TFB
2025,C,2,Z1,Setaria incrassata,4.5,Fenced,TFB
2025,C,2,Z1,Panicum maximum,6.1,Fenced,TFB
2025,C,2,Z1,NA,5.1,Fenced,TFB
2025,C,2,Z1,NA,5.1,Fenced,TFB
2025,C,2,Z1,Eragrostis curvula,12,Fenced,TFB
2025,C,2,Z1,Panicum maximum,7.3,Fenced,TFB
2025,C,2,Z1,NA,5.4,Fenced,TFB
2025,C,2,Z1,NA,4.9,Fenced,TFB
2025,C,2,Z1,Eragrostis viscosa,8,Fenced,TFB
2025,C,2,Z1,Digitaria eriantha,9.3,Fenced,TFB
2025,C,2,Z1,Eragrostis gummiflua,7.7,Fenced,TFB
2025,C,2,Z1,NA,7.2,Fenced,TFB
2025,C,2,Z1,Panicum maximum,6.3,Fenced,TFB
2025,C,2,Z1,NA,6.1,Fenced,TFB
2025,C,2,Z1,NA,7.9,Fenced,TFB
2025,C,2,Z1,NA,8.2,Fenced,TFB
2025,C,2,Z1,Panicum maximum,7,Fenced,TFB
2025,C,2,Z1,Digitaria velutina,6.3,Fenced,TFB
2025,C,2,Z1,NA,5.8,Fenced,TFB
2025,C,2,Z1,NA,5.4,Fenced,TFB
2025,C,2,Z2,Panicum maximum,20,Unfenced,TFB
2025,C,2,Z2,Setaria incrassata,18.8,Unfenced,TFB
2025,C,2,Z2,NA,17.1,Unfenced,TFB
2025,C,2,Z2,NA,22.5,Unfenced,TFB
2025,C,2,Z2,Eragrostis rigidior,7,Unfenced,TFB
2025,C,2,Z2,Brachiaria brizantha,6.2,Unfenced,TFB
2025,C,2,Z2,NA,6.2,Unfenced,TFB
2025,C,2,Z2,NA,6.2,Unfenced,TFB
2025,C,2,Z2,Panicum maximum,14,Unfenced,TFB
2025,C,2,Z2,Digitaria velutina,12.8,Unfenced,TFB
2025,C,2,Z2,Aristida adscensionis,11.7,Unfenced,TFB
2025,C,2,Z2,NA,10,Unfenced,TFB
2025,C,2,Z2,Heteropogon contortus,9.8,Unfenced,TFB
2025,C,2,Z2,Panicum maximum,6.5,Unfenced,TFB
2025,C,2,Z2,Digitaria velutina,5.2,Unfenced,TFB
2025,C,2,Z2,Eragrostis gummiflua,6.2,Unfenced,TFB
2025,C,2,Z2,Panicum maximum,6.5,Unfenced,TFB
2025,C,2,Z2,Eragrostis gummiflua,6,Unfenced,TFB
2025,C,2,Z2,NA,6.4,Unfenced,TFB
2025,C,2,Z2,NA,6.7,Unfenced,TFB
2025,C,2,Z4,Panicum maximum,17.5,Unfenced,TFB
2025,C,2,Z4,NA,15.7,Unfenced,TFB
2025,C,2,Z4,NA,13.8,Unfenced,TFB
2025,C,2,Z4,NA,13.3,Unfenced,TFB
2025,C,2,Z4,Eragrostis rigidior,15.2,Unfenced,TFB
2025,C,2,Z4,Brachiaria brizantha,8.9,Unfenced,TFB
2025,C,2,Z4,NA,14.3,Unfenced,TFB
2025,C,2,Z4,NA,11.3,Unfenced,TFB
2025,C,2,Z4,Panicum maximum,9.9,Unfenced,TFB
2025,C,2,Z4,Dactyloctenium giganteum,9.2,Unfenced,TFB
2025,C,2,Z4,NA,12,Unfenced,TFB
2025,C,2,Z4,NA,12.1,Unfenced,TFB
2025,C,2,Z4,Brachiaria nigropedata,2.7,Unfenced,TFB
2025,C,2,Z4,Panicum maximum,3.9,Unfenced,TFB
2025,C,2,Z4,NA,5.5,Unfenced,TFB
2025,C,2,Z4,NA,5.3,Unfenced,TFB
2025,C,2,Z4,Setaria incrassata,9.3,Unfenced,TFB
2025,C,2,Z4,Digitaria velutina,18.7,Unfenced,TFB
2025,C,2,Z4,NA,13.4,Unfenced,TFB
2025,C,2,Z4,NA,11.9,Unfenced,TFB
2025,C,4,Z3,Pogonarthria squarrosa,5.8,Unfenced,F
2025,C,4,Z3,Eragrostis rigidior,10.6,Unfenced,F
2025,C,4,Z3,Heteropogon contortus,8.5,Unfenced,F
2025,C,4,Z3,Hyperrhenia filipendula,8.6,Unfenced,F
2025,C,4,Z3,Eragrostis gummiflua,NA,Unfenced,F
2025,C,4,Z3,Setaria incrassata,NA,Unfenced,F
2025,C,4,Z3,Digitaria eriantha,NA,Unfenced,F
2025,C,4,Z3,Panicum maximum,5.7,Unfenced,F
2025,C,4,Z3,Digitaria velutina,5.8,Unfenced,F
2025,C,4,Z3,NA,5.7,Unfenced,F
2025,C,4,Z3,NA,5.2,Unfenced,F
2025,C,4,Z3,Heteropogon contortus,10.5,Unfenced,F
2025,C,4,Z3,Pogonarthria squarrosa,12,Unfenced,F
2025,C,4,Z3,Eragrostis gummiflua,11.4,Unfenced,F
2025,C,4,Z3,Melinis repens,10.4,Unfenced,F
2025,C,4,Z3,Aristida adscensionis,5,Unfenced,F
2025,C,4,Z3,Eragrostis gummiflua,3.9,Unfenced,F
2025,C,4,Z3,NA,3.3,Unfenced,F
2025,C,4,Z3,NA,3.3,Unfenced,F
2025,C,4,Z3,Brachiaria brizantha,10.9,Unfenced,F
2025,C,4,Z3,Setaria incrassata,11.2,Unfenced,F
2025,C,4,Z3,Digitaria velutina,9.1,Unfenced,F
2025,C,4,Z3,NA,7.6,Unfenced,F
2025,C,4,Z4,Pogonarthria squarrosa,8.4,Unfenced,F
2025,C,4,Z4,Hyperrhenia filipendula,11,Unfenced,F
2025,C,4,Z4,Eragrostis superba,11.1,Unfenced,F
2025,C,4,Z4,Eragrostis gummiflua,11.5,Unfenced,F
2025,C,4,Z4,Aristida adscensionis,NA,Unfenced,F
2025,C,4,Z4,Hyperthelia dissoluta,5,Unfenced,F
2025,C,4,Z4,Pogonarthria squarrosa,6.1,Unfenced,F
2025,C,4,Z4,Aristida adscensionis,24.3,Unfenced,F
2025,C,4,Z4,Heteropogon contortus,21.4,Unfenced,F
2025,C,4,Z4,Setaria incrassata,NA,Unfenced,F
2025,C,4,Z4,Aristida adscensionis,15,Unfenced,F
2025,C,4,Z4,Pogonarthria squarrosa,0,Unfenced,F
2025,C,4,Z4,Diheteropogon amplectens,8.9,Unfenced,F
2025,C,4,Z4,Brachiaria nigropedata,9.2,Unfenced,F
2025,C,4,Z4,Aristida adscensionis,2.3,Unfenced,F
2025,C,4,Z4,Panicum maximum,4.3,Unfenced,F
2025,C,4,Z4,Heteropogon contortus,5,Unfenced,F
2025,C,4,Z4,Eragrostis gummiflua,5.5,Unfenced,F
2025,C,4,Z4,Melinis repens,5.5,Unfenced,F
2025,C,4,Z4,Setaria incrassata,NA,Unfenced,F
2025,C,4,Z4,Brachiaria brizantha,1.6,Unfenced,F
2025,C,4,Z4,Brachiaria nigropedata,8.5,Unfenced,F
2025,C,4,Z4,NA,7.2,Unfenced,F
2025,C,4,Z4,NA,6.6,Unfenced,F
2025,C,4,Z2,Brachiaria brizantha,11,Fenced,F
2025,C,4,Z2,Pogonarthria squarrosa,6.6,Fenced,F
2025,C,4,Z2,Eragrostis gummiflua,8.2,Fenced,F
2025,C,4,Z2,Melinis repens,9.8,Fenced,F
2025,C,4,Z2,Heteropogon contortus,NA,Fenced,F
2025,C,4,Z2,Eragrostis superba,NA,Fenced,F
2025,C,4,Z2,Digitaria eriantha,NA,Fenced,F
2025,C,4,Z2,Pogonarthria squarrosa,2.1,Fenced,F
2025,C,4,Z2,Heteropogon contortus,8.6,Fenced,F
2025,C,4,Z2,Eragrostis rigidior,10.8,Fenced,F
2025,C,4,Z2,Brachiaria brizantha,13.2,Fenced,F
2025,C,4,Z2,Aristida adscensionis,12.6,Fenced,F
2025,C,4,Z2,Heteropogon contortus,12.2,Fenced,F
2025,C,4,Z2,Brachiaria brizantha,6.7,Fenced,F
2025,C,4,Z2,NA,6.6,Fenced,F
2025,C,4,Z2,Heteropogon contortus,18.6,Fenced,F
2025,C,4,Z2,Panicum maximum,15.1,Fenced,F
2025,C,4,Z2,Brachiaria serrata,14.1,Fenced,F
2025,C,4,Z2,Digitaria eriantha,14.4,Fenced,F
2025,C,4,Z2,Heteropogon contortus,17.7,Fenced,F
2025,C,4,Z2,Setaria incrassata,19.4,Fenced,F
2025,C,4,Z2,Panicum maximum,17.8,Fenced,F
2025,C,4,Z2,Digitaria velutina,15.6,Fenced,F
2025,C,4,Z1,Heteropogon contortus,14.6,Fenced,F
2025,C,4,Z1,Pogonarthria squarrosa,19.7,Fenced,F
2025,C,4,Z1,Melinis repens,20,Fenced,F
2025,C,4,Z1,Eragrostis gummiflua,17.6,Fenced,F
2025,C,4,Z1,Heteropogon contortus,2.5,Fenced,F
2025,C,4,Z1,Aristida adscensionis,2.5,Fenced,F
2025,C,4,Z1,NA,2.5,Fenced,F
2025,C,4,Z1,NA,2.5,Fenced,F
2025,C,4,Z1,Brachiaria brizantha,30.9,Fenced,F
2025,C,4,Z1,Eragrostis rigidior,32.4,Fenced,F
2025,C,4,Z1,Pogonarthria squarrosa,27.8,Fenced,F
2025,C,4,Z1,Eragrostis gummiflua,25.1,Fenced,F
2025,C,4,Z1,Pogonarthria squarrosa,4.1,Fenced,F
2025,C,4,Z1,Heteropogon contortus,4.4,Fenced,F
2025,C,4,Z1,Brachiaria serrata,6.5,Fenced,F
2025,C,4,Z1,NA,6.6,Fenced,F
2025,C,4,Z1,Digitaria eriantha,8.3,Fenced,F
2025,C,4,Z1,Eragrostis rigidior,4.3,Fenced,F
2025,C,4,Z1,NA,3.9,Fenced,F
2025,C,4,Z1,NA,20.3,Fenced,F
2025,C,5,Z1,Pogonarthria squarrosa,13.4,Fenced,THF
2025,C,5,Z1,Digitaria eriantha,15,Fenced,THF
2025,C,5,Z1,Heteropogon contortus,15.1,Fenced,THF
2025,C,5,Z1,NA,15.1,Fenced,THF
2025,C,5,Z1,Heteropogon contortus,19,Fenced,THF
2025,C,5,Z1,Digitaria eriantha,17.3,Fenced,THF
2025,C,5,Z1,Melinis repens,17.8,Fenced,THF
2025,C,5,Z1,Eragrostis rigidior,17.7,Fenced,THF
2025,C,5,Z1,Pogonarthria squarrosa,NA,Fenced,THF
2025,C,5,Z1,Digitaria eriantha,10.1,Fenced,THF
2025,C,5,Z1,Eragrostis viscosa,11.2,Fenced,THF
2025,C,5,Z1,Eragrostis gummiflua,10,Fenced,THF
2025,C,5,Z1,NA,9.8,Fenced,THF
2025,C,5,Z1,Panicum maximum,5.4,Fenced,THF
2025,C,5,Z1,Digitaria velutina,4.6,Fenced,THF
2025,C,5,Z1,NA,6.5,Fenced,THF
2025,C,5,Z1,NA,2.3,Fenced,THF
2025,C,5,Z1,Panicum maximum,10,Fenced,THF
2025,C,5,Z1,Melinis repens,11.2,Fenced,THF
2025,C,5,Z1,Digitaria velutina,12.6,Fenced,THF
2025,C,5,Z1,Brachiaria brizantha,12.9,Fenced,THF
2025,C,5,Z1,Digitaria eriantha,NA,Fenced,THF
2025,C,5,Z1,Heteropogon contortus,NA,Fenced,THF
2025,C,5,Z1,NA,NA,Fenced,THF
2025,C,5,Z2,Pogonarthria squarrosa,24.6,Fenced,THF
2025,C,5,Z2,Melinis repens,26.2,Fenced,THF
2025,C,5,Z2,Andropogon eucomus,24.7,Fenced,THF
2025,C,5,Z2,Heteropogon contortus,23.2,Fenced,THF
2025,C,5,Z2,Pogonarthria squarrosa,10,Fenced,THF
2025,C,5,Z2,Eragrostis rigidior,14.6,Fenced,THF
2025,C,5,Z2,Heteropogon contortus,18.1,Fenced,THF
2025,C,5,Z2,Digitaria eriantha,14.7,Fenced,THF
2025,C,5,Z2,Panicum maximum,6.5,Fenced,THF
2025,C,5,Z2,Digitaria velutina,6,Fenced,THF
2025,C,5,Z2,NA,5.5,Fenced,THF
2025,C,5,Z2,NA,4.8,Fenced,THF
2025,C,5,Z2,Panicum maximum,2.5,Fenced,THF
2025,C,5,Z2,Digitaria velutina,2.5,Fenced,THF
2025,C,5,Z2,Heteropogon contortus,8.1,Fenced,THF
2025,C,5,Z2,NA,7.1,Fenced,THF
2025,C,5,Z2,Panicum maximum,15.3,Fenced,THF
2025,C,5,Z2,Digitaria velutina,15.4,Fenced,THF
2025,C,5,Z2,NA,13.3,Fenced,THF
2025,C,5,Z2,NA,0,Fenced,THF
2025,C,5,Z4,Digitaria eriantha,10.1,Unfenced,THF
2025,C,5,Z4,Brachiaria brizantha,12,Unfenced,THF
2025,C,5,Z4,Eragrostis gummiflua,9.6,Unfenced,THF
2025,C,5,Z4,NA,9,Unfenced,THF
2025,C,5,Z4,Heteropogon contortus,2.6,Unfenced,THF
2025,C,5,Z4,Aristida adscensionis,5.4,Unfenced,THF
2025,C,5,Z4,Eragrostis gummiflua,4.8,Unfenced,THF
2025,C,5,Z4,Brachiaria nigropedata,6.4,Unfenced,THF
2025,C,5,Z4,Brachiaria brizantha,NA,Unfenced,THF
2025,C,5,Z4,Aristida adscensionis,7.3,Unfenced,THF
2025,C,5,Z4,Digitaria eriantha,10.5,Unfenced,THF
2025,C,5,Z4,Heteropogon contortus,10,Unfenced,THF
2025,C,5,Z4,NA,10.5,Unfenced,THF
2025,C,5,Z4,Eragrostis superba,8.9,Unfenced,THF
2025,C,5,Z4,Aristida adscensionis,9.8,Unfenced,THF
2025,C,5,Z4,Pogonarthria squarrosa,10.9,Unfenced,THF
2025,C,5,Z4,Heteropogon contortus,12.3,Unfenced,THF
2025,C,5,Z4,Panicum maximum,4.5,Unfenced,THF
2025,C,5,Z4,Digitaria velutina,4.6,Unfenced,THF
2025,C,5,Z4,NA,5.9,Unfenced,THF
2025,C,5,Z4,NA,5.7,Unfenced,THF
2025,C,5,Z3,Brachiaria nigropedata,17.7,Unfenced,THF
2025,C,5,Z3,Pogonarthria squarrosa,15.5,Unfenced,THF
2025,C,5,Z3,Eragrostis gummiflua,23.5,Unfenced,THF
2025,C,5,Z3,Eragrostis viscosa,22.4,Unfenced,THF
2025,C,5,Z3,Heteropogon contortus,9.1,Unfenced,THF
2025,C,5,Z3,Digitaria velutina,7.4,Unfenced,THF
2025,C,5,Z3,Brachiaria nigropedata,8.5,Unfenced,THF
2025,C,5,Z3,Eragrostis rigidior,10.9,Unfenced,THF
2025,C,5,Z3,Eragrostis gummiflua,NA,Unfenced,THF
2025,C,5,Z3,Panicum maximum,8.7,Unfenced,THF
2025,C,5,Z3,Digitaria velutina,6.3,Unfenced,THF
2025,C,5,Z3,NA,7.3,Unfenced,THF
2025,C,5,Z3,NA,7.3,Unfenced,THF
2025,C,5,Z3,Panicum maximum,13.7,Unfenced,THF
2025,C,5,Z3,Digitaria velutina,11.9,Unfenced,THF
2025,C,5,Z3,NA,12.1,Unfenced,THF
2025,C,5,Z3,NA,13.7,Unfenced,THF
2025,C,5,Z3,Brachiaria brizantha,0,Unfenced,THF
2025,C,5,Z3,Digitaria velutina,0,Unfenced,THF
2025,C,5,Z3,NA,4.4,Unfenced,THF
2025,C,5,Z3,NA,10.3,Unfenced,THF
2025,C,3,Z3,Hyperthelia dissoluta,8.7,Unfenced,TF
2025,C,3,Z3,Heteropogon contortus,11.1,Unfenced,TF
2025,C,3,Z3,Melinis repens,14.2,Unfenced,TF
2025,C,3,Z3,Eragrostis viscosa,10.2,Unfenced,TF
2025,C,3,Z3,Pogonarthria squarrosa,NA,Unfenced,TF
2025,C,3,Z3,Digitaria eriantha,NA,Unfenced,TF
2025,C,3,Z3,Heteropogon contortus,4.7,Unfenced,TF
2025,C,3,Z3,Pogonarthria squarrosa,6.7,Unfenced,TF
2025,C,3,Z3,Digitaria eriantha,4.9,Unfenced,TF
2025,C,3,Z3,NA,0,Unfenced,TF
2025,C,3,Z3,Aristida adscensionis,3,Unfenced,TF
2025,C,3,Z3,Cynodon dactylon,4.1,Unfenced,TF
2025,C,3,Z3,Setaria incrassata,5.6,Unfenced,TF
2025,C,3,Z3,Pogonarthria squarrosa,4.3,Unfenced,TF
2025,C,3,Z3,Heteropogon contortus,4.3,Unfenced,TF
2025,C,3,Z3,Pogonarthria squarrosa,4.2,Unfenced,TF
2025,C,3,Z3,Aristida adscensionis,4.2,Unfenced,TF
2025,C,3,Z3,Eragrostis rigidior,7.1,Unfenced,TF
2025,C,3,Z3,Setaria incrassata,NA,Unfenced,TF
2025,C,3,Z3,Pogonarthria squarrosa,4.5,Unfenced,TF
2025,C,3,Z3,Eragrostis rigidior,7.1,Unfenced,TF
2025,C,3,Z3,Eragrostis gummiflua,6.8,Unfenced,TF
2025,C,3,Z3,Digitaria eriantha,6.9,Unfenced,TF
2025,C,3,Z4,Hyperthelia dissoluta,6.8,Unfenced,TF
2025,C,3,Z4,Eragrostis gummiflua,4.7,Unfenced,TF
2025,C,3,Z4,Pogonarthria squarrosa,6.5,Unfenced,TF
2025,C,3,Z4,Eragrostis rigidior,6.3,Unfenced,TF
2025,C,3,Z4,Eragrostis viscosa,NA,Unfenced,TF
2025,C,3,Z4,Digitaria eriantha,5.6,Unfenced,TF
2025,C,3,Z4,Pogonarthria squarrosa,5.6,Unfenced,TF
2025,C,3,Z4,NA,5.4,Unfenced,TF
2025,C,3,Z4,NA,5.1,Unfenced,TF
2025,C,3,Z4,Pogonarthria squarrosa,10.3,Unfenced,TF
2025,C,3,Z4,Brachiaria brizantha,8.4,Unfenced,TF
2025,C,3,Z4,Digitaria eriantha,8.1,Unfenced,TF
2025,C,3,Z4,Eragrostis rigidior,7.7,Unfenced,TF
2025,C,3,Z4,Eragrostis rigidior,6.6,Unfenced,TF
2025,C,3,Z4,Pogonarthria squarrosa,6.4,Unfenced,TF
2025,C,3,Z4,Digitaria eriantha,6.8,Unfenced,TF
2025,C,3,Z4,NA,7.2,Unfenced,TF
2025,C,3,Z4,Heteropogon contortus,15.9,Unfenced,TF
2025,C,3,Z4,Aristida adscensionis,14.4,Unfenced,TF
2025,C,3,Z4,Digitaria eriantha,22.6,Unfenced,TF
2025,C,3,Z4,Pogonarthria squarrosa,20.1,Unfenced,TF
2025,C,3,Z1,Eragrostis gummiflua,6.3,Fenced,TF
2025,C,3,Z1,Eragrostis superba,7.1,Fenced,TF
2025,C,3,Z1,Pogonarthria squarrosa,9.2,Fenced,TF
2025,C,3,Z1,Panicum maximum,10.7,Fenced,TF
2025,C,3,Z1,Eragrostis viscosa,NA,Fenced,TF
2025,C,3,Z1,Digitaria eriantha,NA,Fenced,TF
2025,C,3,Z1,Digitaria eriantha,9.1,Fenced,TF
2025,C,3,Z1,NA,7.9,Fenced,TF
2025,C,3,Z1,NA,6.8,Fenced,TF
2025,C,3,Z1,NA,7.3,Fenced,TF
2025,C,3,Z1,Heteropogon contortus,12.8,Fenced,TF
2025,C,3,Z1,Panicum maximum,9.5,Fenced,TF
2025,C,3,Z1,NA,13.1,Fenced,TF
2025,C,3,Z1,NA,31,Fenced,TF
2025,C,3,Z1,Digitaria velutina,20.7,Fenced,TF
2025,C,3,Z1,Heteropogon contortus,17.1,Fenced,TF
2025,C,3,Z1,Panicum maximum,14.7,Fenced,TF
2025,C,3,Z1,NA,13.3,Fenced,TF
2025,C,3,Z1,Brachiaria brizantha,12.8,Fenced,TF
2025,C,3,Z1,Heteropogon contortus,19,Fenced,TF
2025,C,3,Z1,Eragrostis viscosa,15.8,Fenced,TF
2025,C,3,Z1,Brachiaria serrata,14.5,Fenced,TF
2025,C,3,Z2,Digitaria eriantha,18.1,Fenced,TF
2025,C,3,Z2,Melinis repens,21.1,Fenced,TF
2025,C,3,Z2,NA,17.3,Fenced,TF
2025,C,3,Z2,NA,15,Fenced,TF
2025,C,3,Z2,Heteropogon contortus,16,Fenced,TF
2025,C,3,Z2,Pogonarthria squarrosa,14.4,Fenced,TF
2025,C,3,Z2,Digitaria velutina,16.2,Fenced,TF
2025,C,3,Z2,NA,17.2,Fenced,TF
2025,C,3,Z2,Brachiaria brizantha,5.5,Fenced,TF
2025,C,3,Z2,Brachiaria serrata,4.3,Fenced,TF
2025,C,3,Z2,NA,0,Fenced,TF
2025,C,3,Z2,NA,0,Fenced,TF
2025,C,3,Z2,Heteropogon contortus,13.6,Fenced,TF
2025,C,3,Z2,Pogonarthria squarrosa,22.9,Fenced,TF
2025,C,3,Z2,Brachiaria brizantha,20.4,Fenced,TF
2025,C,3,Z2,Aristida adscensionis,20.8,Fenced,TF
2025,C,3,Z2,Panicum maximum,4.5,Fenced,TF
2025,C,3,Z2,Heteropogon contortus,4.7,Fenced,TF
2025,C,3,Z2,NA,4,Fenced,TF
2025,C,3,Z2,NA,4.2,Fenced,F
