Year,Site,Plot,Subplot,Species_name,DPM_Height,Fencing,Treatment,Encroachment_level,Biomass
2024,A,1,Z1,Digitaria eriantha,19,Fenced,C,Moderate,3352
2024,A,1,Z1,Urochloa mosambicensis,18.9,Fenced,C,Moderate,3330
2024,A,1,Z1,Hyperrhenia filipendula,11.6,Fenced,C,Moderate,1761
2024,A,1,Z1,NA,11.3,Fenced,C,Moderate,1700
2024,A,1,Z1,Aristida adscensionis,18.7,Fenced,C,Moderate,3285
2024,A,1,Z1,Urochloa mosambicensis,18.5,Fenced,C,Moderate,3241
2024,A,1,Z1,Heteropogon contortus,19.2,Fenced,C,Moderate,3396
2024,A,1,Z1,Digitaria eriantha,19.5,Fenced,C,Moderate,3463
2024,A,1,Z1,Setaria sphacelata,19.3,Fenced,C,Moderate,3419
2024,A,1,Z1,Heteropogon contortus,18.3,Fenced,C,Moderate,3197
2024,A,1,Z1,Cymbopogon excavatus,18.9,Fenced,C,Moderate,3330
2024,A,1,Z1,NA,19.6,Fenced,C,Moderate,3485
2024,A,1,Z1,Aristida adscensionis,9.1,Fenced,C,Moderate,1258
2024,A,1,Z1,Urochloa mosambicensis,9,Fenced,C,Moderate,1238
2024,A,1,Z1,Heteropogon contortus,9.1,Fenced,C,Moderate,1258
2024,A,1,Z1,Hyperrhenia filipendula,8.1,Fenced,C,Moderate,1064
2024,A,1,Z1,Themeda triandra,14.2,Fenced,C,Moderate,2306
2024,A,1,Z1,Urochloa mosambicensis,20,Fenced,C,Moderate,3575
2024,A,1,Z1,Digitaria eriantha,19.7,Fenced,C,Moderate,3508
2024,A,1,Z1,Setaria sphacelata,19.6,Fenced,C,Moderate,3485
2024,A,1,Z2,Digitaria eriantha,19,Fenced,C,Moderate,3352
2024,A,1,Z2,Urochloa mosambicensis,18.9,Fenced,C,Moderate,3330
2024,A,1,Z2,Hyperrhenia filipendula,11.6,Fenced,C,Moderate,1761
2024,A,1,Z2,NA,11.3,Fenced,C,Moderate,1700
2024,A,1,Z2,Hyperrhenia filipendula,44.6,Fenced,C,Moderate,9343
2024,A,1,Z2,Setaria sphacelata,39.6,Fenced,C,Moderate,8139
2024,A,1,Z2,NA,38.2,Fenced,C,Moderate,7804
2024,A,1,Z2,NA,32.5,Fenced,C,Moderate,6452
2024,A,1,Z2,Bothriochloa insculpta,18.2,Fenced,C,Moderate,3175
2024,A,1,Z2,Urochloa mosambicensis,20.2,Fenced,C,Moderate,3619
2024,A,1,Z2,Hyperrhenia filipendula,26.8,Fenced,C,Moderate,5122
2024,A,1,Z2,NA,29.9,Fenced,C,Moderate,5842
2024,A,1,Z2,Urochloa mosambicensis,18,Fenced,C,Moderate,3131
2024,A,1,Z2,Hyperrhenia filipendula,19.9,Fenced,C,Moderate,3552
2024,A,1,Z2,Setaria sphacelata,19.9,Fenced,C,Moderate,3552
2024,A,1,Z2,Heteropogon contortus,21,Fenced,C,Moderate,3799
2024,A,1,Z2,Hyperrhenia filipendula,21.1,Fenced,C,Moderate,3821
2024,A,1,Z2,Setaria sphacelata,21.1,Fenced,C,Moderate,3821
2024,A,1,Z2,NA,20.4,Fenced,C,Moderate,3664
2024,A,1,Z2,NA,20.2,Fenced,C,Moderate,3619
2024,A,1,Z3,Setaria sphacelata,23.7,Unfenced,C,Moderate,4410
2024,A,1,Z3,Aristida adscensionis,23,Unfenced,C,Moderate,4251
2024,A,1,Z3,Digitaria eriantha,22.4,Unfenced,C,Moderate,4115
2024,A,1,Z3,NA,21.7,Unfenced,C,Moderate,3956
2024,A,1,Z3,NA,0,Unfenced,C,Moderate,0
2024,A,1,Z3,NA,0,Unfenced,C,Moderate,0
2024,A,1,Z3,NA,0,Unfenced,C,Moderate,0
2024,A,1,Z3,NA,0,Unfenced,C,Moderate,0
2024,A,1,Z3,Heteropogon contortus,28.9,Unfenced,C,Moderate,5609
2024,A,1,Z3,Digitaria eriantha,30.7,Unfenced,C,Moderate,6029
2024,A,1,Z3,Hyperrhenia filipendula,31.7,Unfenced,C,Moderate,6264
2024,A,1,Z3,NA,30.9,Unfenced,C,Moderate,6076
2024,A,1,Z3,Pogonarthria squarrosa,16.3,Unfenced,C,Moderate,2758
2024,A,1,Z3,Cymbopogon excavatus,18.7,Unfenced,C,Moderate,3285
2024,A,1,Z3,Urochloa mosambicensis,18.1,Unfenced,C,Moderate,3153
2024,A,1,Z3,Hyperrhenia filipendula,19.9,Unfenced,C,Moderate,3552
2024,A,1,Z3,Panicum maximum,27.1,Unfenced,C,Moderate,5191
2024,A,1,Z3,Heteropogon contortus,27.8,Unfenced,C,Moderate,5353
2024,A,1,Z3,NA,28.6,Unfenced,C,Moderate,5539
2024,A,1,Z3,NA,30,Unfenced,C,Moderate,5865
2024,A,1,Z4,Bothriochloa insculpta,17.4,Unfenced,C,Moderate,2999
2024,A,1,Z4,Cymbopogon excavatus,12.9,Unfenced,C,Moderate,2032
2024,A,1,Z4,Urochloa mosambicensis,16.6,Unfenced,C,Moderate,2824
2024,A,1,Z4,Aristida adscensionis,18.5,Unfenced,C,Moderate,3241
2024,A,1,Z4,Hyperrhenia filipendula,21.7,Unfenced,C,Moderate,3956
2024,A,1,Z4,Urochloa mosambicensis,20.8,Unfenced,C,Moderate,3754
2024,A,1,Z4,Heteropogon contortus,13.5,Unfenced,C,Moderate,2158
2024,A,1,Z4,Digitaria eriantha,13.3,Unfenced,C,Moderate,2116
2024,A,1,Z4,Setaria sphacelata,17.6,Unfenced,C,Moderate,3043
2024,A,1,Z4,Bothriochloa insculpta,17.4,Unfenced,C,Moderate,2999
2024,A,1,Z4,Urochloa mosambicensis,15.4,Unfenced,C,Moderate,2564
2024,A,1,Z4,Hyperrhenia filipendula,17.2,Unfenced,C,Moderate,2955
2024,A,1,Z4,Heteropogon contortus,30.6,Unfenced,C,Moderate,6006
2024,A,1,Z4,Urochloa mosambicensis,29.7,Unfenced,C,Moderate,5795
2024,A,1,Z4,Hyperrhenia filipendula,29.4,Unfenced,C,Moderate,5725
2024,A,1,Z4,NA,28.4,Unfenced,C,Moderate,5492
2024,A,1,Z4,Heteropogon contortus,28.1,Unfenced,C,Moderate,5423
2024,A,1,Z4,Urochloa mosambicensis,26.8,Unfenced,C,Moderate,5122
2024,A,1,Z4,Hyparrhenia hirta,26.2,Unfenced,C,Moderate,4983
2024,A,1,Z4,NA,25.1,Unfenced,C,Moderate,4730
2024,A,2,Z1,Heteropogon contortus,21.7,Fenced,F,Moderate,3956
2024,A,2,Z1,Andropogon eucomus,18.7,Fenced,F,Moderate,3285
2024,A,2,Z1,Bothriochloa insculpta,15.9,Fenced,F,Moderate,2672
2024,A,2,Z1,NA,17.6,Fenced,F,Moderate,3043
2024,A,2,Z1,Bothriochloa insculpta,23.3,Fenced,F,Moderate,4319
2024,A,2,Z1,Aristida adscensionis,18.9,Fenced,F,Moderate,3330
2024,A,2,Z1,Cymbopogon excavatus,21.1,Fenced,F,Moderate,3821
2024,A,2,Z1,Loudetia simplex,22.4,Fenced,F,Moderate,4115
2024,A,2,Z1,Bothriochloa insculpta,29.3,Fenced,F,Moderate,5702
2024,A,2,Z1,Urochloa mosambicensis,32.5,Fenced,F,Moderate,6452
2024,A,2,Z1,Eragrostis gummiflua,32.4,Fenced,F,Moderate,6428
2024,A,2,Z1,NA,31.1,Fenced,F,Moderate,6123
2024,A,2,Z1,Loudetia simplex,14.6,Fenced,F,Moderate,2392
2024,A,2,Z1,Bothriochloa insculpta,14.2,Fenced,F,Moderate,2306
2024,A,2,Z1,Eragrostis gummiflua,15.3,Fenced,F,Moderate,2542
2024,A,2,Z1,Hyperrhenia filipendula,16.7,Fenced,F,Moderate,2846
2024,A,2,Z1,Bothriochloa insculpta,20.2,Fenced,F,Moderate,3619
2024,A,2,Z1,Hyperrhenia filipendula,22.4,Fenced,F,Moderate,4115
2024,A,2,Z1,Setaria pumila,23.3,Fenced,F,Moderate,4319
2024,A,2,Z1,NA,21.5,Fenced,F,Moderate,3911
2024,A,2,Z2,Heteropogon contortus,17.6,Fenced,F,Moderate,3043
2024,A,2,Z2,Bothriochloa insculpta,18.6,Fenced,F,Moderate,3263
2024,A,2,Z2,Loudetia simplex,17.2,Fenced,F,Moderate,2955
2024,A,2,Z2,Eragrostis gummiflua,19.4,Fenced,F,Moderate,3441
2024,A,2,Z2,Hyperrhenia filipendula,41.4,Fenced,F,Moderate,8571
2024,A,2,Z2,NA,41.4,Fenced,F,Moderate,8571
2024,A,2,Z2,NA,33.5,Fenced,F,Moderate,6688
2024,A,2,Z2,NA,25.5,Fenced,F,Moderate,4822
2024,A,2,Z2,Heteropogon contortus,23.3,Fenced,F,Moderate,4319
2024,A,2,Z2,Hyperrhenia filipendula,18.8,Fenced,F,Moderate,3307
2024,A,2,Z2,Urochloa mosambicensis,23.7,Fenced,F,Moderate,4410
2024,A,2,Z2,NA,27.4,Fenced,F,Moderate,5260
2024,A,2,Z2,Heteropogon contortus,14.1,Fenced,F,Moderate,2285
2024,A,2,Z2,Hyperrhenia filipendula,20.5,Fenced,F,Moderate,3686
2024,A,2,Z2,NA,15.5,Fenced,F,Moderate,2585
2024,A,2,Z2,NA,13.9,Fenced,F,Moderate,2243
2024,A,2,Z2,Hyperrhenia filipendula,11.8,Fenced,F,Moderate,1803
2024,A,2,Z2,Urochloa mosambicensis,17.9,Fenced,F,Moderate,3109
2024,A,2,Z2,NA,23.4,Fenced,F,Moderate,4342
2024,A,2,Z2,NA,22.1,Fenced,F,Moderate,4047
2024,A,2,Z3,Bothriochloa insculpta,21.1,Unfenced,F,Moderate,3821
2024,A,2,Z3,Eragrostis gummiflua,22.1,Unfenced,F,Moderate,4047
2024,A,2,Z3,Hyperrhenia filipendula,23.6,Unfenced,F,Moderate,4387
2024,A,2,Z3,NA,22.3,Unfenced,F,Moderate,4092
2024,A,2,Z3,Heteropogon contortus,13.7,Unfenced,F,Moderate,2200
2024,A,2,Z3,Bothriochloa insculpta,10.5,Unfenced,F,Moderate,1537
2024,A,2,Z3,NA,10.3,Unfenced,F,Moderate,1496
2024,A,2,Z3,NA,10.7,Unfenced,F,Moderate,1577
2024,A,2,Z3,Bothriochloa insculpta,29.3,Unfenced,F,Moderate,5702
2024,A,2,Z3,Eragrostis gummiflua,32.5,Unfenced,F,Moderate,6452
2024,A,2,Z3,Urochloa mosambicensis,32.4,Unfenced,F,Moderate,6428
2024,A,2,Z3,NA,31.1,Unfenced,F,Moderate,6123
2024,A,2,Z3,Bothriochloa insculpta,23.4,Unfenced,F,Moderate,4342
2024,A,2,Z3,Urochloa mosambicensis,23.8,Unfenced,F,Moderate,4433
2024,A,2,Z3,Heteropogon contortus,22.7,Unfenced,F,Moderate,4183
2024,A,2,Z3,NA,23.7,Unfenced,F,Moderate,4410
2024,A,2,Z3,Eragrostis gummiflua,10.2,Unfenced,F,Moderate,1476
2024,A,2,Z3,Bothriochloa insculpta,13.9,Unfenced,F,Moderate,2243
2024,A,2,Z3,Cymbopogon excavatus,11,Unfenced,F,Moderate,1638
2024,A,2,Z3,Eragrostis superba,10.9,Unfenced,F,Moderate,1618
2024,A,2,Z4,Aristida adscensionis,12.5,Unfenced,F,Moderate,1948
2024,A,2,Z4,Hyperrhenia filipendula,12.3,Unfenced,F,Moderate,1906
2024,A,2,Z4,Setaria pumila,17,Unfenced,F,Moderate,2911
2024,A,2,Z4,NA,16.3,Unfenced,F,Moderate,2758
2024,A,2,Z4,Hyperrhenia filipendula,17.2,Unfenced,F,Moderate,2955
2024,A,2,Z4,Urochloa mosambicensis,9.6,Unfenced,F,Moderate,1356
2024,A,2,Z4,NA,27.7,Unfenced,F,Moderate,5330
2024,A,2,Z4,NA,34.9,Unfenced,F,Moderate,7019
2024,A,2,Z4,Heteropogon contortus,13.1,Unfenced,F,Moderate,2074
2024,A,2,Z4,Cymbopogon excavatus,16.9,Unfenced,F,Moderate,2889
2024,A,2,Z4,Urochloa mosambicensis,18.2,Unfenced,F,Moderate,3175
2024,A,2,Z4,Hyperrhenia filipendula,21.2,Unfenced,F,Moderate,3844
2024,A,2,Z4,Urochloa mosambicensis,39.1,Unfenced,F,Moderate,8019
2024,A,2,Z4,Hyperrhenia filipendula,43,Unfenced,F,Moderate,8956
2024,A,2,Z4,NA,34.6,Unfenced,F,Moderate,6948
2024,A,2,Z4,NA,30.8,Unfenced,F,Moderate,6052
2024,A,2,Z4,Urochloa mosambicensis,29,Unfenced,F,Moderate,5632
2024,A,2,Z4,Hyperrhenia filipendula,31.6,Unfenced,F,Moderate,6240
2024,A,2,Z4,NA,32.6,Unfenced,F,Moderate,6475
2024,A,2,Z4,NA,33.3,Unfenced,F,Moderate,6640
2024,A,3,Z1,Aristida diffusa,38,Fenced,TFB,Moderate,7756
2024,A,3,Z1,Aristida congesta c,29.8,Fenced,TFB,Moderate,5819
2024,A,3,Z1,Melinis repens,22,Fenced,TFB,Moderate,4024
2024,A,3,Z1,Urochloa mosambicensis,23.9,Fenced,TFB,Moderate,4456
2024,A,3,Z1,Hyperrhenia filipendula,11.8,Fenced,TFB,Moderate,1803
2024,A,3,Z1,NA,17.1,Fenced,TFB,Moderate,2933
2024,A,3,Z1,NA,15.3,Fenced,TFB,Moderate,2542
2024,A,3,Z1,NA,15.7,Fenced,TFB,Moderate,2628
2024,A,3,Z1,Bothriochloa insculpta,15.4,Fenced,TFB,Moderate,2564
2024,A,3,Z1,Urochloa mosambicensis,16.8,Fenced,TFB,Moderate,2867
2024,A,3,Z1,Cymbopogon excavatus,16.7,Fenced,TFB,Moderate,2846
2024,A,3,Z1,NA,16.7,Fenced,TFB,Moderate,2846
2024,A,3,Z1,Hyperrhenia filipendula,21.9,Fenced,TFB,Moderate,4001
2024,A,3,Z1,Bothriochloa insculpta,21.8,Fenced,TFB,Moderate,3979
2024,A,3,Z1,Urochloa mosambicensis,20.9,Fenced,TFB,Moderate,3776
2024,A,3,Z1,NA,18.4,Fenced,TFB,Moderate,3219
2024,A,3,Z1,Urochloa mosambicensis,17.6,Fenced,TFB,Moderate,3043
2024,A,3,Z1,Hyperrhenia filipendula,15.9,Fenced,TFB,Moderate,2672
2024,A,3,Z1,Heteropogon contortus,15.3,Fenced,TFB,Moderate,2542
2024,A,3,Z1,Aristida adscensionis,15.4,Fenced,TFB,Moderate,2564
2024,A,3,Z2,Urochloa mosambicensis,31.7,Unfenced,TFB,Moderate,6264
2024,A,3,Z2,Loudetia simplex,31.7,Unfenced,TFB,Moderate,6264
2024,A,3,Z2,Bothriochloa insculpta,28.7,Unfenced,TFB,Moderate,5562
2024,A,3,Z2,NA,25.3,Unfenced,TFB,Moderate,4776
2024,A,3,Z2,Bothriochloa insculpta,3.6,Unfenced,TFB,Moderate,281
2024,A,3,Z2,Cymbopogon excavatus,11.2,Unfenced,TFB,Moderate,1679
2024,A,3,Z2,Aristida adscensionis,12.5,Unfenced,TFB,Moderate,1948
2024,A,3,Z2,NA,12.7,Unfenced,TFB,Moderate,1990
2024,A,3,Z2,Bothriochloa insculpta,51.3,Unfenced,TFB,Moderate,10972
2024,A,3,Z2,Hyparrhenia hirta,36,Unfenced,TFB,Moderate,7280
2024,A,3,Z2,NA,43.7,Unfenced,TFB,Moderate,9125
2024,A,3,Z2,NA,46.1,Unfenced,TFB,Moderate,9706
2024,A,3,Z2,Bothriochloa insculpta,5.9,Unfenced,TFB,Moderate,658
2024,A,3,Z2,Hyparrhenia hirta,8.7,Unfenced,TFB,Moderate,1179
2024,A,3,Z2,Digitaria eriantha,12.6,Unfenced,TFB,Moderate,1969
2024,A,3,Z2,Eragrostis gummiflua,12.7,Unfenced,TFB,Moderate,1990
2024,A,3,Z2,Urochloa mosambicensis,11.8,Unfenced,TFB,Moderate,1803
2024,A,3,Z2,Bothriochloa insculpta,15.7,Unfenced,TFB,Moderate,2628
2024,A,3,Z2,Eragrostis gummiflua,18.6,Unfenced,TFB,Moderate,3263
2024,A,3,Z2,NA,20.6,Unfenced,TFB,Moderate,3709
2024,A,3,Z3,Heteropogon contortus,10.7,Fenced,TFB,Moderate,1577
2024,A,3,Z3,Aristida adscensionis,16.9,Fenced,TFB,Moderate,2889
2024,A,3,Z3,Melinis repens,13.6,Fenced,TFB,Moderate,2179
2024,A,3,Z3,Eragrostis rigidior,13.5,Fenced,TFB,Moderate,2158
2024,A,3,Z3,Cynodon dactylon,31.8,Fenced,TFB,Moderate,6287
2024,A,3,Z3,Urochloa mosambicensis,29,Fenced,TFB,Moderate,5632
2024,A,3,Z3,Setaria pumila,26.4,Fenced,TFB,Moderate,5029
2024,A,3,Z3,NA,25.9,Fenced,TFB,Moderate,4914
2024,A,3,Z3,Heteropogon contortus,26.8,Fenced,TFB,Moderate,5122
2024,A,3,Z3,Aristida adscensionis,19.2,Fenced,TFB,Moderate,3396
2024,A,3,Z3,Urochloa mosambicensis,17.8,Fenced,TFB,Moderate,3087
2024,A,3,Z3,Cymbopogon excavatus,16.9,Fenced,TFB,Moderate,2889
2024,A,3,Z3,Aristida adscensionis,6.8,Fenced,TFB,Moderate,820
2024,A,3,Z3,Urochloa mosambicensis,11.5,Fenced,TFB,Moderate,1741
2024,A,3,Z3,Hyperrhenia filipendula,17.8,Fenced,TFB,Moderate,3087
2024,A,3,Z3,Setaria incrassata,14.2,Fenced,TFB,Moderate,2306
2024,A,3,Z3,Urochloa mosambicensis,31.7,Fenced,TFB,Moderate,6264
2024,A,3,Z3,Hyperrhenia filipendula,19.9,Fenced,TFB,Moderate,3552
2024,A,3,Z3,Hyparrhenia hirta,18.7,Fenced,TFB,Moderate,3285
2024,A,3,Z3,Pogonarthria squarrosa,18.5,Fenced,TFB,Moderate,3241
2024,A,3,Z4,Heteropogon contortus,14.9,Unfenced,TFB,Moderate,2456
2024,A,3,Z4,Aristida adscensionis,17.3,Unfenced,TFB,Moderate,2977
2024,A,3,Z4,NA,19.4,Unfenced,TFB,Moderate,3441
2024,A,3,Z4,NA,16.1,Unfenced,TFB,Moderate,2715
2024,A,3,Z4,Heteropogon contortus,8.5,Unfenced,TFB,Moderate,1141
2024,A,3,Z4,Melinis repens,9.7,Unfenced,TFB,Moderate,1376
2024,A,3,Z4,Digitaria eriantha,11.6,Unfenced,TFB,Moderate,1761
2024,A,3,Z4,Setaria incrassata,10.6,Unfenced,TFB,Moderate,1557
2024,A,3,Z4,Heteropogon contortus,6,Unfenced,TFB,Moderate,675
2024,A,3,Z4,Urochloa mosambicensis,10.9,Unfenced,TFB,Moderate,1618
2024,A,3,Z4,Themeda triandra,11.4,Unfenced,TFB,Moderate,1720
2024,A,3,Z4,NA,13.2,Unfenced,TFB,Moderate,2095
2024,A,3,Z4,Urochloa mosambicensis,42.7,Unfenced,TFB,Moderate,8884
2024,A,3,Z4,Melinis repens,41.3,Unfenced,TFB,Moderate,8547
2024,A,3,Z4,Cymbopogon excavatus,37.6,Unfenced,TFB,Moderate,7661
2024,A,3,Z4,NA,36.9,Unfenced,TFB,Moderate,7494
2024,A,3,Z4,Heteropogon contortus,6.4,Unfenced,TFB,Moderate,747
2024,A,3,Z4,Aristida adscensionis,18,Unfenced,TFB,Moderate,3131
2024,A,3,Z4,Urochloa mosambicensis,21,Unfenced,TFB,Moderate,3799
2024,A,3,Z4,Hyperrhenia filipendula,23.8,Unfenced,TFB,Moderate,4433
2024,A,4,Z1,Bothriochloa insculpta,19.7,Fenced,TF,Moderate,3508
2024,A,4,Z1,NA,22.4,Fenced,TF,Moderate,4115
2024,A,4,Z1,NA,22.6,Fenced,TF,Moderate,4160
2024,A,4,Z1,NA,25,Fenced,TF,Moderate,4707
2024,A,4,Z1,Brachiaria serrata,21,Fenced,TF,Moderate,3799
2024,A,4,Z1,Eragrostis gummiflua,20.5,Fenced,TF,Moderate,3686
2024,A,4,Z1,Bothriochloa insculpta,20.4,Fenced,TF,Moderate,3664
2024,A,4,Z1,NA,20.5,Fenced,TF,Moderate,3686
2024,A,4,Z1,Heteropogon contortus,22.5,Fenced,TF,Moderate,4137
2024,A,4,Z1,Themeda triandra,22.5,Fenced,TF,Moderate,4137
2024,A,4,Z1,NA,22.5,Fenced,TF,Moderate,4137
2024,A,4,Z1,NA,22.5,Fenced,TF,Moderate,4137
2024,A,4,Z1,Bothriochloa insculpta,24.1,Fenced,TF,Moderate,4501
2024,A,4,Z1,Cymbopogon excavatus,32,Fenced,TF,Moderate,6334
2024,A,4,Z1,NA,34.3,Fenced,TF,Moderate,6877
2024,A,4,Z1,NA,32.5,Fenced,TF,Moderate,6452
2024,A,4,Z1,Bothriochloa insculpta,35.6,Fenced,TF,Moderate,7185
2024,A,4,Z1,Urochloa mosambicensis,27.9,Fenced,TF,Moderate,5376
2024,A,4,Z1,NA,33.3,Fenced,TF,Moderate,6640
2024,A,4,Z1,NA,37,Fenced,TF,Moderate,7518
2024,A,4,Z2,Bothriochloa insculpta,20.5,Unfenced,TF,Moderate,3686
2024,A,4,Z2,Digitaria eriantha,21.7,Unfenced,TF,Moderate,3956
2024,A,4,Z2,NA,22,Unfenced,TF,Moderate,4024
2024,A,4,Z2,Aristida adscensionis,18.7,Unfenced,TF,Moderate,3285
2024,A,4,Z2,Cymbopogon excavatus,19.2,Unfenced,TF,Moderate,3396
2024,A,4,Z2,Heteropogon contortus,18.9,Unfenced,TF,Moderate,3330
2024,A,4,Z2,Digitaria eriantha,18.5,Unfenced,TF,Moderate,3241
2024,A,4,Z2,Aristida adscensionis,20.5,Unfenced,TF,Moderate,3686
2024,A,4,Z2,Heteropogon contortus,20.7,Unfenced,TF,Moderate,3731
2024,A,4,Z2,NA,20.5,Unfenced,TF,Moderate,3686
2024,A,4,Z2,NA,21.4,Unfenced,TF,Moderate,3889
2024,A,4,Z2,Cymbopogon excavatus,36.4,Unfenced,TF,Moderate,7375
2024,A,4,Z2,Heteropogon contortus,36.6,Unfenced,TF,Moderate,7423
2024,A,4,Z2,Andropogon eucomus,32.1,Unfenced,TF,Moderate,6358
2024,A,4,Z2,NA,30.6,Unfenced,TF,Moderate,6006
2024,A,4,Z2,Aristida adscensionis,23,Unfenced,TF,Moderate,4251
2024,A,4,Z2,Themeda triandra,23.1,Unfenced,TF,Moderate,4273
2024,A,4,Z2,NA,21.7,Unfenced,TF,Moderate,3956
2024,A,4,Z2,NA,19,Unfenced,TF,Moderate,3352
2024,A,4,Z2,NA,21.1,Unfenced,TF,Moderate,3821
2024,A,4,Z3,Loudetia simplex,20.2,Fenced,TF,Moderate,3619
2024,A,4,Z3,Bothriochloa insculpta,20.1,Fenced,TF,Moderate,3597
2024,A,4,Z3,NA,20.1,Fenced,TF,Moderate,3597
2024,A,4,Z3,NA,20.4,Fenced,TF,Moderate,3664
2024,A,4,Z3,Bothriochloa insculpta,20.2,Fenced,TF,Moderate,3619
2024,A,4,Z3,Aristida adscensionis,20.3,Fenced,TF,Moderate,3642
2024,A,4,Z3,NA,20.6,Fenced,TF,Moderate,3709
2024,A,4,Z3,NA,20,Fenced,TF,Moderate,3575
2024,A,4,Z3,Bothriochloa insculpta,12.7,Fenced,TF,Moderate,1990
2024,A,4,Z3,Andropogon eucomus,17.2,Fenced,TF,Moderate,2955
2024,A,4,Z3,NA,16.1,Fenced,TF,Moderate,2715
2024,A,4,Z3,NA,17.3,Fenced,TF,Moderate,2977
2024,A,4,Z3,Urochloa mosambicensis,3.7,Fenced,TF,Moderate,296
2024,A,4,Z3,Digitaria eriantha,9.5,Fenced,TF,Moderate,1337
2024,A,4,Z3,Andropogon eucomus,13,Fenced,TF,Moderate,2053
2024,A,4,Z3,Bothriochloa insculpta,11.4,Fenced,TF,Moderate,1720
2024,A,4,Z3,Bothriochloa insculpta,19.6,Fenced,TF,Moderate,3485
2024,A,4,Z3,Aristida adscensionis,20,Fenced,TF,Moderate,3575
2024,A,4,Z3,NA,20.1,Fenced,TF,Moderate,3597
2024,A,4,Z3,NA,20.1,Fenced,TF,Moderate,3597
2024,A,4,Z4,Bothriochloa insculpta,18.3,Unfenced,TF,Moderate,3197
2024,A,4,Z4,Heteropogon contortus,18.9,Unfenced,TF,Moderate,3330
2024,A,4,Z4,Melinis repens,19,Unfenced,TF,Moderate,3352
2024,A,4,Z4,NA,18.9,Unfenced,TF,Moderate,3330
2024,A,4,Z4,Andropogon eucomus,17.9,Unfenced,TF,Moderate,3109
2024,A,4,Z4,Urochloa mosambicensis,19.1,Unfenced,TF,Moderate,3374
2024,A,4,Z4,Cymbopogon excavatus,19.4,Unfenced,TF,Moderate,3441
2024,A,4,Z4,NA,19.4,Unfenced,TF,Moderate,3441
2024,A,4,Z4,Heteropogon contortus,23,Unfenced,TF,Moderate,4251
2024,A,4,Z4,Themeda triandra,22.2,Unfenced,TF,Moderate,4069
2024,A,4,Z4,Eragrostis superba,21.3,Unfenced,TF,Moderate,3866
2024,A,4,Z4,NA,20.8,Unfenced,TF,Moderate,3754
2024,A,4,Z4,Bothriochloa insculpta,19.9,Unfenced,TF,Moderate,3552
2024,A,4,Z4,Heteropogon contortus,19.9,Unfenced,TF,Moderate,3552
2024,A,4,Z4,Digitaria eriantha,19.5,Unfenced,TF,Moderate,3463
2024,A,4,Z4,NA,19.2,Unfenced,TF,Moderate,3396
2024,A,4,Z4,Heteropogon contortus,25.7,Unfenced,TF,Moderate,4868
2024,A,4,Z4,Themeda triandra,17.1,Unfenced,TF,Moderate,2933
2024,A,4,Z4,Eragrostis superba,17.8,Unfenced,TF,Moderate,3087
2024,A,4,Z4,Digitaria eriantha,22.1,Unfenced,TF,Moderate,4047
2024,A,5,Z1,Hyparrhenia hirta,12.1,Fenced,THF,Moderate,1865
2024,A,5,Z1,Urochloa mosambicensis,13.8,Fenced,THF,Moderate,2221
2024,A,5,Z1,Hyperrhenia filipendula,13.7,Fenced,THF,Moderate,2200
2024,A,5,Z1,Bothriochloa insculpta,14.2,Fenced,THF,Moderate,2306
2024,A,5,Z1,Urochloa mosambicensis,25.6,Fenced,THF,Moderate,4845
2024,A,5,Z1,Aristida adscensionis,20.8,Fenced,THF,Moderate,3754
2024,A,5,Z1,NA,22.3,Fenced,THF,Moderate,4092
2024,A,5,Z1,NA,22.7,Fenced,THF,Moderate,4183
2024,A,5,Z1,Cymbopogon excavatus,28.2,Fenced,THF,Moderate,5446
2024,A,5,Z1,Bothriochloa insculpta,28.8,Fenced,THF,Moderate,5585
2024,A,5,Z1,Urochloa mosambicensis,31.2,Fenced,THF,Moderate,6146
2024,A,5,Z1,NA,28.8,Fenced,THF,Moderate,5585
2024,A,5,Z1,Hyparrhenia hirta,21,Fenced,THF,Moderate,3799
2024,A,5,Z1,Heteropogon contortus,17.1,Fenced,THF,Moderate,2933
2024,A,5,Z1,Urochloa mosambicensis,21.7,Fenced,THF,Moderate,3956
2024,A,5,Z1,NA,23,Fenced,THF,Moderate,4251
2024,A,5,Z1,Urochloa mosambicensis,17.1,Fenced,THF,Moderate,2933
2024,A,5,Z1,Hyperrhenia filipendula,14.7,Fenced,THF,Moderate,2413
2024,A,5,Z1,Bothriochloa insculpta,21.1,Fenced,THF,Moderate,3821
2024,A,5,Z1,NA,21.4,Fenced,THF,Moderate,3889
2024,A,5,Z2,Urochloa mosambicensis,22.6,Unfenced,THF,Moderate,4160
2024,A,5,Z2,Heteropogon contortus,16.8,Unfenced,THF,Moderate,2867
2024,A,5,Z2,Aristida adscensionis,14.9,Unfenced,THF,Moderate,2456
2024,A,5,Z2,Setaria sphacelata,13.6,Unfenced,THF,Moderate,2179
2024,A,5,Z2,Urochloa mosambicensis,10.6,Unfenced,THF,Moderate,1557
2024,A,5,Z2,Bothriochloa insculpta,14.8,Unfenced,THF,Moderate,2435
2024,A,5,Z2,Heteropogon contortus,17,Unfenced,THF,Moderate,2911
2024,A,5,Z2,Aristida adscensionis,19.8,Unfenced,THF,Moderate,3530
2024,A,5,Z2,Panicum maximum,10.8,Unfenced,THF,Moderate,1598
2024,A,5,Z2,Hyperrhenia filipendula,9.2,Unfenced,THF,Moderate,1277
2024,A,5,Z2,NA,11.4,Unfenced,THF,Moderate,1720
2024,A,5,Z2,NA,10.3,Unfenced,THF,Moderate,1496
2024,A,5,Z2,Heteropogon contortus,17.7,Unfenced,THF,Moderate,3065
2024,A,5,Z2,Hyperrhenia filipendula,17.5,Unfenced,THF,Moderate,3021
2024,A,5,Z2,Cymbopogon excavatus,17.4,Unfenced,THF,Moderate,2999
2024,A,5,Z2,NA,16.4,Unfenced,THF,Moderate,2780
2024,A,5,Z2,Urochloa mosambicensis,15.1,Unfenced,THF,Moderate,2499
2024,A,5,Z2,Cymbopogon excavatus,17.3,Unfenced,THF,Moderate,2977
2024,A,5,Z2,NA,20.1,Unfenced,THF,Moderate,3597
2024,A,5,Z2,NA,22.7,Unfenced,THF,Moderate,4183
2024,A,5,Z3,Bothriochloa insculpta,29.8,Fenced,THF,Moderate,5819
2024,A,5,Z3,Urochloa mosambicensis,26.7,Fenced,THF,Moderate,5099
2024,A,5,Z3,NA,22.3,Fenced,THF,Moderate,4092
2024,A,5,Z3,NA,22.3,Fenced,THF,Moderate,4092
2024,A,5,Z3,Bothriochloa insculpta,36.3,Fenced,THF,Moderate,7351
2024,A,5,Z3,Heteropogon contortus,34.5,Fenced,THF,Moderate,6924
2024,A,5,Z3,Eragrostis gummiflua,34.2,Fenced,THF,Moderate,6853
2024,A,5,Z3,Andropogon eucomus,34.5,Fenced,THF,Moderate,6924
2024,A,5,Z3,Aristida adscensionis,20.4,Fenced,THF,Moderate,3664
2024,A,5,Z3,Bothriochloa insculpta,17.1,Fenced,THF,Moderate,2933
2024,A,5,Z3,NA,19.3,Fenced,THF,Moderate,3419
2024,A,5,Z3,NA,18.6,Fenced,THF,Moderate,3263
2024,A,5,Z3,Bothriochloa insculpta,17.1,Fenced,THF,Moderate,2933
2024,A,5,Z3,Aristida adscensionis,17,Fenced,THF,Moderate,2911
2024,A,5,Z3,Cymbopogon excavatus,20.2,Fenced,THF,Moderate,3619
2024,A,5,Z3,Eragrostis superba,22.5,Fenced,THF,Moderate,4137
2024,A,5,Z3,Heteropogon contortus,8.7,Fenced,THF,Moderate,1179
2024,A,5,Z3,Bothriochloa insculpta,11.6,Fenced,THF,Moderate,1761
2024,A,5,Z3,Hyparrhenia hirta,11.3,Fenced,THF,Moderate,1700
2024,A,5,Z3,NA,10.3,Fenced,THF,Moderate,1496
2024,A,5,Z4,Bothriochloa insculpta,13.2,Unfenced,THF,Moderate,2095
2024,A,5,Z4,Heteropogon contortus,17.8,Unfenced,THF,Moderate,3087
2024,A,5,Z4,Aristida adscensionis,18.3,Unfenced,THF,Moderate,3197
2024,A,5,Z4,Cymbopogon excavatus,17.6,Unfenced,THF,Moderate,3043
2024,A,5,Z4,Eragrostis gummiflua,19.1,Unfenced,THF,Moderate,3374
2024,A,5,Z4,Bothriochloa insculpta,16,Unfenced,THF,Moderate,2693
2024,A,5,Z4,Cymbopogon excavatus,17.5,Unfenced,THF,Moderate,3021
2024,A,5,Z4,NA,18.1,Unfenced,THF,Moderate,3153
2024,A,5,Z4,Bothriochloa insculpta,20.8,Unfenced,THF,Moderate,3754
2024,A,5,Z4,Aristida adscensionis,18.1,Unfenced,THF,Moderate,3153
2024,A,5,Z4,Urochloa mosambicensis,23.3,Unfenced,THF,Moderate,4319
2024,A,5,Z4,Hyperrhenia filipendula,24.5,Unfenced,THF,Moderate,4593
2024,A,5,Z4,Bothriochloa insculpta,35.3,Unfenced,THF,Moderate,7114
2024,A,5,Z4,Cymbopogon excavatus,24.2,Unfenced,THF,Moderate,4524
2024,A,5,Z4,NA,19,Unfenced,THF,Moderate,3352
2024,A,5,Z4,NA,23.6,Unfenced,THF,Moderate,4387
2024,A,5,Z4,Heteropogon contortus,18.8,Unfenced,THF,Moderate,3307
2024,A,5,Z4,Bothriochloa insculpta,15.6,Unfenced,THF,Moderate,2607
2024,A,5,Z4,Urochloa mosambicensis,18.3,Unfenced,THF,Moderate,3197
2024,A,5,Z4,NA,18.6,Unfenced,THF,Moderate,3263
2024,B,1,Z1,NA,2.6,Fenced,C,Moderate,144
2024,B,1,Z1,Eragrostis gummiflua,5.1,Fenced,C,Moderate,519
2024,B,1,Z1,Heteropogon contortus,4.2,Fenced,C,Moderate,372
2024,B,1,Z1,Cymbopogon excavatus,6.7,Fenced,C,Moderate,801
2024,B,1,Z1,NA,6.2,Fenced,C,Moderate,711
2024,B,1,Z1,Cymbopogon excavatus,6.1,Fenced,C,Moderate,693
2024,B,1,Z1,Heteropogon contortus,3.7,Fenced,C,Moderate,296
2024,B,1,Z1,Melinis repens,3.2,Fenced,C,Moderate,223
2024,B,1,Z1,Aristida congesta c,2.4,Fenced,C,Moderate,120
2024,B,1,Z1,Eragrostis gummiflua,8.5,Fenced,C,Moderate,1141
2024,B,1,Z1,Eragrostis rigidior,3.1,Fenced,C,Moderate,209
2024,B,1,Z1,Melinis repens,4.4,Fenced,C,Moderate,404
2024,B,1,Z1,Heteropogon contortus,4.2,Fenced,C,Moderate,372
2024,B,1,Z1,Aristida congesta c,6.7,Fenced,C,Moderate,801
2024,B,1,Z1,Heteropogon contortus,6,Fenced,C,Moderate,675
2024,B,1,Z1,NA,6.7,Fenced,C,Moderate,801
2024,B,1,Z1,Heteropogon contortus,5.3,Fenced,C,Moderate,553
2024,B,1,Z2,Cymbopogon excavatus,2.2,Unfenced,C,Moderate,97
2024,B,1,Z2,Eragrostis rigidior,8,Unfenced,C,Moderate,1044
2024,B,1,Z2,Heteropogon contortus,14,Unfenced,C,Moderate,2264
2024,B,1,Z2,Aristida  canescens,20,Unfenced,C,Moderate,3575
2024,B,1,Z2,Aristida congesta c,7,Unfenced,C,Moderate,856
2024,B,1,Z2,Eragrostis rigidior,8.2,Unfenced,C,Moderate,1083
2024,B,1,Z2,Heteropogon contortus,5.9,Unfenced,C,Moderate,658
2024,B,1,Z2,Aristida  canescens,6.6,Unfenced,C,Moderate,783
2024,B,1,Z2,Bothriochloa insculpta,2.6,Unfenced,C,Moderate,144
2024,B,1,Z2,Melinis repens,6,Unfenced,C,Moderate,675
2024,B,1,Z2,Heteropogon contortus,7.6,Unfenced,C,Moderate,968
2024,B,1,Z2,NA,6.6,Unfenced,C,Moderate,783
2024,B,1,Z2,Cymbopogon excavatus,11.4,Unfenced,C,Moderate,1720
2024,B,1,Z2,Bothriochloa insculpta,22.9,Unfenced,C,Moderate,4228
2024,B,1,Z2,NA,6.3,Unfenced,C,Moderate,729
2024,B,1,Z2,NA,31,Unfenced,C,Moderate,6099
2024,B,1,Z2,Heteropogon contortus,5.6,Unfenced,C,Moderate,605
2024,B,1,Z2,Melinis repens,7.2,Unfenced,C,Moderate,894
2024,B,1,Z2,Bothriochloa insculpta,5.2,Unfenced,C,Moderate,536
2024,B,1,Z2,NA,7.5,Unfenced,C,Moderate,950
2024,B,1,Z3,Aristida congesta b,4,Fenced,C,Moderate,341
2024,B,1,Z3,Eragrostis rigidior,4.7,Fenced,C,Moderate,453
2024,B,1,Z3,Eragrostis superba,4.7,Fenced,C,Moderate,453
2024,B,1,Z3,Cymbopogon excavatus,10.5,Fenced,C,Moderate,1537
2024,B,1,Z3,Eragrostis gummiflua,10.7,Fenced,C,Moderate,1577
2024,B,1,Z3,Heteropogon contortus,11.9,Fenced,C,Moderate,1823
2024,B,1,Z3,Eragrostis superba,10.6,Fenced,C,Moderate,1557
2024,B,1,Z3,NA,9.7,Fenced,C,Moderate,1376
2024,B,1,Z3,Aristida congesta b,7.3,Fenced,C,Moderate,912
2024,B,1,Z3,Eragrostis superba,8.8,Fenced,C,Moderate,1199
2024,B,1,Z3,Heteropogon contortus,12.3,Fenced,C,Moderate,1906
2024,B,1,Z3,Eragrostis gummiflua,5.6,Fenced,C,Moderate,605
2024,B,1,Z3,Aristida congesta b,5.3,Fenced,C,Moderate,553
2024,B,1,Z3,Heteropogon contortus,5.9,Fenced,C,Moderate,658
2024,B,1,Z3,Eragrostis gummiflua,5.3,Fenced,C,Moderate,553
2024,B,1,Z3,Aristida adscensionis,5.2,Fenced,C,Moderate,536
2024,B,1,Z3,Heteropogon contortus,5.1,Fenced,C,Moderate,519
2024,B,1,Z3,Cymbopogon excavatus,5.5,Fenced,C,Moderate,588
2024,B,1,Z3,NA,5.9,Fenced,C,Moderate,658
2024,B,1,Z3,NA,6.5,Fenced,C,Moderate,765
2024,B,1,Z4,Eragrostis gummiflua,2.8,Unfenced,C,Moderate,169
2024,B,1,Z4,Heteropogon contortus,5.7,Unfenced,C,Moderate,622
2024,B,1,Z4,Cymbopogon excavatus,8.2,Unfenced,C,Moderate,1083
2024,B,1,Z4,Melinis repens,7.1,Unfenced,C,Moderate,875
2024,B,1,Z4,Heteropogon contortus,3.8,Unfenced,C,Moderate,311
2024,B,1,Z4,Cymbopogon excavatus,7,Unfenced,C,Moderate,856
2024,B,1,Z4,NA,5.8,Unfenced,C,Moderate,640
2024,B,1,Z4,NA,5.8,Unfenced,C,Moderate,640
2024,B,1,Z4,Cymbopogon excavatus,16.4,Unfenced,C,Moderate,2780
2024,B,1,Z4,Eragrostis superba,17.6,Unfenced,C,Moderate,3043
2024,B,1,Z4,Eragrostis gummiflua,14.9,Unfenced,C,Moderate,2456
2024,B,1,Z4,Aristida congesta b,13.4,Unfenced,C,Moderate,2137
2024,B,1,Z4,Heteropogon contortus,4,Unfenced,C,Moderate,341
2024,B,1,Z4,Cymbopogon excavatus,3.4,Unfenced,C,Moderate,252
2024,B,1,Z4,Melinis repens,4.8,Unfenced,C,Moderate,469
2024,B,1,Z4,Bothriochloa insculpta,4.9,Unfenced,C,Moderate,486
2024,B,1,Z4,Heteropogon contortus,1.9,Unfenced,C,Moderate,65
2024,B,1,Z4,Eragrostis gummiflua,4.2,Unfenced,C,Moderate,372
2024,B,1,Z4,Eragrostis superba,6.7,Unfenced,C,Moderate,801
2024,B,1,Z4,NA,7,Unfenced,C,Moderate,856
2024,B,2,Z1,Brachiaria serrata,7.9,Fenced,F,Moderate,1025
2024,B,2,Z1,Heteropogon contortus,8.2,Fenced,F,Moderate,1083
2024,B,2,Z1,Aristida adscensionis,8.9,Fenced,F,Moderate,1218
2024,B,2,Z1,Bothriochloa insculpta,9.8,Fenced,F,Moderate,1396
2024,B,2,Z1,Heteropogon contortus,18.5,Fenced,F,Moderate,3241
2024,B,2,Z1,Cymbopogon excavatus,18.5,Fenced,F,Moderate,3241
2024,B,2,Z1,Aristida adscensionis,16.1,Fenced,F,Moderate,2715
2024,B,2,Z1,Themeda triandra,17.4,Fenced,F,Moderate,2999
2024,B,2,Z1,Heteropogon contortus,10.7,Fenced,F,Moderate,1577
2024,B,2,Z1,Cymbopogon excavatus,11,Fenced,F,Moderate,1638
2024,B,2,Z1,NA,14.8,Fenced,F,Moderate,2435
2024,B,2,Z1,NA,14.9,Fenced,F,Moderate,2456
2024,B,2,Z1,Heteropogon contortus,9.5,Fenced,F,Moderate,1337
2024,B,2,Z1,Cymbopogon excavatus,10.4,Fenced,F,Moderate,1517
2024,B,2,Z1,Aristida adscensionis,13.2,Fenced,F,Moderate,2095
2024,B,2,Z1,Eragrostis rigidior,12.3,Fenced,F,Moderate,1906
2024,B,2,Z1,Cymbopogon excavatus,17.1,Fenced,F,Moderate,2933
2024,B,2,Z1,Aristida adscensionis,17.2,Fenced,F,Moderate,2955
2024,B,2,Z1,Melinis repens,18.8,Fenced,F,Moderate,3307
2024,B,2,Z1,NA,15.6,Fenced,F,Moderate,2607
2024,B,2,Z2,Cymbopogon excavatus,16.8,Unfenced,F,Moderate,2867
2024,B,2,Z2,Hyperrhenia filipendula,13.3,Unfenced,F,Moderate,2116
2024,B,2,Z2,Heteropogon contortus,11,Unfenced,F,Moderate,1638
2024,B,2,Z2,Melinis repens,22.9,Unfenced,F,Moderate,4228
2024,B,2,Z2,Heteropogon contortus,3.4,Unfenced,F,Moderate,252
2024,B,2,Z2,Melinis repens,5.7,Unfenced,F,Moderate,622
2024,B,2,Z2,Panicum maximum,7.4,Unfenced,F,Moderate,931
2024,B,2,Z2,NA,12,Unfenced,F,Moderate,1844
2024,B,2,Z2,Eragrostis gummiflua,9.6,Unfenced,F,Moderate,1356
2024,B,2,Z2,Heteropogon contortus,9.4,Unfenced,F,Moderate,1317
2024,B,2,Z2,Cymbopogon excavatus,9.7,Unfenced,F,Moderate,1376
2024,B,2,Z2,Bothriochloa insculpta,9.4,Unfenced,F,Moderate,1317
2024,B,2,Z2,Eragrostis gummiflua,9.3,Unfenced,F,Moderate,1297
2024,B,2,Z2,Heteropogon contortus,8.3,Unfenced,F,Moderate,1102
2024,B,2,Z2,Cymbopogon excavatus,7.8,Unfenced,F,Moderate,1006
2024,B,2,Z2,Bothriochloa insculpta,7.5,Unfenced,F,Moderate,950
2024,B,2,Z2,Cymbopogon excavatus,9.3,Unfenced,F,Moderate,1297
2024,B,2,Z2,Eragrostis gummiflua,15.3,Unfenced,F,Moderate,2542
2024,B,2,Z2,Heteropogon contortus,11,Unfenced,F,Moderate,1638
2024,B,2,Z2,Urochloa mosambicensis,6.1,Unfenced,F,Moderate,693
2024,B,2,Z3,Heteropogon contortus,6.3,Fenced,F,Moderate,729
2024,B,2,Z3,Aristida adscensionis,5.7,Fenced,F,Moderate,622
2024,B,2,Z3,Bothriochloa insculpta,10.9,Fenced,F,Moderate,1618
2024,B,2,Z3,NA,11.1,Fenced,F,Moderate,1659
2024,B,2,Z3,Heteropogon contortus,2.1,Fenced,F,Moderate,86
2024,B,2,Z3,Cymbopogon excavatus,4.6,Fenced,F,Moderate,436
2024,B,2,Z3,NA,6.9,Fenced,F,Moderate,838
2024,B,2,Z3,NA,10.6,Fenced,F,Moderate,1557
2024,B,2,Z3,Eragrostis gummiflua,25.2,Fenced,F,Moderate,4753
2024,B,2,Z3,Heteropogon contortus,24.3,Fenced,F,Moderate,4547
2024,B,2,Z3,Cymbopogon excavatus,24,Fenced,F,Moderate,4478
2024,B,2,Z3,Aristida adscensionis,28.7,Fenced,F,Moderate,5562
2024,B,2,Z3,Heteropogon contortus,6,Fenced,F,Moderate,675
2024,B,2,Z3,Cymbopogon excavatus,4.5,Fenced,F,Moderate,420
2024,B,2,Z3,Setaria pumila,4.7,Fenced,F,Moderate,453
2024,B,2,Z3,NA,3.8,Fenced,F,Moderate,311
2024,B,2,Z3,Aristida adscensionis,10.6,Fenced,F,Moderate,1557
2024,B,2,Z3,Heteropogon contortus,13,Fenced,F,Moderate,2053
2024,B,2,Z3,Digitaria eriantha,12.3,Fenced,F,Moderate,1906
2024,B,2,Z3,NA,11,Fenced,F,Moderate,1638
2024,B,2,Z4,Heteropogon contortus,16.8,Unfenced,F,Moderate,2867
2024,B,2,Z4,Cymbopogon excavatus,19.1,Unfenced,F,Moderate,3374
2024,B,2,Z4,NA,16.8,Unfenced,F,Moderate,2867
2024,B,2,Z4,NA,17.2,Unfenced,F,Moderate,2955
2024,B,2,Z4,Heteropogon contortus,12.2,Unfenced,F,Moderate,1885
2024,B,2,Z4,Cymbopogon excavatus,19.4,Unfenced,F,Moderate,3441
2024,B,2,Z4,NA,14.9,Unfenced,F,Moderate,2456
2024,B,2,Z4,NA,13.2,Unfenced,F,Moderate,2095
2024,B,2,Z4,Heteropogon contortus,9.3,Unfenced,F,Moderate,1297
2024,B,2,Z4,Cymbopogon excavatus,10.1,Unfenced,F,Moderate,1456
2024,B,2,Z4,Eragrostis rigidior,10.8,Unfenced,F,Moderate,1598
2024,B,2,Z4,Aristida  canescens,10,Unfenced,F,Moderate,1436
2024,B,2,Z4,Heteropogon contortus,9.8,Unfenced,F,Moderate,1396
2024,B,2,Z4,Aristida congesta b,7.6,Unfenced,F,Moderate,968
2024,B,2,Z4,NA,10,Unfenced,F,Moderate,1436
2024,B,2,Z4,NA,9,Unfenced,F,Moderate,1238
2024,B,2,Z4,Heteropogon contortus,9.8,Unfenced,F,Moderate,1396
2024,B,2,Z4,Aristida congesta b,7.6,Unfenced,F,Moderate,968
2024,B,2,Z4,NA,10,Unfenced,F,Moderate,1436
2024,B,2,Z4,NA,9,Unfenced,F,Moderate,1238
2024,B,3,Z1,Cymbopogon excavatus,6.8,Fenced,TF,Moderate,820
2024,B,3,Z1,Cynodon dactylon,8.1,Fenced,TF,Moderate,1064
2024,B,3,Z1,Eragrostis superba,8.7,Fenced,TF,Moderate,1179
2024,B,3,Z1,Themeda triandra,10.5,Fenced,TF,Moderate,1537
2024,B,3,Z1,Cymbopogon plurinodis,9.5,Fenced,TF,Moderate,1337
2024,B,3,Z1,Cymbopogon excavatus,9.9,Fenced,TF,Moderate,1416
2024,B,3,Z1,Setaria incrassata,9.1,Fenced,TF,Moderate,1258
2024,B,3,Z1,Eragrostis superba,10.2,Fenced,TF,Moderate,1476
2024,B,3,Z1,Heteropogon contortus,7.5,Fenced,TF,Moderate,950
2024,B,3,Z1,Melinis repens,6.8,Fenced,TF,Moderate,820
2024,B,3,Z1,Aristida adscensionis,7.3,Fenced,TF,Moderate,912
2024,B,3,Z1,Bothriochloa insculpta,8.6,Fenced,TF,Moderate,1160
2024,B,3,Z1,Cynodon dactylon,14.1,Fenced,TF,Moderate,2285
2024,B,3,Z1,Melinis repens,10.9,Fenced,TF,Moderate,1618
2024,B,3,Z1,Aristida adscensionis,10.1,Fenced,TF,Moderate,1456
2024,B,3,Z1,Cymbopogon excavatus,10.4,Fenced,TF,Moderate,1517
2024,B,3,Z1,Heteropogon contortus,15.4,Fenced,TF,Moderate,2564
2024,B,3,Z1,Melinis repens,16.2,Fenced,TF,Moderate,2737
2024,B,3,Z1,Aristida adscensionis,17.1,Fenced,TF,Moderate,2933
2024,B,3,Z1,Bothriochloa insculpta,16.9,Fenced,TF,Moderate,2889
2024,B,3,Z2,Cynodon dactylon,10.2,Fenced,TF,Moderate,1476
2024,B,3,Z2,Themeda triandra,15.3,Fenced,TF,Moderate,2542
2024,B,3,Z2,Melinis repens,16.6,Fenced,TF,Moderate,2824
2024,B,3,Z2,Eragrostis gummiflua,17.2,Fenced,TF,Moderate,2955
2024,B,3,Z2,Themeda triandra,16.9,Fenced,TF,Moderate,2889
2024,B,3,Z2,Hyperrhenia filipendula,17.3,Fenced,TF,Moderate,2977
2024,B,3,Z2,Cymbopogon excavatus,15,Fenced,TF,Moderate,2477
2024,B,3,Z2,Setaria pumila,13.6,Fenced,TF,Moderate,2179
2024,B,3,Z2,Heteropogon contortus,17.3,Fenced,TF,Moderate,2977
2024,B,3,Z2,Melinis repens,15.8,Fenced,TF,Moderate,2650
2024,B,3,Z2,Aristida adscensionis,14.8,Fenced,TF,Moderate,2435
2024,B,3,Z2,Cymbopogon plurinodis,14.6,Fenced,TF,Moderate,2392
2024,B,3,Z2,Cymbopogon excavatus,24.7,Fenced,TF,Moderate,4639
2024,B,3,Z2,Heteropogon contortus,26.3,Fenced,TF,Moderate,5006
2024,B,3,Z2,Melinis repens,19.7,Fenced,TF,Moderate,3508
2024,B,3,Z2,Eragrostis gummiflua,21.3,Fenced,TF,Moderate,3866
2024,B,3,Z2,Heteropogon contortus,7.5,Fenced,TF,Moderate,950
2024,B,3,Z2,Cymbopogon excavatus,8.5,Fenced,TF,Moderate,1141
2024,B,3,Z2,Eragrostis gummiflua,12.4,Fenced,TF,Moderate,1927
2024,B,3,Z2,NA,13.5,Fenced,TF,Moderate,2158
2024,B,3,Z3,Eragrostis superba,7.9,Unfenced,TF,Moderate,1025
2024,B,3,Z3,Heteropogon contortus,10.7,Unfenced,TF,Moderate,1577
2024,B,3,Z3,Melinis repens,10.2,Unfenced,TF,Moderate,1476
2024,B,3,Z3,Eragrostis gummiflua,9.6,Unfenced,TF,Moderate,1356
2024,B,3,Z3,Digitaria eriantha,3.2,Unfenced,TF,Moderate,223
2024,B,3,Z3,Heteropogon contortus,2.8,Unfenced,TF,Moderate,169
2024,B,3,Z3,Melinis repens,5.7,Unfenced,TF,Moderate,622
2024,B,3,Z3,Eragrostis gummiflua,10.1,Unfenced,TF,Moderate,1456
2024,B,3,Z3,Heteropogon contortus,7.3,Unfenced,TF,Moderate,912
2024,B,3,Z3,Setaria sphacelata,9.7,Unfenced,TF,Moderate,1376
2024,B,3,Z3,Themeda triandra,11.3,Unfenced,TF,Moderate,1700
2024,B,3,Z3,Digitaria eriantha,11.9,Unfenced,TF,Moderate,1823
2024,B,3,Z3,Heteropogon contortus,13,Unfenced,TF,Moderate,2053
2024,B,3,Z3,Cymbopogon plurinodis,16.9,Unfenced,TF,Moderate,2889
2024,B,3,Z3,Cymbopogon excavatus,16.7,Unfenced,TF,Moderate,2846
2024,B,3,Z3,NA,16.2,Unfenced,TF,Moderate,2737
2024,B,3,Z3,Heteropogon contortus,5.9,Unfenced,TF,Moderate,658
2024,B,3,Z3,Aristida adscensionis,9.5,Unfenced,TF,Moderate,1337
2024,B,3,Z3,Eragrostis superba,10.8,Unfenced,TF,Moderate,1598
2024,B,3,Z3,Eragrostis gummiflua,10.1,Unfenced,TF,Moderate,1456
2024,B,3,Z4,Heteropogon contortus,8.4,Unfenced,TF,Moderate,1121
2024,B,3,Z4,Aristida adscensionis,7.2,Unfenced,TF,Moderate,894
2024,B,3,Z4,Digitaria eriantha,10.7,Unfenced,TF,Moderate,1577
2024,B,3,Z4,Eragrostis gummiflua,10.1,Unfenced,TF,Moderate,1456
2024,B,3,Z4,Heteropogon contortus,13.1,Unfenced,TF,Moderate,2074
2024,B,3,Z4,Aristida adscensionis,12.6,Unfenced,TF,Moderate,1969
2024,B,3,Z4,Digitaria eriantha,14.6,Unfenced,TF,Moderate,2392
2024,B,3,Z4,NA,13.1,Unfenced,TF,Moderate,2074
2024,B,3,Z4,Heteropogon contortus,15,Unfenced,TF,Moderate,2477
2024,B,3,Z4,Aristida adscensionis,14.5,Unfenced,TF,Moderate,2370
2024,B,3,Z4,Setaria pumila,14.1,Unfenced,TF,Moderate,2285
2024,B,3,Z4,NA,15,Unfenced,TF,Moderate,2477
2024,B,3,Z4,Heteropogon contortus,7.9,Unfenced,TF,Moderate,1025
2024,B,3,Z4,Melinis repens,10,Unfenced,TF,Moderate,1436
2024,B,3,Z4,Eragrostis gummiflua,10.3,Unfenced,TF,Moderate,1496
2024,B,3,Z4,NA,10.1,Unfenced,TF,Moderate,1456
2024,B,3,Z4,Heteropogon contortus,6,Unfenced,TF,Moderate,675
2024,B,3,Z4,Digitaria eriantha,7.8,Unfenced,TF,Moderate,1006
2024,B,3,Z4,Eragrostis gummiflua,6.6,Unfenced,TF,Moderate,783
2024,B,3,Z4,NA,8.1,Unfenced,TF,Moderate,1064
2024,B,4,Z1,Cymbopogon excavatus,17.7,Fenced,TFB,Moderate,3065
2024,B,4,Z1,Eragrostis superba,17.6,Fenced,TFB,Moderate,3043
2024,B,4,Z1,Heteropogon contortus,20,Fenced,TFB,Moderate,3575
2024,B,4,Z1,NA,15.4,Fenced,TFB,Moderate,2564
2024,B,4,Z1,Eragrostis gummiflua,11.8,Fenced,TFB,Moderate,1803
2024,B,4,Z1,Heteropogon contortus,13,Fenced,TFB,Moderate,2053
2024,B,4,Z1,Aristida adscensionis,11.2,Fenced,TFB,Moderate,1679
2024,B,4,Z1,Digitaria eriantha,13.4,Fenced,TFB,Moderate,2137
2024,B,4,Z1,Heteropogon contortus,10.2,Fenced,TFB,Moderate,1476
2024,B,4,Z1,Eragrostis rigidior,9,Fenced,TFB,Moderate,1238
2024,B,4,Z1,Melinis repens,9,Fenced,TFB,Moderate,1238
2024,B,4,Z1,Bothriochloa insculpta,10.2,Fenced,TFB,Moderate,1476
2024,B,4,Z1,Heteropogon contortus,7.8,Fenced,TFB,Moderate,1006
2024,B,4,Z1,Eragrostis superba,7.4,Fenced,TFB,Moderate,931
2024,B,4,Z1,Aristida congesta c,8,Fenced,TFB,Moderate,1044
2024,B,4,Z1,Themeda triandra,10,Fenced,TFB,Moderate,1436
2024,B,4,Z1,Heteropogon contortus,17.3,Fenced,TFB,Moderate,2977
2024,B,4,Z1,Aristida adscensionis,12.7,Fenced,TFB,Moderate,1990
2024,B,4,Z1,Melinis repens,13.3,Fenced,TFB,Moderate,2116
2024,B,4,Z1,Aristida diffusa,12.7,Fenced,TFB,Moderate,1990
2024,B,4,Z2,Cymbopogon excavatus,3.7,Fenced,TFB,Moderate,296
2024,B,4,Z2,Heteropogon contortus,3.3,Fenced,TFB,Moderate,237
2024,B,4,Z2,Melinis repens,8.4,Fenced,TFB,Moderate,1121
2024,B,4,Z2,NA,12.3,Fenced,TFB,Moderate,1906
2024,B,4,Z2,Cymbopogon excavatus,17.7,Fenced,TFB,Moderate,3065
2024,B,4,Z2,Heteropogon contortus,17.1,Fenced,TFB,Moderate,2933
2024,B,4,Z2,Eragrostis gummiflua,13.3,Fenced,TFB,Moderate,2116
2024,B,4,Z2,Setaria pumila,12.7,Fenced,TFB,Moderate,1990
2024,B,4,Z2,Cymbopogon excavatus,4.1,Fenced,TFB,Moderate,357
2024,B,4,Z2,Heteropogon contortus,10.4,Fenced,TFB,Moderate,1517
2024,B,4,Z2,Aristida diffusa,8.8,Fenced,TFB,Moderate,1199
2024,B,4,Z2,NA,6.9,Fenced,TFB,Moderate,838
2024,B,4,Z2,Eragrostis gummiflua,6.4,Fenced,TFB,Moderate,747
2024,B,4,Z2,Cymbopogon excavatus,6.6,Fenced,TFB,Moderate,783
2024,B,4,Z2,Heteropogon contortus,7.3,Fenced,TFB,Moderate,912
2024,B,4,Z2,Melinis repens,7.6,Fenced,TFB,Moderate,968
2024,B,4,Z2,Cymbopogon excavatus,21.1,Fenced,TFB,Moderate,3821
2024,B,4,Z2,Heteropogon contortus,15.1,Fenced,TFB,Moderate,2499
2024,B,4,Z2,Eragrostis superba,12.2,Fenced,TFB,Moderate,1885
2024,B,4,Z2,NA,14.9,Fenced,TFB,Moderate,2456
2024,B,4,Z3,Heteropogon contortus,18.3,Unfenced,TFB,Moderate,3197
2024,B,4,Z3,Melinis repens,26,Unfenced,TFB,Moderate,4937
2024,B,4,Z3,Hyperrhenia filipendula,24.6,Unfenced,TFB,Moderate,4616
2024,B,4,Z3,Themeda triandra,21,Unfenced,TFB,Moderate,3799
2024,B,4,Z3,Heteropogon contortus,18.8,Unfenced,TFB,Moderate,3307
2024,B,4,Z3,Melinis repens,11.2,Unfenced,TFB,Moderate,1679
2024,B,4,Z3,Eragrostis rigidior,2,Unfenced,TFB,Moderate,75
2024,B,4,Z3,NA,3.3,Unfenced,TFB,Moderate,237
2024,B,4,Z3,Heteropogon contortus,4.4,Unfenced,TFB,Moderate,404
2024,B,4,Z3,Digitaria eriantha,4.2,Unfenced,TFB,Moderate,372
2024,B,4,Z3,NA,4.1,Unfenced,TFB,Moderate,357
2024,B,4,Z3,NA,5,Unfenced,TFB,Moderate,503
2024,B,4,Z3,Heteropogon contortus,14.1,Unfenced,TFB,Moderate,2285
2024,B,4,Z3,Melinis repens,23.2,Unfenced,TFB,Moderate,4296
2024,B,4,Z3,Hyperrhenia filipendula,19.2,Unfenced,TFB,Moderate,3396
2024,B,4,Z3,Themeda triandra,11.4,Unfenced,TFB,Moderate,1720
2024,B,4,Z3,Digitaria eriantha,7.3,Unfenced,TFB,Moderate,912
2024,B,4,Z3,Heteropogon contortus,7.7,Unfenced,TFB,Moderate,987
2024,B,4,Z3,Melinis repens,7.8,Unfenced,TFB,Moderate,1006
2024,B,4,Z3,Aristida adscensionis,9.4,Unfenced,TFB,Moderate,1317
2024,B,4,Z4,Eragrostis rigidior,10.7,Unfenced,TFB,Moderate,1577
2024,B,4,Z4,Heteropogon contortus,33.7,Unfenced,TFB,Moderate,6735
2024,B,4,Z4,Digitaria eriantha,29.4,Unfenced,TFB,Moderate,5725
2024,B,4,Z4,Cymbopogon excavatus,20.7,Unfenced,TFB,Moderate,3731
2024,B,4,Z4,Heteropogon contortus,17.1,Unfenced,TFB,Moderate,2933
2024,B,4,Z4,Melinis repens,17.2,Unfenced,TFB,Moderate,2955
2024,B,4,Z4,Aristida adscensionis,16.3,Unfenced,TFB,Moderate,2758
2024,B,4,Z4,Setaria pumila,14.7,Unfenced,TFB,Moderate,2413
2024,B,4,Z4,Heteropogon contortus,16,Unfenced,TFB,Moderate,2693
2024,B,4,Z4,Aristida adscensionis,15,Unfenced,TFB,Moderate,2477
2024,B,4,Z4,Setaria pumila,18.1,Unfenced,TFB,Moderate,3153
2024,B,4,Z4,Eragrostis superba,19.4,Unfenced,TFB,Moderate,3441
2024,B,4,Z4,Cymbopogon excavatus,7.8,Unfenced,TFB,Moderate,1006
2024,B,4,Z4,Melinis repens,7.6,Unfenced,TFB,Moderate,968
2024,B,4,Z4,Heteropogon contortus,7.5,Unfenced,TFB,Moderate,950
2024,B,4,Z4,Eragrostis gummiflua,7.6,Unfenced,TFB,Moderate,968
2024,B,4,Z4,Cymbopogon excavatus,33.7,Unfenced,TFB,Moderate,6735
2024,B,4,Z4,Melinis repens,31.6,Unfenced,TFB,Moderate,6240
2024,B,4,Z4,Heteropogon contortus,31,Unfenced,TFB,Moderate,6099
2024,B,4,Z4,Eragrostis gummiflua,26.4,Unfenced,TFB,Moderate,5029
2024,B,5,Z1,Cynodon dactylon,13.2,Fenced,THF,Moderate,2095
2024,B,5,Z1,Heteropogon contortus,10.8,Fenced,THF,Moderate,1598
2024,B,5,Z1,Setaria pumila,11.6,Fenced,THF,Moderate,1761
2024,B,5,Z1,Aristida congesta b,11,Fenced,THF,Moderate,1638
2024,B,5,Z1,Heteropogon contortus,14.5,Fenced,THF,Moderate,2370
2024,B,5,Z1,Melinis repens,14.6,Fenced,THF,Moderate,2392
2024,B,5,Z1,Hyperrhenia filipendula,14,Fenced,THF,Moderate,2264
2024,B,5,Z1,Themeda triandra,14.9,Fenced,THF,Moderate,2456
2024,B,5,Z1,Cynodon dactylon,4.3,Fenced,THF,Moderate,388
2024,B,5,Z1,Heteropogon contortus,5.5,Fenced,THF,Moderate,588
2024,B,5,Z1,Cymbopogon excavatus,10.1,Fenced,THF,Moderate,1456
2024,B,5,Z1,NA,9.7,Fenced,THF,Moderate,1376
2024,B,5,Z1,Cynodon dactylon,13.9,Fenced,THF,Moderate,2243
2024,B,5,Z1,Cymbopogon excavatus,8.2,Fenced,THF,Moderate,1083
2024,B,5,Z1,Setaria pumila,8.5,Fenced,THF,Moderate,1141
2024,B,5,Z1,NA,9.1,Fenced,THF,Moderate,1258
2024,B,5,Z1,Bothriochloa insculpta,9.7,Fenced,THF,Moderate,1376
2024,B,5,Z1,Heteropogon contortus,8.6,Fenced,THF,Moderate,1160
2024,B,5,Z1,NA,7.1,Fenced,THF,Moderate,875
2024,B,5,Z1,NA,7.5,Fenced,THF,Moderate,950
2024,B,5,Z2,Cynodon dactylon,12.5,Unfenced,THF,Moderate,1948
2024,B,5,Z2,Heteropogon contortus,10,Unfenced,THF,Moderate,1436
2024,B,5,Z2,Aristida congesta b,10.1,Unfenced,THF,Moderate,1456
2024,B,5,Z2,Melinis repens,9.9,Unfenced,THF,Moderate,1416
2024,B,5,Z2,Cynodon dactylon,5,Unfenced,THF,Moderate,503
2024,B,5,Z2,Heteropogon contortus,3.4,Unfenced,THF,Moderate,252
2024,B,5,Z2,Setaria pumila,4.1,Unfenced,THF,Moderate,357
2024,B,5,Z2,NA,4.2,Unfenced,THF,Moderate,372
2024,B,5,Z2,Heteropogon contortus,6,Unfenced,THF,Moderate,675
2024,B,5,Z2,Eragrostis superba,7.1,Unfenced,THF,Moderate,875
2024,B,5,Z2,Bothriochloa insculpta,6.4,Unfenced,THF,Moderate,747
2024,B,5,Z2,Themeda triandra,5.8,Unfenced,THF,Moderate,640
2024,B,5,Z2,Setaria pumila,20.4,Unfenced,THF,Moderate,3664
2024,B,5,Z2,Heteropogon contortus,11.8,Unfenced,THF,Moderate,1803
2024,B,5,Z2,Brachiaria serrata,8.8,Unfenced,THF,Moderate,1199
2024,B,5,Z2,Aristida congesta b,9.7,Unfenced,THF,Moderate,1376
2024,B,5,Z2,Eragrostis superba,6.9,Unfenced,THF,Moderate,838
2024,B,5,Z2,Setaria pumila,10.1,Unfenced,THF,Moderate,1456
2024,B,5,Z2,Heteropogon contortus,10.4,Unfenced,THF,Moderate,1517
2024,B,5,Z2,Cymbopogon excavatus,10.4,Unfenced,THF,Moderate,1517
2024,B,5,Z3,Heteropogon contortus,8.6,Fenced,THF,Moderate,1160
2024,B,5,Z3,Setaria pumila,6.3,Fenced,THF,Moderate,729
2024,B,5,Z3,NA,6,Fenced,THF,Moderate,675
2024,B,5,Z3,NA,6.1,Fenced,THF,Moderate,693
2024,B,5,Z3,Cynodon dactylon,6.3,Fenced,THF,Moderate,729
2024,B,5,Z3,Heteropogon contortus,17.1,Fenced,THF,Moderate,2933
2024,B,5,Z3,Eragrostis superba,16.8,Fenced,THF,Moderate,2867
2024,B,5,Z3,Setaria pumila,8.5,Fenced,THF,Moderate,1141
2024,B,5,Z3,Cymbopogon plurinodis,12.1,Fenced,THF,Moderate,1865
2024,B,5,Z3,Cynodon dactylon,9.5,Fenced,THF,Moderate,1337
2024,B,5,Z3,Heteropogon contortus,9.7,Fenced,THF,Moderate,1376
2024,B,5,Z3,Eragrostis superba,9.6,Fenced,THF,Moderate,1356
2024,B,5,Z3,Heteropogon contortus,7.5,Fenced,THF,Moderate,950
2024,B,5,Z3,Setaria pumila,6,Fenced,THF,Moderate,675
2024,B,5,Z3,NA,2,Fenced,THF,Moderate,75
2024,B,5,Z3,NA,3.9,Fenced,THF,Moderate,326
2024,B,5,Z3,Aristida congesta b,5.7,Fenced,THF,Moderate,622
2024,B,5,Z3,Heteropogon contortus,5.3,Fenced,THF,Moderate,553
2024,B,5,Z3,Eragrostis gummiflua,8.4,Fenced,THF,Moderate,1121
2024,B,5,Z3,NA,6.5,Fenced,THF,Moderate,765
2024,B,5,Z4,Cynodon dactylon,8.6,Unfenced,THF,Moderate,1160
2024,B,5,Z4,Heteropogon contortus,9.2,Unfenced,THF,Moderate,1277
2024,B,5,Z4,Setaria pumila,13.2,Unfenced,THF,Moderate,2095
2024,B,5,Z4,Aristida congesta b,13.2,Unfenced,THF,Moderate,2095
2024,B,5,Z4,Bothriochloa insculpta,10.7,Unfenced,THF,Moderate,1577
2024,B,5,Z4,Heteropogon contortus,3.1,Unfenced,THF,Moderate,209
2024,B,5,Z4,Eragrostis superba,8.5,Unfenced,THF,Moderate,1141
2024,B,5,Z4,NA,6.5,Unfenced,THF,Moderate,765
2024,B,5,Z4,Cynodon dactylon,13.6,Unfenced,THF,Moderate,2179
2024,B,5,Z4,Eragrostis rigidior,12.1,Unfenced,THF,Moderate,1865
2024,B,5,Z4,Digitaria eriantha,9.4,Unfenced,THF,Moderate,1317
2024,B,5,Z4,Sporobolus africanus,10.1,Unfenced,THF,Moderate,1456
2024,B,5,Z4,Heteropogon contortus,9.3,Unfenced,THF,Moderate,1297
2024,B,5,Z4,Eragrostis superba,10,Unfenced,THF,Moderate,1436
2024,B,5,Z4,Bothriochloa insculpta,12,Unfenced,THF,Moderate,1844
2024,B,5,Z4,Themeda triandra,12.5,Unfenced,THF,Moderate,1948
2024,B,5,Z4,Heteropogon contortus,8.8,Unfenced,THF,Moderate,1199
2024,B,5,Z4,Eragrostis superba,7.7,Unfenced,THF,Moderate,987
2024,B,5,Z4,Bothriochloa insculpta,6.4,Unfenced,THF,Moderate,747
2024,B,5,Z4,Aristida adscensionis,7,Unfenced,THF,Moderate,856
2024,C,1,Z1,NA,0,Fenced,C,High,0
2024,C,1,Z1,NA,0,Fenced,C,High,0
2024,C,1,Z1,NA,0,Fenced,C,High,0
2024,C,1,Z1,NA,0,Fenced,C,High,0
2024,C,1,Z1,Cynodon dactylon,5.8,Fenced,C,High,640
2024,C,1,Z1,Aristida adscensionis,6.8,Fenced,C,High,820
2024,C,1,Z1,NA,6.8,Fenced,C,High,820
2024,C,1,Z1,NA,6.1,Fenced,C,High,693
2024,C,1,Z1,Heteropogon contortus,2.5,Fenced,C,High,132
2024,C,1,Z1,Brachiaria brizantha,2.4,Fenced,C,High,120
2024,C,1,Z1,NA,2.7,Fenced,C,High,156
2024,C,1,Z1,NA,2.5,Fenced,C,High,132
2024,C,1,Z1,Setaria incrassata,4.6,Fenced,C,High,436
2024,C,1,Z1,Heteropogon contortus,4.2,Fenced,C,High,372
2024,C,1,Z1,NA,4.4,Fenced,C,High,404
2024,C,1,Z1,NA,4.6,Fenced,C,High,436
2024,C,1,Z1,Heteropogon contortus,2,Fenced,C,High,75
2024,C,1,Z1,NA,2.4,Fenced,C,High,120
2024,C,1,Z1,NA,2.4,Fenced,C,High,120
2024,C,1,Z1,NA,2.3,Fenced,C,High,108
2024,C,1,Z2,Setaria incrassata,4.1,Fenced,C,High,357
2024,C,1,Z2,Heteropogon contortus,2.9,Fenced,C,High,182
2024,C,1,Z2,NA,3.3,Fenced,C,High,237
2024,C,1,Z2,NA,4.8,Fenced,C,High,469
2024,C,1,Z2,Eragrostis gummiflua,2.2,Fenced,C,High,97
2024,C,1,Z2,Heteropogon contortus,4,Fenced,C,High,341
2024,C,1,Z2,NA,2.4,Fenced,C,High,120
2024,C,1,Z2,NA,4.1,Fenced,C,High,357
2024,C,1,Z2,Sporobolus africanus,3.3,Fenced,C,High,237
2024,C,1,Z2,Aristida  canescens,3.9,Fenced,C,High,326
2024,C,1,Z2,Brachiaria brizantha,3.6,Fenced,C,High,281
2024,C,1,Z2,Eragrostis gummiflua,3.5,Fenced,C,High,266
2024,C,1,Z2,Heteropogon contortus,5.3,Fenced,C,High,553
2024,C,1,Z2,Panicum maximum,5,Fenced,C,High,503
2024,C,1,Z2,NA,5,Fenced,C,High,503
2024,C,1,Z2,NA,4.7,Fenced,C,High,453
2024,C,1,Z2,Hyperrhenia filipendula,1.9,Fenced,C,High,65
2024,C,1,Z2,NA,2.1,Fenced,C,High,86
2024,C,1,Z2,NA,2.8,Fenced,C,High,169
2024,C,1,Z2,NA,2,Fenced,C,High,75
2024,C,1,Z3,Setaria incrassata,3.9,Unfenced,C,High,326
2024,C,1,Z3,Melinis repens,3.9,Unfenced,C,High,326
2024,C,1,Z3,NA,4,Unfenced,C,High,341
2024,C,1,Z3,NA,4.1,Unfenced,C,High,357
2024,C,1,Z3,Heteropogon contortus,2.2,Unfenced,C,High,97
2024,C,1,Z3,NA,3,Unfenced,C,High,196
2024,C,1,Z3,NA,2.6,Unfenced,C,High,144
2024,C,1,Z3,NA,2.8,Unfenced,C,High,169
2024,C,1,Z3,Heteropogon contortus,3.5,Unfenced,C,High,266
2024,C,1,Z3,Melinis repens,3.8,Unfenced,C,High,311
2024,C,1,Z3,NA,3.2,Unfenced,C,High,223
2024,C,1,Z3,NA,3.1,Unfenced,C,High,209
2024,C,1,Z3,Eragrostis gummiflua,4.4,Unfenced,C,High,404
2024,C,1,Z3,Panicum maximum,4.1,Unfenced,C,High,357
2024,C,1,Z3,Digitaria eriantha,3.2,Unfenced,C,High,223
2024,C,1,Z3,NA,2.1,Unfenced,C,High,86
2024,C,1,Z3,Eragrostis gummiflua,3.6,Unfenced,C,High,281
2024,C,1,Z3,Heteropogon contortus,3.1,Unfenced,C,High,209
2024,C,1,Z3,Setaria incrassata,3.1,Unfenced,C,High,209
2024,C,1,Z3,NA,3.3,Unfenced,C,High,237
2024,C,1,Z4,Heteropogon contortus,2.6,Unfenced,C,High,144
2024,C,1,Z4,Melinis repens,3.5,Unfenced,C,High,266
2024,C,1,Z4,NA,3,Unfenced,C,High,196
2024,C,1,Z4,NA,2.8,Unfenced,C,High,169
2024,C,1,Z4,Heteropogon contortus,4.9,Unfenced,C,High,486
2024,C,1,Z4,Setaria incrassata,5,Unfenced,C,High,503
2024,C,1,Z4,NA,4.4,Unfenced,C,High,404
2024,C,1,Z4,NA,4.4,Unfenced,C,High,404
2024,C,1,Z4,Heteropogon contortus,3.7,Unfenced,C,High,296
2024,C,1,Z4,Digitaria eriantha,3.7,Unfenced,C,High,296
2024,C,1,Z4,NA,3.5,Unfenced,C,High,266
2024,C,1,Z4,NA,3.4,Unfenced,C,High,252
2024,C,1,Z4,Heteropogon contortus,4.4,Unfenced,C,High,404
2024,C,1,Z4,NA,3.8,Unfenced,C,High,311
2024,C,1,Z4,NA,3.3,Unfenced,C,High,237
2024,C,1,Z4,NA,3.6,Unfenced,C,High,281
2024,C,1,Z4,Eragrostis gummiflua,2.5,Unfenced,C,High,132
2024,C,1,Z4,NA,2.3,Unfenced,C,High,108
2024,C,1,Z4,NA,2.3,Unfenced,C,High,108
2024,C,1,Z4,NA,2.2,Unfenced,C,High,97
2024,C,2,Z1,Panicum maximum,4.4,Fenced,TFB,High,404
2024,C,2,Z1,NA,3.9,Fenced,TFB,High,326
2024,C,2,Z1,NA,6.2,Fenced,TFB,High,711
2024,C,2,Z1,NA,3.5,Fenced,TFB,High,266
2024,C,2,Z1,Panicum maximum,8.1,Fenced,TFB,High,1064
2024,C,2,Z1,Eragrostis superba,7.3,Fenced,TFB,High,912
2024,C,2,Z1,Heteropogon contortus,6.9,Fenced,TFB,High,838
2024,C,2,Z1,NA,6.2,Fenced,TFB,High,711
2024,C,2,Z1,Panicum maximum,4,Fenced,TFB,High,341
2024,C,2,Z1,NA,4.3,Fenced,TFB,High,388
2024,C,2,Z1,NA,4,Fenced,TFB,High,341
2024,C,2,Z1,NA,4.1,Fenced,TFB,High,357
2024,C,2,Z1,Panicum maximum,1.9,Fenced,TFB,High,65
2024,C,2,Z1,NA,2.5,Fenced,TFB,High,132
2024,C,2,Z1,NA,2.5,Fenced,TFB,High,132
2024,C,2,Z1,NA,2.6,Fenced,TFB,High,144
2024,C,2,Z1,Eragrostis rigidior,2.2,Fenced,TFB,High,97
2024,C,2,Z1,Eragrostis gummiflua,2.3,Fenced,TFB,High,108
2024,C,2,Z1,NA,2,Fenced,TFB,High,75
2024,C,2,Z1,NA,3,Fenced,TFB,High,196
2024,C,2,Z2,Panicum maximum,4.3,Unfenced,TFB,High,388
2024,C,2,Z2,NA,5,Unfenced,TFB,High,503
2024,C,2,Z2,NA,5.3,Unfenced,TFB,High,553
2024,C,2,Z2,NA,5,Unfenced,TFB,High,503
2024,C,2,Z2,Panicum maximum,4.3,Unfenced,TFB,High,388
2024,C,2,Z2,NA,5,Unfenced,TFB,High,503
2024,C,2,Z2,NA,5.3,Unfenced,TFB,High,553
2024,C,2,Z2,NA,5,Unfenced,TFB,High,503
2024,C,2,Z2,Panicum maximum,4.2,Unfenced,TFB,High,372
2024,C,2,Z2,NA,3.6,Unfenced,TFB,High,281
2024,C,2,Z2,NA,4,Unfenced,TFB,High,341
2024,C,2,Z2,NA,3.7,Unfenced,TFB,High,296
2024,C,2,Z2,NA,0,Unfenced,TFB,High,0
2024,C,2,Z2,NA,0,Unfenced,TFB,High,0
2024,C,2,Z2,NA,0,Unfenced,TFB,High,0
2024,C,2,Z2,NA,0,Unfenced,TFB,High,0
2024,C,2,Z2,Panicum maximum,6.7,Unfenced,TFB,High,801
2024,C,2,Z2,NA,6.9,Unfenced,TFB,High,838
2024,C,2,Z2,NA,6.4,Unfenced,TFB,High,747
2024,C,2,Z2,NA,6.4,Unfenced,TFB,High,747
2024,C,2,Z3,Digitaria eriantha,5.3,Fenced,TFB,High,553
2024,C,2,Z3,Heteropogon contortus,5.1,Fenced,TFB,High,519
2024,C,2,Z3,Eragrostis rigidior,6.1,Fenced,TFB,High,693
2024,C,2,Z3,NA,6.2,Fenced,TFB,High,711
2024,C,2,Z3,Eragrostis rigidior,1.7,Fenced,TFB,High,47
2024,C,2,Z3,NA,2.8,Fenced,TFB,High,169
2024,C,2,Z3,NA,2.8,Fenced,TFB,High,169
2024,C,2,Z3,NA,2.8,Fenced,TFB,High,169
2024,C,2,Z3,Panicum maximum,20.7,Fenced,TFB,High,3731
2024,C,2,Z3,NA,19.4,Fenced,TFB,High,3441
2024,C,2,Z3,NA,26.5,Fenced,TFB,High,5052
2024,C,2,Z3,NA,24,Fenced,TFB,High,4478
2024,C,2,Z3,Panicum maximum,10.3,Fenced,TFB,High,1496
2024,C,2,Z3,NA,7.8,Fenced,TFB,High,1006
2024,C,2,Z3,NA,6.8,Fenced,TFB,High,820
2024,C,2,Z3,NA,7.8,Fenced,TFB,High,1006
2024,C,2,Z3,Eragrostis viscosa,1.9,Fenced,TFB,High,65
2024,C,2,Z3,Eragrostis gummiflua,1.8,Fenced,TFB,High,56
2024,C,2,Z3,NA,1.7,Fenced,TFB,High,47
2024,C,2,Z3,NA,2,Fenced,TFB,High,75
2024,C,2,Z4,Panicum maximum,3,Unfenced,TFB,High,196
2024,C,2,Z4,NA,3.1,Unfenced,TFB,High,209
2024,C,2,Z4,NA,2.8,Unfenced,TFB,High,169
2024,C,2,Z4,NA,3.3,Unfenced,TFB,High,237
2024,C,2,Z4,Brachiaria brizantha,8,Unfenced,TFB,High,1044
2024,C,2,Z4,Eragrostis rigidior,7.2,Unfenced,TFB,High,894
2024,C,2,Z4,NA,8.4,Unfenced,TFB,High,1121
2024,C,2,Z4,NA,9.1,Unfenced,TFB,High,1258
2024,C,2,Z4,Panicum maximum,4.7,Unfenced,TFB,High,453
2024,C,2,Z4,NA,4.9,Unfenced,TFB,High,486
2024,C,2,Z4,NA,5.3,Unfenced,TFB,High,553
2024,C,2,Z4,NA,6.1,Unfenced,TFB,High,693
2024,C,2,Z4,Panicum maximum,3.8,Unfenced,TFB,High,311
2024,C,2,Z4,NA,4,Unfenced,TFB,High,341
2024,C,2,Z4,NA,3.9,Unfenced,TFB,High,326
2024,C,2,Z4,NA,3.3,Unfenced,TFB,High,237
2024,C,2,Z4,NA,0,Unfenced,TFB,High,0
2024,C,2,Z4,NA,0,Unfenced,TFB,High,0
2024,C,2,Z4,NA,0,Unfenced,TFB,High,0
2024,C,2,Z4,NA,0,Unfenced,TFB,High,0
2024,C,3,Z1,Heteropogon contortus,12.2,Fenced,TF,High,1885
2024,C,3,Z1,Eragrostis rigidior,11.8,Fenced,TF,High,1803
2024,C,3,Z1,Pogonarthria squarrosa,11.2,Fenced,TF,High,1679
2024,C,3,Z1,NA,10.6,Fenced,TF,High,1557
2024,C,3,Z1,Heteropogon contortus,8.8,Fenced,TF,High,1199
2024,C,3,Z1,Digitaria eriantha,8.6,Fenced,TF,High,1160
2024,C,3,Z1,Brachiaria brizantha,8.4,Fenced,TF,High,1121
2024,C,3,Z1,NA,8.3,Fenced,TF,High,1102
2024,C,3,Z1,Heteropogon contortus,4.9,Fenced,TF,High,486
2024,C,3,Z1,Panicum maximum,4.3,Fenced,TF,High,388
2024,C,3,Z1,Digitaria eriantha,4,Fenced,TF,High,341
2024,C,3,Z1,Melinis repens,5.9,Fenced,TF,High,658
2024,C,3,Z1,Heteropogon contortus,4.2,Fenced,TF,High,372
2024,C,3,Z1,NA,4,Fenced,TF,High,341
2024,C,3,Z1,NA,4.3,Fenced,TF,High,388
2024,C,3,Z1,NA,5.1,Fenced,TF,High,519
2024,C,3,Z1,Heteropogon contortus,2.2,Fenced,TF,High,97
2024,C,3,Z1,Panicum maximum,3.6,Fenced,TF,High,281
2024,C,3,Z1,NA,3.8,Fenced,TF,High,311
2024,C,3,Z1,NA,3.5,Fenced,TF,High,266
2024,C,3,Z2,Digitaria eriantha,2.4,Fenced,TF,High,120
2024,C,3,Z2,Pogonarthria squarrosa,3.2,Fenced,TF,High,223
2024,C,3,Z2,Brachiaria brizantha,3.2,Fenced,TF,High,223
2024,C,3,Z2,Setaria incrassata,3.3,Fenced,TF,High,237
2024,C,3,Z2,Digitaria eriantha,4.1,Fenced,TF,High,357
2024,C,3,Z2,Pogonarthria squarrosa,4.4,Fenced,TF,High,404
2024,C,3,Z2,Brachiaria brizantha,5.1,Fenced,TF,High,519
2024,C,3,Z2,NA,5.1,Fenced,TF,High,519
2024,C,3,Z2,Panicum maximum,12.8,Fenced,TF,High,2011
2024,C,3,Z2,NA,8.3,Fenced,TF,High,1102
2024,C,3,Z2,NA,7.2,Fenced,TF,High,894
2024,C,3,Z2,NA,6.6,Fenced,TF,High,783
2024,C,3,Z2,Heteropogon contortus,4.4,Fenced,TF,High,404
2024,C,3,Z2,NA,4.6,Fenced,TF,High,436
2024,C,3,Z2,NA,4,Fenced,TF,High,341
2024,C,3,Z2,NA,3.7,Fenced,TF,High,296
2024,C,3,Z2,Pogonarthria squarrosa,5.3,Fenced,TF,High,553
2024,C,3,Z2,Brachiaria brizantha,5.2,Fenced,TF,High,536
2024,C,3,Z2,Heteropogon contortus,4.4,Fenced,TF,High,404
2024,C,3,Z2,NA,4.4,Fenced,TF,High,404
2024,C,3,Z3,Pogonarthria squarrosa,2.2,Unfenced,TF,High,97
2024,C,3,Z3,Setaria incrassata,2.4,Unfenced,TF,High,120
2024,C,3,Z3,Heteropogon contortus,3.8,Unfenced,TF,High,311
2024,C,3,Z3,NA,4.7,Unfenced,TF,High,453
2024,C,3,Z3,Pogonarthria squarrosa,5.9,Unfenced,TF,High,658
2024,C,3,Z3,Heteropogon contortus,5.4,Unfenced,TF,High,570
2024,C,3,Z3,Eragrostis rigidior,4.9,Unfenced,TF,High,486
2024,C,3,Z3,NA,4.7,Unfenced,TF,High,453
2024,C,3,Z3,Pogonarthria squarrosa,2,Unfenced,TF,High,75
2024,C,3,Z3,Eragrostis rigidior,2.5,Unfenced,TF,High,132
2024,C,3,Z3,Digitaria eriantha,3.5,Unfenced,TF,High,266
2024,C,3,Z3,NA,4.9,Unfenced,TF,High,486
2024,C,3,Z3,Heteropogon contortus,3.4,Unfenced,TF,High,252
2024,C,3,Z3,Pogonarthria squarrosa,2.9,Unfenced,TF,High,182
2024,C,3,Z3,Melinis repens,3,Unfenced,TF,High,196
2024,C,3,Z3,NA,2.2,Unfenced,TF,High,97
2024,C,3,Z3,Cynodon dactylon,2.9,Unfenced,TF,High,182
2024,C,3,Z3,Hyperrhenia filipendula,2,Unfenced,TF,High,75
2024,C,3,Z3,NA,4.1,Unfenced,TF,High,357
2024,C,3,Z3,NA,2.9,Unfenced,TF,High,182
2024,C,3,Z4,Pogonarthria squarrosa,2.4,Unfenced,TF,High,120
2024,C,3,Z4,Heteropogon contortus,3.5,Unfenced,TF,High,266
2024,C,3,Z4,Hyperrhenia filipendula,4.2,Unfenced,TF,High,372
2024,C,3,Z4,NA,4,Unfenced,TF,High,341
2024,C,3,Z4,Melinis repens,4.4,Unfenced,TF,High,404
2024,C,3,Z4,Eragrostis rigidior,5.2,Unfenced,TF,High,536
2024,C,3,Z4,Digitaria eriantha,6.5,Unfenced,TF,High,765
2024,C,3,Z4,Brachiaria brizantha,5.5,Unfenced,TF,High,588
2024,C,3,Z4,Pogonarthria squarrosa,4.9,Unfenced,TF,High,486
2024,C,3,Z4,Eragrostis rigidior,6.9,Unfenced,TF,High,838
2024,C,3,Z4,Digitaria eriantha,4.9,Unfenced,TF,High,486
2024,C,3,Z4,NA,4.5,Unfenced,TF,High,420
2024,C,3,Z4,Heteropogon contortus,5.3,Unfenced,TF,High,553
2024,C,3,Z4,Digitaria eriantha,5.5,Unfenced,TF,High,588
2024,C,3,Z4,Brachiaria brizantha,5.3,Unfenced,TF,High,553
2024,C,3,Z4,NA,4.6,Unfenced,TF,High,436
2024,C,3,Z4,Eragrostis rigidior,4,Unfenced,TF,High,341
2024,C,3,Z4,Digitaria eriantha,5.5,Unfenced,TF,High,588
2024,C,3,Z4,Brachiaria brizantha,4.4,Unfenced,TF,High,404
2024,C,3,Z4,Pogonarthria squarrosa,4.1,Unfenced,TF,High,357
2024,C,4,Z1,Heteropogon contortus,3.4,Fenced,F,High,252
2024,C,4,Z1,Eragrostis rigidior,5.8,Fenced,F,High,640
2024,C,4,Z1,NA,4.8,Fenced,F,High,469
2024,C,4,Z1,NA,4.4,Fenced,F,High,404
2024,C,4,Z1,Pogonarthria squarrosa,3.2,Fenced,F,High,223
2024,C,4,Z1,Heteropogon contortus,3.8,Fenced,F,High,311
2024,C,4,Z1,Panicum maximum,3.7,Fenced,F,High,296
2024,C,4,Z1,NA,4.3,Fenced,F,High,388
2024,C,4,Z1,Eragrostis rigidior,2.7,Fenced,F,High,156
2024,C,4,Z1,Digitaria eriantha,4.8,Fenced,F,High,469
2024,C,4,Z1,NA,4.6,Fenced,F,High,436
2024,C,4,Z1,NA,4.7,Fenced,F,High,453
2024,C,4,Z1,Pogonarthria squarrosa,2.9,Fenced,F,High,182
2024,C,4,Z1,Heteropogon contortus,3.8,Fenced,F,High,311
2024,C,4,Z1,NA,3.7,Fenced,F,High,296
2024,C,4,Z1,NA,3.6,Fenced,F,High,281
2024,C,4,Z1,Heteropogon contortus,4.2,Fenced,F,High,372
2024,C,4,Z1,Panicum maximum,6.4,Fenced,F,High,747
2024,C,4,Z1,Digitaria eriantha,7.1,Fenced,F,High,875
2024,C,4,Z1,NA,6.8,Fenced,F,High,820
2024,C,4,Z2,Heteropogon contortus,3,Fenced,F,High,196
2024,C,4,Z2,Aristida congesta c,3.1,Fenced,F,High,209
2024,C,4,Z2,NA,2.9,Fenced,F,High,182
2024,C,4,Z2,NA,2.8,Fenced,F,High,169
2024,C,4,Z2,Pogonarthria squarrosa,8,Fenced,F,High,1044
2024,C,4,Z2,Heteropogon contortus,7.1,Fenced,F,High,875
2024,C,4,Z2,Panicum maximum,6.6,Fenced,F,High,783
2024,C,4,Z2,Digitaria eriantha,5.8,Fenced,F,High,640
2024,C,4,Z2,Heteropogon contortus,6.6,Fenced,F,High,783
2024,C,4,Z2,Digitaria eriantha,6.2,Fenced,F,High,711
2024,C,4,Z2,Eragrostis rigidior,6.3,Fenced,F,High,729
2024,C,4,Z2,Setaria incrassata,6.5,Fenced,F,High,765
2024,C,4,Z2,Pogonarthria squarrosa,3.6,Fenced,F,High,281
2024,C,4,Z2,Heteropogon contortus,3.7,Fenced,F,High,296
2024,C,4,Z2,Panicum maximum,5.3,Fenced,F,High,553
2024,C,4,Z2,Aristida congesta b,4.5,Fenced,F,High,420
2024,C,4,Z2,Pogonarthria squarrosa,6.6,Fenced,F,High,783
2024,C,4,Z2,Heteropogon contortus,5.8,Fenced,F,High,640
2024,C,4,Z2,NA,5,Fenced,F,High,503
2024,C,4,Z2,NA,5,Fenced,F,High,503
2024,C,4,Z3,Heteropogon contortus,5.4,Unfenced,F,High,570
2024,C,4,Z3,Eragrostis gummiflua,5,Unfenced,F,High,503
2024,C,4,Z3,Digitaria eriantha,4.8,Unfenced,F,High,469
2024,C,4,Z3,Eragrostis rigidior,5,Unfenced,F,High,503
2024,C,4,Z3,Heteropogon contortus,5.4,Unfenced,F,High,570
2024,C,4,Z3,Eragrostis gummiflua,5.4,Unfenced,F,High,570
2024,C,4,Z3,Pogonarthria squarrosa,5.5,Unfenced,F,High,588
2024,C,4,Z3,Panicum maximum,5.4,Unfenced,F,High,570
2024,C,4,Z3,Heteropogon contortus,4,Unfenced,F,High,341
2024,C,4,Z3,Melinis repens,7.8,Unfenced,F,High,1006
2024,C,4,Z3,Aristida adscensionis,4.7,Unfenced,F,High,453
2024,C,4,Z3,Panicum maximum,2.3,Unfenced,F,High,108
2024,C,4,Z3,Digitaria eriantha,2.7,Unfenced,F,High,156
2024,C,4,Z3,Eragrostis gummiflua,2.8,Unfenced,F,High,169
2024,C,4,Z3,NA,2.5,Unfenced,F,High,132
2024,C,4,Z3,Heteropogon contortus,6.7,Unfenced,F,High,801
2024,C,4,Z3,Panicum maximum,5.5,Unfenced,F,High,588
2024,C,4,Z3,NA,5,Unfenced,F,High,503
2024,C,4,Z3,NA,5.4,Unfenced,F,High,570
2024,C,4,Z3,NA,5.3,Unfenced,F,High,553
2024,C,4,Z4,Hyperrhenia filipendula,22,Unfenced,F,High,4024
2024,C,4,Z4,Eragrostis gummiflua,19,Unfenced,F,High,3352
2024,C,4,Z4,Pogonarthria squarrosa,14.3,Unfenced,F,High,2328
2024,C,4,Z4,Panicum maximum,14.1,Unfenced,F,High,2285
2024,C,4,Z4,Setaria incrassata,18.3,Unfenced,F,High,3197
2024,C,4,Z4,Hyperrhenia filipendula,20.9,Unfenced,F,High,3776
2024,C,4,Z4,NA,30,Unfenced,F,High,5865
2024,C,4,Z4,NA,18.8,Unfenced,F,High,3307
2024,C,4,Z4,Eragrostis gummiflua,8.7,Unfenced,F,High,1179
2024,C,4,Z4,Heteropogon contortus,7.6,Unfenced,F,High,968
2024,C,4,Z4,Aristida adscensionis,5.8,Unfenced,F,High,640
2024,C,4,Z4,NA,5.4,Unfenced,F,High,570
2024,C,4,Z4,Heteropogon contortus,1.7,Unfenced,F,High,47
2024,C,4,Z4,Aristida adscensionis,1.4,Unfenced,F,High,23
2024,C,4,Z4,NA,1.6,Unfenced,F,High,38
2024,C,4,Z4,NA,2.1,Unfenced,F,High,86
2024,C,4,Z4,Aristida adscensionis,3.9,Unfenced,F,High,326
2024,C,4,Z4,Brachiaria brizantha,2.9,Unfenced,F,High,182
2024,C,4,Z4,Chloris virgata,2.9,Unfenced,F,High,182
2024,C,4,Z4,NA,3.2,Unfenced,F,High,223
2024,C,5,Z1,Eragrostis gummiflua,6.7,Fenced,THF,High,801
2024,C,5,Z1,Digitaria eriantha,6,Fenced,THF,High,675
2024,C,5,Z1,NA,5.5,Fenced,THF,High,588
2024,C,5,Z1,NA,5.1,Fenced,THF,High,519
2024,C,5,Z1,Digitaria eriantha,5,Fenced,THF,High,503
2024,C,5,Z1,Heteropogon contortus,5.3,Fenced,THF,High,553
2024,C,5,Z1,NA,5.2,Fenced,THF,High,536
2024,C,5,Z1,NA,5,Fenced,THF,High,503
2024,C,5,Z1,Pogonarthria squarrosa,4.9,Fenced,THF,High,486
2024,C,5,Z1,Heteropogon contortus,5.2,Fenced,THF,High,536
2024,C,5,Z1,Digitaria eriantha,5.2,Fenced,THF,High,536
2024,C,5,Z1,Eragrostis rigidior,4.2,Fenced,THF,High,372
2024,C,5,Z1,Pogonarthria squarrosa,9.8,Fenced,THF,High,1396
2024,C,5,Z1,Digitaria eriantha,8.4,Fenced,THF,High,1121
2024,C,5,Z1,NA,7.1,Fenced,THF,High,875
2024,C,5,Z1,NA,7.5,Fenced,THF,High,950
2024,C,5,Z1,Panicum maximum,12.5,Fenced,THF,High,1948
2024,C,5,Z1,Melinis repens,5.5,Fenced,THF,High,588
2024,C,5,Z1,NA,8.4,Fenced,THF,High,1121
2024,C,5,Z1,NA,5.9,Fenced,THF,High,658
2024,C,5,Z2,Heteropogon contortus,7.5,Fenced,THF,High,950
2024,C,5,Z2,NA,7.4,Fenced,THF,High,931
2024,C,5,Z2,NA,7.3,Fenced,THF,High,912
2024,C,5,Z2,NA,7.1,Fenced,THF,High,875
2024,C,5,Z2,Heteropogon contortus,2.3,Fenced,THF,High,108
2024,C,5,Z2,Brachiaria brizantha,1.9,Fenced,THF,High,65
2024,C,5,Z2,NA,2.3,Fenced,THF,High,108
2024,C,5,Z2,NA,2.6,Fenced,THF,High,144
2024,C,5,Z2,Pogonarthria squarrosa,5.6,Fenced,THF,High,605
2024,C,5,Z2,Perotis patens,5.3,Fenced,THF,High,553
2024,C,5,Z2,Digitaria eriantha,5.1,Fenced,THF,High,519
2024,C,5,Z2,NA,5,Fenced,THF,High,503
2024,C,5,Z2,Heteropogon contortus,5.6,Fenced,THF,High,605
2024,C,5,Z2,Pogonarthria squarrosa,6,Fenced,THF,High,675
2024,C,5,Z2,Diheteropogon amplectens,6,Fenced,THF,High,675
2024,C,5,Z2,Perotis patens,5.8,Fenced,THF,High,640
2024,C,5,Z2,Panicum maximum,6.7,Fenced,THF,High,801
2024,C,5,Z2,Digitaria eriantha,6.6,Fenced,THF,High,783
2024,C,5,Z2,NA,6.5,Fenced,THF,High,765
2024,C,5,Z2,NA,6.3,Fenced,THF,High,729
2024,C,5,Z3,Eragrostis gummiflua,3.1,Unfenced,THF,High,209
2024,C,5,Z3,Panicum maximum,3.1,Unfenced,THF,High,209
2024,C,5,Z3,Heteropogon contortus,3.1,Unfenced,THF,High,209
2024,C,5,Z3,Aristida adscensionis,2.4,Unfenced,THF,High,120
2024,C,5,Z3,Eragrostis gummiflua,5.9,Unfenced,THF,High,658
2024,C,5,Z3,Aristida adscensionis,5.5,Unfenced,THF,High,588
2024,C,5,Z3,Digitaria eriantha,5.2,Unfenced,THF,High,536
2024,C,5,Z3,Eragrostis viscosa,4.9,Unfenced,THF,High,486
2024,C,5,Z3,NA,0,Unfenced,THF,High,0
2024,C,5,Z3,NA,0,Unfenced,THF,High,0
2024,C,5,Z3,NA,0,Unfenced,THF,High,0
2024,C,5,Z3,NA,0,Unfenced,THF,High,0
2024,C,5,Z3,Panicum maximum,8.8,Unfenced,THF,High,1199
2024,C,5,Z3,Digitaria eriantha,5.4,Unfenced,THF,High,570
2024,C,5,Z3,NA,4.2,Unfenced,THF,High,372
2024,C,5,Z3,NA,5.7,Unfenced,THF,High,622
2024,C,5,Z3,Panicum maximum,4.2,Unfenced,THF,High,372
2024,C,5,Z3,NA,5.3,Unfenced,THF,High,553
2024,C,5,Z3,NA,7.7,Unfenced,THF,High,987
2024,C,5,Z3,NA,7.4,Unfenced,THF,High,931
2024,C,5,Z4,Eragrostis gummiflua,3.3,Unfenced,THF,High,237
2024,C,5,Z4,Pogonarthria squarrosa,2.9,Unfenced,THF,High,182
2024,C,5,Z4,Eragrostis superba,3.5,Unfenced,THF,High,266
2024,C,5,Z4,NA,3.1,Unfenced,THF,High,209
2024,C,5,Z4,Digitaria eriantha,7.8,Unfenced,THF,High,1006
2024,C,5,Z4,Heteropogon contortus,7.1,Unfenced,THF,High,875
2024,C,5,Z4,Eragrostis rigidior,6.6,Unfenced,THF,High,783
2024,C,5,Z4,NA,6.2,Unfenced,THF,High,711
2024,C,5,Z4,Eragrostis gummiflua,3.3,Unfenced,THF,High,237
2024,C,5,Z4,Digitaria eriantha,3.2,Unfenced,THF,High,223
2024,C,5,Z4,Heteropogon contortus,3.2,Unfenced,THF,High,223
2024,C,5,Z4,Brachiaria brizantha,3.1,Unfenced,THF,High,209
2024,C,5,Z4,Panicum maximum,4,Unfenced,THF,High,341
2024,C,5,Z4,NA,4.7,Unfenced,THF,High,453
2024,C,5,Z4,NA,4.6,Unfenced,THF,High,436
2024,C,5,Z4,NA,5,Unfenced,THF,High,503
2024,C,5,Z4,Heteropogon contortus,6.6,Unfenced,THF,High,783
2024,C,5,Z4,Pogonarthria squarrosa,4.8,Unfenced,THF,High,469
2024,C,5,Z4,Aristida adscensionis,3.8,Unfenced,THF,High,311
2024,C,5,Z4,Brachiaria brizantha,4,Unfenced,THF,High,341
2024,D,1,Z1,Brachiaria nigropedata,1.8,Fenced,C,High,56
2024,D,1,Z1,Eragrostis rigidior,2.9,Fenced,C,High,182
2024,D,1,Z1,Heteropogon contortus,2.9,Fenced,C,High,182
2024,D,1,Z1,NA,2.7,Fenced,C,High,156
2024,D,1,Z1,NA,0,Fenced,C,High,0
2024,D,1,Z1,NA,0,Fenced,C,High,0
2024,D,1,Z1,NA,0,Fenced,C,High,0
2024,D,1,Z1,NA,0,Fenced,C,High,0
2024,D,1,Z1,Eragrostis rigidior,6.8,Fenced,C,High,820
2024,D,1,Z1,Heteropogon contortus,6.6,Fenced,C,High,783
2024,D,1,Z1,NA,5.5,Fenced,C,High,588
2024,D,1,Z1,NA,5,Fenced,C,High,503
2024,D,1,Z1,Brachiaria nigropedata,2.6,Fenced,C,High,144
2024,D,1,Z1,Chloris virgata,2.6,Fenced,C,High,144
2024,D,1,Z1,NA,2.6,Fenced,C,High,144
2024,D,1,Z1,NA,2.6,Fenced,C,High,144
2024,D,1,Z1,Eragrostis rigidior,17.3,Fenced,C,High,2977
2024,D,1,Z1,Sporobolus ioclados,12.7,Fenced,C,High,1990
2024,D,1,Z1,NA,12.8,Fenced,C,High,2011
2024,D,1,Z1,NA,12.3,Fenced,C,High,1906
2024,D,1,Z2,Chloris virgata,7.5,Unfenced,C,High,950
2024,D,1,Z2,Aristida adscensionis,5.8,Unfenced,C,High,640
2024,D,1,Z2,NA,5.8,Unfenced,C,High,640
2024,D,1,Z2,NA,6.6,Unfenced,C,High,783
2024,D,1,Z2,Eragrostis rigidior,8,Unfenced,C,High,1044
2024,D,1,Z2,Sporobolus ioclados,11.5,Unfenced,C,High,1741
2024,D,1,Z2,NA,17.2,Unfenced,C,High,2955
2024,D,1,Z2,NA,15.6,Unfenced,C,High,2607
2024,D,1,Z2,Chloris virgata,6.2,Unfenced,C,High,711
2024,D,1,Z2,Brachiaria nigropedata,5.8,Unfenced,C,High,640
2024,D,1,Z2,NA,5.6,Unfenced,C,High,605
2024,D,1,Z2,NA,5.8,Unfenced,C,High,640
2024,D,1,Z2,Enteropogon macrostachyus,6.9,Unfenced,C,High,838
2024,D,1,Z2,Aristida adscensionis,7,Unfenced,C,High,856
2024,D,1,Z2,Digitaria eriantha,6.6,Unfenced,C,High,783
2024,D,1,Z2,NA,6.5,Unfenced,C,High,765
2024,D,1,Z2,Heteropogon contortus,3.2,Unfenced,C,High,223
2024,D,1,Z2,Themeda triandra,8.9,Unfenced,C,High,1218
2024,D,1,Z2,NA,8.4,Unfenced,C,High,1121
2024,D,1,Z2,NA,8.5,Unfenced,C,High,1141
2024,D,1,Z3,Aristida diffusa,11.7,Fenced,C,High,1782
2024,D,1,Z3,Chloris virgata,9,Fenced,C,High,1238
2024,D,1,Z3,NA,11.4,Fenced,C,High,1720
2024,D,1,Z3,NA,10.9,Fenced,C,High,1618
2024,D,1,Z3,Aristida adscensionis,6.6,Fenced,C,High,783
2024,D,1,Z3,Panicum maximum,5.6,Fenced,C,High,605
2024,D,1,Z3,NA,5.6,Fenced,C,High,605
2024,D,1,Z3,NA,6.1,Fenced,C,High,693
2024,D,1,Z3,Heteropogon contortus,2.2,Fenced,C,High,97
2024,D,1,Z3,Aristida adscensionis,2.3,Fenced,C,High,108
2024,D,1,Z3,Digitaria eriantha,2.1,Fenced,C,High,86
2024,D,1,Z3,NA,3.3,Fenced,C,High,237
2024,D,1,Z3,NA,0,Fenced,C,High,0
2024,D,1,Z3,NA,0,Fenced,C,High,0
2024,D,1,Z3,NA,0,Fenced,C,High,0
2024,D,1,Z3,NA,0,Fenced,C,High,0
2024,D,1,Z3,Aristida diffusa,2.3,Fenced,C,High,108
2024,D,1,Z3,Aristida adscensionis,2.3,Fenced,C,High,108
2024,D,1,Z3,NA,2.3,Fenced,C,High,108
2024,D,1,Z3,NA,2.3,Fenced,C,High,108
2024,D,1,Z4,Heteropogon contortus,3,Unfenced,C,High,196
2024,D,1,Z4,Setaria pumila,3,Unfenced,C,High,196
2024,D,1,Z4,NA,3,Unfenced,C,High,196
2024,D,1,Z4,NA,3,Unfenced,C,High,196
2024,D,1,Z4,Enteropogon macrostachyus,9.9,Unfenced,C,High,1416
2024,D,1,Z4,Andropogon eucomus,10.5,Unfenced,C,High,1537
2024,D,1,Z4,Aristida adscensionis,11.1,Unfenced,C,High,1659
2024,D,1,Z4,NA,11.6,Unfenced,C,High,1761
2024,D,1,Z4,Andropogon eucomus,10,Unfenced,C,High,1436
2024,D,1,Z4,Heteropogon contortus,13.2,Unfenced,C,High,2095
2024,D,1,Z4,Eragrostis rigidior,11.8,Unfenced,C,High,1803
2024,D,1,Z4,NA,12.4,Unfenced,C,High,1927
2024,D,1,Z4,Chloris virgata,7.2,Unfenced,C,High,894
2024,D,1,Z4,NA,7.5,Unfenced,C,High,950
2024,D,1,Z4,NA,7.5,Unfenced,C,High,950
2024,D,1,Z4,NA,5.4,Unfenced,C,High,570
2024,D,1,Z4,Chloris virgata,4.6,Unfenced,C,High,436
2024,D,1,Z4,Eragrostis rigidior,4.1,Unfenced,C,High,357
2024,D,1,Z4,Brachiaria nigropedata,3.8,Unfenced,C,High,311
2024,D,1,Z4,NA,3.8,Unfenced,C,High,311
2024,D,2,Z1,Panicum maximum,3.2,Fenced,F,High,223
2024,D,2,Z1,NA,3.3,Fenced,F,High,237
2024,D,2,Z1,NA,3,Fenced,F,High,196
2024,D,2,Z1,NA,3,Fenced,F,High,196
2024,D,2,Z1,Andropogon eucomus,18.5,Fenced,F,High,3241
2024,D,2,Z1,Enteropogon macrostachyus,17.5,Fenced,F,High,3021
2024,D,2,Z1,NA,19.2,Fenced,F,High,3396
2024,D,2,Z1,NA,15,Fenced,F,High,2477
2024,D,2,Z1,Heteropogon contortus,8,Fenced,F,High,1044
2024,D,2,Z1,Aristida adscensionis,6.4,Fenced,F,High,747
2024,D,2,Z1,Enteropogon macrostachyus,9.8,Fenced,F,High,1396
2024,D,2,Z1,NA,10.3,Fenced,F,High,1496
2024,D,2,Z1,Brachiaria nigropedata,3.4,Fenced,F,High,252
2024,D,2,Z1,Heteropogon contortus,5.5,Fenced,F,High,588
2024,D,2,Z1,Aristida adscensionis,6.1,Fenced,F,High,693
2024,D,2,Z1,Enteropogon macrostachyus,6.6,Fenced,F,High,783
2024,D,2,Z1,Eragrostis rigidior,11.7,Fenced,F,High,1782
2024,D,2,Z1,Chloris virgata,6.5,Fenced,F,High,765
2024,D,2,Z1,Setaria incrassata,8.6,Fenced,F,High,1160
2024,D,2,Z1,NA,8.7,Fenced,F,High,1179
2024,D,2,Z2,Heteropogon contortus,5,Unfenced,F,High,503
2024,D,2,Z2,Aristida adscensionis,5.1,Unfenced,F,High,519
2024,D,2,Z2,Aristida diffusa,5.1,Unfenced,F,High,519
2024,D,2,Z2,NA,5.7,Unfenced,F,High,622
2024,D,2,Z2,Enteropogon macrostachyus,14.1,Unfenced,F,High,2285
2024,D,2,Z2,Aristida adscensionis,9.2,Unfenced,F,High,1277
2024,D,2,Z2,NA,9.2,Unfenced,F,High,1277
2024,D,2,Z2,NA,9.2,Unfenced,F,High,1277
2024,D,2,Z2,Panicum maximum,7.5,Unfenced,F,High,950
2024,D,2,Z2,Brachiaria nigropedata,9.6,Unfenced,F,High,1356
2024,D,2,Z2,Eragrostis rigidior,11.4,Unfenced,F,High,1720
2024,D,2,Z2,Chloris virgata,8.9,Unfenced,F,High,1218
2024,D,2,Z2,Heteropogon contortus,20.4,Unfenced,F,High,3664
2024,D,2,Z2,Brachiaria nigropedata,15.5,Unfenced,F,High,2585
2024,D,2,Z2,NA,13.4,Unfenced,F,High,2137
2024,D,2,Z2,NA,13.2,Unfenced,F,High,2095
2024,D,2,Z2,Enteropogon macrostachyus,8.5,Unfenced,F,High,1141
2024,D,2,Z2,Brachiaria nigropedata,8.5,Unfenced,F,High,1141
2024,D,2,Z2,NA,6.6,Unfenced,F,High,783
2024,D,2,Z2,NA,6.5,Unfenced,F,High,765
2024,D,2,Z3,Heteropogon contortus,9.1,Fenced,F,High,1258
2024,D,2,Z3,Andropogon eucomus,6.6,Fenced,F,High,783
2024,D,2,Z3,Aristida adscensionis,5.2,Fenced,F,High,536
2024,D,2,Z3,Eragrostis rigidior,5.2,Fenced,F,High,536
2024,D,2,Z3,Heteropogon contortus,7.2,Fenced,F,High,894
2024,D,2,Z3,Andropogon eucomus,6.8,Fenced,F,High,820
2024,D,2,Z3,Eragrostis rigidior,6.8,Fenced,F,High,820
2024,D,2,Z3,NA,20.5,Fenced,F,High,3686
2024,D,2,Z3,Andropogon eucomus,11.9,Fenced,F,High,1823
2024,D,2,Z3,Setaria incrassata,17.2,Fenced,F,High,2955
2024,D,2,Z3,NA,13.9,Fenced,F,High,2243
2024,D,2,Z3,NA,12.9,Fenced,F,High,2032
2024,D,2,Z3,Heteropogon contortus,7.5,Fenced,F,High,950
2024,D,2,Z3,Enteropogon macrostachyus,6,Fenced,F,High,675
2024,D,2,Z3,NA,5.9,Fenced,F,High,658
2024,D,2,Z3,NA,7.7,Fenced,F,High,987
2024,D,2,Z3,Heteropogon contortus,2.4,Fenced,F,High,120
2024,D,2,Z3,NA,2.4,Fenced,F,High,120
2024,D,2,Z3,NA,5.9,Fenced,F,High,658
2024,D,2,Z3,NA,4.9,Fenced,F,High,486
2024,D,2,Z4,Enteropogon macrostachyus,7.1,Unfenced,F,High,875
2024,D,2,Z4,Panicum maximum,6.6,Unfenced,F,High,783
2024,D,2,Z4,Heteropogon contortus,7.3,Unfenced,F,High,912
2024,D,2,Z4,NA,8.4,Unfenced,F,High,1121
2024,D,2,Z4,Andropogon eucomus,17.8,Unfenced,F,High,3087
2024,D,2,Z4,Heteropogon contortus,16.8,Unfenced,F,High,2867
2024,D,2,Z4,Aristida adscensionis,17.4,Unfenced,F,High,2999
2024,D,2,Z4,NA,18.8,Unfenced,F,High,3307
2024,D,2,Z4,Heteropogon contortus,14.8,Unfenced,F,High,2435
2024,D,2,Z4,Aristida adscensionis,16.1,Unfenced,F,High,2715
2024,D,2,Z4,Chloris virgata,16.9,Unfenced,F,High,2889
2024,D,2,Z4,NA,16.8,Unfenced,F,High,2867
2024,D,2,Z4,Panicum maximum,21.3,Unfenced,F,High,3866
2024,D,2,Z4,Heteropogon contortus,18.3,Unfenced,F,High,3197
2024,D,2,Z4,NA,11.9,Unfenced,F,High,1823
2024,D,2,Z4,NA,12.8,Unfenced,F,High,2011
2024,D,2,Z4,Heteropogon contortus,20.4,Unfenced,F,High,3664
2024,D,2,Z4,Chloris virgata,17.1,Unfenced,F,High,2933
2024,D,2,Z4,NA,17.9,Unfenced,F,High,3109
2024,D,2,Z4,NA,16.2,Unfenced,F,High,2737
2024,D,3,Z1,Heteropogon contortus,33.5,Fenced,TF,High,6688
2024,D,3,Z1,Chloris virgata,33.6,Fenced,TF,High,6711
2024,D,3,Z1,Sporobolus ioclados,26.4,Fenced,TF,High,5029
2024,D,3,Z1,NA,24.4,Fenced,TF,High,4570
2024,D,3,Z1,Aristida adscensionis,14.9,Fenced,TF,High,2456
2024,D,3,Z1,NA,14.5,Fenced,TF,High,2370
2024,D,3,Z1,NA,14.5,Fenced,TF,High,2370
2024,D,3,Z1,NA,14.6,Fenced,TF,High,2392
2024,D,3,Z1,Heteropogon contortus,8.3,Fenced,TF,High,1102
2024,D,3,Z1,Setaria incrassata,7.3,Fenced,TF,High,912
2024,D,3,Z1,NA,6,Fenced,TF,High,675
2024,D,3,Z1,NA,6,Fenced,TF,High,675
2024,D,3,Z1,Heteropogon contortus,3.7,Fenced,TF,High,296
2024,D,3,Z1,Aristida adscensionis,3.6,Fenced,TF,High,281
2024,D,3,Z1,Chloris virgata,3.8,Fenced,TF,High,311
2024,D,3,Z1,Brachiaria nigropedata,3.8,Fenced,TF,High,311
2024,D,3,Z1,Enteropogon macrostachyus,5,Fenced,TF,High,503
2024,D,3,Z1,Heteropogon contortus,4.8,Fenced,TF,High,469
2024,D,3,Z1,Setaria incrassata,8.1,Fenced,TF,High,1064
2024,D,3,Z1,NA,8.7,Fenced,TF,High,1179
2024,D,3,Z2,Andropogon eucomus,13.1,Unfenced,TF,High,2074
2024,D,3,Z2,Heteropogon contortus,14.4,Unfenced,TF,High,2349
2024,D,3,Z2,NA,11.9,Unfenced,TF,High,1823
2024,D,3,Z2,NA,11.5,Unfenced,TF,High,1741
2024,D,3,Z2,Heteropogon contortus,30.2,Unfenced,TF,High,5912
2024,D,3,Z2,Enteropogon macrostachyus,21.3,Unfenced,TF,High,3866
2024,D,3,Z2,NA,21.3,Unfenced,TF,High,3866
2024,D,3,Z2,NA,20.4,Unfenced,TF,High,3664
2024,D,3,Z2,Panicum maximum,6.1,Unfenced,TF,High,693
2024,D,3,Z2,NA,6.1,Unfenced,TF,High,693
2024,D,3,Z2,NA,6.1,Unfenced,TF,High,693
2024,D,3,Z2,NA,6.1,Unfenced,TF,High,693
2024,D,3,Z2,Enteropogon macrostachyus,5.5,Unfenced,TF,High,588
2024,D,3,Z2,Aristida adscensionis,5.9,Unfenced,TF,High,658
2024,D,3,Z2,Heteropogon contortus,5.6,Unfenced,TF,High,605
2024,D,3,Z2,Chloris virgata,4.8,Unfenced,TF,High,469
2024,D,3,Z2,Enteropogon macrostachyus,5.8,Unfenced,TF,High,640
2024,D,3,Z2,Aristida adscensionis,8.5,Unfenced,TF,High,1141
2024,D,3,Z2,Heteropogon contortus,8.7,Unfenced,TF,High,1179
2024,D,3,Z2,NA,8.3,Unfenced,TF,High,1102
2024,D,3,Z3,Aristida diffusa,16.5,Fenced,TF,High,2802
2024,D,3,Z3,NA,16.4,Fenced,TF,High,2780
2024,D,3,Z3,NA,15.6,Fenced,TF,High,2607
2024,D,3,Z3,NA,15.7,Fenced,TF,High,2628
2024,D,3,Z3,Aristida diffusa,17.5,Fenced,TF,High,3021
2024,D,3,Z3,Heteropogon contortus,16.3,Fenced,TF,High,2758
2024,D,3,Z3,Aristida adscensionis,15.7,Fenced,TF,High,2628
2024,D,3,Z3,NA,15.6,Fenced,TF,High,2607
2024,D,3,Z3,Andropogon eucomus,7.5,Fenced,TF,High,950
2024,D,3,Z3,Heteropogon contortus,5.5,Fenced,TF,High,588
2024,D,3,Z3,Brachiaria nigropedata,10.6,Fenced,TF,High,1557
2024,D,3,Z3,Eragrostis gummiflua,9.5,Fenced,TF,High,1337
2024,D,3,Z3,Enteropogon macrostachyus,11.7,Fenced,TF,High,1782
2024,D,3,Z3,Setaria pumila,11,Fenced,TF,High,1638
2024,D,3,Z3,NA,10.7,Fenced,TF,High,1577
2024,D,3,Z3,NA,9.7,Fenced,TF,High,1376
2024,D,3,Z3,NA,0,Fenced,TF,High,0
2024,D,3,Z3,NA,0,Fenced,TF,High,0
2024,D,3,Z3,NA,0,Fenced,TF,High,0
2024,D,3,Z3,NA,0,Fenced,TF,High,0
2024,D,3,Z4,Panicum maximum,7.8,Unfenced,TF,High,1006
2024,D,3,Z4,Enteropogon macrostachyus,7.5,Unfenced,TF,High,950
2024,D,3,Z4,Aristida adscensionis,7.5,Unfenced,TF,High,950
2024,D,3,Z4,NA,9.1,Unfenced,TF,High,1258
2024,D,3,Z4,Heteropogon contortus,1.9,Unfenced,TF,High,65
2024,D,3,Z4,Aristida adscensionis,4.4,Unfenced,TF,High,404
2024,D,3,Z4,Brachiaria nigropedata,4.8,Unfenced,TF,High,469
2024,D,3,Z4,NA,4.1,Unfenced,TF,High,357
2024,D,3,Z4,Themeda triandra,10,Unfenced,TF,High,1436
2024,D,3,Z4,Heteropogon contortus,4.3,Unfenced,TF,High,388
2024,D,3,Z4,Andropogon eucomus,7.7,Unfenced,TF,High,987
2024,D,3,Z4,NA,7.7,Unfenced,TF,High,987
2024,D,3,Z4,Heteropogon contortus,8.3,Unfenced,TF,High,1102
2024,D,3,Z4,Digitaria eriantha,7.6,Unfenced,TF,High,968
2024,D,3,Z4,NA,6.7,Unfenced,TF,High,801
2024,D,3,Z4,NA,7.3,Unfenced,TF,High,912
2024,D,3,Z4,NA,0,Unfenced,TF,High,0
2024,D,3,Z4,NA,0,Unfenced,TF,High,0
2024,D,3,Z4,NA,0,Unfenced,TF,High,0
2024,D,3,Z4,NA,0,Unfenced,TF,High,0
2024,D,4,Z1,Enteropogon macrostachyus,12.5,Fenced,TFB,High,1948
2024,D,4,Z1,Heteropogon contortus,11.2,Fenced,TFB,High,1679
2024,D,4,Z1,NA,11,Fenced,TFB,High,1638
2024,D,4,Z1,NA,10,Fenced,TFB,High,1436
2024,D,4,Z1,Sporobolus ioclados,2.5,Fenced,TFB,High,132
2024,D,4,Z1,Setaria incrassata,5.2,Fenced,TFB,High,536
2024,D,4,Z1,Heteropogon contortus,6.3,Fenced,TFB,High,729
2024,D,4,Z1,Brachiaria nigropedata,5.9,Fenced,TFB,High,658
2024,D,4,Z1,Enteropogon macrostachyus,2.6,Fenced,TFB,High,144
2024,D,4,Z1,Sporobolus ioclados,2.6,Fenced,TFB,High,144
2024,D,4,Z1,Heteropogon contortus,2.6,Fenced,TFB,High,144
2024,D,4,Z1,Aristida adscensionis,5.1,Fenced,TFB,High,519
2024,D,4,Z1,Enteropogon macrostachyus,2.4,Fenced,TFB,High,120
2024,D,4,Z1,Heteropogon contortus,2,Fenced,TFB,High,75
2024,D,4,Z1,NA,5.1,Fenced,TFB,High,519
2024,D,4,Z1,NA,4.2,Fenced,TFB,High,372
2024,D,4,Z1,Themeda triandra,11.9,Fenced,TFB,High,1823
2024,D,4,Z1,Aristida adscensionis,11.1,Fenced,TFB,High,1659
2024,D,4,Z1,Enteropogon macrostachyus,10.7,Fenced,TFB,High,1577
2024,D,4,Z1,Melinis repens,10.2,Fenced,TFB,High,1476
2024,D,4,Z2,Enteropogon macrostachyus,7,Unfenced,TFB,High,856
2024,D,4,Z2,Aristida adscensionis,7.5,Unfenced,TFB,High,950
2024,D,4,Z2,NA,7.7,Unfenced,TFB,High,987
2024,D,4,Z2,NA,7.8,Unfenced,TFB,High,1006
2024,D,4,Z2,Enteropogon macrostachyus,3.8,Unfenced,TFB,High,311
2024,D,4,Z2,Aristida adscensionis,4.4,Unfenced,TFB,High,404
2024,D,4,Z2,Heteropogon contortus,4.2,Unfenced,TFB,High,372
2024,D,4,Z2,NA,4.6,Unfenced,TFB,High,436
2024,D,4,Z2,Enteropogon macrostachyus,8.2,Unfenced,TFB,High,1083
2024,D,4,Z2,Digitaria eriantha,8.2,Unfenced,TFB,High,1083
2024,D,4,Z2,Setaria incrassata,6.7,Unfenced,TFB,High,801
2024,D,4,Z2,Sporobolus ioclados,6,Unfenced,TFB,High,675
2024,D,4,Z2,Heteropogon contortus,9.5,Unfenced,TFB,High,1337
2024,D,4,Z2,Aristida diffusa,8.8,Unfenced,TFB,High,1199
2024,D,4,Z2,NA,8.6,Unfenced,TFB,High,1160
2024,D,4,Z2,NA,8.4,Unfenced,TFB,High,1121
2024,D,4,Z2,Heteropogon contortus,5.6,Unfenced,TFB,High,605
2024,D,4,Z2,Sporobolus ioclados,7,Unfenced,TFB,High,856
2024,D,4,Z2,Aristida diffusa,6.8,Unfenced,TFB,High,820
2024,D,4,Z2,Eragrostis rigidior,6.4,Unfenced,TFB,High,747
2024,D,4,Z3,Heteropogon contortus,10.5,Fenced,TFB,High,1537
2024,D,4,Z3,Setaria incrassata,8.1,Fenced,TFB,High,1064
2024,D,4,Z3,Andropogon eucomus,8.1,Fenced,TFB,High,1064
2024,D,4,Z3,NA,7.8,Fenced,TFB,High,1006
2024,D,4,Z3,Enteropogon macrostachyus,11.5,Fenced,TFB,High,1741
2024,D,4,Z3,Heteropogon contortus,11.5,Fenced,TFB,High,1741
2024,D,4,Z3,Andropogon eucomus,13.8,Fenced,TFB,High,2221
2024,D,4,Z3,NA,14.9,Fenced,TFB,High,2456
2024,D,4,Z3,Enteropogon macrostachyus,11.9,Fenced,TFB,High,1823
2024,D,4,Z3,Eragrostis superba,18.5,Fenced,TFB,High,3241
2024,D,4,Z3,Aristida adscensionis,17.7,Fenced,TFB,High,3065
2024,D,4,Z3,NA,18.4,Fenced,TFB,High,3219
2024,D,4,Z3,Heteropogon contortus,4.6,Fenced,TFB,High,436
2024,D,4,Z3,Aristida adscensionis,3.2,Fenced,TFB,High,223
2024,D,4,Z3,Pogonarthria squarrosa,3.6,Fenced,TFB,High,281
2024,D,4,Z3,NA,4,Fenced,TFB,High,341
2024,D,4,Z3,Digitaria eriantha,11.7,Fenced,TFB,High,1782
2024,D,4,Z3,Enteropogon macrostachyus,12.9,Fenced,TFB,High,2032
2024,D,4,Z3,Panicum maximum,13,Fenced,TFB,High,2053
2024,D,4,Z3,Aristida adscensionis,14.1,Fenced,TFB,High,2285
2024,D,4,Z4,Pogonarthria squarrosa,11.4,Unfenced,TFB,High,1720
2024,D,4,Z4,Digitaria eriantha,10,Unfenced,TFB,High,1436
2024,D,4,Z4,Heteropogon contortus,10.6,Unfenced,TFB,High,1557
2024,D,4,Z4,Sporobolus ioclados,10.1,Unfenced,TFB,High,1456
2024,D,4,Z4,Heteropogon contortus,23,Unfenced,TFB,High,4251
2024,D,4,Z4,Eragrostis superba,28.2,Unfenced,TFB,High,5446
2024,D,4,Z4,Eragrostis gummiflua,29.2,Unfenced,TFB,High,5679
2024,D,4,Z4,Enteropogon macrostachyus,29,Unfenced,TFB,High,5632
2024,D,4,Z4,Enteropogon macrostachyus,6.2,Unfenced,TFB,High,711
2024,D,4,Z4,Heteropogon contortus,6.2,Unfenced,TFB,High,711
2024,D,4,Z4,Sporobolus ioclados,6.2,Unfenced,TFB,High,711
2024,D,4,Z4,Brachiaria nigropedata,6,Unfenced,TFB,High,675
2024,D,4,Z4,Heteropogon contortus,6.8,Unfenced,TFB,High,820
2024,D,4,Z4,Enteropogon macrostachyus,6.6,Unfenced,TFB,High,783
2024,D,4,Z4,Sporobolus ioclados,4.9,Unfenced,TFB,High,486
2024,D,4,Z4,Aristida diffusa,5.3,Unfenced,TFB,High,553
2024,D,4,Z4,Themeda triandra,7.5,Unfenced,TFB,High,950
2024,D,4,Z4,Heteropogon contortus,7.4,Unfenced,TFB,High,931
2024,D,4,Z4,NA,8.9,Unfenced,TFB,High,1218
2024,D,4,Z4,NA,9.8,Unfenced,TFB,High,1396
2024,D,5,Z1,Andropogon eucomus,17.2,Fenced,THF,High,2955
2024,D,5,Z1,Enteropogon macrostachyus,16.6,Fenced,THF,High,2824
2024,D,5,Z1,Heteropogon contortus,16.7,Fenced,THF,High,2846
2024,D,5,Z1,NA,16,Fenced,THF,High,2693
2024,D,5,Z1,Aristida diffusa,10,Fenced,THF,High,1436
2024,D,5,Z1,Heteropogon contortus,9.3,Fenced,THF,High,1297
2024,D,5,Z1,NA,10.9,Fenced,THF,High,1618
2024,D,5,Z1,NA,10.7,Fenced,THF,High,1577
2024,D,5,Z1,Enteropogon macrostachyus,16,Fenced,THF,High,2693
2024,D,5,Z1,Hyparrhenia hirta,15.2,Fenced,THF,High,2520
2024,D,5,Z1,NA,13.4,Fenced,THF,High,2137
2024,D,5,Z1,NA,17.2,Fenced,THF,High,2955
2024,D,5,Z1,Enteropogon macrostachyus,9.5,Fenced,THF,High,1337
2024,D,5,Z1,Heteropogon contortus,13.8,Fenced,THF,High,2221
2024,D,5,Z1,NA,14.5,Fenced,THF,High,2370
2024,D,5,Z1,NA,17.8,Fenced,THF,High,3087
2024,D,5,Z1,Enteropogon macrostachyus,13.3,Fenced,THF,High,2116
2024,D,5,Z1,Heteropogon contortus,13.9,Fenced,THF,High,2243
2024,D,5,Z1,Setaria incrassata,17.1,Fenced,THF,High,2933
2024,D,5,Z1,NA,17.3,Fenced,THF,High,2977
2024,D,5,Z2,Heteropogon contortus,7.7,Unfenced,THF,High,987
2024,D,5,Z2,Aristida congesta b,7.6,Unfenced,THF,High,968
2024,D,5,Z2,Eragrostis rigidior,7.8,Unfenced,THF,High,1006
2024,D,5,Z2,Eragrostis gummiflua,7.8,Unfenced,THF,High,1006
2024,D,5,Z2,Aristida diffusa,4.5,Unfenced,THF,High,420
2024,D,5,Z2,Enteropogon macrostachyus,4.2,Unfenced,THF,High,372
2024,D,5,Z2,Heteropogon contortus,4.6,Unfenced,THF,High,436
2024,D,5,Z2,Brachiaria nigropedata,4.9,Unfenced,THF,High,486
2024,D,5,Z2,Enteropogon macrostachyus,2.9,Unfenced,THF,High,182
2024,D,5,Z2,Brachiaria nigropedata,2.7,Unfenced,THF,High,156
2024,D,5,Z2,Sporobolus ioclados,2.7,Unfenced,THF,High,156
2024,D,5,Z2,Aristida diffusa,2.7,Unfenced,THF,High,156
2024,D,5,Z2,Brachiaria nigropedata,6.5,Unfenced,THF,High,765
2024,D,5,Z2,Enteropogon macrostachyus,6.4,Unfenced,THF,High,747
2024,D,5,Z2,Aristida diffusa,7.5,Unfenced,THF,High,950
2024,D,5,Z2,Aristida adscensionis,7.9,Unfenced,THF,High,1025
2024,D,5,Z2,Brachiaria nigropedata,8.2,Unfenced,THF,High,1083
2024,D,5,Z2,Eragrostis rigidior,7.7,Unfenced,THF,High,987
2024,D,5,Z2,NA,7.3,Unfenced,THF,High,912
2024,D,5,Z2,NA,6,Unfenced,THF,High,675
2024,D,5,Z3,Heteropogon contortus,5.7,Fenced,THF,High,622
2024,D,5,Z3,Enteropogon macrostachyus,6.8,Fenced,THF,High,820
2024,D,5,Z3,Sporobolus ioclados,7.4,Fenced,THF,High,931
2024,D,5,Z3,Aristida adscensionis,7.7,Fenced,THF,High,987
2024,D,5,Z3,Heteropogon contortus,1.8,Fenced,THF,High,56
2024,D,5,Z3,Aristida diffusa,1.8,Fenced,THF,High,56
2024,D,5,Z3,NA,1.8,Fenced,THF,High,56
2024,D,5,Z3,NA,1.8,Fenced,THF,High,56
2024,D,5,Z3,Cymbopogon excavatus,8.1,Fenced,THF,High,1064
2024,D,5,Z3,Cynodon dactylon,9.6,Fenced,THF,High,1356
2024,D,5,Z3,NA,10,Fenced,THF,High,1436
2024,D,5,Z3,NA,11.4,Fenced,THF,High,1720
2024,D,5,Z3,Enteropogon macrostachyus,7,Fenced,THF,High,856
2024,D,5,Z3,Heteropogon contortus,9.9,Fenced,THF,High,1416
2024,D,5,Z3,Hyparrhenia hirta,10.9,Fenced,THF,High,1618
2024,D,5,Z3,NA,11.4,Fenced,THF,High,1720
2024,D,5,Z3,Enteropogon macrostachyus,6.3,Fenced,THF,High,729
2024,D,5,Z3,Eragrostis rigidior,7.4,Fenced,THF,High,931
2024,D,5,Z3,Heteropogon contortus,8,Fenced,THF,High,1044
2024,D,5,Z3,NA,8.8,Fenced,THF,High,1199
2024,D,5,Z4,Sporobolus ioclados,1.5,Unfenced,THF,High,30
2024,D,5,Z4,Aristida diffusa,1.5,Unfenced,THF,High,30
2024,D,5,Z4,Cymbopogon excavatus,6,Unfenced,THF,High,675
2024,D,5,Z4,NA,6,Unfenced,THF,High,675
2024,D,5,Z4,Aristida diffusa,11,Unfenced,THF,High,1638
2024,D,5,Z4,Heteropogon contortus,11.4,Unfenced,THF,High,1720
2024,D,5,Z4,Panicum maximum,10.9,Unfenced,THF,High,1618
2024,D,5,Z4,NA,11,Unfenced,THF,High,1638
2024,D,5,Z4,Cymbopogon excavatus,11.6,Unfenced,THF,High,1761
2024,D,5,Z4,NA,11.6,Unfenced,THF,High,1761
2024,D,5,Z4,NA,17.8,Unfenced,THF,High,3087
2024,D,5,Z4,NA,20,Unfenced,THF,High,3575
2024,D,5,Z4,Enteropogon macrostachyus,14,Unfenced,THF,High,2264
2024,D,5,Z4,Eragrostis gummiflua,14.6,Unfenced,THF,High,2392
2024,D,5,Z4,Aristida diffusa,10.5,Unfenced,THF,High,1537
2024,D,5,Z4,NA,12,Unfenced,THF,High,1844
2024,D,5,Z4,Heteropogon contortus,10.3,Unfenced,THF,High,1496
2024,D,5,Z4,Enteropogon macrostachyus,9.7,Unfenced,THF,High,1376
2024,D,5,Z4,Eragrostis cylindriflora,9.1,Unfenced,THF,High,1258
2024,D,5,Z4,NA,8.4,Unfenced,THF,High,1121
2024,E,1,Z1,Heteropogon contortus,3.9,Fenced,C,High,326
2024,E,1,Z1,Aristida adscensionis,4.2,Fenced,C,High,372
2024,E,1,Z1,NA,9.5,Fenced,C,High,1337
2024,E,1,Z1,NA,7.8,Fenced,C,High,1006
2024,E,1,Z1,Heteropogon contortus,22,Fenced,C,High,4024
2024,E,1,Z1,Brachiaria nigropedata,17,Fenced,C,High,2911
2024,E,1,Z1,NA,14.3,Fenced,C,High,2328
2024,E,1,Z1,NA,13.6,Fenced,C,High,2179
2024,E,1,Z1,Brachiaria nigropedata,6.6,Fenced,C,High,783
2024,E,1,Z1,Heteropogon contortus,5.8,Fenced,C,High,640
2024,E,1,Z1,Eragrostis superba,6.2,Fenced,C,High,711
2024,E,1,Z1,Eragrostis gummiflua,6.2,Fenced,C,High,711
2024,E,1,Z1,Heteropogon contortus,3.2,Fenced,C,High,223
2024,E,1,Z1,Panicum maximum,3.2,Fenced,C,High,223
2024,E,1,Z1,NA,3.2,Fenced,C,High,223
2024,E,1,Z1,NA,3.2,Fenced,C,High,223
2024,E,1,Z1,Brachiaria nigropedata,2.5,Fenced,C,High,132
2024,E,1,Z1,Aristida adscensionis,3.9,Fenced,C,High,326
2024,E,1,Z1,Eragrostis gummiflua,3.6,Fenced,C,High,281
2024,E,1,Z1,Heteropogon contortus,3.9,Fenced,C,High,326
2024,E,1,Z2,Panicum maximum,10.3,Unfenced,C,High,1496
2024,E,1,Z2,Eragrostis gummiflua,10.1,Unfenced,C,High,1456
2024,E,1,Z2,Aristida adscensionis,9.5,Unfenced,C,High,1337
2024,E,1,Z2,Pogonarthria squarrosa,9,Unfenced,C,High,1238
2024,E,1,Z2,Digitaria eriantha,10.2,Unfenced,C,High,1476
2024,E,1,Z2,Eragrostis rigidior,12.4,Unfenced,C,High,1927
2024,E,1,Z2,NA,19.2,Unfenced,C,High,3396
2024,E,1,Z2,NA,18.7,Unfenced,C,High,3285
2024,E,1,Z2,Digitaria eriantha,11.2,Unfenced,C,High,1679
2024,E,1,Z2,Heteropogon contortus,10.4,Unfenced,C,High,1517
2024,E,1,Z2,NA,10.7,Unfenced,C,High,1577
2024,E,1,Z2,NA,9.9,Unfenced,C,High,1416
2024,E,1,Z2,Andropogon eucomus,8.6,Unfenced,C,High,1160
2024,E,1,Z2,Aristida adscensionis,9.2,Unfenced,C,High,1277
2024,E,1,Z2,Pogonarthria squarrosa,10.2,Unfenced,C,High,1476
2024,E,1,Z2,NA,10.5,Unfenced,C,High,1537
2024,E,1,Z2,Digitaria eriantha,2.5,Unfenced,C,High,132
2024,E,1,Z2,NA,4.1,Unfenced,C,High,357
2024,E,1,Z2,NA,4.6,Unfenced,C,High,436
2024,E,1,Z2,NA,4.8,Unfenced,C,High,469
2024,E,1,Z3,Panicum maximum,6.7,Fenced,C,High,801
2024,E,1,Z3,NA,10.6,Fenced,C,High,1557
2024,E,1,Z3,NA,9.9,Fenced,C,High,1416
2024,E,1,Z3,NA,9.1,Fenced,C,High,1258
2024,E,1,Z3,Panicum maximum,3.2,Fenced,C,High,223
2024,E,1,Z3,Heteropogon contortus,9.7,Fenced,C,High,1376
2024,E,1,Z3,Eragrostis rigidior,9,Fenced,C,High,1238
2024,E,1,Z3,NA,7.6,Fenced,C,High,968
2024,E,1,Z3,Digitaria eriantha,8.9,Fenced,C,High,1218
2024,E,1,Z3,Eragrostis rigidior,12.6,Fenced,C,High,1969
2024,E,1,Z3,Brachiaria nigropedata,12.7,Fenced,C,High,1990
2024,E,1,Z3,NA,11.1,Fenced,C,High,1659
2024,E,1,Z3,Heteropogon contortus,13.5,Fenced,C,High,2158
2024,E,1,Z3,Digitaria eriantha,12,Fenced,C,High,1844
2024,E,1,Z3,Eragrostis gummiflua,11.1,Fenced,C,High,1659
2024,E,1,Z3,Aristida adscensionis,10.7,Fenced,C,High,1577
2024,E,1,Z3,Brachiaria nigropedata,2.1,Fenced,C,High,86
2024,E,1,Z3,Aristida adscensionis,5.6,Fenced,C,High,605
2024,E,1,Z3,Enteropogon macrostachyus,5.7,Fenced,C,High,622
2024,E,1,Z3,NA,0,Fenced,C,High,0
2024,E,1,Z4,Digitaria eriantha,6.2,Unfenced,C,High,711
2024,E,1,Z4,NA,4.9,Unfenced,C,High,486
2024,E,1,Z4,NA,5.1,Unfenced,C,High,519
2024,E,1,Z4,NA,8.3,Unfenced,C,High,1102
2024,E,1,Z4,Digitaria eriantha,6.8,Unfenced,C,High,820
2024,E,1,Z4,Aristida adscensionis,5.7,Unfenced,C,High,622
2024,E,1,Z4,Pogonarthria squarrosa,3.9,Unfenced,C,High,326
2024,E,1,Z4,Chloris virgata,3.8,Unfenced,C,High,311
2024,E,1,Z4,Digitaria eriantha,11.9,Unfenced,C,High,1823
2024,E,1,Z4,Aristida adscensionis,14.2,Unfenced,C,High,2306
2024,E,1,Z4,NA,12.1,Unfenced,C,High,1865
2024,E,1,Z4,NA,12,Unfenced,C,High,1844
2024,E,1,Z4,Digitaria eriantha,10.9,Unfenced,C,High,1618
2024,E,1,Z4,Eragrostis gummiflua,6,Unfenced,C,High,675
2024,E,1,Z4,Andropogon eucomus,12.4,Unfenced,C,High,1927
2024,E,1,Z4,Eragrostis superba,11.5,Unfenced,C,High,1741
2024,E,1,Z4,Digitaria eriantha,7.3,Unfenced,C,High,912
2024,E,1,Z4,Panicum maximum,17.7,Unfenced,C,High,3065
2024,E,1,Z4,NA,18,Unfenced,C,High,3131
2024,E,1,Z4,NA,16.5,Unfenced,C,High,2802
2024,E,2,Z1,Panicum maximum,8.3,Fenced,TF,High,1102
2024,E,2,Z1,NA,8.7,Fenced,TF,High,1179
2024,E,2,Z1,NA,8.1,Fenced,TF,High,1064
2024,E,2,Z1,NA,8.1,Fenced,TF,High,1064
2024,E,2,Z1,Heteropogon contortus,4.1,Fenced,TF,High,357
2024,E,2,Z1,Enteropogon macrostachyus,3.4,Fenced,TF,High,252
2024,E,2,Z1,NA,3.4,Fenced,TF,High,252
2024,E,2,Z1,NA,5.1,Fenced,TF,High,519
2024,E,2,Z1,Urochloa mosambicensis,5.6,Fenced,TF,High,605
2024,E,2,Z1,Eragrostis gummiflua,4.6,Fenced,TF,High,436
2024,E,2,Z1,Aristida adscensionis,0,Fenced,TF,High,0
2024,E,2,Z1,NA,7.3,Fenced,TF,High,912
2024,E,2,Z1,NA,0,Fenced,TF,High,0
2024,E,2,Z1,NA,0,Fenced,TF,High,0
2024,E,2,Z1,NA,0,Fenced,TF,High,0
2024,E,2,Z1,NA,0,Fenced,TF,High,0
2024,E,2,Z1,Panicum maximum,4.7,Fenced,TF,High,453
2024,E,2,Z1,Heteropogon contortus,4.6,Fenced,TF,High,436
2024,E,2,Z1,Enteropogon macrostachyus,4.4,Fenced,TF,High,404
2024,E,2,Z1,NA,4.7,Fenced,TF,High,453
2024,E,2,Z2,Urochloa mosambicensis,11.3,Unfenced,TF,High,1700
2024,E,2,Z2,Enteropogon macrostachyus,11.1,Unfenced,TF,High,1659
2024,E,2,Z2,Eragrostis gummiflua,10.9,Unfenced,TF,High,1618
2024,E,2,Z2,Heteropogon contortus,10.7,Unfenced,TF,High,1577
2024,E,2,Z2,Enteropogon macrostachyus,11.3,Unfenced,TF,High,1700
2024,E,2,Z2,Eragrostis gummiflua,12.9,Unfenced,TF,High,2032
2024,E,2,Z2,Eragrostis rigidior,12.5,Unfenced,TF,High,1948
2024,E,2,Z2,NA,12.7,Unfenced,TF,High,1990
2024,E,2,Z2,Heteropogon contortus,10.9,Unfenced,TF,High,1618
2024,E,2,Z2,Enteropogon macrostachyus,10.7,Unfenced,TF,High,1577
2024,E,2,Z2,NA,11.3,Unfenced,TF,High,1700
2024,E,2,Z2,NA,12.7,Unfenced,TF,High,1990
2024,E,2,Z2,Enteropogon macrostachyus,12.3,Unfenced,TF,High,1906
2024,E,2,Z2,Panicum maximum,11.9,Unfenced,TF,High,1823
2024,E,2,Z2,Aristida adscensionis,11.4,Unfenced,TF,High,1720
2024,E,2,Z2,NA,11.2,Unfenced,TF,High,1679
2024,E,2,Z2,Heteropogon contortus,10.8,Unfenced,TF,High,1598
2024,E,2,Z2,Urochloa mosambicensis,10.6,Unfenced,TF,High,1557
2024,E,2,Z2,NA,4.6,Unfenced,TF,High,436
2024,E,2,Z2,NA,4.7,Unfenced,TF,High,453
2024,E,2,Z3,Panicum maximum,4.2,Fenced,TF,High,372
2024,E,2,Z3,Heteropogon contortus,4,Fenced,TF,High,341
2024,E,2,Z3,NA,5.8,Fenced,TF,High,640
2024,E,2,Z3,NA,5.5,Fenced,TF,High,588
2024,E,2,Z3,Heteropogon contortus,2.5,Fenced,TF,High,132
2024,E,2,Z3,Eragrostis rigidior,3.5,Fenced,TF,High,266
2024,E,2,Z3,NA,0,Fenced,TF,High,0
2024,E,2,Z3,NA,0,Fenced,TF,High,0
2024,E,2,Z3,Panicum maximum,7.6,Fenced,TF,High,968
2024,E,2,Z3,Enteropogon macrostachyus,8.3,Fenced,TF,High,1102
2024,E,2,Z3,NA,7.6,Fenced,TF,High,968
2024,E,2,Z3,NA,9.2,Fenced,TF,High,1277
2024,E,2,Z3,Panicum maximum,8.7,Fenced,TF,High,1179
2024,E,2,Z3,NA,4,Fenced,TF,High,341
2024,E,2,Z3,NA,15.1,Fenced,TF,High,2499
2024,E,2,Z3,NA,15.3,Fenced,TF,High,2542
2024,E,2,Z3,Enteropogon macrostachyus,6.3,Fenced,TF,High,729
2024,E,2,Z3,Panicum maximum,6.1,Fenced,TF,High,693
2024,E,2,Z3,NA,5.7,Fenced,TF,High,622
2024,E,2,Z3,NA,6.7,Fenced,TF,High,801
2024,E,2,Z4,Enteropogon macrostachyus,10.2,Unfenced,TF,High,1476
2024,E,2,Z4,Panicum maximum,11.2,Unfenced,TF,High,1679
2024,E,2,Z4,NA,10.7,Unfenced,TF,High,1577
2024,E,2,Z4,NA,12.6,Unfenced,TF,High,1969
2024,E,2,Z4,Enteropogon macrostachyus,5.3,Unfenced,TF,High,553
2024,E,2,Z4,Panicum maximum,6.1,Unfenced,TF,High,693
2024,E,2,Z4,NA,9.3,Unfenced,TF,High,1297
2024,E,2,Z4,NA,10.8,Unfenced,TF,High,1598
2024,E,2,Z4,Heteropogon contortus,23.3,Unfenced,TF,High,4319
2024,E,2,Z4,Panicum maximum,19,Unfenced,TF,High,3352
2024,E,2,Z4,NA,16.7,Unfenced,TF,High,2846
2024,E,2,Z4,NA,19.9,Unfenced,TF,High,3552
2024,E,2,Z4,Pogonarthria squarrosa,17,Unfenced,TF,High,2911
2024,E,2,Z4,Aristida adscensionis,15.1,Unfenced,TF,High,2499
2024,E,2,Z4,Heteropogon contortus,13.7,Unfenced,TF,High,2200
2024,E,2,Z4,Eragrostis rigidior,17.9,Unfenced,TF,High,3109
2024,E,2,Z4,Aristida adscensionis,12,Unfenced,TF,High,1844
2024,E,2,Z4,Heteropogon contortus,11.4,Unfenced,TF,High,1720
2024,E,2,Z4,Eragrostis rigidior,10.9,Unfenced,TF,High,1618
2024,E,2,Z4,Setaria incrassata,10.3,Unfenced,TF,High,1496
2024,E,3,Z1,Heteropogon contortus,3.3,Fenced,F,High,237
2024,E,3,Z1,Urochloa mosambicensis,9.5,Fenced,F,High,1337
2024,E,3,Z1,NA,10,Fenced,F,High,1436
2024,E,3,Z1,NA,15.9,Fenced,F,High,2672
2024,E,3,Z1,Panicum maximum,4.4,Fenced,F,High,404
2024,E,3,Z1,Aristida adscensionis,3.6,Fenced,F,High,281
2024,E,3,Z1,Heteropogon contortus,3.3,Fenced,F,High,237
2024,E,3,Z1,Eragrostis rigidior,5.2,Fenced,F,High,536
2024,E,3,Z1,Panicum maximum,11.4,Fenced,F,High,1720
2024,E,3,Z1,Heteropogon contortus,9,Fenced,F,High,1238
2024,E,3,Z1,NA,8.5,Fenced,F,High,1141
2024,E,3,Z1,NA,8.5,Fenced,F,High,1141
2024,E,3,Z1,Panicum maximum,6.7,Fenced,F,High,801
2024,E,3,Z1,Digitaria eriantha,8.5,Fenced,F,High,1141
2024,E,3,Z1,NA,9.4,Fenced,F,High,1317
2024,E,3,Z1,NA,7,Fenced,F,High,856
2024,E,3,Z1,Urochloa mosambicensis,3,Fenced,F,High,196
2024,E,3,Z1,Aristida adscensionis,4.2,Fenced,F,High,372
2024,E,3,Z1,Heteropogon contortus,4.2,Fenced,F,High,372
2024,E,3,Z1,Cymbopogon excavatus,4.6,Fenced,F,High,436
2024,E,3,Z2,Urochloa mosambicensis,2,Unfenced,F,High,75
2024,E,3,Z2,NA,2,Unfenced,F,High,75
2024,E,3,Z2,NA,2,Unfenced,F,High,75
2024,E,3,Z2,NA,2,Unfenced,F,High,75
2024,E,3,Z2,Aristida diffusa,9.7,Unfenced,F,High,1376
2024,E,3,Z2,Panicum maximum,8.9,Unfenced,F,High,1218
2024,E,3,Z2,Aristida adscensionis,8.4,Unfenced,F,High,1121
2024,E,3,Z2,Eragrostis rigidior,7.8,Unfenced,F,High,1006
2024,E,3,Z2,Panicum maximum,11.5,Unfenced,F,High,1741
2024,E,3,Z2,NA,11.9,Unfenced,F,High,1823
2024,E,3,Z2,NA,11.5,Unfenced,F,High,1741
2024,E,3,Z2,NA,11.2,Unfenced,F,High,1679
2024,E,3,Z2,Panicum maximum,24.4,Unfenced,F,High,4570
2024,E,3,Z2,Enteropogon macrostachyus,15,Unfenced,F,High,2477
2024,E,3,Z2,NA,12,Unfenced,F,High,1844
2024,E,3,Z2,NA,14.6,Unfenced,F,High,2392
2024,E,3,Z2,Panicum maximum,5.8,Unfenced,F,High,640
2024,E,3,Z2,NA,3.7,Unfenced,F,High,296
2024,E,3,Z2,NA,5.6,Unfenced,F,High,605
2024,E,3,Z2,NA,5.5,Unfenced,F,High,588
2024,E,3,Z3,Eragrostis rigidior,3,Fenced,F,High,196
2024,E,3,Z3,Heteropogon contortus,4.4,Fenced,F,High,404
2024,E,3,Z3,Cymbopogon excavatus,9.6,Fenced,F,High,1356
2024,E,3,Z3,NA,10.4,Fenced,F,High,1517
2024,E,3,Z3,Heteropogon contortus,12,Fenced,F,High,1844
2024,E,3,Z3,Urochloa mosambicensis,12.1,Fenced,F,High,1865
2024,E,3,Z3,Panicum maximum,12.7,Fenced,F,High,1990
2024,E,3,Z3,NA,10.5,Fenced,F,High,1537
2024,E,3,Z3,Eragrostis rigidior,0,Fenced,F,High,0
2024,E,3,Z3,Heteropogon contortus,1.7,Fenced,F,High,47
2024,E,3,Z3,Panicum maximum,1.8,Fenced,F,High,56
2024,E,3,Z3,Eragrostis superba,5.2,Fenced,F,High,536
2024,E,3,Z3,Eragrostis rigidior,6.5,Fenced,F,High,765
2024,E,3,Z3,Heteropogon contortus,4.3,Fenced,F,High,388
2024,E,3,Z3,Eragrostis gummiflua,7.1,Fenced,F,High,875
2024,E,3,Z3,Aristida adscensionis,8.3,Fenced,F,High,1102
2024,E,3,Z3,Heteropogon contortus,5.3,Fenced,F,High,553
2024,E,3,Z3,Eragrostis gummiflua,4.6,Fenced,F,High,436
2024,E,3,Z3,NA,4.1,Fenced,F,High,357
2024,E,3,Z3,NA,4.5,Fenced,F,High,420
2024,E,3,Z4,Cymbopogon excavatus,4.5,Unfenced,F,High,420
2024,E,3,Z4,Heteropogon contortus,4.5,Unfenced,F,High,420
2024,E,3,Z4,Urochloa mosambicensis,9.9,Unfenced,F,High,1416
2024,E,3,Z4,NA,12.9,Unfenced,F,High,2032
2024,E,3,Z4,Panicum maximum,11.7,Unfenced,F,High,1782
2024,E,3,Z4,NA,10.8,Unfenced,F,High,1598
2024,E,3,Z4,NA,8.4,Unfenced,F,High,1121
2024,E,3,Z4,NA,9.9,Unfenced,F,High,1416
2024,E,3,Z4,Heteropogon contortus,18.2,Unfenced,F,High,3175
2024,E,3,Z4,NA,22.3,Unfenced,F,High,4092
2024,E,3,Z4,NA,17.6,Unfenced,F,High,3043
2024,E,3,Z4,NA,17.5,Unfenced,F,High,3021
2024,E,3,Z4,Panicum maximum,4.3,Unfenced,F,High,388
2024,E,3,Z4,Eragrostis rigidior,4.5,Unfenced,F,High,420
2024,E,3,Z4,Eragrostis gummiflua,6.8,Unfenced,F,High,820
2024,E,3,Z4,NA,6.2,Unfenced,F,High,711
2024,E,3,Z4,Panicum maximum,8.5,Unfenced,F,High,1141
2024,E,3,Z4,Eragrostis rigidior,8.3,Unfenced,F,High,1102
2024,E,3,Z4,NA,7.4,Unfenced,F,High,931
2024,E,3,Z4,NA,7.9,Unfenced,F,High,1025
2024,E,4,Z1,Heteropogon contortus,5.4,Fenced,TFB,High,570
2024,E,4,Z1,NA,6.1,Fenced,TFB,High,693
2024,E,4,Z1,NA,6.7,Fenced,TFB,High,801
2024,E,4,Z1,NA,6.6,Fenced,TFB,High,783
2024,E,4,Z1,Panicum maximum,7,Fenced,TFB,High,856
2024,E,4,Z1,NA,7.6,Fenced,TFB,High,968
2024,E,4,Z1,NA,5.7,Fenced,TFB,High,622
2024,E,4,Z1,NA,5.6,Fenced,TFB,High,605
2024,E,4,Z1,Digitaria eriantha,2.7,Fenced,TFB,High,156
2024,E,4,Z1,Heteropogon contortus,2.6,Fenced,TFB,High,144
2024,E,4,Z1,Eragrostis gummiflua,2.6,Fenced,TFB,High,144
2024,E,4,Z1,Aristida adscensionis,2.6,Fenced,TFB,High,144
2024,E,4,Z1,Heteropogon contortus,8.3,Fenced,TFB,High,1102
2024,E,4,Z1,NA,8.1,Fenced,TFB,High,1064
2024,E,4,Z1,NA,8,Fenced,TFB,High,1044
2024,E,4,Z1,NA,7.7,Fenced,TFB,High,987
2024,E,4,Z1,Enteropogon macrostachyus,13.3,Fenced,TFB,High,2116
2024,E,4,Z1,NA,15.4,Fenced,TFB,High,2564
2024,E,4,Z1,NA,13.9,Fenced,TFB,High,2243
2024,E,4,Z1,NA,13.6,Fenced,TFB,High,2179
2024,E,4,Z2,Heteropogon contortus,5.2,Unfenced,TFB,High,536
2024,E,4,Z2,Aristida adscensionis,14.8,Unfenced,TFB,High,2435
2024,E,4,Z2,NA,14.6,Unfenced,TFB,High,2392
2024,E,4,Z2,NA,14.4,Unfenced,TFB,High,2349
2024,E,4,Z2,Heteropogon contortus,3,Unfenced,TFB,High,196
2024,E,4,Z2,Eragrostis gummiflua,3.6,Unfenced,TFB,High,281
2024,E,4,Z2,Aristida adscensionis,3.8,Unfenced,TFB,High,311
2024,E,4,Z2,Eragrostis rigidior,5.6,Unfenced,TFB,High,605
2024,E,4,Z2,Heteropogon contortus,8.1,Unfenced,TFB,High,1064
2024,E,4,Z2,NA,6.5,Unfenced,TFB,High,765
2024,E,4,Z2,NA,6.3,Unfenced,TFB,High,729
2024,E,4,Z2,NA,6.1,Unfenced,TFB,High,693
2024,E,4,Z2,Heteropogon contortus,6.5,Unfenced,TFB,High,765
2024,E,4,Z2,NA,6.6,Unfenced,TFB,High,783
2024,E,4,Z2,NA,9.4,Unfenced,TFB,High,1317
2024,E,4,Z2,NA,10.3,Unfenced,TFB,High,1496
2024,E,4,Z2,Heteropogon contortus,10.4,Unfenced,TFB,High,1517
2024,E,4,Z2,Cymbopogon excavatus,7.4,Unfenced,TFB,High,931
2024,E,4,Z2,NA,7.6,Unfenced,TFB,High,968
2024,E,4,Z2,NA,6.8,Unfenced,TFB,High,820
2024,E,4,Z3,Panicum maximum,9.8,Fenced,TFB,High,1396
2024,E,4,Z3,NA,11.7,Fenced,TFB,High,1782
2024,E,4,Z3,NA,11.3,Fenced,TFB,High,1700
2024,E,4,Z3,NA,12.3,Fenced,TFB,High,1906
2024,E,4,Z3,Pogonarthria squarrosa,13.2,Fenced,TFB,High,2095
2024,E,4,Z3,Panicum maximum,5.6,Fenced,TFB,High,605
2024,E,4,Z3,Aristida adscensionis,2.8,Fenced,TFB,High,169
2024,E,4,Z3,NA,5,Fenced,TFB,High,503
2024,E,4,Z3,Heteropogon contortus,20.3,Fenced,TFB,High,3642
2024,E,4,Z3,NA,16,Fenced,TFB,High,2693
2024,E,4,Z3,NA,16.9,Fenced,TFB,High,2889
2024,E,4,Z3,NA,14.9,Fenced,TFB,High,2456
2024,E,4,Z3,Heteropogon contortus,7.1,Fenced,TFB,High,875
2024,E,4,Z3,Eragrostis gummiflua,6.9,Fenced,TFB,High,838
2024,E,4,Z3,Eragrostis rigidior,7.1,Fenced,TFB,High,875
2024,E,4,Z3,NA,7.2,Fenced,TFB,High,894
2024,E,4,Z3,Panicum maximum,6.6,Fenced,TFB,High,783
2024,E,4,Z3,NA,3.5,Fenced,TFB,High,266
2024,E,4,Z3,NA,6.3,Fenced,TFB,High,729
2024,E,4,Z3,NA,12.9,Fenced,TFB,High,2032
2024,E,4,Z4,Heteropogon contortus,8.1,Unfenced,TFB,High,1064
2024,E,4,Z4,Enteropogon macrostachyus,7.5,Unfenced,TFB,High,950
2024,E,4,Z4,Urochloa mosambicensis,6.8,Unfenced,TFB,High,820
2024,E,4,Z4,NA,6.3,Unfenced,TFB,High,729
2024,E,4,Z4,Eragrostis rigidior,3.1,Unfenced,TFB,High,209
2024,E,4,Z4,NA,2.4,Unfenced,TFB,High,120
2024,E,4,Z4,NA,0,Unfenced,TFB,High,0
2024,E,4,Z4,NA,0,Unfenced,TFB,High,0
2024,E,4,Z4,Panicum maximum,6.1,Unfenced,TFB,High,693
2024,E,4,Z4,Heteropogon contortus,5.3,Unfenced,TFB,High,553
2024,E,4,Z4,Eragrostis rigidior,7.3,Unfenced,TFB,High,912
2024,E,4,Z4,NA,10.2,Unfenced,TFB,High,1476
2024,E,4,Z4,Heteropogon contortus,13.5,Unfenced,TFB,High,2158
2024,E,4,Z4,NA,15.7,Unfenced,TFB,High,2628
2024,E,4,Z4,NA,18.8,Unfenced,TFB,High,3307
2024,E,4,Z4,NA,19,Unfenced,TFB,High,3352
2024,E,4,Z4,Enteropogon macrostachyus,7,Unfenced,TFB,High,856
2024,E,4,Z4,Urochloa mosambicensis,5.3,Unfenced,TFB,High,553
2024,E,4,Z4,Heteropogon contortus,5.5,Unfenced,TFB,High,588
2024,E,4,Z4,NA,6,Unfenced,TFB,High,675
2024,E,5,Z1,Eragrostis rigidior,5.8,Fenced,THF,High,640
2024,E,5,Z1,Brachiaria nigropedata,5.8,Fenced,THF,High,640
2024,E,5,Z1,Heteropogon contortus,9.8,Fenced,THF,High,1396
2024,E,5,Z1,Enteropogon macrostachyus,8.5,Fenced,THF,High,1141
2024,E,5,Z1,Digitaria eriantha,15.3,Fenced,THF,High,2542
2024,E,5,Z1,Panicum maximum,15.8,Fenced,THF,High,2650
2024,E,5,Z1,Heteropogon contortus,13.8,Fenced,THF,High,2221
2024,E,5,Z1,Eragrostis gummiflua,14.5,Fenced,THF,High,2370
2024,E,5,Z1,Enteropogon macrostachyus,8.7,Fenced,THF,High,1179
2024,E,5,Z1,Panicum maximum,11.4,Fenced,THF,High,1720
2024,E,5,Z1,NA,13.4,Fenced,THF,High,2137
2024,E,5,Z1,NA,11.4,Fenced,THF,High,1720
2024,E,5,Z1,Aristida adscensionis,8.7,Fenced,THF,High,1179
2024,E,5,Z1,Heteropogon contortus,8.5,Fenced,THF,High,1141
2024,E,5,Z1,Cymbopogon excavatus,8.5,Fenced,THF,High,1141
2024,E,5,Z1,NA,8.3,Fenced,THF,High,1102
2024,E,5,Z1,Heteropogon contortus,10,Fenced,THF,High,1436
2024,E,5,Z1,Eragrostis rigidior,10.6,Fenced,THF,High,1557
2024,E,5,Z1,NA,10.4,Fenced,THF,High,1517
2024,E,5,Z1,NA,10.5,Fenced,THF,High,1537
2024,E,5,Z2,Panicum maximum,8.9,Unfenced,THF,High,1218
2024,E,5,Z2,NA,9.1,Unfenced,THF,High,1258
2024,E,5,Z2,NA,9.7,Unfenced,THF,High,1376
2024,E,5,Z2,NA,10.3,Unfenced,THF,High,1496
2024,E,5,Z2,Panicum maximum,10.8,Unfenced,THF,High,1598
2024,E,5,Z2,Enteropogon macrostachyus,10.8,Unfenced,THF,High,1598
2024,E,5,Z2,Heteropogon contortus,8.9,Unfenced,THF,High,1218
2024,E,5,Z2,NA,7.7,Unfenced,THF,High,987
2024,E,5,Z2,Brachiaria nigropedata,12.2,Unfenced,THF,High,1885
2024,E,5,Z2,Heteropogon contortus,11.3,Unfenced,THF,High,1700
2024,E,5,Z2,Digitaria eriantha,10.5,Unfenced,THF,High,1537
2024,E,5,Z2,NA,10.5,Unfenced,THF,High,1537
2024,E,5,Z2,Eragrostis rigidior,12.9,Unfenced,THF,High,2032
2024,E,5,Z2,Heteropogon contortus,15,Unfenced,THF,High,2477
2024,E,5,Z2,Pogonarthria squarrosa,14.3,Unfenced,THF,High,2328
2024,E,5,Z2,Aristida adscensionis,5.6,Unfenced,THF,High,605
2024,E,5,Z2,Enteropogon macrostachyus,10.7,Unfenced,THF,High,1577
2024,E,5,Z2,Heteropogon contortus,10.6,Unfenced,THF,High,1557
2024,E,5,Z2,Aristida adscensionis,10.4,Unfenced,THF,High,1517
2024,E,5,Z2,NA,10.1,Unfenced,THF,High,1456
2024,E,5,Z3,Aristida adscensionis,10.6,Fenced,THF,High,1557
2024,E,5,Z3,Digitaria eriantha,10.2,Fenced,THF,High,1476
2024,E,5,Z3,Eragrostis gummiflua,10.5,Fenced,THF,High,1537
2024,E,5,Z3,NA,10.4,Fenced,THF,High,1517
2024,E,5,Z3,Eragrostis gummiflua,5.1,Fenced,THF,High,519
2024,E,5,Z3,Eragrostis rigidior,13.2,Fenced,THF,High,2095
2024,E,5,Z3,Heteropogon contortus,11.4,Fenced,THF,High,1720
2024,E,5,Z3,Digitaria eriantha,19.9,Fenced,THF,High,3552
2024,E,5,Z3,Heteropogon contortus,6.8,Fenced,THF,High,820
2024,E,5,Z3,Digitaria eriantha,8.1,Fenced,THF,High,1064
2024,E,5,Z3,Panicum maximum,8.1,Fenced,THF,High,1064
2024,E,5,Z3,NA,8.8,Fenced,THF,High,1199
2024,E,5,Z3,Aristida adscensionis,6.3,Fenced,THF,High,729
2024,E,5,Z3,Eragrostis gummiflua,6,Fenced,THF,High,675
2024,E,5,Z3,Eragrostis rigidior,8.3,Fenced,THF,High,1102
2024,E,5,Z3,Heteropogon contortus,7.2,Fenced,THF,High,894
2024,E,5,Z3,Aristida adscensionis,2.8,Fenced,THF,High,169
2024,E,5,Z3,Heteropogon contortus,2.8,Fenced,THF,High,169
2024,E,5,Z3,NA,2.8,Fenced,THF,High,169
2024,E,5,Z3,NA,2.8,Fenced,THF,High,169
2024,E,5,Z4,Heteropogon contortus,13.2,Unfenced,THF,High,2095
2024,E,5,Z4,Enteropogon macrostachyus,12,Unfenced,THF,High,1844
2024,E,5,Z4,NA,11.4,Unfenced,THF,High,1720
2024,E,5,Z4,NA,11.6,Unfenced,THF,High,1761
2024,E,5,Z4,Pogonarthria squarrosa,8.3,Unfenced,THF,High,1102
2024,E,5,Z4,Brachiaria nigropedata,8.4,Unfenced,THF,High,1121
2024,E,5,Z4,NA,9.1,Unfenced,THF,High,1258
2024,E,5,Z4,NA,10,Unfenced,THF,High,1436
2024,E,5,Z4,Brachiaria nigropedata,13.2,Unfenced,THF,High,2095
2024,E,5,Z4,Digitaria eriantha,12.7,Unfenced,THF,High,1990
2024,E,5,Z4,Panicum maximum,12.2,Unfenced,THF,High,1885
2024,E,5,Z4,NA,12.3,Unfenced,THF,High,1906
2024,E,5,Z4,Enteropogon macrostachyus,11.6,Unfenced,THF,High,1761
2024,E,5,Z4,Digitaria eriantha,12.2,Unfenced,THF,High,1885
2024,E,5,Z4,Sporobolus africanus,12.3,Unfenced,THF,High,1906
2024,E,5,Z4,NA,13.1,Unfenced,THF,High,2074
2024,E,5,Z4,Enteropogon macrostachyus,5.1,Unfenced,THF,High,519
2024,E,5,Z4,Aristida adscensionis,12.8,Unfenced,THF,High,2011
2024,E,5,Z4,Sporobolus ioclados,12.5,Unfenced,THF,High,1948
2024,E,5,Z4,NA,12.1,Unfenced,THF,High,1865
2024,F,1,Z1,Heteropogon contortus,4,Fenced,C,Moderate,341
2024,F,1,Z1,Eragrostis rigidior,5.6,Fenced,C,Moderate,605
2024,F,1,Z1,NA,3.8,Fenced,C,Moderate,311
2024,F,1,Z1,NA,13.6,Fenced,C,Moderate,2179
2024,F,1,Z1,Heteropogon contortus,3.4,Fenced,C,Moderate,252
2024,F,1,Z1,Eragrostis rigidior,20.7,Fenced,C,Moderate,3731
2024,F,1,Z1,Eragrostis gummiflua,7.8,Fenced,C,Moderate,1006
2024,F,1,Z1,NA,3.6,Fenced,C,Moderate,281
2024,F,1,Z1,Aristida congesta c,3.5,Fenced,C,Moderate,266
2024,F,1,Z1,Heteropogon contortus,4.7,Fenced,C,Moderate,453
2024,F,1,Z1,Eragrostis rigidior,4.8,Fenced,C,Moderate,469
2024,F,1,Z1,Eragrostis gummiflua,5.2,Fenced,C,Moderate,536
2024,F,1,Z1,Aristida adscensionis,9,Fenced,C,Moderate,1238
2024,F,1,Z1,Eragrostis rigidior,12.7,Fenced,C,Moderate,1990
2024,F,1,Z1,Eragrostis gummiflua,12.8,Fenced,C,Moderate,2011
2024,F,1,Z1,Eragrostis superba,12.7,Fenced,C,Moderate,1990
2024,F,1,Z1,Eragrostis rigidior,5.5,Fenced,C,Moderate,588
2024,F,1,Z1,Eragrostis gummiflua,5.9,Fenced,C,Moderate,658
2024,F,1,Z1,Eragrostis superba,7.9,Fenced,C,Moderate,1025
2024,F,1,Z1,NA,7.5,Fenced,C,Moderate,950
2024,F,1,Z2,Heteropogon contortus,4.9,Fenced,C,Moderate,486
2024,F,1,Z2,Eragrostis rigidior,7.8,Fenced,C,Moderate,1006
2024,F,1,Z2,Eragrostis gummiflua,7.5,Fenced,C,Moderate,950
2024,F,1,Z2,Digitaria eriantha,13.3,Fenced,C,Moderate,2116
2024,F,1,Z2,Heteropogon contortus,19.7,Fenced,C,Moderate,3508
2024,F,1,Z2,Eragrostis rigidior,10.5,Fenced,C,Moderate,1537
2024,F,1,Z2,Eragrostis gummiflua,20,Fenced,C,Moderate,3575
2024,F,1,Z2,Panicum maximum,22.5,Fenced,C,Moderate,4137
2024,F,1,Z2,Aristida junciformis,9.8,Fenced,C,Moderate,1396
2024,F,1,Z2,Digitaria eriantha,8.7,Fenced,C,Moderate,1179
2024,F,1,Z2,Heteropogon contortus,8.9,Fenced,C,Moderate,1218
2024,F,1,Z2,NA,8.2,Fenced,C,Moderate,1083
2024,F,1,Z2,Heteropogon contortus,8.6,Fenced,C,Moderate,1160
2024,F,1,Z2,Eragrostis rigidior,8.6,Fenced,C,Moderate,1160
2024,F,1,Z2,Eragrostis superba,8.3,Fenced,C,Moderate,1102
2024,F,1,Z2,Panicum maximum,7.7,Fenced,C,Moderate,987
2024,F,1,Z2,Eragrostis rigidior,15.3,Fenced,C,Moderate,2542
2024,F,1,Z2,Eragrostis gummiflua,14.7,Fenced,C,Moderate,2413
2024,F,1,Z2,NA,13.6,Fenced,C,Moderate,2179
2024,F,1,Z2,NA,13.8,Fenced,C,Moderate,2221
2024,F,1,Z3,Heteropogon contortus,5.4,Unfenced,C,Moderate,570
2024,F,1,Z3,Eragrostis rigidior,5.1,Unfenced,C,Moderate,519
2024,F,1,Z3,Eragrostis gummiflua,4.6,Unfenced,C,Moderate,436
2024,F,1,Z3,Loudetia simplex,12.8,Unfenced,C,Moderate,2011
2024,F,1,Z3,Eragrostis gummiflua,3.4,Unfenced,C,Moderate,252
2024,F,1,Z3,Aristida  canescens,4.8,Unfenced,C,Moderate,469
2024,F,1,Z3,NA,5.4,Unfenced,C,Moderate,570
2024,F,1,Z3,NA,7.8,Unfenced,C,Moderate,1006
2024,F,1,Z3,Eragrostis gummiflua,2.2,Unfenced,C,Moderate,97
2024,F,1,Z3,NA,2.1,Unfenced,C,Moderate,86
2024,F,1,Z3,NA,2,Unfenced,C,Moderate,75
2024,F,1,Z3,NA,2.4,Unfenced,C,Moderate,120
2024,F,1,Z3,Digitaria eriantha,2.4,Unfenced,C,Moderate,120
2024,F,1,Z3,Brachiaria brizantha,4,Unfenced,C,Moderate,341
2024,F,1,Z3,Eragrostis rigidior,4.5,Unfenced,C,Moderate,420
2024,F,1,Z3,Heteropogon contortus,4.5,Unfenced,C,Moderate,420
2024,F,1,Z3,Eragrostis rigidior,3.4,Unfenced,C,Moderate,252
2024,F,1,Z3,Eragrostis gummiflua,4.3,Unfenced,C,Moderate,388
2024,F,1,Z3,NA,4.8,Unfenced,C,Moderate,469
2024,F,1,Z3,NA,5,Unfenced,C,Moderate,503
2024,F,1,Z4,Eragrostis gummiflua,1.6,Unfenced,C,Moderate,38
2024,F,1,Z4,Digitaria eriantha,3.3,Unfenced,C,Moderate,237
2024,F,1,Z4,Heteropogon contortus,3.7,Unfenced,C,Moderate,296
2024,F,1,Z4,NA,4.4,Unfenced,C,Moderate,404
2024,F,1,Z4,Eragrostis gummiflua,4.6,Unfenced,C,Moderate,436
2024,F,1,Z4,Eragrostis rigidior,4.7,Unfenced,C,Moderate,453
2024,F,1,Z4,Heteropogon contortus,5.1,Unfenced,C,Moderate,519
2024,F,1,Z4,Aristida congesta c,5.2,Unfenced,C,Moderate,536
2024,F,1,Z4,Eragrostis gummiflua,8.7,Unfenced,C,Moderate,1179
2024,F,1,Z4,Aristida diffusa,6.6,Unfenced,C,Moderate,783
2024,F,1,Z4,NA,4.8,Unfenced,C,Moderate,469
2024,F,1,Z4,NA,5.1,Unfenced,C,Moderate,519
2024,F,1,Z4,Aristida congesta b,7.7,Unfenced,C,Moderate,987
2024,F,1,Z4,Heteropogon contortus,6.6,Unfenced,C,Moderate,783
2024,F,1,Z4,Eragrostis rigidior,7.9,Unfenced,C,Moderate,1025
2024,F,1,Z4,Eragrostis gummiflua,7.8,Unfenced,C,Moderate,1006
2024,F,1,Z4,Eragrostis gummiflua,3.6,Unfenced,C,Moderate,281
2024,F,1,Z4,Urochloa panicoides,3.5,Unfenced,C,Moderate,266
2024,F,1,Z4,Aristida diffusa,3.6,Unfenced,C,Moderate,281
2024,F,1,Z4,NA,3.6,Unfenced,C,Moderate,281
2024,F,2,Z1,Aristida congesta b,5.3,Fenced,F,Moderate,553
2024,F,2,Z1,Heteropogon contortus,5.1,Fenced,F,Moderate,519
2024,F,2,Z1,Eragrostis rigidior,5,Fenced,F,Moderate,503
2024,F,2,Z1,Digitaria eriantha,4.8,Fenced,F,Moderate,469
2024,F,2,Z1,Panicum maximum,5.6,Fenced,F,Moderate,605
2024,F,2,Z1,NA,5.6,Fenced,F,Moderate,605
2024,F,2,Z1,NA,5.6,Fenced,F,Moderate,605
2024,F,2,Z1,NA,5.7,Fenced,F,Moderate,622
2024,F,2,Z1,Cynodon dactylon,8.4,Fenced,F,Moderate,1121
2024,F,2,Z1,Aristida congesta c,5.6,Fenced,F,Moderate,605
2024,F,2,Z1,Eragrostis rigidior,6.4,Fenced,F,Moderate,747
2024,F,2,Z1,NA,5.1,Fenced,F,Moderate,519
2024,F,2,Z1,Cynodon dactylon,9.7,Fenced,F,Moderate,1376
2024,F,2,Z1,Aristida congesta c,13.2,Fenced,F,Moderate,2095
2024,F,2,Z1,Digitaria eriantha,19.7,Fenced,F,Moderate,3508
2024,F,2,Z1,NA,22.1,Fenced,F,Moderate,4047
2024,F,2,Z1,Panicum maximum,13.1,Fenced,F,Moderate,2074
2024,F,2,Z1,Eragrostis rigidior,7,Fenced,F,Moderate,856
2024,F,2,Z1,NA,6.5,Fenced,F,Moderate,765
2024,F,2,Z1,NA,7.4,Fenced,F,Moderate,931
2024,F,2,Z2,Eragrostis rigidior,6.9,Fenced,F,Moderate,838
2024,F,2,Z2,Digitaria eriantha,6.3,Fenced,F,Moderate,729
2024,F,2,Z2,NA,6.7,Fenced,F,Moderate,801
2024,F,2,Z2,NA,6.4,Fenced,F,Moderate,747
2024,F,2,Z2,Digitaria eriantha,4.7,Fenced,F,Moderate,453
2024,F,2,Z2,Eragrostis rigidior,4.2,Fenced,F,Moderate,372
2024,F,2,Z2,Eragrostis gummiflua,5.9,Fenced,F,Moderate,658
2024,F,2,Z2,NA,4.6,Fenced,F,Moderate,436
2024,F,2,Z2,Eragrostis rigidior,7.4,Fenced,F,Moderate,931
2024,F,2,Z2,Digitaria eriantha,7,Fenced,F,Moderate,856
2024,F,2,Z2,Eragrostis gummiflua,11.8,Fenced,F,Moderate,1803
2024,F,2,Z2,Pogonarthria squarrosa,8.9,Fenced,F,Moderate,1218
2024,F,2,Z2,Eragrostis gummiflua,1.9,Fenced,F,Moderate,65
2024,F,2,Z2,Digitaria eriantha,3.5,Fenced,F,Moderate,266
2024,F,2,Z2,Cynodon dactylon,4,Fenced,F,Moderate,341
2024,F,2,Z2,NA,3.8,Fenced,F,Moderate,311
2024,F,2,Z2,Eragrostis gummiflua,3.9,Fenced,F,Moderate,326
2024,F,2,Z2,Eragrostis rigidior,5.1,Fenced,F,Moderate,519
2024,F,2,Z2,Urochloa panicoides,6.7,Fenced,F,Moderate,801
2024,F,2,Z2,NA,8.9,Fenced,F,Moderate,1218
2024,F,2,Z3,Digitaria eriantha,2.7,Unfenced,F,Moderate,156
2024,F,2,Z3,Cynodon dactylon,2.3,Unfenced,F,Moderate,108
2024,F,2,Z3,Perotis patens,2.4,Unfenced,F,Moderate,120
2024,F,2,Z3,NA,2.4,Unfenced,F,Moderate,120
2024,F,2,Z3,NA,0,Unfenced,F,Moderate,0
2024,F,2,Z3,NA,0,Unfenced,F,Moderate,0
2024,F,2,Z3,NA,0,Unfenced,F,Moderate,0
2024,F,2,Z3,NA,0,Unfenced,F,Moderate,0
2024,F,2,Z3,Digitaria eriantha,17,Unfenced,F,Moderate,2911
2024,F,2,Z3,Cynodon dactylon,13.7,Unfenced,F,Moderate,2200
2024,F,2,Z3,Eragrostis rigidior,11.9,Unfenced,F,Moderate,1823
2024,F,2,Z3,NA,11.9,Unfenced,F,Moderate,1823
2024,F,2,Z3,Digitaria eriantha,5.2,Unfenced,F,Moderate,536
2024,F,2,Z3,Eragrostis rigidior,5.5,Unfenced,F,Moderate,588
2024,F,2,Z3,NA,6.1,Unfenced,F,Moderate,693
2024,F,2,Z3,NA,6.9,Unfenced,F,Moderate,838
2024,F,2,Z3,Aristida  canescens,4.6,Unfenced,F,Moderate,436
2024,F,2,Z3,Digitaria eriantha,4,Unfenced,F,Moderate,341
2024,F,2,Z3,Setaria incrassata,3.9,Unfenced,F,Moderate,326
2024,F,2,Z3,NA,4.5,Unfenced,F,Moderate,420
2024,F,2,Z4,Digitaria eriantha,12.4,Unfenced,F,Moderate,1927
2024,F,2,Z4,Cynodon dactylon,11.8,Unfenced,F,Moderate,1803
2024,F,2,Z4,Eragrostis rigidior,12,Unfenced,F,Moderate,1844
2024,F,2,Z4,NA,12,Unfenced,F,Moderate,1844
2024,F,2,Z4,Heteropogon contortus,5.6,Unfenced,F,Moderate,605
2024,F,2,Z4,Cynodon dactylon,6.4,Unfenced,F,Moderate,747
2024,F,2,Z4,Eragrostis rigidior,6.7,Unfenced,F,Moderate,801
2024,F,2,Z4,Aristida  canescens,6.8,Unfenced,F,Moderate,820
2024,F,2,Z4,Enteropogon macrostachyus,6.6,Unfenced,F,Moderate,783
2024,F,2,Z4,Panicum maximum,6.9,Unfenced,F,Moderate,838
2024,F,2,Z4,NA,8.5,Unfenced,F,Moderate,1141
2024,F,2,Z4,NA,8.3,Unfenced,F,Moderate,1102
2024,F,2,Z4,Heteropogon contortus,13.7,Unfenced,F,Moderate,2200
2024,F,2,Z4,Cynodon dactylon,13.9,Unfenced,F,Moderate,2243
2024,F,2,Z4,Eragrostis rigidior,14.5,Unfenced,F,Moderate,2370
2024,F,2,Z4,Aristida  canescens,13.9,Unfenced,F,Moderate,2243
2024,F,2,Z4,Digitaria eriantha,13.1,Unfenced,F,Moderate,2074
2024,F,2,Z4,Cynodon dactylon,12.9,Unfenced,F,Moderate,2032
2024,F,2,Z4,Eragrostis rigidior,12.6,Unfenced,F,Moderate,1969
2024,F,2,Z4,NA,12.1,Unfenced,F,Moderate,1865
2024,F,3,Z1,Digitaria eriantha,2.7,Fenced,TF,Moderate,156
2024,F,3,Z1,Cynodon dactylon,2.3,Fenced,TF,Moderate,108
2024,F,3,Z1,Perotis patens,2.4,Fenced,TF,Moderate,120
2024,F,3,Z1,NA,2.4,Fenced,TF,Moderate,120
2024,F,3,Z1,NA,0,Fenced,TF,Moderate,0
2024,F,3,Z1,NA,0,Fenced,TF,Moderate,0
2024,F,3,Z1,NA,0,Fenced,TF,Moderate,0
2024,F,3,Z1,NA,0,Fenced,TF,Moderate,0
2024,F,3,Z1,Digitaria eriantha,17,Fenced,TF,Moderate,2911
2024,F,3,Z1,Cynodon dactylon,13.7,Fenced,TF,Moderate,2200
2024,F,3,Z1,Eragrostis rigidior,11.9,Fenced,TF,Moderate,1823
2024,F,3,Z1,NA,11.9,Fenced,TF,Moderate,1823
2024,F,3,Z1,Digitaria eriantha,5.2,Fenced,TF,Moderate,536
2024,F,3,Z1,Eragrostis rigidior,5.5,Fenced,TF,Moderate,588
2024,F,3,Z1,NA,6.1,Fenced,TF,Moderate,693
2024,F,3,Z1,NA,6.9,Fenced,TF,Moderate,838
2024,F,3,Z1,Aristida  canescens,4.6,Fenced,TF,Moderate,436
2024,F,3,Z1,Digitaria eriantha,4,Fenced,TF,Moderate,341
2024,F,3,Z1,Setaria incrassata,3.9,Fenced,TF,Moderate,326
2024,F,3,Z1,NA,4.5,Fenced,TF,Moderate,420
2024,F,3,Z2,Eragrostis rigidior,9.1,Fenced,TF,Moderate,1258
2024,F,3,Z2,NA,7,Fenced,TF,Moderate,856
2024,F,3,Z2,NA,9,Fenced,TF,Moderate,1238
2024,F,3,Z2,NA,8,Fenced,TF,Moderate,1044
2024,F,3,Z2,Eragrostis rigidior,2.6,Fenced,TF,Moderate,144
2024,F,3,Z2,NA,1.9,Fenced,TF,Moderate,65
2024,F,3,Z2,NA,2,Fenced,TF,Moderate,75
2024,F,3,Z2,NA,2.1,Fenced,TF,Moderate,86
2024,F,3,Z2,Aristida  canescens,4.9,Fenced,TF,Moderate,486
2024,F,3,Z2,Digitaria eriantha,3.8,Fenced,TF,Moderate,311
2024,F,3,Z2,Eragrostis gummiflua,3.4,Fenced,TF,Moderate,252
2024,F,3,Z2,Eragrostis rigidior,3.5,Fenced,TF,Moderate,266
2024,F,3,Z2,NA,0,Fenced,TF,Moderate,0
2024,F,3,Z2,NA,0,Fenced,TF,Moderate,0
2024,F,3,Z2,NA,0,Fenced,TF,Moderate,0
2024,F,3,Z2,NA,0,Fenced,TF,Moderate,0
2024,F,3,Z2,Aristida  canescens,1.9,Fenced,TF,Moderate,65
2024,F,3,Z2,Eragrostis rigidior,3.6,Fenced,TF,Moderate,281
2024,F,3,Z2,NA,2.9,Fenced,TF,Moderate,182
2024,F,3,Z2,NA,3,Fenced,TF,Moderate,196
2024,F,3,Z3,Cynodon dactylon,4.8,Unfenced,TF,Moderate,469
2024,F,3,Z3,Pogonarthria squarrosa,6.6,Unfenced,TF,Moderate,783
2024,F,3,Z3,NA,6.8,Unfenced,TF,Moderate,820
2024,F,3,Z3,NA,7,Unfenced,TF,Moderate,856
2024,F,3,Z3,Digitaria eriantha,18.3,Unfenced,TF,Moderate,3197
2024,F,3,Z3,Eragrostis rigidior,16.2,Unfenced,TF,Moderate,2737
2024,F,3,Z3,NA,12.4,Unfenced,TF,Moderate,1927
2024,F,3,Z3,NA,12.2,Unfenced,TF,Moderate,1885
2024,F,3,Z3,Cynodon dactylon,12.2,Unfenced,TF,Moderate,1885
2024,F,3,Z3,Digitaria eriantha,11.4,Unfenced,TF,Moderate,1720
2024,F,3,Z3,Eragrostis rigidior,10.7,Unfenced,TF,Moderate,1577
2024,F,3,Z3,NA,9.4,Unfenced,TF,Moderate,1317
2024,F,3,Z3,Cynodon dactylon,12.1,Unfenced,TF,Moderate,1865
2024,F,3,Z3,Digitaria eriantha,11.2,Unfenced,TF,Moderate,1679
2024,F,3,Z3,NA,12.5,Unfenced,TF,Moderate,1948
2024,F,3,Z3,NA,12.5,Unfenced,TF,Moderate,1948
2024,F,3,Z3,Cynodon dactylon,7.9,Unfenced,TF,Moderate,1025
2024,F,3,Z3,Digitaria eriantha,6.2,Unfenced,TF,Moderate,711
2024,F,3,Z3,Chloris virgata,5.6,Unfenced,TF,Moderate,605
2024,F,3,Z3,NA,5.4,Unfenced,TF,Moderate,570
2024,F,3,Z4,Cynodon dactylon,5.2,Unfenced,TF,Moderate,536
2024,F,3,Z4,Digitaria eriantha,5.1,Unfenced,TF,Moderate,519
2024,F,3,Z4,Eragrostis rigidior,5.1,Unfenced,TF,Moderate,519
2024,F,3,Z4,NA,5,Unfenced,TF,Moderate,503
2024,F,3,Z4,Aristida  canescens,6.6,Unfenced,TF,Moderate,783
2024,F,3,Z4,Digitaria eriantha,7.4,Unfenced,TF,Moderate,931
2024,F,3,Z4,NA,7.2,Unfenced,TF,Moderate,894
2024,F,3,Z4,NA,7.1,Unfenced,TF,Moderate,875
2024,F,3,Z4,Cynodon dactylon,7.2,Unfenced,TF,Moderate,894
2024,F,3,Z4,Digitaria eriantha,7.6,Unfenced,TF,Moderate,968
2024,F,3,Z4,NA,7.6,Unfenced,TF,Moderate,968
2024,F,3,Z4,NA,7.4,Unfenced,TF,Moderate,931
2024,F,3,Z4,Cynodon dactylon,7.9,Unfenced,TF,Moderate,1025
2024,F,3,Z4,Digitaria eriantha,8.2,Unfenced,TF,Moderate,1083
2024,F,3,Z4,Eragrostis rigidior,9.1,Unfenced,TF,Moderate,1258
2024,F,3,Z4,Pogonarthria squarrosa,9,Unfenced,TF,Moderate,1238
2024,F,3,Z4,Cynodon dactylon,9.2,Unfenced,TF,Moderate,1277
2024,F,3,Z4,Digitaria eriantha,9.5,Unfenced,TF,Moderate,1337
2024,F,3,Z4,Eragrostis rigidior,9.9,Unfenced,TF,Moderate,1416
2024,F,3,Z4,Chloris virgata,10.3,Unfenced,TF,Moderate,1496
2024,F,4,Z1,Heteropogon contortus,6.3,Fenced,TFB,Moderate,729
2024,F,4,Z1,Digitaria eriantha,6.8,Fenced,TFB,Moderate,820
2024,F,4,Z1,Eragrostis rigidior,7.8,Fenced,TFB,Moderate,1006
2024,F,4,Z1,NA,7.8,Fenced,TFB,Moderate,1006
2024,F,4,Z1,Eragrostis gummiflua,6.5,Fenced,TFB,Moderate,765
2024,F,4,Z1,NA,6,Fenced,TFB,Moderate,675
2024,F,4,Z1,NA,5.3,Fenced,TFB,Moderate,553
2024,F,4,Z1,NA,5.1,Fenced,TFB,Moderate,519
2024,F,4,Z1,Cynodon dactylon,7.7,Fenced,TFB,Moderate,987
2024,F,4,Z1,Digitaria eriantha,7.5,Fenced,TFB,Moderate,950
2024,F,4,Z1,NA,7.3,Fenced,TFB,Moderate,912
2024,F,4,Z1,NA,7.1,Fenced,TFB,Moderate,875
2024,F,4,Z1,Digitaria eriantha,9.2,Fenced,TFB,Moderate,1277
2024,F,4,Z1,Aristida  canescens,9.7,Fenced,TFB,Moderate,1376
2024,F,4,Z1,NA,7.6,Fenced,TFB,Moderate,968
2024,F,4,Z1,NA,8.5,Fenced,TFB,Moderate,1141
2024,F,4,Z1,Pogonarthria squarrosa,7.3,Fenced,TFB,Moderate,912
2024,F,4,Z1,NA,7.3,Fenced,TFB,Moderate,912
2024,F,4,Z1,NA,8.1,Fenced,TFB,Moderate,1064
2024,F,4,Z1,NA,7.8,Fenced,TFB,Moderate,1006
2024,F,4,Z2,Eragrostis rigidior,11.4,Fenced,TFB,Moderate,1720
2024,F,4,Z2,NA,10.8,Fenced,TFB,Moderate,1598
2024,F,4,Z2,NA,13,Fenced,TFB,Moderate,2053
2024,F,4,Z2,NA,13.1,Fenced,TFB,Moderate,2074
2024,F,4,Z2,Aristida  canescens,4.5,Fenced,TFB,Moderate,420
2024,F,4,Z2,Cynodon dactylon,4.8,Fenced,TFB,Moderate,469
2024,F,4,Z2,Eragrostis gummiflua,6,Fenced,TFB,Moderate,675
2024,F,4,Z2,Brachiaria brizantha,5.8,Fenced,TFB,Moderate,640
2024,F,4,Z2,Eragrostis rigidior,12.4,Fenced,TFB,Moderate,1927
2024,F,4,Z2,Panicum maximum,7.7,Fenced,TFB,Moderate,987
2024,F,4,Z2,NA,6.2,Fenced,TFB,Moderate,711
2024,F,4,Z2,NA,6.9,Fenced,TFB,Moderate,838
2024,F,4,Z2,Heteropogon contortus,2.1,Fenced,TFB,Moderate,86
2024,F,4,Z2,NA,2,Fenced,TFB,Moderate,75
2024,F,4,Z2,NA,2.1,Fenced,TFB,Moderate,86
2024,F,4,Z2,NA,1.9,Fenced,TFB,Moderate,65
2024,F,4,Z2,Aristida  canescens,2,Fenced,TFB,Moderate,75
2024,F,4,Z2,Eragrostis rigidior,3.3,Fenced,TFB,Moderate,237
2024,F,4,Z2,Pogonarthria squarrosa,3,Fenced,TFB,Moderate,196
2024,F,4,Z2,NA,2.8,Fenced,TFB,Moderate,169
2024,F,4,Z3,Cynodon dactylon,6.2,Unfenced,TFB,Moderate,711
2024,F,4,Z3,Eragrostis rigidior,3.6,Unfenced,TFB,Moderate,281
2024,F,4,Z3,Pogonarthria squarrosa,4,Unfenced,TFB,Moderate,341
2024,F,4,Z3,NA,15.3,Unfenced,TFB,Moderate,2542
2024,F,4,Z3,Cynodon dactylon,1.8,Unfenced,TFB,Moderate,56
2024,F,4,Z3,Digitaria eriantha,1.9,Unfenced,TFB,Moderate,65
2024,F,4,Z3,NA,3.8,Unfenced,TFB,Moderate,311
2024,F,4,Z3,NA,3.1,Unfenced,TFB,Moderate,209
2024,F,4,Z3,Digitaria eriantha,10.8,Unfenced,TFB,Moderate,1598
2024,F,4,Z3,Heteropogon contortus,5.6,Unfenced,TFB,Moderate,605
2024,F,4,Z3,NA,10.2,Unfenced,TFB,Moderate,1476
2024,F,4,Z3,NA,9.3,Unfenced,TFB,Moderate,1297
2024,F,4,Z3,Eragrostis viscosa,3.5,Unfenced,TFB,Moderate,266
2024,F,4,Z3,Digitaria eriantha,5.3,Unfenced,TFB,Moderate,553
2024,F,4,Z3,NA,4.5,Unfenced,TFB,Moderate,420
2024,F,4,Z3,NA,2.5,Unfenced,TFB,Moderate,132
2024,F,4,Z3,Cynodon dactylon,6.7,Unfenced,TFB,Moderate,801
2024,F,4,Z3,Digitaria eriantha,6.9,Unfenced,TFB,Moderate,838
2024,F,4,Z3,Eragrostis rigidior,7.2,Unfenced,TFB,Moderate,894
2024,F,4,Z3,Aristida  canescens,9.8,Unfenced,TFB,Moderate,1396
2024,F,4,Z4,Aristida  canescens,3.1,Unfenced,TFB,Moderate,209
2024,F,4,Z4,Cynodon dactylon,2.9,Unfenced,TFB,Moderate,182
2024,F,4,Z4,Eragrostis rigidior,2.5,Unfenced,TFB,Moderate,132
2024,F,4,Z4,NA,3,Unfenced,TFB,Moderate,196
2024,F,4,Z4,Aristida  canescens,4,Unfenced,TFB,Moderate,341
2024,F,4,Z4,Panicum maximum,4.8,Unfenced,TFB,Moderate,469
2024,F,4,Z4,Cymbopogon excavatus,5.5,Unfenced,TFB,Moderate,588
2024,F,4,Z4,NA,6.5,Unfenced,TFB,Moderate,765
2024,F,4,Z4,Aristida  canescens,3.6,Unfenced,TFB,Moderate,281
2024,F,4,Z4,Digitaria eriantha,5.6,Unfenced,TFB,Moderate,605
2024,F,4,Z4,Eragrostis gummiflua,7.9,Unfenced,TFB,Moderate,1025
2024,F,4,Z4,NA,5.6,Unfenced,TFB,Moderate,605
2024,F,4,Z4,Cynodon dactylon,13.7,Unfenced,TFB,Moderate,2200
2024,F,4,Z4,Heteropogon contortus,10.2,Unfenced,TFB,Moderate,1476
2024,F,4,Z4,Pogonarthria squarrosa,6.4,Unfenced,TFB,Moderate,747
2024,F,4,Z4,NA,15.3,Unfenced,TFB,Moderate,2542
2024,F,4,Z4,Cynodon dactylon,4.5,Unfenced,TFB,Moderate,420
2024,F,4,Z4,Eragrostis rigidior,5.9,Unfenced,TFB,Moderate,658
2024,F,4,Z4,NA,5.5,Unfenced,TFB,Moderate,588
2024,F,4,Z4,NA,5,Unfenced,TFB,Moderate,503
2024,F,5,Z1,Cynodon dactylon,7.4,Fenced,THF,Moderate,931
2024,F,5,Z1,Digitaria eriantha,6.5,Fenced,THF,Moderate,765
2024,F,5,Z1,NA,6.3,Fenced,THF,Moderate,729
2024,F,5,Z1,NA,7.9,Fenced,THF,Moderate,1025
2024,F,5,Z1,Cynodon dactylon,3.8,Fenced,THF,Moderate,311
2024,F,5,Z1,Digitaria eriantha,3.8,Fenced,THF,Moderate,311
2024,F,5,Z1,Eragrostis rigidior,6.3,Fenced,THF,Moderate,729
2024,F,5,Z1,NA,5.8,Fenced,THF,Moderate,640
2024,F,5,Z1,Cynodon dactylon,9.4,Fenced,THF,Moderate,1317
2024,F,5,Z1,Digitaria eriantha,12.3,Fenced,THF,Moderate,1906
2024,F,5,Z1,Eragrostis rigidior,10.9,Fenced,THF,Moderate,1618
2024,F,5,Z1,NA,11.2,Fenced,THF,Moderate,1679
2024,F,5,Z1,Cynodon dactylon,8.6,Fenced,THF,Moderate,1160
2024,F,5,Z1,Digitaria eriantha,7.7,Fenced,THF,Moderate,987
2024,F,5,Z1,NA,10.2,Fenced,THF,Moderate,1476
2024,F,5,Z1,NA,9.7,Fenced,THF,Moderate,1376
2024,F,5,Z1,Cynodon dactylon,7.5,Fenced,THF,Moderate,950
2024,F,5,Z1,Digitaria eriantha,8.2,Fenced,THF,Moderate,1083
2024,F,5,Z1,NA,7.4,Fenced,THF,Moderate,931
2024,F,5,Z1,NA,7.2,Fenced,THF,Moderate,894
2024,F,5,Z2,Urochloa mosambicensis,5.2,Fenced,THF,Moderate,536
2024,F,5,Z2,Digitaria eriantha,5,Fenced,THF,Moderate,503
2024,F,5,Z2,NA,5.1,Fenced,THF,Moderate,519
2024,F,5,Z2,NA,5.1,Fenced,THF,Moderate,519
2024,F,5,Z2,Cynodon dactylon,11.5,Fenced,THF,Moderate,1741
2024,F,5,Z2,Digitaria eriantha,9.4,Fenced,THF,Moderate,1317
2024,F,5,Z2,Eragrostis rigidior,7.1,Fenced,THF,Moderate,875
2024,F,5,Z2,Pogonarthria squarrosa,9.4,Fenced,THF,Moderate,1317
2024,F,5,Z2,Cynodon dactylon,10.6,Fenced,THF,Moderate,1557
2024,F,5,Z2,Digitaria eriantha,9.3,Fenced,THF,Moderate,1297
2024,F,5,Z2,NA,8.4,Fenced,THF,Moderate,1121
2024,F,5,Z2,NA,8.6,Fenced,THF,Moderate,1160
2024,F,5,Z2,Cynodon dactylon,4.2,Fenced,THF,Moderate,372
2024,F,5,Z2,Digitaria eriantha,4.1,Fenced,THF,Moderate,357
2024,F,5,Z2,Eragrostis rigidior,4.2,Fenced,THF,Moderate,372
2024,F,5,Z2,Aristida  canescens,4.6,Fenced,THF,Moderate,436
2024,F,5,Z2,Digitaria eriantha,5.5,Fenced,THF,Moderate,588
2024,F,5,Z2,Eragrostis rigidior,5,Fenced,THF,Moderate,503
2024,F,5,Z2,NA,5.3,Fenced,THF,Moderate,553
2024,F,5,Z2,NA,5.2,Fenced,THF,Moderate,536
2024,F,5,Z3,Cynodon dactylon,9.4,Unfenced,THF,Moderate,1317
2024,F,5,Z3,Digitaria eriantha,8.7,Unfenced,THF,Moderate,1179
2024,F,5,Z3,Eragrostis rigidior,8.6,Unfenced,THF,Moderate,1160
2024,F,5,Z3,NA,9.7,Unfenced,THF,Moderate,1376
2024,F,5,Z3,Cynodon dactylon,10.6,Unfenced,THF,Moderate,1557
2024,F,5,Z3,Digitaria eriantha,8.2,Unfenced,THF,Moderate,1083
2024,F,5,Z3,NA,8.8,Unfenced,THF,Moderate,1199
2024,F,5,Z3,NA,8.4,Unfenced,THF,Moderate,1121
2024,F,5,Z3,Cynodon dactylon,8.8,Unfenced,THF,Moderate,1199
2024,F,5,Z3,Digitaria eriantha,9,Unfenced,THF,Moderate,1238
2024,F,5,Z3,Eragrostis rigidior,9.8,Unfenced,THF,Moderate,1396
2024,F,5,Z3,Setaria incrassata,8,Unfenced,THF,Moderate,1044
2024,F,5,Z3,Cynodon dactylon,6.8,Unfenced,THF,Moderate,820
2024,F,5,Z3,Digitaria eriantha,7.2,Unfenced,THF,Moderate,894
2024,F,5,Z3,Eragrostis rigidior,8.6,Unfenced,THF,Moderate,1160
2024,F,5,Z3,NA,8.9,Unfenced,THF,Moderate,1218
2024,F,5,Z3,Cynodon dactylon,9.2,Unfenced,THF,Moderate,1277
2024,F,5,Z3,Digitaria eriantha,11.1,Unfenced,THF,Moderate,1659
2024,F,5,Z3,Eragrostis rigidior,12.4,Unfenced,THF,Moderate,1927
2024,F,5,Z3,NA,12.4,Unfenced,THF,Moderate,1927
2024,F,5,Z4,Cynodon dactylon,3.4,Unfenced,THF,Moderate,252
2024,F,5,Z4,Digitaria eriantha,3.1,Unfenced,THF,Moderate,209
2024,F,5,Z4,Eragrostis rigidior,2.2,Unfenced,THF,Moderate,97
2024,F,5,Z4,NA,2.6,Unfenced,THF,Moderate,144
2024,F,5,Z4,Cynodon dactylon,11,Unfenced,THF,Moderate,1638
2024,F,5,Z4,Digitaria eriantha,9.7,Unfenced,THF,Moderate,1376
2024,F,5,Z4,NA,7.1,Unfenced,THF,Moderate,875
2024,F,5,Z4,NA,9.2,Unfenced,THF,Moderate,1277
2024,F,5,Z4,Cynodon dactylon,3.9,Unfenced,THF,Moderate,326
2024,F,5,Z4,Digitaria eriantha,7.9,Unfenced,THF,Moderate,1025
2024,F,5,Z4,NA,5.1,Unfenced,THF,Moderate,519
2024,F,5,Z4,NA,4,Unfenced,THF,Moderate,341
2024,F,5,Z4,Cynodon dactylon,10.5,Unfenced,THF,Moderate,1537
2024,F,5,Z4,Digitaria eriantha,10.1,Unfenced,THF,Moderate,1456
2024,F,5,Z4,Heteropogon contortus,10,Unfenced,THF,Moderate,1436
2024,F,5,Z4,NA,14.3,Unfenced,THF,Moderate,2328
2024,F,5,Z4,Digitaria eriantha,10.5,Unfenced,THF,Moderate,1537
2024,F,5,Z4,Eragrostis rigidior,8.5,Unfenced,THF,Moderate,1141
2024,F,5,Z4,Aristida  canescens,8.3,Unfenced,THF,Moderate,1102
2024,F,5,Z4,Eragrostis viscosa,8.4,Unfenced,THF,Moderate,1121
2025,A,5,Z3,Aristida adscensionis,9.4,Fenced,THF,Moderate,1317
2025,A,5,Z3,Bothriochloa insculpta,9.7,Fenced,THF,Moderate,1376
2025,A,5,Z3,Eragrostis gummiflua,11.1,Fenced,THF,Moderate,1659
2025,A,5,Z3,NA,12.1,Fenced,THF,Moderate,1865
2025,A,5,Z3,Bothriochloa insculpta,17,Fenced,THF,Moderate,2911
2025,A,5,Z3,NA,2.7,Fenced,THF,Moderate,156
2025,A,5,Z3,NA,2.8,Fenced,THF,Moderate,169
2025,A,5,Z3,NA,2.8,Fenced,THF,Moderate,169
2025,A,5,Z3,Urochloa mosambicensis,26.8,Fenced,THF,Moderate,5122
2025,A,5,Z3,Hyperrhenia filipendula,19.4,Fenced,THF,Moderate,3441
2025,A,5,Z3,Bothriochloa insculpta,17.3,Fenced,THF,Moderate,2977
2025,A,5,Z3,Eragrostis gummiflua,16.8,Fenced,THF,Moderate,2867
2025,A,5,Z3,Urochloa mosambicensis,7.4,Fenced,THF,Moderate,931
2025,A,5,Z3,Cymbopogon excavatus,9.8,Fenced,THF,Moderate,1396
2025,A,5,Z3,Bothriochloa insculpta,13,Fenced,THF,Moderate,2053
2025,A,5,Z3,NA,14.3,Fenced,THF,Moderate,2328
2025,A,5,Z3,Hyperrhenia filipendula,12,Fenced,THF,Moderate,1844
2025,A,5,Z3,Bothriochloa insculpta,9.5,Fenced,THF,Moderate,1337
2025,A,5,Z3,NA,7.8,Fenced,THF,Moderate,1006
2025,A,5,Z3,NA,13.1,Fenced,THF,Moderate,2074
2025,A,5,Z1,Urochloa mosambicensis,22.3,Fenced,THF,Moderate,4092
2025,A,5,Z1,Bothriochloa insculpta,20.3,Fenced,THF,Moderate,3642
2025,A,5,Z1,NA,20.6,Fenced,THF,Moderate,3709
2025,A,5,Z1,NA,19.7,Fenced,THF,Moderate,3508
2025,A,5,Z1,Hyperrhenia filipendula,18.7,Fenced,THF,Moderate,3285
2025,A,5,Z1,Urochloa mosambicensis,16.1,Fenced,THF,Moderate,2715
2025,A,5,Z1,NA,19.2,Fenced,THF,Moderate,3396
2025,A,5,Z1,NA,14.8,Fenced,THF,Moderate,2435
2025,A,5,Z1,Hyperrhenia filipendula,16,Fenced,THF,Moderate,2693
2025,A,5,Z1,Themeda triandra,12,Fenced,THF,Moderate,1844
2025,A,5,Z1,Urochloa mosambicensis,15,Fenced,THF,Moderate,2477
2025,A,5,Z1,Bothriochloa insculpta,17.8,Fenced,THF,Moderate,3087
2025,A,5,Z1,Urochloa mosambicensis,2.8,Fenced,THF,Moderate,169
2025,A,5,Z1,NA,6.9,Fenced,THF,Moderate,838
2025,A,5,Z1,NA,6.3,Fenced,THF,Moderate,729
2025,A,5,Z1,NA,6.4,Fenced,THF,Moderate,747
2025,A,5,Z1,Heteropogon contortus,24,Fenced,THF,Moderate,4478
2025,A,5,Z1,Urochloa mosambicensis,16,Fenced,THF,Moderate,2693
2025,A,5,Z1,NA,14.7,Fenced,THF,Moderate,2413
2025,A,5,Z1,NA,14.8,Fenced,THF,Moderate,2435
2025,F,5,Z2,Aristida adscensionis,6.8,Fenced,THF,Moderate,820
2025,F,5,Z2,Enteropogon macrostachyus,3.4,Fenced,THF,Moderate,252
2025,F,5,Z2,Setaria incrassata,5.7,Fenced,THF,Moderate,622
2025,F,5,Z2,NA,7.3,Fenced,THF,Moderate,912
2025,F,5,Z2,Digitaria eriantha,8.5,Fenced,THF,Moderate,1141
2025,F,5,Z2,Pogonarthria squarrosa,7.3,Fenced,THF,Moderate,912
2025,F,5,Z2,Cynodon dactylon,7.2,Fenced,THF,Moderate,894
2025,F,5,Z2,NA,7,Fenced,THF,Moderate,856
2025,F,5,Z2,Digitaria eriantha,6.6,Fenced,THF,Moderate,783
2025,F,5,Z2,Heteropogon contortus,6.9,Fenced,THF,Moderate,838
2025,F,5,Z2,Cynodon dactylon,6.9,Fenced,THF,Moderate,838
2025,F,5,Z2,NA,6.7,Fenced,THF,Moderate,801
2025,F,5,Z2,Chloris virgata,8.6,Fenced,THF,Moderate,1160
2025,F,5,Z2,Eragrostis gummiflua,7.4,Fenced,THF,Moderate,931
2025,F,5,Z2,Setaria incrassata,7.9,Fenced,THF,Moderate,1025
2025,F,5,Z2,Cynodon dactylon,4.7,Fenced,THF,Moderate,453
2025,F,5,Z2,Digitaria eriantha,7.6,Fenced,THF,Moderate,968
2025,F,5,Z2,Pogonarthria squarrosa,5.8,Fenced,THF,Moderate,640
2025,F,5,Z2,NA,6.4,Fenced,THF,Moderate,747
2025,F,5,Z2,NA,7.1,Fenced,THF,Moderate,875
2025,F,5,Z1,Eragrostis rigidior,10.5,Fenced,THF,Moderate,1537
2025,F,5,Z1,Digitaria eriantha,8.7,Fenced,THF,Moderate,1179
2025,F,5,Z1,Cynodon dactylon,8.8,Fenced,THF,Moderate,1199
2025,F,5,Z1,Setaria incrassata,8.9,Fenced,THF,Moderate,1218
2025,F,5,Z1,Eragrostis rigidior,4.9,Fenced,THF,Moderate,486
2025,F,5,Z1,Eragrostis gummiflua,4.7,Fenced,THF,Moderate,453
2025,F,5,Z1,Setaria incrassata,5.2,Fenced,THF,Moderate,536
2025,F,5,Z1,Cynodon dactylon,5.3,Fenced,THF,Moderate,553
2025,F,5,Z1,Eragrostis rigidior,7,Fenced,THF,Moderate,856
2025,F,5,Z1,Setaria incrassata,6.7,Fenced,THF,Moderate,801
2025,F,5,Z1,Cynodon dactylon,6.9,Fenced,THF,Moderate,838
2025,F,5,Z1,Digitaria eriantha,7.2,Fenced,THF,Moderate,894
2025,F,5,Z1,Cynodon dactylon,5.6,Fenced,THF,Moderate,605
2025,F,5,Z1,Digitaria eriantha,5,Fenced,THF,Moderate,503
2025,F,5,Z1,NA,6.7,Fenced,THF,Moderate,801
2025,F,5,Z1,NA,7.2,Fenced,THF,Moderate,894
2025,F,5,Z1,Cynodon dactylon,6.9,Fenced,THF,Moderate,838
2025,F,5,Z1,Digitaria eriantha,7,Fenced,THF,Moderate,856
2025,F,5,Z1,Setaria incrassata,7.1,Fenced,THF,Moderate,875
2025,F,5,Z1,NA,7.2,Fenced,THF,Moderate,894
2025,F,5,Z3,Setaria incrassata,8,Unfenced,THF,Moderate,1044
2025,F,5,Z3,Enteropogon macrostachyus,8.3,Unfenced,THF,Moderate,1102
2025,F,5,Z3,Cynodon dactylon,8,Unfenced,THF,Moderate,1044
2025,F,5,Z3,NA,7.7,Unfenced,THF,Moderate,987
2025,F,5,Z3,Cynodon dactylon,6.7,Unfenced,THF,Moderate,801
2025,F,5,Z3,Digitaria eriantha,5.6,Unfenced,THF,Moderate,605
2025,F,5,Z3,Setaria incrassata,5.5,Unfenced,THF,Moderate,588
2025,F,5,Z3,Chloris virgata,5.9,Unfenced,THF,Moderate,658
2025,F,5,Z3,Cynodon dactylon,10.5,Unfenced,THF,Moderate,1537
2025,F,5,Z3,Eragrostis rigidior,9.6,Unfenced,THF,Moderate,1356
2025,F,5,Z3,Digitaria eriantha,9,Unfenced,THF,Moderate,1238
2025,F,5,Z3,NA,10.2,Unfenced,THF,Moderate,1476
2025,F,5,Z3,Digitaria eriantha,9.3,Unfenced,THF,Moderate,1297
2025,F,5,Z3,Cynodon dactylon,9.4,Unfenced,THF,Moderate,1317
2025,F,5,Z3,Eragrostis rigidior,9,Unfenced,THF,Moderate,1238
2025,F,5,Z3,NA,8.4,Unfenced,THF,Moderate,1121
2025,F,5,Z3,Cynodon dactylon,11.3,Unfenced,THF,Moderate,1700
2025,F,5,Z3,Digitaria eriantha,17,Unfenced,THF,Moderate,2911
2025,F,5,Z3,Setaria incrassata,17.5,Unfenced,THF,Moderate,3021
2025,F,5,Z3,NA,17.5,Unfenced,THF,Moderate,3021
2025,F,5,Z4,Digitaria eriantha,13.1,Unfenced,THF,Moderate,2074
2025,F,5,Z4,Cynodon dactylon,12.6,Unfenced,THF,Moderate,1969
2025,F,5,Z4,Setaria incrassata,12.4,Unfenced,THF,Moderate,1927
2025,F,5,Z4,NA,13.9,Unfenced,THF,Moderate,2243
2025,F,5,Z4,Digitaria eriantha,7,Unfenced,THF,Moderate,856
2025,F,5,Z4,Eragrostis rigidior,5.7,Unfenced,THF,Moderate,622
2025,F,5,Z4,Cynodon dactylon,4.8,Unfenced,THF,Moderate,469
2025,F,5,Z4,NA,4.4,Unfenced,THF,Moderate,404
2025,F,5,Z4,Setaria incrassata,10.3,Unfenced,THF,Moderate,1496
2025,F,5,Z4,Eragrostis rigidior,9.8,Unfenced,THF,Moderate,1396
2025,F,5,Z4,Cynodon dactylon,9.5,Unfenced,THF,Moderate,1337
2025,F,5,Z4,NA,11.2,Unfenced,THF,Moderate,1679
2025,F,5,Z4,Cynodon dactylon,4.4,Unfenced,THF,Moderate,404
2025,F,5,Z4,Digitaria eriantha,4.7,Unfenced,THF,Moderate,453
2025,F,5,Z4,NA,4.8,Unfenced,THF,Moderate,469
2025,F,5,Z4,NA,4.6,Unfenced,THF,Moderate,436
2025,F,5,Z4,Digitaria eriantha,5.3,Unfenced,THF,Moderate,553
2025,F,5,Z4,Eragrostis rigidior,5.3,Unfenced,THF,Moderate,553
2025,F,5,Z4,Setaria incrassata,5.4,Unfenced,THF,Moderate,570
2025,F,5,Z4,Aristida adscensionis,6.6,Unfenced,THF,Moderate,783
2025,F,4,Z2,Eragrostis rigidior,9.8,Fenced,TFB,Moderate,1396
2025,F,4,Z2,NA,10.2,Fenced,TFB,Moderate,1476
2025,F,4,Z2,NA,8.8,Fenced,TFB,Moderate,1199
2025,F,4,Z2,NA,7.8,Fenced,TFB,Moderate,1006
2025,F,4,Z2,Pogonarthria squarrosa,3.6,Fenced,TFB,Moderate,281
2025,F,4,Z2,Setaria incrassata,3.4,Fenced,TFB,Moderate,252
2025,F,4,Z2,NA,4.5,Fenced,TFB,Moderate,420
2025,F,4,Z2,NA,5.1,Fenced,TFB,Moderate,519
2025,F,4,Z2,Chloris virgata,4.7,Fenced,TFB,Moderate,453
2025,F,4,Z2,NA,4.3,Fenced,TFB,Moderate,388
2025,F,4,Z2,NA,4.1,Fenced,TFB,Moderate,357
2025,F,4,Z2,NA,4.2,Fenced,TFB,Moderate,372
2025,F,4,Z2,Brachiaria nigropedata,6.4,Fenced,TFB,Moderate,747
2025,F,4,Z2,Eragrostis rigidior,5.6,Fenced,TFB,Moderate,605
2025,F,4,Z2,Cynodon dactylon,5.3,Fenced,TFB,Moderate,553
2025,F,4,Z2,Eragrostis gummiflua,5.7,Fenced,TFB,Moderate,622
2025,F,4,Z2,Brachiaria nigropedata,5.4,Fenced,TFB,Moderate,570
2025,F,4,Z2,Eragrostis rigidior,4.3,Fenced,TFB,Moderate,388
2025,F,4,Z2,Digitaria eriantha,8.1,Fenced,TFB,Moderate,1064
2025,F,4,Z2,NA,8.5,Fenced,TFB,Moderate,1141
2025,F,4,Z3,Cynodon dactylon,4.5,Unfenced,TFB,Moderate,420
2025,F,4,Z3,Setaria incrassata,4.1,Unfenced,TFB,Moderate,357
2025,F,4,Z3,Aristida adscensionis,4,Unfenced,TFB,Moderate,341
2025,F,4,Z3,NA,3.7,Unfenced,TFB,Moderate,296
2025,F,4,Z3,Digitaria eriantha,4.7,Unfenced,TFB,Moderate,453
2025,F,4,Z3,Eragrostis viscosa,5.3,Unfenced,TFB,Moderate,553
2025,F,4,Z3,Eragrostis rigidior,5.4,Unfenced,TFB,Moderate,570
2025,F,4,Z3,Cynodon dactylon,5.4,Unfenced,TFB,Moderate,570
2025,F,4,Z3,Digitaria eriantha,6,Unfenced,TFB,Moderate,675
2025,F,4,Z3,Heteropogon contortus,5.1,Unfenced,TFB,Moderate,519
2025,F,4,Z3,NA,5,Unfenced,TFB,Moderate,503
2025,F,4,Z3,NA,4.9,Unfenced,TFB,Moderate,486
2025,F,4,Z3,Aristida adscensionis,6,Unfenced,TFB,Moderate,675
2025,F,4,Z3,Digitaria eriantha,6.1,Unfenced,TFB,Moderate,693
2025,F,4,Z3,Eragrostis viscosa,5.9,Unfenced,TFB,Moderate,658
2025,F,4,Z3,NA,6.2,Unfenced,TFB,Moderate,711
2025,F,4,Z3,Eragrostis rigidior,9.3,Unfenced,TFB,Moderate,1297
2025,F,4,Z3,Digitaria eriantha,7.1,Unfenced,TFB,Moderate,875
2025,F,4,Z3,Eragrostis viscosa,6,Unfenced,TFB,Moderate,675
2025,F,4,Z3,Cynodon dactylon,5.7,Unfenced,TFB,Moderate,622
2025,F,4,Z1,Setaria incrassata,5.5,Fenced,TFB,Moderate,588
2025,F,4,Z1,Eragrostis viscosa,5.2,Fenced,TFB,Moderate,536
2025,F,4,Z1,NA,4.8,Fenced,TFB,Moderate,469
2025,F,4,Z1,NA,4.4,Fenced,TFB,Moderate,404
2025,F,4,Z1,Brachiaria nigropedata,8.5,Fenced,TFB,Moderate,1141
2025,F,4,Z1,Heteropogon contortus,10.8,Fenced,TFB,Moderate,1598
2025,F,4,Z1,NA,8.7,Fenced,TFB,Moderate,1179
2025,F,4,Z1,NA,9.5,Fenced,TFB,Moderate,1337
2025,F,4,Z1,Aristida adscensionis,8.5,Fenced,TFB,Moderate,1141
2025,F,4,Z1,Setaria incrassata,10.8,Fenced,TFB,Moderate,1598
2025,F,4,Z1,NA,10.2,Fenced,TFB,Moderate,1476
2025,F,4,Z1,NA,10,Fenced,TFB,Moderate,1436
2025,F,4,Z1,Setaria incrassata,8,Fenced,TFB,Moderate,1044
2025,F,4,Z1,Digitaria eriantha,9.2,Fenced,TFB,Moderate,1277
2025,F,4,Z1,NA,10,Fenced,TFB,Moderate,1436
2025,F,4,Z1,NA,8.9,Fenced,TFB,Moderate,1218
2025,F,4,Z1,Pogonarthria squarrosa,1.9,Fenced,TFB,Moderate,65
2025,F,4,Z1,Eragrostis viscosa,3.3,Fenced,TFB,Moderate,237
2025,F,4,Z1,NA,3.3,Fenced,TFB,Moderate,237
2025,F,4,Z1,NA,3.9,Fenced,TFB,Moderate,326
2025,F,4,Z4,Panicum maximum,12,Unfenced,TFB,Moderate,1844
2025,F,4,Z4,Enteropogon macrostachyus,15.3,Unfenced,TFB,Moderate,2542
2025,F,4,Z4,NA,14,Unfenced,TFB,Moderate,2264
2025,F,4,Z4,NA,16.5,Unfenced,TFB,Moderate,2802
2025,F,4,Z4,Heteropogon contortus,6.3,Unfenced,TFB,Moderate,729
2025,F,4,Z4,Digitaria eriantha,6.9,Unfenced,TFB,Moderate,838
2025,F,4,Z4,Aristida adscensionis,7.9,Unfenced,TFB,Moderate,1025
2025,F,4,Z4,Setaria incrassata,7.7,Unfenced,TFB,Moderate,987
2025,F,4,Z4,Digitaria eriantha,2.6,Unfenced,TFB,Moderate,144
2025,F,4,Z4,Eragrostis viscosa,2.7,Unfenced,TFB,Moderate,156
2025,F,4,Z4,Pogonarthria squarrosa,3.3,Unfenced,TFB,Moderate,237
2025,F,4,Z4,NA,4.1,Unfenced,TFB,Moderate,357
2025,F,4,Z4,Digitaria eriantha,3.4,Unfenced,TFB,Moderate,252
2025,F,4,Z4,Cynodon dactylon,4.8,Unfenced,TFB,Moderate,469
2025,F,4,Z4,Pogonarthria squarrosa,6.9,Unfenced,TFB,Moderate,838
2025,F,4,Z4,Heteropogon contortus,7.2,Unfenced,TFB,Moderate,894
2025,F,4,Z4,Setaria incrassata,5.8,Unfenced,TFB,Moderate,640
2025,F,4,Z4,Aristida adscensionis,5.6,Unfenced,TFB,Moderate,605
2025,F,4,Z4,NA,7.7,Unfenced,TFB,Moderate,987
2025,F,4,Z4,NA,9,Unfenced,TFB,Moderate,1238
2025,F,3,Z1,Digitaria eriantha,6.3,Fenced,TF,Moderate,729
2025,F,3,Z1,NA,1.7,Fenced,TF,Moderate,47
2025,F,3,Z1,NA,1.7,Fenced,TF,Moderate,47
2025,F,3,Z1,NA,3.7,Fenced,TF,Moderate,296
2025,F,3,Z1,Eragrostis viscosa,6.4,Fenced,TF,Moderate,747
2025,F,3,Z1,Pogonarthria squarrosa,5.2,Fenced,TF,Moderate,536
2025,F,3,Z1,NA,4.2,Fenced,TF,Moderate,372
2025,F,3,Z1,NA,4.2,Fenced,TF,Moderate,372
2025,F,3,Z1,Eragrostis viscosa,10.6,Fenced,TF,Moderate,1557
2025,F,3,Z1,Eragrostis rigidior,7.2,Fenced,TF,Moderate,894
2025,F,3,Z1,Digitaria eriantha,7.2,Fenced,TF,Moderate,894
2025,F,3,Z1,Cynodon dactylon,7.1,Fenced,TF,Moderate,875
2025,F,3,Z1,Cynodon dactylon,5.1,Fenced,TF,Moderate,519
2025,F,3,Z1,Digitaria eriantha,5.5,Fenced,TF,Moderate,588
2025,F,3,Z1,Eragrostis viscosa,5.6,Fenced,TF,Moderate,605
2025,F,3,Z1,NA,8.9,Fenced,TF,Moderate,1218
2025,F,3,Z1,Setaria incrassata,5.4,Fenced,TF,Moderate,570
2025,F,3,Z1,Digitaria eriantha,5.8,Fenced,TF,Moderate,640
2025,F,3,Z1,NA,6.1,Fenced,TF,Moderate,693
2025,F,3,Z1,NA,6.5,Fenced,TF,Moderate,765
2025,F,3,Z2,Eragrostis viscosa,7.2,Fenced,TF,Moderate,894
2025,F,3,Z2,Pogonarthria squarrosa,7.9,Fenced,TF,Moderate,1025
2025,F,3,Z2,Eragrostis rigidior,7.8,Fenced,TF,Moderate,1006
2025,F,3,Z2,NA,7.5,Fenced,TF,Moderate,950
2025,F,3,Z2,Eragrostis viscosa,8.3,Fenced,TF,Moderate,1102
2025,F,3,Z2,Setaria incrassata,6.4,Fenced,TF,Moderate,747
2025,F,3,Z2,Eragrostis rigidior,6.8,Fenced,TF,Moderate,820
2025,F,3,Z2,NA,7.1,Fenced,TF,Moderate,875
2025,F,3,Z2,Eragrostis viscosa,6.5,Fenced,TF,Moderate,765
2025,F,3,Z2,Eragrostis rigidior,6.2,Fenced,TF,Moderate,711
2025,F,3,Z2,Perotis patens,5.9,Fenced,TF,Moderate,658
2025,F,3,Z2,NA,6.2,Fenced,TF,Moderate,711
2025,F,3,Z2,Eragrostis viscosa,6.9,Fenced,TF,Moderate,838
2025,F,3,Z2,Digitaria eriantha,6.4,Fenced,TF,Moderate,747
2025,F,3,Z2,Eragrostis rigidior,7,Fenced,TF,Moderate,856
2025,F,3,Z2,Eragrostis gummiflua,6.8,Fenced,TF,Moderate,820
2025,F,3,Z2,Setaria incrassata,6.8,Fenced,TF,Moderate,820
2025,F,3,Z2,Eragrostis rigidior,6.5,Fenced,TF,Moderate,765
2025,F,3,Z2,NA,6.3,Fenced,TF,Moderate,729
2025,F,3,Z2,NA,6,Fenced,TF,Moderate,675
2025,F,3,Z4,Eragrostis rigidior,6.4,Unfenced,TF,Moderate,747
2025,F,3,Z4,Cynodon dactylon,6.6,Unfenced,TF,Moderate,783
2025,F,3,Z4,Digitaria eriantha,6.4,Unfenced,TF,Moderate,747
2025,F,3,Z4,NA,6.6,Unfenced,TF,Moderate,783
2025,F,3,Z4,Cynodon dactylon,7.4,Unfenced,TF,Moderate,931
2025,F,3,Z4,Eragrostis rigidior,8.7,Unfenced,TF,Moderate,1179
2025,F,3,Z4,Digitaria eriantha,8.9,Unfenced,TF,Moderate,1218
2025,F,3,Z4,NA,9.6,Unfenced,TF,Moderate,1356
2025,F,3,Z4,Cynodon dactylon,4.7,Unfenced,TF,Moderate,453
2025,F,3,Z4,Digitaria eriantha,6.8,Unfenced,TF,Moderate,820
2025,F,3,Z4,Setaria incrassata,8.6,Unfenced,TF,Moderate,1160
2025,F,3,Z4,NA,9.1,Unfenced,TF,Moderate,1258
2025,F,3,Z4,Cynodon dactylon,11.6,Unfenced,TF,Moderate,1761
2025,F,3,Z4,Eragrostis rigidior,9.7,Unfenced,TF,Moderate,1376
2025,F,3,Z4,Pogonarthria squarrosa,8.3,Unfenced,TF,Moderate,1102
2025,F,3,Z4,Digitaria eriantha,8.1,Unfenced,TF,Moderate,1064
2025,F,3,Z4,Enteropogon macrostachyus,5.1,Unfenced,TF,Moderate,519
2025,F,3,Z4,Digitaria eriantha,5.3,Unfenced,TF,Moderate,553
2025,F,3,Z4,Setaria incrassata,9.4,Unfenced,TF,Moderate,1317
2025,F,3,Z4,NA,9,Unfenced,TF,Moderate,1238
2025,F,3,Z3,Cynodon dactylon,7.2,Unfenced,TF,Moderate,894
2025,F,3,Z3,Pogonarthria squarrosa,7.1,Unfenced,TF,Moderate,875
2025,F,3,Z3,Eragrostis viscosa,7.2,Unfenced,TF,Moderate,894
2025,F,3,Z3,Setaria incrassata,7.5,Unfenced,TF,Moderate,950
2025,F,3,Z3,Eragrostis rigidior,7,Unfenced,TF,Moderate,856
2025,F,3,Z3,Digitaria eriantha,5.5,Unfenced,TF,Moderate,588
2025,F,3,Z3,NA,3.9,Unfenced,TF,Moderate,326
2025,F,3,Z3,NA,3.4,Unfenced,TF,Moderate,252
2025,F,3,Z3,Cynodon dactylon,3.6,Unfenced,TF,Moderate,281
2025,F,3,Z3,Digitaria eriantha,3.6,Unfenced,TF,Moderate,281
2025,F,3,Z3,NA,4.6,Unfenced,TF,Moderate,436
2025,F,3,Z3,NA,4.5,Unfenced,TF,Moderate,420
2025,F,3,Z3,Cynodon dactylon,6.8,Unfenced,TF,Moderate,820
2025,F,3,Z3,Digitaria eriantha,9.6,Unfenced,TF,Moderate,1356
2025,F,3,Z3,Setaria incrassata,9.6,Unfenced,TF,Moderate,1356
2025,F,3,Z3,Eragrostis viscosa,9.8,Unfenced,TF,Moderate,1396
2025,F,3,Z3,Cynodon dactylon,19.4,Unfenced,TF,Moderate,3441
2025,F,3,Z3,Digitaria eriantha,8.5,Unfenced,TF,Moderate,1141
2025,F,3,Z3,NA,10.7,Unfenced,TF,Moderate,1577
2025,F,3,Z3,NA,11.7,Unfenced,TF,Moderate,1782
2025,F,2,Z4,Cynodon dactylon,8.5,Unfenced,F,Moderate,1141
2025,F,2,Z4,Eragrostis rigidior,7.9,Unfenced,F,Moderate,1025
2025,F,2,Z4,Digitaria eriantha,8,Unfenced,F,Moderate,1044
2025,F,2,Z4,Setaria incrassata,8.1,Unfenced,F,Moderate,1064
2025,F,2,Z4,Aristida adscensionis,3.9,Unfenced,F,Moderate,326
2025,F,2,Z4,Digitaria eriantha,4.2,Unfenced,F,Moderate,372
2025,F,2,Z4,Cynodon dactylon,4.6,Unfenced,F,Moderate,436
2025,F,2,Z4,Heteropogon contortus,4.3,Unfenced,F,Moderate,388
2025,F,2,Z4,Cynodon dactylon,2.2,Unfenced,F,Moderate,97
2025,F,2,Z4,Eragrostis viscosa,2,Unfenced,F,Moderate,75
2025,F,2,Z4,Pogonarthria squarrosa,2.1,Unfenced,F,Moderate,86
2025,F,2,Z4,NA,2,Unfenced,F,Moderate,75
2025,F,2,Z4,Cynodon dactylon,6.9,Unfenced,F,Moderate,838
2025,F,2,Z4,Eragrostis viscosa,6.1,Unfenced,F,Moderate,693
2025,F,2,Z4,NA,6.4,Unfenced,F,Moderate,747
2025,F,2,Z4,NA,6.3,Unfenced,F,Moderate,729
2025,F,2,Z4,Enteropogon macrostachyus,2.9,Unfenced,F,Moderate,182
2025,F,2,Z4,NA,2.6,Unfenced,F,Moderate,144
2025,F,2,Z4,NA,2.8,Unfenced,F,Moderate,169
2025,F,2,Z4,NA,2.9,Unfenced,F,Moderate,182
2025,F,2,Z3,Cynodon dactylon,2.3,Unfenced,F,Moderate,108
2025,F,2,Z3,Digitaria eriantha,2.3,Unfenced,F,Moderate,108
2025,F,2,Z3,Heteropogon contortus,3.7,Unfenced,F,Moderate,296
2025,F,2,Z3,Enteropogon macrostachyus,4,Unfenced,F,Moderate,341
2025,F,2,Z3,Digitaria eriantha,4.7,Unfenced,F,Moderate,453
2025,F,2,Z3,Cynodon dactylon,3.9,Unfenced,F,Moderate,326
2025,F,2,Z3,Eragrostis rigidior,4.4,Unfenced,F,Moderate,404
2025,F,2,Z3,NA,4.5,Unfenced,F,Moderate,420
2025,F,2,Z3,Enteropogon macrostachyus,4.3,Unfenced,F,Moderate,388
2025,F,2,Z3,Eragrostis rigidior,4.6,Unfenced,F,Moderate,436
2025,F,2,Z3,Cynodon dactylon,4.7,Unfenced,F,Moderate,453
2025,F,2,Z3,NA,5,Unfenced,F,Moderate,503
2025,F,2,Z3,Chloris virgata,6.1,Unfenced,F,Moderate,693
2025,F,2,Z3,Digitaria eriantha,6.3,Unfenced,F,Moderate,729
2025,F,2,Z3,Enteropogon macrostachyus,7.8,Unfenced,F,Moderate,1006
2025,F,2,Z3,Heteropogon contortus,9.4,Unfenced,F,Moderate,1317
2025,F,2,Z3,Cynodon dactylon,4.2,Unfenced,F,Moderate,372
2025,F,2,Z3,Eragrostis rigidior,4.1,Unfenced,F,Moderate,357
2025,F,2,Z3,Dactyloctenium giganteum,5,Unfenced,F,Moderate,503
2025,F,2,Z3,Digitaria eriantha,5.4,Unfenced,F,Moderate,570
2025,F,2,Z1,Cynodon dactylon,6.3,Fenced,F,Moderate,729
2025,F,2,Z1,Eragrostis curvula,11.5,Fenced,F,Moderate,1741
2025,F,2,Z1,Eragrostis rigidior,9.2,Fenced,F,Moderate,1277
2025,F,2,Z1,NA,8.8,Fenced,F,Moderate,1199
2025,F,2,Z1,Chloris virgata,12,Fenced,F,Moderate,1844
2025,F,2,Z1,Eragrostis rigidior,10.7,Fenced,F,Moderate,1577
2025,F,2,Z1,Cynodon dactylon,10.7,Fenced,F,Moderate,1577
2025,F,2,Z1,Eragrostis viscosa,10.4,Fenced,F,Moderate,1517
2025,F,2,Z1,Eragrostis rigidior,8.1,Fenced,F,Moderate,1064
2025,F,2,Z1,Chloris virgata,14.1,Fenced,F,Moderate,2285
2025,F,2,Z1,Cynodon dactylon,13.4,Fenced,F,Moderate,2137
2025,F,2,Z1,Setaria incrassata,13.3,Fenced,F,Moderate,2116
2025,F,2,Z1,Enteropogon macrostachyus,11,Fenced,F,Moderate,1638
2025,F,2,Z1,Eragrostis rigidior,12.4,Fenced,F,Moderate,1927
2025,F,2,Z1,Panicum maximum,11.7,Fenced,F,Moderate,1782
2025,F,2,Z1,NA,10.9,Fenced,F,Moderate,1618
2025,F,2,Z1,Enteropogon macrostachyus,3.8,Fenced,F,Moderate,311
2025,F,2,Z1,Eragrostis rigidior,3.9,Fenced,F,Moderate,326
2025,F,2,Z1,Digitaria eriantha,4,Fenced,F,Moderate,341
2025,F,2,Z1,Setaria incrassata,4,Fenced,F,Moderate,341
2025,F,2,Z2,Digitaria eriantha,7.5,Fenced,F,Moderate,950
2025,F,2,Z2,Setaria incrassata,7.1,Fenced,F,Moderate,875
2025,F,2,Z2,Enteropogon macrostachyus,7.2,Fenced,F,Moderate,894
2025,F,2,Z2,NA,7.2,Fenced,F,Moderate,894
2025,F,2,Z2,Eragrostis rigidior,7.5,Fenced,F,Moderate,950
2025,F,2,Z2,Dactyloctenium giganteum,7.9,Fenced,F,Moderate,1025
2025,F,2,Z2,Enteropogon macrostachyus,7.1,Fenced,F,Moderate,875
2025,F,2,Z2,Digitaria eriantha,8.8,Fenced,F,Moderate,1199
2025,F,2,Z2,Chloris virgata,17.5,Fenced,F,Moderate,3021
2025,F,2,Z2,Aristida adscensionis,20.7,Fenced,F,Moderate,3731
2025,F,2,Z2,Cynodon dactylon,20.5,Fenced,F,Moderate,3686
2025,F,2,Z2,Eragrostis rigidior,19.7,Fenced,F,Moderate,3508
2025,F,2,Z2,Dactyloctenium giganteum,10.9,Fenced,F,Moderate,1618
2025,F,2,Z2,Pogonarthria squarrosa,7.6,Fenced,F,Moderate,968
2025,F,2,Z2,Digitaria eriantha,7.3,Fenced,F,Moderate,912
2025,F,2,Z2,NA,8,Fenced,F,Moderate,1044
2025,F,2,Z2,Digitaria eriantha,9.1,Fenced,F,Moderate,1258
2025,F,2,Z2,Setaria incrassata,7.7,Fenced,F,Moderate,987
2025,F,2,Z2,Aristida adscensionis,7.4,Fenced,F,Moderate,931
2025,F,2,Z2,NA,8,Fenced,F,Moderate,1044
2025,F,1,Z1,Digitaria eriantha,4.9,Fenced,C,Moderate,486
2025,F,1,Z1,Aristida adscensionis,4.5,Fenced,C,Moderate,420
2025,F,1,Z1,NA,5.4,Fenced,C,Moderate,570
2025,F,1,Z1,NA,4.7,Fenced,C,Moderate,453
2025,F,1,Z1,Heteropogon contortus,6.9,Fenced,C,Moderate,838
2025,F,1,Z1,Digitaria eriantha,7.5,Fenced,C,Moderate,950
2025,F,1,Z1,Eragrostis rigidior,7.8,Fenced,C,Moderate,1006
2025,F,1,Z1,NA,8.4,Fenced,C,Moderate,1121
2025,F,1,Z1,Digitaria eriantha,5.2,Fenced,C,Moderate,536
2025,F,1,Z1,Eragrostis rigidior,6.1,Fenced,C,Moderate,693
2025,F,1,Z1,Pogonarthria squarrosa,5.4,Fenced,C,Moderate,570
2025,F,1,Z1,NA,5.4,Fenced,C,Moderate,570
2025,F,1,Z1,Eragrostis superba,4.6,Fenced,C,Moderate,436
2025,F,1,Z1,Pogonarthria squarrosa,4.8,Fenced,C,Moderate,469
2025,F,1,Z1,Eragrostis rigidior,7.5,Fenced,C,Moderate,950
2025,F,1,Z1,Digitaria eriantha,7.2,Fenced,C,Moderate,894
2025,F,1,Z1,Heteropogon contortus,7.5,Fenced,C,Moderate,950
2025,F,1,Z1,Eragrostis rigidior,7.4,Fenced,C,Moderate,931
2025,F,1,Z1,Eragrostis superba,7,Fenced,C,Moderate,856
2025,F,1,Z1,Eragrostis viscosa,6.8,Fenced,C,Moderate,820
2025,F,1,Z2,Digitaria eriantha,10.4,Fenced,C,Moderate,1517
2025,F,1,Z2,Heteropogon contortus,10.3,Fenced,C,Moderate,1496
2025,F,1,Z2,Aristida adscensionis,9.4,Fenced,C,Moderate,1317
2025,F,1,Z2,NA,9.1,Fenced,C,Moderate,1258
2025,F,1,Z2,Digitaria eriantha,5.2,Fenced,C,Moderate,536
2025,F,1,Z2,Heteropogon contortus,7.1,Fenced,C,Moderate,875
2025,F,1,Z2,Pogonarthria squarrosa,7.7,Fenced,C,Moderate,987
2025,F,1,Z2,Eragrostis rigidior,12,Fenced,C,Moderate,1844
2025,F,1,Z2,Eragrostis rigidior,4.2,Fenced,C,Moderate,372
2025,F,1,Z2,Eragrostis superba,4.6,Fenced,C,Moderate,436
2025,F,1,Z2,NA,5.9,Fenced,C,Moderate,658
2025,F,1,Z2,NA,6.4,Fenced,C,Moderate,747
2025,F,1,Z2,Brachiaria nigropedata,2.4,Fenced,C,Moderate,120
2025,F,1,Z2,Digitaria eriantha,4.5,Fenced,C,Moderate,420
2025,F,1,Z2,Eragrostis viscosa,5.1,Fenced,C,Moderate,519
2025,F,1,Z2,Eragrostis rigidior,5.2,Fenced,C,Moderate,536
2025,F,1,Z2,Digitaria eriantha,11.2,Fenced,C,Moderate,1679
2025,F,1,Z2,Heteropogon contortus,9,Fenced,C,Moderate,1238
2025,F,1,Z2,Eragrostis superba,9.1,Fenced,C,Moderate,1258
2025,F,1,Z2,Eragrostis rigidior,9.2,Fenced,C,Moderate,1277
2025,F,1,Z3,Eragrostis superba,8.3,Unfenced,C,Moderate,1102
2025,F,1,Z3,Eragrostis gummiflua,7.4,Unfenced,C,Moderate,931
2025,F,1,Z3,NA,7.2,Unfenced,C,Moderate,894
2025,F,1,Z3,NA,7,Unfenced,C,Moderate,856
2025,F,1,Z3,Eragrostis gummiflua,2.1,Unfenced,C,Moderate,86
2025,F,1,Z3,NA,2.6,Unfenced,C,Moderate,144
2025,F,1,Z3,NA,3.2,Unfenced,C,Moderate,223
2025,F,1,Z3,NA,3.1,Unfenced,C,Moderate,209
2025,F,1,Z3,Eragrostis rigidior,4.3,Unfenced,C,Moderate,388
2025,F,1,Z3,Aristida adscensionis,4,Unfenced,C,Moderate,341
2025,F,1,Z3,Brachiaria nigropedata,3.5,Unfenced,C,Moderate,266
2025,F,1,Z3,Digitaria eriantha,3.5,Unfenced,C,Moderate,266
2025,F,1,Z3,Eragrostis viscosa,6.1,Unfenced,C,Moderate,693
2025,F,1,Z3,Eragrostis superba,5.9,Unfenced,C,Moderate,658
2025,F,1,Z3,Eragrostis rigidior,5.3,Unfenced,C,Moderate,553
2025,F,1,Z3,NA,4.9,Unfenced,C,Moderate,486
2025,F,1,Z3,Aristida diffusa,0,Unfenced,C,Moderate,0
2025,F,1,Z3,Aristida adscensionis,1.7,Unfenced,C,Moderate,47
2025,F,1,Z3,Enteropogon macrostachyus,1.8,Unfenced,C,Moderate,56
2025,F,1,Z3,Heteropogon contortus,3.4,Unfenced,C,Moderate,252
2025,F,1,Z4,Eragrostis superba,2.2,Unfenced,C,Moderate,97
2025,F,1,Z4,Pogonarthria squarrosa,2.1,Unfenced,C,Moderate,86
2025,F,1,Z4,Heteropogon contortus,2.3,Unfenced,C,Moderate,108
2025,F,1,Z4,NA,4.4,Unfenced,C,Moderate,404
2025,F,1,Z4,Digitaria eriantha,11.4,Unfenced,C,Moderate,1720
2025,F,1,Z4,Eragrostis gummiflua,9.8,Unfenced,C,Moderate,1396
2025,F,1,Z4,Eragrostis viscosa,9.3,Unfenced,C,Moderate,1297
2025,F,1,Z4,NA,9,Unfenced,C,Moderate,1238
2025,F,1,Z4,Eragrostis viscosa,3.6,Unfenced,C,Moderate,281
2025,F,1,Z4,Eragrostis gummiflua,4.4,Unfenced,C,Moderate,404
2025,F,1,Z4,NA,4.7,Unfenced,C,Moderate,453
2025,F,1,Z4,NA,4.8,Unfenced,C,Moderate,469
2025,F,1,Z4,Eragrostis gummiflua,3.4,Unfenced,C,Moderate,252
2025,F,1,Z4,Eragrostis viscosa,3.2,Unfenced,C,Moderate,223
2025,F,1,Z4,NA,4.4,Unfenced,C,Moderate,404
2025,F,1,Z4,NA,5.2,Unfenced,C,Moderate,536
2025,F,1,Z4,Eragrostis superba,5.1,Unfenced,C,Moderate,519
2025,F,1,Z4,Eragrostis rigidior,4.8,Unfenced,C,Moderate,469
2025,F,1,Z4,Eragrostis viscosa,5,Unfenced,C,Moderate,503
2025,F,1,Z4,Eragrostis gummiflua,4.2,Unfenced,C,Moderate,372
2025,D,5,Z3,Aristida adscensionis,2.4,Fenced,THF,High,120
2025,D,5,Z3,NA,2.4,Fenced,THF,High,120
2025,D,5,Z3,NA,2.4,Fenced,THF,High,120
2025,D,5,Z3,NA,2.4,Fenced,THF,High,120
2025,D,5,Z3,Aristida adscensionis,4.9,Fenced,THF,High,486
2025,D,5,Z3,Eragrostis gummiflua,4,Fenced,THF,High,341
2025,D,5,Z3,Setaria incrassata,4.3,Fenced,THF,High,388
2025,D,5,Z3,Enteropogon macrostachyus,4.8,Fenced,THF,High,469
2025,D,5,Z3,Heteropogon contortus,4,Fenced,THF,High,341
2025,D,5,Z3,Cymbopogon excavatus,6.1,Fenced,THF,High,693
2025,D,5,Z3,NA,5.3,Fenced,THF,High,553
2025,D,5,Z3,NA,8.3,Fenced,THF,High,1102
2025,D,5,Z3,Heteropogon contortus,10.5,Fenced,THF,High,1537
2025,D,5,Z3,Eragrostis rigidior,10.8,Fenced,THF,High,1598
2025,D,5,Z3,NA,10.9,Fenced,THF,High,1618
2025,D,5,Z3,NA,11.5,Fenced,THF,High,1741
2025,D,5,Z3,Eragrostis rigidior,26.6,Fenced,THF,High,5075
2025,D,5,Z3,Enteropogon macrostachyus,20.2,Fenced,THF,High,3619
2025,D,5,Z3,Heteropogon contortus,15.2,Fenced,THF,High,2520
2025,D,5,Z3,Eragrostis viscosa,13.5,Fenced,THF,High,2158
2025,D,5,Z1,Setaria incrassata,3.7,Fenced,THF,High,296
2025,D,5,Z1,Heteropogon contortus,3.4,Fenced,THF,High,252
2025,D,5,Z1,Brachiaria brizantha,4.2,Fenced,THF,High,372
2025,D,5,Z1,Aristida adscensionis,4.6,Fenced,THF,High,436
2025,D,5,Z1,Heteropogon contortus,10.7,Fenced,THF,High,1577
2025,D,5,Z1,Brachiaria nigropedata,16.6,Fenced,THF,High,2824
2025,D,5,Z1,Aristida adscensionis,21.6,Fenced,THF,High,3934
2025,D,5,Z1,NA,21.9,Fenced,THF,High,4001
2025,D,5,Z1,Heteropogon contortus,10.7,Fenced,THF,High,1577
2025,D,5,Z1,Eragrostis viscosa,16.6,Fenced,THF,High,2824
2025,D,5,Z1,Enteropogon macrostachyus,21.6,Fenced,THF,High,3934
2025,D,5,Z1,NA,21.9,Fenced,THF,High,4001
2025,D,5,Z1,Pogonarthria squarrosa,7.5,Fenced,THF,High,950
2025,D,5,Z1,Setaria incrassata,9.5,Fenced,THF,High,1337
2025,D,5,Z1,Eragrostis viscosa,10.6,Fenced,THF,High,1557
2025,D,5,Z1,Diheteropogon amplectens,9.6,Fenced,THF,High,1356
2025,D,5,Z1,Enteropogon macrostachyus,14.9,Fenced,THF,High,2456
2025,D,5,Z1,Heteropogon contortus,15.5,Fenced,THF,High,2585
2025,D,5,Z1,Cymbopogon nardus,15.5,Fenced,THF,High,2585
2025,D,5,Z1,Aristida adscensionis,16.5,Fenced,THF,High,2802
2025,D,5,Z2,Heteropogon contortus,11.7,Unfenced,THF,High,1782
2025,D,5,Z2,Brachiaria brizantha,11.4,Unfenced,THF,High,1720
2025,D,5,Z2,Eragrostis viscosa,8,Unfenced,THF,High,1044
2025,D,5,Z2,Eragrostis rigidior,8,Unfenced,THF,High,1044
2025,D,5,Z2,Brachiaria brizantha,5.4,Unfenced,THF,High,570
2025,D,5,Z2,Eragrostis viscosa,5,Unfenced,THF,High,503
2025,D,5,Z2,Aristida diffusa,7.5,Unfenced,THF,High,950
2025,D,5,Z2,Enteropogon macrostachyus,5,Unfenced,THF,High,503
2025,D,5,Z2,Eragrostis rigidior,6.6,Unfenced,THF,High,783
2025,D,5,Z2,Brachiaria brizantha,6.1,Unfenced,THF,High,693
2025,D,5,Z2,Enteropogon macrostachyus,5.9,Unfenced,THF,High,658
2025,D,5,Z2,NA,5.9,Unfenced,THF,High,658
2025,D,5,Z2,Enteropogon macrostachyus,10.5,Unfenced,THF,High,1537
2025,D,5,Z2,Setaria incrassata,7.9,Unfenced,THF,High,1025
2025,D,5,Z2,Brachiaria brizantha,8.7,Unfenced,THF,High,1179
2025,D,5,Z2,Aristida adscensionis,8.3,Unfenced,THF,High,1102
2025,D,5,Z2,Eragrostis cylindriflora,2.3,Unfenced,THF,High,108
2025,D,5,Z2,Eragrostis viscosa,2.3,Unfenced,THF,High,108
2025,D,5,Z2,Aristida diffusa,3.9,Unfenced,THF,High,326
2025,D,5,Z2,Perotis patens,4.7,Unfenced,THF,High,453
2025,D,5,Z4,Enteropogon macrostachyus,4.7,Unfenced,THF,High,453
2025,D,5,Z4,Setaria incrassata,6.4,Unfenced,THF,High,747
2025,D,5,Z4,Eragrostis rigidior,8.8,Unfenced,THF,High,1199
2025,D,5,Z4,NA,9.3,Unfenced,THF,High,1297
2025,D,5,Z4,Enteropogon macrostachyus,14.1,Unfenced,THF,High,2285
2025,D,5,Z4,Diheteropogon amplectens,14.5,Unfenced,THF,High,2370
2025,D,5,Z4,NA,13.3,Unfenced,THF,High,2116
2025,D,5,Z4,NA,13.8,Unfenced,THF,High,2221
2025,D,5,Z4,Enteropogon macrostachyus,5.6,Unfenced,THF,High,605
2025,D,5,Z4,Heteropogon contortus,9.6,Unfenced,THF,High,1356
2025,D,5,Z4,Eragrostis gummiflua,10.8,Unfenced,THF,High,1598
2025,D,5,Z4,Eragrostis viscosa,9.2,Unfenced,THF,High,1277
2025,D,5,Z4,Eragrostis viscosa,6.8,Unfenced,THF,High,820
2025,D,5,Z4,Cymbopogon nardus,5.8,Unfenced,THF,High,640
2025,D,5,Z4,Aristida adscensionis,5,Unfenced,THF,High,503
2025,D,5,Z4,Brachiaria brizantha,7.8,Unfenced,THF,High,1006
2025,D,5,Z4,Enteropogon macrostachyus,7.8,Unfenced,THF,High,1006
2025,D,5,Z4,Eragrostis superba,7.7,Unfenced,THF,High,987
2025,D,5,Z4,Eragrostis viscosa,5.7,Unfenced,THF,High,622
2025,D,5,Z4,Heteropogon contortus,6.5,Unfenced,THF,High,765
2025,D,4,Z1,Heteropogon contortus,2,Fenced,TFB,High,75
2025,D,4,Z1,Aristida adscensionis,2,Fenced,TFB,High,75
2025,D,4,Z1,Pogonarthria squarrosa,2,Fenced,TFB,High,75
2025,D,4,Z1,Setaria incrassata,2,Fenced,TFB,High,75
2025,D,4,Z1,Heteropogon contortus,10.1,Fenced,TFB,High,1456
2025,D,4,Z1,Setaria incrassata,7.5,Fenced,TFB,High,950
2025,D,4,Z1,Eragrostis gummiflua,8,Fenced,TFB,High,1044
2025,D,4,Z1,Eragrostis viscosa,7,Fenced,TFB,High,856
2025,D,4,Z1,Brachiaria brizantha,2.9,Fenced,TFB,High,182
2025,D,4,Z1,Aristida adscensionis,4,Fenced,TFB,High,341
2025,D,4,Z1,Eragrostis gummiflua,5.1,Fenced,TFB,High,519
2025,D,4,Z1,Setaria incrassata,5.2,Fenced,TFB,High,536
2025,D,4,Z1,Setaria incrassata,3.2,Fenced,TFB,High,223
2025,D,4,Z1,Panicum maximum,4.6,Fenced,TFB,High,436
2025,D,4,Z1,Aristida adscensionis,5.6,Fenced,TFB,High,605
2025,D,4,Z1,NA,6.1,Fenced,TFB,High,693
2025,D,4,Z1,Panicum maximum,35.9,Fenced,TFB,High,7256
2025,D,4,Z1,Brachiaria nigropedata,27.1,Fenced,TFB,High,5191
2025,D,4,Z1,Cymbopogon nardus,24.3,Fenced,TFB,High,4547
2025,D,4,Z1,Heteropogon contortus,24.6,Fenced,TFB,High,4616
2025,D,4,Z3,Pogonarthria squarrosa,1.7,Fenced,TFB,High,47
2025,D,4,Z3,Setaria incrassata,1.7,Fenced,TFB,High,47
2025,D,4,Z3,Enteropogon macrostachyus,1.8,Fenced,TFB,High,56
2025,D,4,Z3,Eragrostis gummiflua,2.8,Fenced,TFB,High,169
2025,D,4,Z3,Eragrostis superba,27.9,Fenced,TFB,High,5376
2025,D,4,Z3,Sporobolus africanus,18.9,Fenced,TFB,High,3330
2025,D,4,Z3,Enteropogon macrostachyus,17.6,Fenced,TFB,High,3043
2025,D,4,Z3,Eragrostis gummiflua,13.8,Fenced,TFB,High,2221
2025,D,4,Z3,Setaria incrassata,18.5,Fenced,TFB,High,3241
2025,D,4,Z3,Heteropogon contortus,17.4,Fenced,TFB,High,2999
2025,D,4,Z3,Diheteropogon amplectens,17,Fenced,TFB,High,2911
2025,D,4,Z3,Enteropogon macrostachyus,19.6,Fenced,TFB,High,3485
2025,D,4,Z3,Eragrostis gummiflua,5.1,Fenced,TFB,High,519
2025,D,4,Z3,Enteropogon macrostachyus,16.1,Fenced,TFB,High,2715
2025,D,4,Z3,Diheteropogon amplectens,25.4,Fenced,TFB,High,4799
2025,D,4,Z3,Heteropogon contortus,28.9,Fenced,TFB,High,5609
2025,D,4,Z3,Heteropogon contortus,9.6,Fenced,TFB,High,1356
2025,D,4,Z3,Diheteropogon amplectens,8.9,Fenced,TFB,High,1218
2025,D,4,Z3,Setaria incrassata,8.9,Fenced,TFB,High,1218
2025,D,4,Z3,Aristida adscensionis,10.2,Fenced,TFB,High,1476
2025,D,4,Z4,Heteropogon contortus,5.1,Unfenced,TFB,High,519
2025,D,4,Z4,Eragrostis gummiflua,6.9,Unfenced,TFB,High,838
2025,D,4,Z4,Setaria incrassata,12,Unfenced,TFB,High,1844
2025,D,4,Z4,Eragrostis superba,13.5,Unfenced,TFB,High,2158
2025,D,4,Z4,Enteropogon macrostachyus,17.3,Unfenced,TFB,High,2977
2025,D,4,Z4,Brachiaria brizantha,17.4,Unfenced,TFB,High,2999
2025,D,4,Z4,Aristida adscensionis,18.3,Unfenced,TFB,High,3197
2025,D,4,Z4,Panicum maximum,19.5,Unfenced,TFB,High,3463
2025,D,4,Z4,Aristida diffusa,6.3,Unfenced,TFB,High,729
2025,D,4,Z4,Brachiaria brizantha,5.3,Unfenced,TFB,High,553
2025,D,4,Z4,Setaria incrassata,4.9,Unfenced,TFB,High,486
2025,D,4,Z4,Pogonarthria squarrosa,8.3,Unfenced,TFB,High,1102
2025,D,4,Z4,Melinis repens,8.9,Unfenced,TFB,High,1218
2025,D,4,Z4,Brachiaria brizantha,12,Unfenced,TFB,High,1844
2025,D,4,Z4,Cymbopogon nardus,11.6,Unfenced,TFB,High,1761
2025,D,4,Z4,Heteropogon contortus,11.9,Unfenced,TFB,High,1823
2025,D,4,Z4,Digitaria eriantha,4.6,Unfenced,TFB,High,436
2025,D,4,Z4,Heteropogon contortus,5.8,Unfenced,TFB,High,640
2025,D,4,Z4,Enteropogon macrostachyus,7.7,Unfenced,TFB,High,987
2025,D,4,Z4,Pogonarthria squarrosa,7.3,Unfenced,TFB,High,912
2025,D,4,Z2,Heteropogon contortus,6.8,Unfenced,TFB,High,820
2025,D,4,Z2,Setaria incrassata,6.4,Unfenced,TFB,High,747
2025,D,4,Z2,Aristida adscensionis,5.9,Unfenced,TFB,High,658
2025,D,4,Z2,Brachiaria nigropedata,6.3,Unfenced,TFB,High,729
2025,D,4,Z2,Enteropogon macrostachyus,4.1,Unfenced,TFB,High,357
2025,D,4,Z2,Panicum maximum,15.3,Unfenced,TFB,High,2542
2025,D,4,Z2,Aristida adscensionis,17.8,Unfenced,TFB,High,3087
2025,D,4,Z2,Heteropogon contortus,13.9,Unfenced,TFB,High,2243
2025,D,4,Z2,Setaria incrassata,6,Unfenced,TFB,High,675
2025,D,4,Z2,Aristida diffusa,5.1,Unfenced,TFB,High,519
2025,D,4,Z2,Enteropogon macrostachyus,4.6,Unfenced,TFB,High,436
2025,D,4,Z2,Aristida adscensionis,4.6,Unfenced,TFB,High,436
2025,D,4,Z2,Eragrostis viscosa,2.8,Unfenced,TFB,High,169
2025,D,4,Z2,Aristida adscensionis,7.1,Unfenced,TFB,High,875
2025,D,4,Z2,Heteropogon contortus,7.3,Unfenced,TFB,High,912
2025,D,4,Z2,Eragrostis cylindriflora,7.6,Unfenced,TFB,High,968
2025,D,4,Z2,Heteropogon contortus,34.5,Unfenced,TFB,High,6924
2025,D,4,Z2,Setaria incrassata,21,Unfenced,TFB,High,3799
2025,D,4,Z2,Eragrostis viscosa,15.4,Unfenced,TFB,High,2564
2025,D,4,Z2,Aristida diffusa,12.8,Unfenced,TFB,High,2011
2025,D,3,Z3,Brachiaria serrata,9.8,Fenced,TF,High,1396
2025,D,3,Z3,Eragrostis rigidior,9.7,Fenced,TF,High,1376
2025,D,3,Z3,Aristida adscensionis,9.5,Fenced,TF,High,1337
2025,D,3,Z3,Setaria incrassata,9.2,Fenced,TF,High,1277
2025,D,3,Z3,Heteropogon contortus,14.9,Fenced,TF,High,2456
2025,D,3,Z3,Enteropogon macrostachyus,14.8,Fenced,TF,High,2435
2025,D,3,Z3,Eragrostis cylindriflora,14.4,Fenced,TF,High,2349
2025,D,3,Z3,Panicum maximum,15.6,Fenced,TF,High,2607
2025,D,3,Z3,Eragrostis cylindriflora,12.8,Fenced,TF,High,2011
2025,D,3,Z3,Enteropogon macrostachyus,8.6,Fenced,TF,High,1160
2025,D,3,Z3,Heteropogon contortus,10.8,Fenced,TF,High,1598
2025,D,3,Z3,NA,9.4,Fenced,TF,High,1317
2025,D,3,Z3,Brachiaria serrata,14.2,Fenced,TF,High,2306
2025,D,3,Z3,Setaria incrassata,16.1,Fenced,TF,High,2715
2025,D,3,Z3,Aristida adscensionis,15.9,Fenced,TF,High,2672
2025,D,3,Z3,Eragrostis cylindriflora,15.7,Fenced,TF,High,2628
2025,D,3,Z3,Brachiaria serrata,4.3,Fenced,TF,High,388
2025,D,3,Z3,Miscanthus junceus,4,Fenced,TF,High,341
2025,D,3,Z3,Setaria incrassata,3.8,Fenced,TF,High,311
2025,D,3,Z3,NA,4.2,Fenced,TF,High,372
2025,D,3,Z1,Miscanthus junceus,5.6,Fenced,TF,High,605
2025,D,3,Z1,Brachiaria serrata,5.1,Fenced,TF,High,519
2025,D,3,Z1,Eragrostis gummiflua,6.8,Fenced,TF,High,820
2025,D,3,Z1,Chloris virgata,9.1,Fenced,TF,High,1258
2025,D,3,Z1,Brachiaria serrata,25.6,Fenced,TF,High,4845
2025,D,3,Z1,Heteropogon contortus,26.8,Fenced,TF,High,5122
2025,D,3,Z1,Chloris virgata,19.2,Fenced,TF,High,3396
2025,D,3,Z1,Setaria incrassata,14.5,Fenced,TF,High,2370
2025,D,3,Z1,Panicum maximum,4.7,Fenced,TF,High,453
2025,D,3,Z1,Setaria incrassata,5.4,Fenced,TF,High,570
2025,D,3,Z1,Brachiaria brizantha,5.1,Fenced,TF,High,519
2025,D,3,Z1,Eragrostis cylindriflora,6.4,Fenced,TF,High,747
2025,D,3,Z1,Setaria incrassata,3.8,Fenced,TF,High,311
2025,D,3,Z1,Enteropogon macrostachyus,3,Fenced,TF,High,196
2025,D,3,Z1,Brachiaria brizantha,3,Fenced,TF,High,196
2025,D,3,Z1,Eragrostis gummiflua,5.4,Fenced,TF,High,570
2025,D,3,Z1,Heteropogon contortus,20,Fenced,TF,High,3575
2025,D,3,Z1,Aristida adscensionis,13.3,Fenced,TF,High,2116
2025,D,3,Z1,Setaria incrassata,11.8,Fenced,TF,High,1803
2025,D,3,Z1,Enteropogon macrostachyus,12,Fenced,TF,High,1844
2025,D,3,Z2,Brachiaria brizantha,10.2,Unfenced,TF,High,1476
2025,D,3,Z2,Setaria incrassata,10,Unfenced,TF,High,1436
2025,D,3,Z2,Heteropogon contortus,10,Unfenced,TF,High,1436
2025,D,3,Z2,Enteropogon macrostachyus,10.2,Unfenced,TF,High,1476
2025,D,3,Z2,Heteropogon contortus,11.1,Unfenced,TF,High,1659
2025,D,3,Z2,Eragrostis rigidior,11.7,Unfenced,TF,High,1782
2025,D,3,Z2,Eragrostis viscosa,7.3,Unfenced,TF,High,912
2025,D,3,Z2,Diheteropogon amplectens,8,Unfenced,TF,High,1044
2025,D,3,Z2,Enteropogon macrostachyus,7.6,Unfenced,TF,High,968
2025,D,3,Z2,Brachiaria serrata,8.2,Unfenced,TF,High,1083
2025,D,3,Z2,Setaria incrassata,7.8,Unfenced,TF,High,1006
2025,D,3,Z2,Aristida diffusa,7.1,Unfenced,TF,High,875
2025,D,3,Z2,NA,0,Unfenced,TF,High,0
2025,D,3,Z2,NA,0,Unfenced,TF,High,0
2025,D,3,Z2,NA,0,Unfenced,TF,High,0
2025,D,3,Z2,NA,0,Unfenced,TF,High,0
2025,D,3,Z2,Aristida adscensionis,8.7,Unfenced,TF,High,1179
2025,D,3,Z2,Enteropogon macrostachyus,6.7,Unfenced,TF,High,801
2025,D,3,Z2,Setaria incrassata,8.5,Unfenced,TF,High,1141
2025,D,3,Z2,Heteropogon contortus,8.1,Unfenced,TF,High,1064
2025,D,3,Z4,Brachiaria brizantha,7.6,Unfenced,TF,High,968
2025,D,3,Z4,Heteropogon contortus,7.3,Unfenced,TF,High,912
2025,D,3,Z4,Setaria incrassata,7.1,Unfenced,TF,High,875
2025,D,3,Z4,Aristida diffusa,7.3,Unfenced,TF,High,912
2025,D,3,Z4,Heteropogon contortus,7.2,Unfenced,TF,High,894
2025,D,3,Z4,Eragrostis gummiflua,9.8,Unfenced,TF,High,1396
2025,D,3,Z4,Brachiaria brizantha,8.9,Unfenced,TF,High,1218
2025,D,3,Z4,Eragrostis viscosa,8.5,Unfenced,TF,High,1141
2025,D,3,Z4,Enteropogon macrostachyus,3,Unfenced,TF,High,196
2025,D,3,Z4,Panicum maximum,3,Unfenced,TF,High,196
2025,D,3,Z4,Aristida adscensionis,3.8,Unfenced,TF,High,311
2025,D,3,Z4,Setaria incrassata,3.9,Unfenced,TF,High,326
2025,D,3,Z4,Heteropogon contortus,8,Unfenced,TF,High,1044
2025,D,3,Z4,Setaria incrassata,6.5,Unfenced,TF,High,765
2025,D,3,Z4,Enteropogon macrostachyus,9,Unfenced,TF,High,1238
2025,D,3,Z4,Panicum maximum,9.4,Unfenced,TF,High,1317
2025,D,3,Z4,Eragrostis cylindriflora,7.8,Unfenced,TF,High,1006
2025,D,3,Z4,Heteropogon contortus,8.8,Unfenced,TF,High,1199
2025,D,3,Z4,Aristida adscensionis,26.7,Unfenced,TF,High,5099
2025,D,3,Z4,Setaria incrassata,22,Unfenced,TF,High,4024
2025,D,2,Z1,Brachiaria brizantha,3.9,Fenced,F,High,326
2025,D,2,Z1,Setaria incrassata,5.2,Fenced,F,High,536
2025,D,2,Z1,NA,6.6,Fenced,F,High,783
2025,D,2,Z1,NA,5.8,Fenced,F,High,640
2025,D,2,Z1,Brachiaria serrata,18.2,Fenced,F,High,3175
2025,D,2,Z1,Heteropogon contortus,15.4,Fenced,F,High,2564
2025,D,2,Z1,Digitaria eriantha,14.1,Fenced,F,High,2285
2025,D,2,Z1,Brachiaria brizantha,14.8,Fenced,F,High,2435
2025,D,2,Z1,Heteropogon contortus,22.5,Fenced,F,High,4137
2025,D,2,Z1,Setaria incrassata,20.6,Fenced,F,High,3709
2025,D,2,Z1,Eragrostis viscosa,19.3,Fenced,F,High,3419
2025,D,2,Z1,Eragrostis rigidior,18.5,Fenced,F,High,3241
2025,D,2,Z1,Diheteropogon amplectens,16.7,Fenced,F,High,2846
2025,D,2,Z1,Brachiaria brizantha,16,Fenced,F,High,2693
2025,D,2,Z1,Setaria incrassata,13.7,Fenced,F,High,2200
2025,D,2,Z1,Aristida adscensionis,12.1,Fenced,F,High,1865
2025,D,2,Z1,Setaria incrassata,10.5,Fenced,F,High,1537
2025,D,2,Z1,Brachiaria brizantha,15.3,Fenced,F,High,2542
2025,D,2,Z1,Aristida adscensionis,13.6,Fenced,F,High,2179
2025,D,2,Z1,NA,14.9,Fenced,F,High,2456
2025,D,2,Z3,Enteropogon macrostachyus,1.6,Fenced,F,High,38
2025,D,2,Z3,Eragrostis viscosa,2.2,Fenced,F,High,97
2025,D,2,Z3,Heteropogon contortus,1.6,Fenced,F,High,38
2025,D,2,Z3,Setaria incrassata,4.5,Fenced,F,High,420
2025,D,2,Z3,Diheteropogon amplectens,3.7,Fenced,F,High,296
2025,D,2,Z3,Panicum maximum,3.4,Fenced,F,High,252
2025,D,2,Z3,NA,3.4,Fenced,F,High,252
2025,D,2,Z3,NA,3.2,Fenced,F,High,223
2025,D,2,Z3,Heteropogon contortus,2.7,Fenced,F,High,156
2025,D,2,Z3,Brachiaria brizantha,4.4,Fenced,F,High,404
2025,D,2,Z3,Enteropogon macrostachyus,4.6,Fenced,F,High,436
2025,D,2,Z3,NA,5.2,Fenced,F,High,536
2025,D,2,Z3,Brachiaria brizantha,4.6,Fenced,F,High,436
2025,D,2,Z3,Heteropogon contortus,4.8,Fenced,F,High,469
2025,D,2,Z3,Setaria incrassata,4.6,Fenced,F,High,436
2025,D,2,Z3,NA,4.9,Fenced,F,High,486
2025,D,2,Z3,Setaria incrassata,5.9,Fenced,F,High,658
2025,D,2,Z3,Brachiaria brizantha,5.1,Fenced,F,High,519
2025,D,2,Z3,NA,6,Fenced,F,High,675
2025,D,2,Z3,NA,6.9,Fenced,F,High,838
2025,D,2,Z4,Eragrostis cylindriflora,13.9,Unfenced,F,High,2243
2025,D,2,Z4,Brachiaria brizantha,13.7,Unfenced,F,High,2200
2025,D,2,Z4,Diheteropogon amplectens,13.6,Unfenced,F,High,2179
2025,D,2,Z4,Aristida adscensionis,24.5,Unfenced,F,High,4593
2025,D,2,Z4,Heteropogon contortus,2.8,Unfenced,F,High,169
2025,D,2,Z4,Brachiaria brizantha,3.4,Unfenced,F,High,252
2025,D,2,Z4,Panicum maximum,4.4,Unfenced,F,High,404
2025,D,2,Z4,NA,3.7,Unfenced,F,High,296
2025,D,2,Z4,Eragrostis rigidior,7.5,Unfenced,F,High,950
2025,D,2,Z4,Heteropogon contortus,8.6,Unfenced,F,High,1160
2025,D,2,Z4,Brachiaria brizantha,8.7,Unfenced,F,High,1179
2025,D,2,Z4,Eragrostis cylindriflora,8.5,Unfenced,F,High,1141
2025,D,2,Z4,Heteropogon contortus,12.5,Unfenced,F,High,1948
2025,D,2,Z4,Chloris virgata,11.7,Unfenced,F,High,1782
2025,D,2,Z4,Setaria incrassata,9.8,Unfenced,F,High,1396
2025,D,2,Z4,Brachiaria brizantha,11,Unfenced,F,High,1638
2025,D,2,Z4,Brachiaria brizantha,13.6,Unfenced,F,High,2179
2025,D,2,Z4,Setaria incrassata,13.4,Unfenced,F,High,2137
2025,D,2,Z4,Eragrostis rigidior,11.2,Unfenced,F,High,1679
2025,D,2,Z4,Eragrostis cylindriflora,11.6,Unfenced,F,High,1761
2025,D,2,Z2,Heteropogon contortus,8.4,Unfenced,F,High,1121
2025,D,2,Z2,Brachiaria brizantha,7.5,Unfenced,F,High,950
2025,D,2,Z2,Eragrostis rigidior,6.9,Unfenced,F,High,838
2025,D,2,Z2,Setaria incrassata,4,Unfenced,F,High,341
2025,D,2,Z2,Brachiaria brizantha,14.5,Unfenced,F,High,2370
2025,D,2,Z2,Eragrostis rigidior,18.8,Unfenced,F,High,3307
2025,D,2,Z2,Setaria incrassata,17.6,Unfenced,F,High,3043
2025,D,2,Z2,Digitaria eriantha,15.9,Unfenced,F,High,2672
2025,D,2,Z2,Heteropogon contortus,6.1,Unfenced,F,High,693
2025,D,2,Z2,Chloris virgata,9.4,Unfenced,F,High,1317
2025,D,2,Z2,Setaria incrassata,10.3,Unfenced,F,High,1496
2025,D,2,Z2,Brachiaria serrata,9.2,Unfenced,F,High,1277
2025,D,2,Z2,Heteropogon contortus,6.4,Unfenced,F,High,747
2025,D,2,Z2,Enteropogon macrostachyus,6.1,Unfenced,F,High,693
2025,D,2,Z2,Setaria incrassata,5.7,Unfenced,F,High,622
2025,D,2,Z2,Brachiaria serrata,6.3,Unfenced,F,High,729
2025,D,2,Z2,Eragrostis cylindriflora,6.9,Unfenced,F,High,838
2025,D,2,Z2,Brachiaria brizantha,6.3,Unfenced,F,High,729
2025,D,2,Z2,Eragrostis rigidior,7.3,Unfenced,F,High,912
2025,D,2,Z2,Setaria incrassata,7,Unfenced,F,High,856
2025,D,1,Z2,Eragrostis viscosa,3.1,Unfenced,C,High,209
2025,D,1,Z2,Chloris virgata,4.8,Unfenced,C,High,469
2025,D,1,Z2,Eragrostis rigidior,4.6,Unfenced,C,High,436
2025,D,1,Z2,Digitaria eriantha,4.8,Unfenced,C,High,469
2025,D,1,Z2,Eragrostis superba,9.7,Unfenced,C,High,1376
2025,D,1,Z2,Enteropogon macrostachyus,18.6,Unfenced,C,High,3263
2025,D,1,Z2,Brachiaria brizantha,16.6,Unfenced,C,High,2824
2025,D,1,Z2,Setaria incrassata,14.3,Unfenced,C,High,2328
2025,D,1,Z2,Enteropogon macrostachyus,11.8,Unfenced,C,High,1803
2025,D,1,Z2,Brachiaria brizantha,10.9,Unfenced,C,High,1618
2025,D,1,Z2,Chloris virgata,10.6,Unfenced,C,High,1557
2025,D,1,Z2,NA,9.8,Unfenced,C,High,1396
2025,D,1,Z2,Brachiaria brizantha,12.5,Unfenced,C,High,1948
2025,D,1,Z2,Setaria incrassata,9.3,Unfenced,C,High,1297
2025,D,1,Z2,Panicum maximum,7.2,Unfenced,C,High,894
2025,D,1,Z2,Chloris virgata,9.4,Unfenced,C,High,1317
2025,D,1,Z2,Themeda triandra,9,Unfenced,C,High,1238
2025,D,1,Z2,Heteropogon contortus,9.8,Unfenced,C,High,1396
2025,D,1,Z2,Panicum maximum,10.6,Unfenced,C,High,1557
2025,D,1,Z2,Aristida adscensionis,11.3,Unfenced,C,High,1700
2025,D,1,Z4,Aristida adscensionis,11.8,Unfenced,C,High,1803
2025,D,1,Z4,Eragrostis rigidior,8.8,Unfenced,C,High,1199
2025,D,1,Z4,Enteropogon macrostachyus,7.6,Unfenced,C,High,968
2025,D,1,Z4,Panicum maximum,7.6,Unfenced,C,High,968
2025,D,1,Z4,Heteropogon contortus,5,Unfenced,C,High,503
2025,D,1,Z4,Diheteropogon amplectens,11.8,Unfenced,C,High,1803
2025,D,1,Z4,Eragrostis viscosa,11.4,Unfenced,C,High,1720
2025,D,1,Z4,Pogonarthria squarrosa,11.2,Unfenced,C,High,1679
2025,D,1,Z4,Chloris virgata,3.7,Unfenced,C,High,296
2025,D,1,Z4,Eragrostis viscosa,4.9,Unfenced,C,High,486
2025,D,1,Z4,Setaria incrassata,5.8,Unfenced,C,High,640
2025,D,1,Z4,Eragrostis gummiflua,5.7,Unfenced,C,High,622
2025,D,1,Z4,Heteropogon contortus,33.9,Unfenced,C,High,6782
2025,D,1,Z4,Setaria incrassata,25,Unfenced,C,High,4707
2025,D,1,Z4,Eragrostis viscosa,19.9,Unfenced,C,High,3552
2025,D,1,Z4,Brachiaria brizantha,16.3,Unfenced,C,High,2758
2025,D,1,Z4,Heteropogon contortus,8.1,Unfenced,C,High,1064
2025,D,1,Z4,Eragrostis rigidior,8.1,Unfenced,C,High,1064
2025,D,1,Z4,Setaria incrassata,7,Unfenced,C,High,856
2025,D,1,Z4,Eragrostis viscosa,7.7,Unfenced,C,High,987
2025,D,1,Z3,Enteropogon macrostachyus,3,Fenced,C,High,196
2025,D,1,Z3,Eragrostis curvula,3.3,Fenced,C,High,237
2025,D,1,Z3,Setaria incrassata,4.9,Fenced,C,High,486
2025,D,1,Z3,Aristida adscensionis,7.2,Fenced,C,High,894
2025,D,1,Z3,Heteropogon contortus,6.8,Fenced,C,High,820
2025,D,1,Z3,Chloris virgata,6.8,Fenced,C,High,820
2025,D,1,Z3,Brachiaria serrata,4.5,Fenced,C,High,420
2025,D,1,Z3,NA,4.5,Fenced,C,High,420
2025,D,1,Z3,Aristida adscensionis,10.9,Fenced,C,High,1618
2025,D,1,Z3,Aristida adscensionis,8.5,Fenced,C,High,1141
2025,D,1,Z3,Setaria incrassata,9.2,Fenced,C,High,1277
2025,D,1,Z3,Brachiaria brizantha,10.3,Fenced,C,High,1496
2025,D,1,Z3,Aristida adscensionis,6,Fenced,C,High,675
2025,D,1,Z3,Chloris virgata,5.1,Fenced,C,High,519
2025,D,1,Z3,Aristida adscensionis,0,Fenced,C,High,0
2025,D,1,Z3,Brachiaria brizantha,4.5,Fenced,C,High,420
2025,D,1,Z3,Enteropogon macrostachyus,4.4,Fenced,C,High,404
2025,D,1,Z3,Chloris virgata,4.2,Fenced,C,High,372
2025,D,1,Z3,Setaria incrassata,4.3,Fenced,C,High,388
2025,D,1,Z3,Panicum maximum,5.2,Fenced,C,High,536
2025,D,1,Z1,Setaria incrassata,8.7,Fenced,C,High,1179
2025,D,1,Z1,Brachiaria brizantha,8,Fenced,C,High,1044
2025,D,1,Z1,Eragrostis rigidior,9.6,Fenced,C,High,1356
2025,D,1,Z1,Eragrostis viscosa,9.4,Fenced,C,High,1317
2025,D,1,Z1,Eragrostis curvula,6.6,Fenced,C,High,783
2025,D,1,Z1,Eragrostis rigidior,6.8,Fenced,C,High,820
2025,D,1,Z1,Eragrostis viscosa,6.2,Fenced,C,High,711
2025,D,1,Z1,Chloris virgata,7,Fenced,C,High,856
2025,D,1,Z1,Eragrostis viscosa,6.8,Fenced,C,High,820
2025,D,1,Z1,Chloris virgata,5.3,Fenced,C,High,553
2025,D,1,Z1,Panicum maximum,5.2,Fenced,C,High,536
2025,D,1,Z1,Pogonarthria squarrosa,5.7,Fenced,C,High,622
2025,D,1,Z1,Brachiaria brizantha,4.1,Fenced,C,High,357
2025,D,1,Z1,Panicum maximum,4.1,Fenced,C,High,357
2025,D,1,Z1,Dactyloctenium giganteum,6.1,Fenced,C,High,693
2025,D,1,Z1,Enteropogon macrostachyus,6.2,Fenced,C,High,711
2025,D,1,Z1,Enteropogon macrostachyus,34.7,Fenced,C,High,6971
2025,D,1,Z1,Eragrostis rigidior,25.4,Fenced,C,High,4799
2025,D,1,Z1,Setaria incrassata,20.3,Fenced,C,High,3642
2025,D,1,Z1,Diheteropogon amplectens,15,Fenced,C,High,2477
2025,B,5,Z1,Heteropogon contortus,21.1,Fenced,THF,Moderate,3821
2025,B,5,Z1,Cynodon dactylon,22.9,Fenced,THF,Moderate,4228
2025,B,5,Z1,Eragrostis superba,17.7,Fenced,THF,Moderate,3065
2025,B,5,Z1,Eragrostis gummiflua,21.5,Fenced,THF,Moderate,3911
2025,B,5,Z1,Heteropogon contortus,27.3,Fenced,THF,Moderate,5237
2025,B,5,Z1,Cynodon dactylon,36.8,Fenced,THF,Moderate,7470
2025,B,5,Z1,Digitaria eriantha,36.1,Fenced,THF,Moderate,7304
2025,B,5,Z1,Bothriochloa insculpta,26.9,Fenced,THF,Moderate,5145
2025,B,5,Z1,Cymbopogon excavatus,14.2,Fenced,THF,Moderate,2306
2025,B,5,Z1,Digitaria eriantha,9.1,Fenced,THF,Moderate,1258
2025,B,5,Z1,NA,6.6,Fenced,THF,Moderate,783
2025,B,5,Z1,NA,19.7,Fenced,THF,Moderate,3508
2025,B,5,Z1,Heteropogon contortus,28.3,Fenced,THF,Moderate,5469
2025,B,5,Z1,Bothriochloa insculpta,21.5,Fenced,THF,Moderate,3911
2025,B,5,Z1,Cymbopogon excavatus,24.7,Fenced,THF,Moderate,4639
2025,B,5,Z1,NA,28,Fenced,THF,Moderate,5399
2025,B,5,Z1,Heteropogon contortus,14.6,Fenced,THF,Moderate,2392
2025,B,5,Z1,Eragrostis superba,13.8,Fenced,THF,Moderate,2221
2025,B,5,Z1,Digitaria eriantha,18.7,Fenced,THF,Moderate,3285
2025,B,5,Z1,Hyperthelia dissoluta,4.1,Fenced,THF,Moderate,357
2025,B,5,Z3,Heteropogon contortus,5.9,Fenced,THF,Moderate,658
2025,B,5,Z3,Sporobolus africanus,8.2,Fenced,THF,Moderate,1083
2025,B,5,Z3,NA,6.2,Fenced,THF,Moderate,711
2025,B,5,Z3,NA,2.5,Fenced,THF,Moderate,132
2025,B,5,Z3,Heteropogon contortus,32.3,Fenced,THF,Moderate,6405
2025,B,5,Z3,Cynodon dactylon,35.6,Fenced,THF,Moderate,7185
2025,B,5,Z3,Brachiaria serrata,41.5,Fenced,THF,Moderate,8595
2025,B,5,Z3,Aristida congesta b,26.4,Fenced,THF,Moderate,5029
2025,B,5,Z3,Cymbopogon excavatus,15.4,Fenced,THF,Moderate,2564
2025,B,5,Z3,Cynodon dactylon,25.1,Fenced,THF,Moderate,4730
2025,B,5,Z3,Heteropogon contortus,31.4,Fenced,THF,Moderate,6193
2025,B,5,Z3,NA,17.7,Fenced,THF,Moderate,3065
2025,B,5,Z3,Heteropogon contortus,2.9,Fenced,THF,Moderate,182
2025,B,5,Z3,Digitaria eriantha,6.6,Fenced,THF,Moderate,783
2025,B,5,Z3,NA,3.4,Fenced,THF,Moderate,252
2025,B,5,Z3,NA,2.4,Fenced,THF,Moderate,120
2025,B,5,Z3,Heteropogon contortus,29.9,Fenced,THF,Moderate,5842
2025,B,5,Z3,Digitaria eriantha,26.6,Fenced,THF,Moderate,5075
2025,B,5,Z3,Aristida congesta b,26.8,Fenced,THF,Moderate,5122
2025,B,5,Z3,NA,28.4,Fenced,THF,Moderate,5492
2025,B,5,Z4,Eragrostis superba,10.9,Unfenced,THF,Moderate,1618
2025,B,5,Z4,Bothriochloa insculpta,9.2,Unfenced,THF,Moderate,1277
2025,B,5,Z4,NA,11.9,Unfenced,THF,Moderate,1823
2025,B,5,Z4,NA,11.8,Unfenced,THF,Moderate,1803
2025,B,5,Z4,Heteropogon contortus,7.5,Unfenced,THF,Moderate,950
2025,B,5,Z4,Cynodon dactylon,15.5,Unfenced,THF,Moderate,2585
2025,B,5,Z4,Aristida congesta b,9,Unfenced,THF,Moderate,1238
2025,B,5,Z4,Digitaria eriantha,11.8,Unfenced,THF,Moderate,1803
2025,B,5,Z4,Heteropogon contortus,10.4,Unfenced,THF,Moderate,1517
2025,B,5,Z4,Aristida congesta b,10.7,Unfenced,THF,Moderate,1577
2025,B,5,Z4,Digitaria eriantha,17.4,Unfenced,THF,Moderate,2999
2025,B,5,Z4,Bothriochloa insculpta,11.5,Unfenced,THF,Moderate,1741
2025,B,5,Z4,Sporobolus africanus,6,Unfenced,THF,Moderate,675
2025,B,5,Z4,Cynodon dactylon,8.8,Unfenced,THF,Moderate,1199
2025,B,5,Z4,Digitaria eriantha,11.4,Unfenced,THF,Moderate,1720
2025,B,5,Z4,NA,8.7,Unfenced,THF,Moderate,1179
2025,B,5,Z4,Heteropogon contortus,6.9,Unfenced,THF,Moderate,838
2025,B,5,Z4,Digitaria eriantha,9.2,Unfenced,THF,Moderate,1277
2025,B,5,Z4,Cynodon dactylon,15.1,Unfenced,THF,Moderate,2499
2025,B,5,Z4,Bothriochloa insculpta,10.9,Unfenced,THF,Moderate,1618
2025,B,5,Z2,Heteropogon contortus,6,Unfenced,THF,Moderate,675
2025,B,5,Z2,Bothriochloa insculpta,6.7,Unfenced,THF,Moderate,801
2025,B,5,Z2,Digitaria eriantha,1.9,Unfenced,THF,Moderate,65
2025,B,5,Z2,NA,5.9,Unfenced,THF,Moderate,658
2025,B,5,Z2,Cymbopogon excavatus,5.4,Unfenced,THF,Moderate,570
2025,B,5,Z2,Heteropogon contortus,8.6,Unfenced,THF,Moderate,1160
2025,B,5,Z2,Digitaria eriantha,2.1,Unfenced,THF,Moderate,86
2025,B,5,Z2,Eragrostis rigidior,21.7,Unfenced,THF,Moderate,3956
2025,B,5,Z2,Cymbopogon excavatus,12.9,Unfenced,THF,Moderate,2032
2025,B,5,Z2,Eragrostis superba,19.8,Unfenced,THF,Moderate,3530
2025,B,5,Z2,Heteropogon contortus,10.9,Unfenced,THF,Moderate,1618
2025,B,5,Z2,NA,15.6,Unfenced,THF,Moderate,2607
2025,B,5,Z2,Heteropogon contortus,18.6,Unfenced,THF,Moderate,3263
2025,B,5,Z2,Setaria sphacelata,10.2,Unfenced,THF,Moderate,1476
2025,B,5,Z2,Cynodon dactylon,13.1,Unfenced,THF,Moderate,2074
2025,B,5,Z2,NA,44.3,Unfenced,THF,Moderate,9270
2025,B,5,Z2,Heteropogon contortus,6.2,Unfenced,THF,Moderate,711
2025,B,5,Z2,Digitaria eriantha,9.8,Unfenced,THF,Moderate,1396
2025,B,5,Z2,Cynodon dactylon,6.8,Unfenced,THF,Moderate,820
2025,B,5,Z2,Bothriochloa insculpta,6.3,Unfenced,THF,Moderate,729
2025,B,4,Z3,Cymbopogon nardus,3.6,Unfenced,TFB,Moderate,281
2025,B,4,Z3,Hyperrhenia filipendula,9.2,Unfenced,TFB,Moderate,1277
2025,B,4,Z3,Heteropogon contortus,5.3,Unfenced,TFB,Moderate,553
2025,B,4,Z3,NA,26.4,Unfenced,TFB,Moderate,5029
2025,B,4,Z3,Hyperthelia dissoluta,7.3,Unfenced,TFB,Moderate,912
2025,B,4,Z3,Digitaria eriantha,5.5,Unfenced,TFB,Moderate,588
2025,B,4,Z3,Heteropogon contortus,26.9,Unfenced,TFB,Moderate,5145
2025,B,4,Z3,NA,7.7,Unfenced,TFB,Moderate,987
2025,B,4,Z3,Heteropogon contortus,6.6,Unfenced,TFB,Moderate,783
2025,B,4,Z3,Digitaria eriantha,3.8,Unfenced,TFB,Moderate,311
2025,B,4,Z3,Cymbopogon excavatus,2.9,Unfenced,TFB,Moderate,182
2025,B,4,Z3,NA,27.8,Unfenced,TFB,Moderate,5353
2025,B,4,Z3,Cymbopogon excavatus,35.2,Unfenced,TFB,Moderate,7090
2025,B,4,Z3,Aristida congesta b,31.2,Unfenced,TFB,Moderate,6146
2025,B,4,Z3,Heteropogon contortus,43,Unfenced,TFB,Moderate,8956
2025,B,4,Z3,Eragrostis superba,14.2,Unfenced,TFB,Moderate,2306
2025,B,4,Z3,Heteropogon contortus,7.1,Unfenced,TFB,Moderate,875
2025,B,4,Z3,Cymbopogon excavatus,6.8,Unfenced,TFB,Moderate,820
2025,B,4,Z3,Digitaria eriantha,5.2,Unfenced,TFB,Moderate,536
2025,B,4,Z3,Aristida adscensionis,2.8,Unfenced,TFB,Moderate,169
2025,B,4,Z4,Eragrostis superba,2.7,Unfenced,TFB,Moderate,156
2025,B,4,Z4,Heteropogon contortus,2.2,Unfenced,TFB,Moderate,97
2025,B,4,Z4,Brachiaria serrata,4.8,Unfenced,TFB,Moderate,469
2025,B,4,Z4,NA,32.6,Unfenced,TFB,Moderate,6475
2025,B,4,Z4,Heteropogon contortus,23.9,Unfenced,TFB,Moderate,4456
2025,B,4,Z4,Aristida congesta b,23.6,Unfenced,TFB,Moderate,4387
2025,B,4,Z4,Cymbopogon excavatus,12.4,Unfenced,TFB,Moderate,1927
2025,B,4,Z4,Cymbopogon excavatus,29.1,Unfenced,TFB,Moderate,5655
2025,B,4,Z4,Heteropogon contortus,9.1,Unfenced,TFB,Moderate,1258
2025,B,4,Z4,Digitaria eriantha,26.1,Unfenced,TFB,Moderate,4960
2025,B,4,Z4,NA,22.8,Unfenced,TFB,Moderate,4205
2025,B,4,Z4,NA,29.3,Unfenced,TFB,Moderate,5702
2025,B,4,Z4,Heteropogon contortus,6.2,Unfenced,TFB,Moderate,711
2025,B,4,Z4,Cymbopogon excavatus,8.2,Unfenced,TFB,Moderate,1083
2025,B,4,Z4,Aristida adscensionis,14,Unfenced,TFB,Moderate,2264
2025,B,4,Z4,NA,20.1,Unfenced,TFB,Moderate,3597
2025,B,4,Z4,Heteropogon contortus,6.6,Unfenced,TFB,Moderate,783
2025,B,4,Z4,Aristida congesta b,6.9,Unfenced,TFB,Moderate,838
2025,B,4,Z4,Melinis repens,11,Unfenced,TFB,Moderate,1638
2025,B,4,Z4,Digitaria eriantha,6.1,Unfenced,TFB,Moderate,693
2025,B,4,Z1,Cymbopogon excavatus,19.2,Fenced,TFB,Moderate,3396
2025,B,4,Z1,Heteropogon contortus,20.4,Fenced,TFB,Moderate,3664
2025,B,4,Z1,Aristida adscensionis,23.2,Fenced,TFB,Moderate,4296
2025,B,4,Z1,Melinis repens,19.5,Fenced,TFB,Moderate,3463
2025,B,4,Z1,Heteropogon contortus,21.8,Fenced,TFB,Moderate,3979
2025,B,4,Z1,Digitaria eriantha,14.2,Fenced,TFB,Moderate,2306
2025,B,4,Z1,Aristida adscensionis,22.1,Fenced,TFB,Moderate,4047
2025,B,4,Z1,NA,20.6,Fenced,TFB,Moderate,3709
2025,B,4,Z1,Heteropogon contortus,25.6,Fenced,TFB,Moderate,4845
2025,B,4,Z1,Cymbopogon excavatus,26.6,Fenced,TFB,Moderate,5075
2025,B,4,Z1,Setaria sphacelata,22.8,Fenced,TFB,Moderate,4205
2025,B,4,Z1,Eragrostis superba,34,Fenced,TFB,Moderate,6806
2025,B,4,Z1,Cymbopogon excavatus,13,Fenced,TFB,Moderate,2053
2025,B,4,Z1,Heteropogon contortus,16.7,Fenced,TFB,Moderate,2846
2025,B,4,Z1,Eragrostis superba,15.1,Fenced,TFB,Moderate,2499
2025,B,4,Z1,Eragrostis rigidior,27.3,Fenced,TFB,Moderate,5237
2025,B,4,Z1,Themeda triandra,18.4,Fenced,TFB,Moderate,3219
2025,B,4,Z1,Heteropogon contortus,19,Fenced,TFB,Moderate,3352
2025,B,4,Z1,Digitaria eriantha,14.8,Fenced,TFB,Moderate,2435
2025,B,4,Z1,NA,16,Fenced,TFB,Moderate,2693
2025,B,4,Z2,Heteropogon contortus,10.8,Fenced,TFB,Moderate,1598
2025,B,4,Z2,Perotis patens,2.4,Fenced,TFB,Moderate,120
2025,B,4,Z2,Brachiaria serrata,2.4,Fenced,TFB,Moderate,120
2025,B,4,Z2,Eragrostis rigidior,2.9,Fenced,TFB,Moderate,182
2025,B,4,Z2,Eragrostis superba,38.2,Fenced,TFB,Moderate,7804
2025,B,4,Z2,Cymbopogon excavatus,26.4,Fenced,TFB,Moderate,5029
2025,B,4,Z2,Heteropogon contortus,21.2,Fenced,TFB,Moderate,3844
2025,B,4,Z2,NA,14.2,Fenced,TFB,Moderate,2306
2025,B,4,Z2,Heteropogon contortus,3.2,Fenced,TFB,Moderate,223
2025,B,4,Z2,Digitaria eriantha,4.5,Fenced,TFB,Moderate,420
2025,B,4,Z2,Aristida adscensionis,8.2,Fenced,TFB,Moderate,1083
2025,B,4,Z2,Brachiaria serrata,6.5,Fenced,TFB,Moderate,765
2025,B,4,Z2,Brachiaria serrata,30.6,Fenced,TFB,Moderate,6006
2025,B,4,Z2,Cymbopogon excavatus,18.5,Fenced,TFB,Moderate,3241
2025,B,4,Z2,NA,14.6,Fenced,TFB,Moderate,2392
2025,B,4,Z2,NA,25.8,Fenced,TFB,Moderate,4891
2025,B,4,Z2,Aristida adscensionis,22.4,Fenced,TFB,Moderate,4115
2025,B,4,Z2,Heteropogon contortus,24.1,Fenced,TFB,Moderate,4501
2025,B,4,Z2,Cymbopogon excavatus,22.2,Fenced,TFB,Moderate,4069
2025,B,4,Z2,Urochloa mosambicensis,27.5,Fenced,TFB,Moderate,5284
2025,B,3,Z4,Heteropogon contortus,11.2,Unfenced,TF,Moderate,1679
2025,B,3,Z4,Aristida adscensionis,8.2,Unfenced,TF,Moderate,1083
2025,B,3,Z4,Cymbopogon excavatus,11.8,Unfenced,TF,Moderate,1803
2025,B,3,Z4,NA,7.5,Unfenced,TF,Moderate,950
2025,B,3,Z4,Aristida adscensionis,10.4,Unfenced,TF,Moderate,1517
2025,B,3,Z4,Heteropogon contortus,18.6,Unfenced,TF,Moderate,3263
2025,B,3,Z4,Cymbopogon nardus,18,Unfenced,TF,Moderate,3131
2025,B,3,Z4,NA,22.8,Unfenced,TF,Moderate,4205
2025,B,3,Z4,Digitaria eriantha,13.8,Unfenced,TF,Moderate,2221
2025,B,3,Z4,Cymbopogon nardus,8.4,Unfenced,TF,Moderate,1121
2025,B,3,Z4,Heteropogon contortus,6.2,Unfenced,TF,Moderate,711
2025,B,3,Z4,NA,5.2,Unfenced,TF,Moderate,536
2025,B,3,Z4,Heteropogon contortus,11.4,Unfenced,TF,Moderate,1720
2025,B,3,Z4,Eragrostis rigidior,15.4,Unfenced,TF,Moderate,2564
2025,B,3,Z4,Bothriochloa insculpta,11.9,Unfenced,TF,Moderate,1823
2025,B,3,Z4,NA,22,Unfenced,TF,Moderate,4024
2025,B,3,Z4,Aristida adscensionis,8,Unfenced,TF,Moderate,1044
2025,B,3,Z4,Heteropogon contortus,2.8,Unfenced,TF,Moderate,169
2025,B,3,Z4,Eragrostis rigidior,12,Unfenced,TF,Moderate,1844
2025,B,3,Z4,NA,10.3,Unfenced,TF,Moderate,1496
2025,B,3,Z3,Heteropogon contortus,23.3,Unfenced,TF,Moderate,4319
2025,B,3,Z3,Cymbopogon nardus,13,Unfenced,TF,Moderate,2053
2025,B,3,Z3,Eragrostis rigidior,12.8,Unfenced,TF,Moderate,2011
2025,B,3,Z3,NA,14.1,Unfenced,TF,Moderate,2285
2025,B,3,Z3,Hyperrhenia filipendula,8.5,Unfenced,TF,Moderate,1141
2025,B,3,Z3,Heteropogon contortus,6.7,Unfenced,TF,Moderate,801
2025,B,3,Z3,Aristida adscensionis,6.5,Unfenced,TF,Moderate,765
2025,B,3,Z3,NA,6.1,Unfenced,TF,Moderate,693
2025,B,3,Z3,Aristida adscensionis,8.3,Unfenced,TF,Moderate,1102
2025,B,3,Z3,Aristida adscensionis,4.2,Unfenced,TF,Moderate,372
2025,B,3,Z3,Themeda triandra,9.6,Unfenced,TF,Moderate,1356
2025,B,3,Z3,Brachiaria serrata,3.4,Unfenced,TF,Moderate,252
2025,B,3,Z3,Heteropogon contortus,7.8,Unfenced,TF,Moderate,1006
2025,B,3,Z3,Eragrostis rigidior,14.1,Unfenced,TF,Moderate,2285
2025,B,3,Z3,Aristida adscensionis,9.8,Unfenced,TF,Moderate,1396
2025,B,3,Z3,Heteropogon contortus,7.3,Unfenced,TF,Moderate,912
2025,B,3,Z3,Heteropogon contortus,6.8,Unfenced,TF,Moderate,820
2025,B,3,Z3,Digitaria eriantha,8.2,Unfenced,TF,Moderate,1083
2025,B,3,Z3,Eragrostis superba,7.9,Unfenced,TF,Moderate,1025
2025,B,3,Z3,Aristida adscensionis,4.9,Unfenced,TF,Moderate,486
2025,B,3,Z1,Melinis repens,26.1,Fenced,TF,Moderate,4960
2025,B,3,Z1,Cymbopogon excavatus,20.2,Fenced,TF,Moderate,3619
2025,B,3,Z1,NA,10.2,Fenced,TF,Moderate,1476
2025,B,3,Z1,NA,25,Fenced,TF,Moderate,4707
2025,B,3,Z1,Cymbopogon nardus,14.6,Fenced,TF,Moderate,2392
2025,B,3,Z1,Heteropogon contortus,20,Fenced,TF,Moderate,3575
2025,B,3,Z1,Cymbopogon excavatus,29.3,Fenced,TF,Moderate,5702
2025,B,3,Z1,Aristida adscensionis,44.2,Fenced,TF,Moderate,9246
2025,B,3,Z1,Cynodon dactylon,41.9,Fenced,TF,Moderate,8691
2025,B,3,Z1,Themeda triandra,26.1,Fenced,TF,Moderate,4960
2025,B,3,Z1,Heteropogon contortus,27.8,Fenced,TF,Moderate,5353
2025,B,3,Z1,Eragrostis superba,46,Fenced,TF,Moderate,9682
2025,B,3,Z1,Aristida congesta b,25.8,Fenced,TF,Moderate,4891
2025,B,3,Z1,Digitaria eriantha,10.9,Fenced,TF,Moderate,1618
2025,B,3,Z1,Heteropogon contortus,6.3,Fenced,TF,Moderate,729
2025,B,3,Z1,NA,25.1,Fenced,TF,Moderate,4730
2025,B,3,Z1,Melinis repens,12,Fenced,TF,Moderate,1844
2025,B,3,Z1,Aristida adscensionis,15.7,Fenced,TF,Moderate,2628
2025,B,3,Z1,Bothriochloa insculpta,11.8,Fenced,TF,Moderate,1803
2025,B,3,Z1,NA,16.2,Fenced,TF,Moderate,2737
2025,B,3,Z2,Aristida adscensionis,15.6,Fenced,TF,Moderate,2607
2025,B,3,Z2,Cymbopogon excavatus,22.2,Fenced,TF,Moderate,4069
2025,B,3,Z2,Melinis repens,26.8,Fenced,TF,Moderate,5122
2025,B,3,Z2,Eragrostis superba,17.3,Fenced,TF,Moderate,2977
2025,B,3,Z2,Setaria sphacelata,39,Fenced,TF,Moderate,7995
2025,B,3,Z2,Themeda triandra,28.8,Fenced,TF,Moderate,5585
2025,B,3,Z2,Heteropogon contortus,17.1,Fenced,TF,Moderate,2933
2025,B,3,Z2,Cymbopogon excavatus,41.5,Fenced,TF,Moderate,8595
2025,B,3,Z2,Cymbopogon excavatus,33.2,Fenced,TF,Moderate,6617
2025,B,3,Z2,Melinis repens,28,Fenced,TF,Moderate,5399
2025,B,3,Z2,Heteropogon contortus,14.9,Fenced,TF,Moderate,2456
2025,B,3,Z2,NA,42.7,Fenced,TF,Moderate,8884
2025,B,3,Z2,Heteropogon contortus,47.7,Fenced,TF,Moderate,10095
2025,B,3,Z2,Cymbopogon nardus,35.5,Fenced,TF,Moderate,7161
2025,B,3,Z2,NA,25.2,Fenced,TF,Moderate,4753
2025,B,3,Z2,NA,51,Fenced,TF,Moderate,10899
2025,B,3,Z2,Aristida congesta b,15.7,Fenced,TF,Moderate,2628
2025,B,3,Z2,Digitaria eriantha,32.3,Fenced,TF,Moderate,6405
2025,B,3,Z2,Heteropogon contortus,15.6,Fenced,TF,Moderate,2607
2025,B,3,Z2,Cymbopogon nardus,22.7,Fenced,TF,Moderate,4183
2025,A,5,Z4,Bothriochloa insculpta,19,Unfenced,THF,Moderate,3352
2025,A,5,Z4,Cynodon dactylon,16.8,Unfenced,THF,Moderate,2867
2025,A,5,Z4,Eragrostis gummiflua,16.7,Unfenced,THF,Moderate,2846
2025,A,5,Z4,NA,16.6,Unfenced,THF,Moderate,2824
2025,A,5,Z4,Urochloa mosambicensis,0,Unfenced,THF,Moderate,0
2025,A,5,Z4,Cymbopogon excavatus,14.3,Unfenced,THF,Moderate,2328
2025,A,5,Z4,Bothriochloa insculpta,14.7,Unfenced,THF,Moderate,2413
2025,A,5,Z4,Heteropogon contortus,13.7,Unfenced,THF,Moderate,2200
2025,A,5,Z4,Bothriochloa insculpta,21.8,Unfenced,THF,Moderate,3979
2025,A,5,Z4,Cymbopogon excavatus,16.5,Unfenced,THF,Moderate,2802
2025,A,5,Z4,Urochloa mosambicensis,20.7,Unfenced,THF,Moderate,3731
2025,A,5,Z4,NA,21.2,Unfenced,THF,Moderate,3844
2025,A,5,Z4,Urochloa mosambicensis,13.5,Unfenced,THF,Moderate,2158
2025,A,5,Z4,Aristida adscensionis,13.2,Unfenced,THF,Moderate,2095
2025,A,5,Z4,Bothriochloa insculpta,13.9,Unfenced,THF,Moderate,2243
2025,A,5,Z4,NA,11.7,Unfenced,THF,Moderate,1782
2025,A,5,Z4,Urochloa mosambicensis,0,Unfenced,THF,Moderate,0
2025,A,5,Z4,Bothriochloa insculpta,23.6,Unfenced,THF,Moderate,4387
2025,A,5,Z4,Aristida diffusa,17.3,Unfenced,THF,Moderate,2977
2025,A,5,Z4,Setaria incrassata,16.5,Unfenced,THF,Moderate,2802
2025,A,5,Z2,Aristida adscensionis,22.7,Unfenced,THF,Moderate,4183
2025,A,5,Z2,Urochloa mosambicensis,17.4,Unfenced,THF,Moderate,2999
2025,A,5,Z2,Bothriochloa insculpta,18.4,Unfenced,THF,Moderate,3219
2025,A,5,Z2,Heteropogon contortus,20.6,Unfenced,THF,Moderate,3709
2025,A,5,Z2,Hyperrhenia filipendula,19.6,Unfenced,THF,Moderate,3485
2025,A,5,Z2,Panicum maximum,37.9,Unfenced,THF,Moderate,7732
2025,A,5,Z2,Urochloa mosambicensis,36.2,Unfenced,THF,Moderate,7327
2025,A,5,Z2,Heteropogon contortus,33.7,Unfenced,THF,Moderate,6735
2025,A,5,Z2,Cymbopogon excavatus,32.9,Unfenced,THF,Moderate,6546
2025,A,5,Z2,Aristida adscensionis,18.7,Unfenced,THF,Moderate,3285
2025,A,5,Z2,Urochloa mosambicensis,18.4,Unfenced,THF,Moderate,3219
2025,A,5,Z2,Hyperrhenia filipendula,17.7,Unfenced,THF,Moderate,3065
2025,A,5,Z2,Panicum maximum,23.9,Unfenced,THF,Moderate,4456
2025,A,5,Z2,Urochloa mosambicensis,12.9,Unfenced,THF,Moderate,2032
2025,A,5,Z2,NA,16.8,Unfenced,THF,Moderate,2867
2025,A,5,Z2,NA,14.9,Unfenced,THF,Moderate,2456
2025,A,5,Z2,Cymbopogon excavatus,27.1,Unfenced,THF,Moderate,5191
2025,A,5,Z2,Miscanthus junceus,23.6,Unfenced,THF,Moderate,4387
2025,A,5,Z2,Urochloa mosambicensis,24.1,Unfenced,THF,Moderate,4501
2025,A,5,Z2,NA,21.8,Unfenced,THF,Moderate,3979
2025,A,2,Z1,Cymbopogon excavatus,23.4,Fenced,F,Moderate,4342
2025,A,2,Z1,Bothriochloa insculpta,20.2,Fenced,F,Moderate,3619
2025,A,2,Z1,Aristida adscensionis,13.6,Fenced,F,Moderate,2179
2025,A,2,Z1,Eragrostis gummiflua,17.2,Fenced,F,Moderate,2955
2025,A,2,Z1,Andropogon eucomus,29.8,Fenced,F,Moderate,5819
2025,A,2,Z1,Bothriochloa insculpta,22.7,Fenced,F,Moderate,4183
2025,A,2,Z1,Heteropogon contortus,19.6,Fenced,F,Moderate,3485
2025,A,2,Z1,Eragrostis gummiflua,19.5,Fenced,F,Moderate,3463
2025,A,2,Z1,Andropogon eucomus,15.1,Fenced,F,Moderate,2499
2025,A,2,Z1,Bothriochloa insculpta,14.2,Fenced,F,Moderate,2306
2025,A,2,Z1,NA,13.8,Fenced,F,Moderate,2221
2025,A,2,Z1,NA,13.8,Fenced,F,Moderate,2221
2025,A,2,Z1,Digitaria eriantha,19.1,Fenced,F,Moderate,3374
2025,A,2,Z1,Brachiaria serrata,16.6,Fenced,F,Moderate,2824
2025,A,2,Z1,Bothriochloa insculpta,18.1,Fenced,F,Moderate,3153
2025,A,2,Z1,Andropogon eucomus,6.1,Fenced,F,Moderate,693
2025,A,2,Z1,Urochloa mosambicensis,29.6,Fenced,F,Moderate,5772
2025,A,2,Z1,Bothriochloa insculpta,25.5,Fenced,F,Moderate,4822
2025,A,2,Z1,NA,23.9,Fenced,F,Moderate,4456
2025,A,2,Z1,NA,23,Fenced,F,Moderate,4251
2025,A,2,Z2,Hyperthelia dissoluta,17.1,Fenced,F,Moderate,2933
2025,A,2,Z2,Hyperrhenia filipendula,48.1,Fenced,F,Moderate,10192
2025,A,2,Z2,Andropogon eucomus,43.6,Fenced,F,Moderate,9101
2025,A,2,Z2,NA,40.2,Fenced,F,Moderate,8283
2025,A,2,Z2,Urochloa mosambicensis,21.1,Fenced,F,Moderate,3821
2025,A,2,Z2,Hyparrhenia hirta,28.1,Fenced,F,Moderate,5423
2025,A,2,Z2,Hyperthelia dissoluta,26.6,Fenced,F,Moderate,5075
2025,A,2,Z2,Heteropogon contortus,11.6,Fenced,F,Moderate,1761
2025,A,2,Z2,Hyparrhenia hirta,23.3,Fenced,F,Moderate,4319
2025,A,2,Z2,Heteropogon contortus,5.5,Fenced,F,Moderate,588
2025,A,2,Z2,Setaria incrassata,14.1,Fenced,F,Moderate,2285
2025,A,2,Z2,Brachiaria serrata,13.4,Fenced,F,Moderate,2137
2025,A,2,Z2,Hyperthelia dissoluta,66.7,Fenced,F,Moderate,14771
2025,A,2,Z2,Hyparrhenia hirta,29.4,Fenced,F,Moderate,5725
2025,A,2,Z2,Urochloa mosambicensis,20.7,Fenced,F,Moderate,3731
2025,A,2,Z2,NA,21.9,Fenced,F,Moderate,4001
2025,A,2,Z2,Andropogon eucomus,25.3,Fenced,F,Moderate,4776
2025,A,2,Z2,Bothriochloa insculpta,18.8,Fenced,F,Moderate,3307
2025,A,2,Z2,Miscanthus junceus,18.5,Fenced,F,Moderate,3241
2025,A,2,Z2,NA,16.5,Fenced,F,Moderate,2802
2025,A,2,Z3,Hyperthelia dissoluta,16.9,Unfenced,F,Moderate,2889
2025,A,2,Z3,Bothriochloa insculpta,22.6,Unfenced,F,Moderate,4160
2025,A,2,Z3,Eragrostis gummiflua,20,Unfenced,F,Moderate,3575
2025,A,2,Z3,NA,19.2,Unfenced,F,Moderate,3396
2025,A,2,Z3,Heteropogon contortus,15.8,Unfenced,F,Moderate,2650
2025,A,2,Z3,Eragrostis superba,11.1,Unfenced,F,Moderate,1659
2025,A,2,Z3,Aristida diffusa,10.6,Unfenced,F,Moderate,1557
2025,A,2,Z3,Bothriochloa insculpta,13.3,Unfenced,F,Moderate,2116
2025,A,2,Z3,Urochloa mosambicensis,28.6,Unfenced,F,Moderate,5539
2025,A,2,Z3,Andropogon eucomus,24,Unfenced,F,Moderate,4478
2025,A,2,Z3,Bothriochloa insculpta,20.4,Unfenced,F,Moderate,3664
2025,A,2,Z3,NA,14.9,Unfenced,F,Moderate,2456
2025,A,2,Z3,Cymbopogon excavatus,18.4,Unfenced,F,Moderate,3219
2025,A,2,Z3,Eragrostis superba,14.1,Unfenced,F,Moderate,2285
2025,A,2,Z3,Bothriochloa insculpta,16.9,Unfenced,F,Moderate,2889
2025,A,2,Z3,NA,16.2,Unfenced,F,Moderate,2737
2025,A,2,Z3,Urochloa mosambicensis,30.1,Unfenced,F,Moderate,5889
2025,A,2,Z3,Hyperrhenia filipendula,23.6,Unfenced,F,Moderate,4387
2025,A,2,Z3,Andropogon eucomus,21.6,Unfenced,F,Moderate,3934
2025,A,2,Z3,Bothriochloa insculpta,17.6,Unfenced,F,Moderate,3043
2025,A,2,Z4,Hyperthelia dissoluta,17.5,Unfenced,F,Moderate,3021
2025,A,2,Z4,Urochloa mosambicensis,34.7,Unfenced,F,Moderate,6971
2025,A,2,Z4,NA,44.3,Unfenced,F,Moderate,9270
2025,A,2,Z4,NA,40.8,Unfenced,F,Moderate,8427
2025,A,2,Z4,Aristida adscensionis,17.3,Unfenced,F,Moderate,2977
2025,A,2,Z4,Hyperthelia dissoluta,17.5,Unfenced,F,Moderate,3021
2025,A,2,Z4,Hyperrhenia filipendula,25,Unfenced,F,Moderate,4707
2025,A,2,Z4,NA,20.5,Unfenced,F,Moderate,3686
2025,A,2,Z4,Urochloa mosambicensis,65.6,Unfenced,F,Moderate,14498
2025,A,2,Z4,Hyperthelia dissoluta,43.3,Unfenced,F,Moderate,9029
2025,A,2,Z4,Hyperrhenia filipendula,35.5,Unfenced,F,Moderate,7161
2025,A,2,Z4,Andropogon eucomus,28.8,Unfenced,F,Moderate,5585
2025,A,2,Z4,Hyperthelia dissoluta,47,Unfenced,F,Moderate,9924
2025,A,2,Z4,Hyperrhenia filipendula,45.1,Unfenced,F,Moderate,9464
2025,A,2,Z4,Urochloa mosambicensis,37.2,Unfenced,F,Moderate,7565
2025,A,2,Z4,Heteropogon contortus,44.5,Unfenced,F,Moderate,9319
2025,A,2,Z4,Cymbopogon nardus,53.7,Unfenced,F,Moderate,11560
2025,A,2,Z4,Andropogon eucomus,39.4,Unfenced,F,Moderate,8091
2025,A,2,Z4,Urochloa mosambicensis,28.3,Unfenced,F,Moderate,5469
2025,A,2,Z4,Heteropogon contortus,30.7,Unfenced,F,Moderate,6029
2025,A,3,Z3,Setaria sphacelata,26.6,Fenced,TFB,Moderate,5075
2025,A,3,Z3,Digitaria eriantha,17.5,Fenced,TFB,Moderate,3021
2025,A,3,Z3,Urochloa mosambicensis,19,Fenced,TFB,Moderate,3352
2025,A,3,Z3,Cynodon dactylon,18.7,Fenced,TFB,Moderate,3285
2025,A,3,Z3,Heteropogon contortus,27.5,Fenced,TFB,Moderate,5284
2025,A,3,Z3,Melinis repens,24.8,Fenced,TFB,Moderate,4661
2025,A,3,Z3,Aristida diffusa,26.7,Fenced,TFB,Moderate,5099
2025,A,3,Z3,Panicum maximum,22.2,Fenced,TFB,Moderate,4069
2025,A,3,Z3,Hyperthelia dissoluta,19,Fenced,TFB,Moderate,3352
2025,A,3,Z3,Hyperrhenia filipendula,24.7,Fenced,TFB,Moderate,4639
2025,A,3,Z3,Heteropogon contortus,21.9,Fenced,TFB,Moderate,4001
2025,A,3,Z3,Urochloa mosambicensis,24.9,Fenced,TFB,Moderate,4684
2025,A,3,Z3,Heteropogon contortus,24.9,Fenced,TFB,Moderate,4684
2025,A,3,Z3,Themeda triandra,22.3,Fenced,TFB,Moderate,4092
2025,A,3,Z3,Cymbopogon excavatus,25.6,Fenced,TFB,Moderate,4845
2025,A,3,Z3,Digitaria eriantha,21.5,Fenced,TFB,Moderate,3911
2025,A,3,Z3,Hyperthelia dissoluta,33.7,Fenced,TFB,Moderate,6735
2025,A,3,Z3,Aristida adscensionis,26.8,Fenced,TFB,Moderate,5122
2025,A,3,Z3,Hyperrhenia filipendula,33.4,Fenced,TFB,Moderate,6664
2025,A,3,Z3,Cymbopogon excavatus,32,Fenced,TFB,Moderate,6334
2025,A,3,Z1,Hyparrhenia hirta,46.7,Fenced,TFB,Moderate,9852
2025,A,3,Z1,NA,0,Fenced,TFB,Moderate,0
2025,A,3,Z1,NA,0,Fenced,TFB,Moderate,0
2025,A,3,Z1,NA,0,Fenced,TFB,Moderate,0
2025,A,3,Z1,Bothriochloa insculpta,20.6,Fenced,TFB,Moderate,3709
2025,A,3,Z1,Cymbopogon excavatus,16.1,Fenced,TFB,Moderate,2715
2025,A,3,Z1,NA,15.6,Fenced,TFB,Moderate,2607
2025,A,3,Z1,NA,14.4,Fenced,TFB,Moderate,2349
2025,A,3,Z1,Andropogon eucomus,18.1,Fenced,TFB,Moderate,3153
2025,A,3,Z1,Bothriochloa insculpta,14.3,Fenced,TFB,Moderate,2328
2025,A,3,Z1,Urochloa mosambicensis,12.7,Fenced,TFB,Moderate,1990
2025,A,3,Z1,NA,12.4,Fenced,TFB,Moderate,1927
2025,A,3,Z1,Urochloa mosambicensis,20.9,Fenced,TFB,Moderate,3776
2025,A,3,Z1,Aristida congesta c,25.5,Fenced,TFB,Moderate,4822
2025,A,3,Z1,Themeda triandra,28.6,Fenced,TFB,Moderate,5539
2025,A,3,Z1,NA,1.3,Fenced,TFB,Moderate,17
2025,A,3,Z1,Hyperthelia dissoluta,56.5,Fenced,TFB,Moderate,12248
2025,A,3,Z1,Hyperrhenia filipendula,11.2,Fenced,TFB,Moderate,1679
2025,A,3,Z1,Heteropogon contortus,61.9,Fenced,TFB,Moderate,13580
2025,A,3,Z1,NA,9.7,Fenced,TFB,Moderate,1376
2025,A,3,Z2,Cymbopogon excavatus,32.7,Unfenced,TFB,Moderate,6499
2025,A,3,Z2,Urochloa mosambicensis,3.8,Unfenced,TFB,Moderate,311
2025,A,3,Z2,NA,3.8,Unfenced,TFB,Moderate,311
2025,A,3,Z2,NA,8.1,Unfenced,TFB,Moderate,1064
2025,A,3,Z2,Bothriochloa insculpta,17.3,Unfenced,TFB,Moderate,2977
2025,A,3,Z2,Miscanthus junceus,11.5,Unfenced,TFB,Moderate,1741
2025,A,3,Z2,Setaria incrassata,14.4,Unfenced,TFB,Moderate,2349
2025,A,3,Z2,NA,14.2,Unfenced,TFB,Moderate,2306
2025,A,3,Z2,Bothriochloa insculpta,12.3,Unfenced,TFB,Moderate,1906
2025,A,3,Z2,Digitaria eriantha,10.5,Unfenced,TFB,Moderate,1537
2025,A,3,Z2,Eragrostis gummiflua,14.3,Unfenced,TFB,Moderate,2328
2025,A,3,Z2,NA,13.2,Unfenced,TFB,Moderate,2095
2025,A,3,Z2,Hyparrhenia hirta,26.2,Unfenced,TFB,Moderate,4983
2025,A,3,Z2,Miscanthus junceus,6.4,Unfenced,TFB,Moderate,747
2025,A,3,Z2,NA,4.3,Unfenced,TFB,Moderate,388
2025,A,3,Z2,NA,18.6,Unfenced,TFB,Moderate,3263
2025,A,3,Z2,Aristida congesta c,15.2,Unfenced,TFB,Moderate,2520
2025,A,3,Z2,Bothriochloa insculpta,14.4,Unfenced,TFB,Moderate,2349
2025,A,3,Z2,NA,11.7,Unfenced,TFB,Moderate,1782
2025,A,3,Z2,NA,12.7,Unfenced,TFB,Moderate,1990
2025,A,3,Z4,Urochloa mosambicensis,23,Unfenced,TFB,Moderate,4251
2025,A,3,Z4,Cymbopogon excavatus,25.7,Unfenced,TFB,Moderate,4868
2025,A,3,Z4,Brachiaria serrata,29.4,Unfenced,TFB,Moderate,5725
2025,A,3,Z4,NA,5.4,Unfenced,TFB,Moderate,570
2025,A,3,Z4,Urochloa mosambicensis,17.3,Unfenced,TFB,Moderate,2977
2025,A,3,Z4,Aristida congesta c,5.1,Unfenced,TFB,Moderate,519
2025,A,3,Z4,Hyperthelia dissoluta,5.1,Unfenced,TFB,Moderate,519
2025,A,3,Z4,NA,0,Unfenced,TFB,Moderate,0
2025,A,3,Z4,Setaria sphacelata,12.9,Unfenced,TFB,Moderate,2032
2025,A,3,Z4,Heteropogon contortus,10.3,Unfenced,TFB,Moderate,1496
2025,A,3,Z4,Brachiaria serrata,17.4,Unfenced,TFB,Moderate,2999
2025,A,3,Z4,NA,11.4,Unfenced,TFB,Moderate,1720
2025,A,3,Z4,Urochloa mosambicensis,11.5,Unfenced,TFB,Moderate,1741
2025,A,3,Z4,Heteropogon contortus,19.3,Unfenced,TFB,Moderate,3419
2025,A,3,Z4,NA,20.4,Unfenced,TFB,Moderate,3664
2025,A,3,Z4,NA,49.9,Unfenced,TFB,Moderate,10630
2025,A,3,Z4,Hyperthelia dissoluta,50.3,Unfenced,TFB,Moderate,10728
2025,A,3,Z4,Aristida congesta c,29.9,Unfenced,TFB,Moderate,5842
2025,A,3,Z4,Urochloa mosambicensis,24.7,Unfenced,TFB,Moderate,4639
2025,A,3,Z4,NA,23.8,Unfenced,TFB,Moderate,4433
2025,A,4,Z3,Hyperrhenia filipendula,18,Fenced,TF,Moderate,3131
2025,A,4,Z3,Bothriochloa insculpta,23.6,Fenced,TF,Moderate,4387
2025,A,4,Z3,Setaria incrassata,20.9,Fenced,TF,Moderate,3776
2025,A,4,Z3,NA,21.1,Fenced,TF,Moderate,3821
2025,A,4,Z3,Hyperthelia dissoluta,16,Fenced,TF,Moderate,2693
2025,A,4,Z3,Bothriochloa insculpta,17.4,Fenced,TF,Moderate,2999
2025,A,4,Z3,NA,19.1,Fenced,TF,Moderate,3374
2025,A,4,Z3,NA,18.2,Fenced,TF,Moderate,3175
2025,A,4,Z3,Bothriochloa insculpta,12.1,Fenced,TF,Moderate,1865
2025,A,4,Z3,Heteropogon contortus,13.4,Fenced,TF,Moderate,2137
2025,A,4,Z3,Andropogon eucomus,13.9,Fenced,TF,Moderate,2243
2025,A,4,Z3,NA,16.7,Fenced,TF,Moderate,2846
2025,A,4,Z3,Cymbopogon excavatus,26.4,Fenced,TF,Moderate,5029
2025,A,4,Z3,Bothriochloa insculpta,22.7,Fenced,TF,Moderate,4183
2025,A,4,Z3,NA,23.9,Fenced,TF,Moderate,4456
2025,A,4,Z3,NA,12.2,Fenced,TF,Moderate,1885
2025,A,4,Z3,Digitaria eriantha,14.3,Fenced,TF,Moderate,2328
2025,A,4,Z3,Bothriochloa insculpta,17.2,Fenced,TF,Moderate,2955
2025,A,4,Z3,NA,15.8,Fenced,TF,Moderate,2650
2025,A,4,Z3,NA,15.9,Fenced,TF,Moderate,2672
2025,A,4,Z1,Urochloa mosambicensis,13.3,Fenced,TF,Moderate,2116
2025,A,4,Z1,Diheteropogon amplectens,12.8,Fenced,TF,Moderate,2011
2025,A,4,Z1,Bothriochloa insculpta,13.8,Fenced,TF,Moderate,2221
2025,A,4,Z1,Heteropogon contortus,12.2,Fenced,TF,Moderate,1885
2025,A,4,Z1,Bothriochloa insculpta,36,Fenced,TF,Moderate,7280
2025,A,4,Z1,NA,37.4,Fenced,TF,Moderate,7613
2025,A,4,Z1,NA,37.2,Fenced,TF,Moderate,7565
2025,A,4,Z1,NA,31.4,Fenced,TF,Moderate,6193
2025,A,4,Z1,Heteropogon contortus,28.7,Fenced,TF,Moderate,5562
2025,A,4,Z1,Urochloa mosambicensis,16.6,Fenced,TF,Moderate,2824
2025,A,4,Z1,Bothriochloa insculpta,24.4,Fenced,TF,Moderate,4570
2025,A,4,Z1,NA,23.4,Fenced,TF,Moderate,4342
2025,A,4,Z1,Urochloa mosambicensis,18.1,Fenced,TF,Moderate,3153
2025,A,4,Z1,Andropogon eucomus,21.1,Fenced,TF,Moderate,3821
2025,A,4,Z1,Bothriochloa insculpta,24.2,Fenced,TF,Moderate,4524
2025,A,4,Z1,NA,18.2,Fenced,TF,Moderate,3175
2025,A,4,Z1,Heteropogon contortus,26,Fenced,TF,Moderate,4937
2025,A,4,Z1,NA,30.4,Fenced,TF,Moderate,5959
2025,A,4,Z1,NA,21.7,Fenced,TF,Moderate,3956
2025,A,4,Z1,NA,18.3,Fenced,TF,Moderate,3197
2025,A,4,Z2,Digitaria eriantha,13.3,Unfenced,TF,Moderate,2116
2025,A,4,Z2,Aristida adscensionis,18.5,Unfenced,TF,Moderate,3241
2025,A,4,Z2,Bothriochloa insculpta,15.1,Unfenced,TF,Moderate,2499
2025,A,4,Z2,NA,15.2,Unfenced,TF,Moderate,2520
2025,A,4,Z2,Hyperrhenia filipendula,16.6,Unfenced,TF,Moderate,2824
2025,A,4,Z2,Cymbopogon excavatus,15.2,Unfenced,TF,Moderate,2520
2025,A,4,Z2,Miscanthus junceus,13.3,Unfenced,TF,Moderate,2116
2025,A,4,Z2,Heteropogon contortus,13.6,Unfenced,TF,Moderate,2179
2025,A,4,Z2,Setaria incrassata,13.4,Unfenced,TF,Moderate,2137
2025,A,4,Z2,Cymbopogon excavatus,14,Unfenced,TF,Moderate,2264
2025,A,4,Z2,Hyparrhenia hirta,15.1,Unfenced,TF,Moderate,2499
2025,A,4,Z2,Heteropogon contortus,15.9,Unfenced,TF,Moderate,2672
2025,A,4,Z2,Heteropogon contortus,26.8,Unfenced,TF,Moderate,5122
2025,A,4,Z2,Digitaria eriantha,17.6,Unfenced,TF,Moderate,3043
2025,A,4,Z2,NA,16.8,Unfenced,TF,Moderate,2867
2025,A,4,Z2,NA,15.1,Unfenced,TF,Moderate,2499
2025,A,4,Z2,Heteropogon contortus,15.8,Unfenced,TF,Moderate,2650
2025,A,4,Z2,Digitaria eriantha,12.2,Unfenced,TF,Moderate,1885
2025,A,4,Z2,Diheteropogon amplectens,17.4,Unfenced,TF,Moderate,2999
2025,A,4,Z2,Panicum maximum,17.7,Unfenced,TF,Moderate,3065
2025,A,4,Z4,Urochloa mosambicensis,20.3,Unfenced,TF,Moderate,3642
2025,A,4,Z4,Digitaria eriantha,16.9,Unfenced,TF,Moderate,2889
2025,A,4,Z4,Bothriochloa insculpta,18.4,Unfenced,TF,Moderate,3219
2025,A,4,Z4,Heteropogon contortus,18,Unfenced,TF,Moderate,3131
2025,A,4,Z4,Bothriochloa insculpta,24.8,Unfenced,TF,Moderate,4661
2025,A,4,Z4,Heteropogon contortus,23.7,Unfenced,TF,Moderate,4410
2025,A,4,Z4,Digitaria eriantha,21.8,Unfenced,TF,Moderate,3979
2025,A,4,Z4,NA,20.4,Unfenced,TF,Moderate,3664
2025,A,4,Z4,Heteropogon contortus,11.6,Unfenced,TF,Moderate,1761
2025,A,4,Z4,Eragrostis superba,15.9,Unfenced,TF,Moderate,2672
2025,A,4,Z4,Aristida congesta c,19.6,Unfenced,TF,Moderate,3485
2025,A,4,Z4,NA,8.4,Unfenced,TF,Moderate,1121
2025,A,4,Z4,Heteropogon contortus,11.5,Unfenced,TF,Moderate,1741
2025,A,4,Z4,Digitaria eriantha,14.9,Unfenced,TF,Moderate,2456
2025,A,4,Z4,Eragrostis superba,15.4,Unfenced,TF,Moderate,2564
2025,A,4,Z4,NA,16.3,Unfenced,TF,Moderate,2758
2025,A,4,Z4,Urochloa mosambicensis,22.1,Unfenced,TF,Moderate,4047
2025,A,4,Z4,Digitaria eriantha,19.4,Unfenced,TF,Moderate,3441
2025,A,4,Z4,Heteropogon contortus,18.3,Unfenced,TF,Moderate,3197
2025,A,4,Z4,NA,16.7,Unfenced,TF,Moderate,2846
2025,E,4,Z3,Eragrostis curvula,9.6,Fenced,TFB,High,1356
2025,E,4,Z3,Panicum maximum,13.7,Fenced,TFB,High,2200
2025,E,4,Z3,Chloris virgata,13.3,Fenced,TFB,High,2116
2025,E,4,Z3,Dactyloctenium giganteum,13.4,Fenced,TFB,High,2137
2025,E,4,Z3,Sporobolus africanus,0,Fenced,TFB,High,0
2025,E,4,Z3,NA,0,Fenced,TFB,High,0
2025,E,4,Z3,NA,0,Fenced,TFB,High,0
2025,E,4,Z3,NA,1.6,Fenced,TFB,High,38
2025,E,4,Z3,Heteropogon contortus,11.4,Fenced,TFB,High,1720
2025,E,4,Z3,NA,8.8,Fenced,TFB,High,1199
2025,E,4,Z3,NA,0,Fenced,TFB,High,0
2025,E,4,Z3,NA,0,Fenced,TFB,High,0
2025,E,4,Z3,Heteropogon contortus,8.4,Fenced,TFB,High,1121
2025,E,4,Z3,Enteropogon macrostachyus,6.2,Fenced,TFB,High,711
2025,E,4,Z3,Setaria incrassata,7.8,Fenced,TFB,High,1006
2025,E,4,Z3,Eragrostis viscosa,0,Fenced,TFB,High,0
2025,E,4,Z3,Heteropogon contortus,3.3,Fenced,TFB,High,237
2025,E,4,Z3,Brachiaria brizantha,4.1,Fenced,TFB,High,357
2025,E,4,Z3,Eragrostis gummiflua,3.4,Fenced,TFB,High,252
2025,E,4,Z3,Eragrostis viscosa,3.2,Fenced,TFB,High,223
2025,E,4,Z1,Digitaria eriantha,1.7,Fenced,TFB,High,47
2025,E,4,Z1,Panicum maximum,1.7,Fenced,TFB,High,47
2025,E,4,Z1,Eragrostis viscosa,3.7,Fenced,TFB,High,296
2025,E,4,Z1,Eragrostis gummiflua,3.5,Fenced,TFB,High,266
2025,E,4,Z1,Aristida adscensionis,2.5,Fenced,TFB,High,132
2025,E,4,Z1,Eragrostis cylindriflora,0,Fenced,TFB,High,0
2025,E,4,Z1,Heteropogon contortus,0,Fenced,TFB,High,0
2025,E,4,Z1,NA,2.3,Fenced,TFB,High,108
2025,E,4,Z1,Heteropogon contortus,4.4,Fenced,TFB,High,404
2025,E,4,Z1,Brachiaria nigropedata,7.5,Fenced,TFB,High,950
2025,E,4,Z1,Panicum maximum,6.9,Fenced,TFB,High,838
2025,E,4,Z1,Setaria incrassata,7.6,Fenced,TFB,High,968
2025,E,4,Z1,Brachiaria nigropedata,11.7,Fenced,TFB,High,1782
2025,E,4,Z1,Eragrostis curvula,8.2,Fenced,TFB,High,1083
2025,E,4,Z1,Panicum maximum,13.1,Fenced,TFB,High,2074
2025,E,4,Z1,Setaria incrassata,37.2,Fenced,TFB,High,7565
2025,E,4,Z1,Cymbopogon excavatus,15.5,Fenced,TFB,High,2585
2025,E,4,Z1,NA,0,Fenced,TFB,High,0
2025,E,4,Z1,NA,0,Fenced,TFB,High,0
2025,E,4,Z1,NA,0,Fenced,TFB,High,0
2025,E,4,Z2,Eragrostis viscosa,0,Unfenced,TFB,High,0
2025,E,4,Z2,Panicum maximum,2.1,Unfenced,TFB,High,86
2025,E,4,Z2,Eragrostis gummiflua,6.8,Unfenced,TFB,High,820
2025,E,4,Z2,NA,5.3,Unfenced,TFB,High,553
2025,E,4,Z2,Heteropogon contortus,2.9,Unfenced,TFB,High,182
2025,E,4,Z2,NA,2.9,Unfenced,TFB,High,182
2025,E,4,Z2,NA,0,Unfenced,TFB,High,0
2025,E,4,Z2,NA,0,Unfenced,TFB,High,0
2025,E,4,Z2,Heteropogon contortus,2.5,Unfenced,TFB,High,132
2025,E,4,Z2,Eragrostis viscosa,2.2,Unfenced,TFB,High,97
2025,E,4,Z2,Enteropogon macrostachyus,0,Unfenced,TFB,High,0
2025,E,4,Z2,NA,4.5,Unfenced,TFB,High,420
2025,E,4,Z2,Enteropogon macrostachyus,4,Unfenced,TFB,High,341
2025,E,4,Z2,NA,4,Unfenced,TFB,High,341
2025,E,4,Z2,NA,0,Unfenced,TFB,High,0
2025,E,4,Z2,NA,0,Unfenced,TFB,High,0
2025,E,4,Z2,Heteropogon contortus,0,Unfenced,TFB,High,0
2025,E,4,Z2,Setaria incrassata,0,Unfenced,TFB,High,0
2025,E,4,Z2,Panicum maximum,0,Unfenced,TFB,High,0
2025,E,4,Z2,NA,1.6,Unfenced,TFB,High,38
2025,E,4,Z4,Heteropogon contortus,8.6,Unfenced,TFB,High,1160
2025,E,4,Z4,Cymbopogon excavatus,8,Unfenced,TFB,High,1044
2025,E,4,Z4,NA,13.5,Unfenced,TFB,High,2158
2025,E,4,Z4,NA,15.9,Unfenced,TFB,High,2672
2025,E,4,Z4,Panicum maximum,13.7,Unfenced,TFB,High,2200
2025,E,4,Z4,Heteropogon contortus,3.3,Unfenced,TFB,High,237
2025,E,4,Z4,NA,3.2,Unfenced,TFB,High,223
2025,E,4,Z4,NA,3.7,Unfenced,TFB,High,296
2025,E,4,Z4,Eragrostis curvula,2.1,Unfenced,TFB,High,86
2025,E,4,Z4,Panicum maximum,2.2,Unfenced,TFB,High,97
2025,E,4,Z4,Brachiaria nigropedata,2.7,Unfenced,TFB,High,156
2025,E,4,Z4,Chloris virgata,2.1,Unfenced,TFB,High,86
2025,E,4,Z4,Brachiaria nigropedata,5,Unfenced,TFB,High,503
2025,E,4,Z4,Panicum maximum,12.6,Unfenced,TFB,High,1969
2025,E,4,Z4,Eragrostis viscosa,12.5,Unfenced,TFB,High,1948
2025,E,4,Z4,Enteropogon macrostachyus,12.5,Unfenced,TFB,High,1948
2025,E,4,Z4,Heteropogon contortus,5.1,Unfenced,TFB,High,519
2025,E,4,Z4,NA,5.6,Unfenced,TFB,High,605
2025,E,4,Z4,NA,4.3,Unfenced,TFB,High,388
2025,E,4,Z4,NA,5,Unfenced,TFB,High,503
2025,E,3,Z1,Eragrostis curvula,2.1,Fenced,F,High,86
2025,E,3,Z1,NA,0,Fenced,F,High,0
2025,E,3,Z1,NA,0,Fenced,F,High,0
2025,E,3,Z1,NA,0,Fenced,F,High,0
2025,E,3,Z1,Heteropogon contortus,2.3,Fenced,F,High,108
2025,E,3,Z1,Eragrostis viscosa,2.6,Fenced,F,High,144
2025,E,3,Z1,Brachiaria nigropedata,2.8,Fenced,F,High,169
2025,E,3,Z1,Setaria incrassata,5.3,Fenced,F,High,553
2025,E,3,Z1,Heteropogon contortus,14.8,Fenced,F,High,2435
2025,E,3,Z1,Digitaria eriantha,10.6,Fenced,F,High,1557
2025,E,3,Z1,NA,9.8,Fenced,F,High,1396
2025,E,3,Z1,NA,8.5,Fenced,F,High,1141
2025,E,3,Z1,Heteropogon contortus,2.7,Fenced,F,High,156
2025,E,3,Z1,Panicum maximum,3.4,Fenced,F,High,252
2025,E,3,Z1,Eragrostis gummiflua,2.9,Fenced,F,High,182
2025,E,3,Z1,NA,4.1,Fenced,F,High,357
2025,E,3,Z1,Eragrostis cylindriflora,2,Fenced,F,High,75
2025,E,3,Z1,Heteropogon contortus,2,Fenced,F,High,75
2025,E,3,Z1,Chloris virgata,0,Fenced,F,High,0
2025,E,3,Z1,NA,0,Fenced,F,High,0
2025,E,3,Z3,Heteropogon contortus,2.9,Fenced,F,High,182
2025,E,3,Z3,Cymbopogon excavatus,3.6,Fenced,F,High,281
2025,E,3,Z3,NA,0,Fenced,F,High,0
2025,E,3,Z3,NA,4.2,Fenced,F,High,372
2025,E,3,Z3,Aristida congesta b,10.1,Fenced,F,High,1456
2025,E,3,Z3,Heteropogon contortus,6.3,Fenced,F,High,729
2025,E,3,Z3,Eragrostis rigidior,4.5,Fenced,F,High,420
2025,E,3,Z3,Eragrostis viscosa,5.6,Fenced,F,High,605
2025,E,3,Z3,Heteropogon contortus,3.7,Fenced,F,High,296
2025,E,3,Z3,Eragrostis gummiflua,9.1,Fenced,F,High,1258
2025,E,3,Z3,NA,5.2,Fenced,F,High,536
2025,E,3,Z3,NA,0,Fenced,F,High,0
2025,E,3,Z3,Brachiaria nigropedata,13.5,Fenced,F,High,2158
2025,E,3,Z3,Heteropogon contortus,10.5,Fenced,F,High,1537
2025,E,3,Z3,NA,11,Fenced,F,High,1638
2025,E,3,Z3,NA,0,Fenced,F,High,0
2025,E,3,Z3,Eragrostis superba,10.4,Fenced,F,High,1517
2025,E,3,Z3,Eragrostis viscosa,6.1,Fenced,F,High,693
2025,E,3,Z3,Eragrostis curvula,0,Fenced,F,High,0
2025,E,3,Z3,Chloris virgata,9.2,Fenced,F,High,1277
2025,E,3,Z4,Brachiaria nigropedata,9.2,Unfenced,F,High,1277
2025,E,3,Z4,Eragrostis rigidior,7.1,Unfenced,F,High,875
2025,E,3,Z4,NA,0,Unfenced,F,High,0
2025,E,3,Z4,NA,0,Unfenced,F,High,0
2025,E,3,Z4,Enteropogon macrostachyus,1.7,Unfenced,F,High,47
2025,E,3,Z4,Heteropogon contortus,2.7,Unfenced,F,High,156
2025,E,3,Z4,Eragrostis rigidior,10.2,Unfenced,F,High,1476
2025,E,3,Z4,NA,1.9,Unfenced,F,High,65
2025,E,3,Z4,Heteropogon contortus,2.5,Unfenced,F,High,132
2025,E,3,Z4,Aristida adscensionis,0,Unfenced,F,High,0
2025,E,3,Z4,NA,0,Unfenced,F,High,0
2025,E,3,Z4,NA,0,Unfenced,F,High,0
2025,E,3,Z4,Heteropogon contortus,2.2,Unfenced,F,High,97
2025,E,3,Z4,Eragrostis viscosa,2.4,Unfenced,F,High,120
2025,E,3,Z4,Eragrostis gummiflua,2.1,Unfenced,F,High,86
2025,E,3,Z4,NA,2.8,Unfenced,F,High,169
2025,E,3,Z4,Panicum maximum,3.1,Unfenced,F,High,209
2025,E,3,Z4,Cymbopogon nardus,3,Unfenced,F,High,196
2025,E,3,Z4,Brachiaria nigropedata,4.4,Unfenced,F,High,404
2025,E,3,Z4,NA,4.5,Unfenced,F,High,420
2025,E,3,Z2,NA,0,Unfenced,F,High,0
2025,E,3,Z2,NA,0,Unfenced,F,High,0
2025,E,3,Z2,NA,0,Unfenced,F,High,0
2025,E,3,Z2,NA,0,Unfenced,F,High,0
2025,E,3,Z2,Diheteropogon amplectens,3.1,Unfenced,F,High,209
2025,E,3,Z2,Panicum maximum,3.5,Unfenced,F,High,266
2025,E,3,Z2,NA,4.8,Unfenced,F,High,469
2025,E,3,Z2,NA,3.1,Unfenced,F,High,209
2025,E,3,Z2,Heteropogon contortus,8.1,Unfenced,F,High,1064
2025,E,3,Z2,Brachiaria nigropedata,4.9,Unfenced,F,High,486
2025,E,3,Z2,Eragrostis gummiflua,4.2,Unfenced,F,High,372
2025,E,3,Z2,Eragrostis viscosa,0,Unfenced,F,High,0
2025,E,3,Z2,Enteropogon macrostachyus,23,Unfenced,F,High,4251
2025,E,3,Z2,Digitaria eriantha,13.5,Unfenced,F,High,2158
2025,E,3,Z2,Heteropogon contortus,10.2,Unfenced,F,High,1476
2025,E,3,Z2,NA,0,Unfenced,F,High,0
2025,E,3,Z2,Eragrostis curvula,2.6,Unfenced,F,High,144
2025,E,3,Z2,Brachiaria nigropedata,2.1,Unfenced,F,High,86
2025,E,3,Z2,NA,2.1,Unfenced,F,High,86
2025,E,3,Z2,NA,2.1,Unfenced,F,High,86
2025,E,2,Z3,Aristida diffusa,7,Fenced,TF,High,856
2025,E,2,Z3,Eragrostis rigidior,1.4,Fenced,TF,High,23
2025,E,2,Z3,Panicum maximum,1.5,Fenced,TF,High,30
2025,E,2,Z3,NA,1.8,Fenced,TF,High,56
2025,E,2,Z3,Heteropogon contortus,2.7,Fenced,TF,High,156
2025,E,2,Z3,Panicum maximum,3.4,Fenced,TF,High,252
2025,E,2,Z3,NA,0,Fenced,TF,High,0
2025,E,2,Z3,NA,0,Fenced,TF,High,0
2025,E,2,Z3,Eragrostis viscosa,5.3,Fenced,TF,High,553
2025,E,2,Z3,Aristida adscensionis,8.3,Fenced,TF,High,1102
2025,E,2,Z3,Panicum maximum,10,Fenced,TF,High,1436
2025,E,2,Z3,NA,9.4,Fenced,TF,High,1317
2025,E,2,Z3,Panicum maximum,6.9,Fenced,TF,High,838
2025,E,2,Z3,NA,2.5,Fenced,TF,High,132
2025,E,2,Z3,NA,6.2,Fenced,TF,High,711
2025,E,2,Z3,NA,2.5,Fenced,TF,High,132
2025,E,2,Z3,Enteropogon macrostachyus,14.1,Fenced,TF,High,2285
2025,E,2,Z3,Panicum maximum,14.4,Fenced,TF,High,2349
2025,E,2,Z3,NA,18.1,Fenced,TF,High,3153
2025,E,2,Z3,NA,19.8,Fenced,TF,High,3530
2025,E,2,Z1,Panicum maximum,4.9,Fenced,TF,High,486
2025,E,2,Z1,Enteropogon macrostachyus,3.5,Fenced,TF,High,266
2025,E,2,Z1,Heteropogon contortus,7.1,Fenced,TF,High,875
2025,E,2,Z1,Eragrostis viscosa,5.4,Fenced,TF,High,570
2025,E,2,Z1,Panicum maximum,4.6,Fenced,TF,High,436
2025,E,2,Z1,NA,16.8,Fenced,TF,High,2867
2025,E,2,Z1,NA,12.4,Fenced,TF,High,1927
2025,E,2,Z1,NA,9.7,Fenced,TF,High,1376
2025,E,2,Z1,Panicum maximum,19.1,Fenced,TF,High,3374
2025,E,2,Z1,Enteropogon macrostachyus,14.7,Fenced,TF,High,2413
2025,E,2,Z1,Eragrostis viscosa,11.6,Fenced,TF,High,1761
2025,E,2,Z1,NA,11.6,Fenced,TF,High,1761
2025,E,2,Z1,Panicum maximum,7.3,Fenced,TF,High,912
2025,E,2,Z1,Eragrostis curvula,5.6,Fenced,TF,High,605
2025,E,2,Z1,NA,5.3,Fenced,TF,High,553
2025,E,2,Z1,NA,6.1,Fenced,TF,High,693
2025,E,2,Z1,Panicum maximum,5.4,Fenced,TF,High,570
2025,E,2,Z1,Eragrostis curvula,5.3,Fenced,TF,High,553
2025,E,2,Z1,Chloris virgata,23.7,Fenced,TF,High,4410
2025,E,2,Z1,NA,18.9,Fenced,TF,High,3330
2025,E,2,Z4,Enteropogon macrostachyus,3.4,Unfenced,TF,High,252
2025,E,2,Z4,Eragrostis rigidior,2.6,Unfenced,TF,High,144
2025,E,2,Z4,Brachiaria nigropedata,5,Unfenced,TF,High,503
2025,E,2,Z4,NA,4.5,Unfenced,TF,High,420
2025,E,2,Z4,Heteropogon contortus,2.3,Unfenced,TF,High,108
2025,E,2,Z4,Cymbopogon excavatus,5.2,Unfenced,TF,High,536
2025,E,2,Z4,Eragrostis gummiflua,4.2,Unfenced,TF,High,372
2025,E,2,Z4,NA,4.4,Unfenced,TF,High,404
2025,E,2,Z4,Panicum maximum,6,Unfenced,TF,High,675
2025,E,2,Z4,Heteropogon contortus,11.9,Unfenced,TF,High,1823
2025,E,2,Z4,Enteropogon macrostachyus,10.3,Unfenced,TF,High,1496
2025,E,2,Z4,Setaria incrassata,11.9,Unfenced,TF,High,1823
2025,E,2,Z4,Eragrostis rigidior,4,Unfenced,TF,High,341
2025,E,2,Z4,Heteropogon contortus,3.5,Unfenced,TF,High,266
2025,E,2,Z4,Panicum maximum,3.4,Unfenced,TF,High,252
2025,E,2,Z4,NA,3.8,Unfenced,TF,High,311
2025,E,2,Z4,Enteropogon macrostachyus,13.3,Unfenced,TF,High,2116
2025,E,2,Z4,Heteropogon contortus,10.7,Unfenced,TF,High,1577
2025,E,2,Z4,Panicum maximum,10,Unfenced,TF,High,1436
2025,E,2,Z4,NA,12.4,Unfenced,TF,High,1927
2025,E,2,Z2,Heteropogon contortus,11.9,Unfenced,TF,High,1823
2025,E,2,Z2,Diheteropogon amplectens,11.5,Unfenced,TF,High,1741
2025,E,2,Z2,NA,8.5,Unfenced,TF,High,1141
2025,E,2,Z2,NA,9.4,Unfenced,TF,High,1317
2025,E,2,Z2,Enteropogon macrostachyus,23.3,Unfenced,TF,High,4319
2025,E,2,Z2,Heteropogon contortus,17.2,Unfenced,TF,High,2955
2025,E,2,Z2,NA,14.7,Unfenced,TF,High,2413
2025,E,2,Z2,NA,13.7,Unfenced,TF,High,2200
2025,E,2,Z2,Heteropogon contortus,3.3,Unfenced,TF,High,237
2025,E,2,Z2,Eragrostis curvula,2.9,Unfenced,TF,High,182
2025,E,2,Z2,NA,2.4,Unfenced,TF,High,120
2025,E,2,Z2,NA,3.8,Unfenced,TF,High,311
2025,E,2,Z2,Panicum maximum,2,Unfenced,TF,High,75
2025,E,2,Z2,Enteropogon macrostachyus,2.8,Unfenced,TF,High,169
2025,E,2,Z2,Brachiaria brizantha,6.3,Unfenced,TF,High,729
2025,E,2,Z2,NA,7,Unfenced,TF,High,856
2025,E,2,Z2,Panicum maximum,2.6,Unfenced,TF,High,144
2025,E,2,Z2,Aristida adscensionis,5.6,Unfenced,TF,High,605
2025,E,2,Z2,Enteropogon macrostachyus,2.9,Unfenced,TF,High,182
2025,E,2,Z2,NA,4.6,Unfenced,TF,High,436
2025,A,1,Z3,Panicum maximum,4.9,Unfenced,C,Moderate,486
2025,A,1,Z3,Chloris virgata,6.8,Unfenced,C,Moderate,820
2025,A,1,Z3,Eragrostis cylindriflora,6.2,Unfenced,C,Moderate,711
2025,A,1,Z3,NA,1.6,Unfenced,C,Moderate,38
2025,A,1,Z3,Cymbopogon excavatus,17.3,Unfenced,C,Moderate,2977
2025,A,1,Z3,Digitaria eriantha,16.7,Unfenced,C,Moderate,2846
2025,A,1,Z3,NA,16.9,Unfenced,C,Moderate,2889
2025,A,1,Z3,NA,14.2,Unfenced,C,Moderate,2306
2025,A,1,Z3,Urochloa mosambicensis,13,Unfenced,C,Moderate,2053
2025,A,1,Z3,Heteropogon contortus,20.7,Unfenced,C,Moderate,3731
2025,A,1,Z3,Cymbopogon excavatus,20.8,Unfenced,C,Moderate,3754
2025,A,1,Z3,NA,22.3,Unfenced,C,Moderate,4092
2025,A,1,Z3,Setaria sphacelata,28.9,Unfenced,C,Moderate,5609
2025,A,1,Z3,Themeda triandra,23.2,Unfenced,C,Moderate,4296
2025,A,1,Z3,Digitaria eriantha,19,Unfenced,C,Moderate,3352
2025,A,1,Z3,Aristida adscensionis,16.1,Unfenced,C,Moderate,2715
2025,A,1,Z3,Heteropogon contortus,15.5,Unfenced,C,Moderate,2585
2025,A,1,Z3,Digitaria eriantha,19.8,Unfenced,C,Moderate,3530
2025,A,1,Z3,Setaria incrassata,20,Unfenced,C,Moderate,3575
2025,A,1,Z3,NA,20.5,Unfenced,C,Moderate,3686
2025,A,1,Z4,Heteropogon contortus,55.3,Unfenced,C,Moderate,11952
2025,A,1,Z4,Urochloa mosambicensis,38.3,Unfenced,C,Moderate,7828
2025,A,1,Z4,NA,34.7,Unfenced,C,Moderate,6971
2025,A,1,Z4,NA,30.5,Unfenced,C,Moderate,5982
2025,A,1,Z4,Hyparrhenia hirta,24.6,Unfenced,C,Moderate,4616
2025,A,1,Z4,Bothriochloa insculpta,16.7,Unfenced,C,Moderate,2846
2025,A,1,Z4,Digitaria eriantha,15.2,Unfenced,C,Moderate,2520
2025,A,1,Z4,Urochloa mosambicensis,18.5,Unfenced,C,Moderate,3241
2025,A,1,Z4,Urochloa mosambicensis,20.4,Unfenced,C,Moderate,3664
2025,A,1,Z4,Heteropogon contortus,16.5,Unfenced,C,Moderate,2802
2025,A,1,Z4,Miscanthus junceus,16.8,Unfenced,C,Moderate,2867
2025,A,1,Z4,Setaria sphacelata,13.9,Unfenced,C,Moderate,2243
2025,A,1,Z4,Hyparrhenia hirta,24.5,Unfenced,C,Moderate,4593
2025,A,1,Z4,Urochloa mosambicensis,28.6,Unfenced,C,Moderate,5539
2025,A,1,Z4,Enteropogon macrostachyus,28,Unfenced,C,Moderate,5399
2025,A,1,Z4,NA,26.5,Unfenced,C,Moderate,5052
2025,A,1,Z4,Urochloa mosambicensis,41.7,Unfenced,C,Moderate,8643
2025,A,1,Z4,Heteropogon contortus,34.5,Unfenced,C,Moderate,6924
2025,A,1,Z4,Bothriochloa insculpta,26.7,Unfenced,C,Moderate,5099
2025,A,1,Z4,Brachiaria serrata,25.3,Unfenced,C,Moderate,4776
2025,A,1,Z2,Urochloa mosambicensis,29.9,Fenced,C,Moderate,5842
2025,A,1,Z2,Bothriochloa insculpta,31.3,Fenced,C,Moderate,6170
2025,A,1,Z2,Heteropogon contortus,28.1,Fenced,C,Moderate,5423
2025,A,1,Z2,NA,28,Fenced,C,Moderate,5399
2025,A,1,Z2,Andropogon eucomus,21.3,Fenced,C,Moderate,3866
2025,A,1,Z2,Hyperrhenia filipendula,21.6,Fenced,C,Moderate,3934
2025,A,1,Z2,Setaria sphacelata,19.1,Fenced,C,Moderate,3374
2025,A,1,Z2,Heteropogon contortus,20,Fenced,C,Moderate,3575
2025,A,1,Z2,Urochloa mosambicensis,20.7,Fenced,C,Moderate,3731
2025,A,1,Z2,Cymbopogon excavatus,19,Fenced,C,Moderate,3352
2025,A,1,Z2,Setaria sphacelata,17.5,Fenced,C,Moderate,3021
2025,A,1,Z2,NA,3.5,Fenced,C,Moderate,266
2025,A,1,Z2,Hyperthelia dissoluta,28.2,Fenced,C,Moderate,5446
2025,A,1,Z2,Hyperrhenia filipendula,24.9,Fenced,C,Moderate,4684
2025,A,1,Z2,Setaria sphacelata,28,Fenced,C,Moderate,5399
2025,A,1,Z2,NA,32.1,Fenced,C,Moderate,6358
2025,A,1,Z2,Diheteropogon amplectens,10.2,Fenced,C,Moderate,1476
2025,A,1,Z2,Heteropogon contortus,12.2,Fenced,C,Moderate,1885
2025,A,1,Z2,NA,13.7,Fenced,C,Moderate,2200
2025,A,1,Z2,NA,11.8,Fenced,C,Moderate,1803
2025,A,1,Z1,Heteropogon contortus,7.4,Fenced,C,Moderate,931
2025,A,1,Z1,Aristida adscensionis,6.2,Fenced,C,Moderate,711
2025,A,1,Z1,Urochloa mosambicensis,6.9,Fenced,C,Moderate,838
2025,A,1,Z1,Digitaria eriantha,12.8,Fenced,C,Moderate,2011
2025,A,1,Z1,Hyperrhenia filipendula,26.5,Fenced,C,Moderate,5052
2025,A,1,Z1,Urochloa mosambicensis,28.1,Fenced,C,Moderate,5423
2025,A,1,Z1,Cymbopogon excavatus,25.9,Fenced,C,Moderate,4914
2025,A,1,Z1,Setaria sphacelata,25.2,Fenced,C,Moderate,4753
2025,A,1,Z1,Cymbopogon plurinodis,0,Fenced,C,Moderate,0
2025,A,1,Z1,NA,0,Fenced,C,Moderate,0
2025,A,1,Z1,NA,13.5,Fenced,C,Moderate,2158
2025,A,1,Z1,NA,15,Fenced,C,Moderate,2477
2025,A,1,Z1,Diheteropogon amplectens,20,Fenced,C,Moderate,3575
2025,A,1,Z1,Digitaria eriantha,17.6,Fenced,C,Moderate,3043
2025,A,1,Z1,Heteropogon contortus,14.1,Fenced,C,Moderate,2285
2025,A,1,Z1,NA,12.8,Fenced,C,Moderate,2011
2025,A,1,Z1,Diheteropogon amplectens,77.2,Fenced,C,Moderate,17394
2025,A,1,Z1,Hyperthelia dissoluta,24.2,Fenced,C,Moderate,4524
2025,A,1,Z1,Digitaria eriantha,18.8,Fenced,C,Moderate,3307
2025,A,1,Z1,Urochloa mosambicensis,16.5,Fenced,C,Moderate,2802
2025,E,5,Z3,Eragrostis rigidior,3.5,Fenced,THF,High,266
2025,E,5,Z3,Digitaria eriantha,4.2,Fenced,THF,High,372
2025,E,5,Z3,Diheteropogon amplectens,4.2,Fenced,THF,High,372
2025,E,5,Z3,Eragrostis viscosa,4.1,Fenced,THF,High,357
2025,E,5,Z3,Heteropogon contortus,6.8,Fenced,THF,High,820
2025,E,5,Z3,Brachiaria brizantha,4.7,Fenced,THF,High,453
2025,E,5,Z3,NA,3.9,Fenced,THF,High,326
2025,E,5,Z3,NA,3.5,Fenced,THF,High,266
2025,E,5,Z3,Eragrostis viscosa,0,Fenced,THF,High,0
2025,E,5,Z3,NA,0,Fenced,THF,High,0
2025,E,5,Z3,NA,2.3,Fenced,THF,High,108
2025,E,5,Z3,NA,2.6,Fenced,THF,High,144
2025,E,5,Z3,Themeda triandra,3.2,Fenced,THF,High,223
2025,E,5,Z3,Digitaria eriantha,6.3,Fenced,THF,High,729
2025,E,5,Z3,Brachiaria brizantha,8.7,Fenced,THF,High,1179
2025,E,5,Z3,Eragrostis gummiflua,9.6,Fenced,THF,High,1356
2025,E,5,Z3,Enteropogon macrostachyus,4.6,Fenced,THF,High,436
2025,E,5,Z3,Heteropogon contortus,3.2,Fenced,THF,High,223
2025,E,5,Z3,Eragrostis viscosa,6.6,Fenced,THF,High,783
2025,E,5,Z3,Aristida adscensionis,5.6,Fenced,THF,High,605
2025,E,5,Z1,Digitaria eriantha,6,Fenced,THF,High,675
2025,E,5,Z1,Pogonarthria squarrosa,7.1,Fenced,THF,High,875
2025,E,5,Z1,Panicum maximum,7.3,Fenced,THF,High,912
2025,E,5,Z1,Heteropogon contortus,10.1,Fenced,THF,High,1456
2025,E,5,Z1,Cymbopogon excavatus,26.2,Fenced,THF,High,4983
2025,E,5,Z1,Eragrostis rigidior,23.9,Fenced,THF,High,4456
2025,E,5,Z1,Heteropogon contortus,19.8,Fenced,THF,High,3530
2025,E,5,Z1,Panicum maximum,17.3,Fenced,THF,High,2977
2025,E,5,Z1,Heteropogon contortus,4.4,Fenced,THF,High,404
2025,E,5,Z1,Digitaria eriantha,6,Fenced,THF,High,675
2025,E,5,Z1,Aristida adscensionis,9.2,Fenced,THF,High,1277
2025,E,5,Z1,Eragrostis gummiflua,8,Fenced,THF,High,1044
2025,E,5,Z1,Heteropogon contortus,3.9,Fenced,THF,High,326
2025,E,5,Z1,Eragrostis rigidior,14.4,Fenced,THF,High,2349
2025,E,5,Z1,Digitaria eriantha,6.3,Fenced,THF,High,729
2025,E,5,Z1,NA,9.6,Fenced,THF,High,1356
2025,E,5,Z1,Enteropogon macrostachyus,6.1,Fenced,THF,High,693
2025,E,5,Z1,NA,6.7,Fenced,THF,High,801
2025,E,5,Z1,NA,5.5,Fenced,THF,High,588
2025,E,5,Z1,NA,5.3,Fenced,THF,High,553
2025,E,5,Z4,Heteropogon contortus,6.1,Unfenced,THF,High,693
2025,E,5,Z4,Themeda triandra,5.5,Unfenced,THF,High,588
2025,E,5,Z4,Enteropogon macrostachyus,0,Unfenced,THF,High,0
2025,E,5,Z4,NA,6.4,Unfenced,THF,High,747
2025,E,5,Z4,Brachiaria nigropedata,7.6,Unfenced,THF,High,968
2025,E,5,Z4,Eragrostis superba,8.4,Unfenced,THF,High,1121
2025,E,5,Z4,Pogonarthria squarrosa,7.4,Unfenced,THF,High,931
2025,E,5,Z4,NA,6.5,Unfenced,THF,High,765
2025,E,5,Z4,Enteropogon macrostachyus,6.4,Unfenced,THF,High,747
2025,E,5,Z4,Brachiaria nigropedata,0,Unfenced,THF,High,0
2025,E,5,Z4,Heteropogon contortus,0,Unfenced,THF,High,0
2025,E,5,Z4,NA,13.7,Unfenced,THF,High,2200
2025,E,5,Z4,Enteropogon macrostachyus,19.8,Unfenced,THF,High,3530
2025,E,5,Z4,Aristida adscensionis,13.9,Unfenced,THF,High,2243
2025,E,5,Z4,NA,0,Unfenced,THF,High,0
2025,E,5,Z4,NA,2.7,Unfenced,THF,High,156
2025,E,5,Z4,Cymbopogon excavatus,2.7,Unfenced,THF,High,156
2025,E,5,Z4,Heteropogon contortus,8.7,Unfenced,THF,High,1179
2025,E,5,Z4,Brachiaria nigropedata,10.7,Unfenced,THF,High,1577
2025,E,5,Z4,Sporobolus africanus,10.3,Unfenced,THF,High,1496
2025,E,5,Z2,Heteropogon contortus,16.1,Unfenced,THF,High,2715
2025,E,5,Z2,Brachiaria brizantha,10.4,Unfenced,THF,High,1517
2025,E,5,Z2,NA,8.6,Unfenced,THF,High,1160
2025,E,5,Z2,NA,10.1,Unfenced,THF,High,1456
2025,E,5,Z2,Themeda triandra,12.3,Unfenced,THF,High,1906
2025,E,5,Z2,Heteropogon contortus,26,Unfenced,THF,High,4937
2025,E,5,Z2,NA,23.7,Unfenced,THF,High,4410
2025,E,5,Z2,NA,21.9,Unfenced,THF,High,4001
2025,E,5,Z2,Aristida congesta c,5,Unfenced,THF,High,503
2025,E,5,Z2,Heteropogon contortus,6.7,Unfenced,THF,High,801
2025,E,5,Z2,Eragrostis rigidior,9.6,Unfenced,THF,High,1356
2025,E,5,Z2,Enteropogon macrostachyus,8.8,Unfenced,THF,High,1199
2025,E,5,Z2,Brachiaria brizantha,39.2,Unfenced,THF,High,8043
2025,E,5,Z2,Cymbopogon excavatus,35.1,Unfenced,THF,High,7066
2025,E,5,Z2,Eragrostis superba,8,Unfenced,THF,High,1044
2025,E,5,Z2,NA,39,Unfenced,THF,High,7995
2025,E,5,Z2,Heteropogon contortus,4.3,Unfenced,THF,High,388
2025,E,5,Z2,Enteropogon macrostachyus,3,Unfenced,THF,High,196
2025,E,5,Z2,Cymbopogon excavatus,3,Unfenced,THF,High,196
2025,E,5,Z2,NA,3.4,Unfenced,THF,High,252
2025,E,1,Z1,Panicum maximum,6.4,Fenced,C,High,747
2025,E,1,Z1,Heteropogon contortus,4.8,Fenced,C,High,469
2025,E,1,Z1,Brachiaria brizantha,4.7,Fenced,C,High,453
2025,E,1,Z1,Digitaria eriantha,5.3,Fenced,C,High,553
2025,E,1,Z1,Aristida adscensionis,0,Fenced,C,High,0
2025,E,1,Z1,Eragrostis cylindriflora,3.5,Fenced,C,High,266
2025,E,1,Z1,Heteropogon contortus,0,Fenced,C,High,0
2025,E,1,Z1,NA,2.9,Fenced,C,High,182
2025,E,1,Z1,Heteropogon contortus,1.6,Fenced,C,High,38
2025,E,1,Z1,Eragrostis rigidior,4.1,Fenced,C,High,357
2025,E,1,Z1,NA,4.7,Fenced,C,High,453
2025,E,1,Z1,NA,5.4,Fenced,C,High,570
2025,E,1,Z1,Eragrostis viscosa,6,Fenced,C,High,675
2025,E,1,Z1,Eragrostis gummiflua,5.4,Fenced,C,High,570
2025,E,1,Z1,Brachiaria serrata,5,Fenced,C,High,503
2025,E,1,Z1,NA,4.6,Fenced,C,High,436
2025,E,1,Z1,Heteropogon contortus,4.3,Fenced,C,High,388
2025,E,1,Z1,Enteropogon macrostachyus,0,Fenced,C,High,0
2025,E,1,Z1,NA,4.6,Fenced,C,High,436
2025,E,1,Z1,NA,4.9,Fenced,C,High,486
2025,E,1,Z3,Panicum maximum,0,Fenced,C,High,0
2025,E,1,Z3,NA,5.4,Fenced,C,High,570
2025,E,1,Z3,NA,4.2,Fenced,C,High,372
2025,E,1,Z3,NA,3.4,Fenced,C,High,252
2025,E,1,Z3,Heteropogon contortus,10.1,Fenced,C,High,1456
2025,E,1,Z3,Digitaria eriantha,8.9,Fenced,C,High,1218
2025,E,1,Z3,NA,8.1,Fenced,C,High,1064
2025,E,1,Z3,NA,7,Fenced,C,High,856
2025,E,1,Z3,Heteropogon contortus,6.3,Fenced,C,High,729
2025,E,1,Z3,Eragrostis curvula,4.9,Fenced,C,High,486
2025,E,1,Z3,NA,0,Fenced,C,High,0
2025,E,1,Z3,NA,5.6,Fenced,C,High,605
2025,E,1,Z3,Enteropogon macrostachyus,9.2,Fenced,C,High,1277
2025,E,1,Z3,Eragrostis curvula,5.4,Fenced,C,High,570
2025,E,1,Z3,NA,11.8,Fenced,C,High,1803
2025,E,1,Z3,NA,9.8,Fenced,C,High,1396
2025,E,1,Z3,Heteropogon contortus,3.5,Fenced,C,High,266
2025,E,1,Z3,NA,0,Fenced,C,High,0
2025,E,1,Z3,NA,0,Fenced,C,High,0
2025,E,1,Z3,NA,0,Fenced,C,High,0
2025,E,1,Z4,Aristida adscensionis,3.1,Unfenced,C,High,209
2025,E,1,Z4,Heteropogon contortus,0,Unfenced,C,High,0
2025,E,1,Z4,Setaria incrassata,2.7,Unfenced,C,High,156
2025,E,1,Z4,NA,2.7,Unfenced,C,High,156
2025,E,1,Z4,Digitaria eriantha,3.6,Unfenced,C,High,281
2025,E,1,Z4,NA,3.4,Unfenced,C,High,252
2025,E,1,Z4,NA,2.8,Unfenced,C,High,169
2025,E,1,Z4,NA,0,Unfenced,C,High,0
2025,E,1,Z4,Panicum maximum,3.4,Unfenced,C,High,252
2025,E,1,Z4,Setaria incrassata,2.7,Unfenced,C,High,156
2025,E,1,Z4,NA,2.8,Unfenced,C,High,169
2025,E,1,Z4,NA,0,Unfenced,C,High,0
2025,E,1,Z4,Digitaria eriantha,2.5,Unfenced,C,High,132
2025,E,1,Z4,Enteropogon macrostachyus,4,Unfenced,C,High,341
2025,E,1,Z4,Aristida congesta c,4.2,Unfenced,C,High,372
2025,E,1,Z4,Eragrostis gummiflua,3.6,Unfenced,C,High,281
2025,E,1,Z4,Digitaria eriantha,8.2,Unfenced,C,High,1083
2025,E,1,Z4,Eragrostis superba,8.6,Unfenced,C,High,1160
2025,E,1,Z4,Eragrostis gummiflua,9.2,Unfenced,C,High,1277
2025,E,1,Z4,NA,9.6,Unfenced,C,High,1356
2025,E,1,Z2,Eragrostis superba,2.6,Unfenced,C,High,144
2025,E,1,Z2,Heteropogon contortus,3.1,Unfenced,C,High,209
2025,E,1,Z2,NA,3.2,Unfenced,C,High,223
2025,E,1,Z2,NA,3.2,Unfenced,C,High,223
2025,E,1,Z2,Heteropogon contortus,2.4,Unfenced,C,High,120
2025,E,1,Z2,Digitaria eriantha,6.6,Unfenced,C,High,783
2025,E,1,Z2,Setaria incrassata,0,Unfenced,C,High,0
2025,E,1,Z2,NA,2.4,Unfenced,C,High,120
2025,E,1,Z2,Digitaria eriantha,4.1,Unfenced,C,High,357
2025,E,1,Z2,Heteropogon contortus,3.3,Unfenced,C,High,237
2025,E,1,Z2,NA,3.2,Unfenced,C,High,223
2025,E,1,Z2,NA,4.8,Unfenced,C,High,469
2025,E,1,Z2,Brachiaria brizantha,3.8,Unfenced,C,High,311
2025,E,1,Z2,Heteropogon contortus,4.8,Unfenced,C,High,469
2025,E,1,Z2,Enteropogon macrostachyus,4.4,Unfenced,C,High,404
2025,E,1,Z2,Eragrostis gummiflua,3.9,Unfenced,C,High,326
2025,E,1,Z2,Aristida adscensionis,3.2,Unfenced,C,High,223
2025,E,1,Z2,Cymbopogon excavatus,4.2,Unfenced,C,High,372
2025,E,1,Z2,Heteropogon contortus,4.3,Unfenced,C,High,388
2025,E,1,Z2,Digitaria eriantha,3.6,Unfenced,C,High,281
2025,B,1,Z1,Cymbopogon excavatus,7.6,Fenced,C,Moderate,968
2025,B,1,Z1,Heteropogon contortus,16.4,Fenced,C,Moderate,2780
2025,B,1,Z1,NA,19.5,Fenced,C,Moderate,3463
2025,B,1,Z1,NA,16.7,Fenced,C,Moderate,2846
2025,B,1,Z1,Heteropogon contortus,19.2,Fenced,C,Moderate,3396
2025,B,1,Z1,Digitaria eriantha,21.1,Fenced,C,Moderate,3821
2025,B,1,Z1,NA,21.9,Fenced,C,Moderate,4001
2025,B,1,Z1,NA,21.4,Fenced,C,Moderate,3889
2025,B,1,Z1,Heteropogon contortus,21.1,Fenced,C,Moderate,3821
2025,B,1,Z1,Eragrostis rigidior,20.8,Fenced,C,Moderate,3754
2025,B,1,Z1,NA,20.6,Fenced,C,Moderate,3709
2025,B,1,Z1,NA,20.3,Fenced,C,Moderate,3642
2025,B,1,Z1,Heteropogon contortus,12.1,Fenced,C,Moderate,1865
2025,B,1,Z1,NA,16.4,Fenced,C,Moderate,2780
2025,B,1,Z1,NA,20.9,Fenced,C,Moderate,3776
2025,B,1,Z1,NA,21.7,Fenced,C,Moderate,3956
2025,B,1,Z1,Heteropogon contortus,6.5,Fenced,C,Moderate,765
2025,B,1,Z1,Digitaria eriantha,4.9,Fenced,C,Moderate,486
2025,B,1,Z1,Eragrostis superba,5.9,Fenced,C,Moderate,658
2025,B,1,Z1,Bothriochloa insculpta,7.5,Fenced,C,Moderate,950
2025,B,1,Z3,Cymbopogon excavatus,23.3,Fenced,C,Moderate,4319
2025,B,1,Z3,Hyperrhenia filipendula,19.4,Fenced,C,Moderate,3441
2025,B,1,Z3,Eragrostis superba,23.7,Fenced,C,Moderate,4410
2025,B,1,Z3,Eragrostis gummiflua,0,Fenced,C,Moderate,0
2025,B,1,Z3,Heteropogon contortus,13.9,Fenced,C,Moderate,2243
2025,B,1,Z3,Cymbopogon excavatus,15.1,Fenced,C,Moderate,2499
2025,B,1,Z3,Setaria sphacelata,16,Fenced,C,Moderate,2693
2025,B,1,Z3,NA,15.9,Fenced,C,Moderate,2672
2025,B,1,Z3,Heteropogon contortus,21.8,Fenced,C,Moderate,3979
2025,B,1,Z3,Eragrostis superba,23.2,Fenced,C,Moderate,4296
2025,B,1,Z3,NA,17.8,Fenced,C,Moderate,3087
2025,B,1,Z3,NA,16.6,Fenced,C,Moderate,2824
2025,B,1,Z3,Heteropogon contortus,10.5,Fenced,C,Moderate,1537
2025,B,1,Z3,Cymbopogon excavatus,8.7,Fenced,C,Moderate,1179
2025,B,1,Z3,NA,9.5,Fenced,C,Moderate,1337
2025,B,1,Z3,NA,11.9,Fenced,C,Moderate,1823
2025,B,1,Z3,Heteropogon contortus,23.7,Fenced,C,Moderate,4410
2025,B,1,Z3,Themeda triandra,20.3,Fenced,C,Moderate,3642
2025,B,1,Z3,NA,21.6,Fenced,C,Moderate,3934
2025,B,1,Z3,NA,21,Fenced,C,Moderate,3799
2025,B,1,Z4,Cymbopogon excavatus,1.9,Unfenced,C,Moderate,65
2025,B,1,Z4,Heteropogon contortus,15.3,Unfenced,C,Moderate,2542
2025,B,1,Z4,Eragrostis viscosa,11.6,Unfenced,C,Moderate,1761
2025,B,1,Z4,Setaria sphacelata,10,Unfenced,C,Moderate,1436
2025,B,1,Z4,Bothriochloa insculpta,6.4,Unfenced,C,Moderate,747
2025,B,1,Z4,Melinis repens,9.1,Unfenced,C,Moderate,1258
2025,B,1,Z4,Eragrostis cylindriflora,8.6,Unfenced,C,Moderate,1160
2025,B,1,Z4,Heteropogon contortus,8.9,Unfenced,C,Moderate,1218
2025,B,1,Z4,Bothriochloa insculpta,3.8,Unfenced,C,Moderate,311
2025,B,1,Z4,Heteropogon contortus,6.2,Unfenced,C,Moderate,711
2025,B,1,Z4,Themeda triandra,7.7,Unfenced,C,Moderate,987
2025,B,1,Z4,NA,8,Unfenced,C,Moderate,1044
2025,B,1,Z4,Heteropogon contortus,9.2,Unfenced,C,Moderate,1277
2025,B,1,Z4,Aristida adscensionis,10.8,Unfenced,C,Moderate,1598
2025,B,1,Z4,Eragrostis rigidior,14.9,Unfenced,C,Moderate,2456
2025,B,1,Z4,Eragrostis gummiflua,14.7,Unfenced,C,Moderate,2413
2025,B,1,Z4,Heteropogon contortus,17.1,Unfenced,C,Moderate,2933
2025,B,1,Z4,Eragrostis rigidior,16.3,Unfenced,C,Moderate,2758
2025,B,1,Z4,Eragrostis superba,15.4,Unfenced,C,Moderate,2564
2025,B,1,Z4,NA,13.3,Unfenced,C,Moderate,2116
2025,B,1,Z2,Cymbopogon excavatus,9.6,Unfenced,C,Moderate,1356
2025,B,1,Z2,Heteropogon contortus,11,Unfenced,C,Moderate,1638
2025,B,1,Z2,Digitaria eriantha,10.7,Unfenced,C,Moderate,1577
2025,B,1,Z2,Eragrostis gummiflua,11.7,Unfenced,C,Moderate,1782
2025,B,1,Z2,Themeda triandra,8.9,Unfenced,C,Moderate,1218
2025,B,1,Z2,Bothriochloa insculpta,21.1,Unfenced,C,Moderate,3821
2025,B,1,Z2,Aristida adscensionis,22.2,Unfenced,C,Moderate,4069
2025,B,1,Z2,NA,19.9,Unfenced,C,Moderate,3552
2025,B,1,Z2,Heteropogon contortus,11.8,Unfenced,C,Moderate,1803
2025,B,1,Z2,Bothriochloa insculpta,11.3,Unfenced,C,Moderate,1700
2025,B,1,Z2,Melinis repens,10.5,Unfenced,C,Moderate,1537
2025,B,1,Z2,NA,10,Unfenced,C,Moderate,1436
2025,B,1,Z2,Heteropogon contortus,11.9,Unfenced,C,Moderate,1823
2025,B,1,Z2,Eragrostis rigidior,18.1,Unfenced,C,Moderate,3153
2025,B,1,Z2,Eragrostis superba,13.9,Unfenced,C,Moderate,2243
2025,B,1,Z2,Cymbopogon excavatus,0,Unfenced,C,Moderate,0
2025,B,1,Z2,Melinis repens,5.9,Unfenced,C,Moderate,658
2025,B,1,Z2,Eragrostis rigidior,6.5,Unfenced,C,Moderate,765
2025,B,1,Z2,Bothriochloa insculpta,5.6,Unfenced,C,Moderate,605
2025,B,1,Z2,Cynodon dactylon,5.5,Unfenced,C,Moderate,588
2025,B,2,Z1,Aristida congesta b,7.4,Fenced,F,Moderate,931
2025,B,2,Z1,Melinis repens,8,Fenced,F,Moderate,1044
2025,B,2,Z1,Brachiaria serrata,9.3,Fenced,F,Moderate,1297
2025,B,2,Z1,Cymbopogon plurinodis,10.3,Fenced,F,Moderate,1496
2025,B,2,Z1,Aristida congesta b,19.7,Fenced,F,Moderate,3508
2025,B,2,Z1,Cymbopogon excavatus,20.2,Fenced,F,Moderate,3619
2025,B,2,Z1,Heteropogon contortus,20.8,Fenced,F,Moderate,3754
2025,B,2,Z1,Sporobolus africanus,22.5,Fenced,F,Moderate,4137
2025,B,2,Z1,Aristida congesta b,12.6,Fenced,F,Moderate,1969
2025,B,2,Z1,Cymbopogon excavatus,22.1,Fenced,F,Moderate,4047
2025,B,2,Z1,Cymbopogon plurinodis,20.2,Fenced,F,Moderate,3619
2025,B,2,Z1,Melinis repens,20.8,Fenced,F,Moderate,3754
2025,B,2,Z1,Aristida congesta b,18.5,Fenced,F,Moderate,3241
2025,B,2,Z1,Heteropogon contortus,21.7,Fenced,F,Moderate,3956
2025,B,2,Z1,Cymbopogon plurinodis,19.8,Fenced,F,Moderate,3530
2025,B,2,Z1,Digitaria eriantha,20.1,Fenced,F,Moderate,3597
2025,B,2,Z1,Cymbopogon excavatus,6,Fenced,F,Moderate,675
2025,B,2,Z1,Heteropogon contortus,12,Fenced,F,Moderate,1844
2025,B,2,Z1,Digitaria eriantha,11.4,Fenced,F,Moderate,1720
2025,B,2,Z1,Eragrostis gummiflua,12.3,Fenced,F,Moderate,1906
2025,B,2,Z3,Aristida congesta b,21.3,Fenced,F,Moderate,3866
2025,B,2,Z4,Cymbopogon excavatus,10.5,Unfenced,F,Moderate,1537
2025,B,2,Z4,Heteropogon contortus,15.6,Unfenced,F,Moderate,2607
2025,B,2,Z4,NA,12.9,Unfenced,F,Moderate,2032
2025,B,2,Z4,NA,13.7,Unfenced,F,Moderate,2200
2025,B,2,Z4,Heteropogon contortus,0,Unfenced,F,Moderate,0
2025,B,2,Z4,NA,0,Unfenced,F,Moderate,0
2025,B,2,Z4,NA,0,Unfenced,F,Moderate,0
2025,B,2,Z4,NA,0,Unfenced,F,Moderate,0
2025,B,2,Z4,Cymbopogon excavatus,16.7,Unfenced,F,Moderate,2846
2025,B,2,Z4,Setaria pumila,16.2,Unfenced,F,Moderate,2737
2025,B,2,Z4,Aristida adscensionis,13.6,Unfenced,F,Moderate,2179
2025,B,2,Z4,Eragrostis superba,11.6,Unfenced,F,Moderate,1761
2025,B,2,Z4,Heteropogon contortus,15.1,Unfenced,F,Moderate,2499
2025,B,2,Z4,Aristida congesta b,11.6,Unfenced,F,Moderate,1761
2025,B,2,Z4,NA,12.1,Unfenced,F,Moderate,1865
2025,B,2,Z4,NA,11.6,Unfenced,F,Moderate,1761
2025,B,2,Z4,Cymbopogon excavatus,16.9,Unfenced,F,Moderate,2889
2025,B,2,Z4,Setaria incrassata,18.3,Unfenced,F,Moderate,3197
2025,B,2,Z4,Heteropogon contortus,18.2,Unfenced,F,Moderate,3175
2025,B,2,Z4,NA,16.1,Unfenced,F,Moderate,2715
2025,B,2,Z2,Bothriochloa insculpta,9.8,Unfenced,F,Moderate,1396
2025,B,2,Z2,Heteropogon contortus,8,Unfenced,F,Moderate,1044
2025,B,2,Z2,Eragrostis gummiflua,9.5,Unfenced,F,Moderate,1337
2025,B,2,Z2,NA,10.1,Unfenced,F,Moderate,1456
2025,B,2,Z2,Heteropogon contortus,4.6,Unfenced,F,Moderate,436
2025,B,2,Z2,Eragrostis superba,5.4,Unfenced,F,Moderate,570
2025,B,2,Z2,Eragrostis gummiflua,6.6,Unfenced,F,Moderate,783
2025,B,2,Z2,NA,7,Unfenced,F,Moderate,856
2025,B,2,Z2,Hyperrhenia filipendula,23.2,Unfenced,F,Moderate,4296
2025,B,2,Z2,Digitaria eriantha,4.6,Unfenced,F,Moderate,436
2025,B,2,Z2,Cymbopogon excavatus,5,Unfenced,F,Moderate,503
2025,B,2,Z2,Pogonarthria squarrosa,4.3,Unfenced,F,Moderate,388
2025,B,2,Z2,Heteropogon contortus,0,Unfenced,F,Moderate,0
2025,B,2,Z2,NA,5.6,Unfenced,F,Moderate,605
2025,B,2,Z2,NA,4.8,Unfenced,F,Moderate,469
2025,B,2,Z2,NA,12.1,Unfenced,F,Moderate,1865
2025,B,2,Z2,Cymbopogon excavatus,18.4,Unfenced,F,Moderate,3219
2025,B,2,Z2,Heteropogon contortus,20.5,Unfenced,F,Moderate,3686
2025,B,2,Z2,Brachiaria nigropedata,14.4,Unfenced,F,Moderate,2349
2025,B,2,Z2,Eragrostis gummiflua,15.9,Unfenced,F,Moderate,2672
2025,C,1,Z2,Pogonarthria squarrosa,30.6,Fenced,C,High,6006
2025,C,1,Z2,Heteropogon contortus,21.3,Fenced,C,High,3866
2025,C,1,Z2,NA,17.2,Fenced,C,High,2955
2025,C,1,Z2,NA,15.3,Fenced,C,High,2542
2025,C,1,Z2,Hyperrhenia filipendula,5.2,Fenced,C,High,536
2025,C,1,Z2,Pogonarthria squarrosa,4.8,Fenced,C,High,469
2025,C,1,Z2,NA,5.3,Fenced,C,High,553
2025,C,1,Z2,NA,5.2,Fenced,C,High,536
2025,C,1,Z2,Pogonarthria squarrosa,4.1,Fenced,C,High,357
2025,C,1,Z2,Eragrostis gummiflua,2.9,Fenced,C,High,182
2025,C,1,Z2,Setaria incrassata,2.8,Fenced,C,High,169
2025,C,1,Z2,NA,4.1,Fenced,C,High,357
2025,C,1,Z2,Setaria incrassata,11.2,Fenced,C,High,1679
2025,C,1,Z2,Heteropogon contortus,12.4,Fenced,C,High,1927
2025,C,1,Z2,Digitaria eriantha,12.1,Fenced,C,High,1865
2025,C,1,Z2,NA,8.4,Fenced,C,High,1121
2025,C,1,Z2,Setaria incrassata,4,Fenced,C,High,341
2025,C,1,Z2,NA,4.5,Fenced,C,High,420
2025,C,1,Z2,NA,3.6,Fenced,C,High,281
2025,C,1,Z2,NA,3.6,Fenced,C,High,281
2025,C,1,Z1,Brachiaria nigropedata,5.2,Fenced,C,High,536
2025,C,1,Z1,Panicum maximum,5.2,Fenced,C,High,536
2025,C,1,Z1,NA,4.8,Fenced,C,High,469
2025,C,1,Z1,NA,5.2,Fenced,C,High,536
2025,C,1,Z1,Pogonarthria squarrosa,1.7,Fenced,C,High,47
2025,C,1,Z1,NA,1.7,Fenced,C,High,47
2025,C,1,Z1,NA,1.7,Fenced,C,High,47
2025,C,1,Z1,NA,1.7,Fenced,C,High,47
2025,C,1,Z1,Pogonarthria squarrosa,16.3,Fenced,C,High,2758
2025,C,1,Z1,Digitaria eriantha,13.1,Fenced,C,High,2074
2025,C,1,Z1,NA,10.8,Fenced,C,High,1598
2025,C,1,Z1,NA,9.4,Fenced,C,High,1317
2025,C,1,Z1,Setaria incrassata,6.8,Fenced,C,High,820
2025,C,1,Z1,Digitaria eriantha,6,Fenced,C,High,675
2025,C,1,Z1,Pogonarthria squarrosa,5,Fenced,C,High,503
2025,C,1,Z1,Heteropogon contortus,4.7,Fenced,C,High,453
2025,C,1,Z1,Setaria incrassata,4,Fenced,C,High,341
2025,C,1,Z1,Melinis repens,5.3,Fenced,C,High,553
2025,C,1,Z1,Heteropogon contortus,4.5,Fenced,C,High,420
2025,C,1,Z1,NA,5.2,Fenced,C,High,536
2025,C,1,Z3,Aristida adscensionis,4.3,Unfenced,C,High,388
2025,C,1,Z3,Digitaria eriantha,4.2,Unfenced,C,High,372
2025,C,1,Z3,Pogonarthria squarrosa,4.2,Unfenced,C,High,372
2025,C,1,Z3,Heteropogon contortus,4.7,Unfenced,C,High,453
2025,C,1,Z3,Setaria incrassata,2.2,Unfenced,C,High,97
2025,C,1,Z3,Eragrostis gummiflua,2.2,Unfenced,C,High,97
2025,C,1,Z3,NA,2.2,Unfenced,C,High,97
2025,C,1,Z3,NA,0,Unfenced,C,High,0
2025,C,1,Z3,Heteropogon contortus,5.2,Unfenced,C,High,536
2025,C,1,Z3,Setaria incrassata,6.5,Unfenced,C,High,765
2025,C,1,Z3,Digitaria velutina,6.7,Unfenced,C,High,801
2025,C,1,Z3,NA,6.7,Unfenced,C,High,801
2025,C,1,Z3,Digitaria eriantha,2.7,Unfenced,C,High,156
2025,C,1,Z3,Panicum maximum,3.5,Unfenced,C,High,266
2025,C,1,Z3,Eragrostis gummiflua,3.5,Unfenced,C,High,266
2025,C,1,Z3,Pogonarthria squarrosa,3.3,Unfenced,C,High,237
2025,C,1,Z3,NA,2.2,Unfenced,C,High,97
2025,C,1,Z3,Aristida adscensionis,1.8,Unfenced,C,High,56
2025,C,1,Z3,Setaria incrassata,1.8,Unfenced,C,High,56
2025,C,1,Z3,NA,1.8,Unfenced,C,High,56
2025,C,1,Z4,Setaria incrassata,3.8,Unfenced,C,High,311
2025,C,1,Z4,Digitaria eriantha,3.7,Unfenced,C,High,296
2025,C,1,Z4,NA,3.6,Unfenced,C,High,281
2025,C,1,Z4,NA,5.4,Unfenced,C,High,570
2025,C,1,Z4,Aristida adscensionis,4.7,Unfenced,C,High,453
2025,C,1,Z4,Setaria incrassata,4.4,Unfenced,C,High,404
2025,C,1,Z4,Eragrostis gummiflua,4,Unfenced,C,High,341
2025,C,1,Z4,Pogonarthria squarrosa,3.8,Unfenced,C,High,311
2025,C,1,Z4,Heteropogon contortus,5.8,Unfenced,C,High,640
2025,C,1,Z4,Digitaria eriantha,2.7,Unfenced,C,High,156
2025,C,1,Z4,NA,4.5,Unfenced,C,High,420
2025,C,1,Z4,NA,4.5,Unfenced,C,High,420
2025,C,1,Z4,Panicum maximum,8.6,Unfenced,C,High,1160
2025,C,1,Z4,Heteropogon contortus,7.8,Unfenced,C,High,1006
2025,C,1,Z4,NA,8,Unfenced,C,High,1044
2025,C,1,Z4,NA,9.8,Unfenced,C,High,1396
2025,C,1,Z4,Panicum maximum,2.4,Unfenced,C,High,120
2025,C,1,Z4,Aristida adscensionis,2.5,Unfenced,C,High,132
2025,C,1,Z4,Digitaria eriantha,0,Unfenced,C,High,0
2025,C,1,Z4,Setaria incrassata,2.5,Unfenced,C,High,132
2025,C,2,Z3,Panicum maximum,19.7,Fenced,TFB,High,3508
2025,C,2,Z3,NA,80.8,Fenced,TFB,High,18299
2025,C,2,Z3,NA,67.4,Fenced,TFB,High,14946
2025,C,2,Z3,NA,40.2,Fenced,TFB,High,8283
2025,C,2,Z3,Panicum maximum,21.9,Fenced,TFB,High,4001
2025,C,2,Z3,NA,22.6,Fenced,TFB,High,4160
2025,C,2,Z3,NA,14.8,Fenced,TFB,High,2435
2025,C,2,Z3,NA,17,Fenced,TFB,High,2911
2025,C,2,Z3,Digitaria eriantha,11.1,Fenced,TFB,High,1659
2025,C,2,Z3,Heteropogon contortus,7.4,Fenced,TFB,High,931
2025,C,2,Z3,NA,6.8,Fenced,TFB,High,820
2025,C,2,Z3,NA,7.4,Fenced,TFB,High,931
2025,C,2,Z3,Eragrostis rigidior,4.1,Fenced,TFB,High,357
2025,C,2,Z3,Eragrostis gummiflua,6.1,Fenced,TFB,High,693
2025,C,2,Z3,Digitaria eriantha,4.9,Fenced,TFB,High,486
2025,C,2,Z3,NA,4.2,Fenced,TFB,High,372
2025,C,2,Z3,Eragrostis rigidior,4.5,Fenced,TFB,High,420
2025,C,2,Z3,Eragrostis gummiflua,4.9,Fenced,TFB,High,486
2025,C,2,Z3,Digitaria velutina,4.6,Fenced,TFB,High,436
2025,C,2,Z3,NA,4.5,Fenced,TFB,High,420
2025,C,2,Z1,Setaria incrassata,4.5,Fenced,TFB,High,420
2025,C,2,Z1,Panicum maximum,6.1,Fenced,TFB,High,693
2025,C,2,Z1,NA,5.1,Fenced,TFB,High,519
2025,C,2,Z1,NA,5.1,Fenced,TFB,High,519
2025,C,2,Z1,Eragrostis curvula,12,Fenced,TFB,High,1844
2025,C,2,Z1,Panicum maximum,7.3,Fenced,TFB,High,912
2025,C,2,Z1,NA,5.4,Fenced,TFB,High,570
2025,C,2,Z1,NA,4.9,Fenced,TFB,High,486
2025,C,2,Z1,Eragrostis viscosa,8,Fenced,TFB,High,1044
2025,C,2,Z1,Digitaria eriantha,9.3,Fenced,TFB,High,1297
2025,C,2,Z1,Eragrostis gummiflua,7.7,Fenced,TFB,High,987
2025,C,2,Z1,NA,7.2,Fenced,TFB,High,894
2025,C,2,Z1,Panicum maximum,6.3,Fenced,TFB,High,729
2025,C,2,Z1,NA,6.1,Fenced,TFB,High,693
2025,C,2,Z1,NA,7.9,Fenced,TFB,High,1025
2025,C,2,Z1,NA,8.2,Fenced,TFB,High,1083
2025,C,2,Z1,Panicum maximum,7,Fenced,TFB,High,856
2025,C,2,Z1,Digitaria velutina,6.3,Fenced,TFB,High,729
2025,C,2,Z1,NA,5.8,Fenced,TFB,High,640
2025,C,2,Z1,NA,5.4,Fenced,TFB,High,570
2025,C,2,Z2,Panicum maximum,20,Unfenced,TFB,High,3575
2025,C,2,Z2,Setaria incrassata,18.8,Unfenced,TFB,High,3307
2025,C,2,Z2,NA,17.1,Unfenced,TFB,High,2933
2025,C,2,Z2,NA,22.5,Unfenced,TFB,High,4137
2025,C,2,Z2,Eragrostis rigidior,7,Unfenced,TFB,High,856
2025,C,2,Z2,Brachiaria brizantha,6.2,Unfenced,TFB,High,711
2025,C,2,Z2,NA,6.2,Unfenced,TFB,High,711
2025,C,2,Z2,NA,6.2,Unfenced,TFB,High,711
2025,C,2,Z2,Panicum maximum,14,Unfenced,TFB,High,2264
2025,C,2,Z2,Digitaria velutina,12.8,Unfenced,TFB,High,2011
2025,C,2,Z2,Aristida adscensionis,11.7,Unfenced,TFB,High,1782
2025,C,2,Z2,NA,10,Unfenced,TFB,High,1436
2025,C,2,Z2,Heteropogon contortus,9.8,Unfenced,TFB,High,1396
2025,C,2,Z2,Panicum maximum,6.5,Unfenced,TFB,High,765
2025,C,2,Z2,Digitaria velutina,5.2,Unfenced,TFB,High,536
2025,C,2,Z2,Eragrostis gummiflua,6.2,Unfenced,TFB,High,711
2025,C,2,Z2,Panicum maximum,6.5,Unfenced,TFB,High,765
2025,C,2,Z2,Eragrostis gummiflua,6,Unfenced,TFB,High,675
2025,C,2,Z2,NA,6.4,Unfenced,TFB,High,747
2025,C,2,Z2,NA,6.7,Unfenced,TFB,High,801
2025,C,2,Z4,Panicum maximum,17.5,Unfenced,TFB,High,3021
2025,C,2,Z4,NA,15.7,Unfenced,TFB,High,2628
2025,C,2,Z4,NA,13.8,Unfenced,TFB,High,2221
2025,C,2,Z4,NA,13.3,Unfenced,TFB,High,2116
2025,C,2,Z4,Eragrostis rigidior,15.2,Unfenced,TFB,High,2520
2025,C,2,Z4,Brachiaria brizantha,8.9,Unfenced,TFB,High,1218
2025,C,2,Z4,NA,14.3,Unfenced,TFB,High,2328
2025,C,2,Z4,NA,11.3,Unfenced,TFB,High,1700
2025,C,2,Z4,Panicum maximum,9.9,Unfenced,TFB,High,1416
2025,C,2,Z4,Dactyloctenium giganteum,9.2,Unfenced,TFB,High,1277
2025,C,2,Z4,NA,12,Unfenced,TFB,High,1844
2025,C,2,Z4,NA,12.1,Unfenced,TFB,High,1865
2025,C,2,Z4,Brachiaria nigropedata,2.7,Unfenced,TFB,High,156
2025,C,2,Z4,Panicum maximum,3.9,Unfenced,TFB,High,326
2025,C,2,Z4,NA,5.5,Unfenced,TFB,High,588
2025,C,2,Z4,NA,5.3,Unfenced,TFB,High,553
2025,C,2,Z4,Setaria incrassata,9.3,Unfenced,TFB,High,1297
2025,C,2,Z4,Digitaria velutina,18.7,Unfenced,TFB,High,3285
2025,C,2,Z4,NA,13.4,Unfenced,TFB,High,2137
2025,C,2,Z4,NA,11.9,Unfenced,TFB,High,1823
2025,C,4,Z3,Pogonarthria squarrosa,5.8,Unfenced,F,High,640
2025,C,4,Z3,Eragrostis rigidior,10.6,Unfenced,F,High,1557
2025,C,4,Z3,Heteropogon contortus,8.5,Unfenced,F,High,1141
2025,C,4,Z3,Hyperrhenia filipendula,8.6,Unfenced,F,High,1160
2025,C,4,Z3,Panicum maximum,5.7,Unfenced,F,High,622
2025,C,4,Z3,Digitaria velutina,5.8,Unfenced,F,High,640
2025,C,4,Z3,NA,5.7,Unfenced,F,High,622
2025,C,4,Z3,NA,5.2,Unfenced,F,High,536
2025,C,4,Z3,Heteropogon contortus,10.5,Unfenced,F,High,1537
2025,C,4,Z3,Pogonarthria squarrosa,12,Unfenced,F,High,1844
2025,C,4,Z3,Eragrostis gummiflua,11.4,Unfenced,F,High,1720
2025,C,4,Z3,Melinis repens,10.4,Unfenced,F,High,1517
2025,C,4,Z3,Aristida adscensionis,5,Unfenced,F,High,503
2025,C,4,Z3,Eragrostis gummiflua,3.9,Unfenced,F,High,326
2025,C,4,Z3,NA,3.3,Unfenced,F,High,237
2025,C,4,Z3,NA,3.3,Unfenced,F,High,237
2025,C,4,Z3,Brachiaria brizantha,10.9,Unfenced,F,High,1618
2025,C,4,Z3,Setaria incrassata,11.2,Unfenced,F,High,1679
2025,C,4,Z3,Digitaria velutina,9.1,Unfenced,F,High,1258
2025,C,4,Z3,NA,7.6,Unfenced,F,High,968
2025,C,4,Z4,Pogonarthria squarrosa,8.4,Unfenced,F,High,1121
2025,C,4,Z4,Hyperrhenia filipendula,11,Unfenced,F,High,1638
2025,C,4,Z4,Eragrostis superba,11.1,Unfenced,F,High,1659
2025,C,4,Z4,Eragrostis gummiflua,11.5,Unfenced,F,High,1741
2025,C,4,Z4,Hyperthelia dissoluta,5,Unfenced,F,High,503
2025,C,4,Z4,Pogonarthria squarrosa,6.1,Unfenced,F,High,693
2025,C,4,Z4,Aristida adscensionis,24.3,Unfenced,F,High,4547
2025,C,4,Z4,Heteropogon contortus,21.4,Unfenced,F,High,3889
2025,C,4,Z4,Aristida adscensionis,15,Unfenced,F,High,2477
2025,C,4,Z4,Pogonarthria squarrosa,0,Unfenced,F,High,0
2025,C,4,Z4,Diheteropogon amplectens,8.9,Unfenced,F,High,1218
2025,C,4,Z4,Brachiaria nigropedata,9.2,Unfenced,F,High,1277
2025,C,4,Z4,Aristida adscensionis,2.3,Unfenced,F,High,108
2025,C,4,Z4,Panicum maximum,4.3,Unfenced,F,High,388
2025,C,4,Z4,Heteropogon contortus,5,Unfenced,F,High,503
2025,C,4,Z4,Eragrostis gummiflua,5.5,Unfenced,F,High,588
2025,C,4,Z4,Brachiaria brizantha,1.6,Unfenced,F,High,38
2025,C,4,Z4,Brachiaria nigropedata,8.5,Unfenced,F,High,1141
2025,C,4,Z4,NA,7.2,Unfenced,F,High,894
2025,C,4,Z4,NA,6.6,Unfenced,F,High,783
2025,C,4,Z2,Brachiaria brizantha,11,Fenced,F,High,1638
2025,C,4,Z2,Pogonarthria squarrosa,6.6,Fenced,F,High,783
2025,C,4,Z2,Eragrostis gummiflua,8.2,Fenced,F,High,1083
2025,C,4,Z2,Melinis repens,9.8,Fenced,F,High,1396
2025,C,4,Z2,Pogonarthria squarrosa,2.1,Fenced,F,High,86
2025,C,4,Z2,Heteropogon contortus,8.6,Fenced,F,High,1160
2025,C,4,Z2,Eragrostis rigidior,10.8,Fenced,F,High,1598
2025,C,4,Z2,Brachiaria brizantha,13.2,Fenced,F,High,2095
2025,C,4,Z2,Aristida adscensionis,12.6,Fenced,F,High,1969
2025,C,4,Z2,Heteropogon contortus,12.2,Fenced,F,High,1885
2025,C,4,Z2,Brachiaria brizantha,6.7,Fenced,F,High,801
2025,C,4,Z2,NA,6.6,Fenced,F,High,783
2025,C,4,Z2,Heteropogon contortus,18.6,Fenced,F,High,3263
2025,C,4,Z2,Panicum maximum,15.1,Fenced,F,High,2499
2025,C,4,Z2,Brachiaria serrata,14.1,Fenced,F,High,2285
2025,C,4,Z2,Digitaria eriantha,14.4,Fenced,F,High,2349
2025,C,4,Z2,Heteropogon contortus,17.7,Fenced,F,High,3065
2025,C,4,Z2,Setaria incrassata,19.4,Fenced,F,High,3441
2025,C,4,Z2,Panicum maximum,17.8,Fenced,F,High,3087
2025,C,4,Z2,Digitaria velutina,15.6,Fenced,F,High,2607
2025,C,4,Z1,Heteropogon contortus,14.6,Fenced,F,High,2392
2025,C,4,Z1,Pogonarthria squarrosa,19.7,Fenced,F,High,3508
2025,C,4,Z1,Melinis repens,20,Fenced,F,High,3575
2025,C,4,Z1,Eragrostis gummiflua,17.6,Fenced,F,High,3043
2025,C,4,Z1,Heteropogon contortus,2.5,Fenced,F,High,132
2025,C,4,Z1,Aristida adscensionis,2.5,Fenced,F,High,132
2025,C,4,Z1,NA,2.5,Fenced,F,High,132
2025,C,4,Z1,NA,2.5,Fenced,F,High,132
2025,C,4,Z1,Brachiaria brizantha,30.9,Fenced,F,High,6076
2025,C,4,Z1,Eragrostis rigidior,32.4,Fenced,F,High,6428
2025,C,4,Z1,Pogonarthria squarrosa,27.8,Fenced,F,High,5353
2025,C,4,Z1,Eragrostis gummiflua,25.1,Fenced,F,High,4730
2025,C,4,Z1,Pogonarthria squarrosa,4.1,Fenced,F,High,357
2025,C,4,Z1,Heteropogon contortus,4.4,Fenced,F,High,404
2025,C,4,Z1,Brachiaria serrata,6.5,Fenced,F,High,765
2025,C,4,Z1,NA,6.6,Fenced,F,High,783
2025,C,4,Z1,Digitaria eriantha,8.3,Fenced,F,High,1102
2025,C,4,Z1,Eragrostis rigidior,4.3,Fenced,F,High,388
2025,C,4,Z1,NA,3.9,Fenced,F,High,326
2025,C,4,Z1,NA,20.3,Fenced,F,High,3642
2025,C,5,Z1,Pogonarthria squarrosa,13.4,Fenced,THF,High,2137
2025,C,5,Z1,Digitaria eriantha,15,Fenced,THF,High,2477
2025,C,5,Z1,Heteropogon contortus,15.1,Fenced,THF,High,2499
2025,C,5,Z1,NA,15.1,Fenced,THF,High,2499
2025,C,5,Z1,Heteropogon contortus,19,Fenced,THF,High,3352
2025,C,5,Z1,Digitaria eriantha,17.3,Fenced,THF,High,2977
2025,C,5,Z1,Melinis repens,17.8,Fenced,THF,High,3087
2025,C,5,Z1,Eragrostis rigidior,17.7,Fenced,THF,High,3065
2025,C,5,Z1,Digitaria eriantha,10.1,Fenced,THF,High,1456
2025,C,5,Z1,Eragrostis viscosa,11.2,Fenced,THF,High,1679
2025,C,5,Z1,Eragrostis gummiflua,10,Fenced,THF,High,1436
2025,C,5,Z1,NA,9.8,Fenced,THF,High,1396
2025,C,5,Z1,Panicum maximum,5.4,Fenced,THF,High,570
2025,C,5,Z1,Digitaria velutina,4.6,Fenced,THF,High,436
2025,C,5,Z1,NA,6.5,Fenced,THF,High,765
2025,C,5,Z1,NA,2.3,Fenced,THF,High,108
2025,C,5,Z1,Panicum maximum,10,Fenced,THF,High,1436
2025,C,5,Z1,Melinis repens,11.2,Fenced,THF,High,1679
2025,C,5,Z1,Digitaria velutina,12.6,Fenced,THF,High,1969
2025,C,5,Z1,Brachiaria brizantha,12.9,Fenced,THF,High,2032
2025,C,5,Z2,Pogonarthria squarrosa,24.6,Fenced,THF,High,4616
2025,C,5,Z2,Melinis repens,26.2,Fenced,THF,High,4983
2025,C,5,Z2,Andropogon eucomus,24.7,Fenced,THF,High,4639
2025,C,5,Z2,Heteropogon contortus,23.2,Fenced,THF,High,4296
2025,C,5,Z2,Pogonarthria squarrosa,10,Fenced,THF,High,1436
2025,C,5,Z2,Eragrostis rigidior,14.6,Fenced,THF,High,2392
2025,C,5,Z2,Heteropogon contortus,18.1,Fenced,THF,High,3153
2025,C,5,Z2,Digitaria eriantha,14.7,Fenced,THF,High,2413
2025,C,5,Z2,Panicum maximum,6.5,Fenced,THF,High,765
2025,C,5,Z2,Digitaria velutina,6,Fenced,THF,High,675
2025,C,5,Z2,NA,5.5,Fenced,THF,High,588
2025,C,5,Z2,NA,4.8,Fenced,THF,High,469
2025,C,5,Z2,Panicum maximum,2.5,Fenced,THF,High,132
2025,C,5,Z2,Digitaria velutina,2.5,Fenced,THF,High,132
2025,C,5,Z2,Heteropogon contortus,8.1,Fenced,THF,High,1064
2025,C,5,Z2,NA,7.1,Fenced,THF,High,875
2025,C,5,Z2,Panicum maximum,15.3,Fenced,THF,High,2542
2025,C,5,Z2,Digitaria velutina,15.4,Fenced,THF,High,2564
2025,C,5,Z2,NA,13.3,Fenced,THF,High,2116
2025,C,5,Z2,NA,0,Fenced,THF,High,0
2025,C,5,Z4,Digitaria eriantha,10.1,Unfenced,THF,High,1456
2025,C,5,Z4,Brachiaria brizantha,12,Unfenced,THF,High,1844
2025,C,5,Z4,Eragrostis gummiflua,9.6,Unfenced,THF,High,1356
2025,C,5,Z4,NA,9,Unfenced,THF,High,1238
2025,C,5,Z4,Heteropogon contortus,2.6,Unfenced,THF,High,144
2025,C,5,Z4,Aristida adscensionis,5.4,Unfenced,THF,High,570
2025,C,5,Z4,Eragrostis gummiflua,4.8,Unfenced,THF,High,469
2025,C,5,Z4,Brachiaria nigropedata,6.4,Unfenced,THF,High,747
2025,C,5,Z4,Aristida adscensionis,7.3,Unfenced,THF,High,912
2025,C,5,Z4,Digitaria eriantha,10.5,Unfenced,THF,High,1537
2025,C,5,Z4,Heteropogon contortus,10,Unfenced,THF,High,1436
2025,C,5,Z4,NA,10.5,Unfenced,THF,High,1537
2025,C,5,Z4,Eragrostis superba,8.9,Unfenced,THF,High,1218
2025,C,5,Z4,Aristida adscensionis,9.8,Unfenced,THF,High,1396
2025,C,5,Z4,Pogonarthria squarrosa,10.9,Unfenced,THF,High,1618
2025,C,5,Z4,Heteropogon contortus,12.3,Unfenced,THF,High,1906
2025,C,5,Z4,Panicum maximum,4.5,Unfenced,THF,High,420
2025,C,5,Z4,Digitaria velutina,4.6,Unfenced,THF,High,436
2025,C,5,Z4,NA,5.9,Unfenced,THF,High,658
2025,C,5,Z4,NA,5.7,Unfenced,THF,High,622
2025,C,5,Z3,Brachiaria nigropedata,17.7,Unfenced,THF,High,3065
2025,C,5,Z3,Pogonarthria squarrosa,15.5,Unfenced,THF,High,2585
2025,C,5,Z3,Eragrostis gummiflua,23.5,Unfenced,THF,High,4364
2025,C,5,Z3,Eragrostis viscosa,22.4,Unfenced,THF,High,4115
2025,C,5,Z3,Heteropogon contortus,9.1,Unfenced,THF,High,1258
2025,C,5,Z3,Digitaria velutina,7.4,Unfenced,THF,High,931
2025,C,5,Z3,Brachiaria nigropedata,8.5,Unfenced,THF,High,1141
2025,C,5,Z3,Eragrostis rigidior,10.9,Unfenced,THF,High,1618
2025,C,5,Z3,Panicum maximum,8.7,Unfenced,THF,High,1179
2025,C,5,Z3,Digitaria velutina,6.3,Unfenced,THF,High,729
2025,C,5,Z3,NA,7.3,Unfenced,THF,High,912
2025,C,5,Z3,NA,7.3,Unfenced,THF,High,912
2025,C,5,Z3,Panicum maximum,13.7,Unfenced,THF,High,2200
2025,C,5,Z3,Digitaria velutina,11.9,Unfenced,THF,High,1823
2025,C,5,Z3,NA,12.1,Unfenced,THF,High,1865
2025,C,5,Z3,NA,13.7,Unfenced,THF,High,2200
2025,C,5,Z3,Brachiaria brizantha,0,Unfenced,THF,High,0
2025,C,5,Z3,Digitaria velutina,0,Unfenced,THF,High,0
2025,C,5,Z3,NA,4.4,Unfenced,THF,High,404
2025,C,5,Z3,NA,10.3,Unfenced,THF,High,1496
2025,C,3,Z3,Hyperthelia dissoluta,8.7,Unfenced,TF,High,1179
2025,C,3,Z3,Heteropogon contortus,11.1,Unfenced,TF,High,1659
2025,C,3,Z3,Melinis repens,14.2,Unfenced,TF,High,2306
2025,C,3,Z3,Eragrostis viscosa,10.2,Unfenced,TF,High,1476
2025,C,3,Z3,Heteropogon contortus,4.7,Unfenced,TF,High,453
2025,C,3,Z3,Pogonarthria squarrosa,6.7,Unfenced,TF,High,801
2025,C,3,Z3,Digitaria eriantha,4.9,Unfenced,TF,High,486
2025,C,3,Z3,NA,0,Unfenced,TF,High,0
2025,C,3,Z3,Aristida adscensionis,3,Unfenced,TF,High,196
2025,C,3,Z3,Cynodon dactylon,4.1,Unfenced,TF,High,357
2025,C,3,Z3,Setaria incrassata,5.6,Unfenced,TF,High,605
2025,C,3,Z3,Pogonarthria squarrosa,4.3,Unfenced,TF,High,388
2025,C,3,Z3,Heteropogon contortus,4.3,Unfenced,TF,High,388
2025,C,3,Z3,Pogonarthria squarrosa,4.2,Unfenced,TF,High,372
2025,C,3,Z3,Aristida adscensionis,4.2,Unfenced,TF,High,372
2025,C,3,Z3,Eragrostis rigidior,7.1,Unfenced,TF,High,875
2025,C,3,Z3,Pogonarthria squarrosa,4.5,Unfenced,TF,High,420
2025,C,3,Z3,Eragrostis rigidior,7.1,Unfenced,TF,High,875
2025,C,3,Z3,Eragrostis gummiflua,6.8,Unfenced,TF,High,820
2025,C,3,Z3,Digitaria eriantha,6.9,Unfenced,TF,High,838
2025,C,3,Z4,Hyperthelia dissoluta,6.8,Unfenced,TF,High,820
2025,C,3,Z4,Eragrostis gummiflua,4.7,Unfenced,TF,High,453
2025,C,3,Z4,Pogonarthria squarrosa,6.5,Unfenced,TF,High,765
2025,C,3,Z4,Eragrostis rigidior,6.3,Unfenced,TF,High,729
2025,C,3,Z4,Digitaria eriantha,5.6,Unfenced,TF,High,605
2025,C,3,Z4,Pogonarthria squarrosa,5.6,Unfenced,TF,High,605
2025,C,3,Z4,NA,5.4,Unfenced,TF,High,570
2025,C,3,Z4,NA,5.1,Unfenced,TF,High,519
2025,C,3,Z4,Pogonarthria squarrosa,10.3,Unfenced,TF,High,1496
2025,C,3,Z4,Brachiaria brizantha,8.4,Unfenced,TF,High,1121
2025,C,3,Z4,Digitaria eriantha,8.1,Unfenced,TF,High,1064
2025,C,3,Z4,Eragrostis rigidior,7.7,Unfenced,TF,High,987
2025,C,3,Z4,Eragrostis rigidior,6.6,Unfenced,TF,High,783
2025,C,3,Z4,Pogonarthria squarrosa,6.4,Unfenced,TF,High,747
2025,C,3,Z4,Digitaria eriantha,6.8,Unfenced,TF,High,820
2025,C,3,Z4,NA,7.2,Unfenced,TF,High,894
2025,C,3,Z4,Heteropogon contortus,15.9,Unfenced,TF,High,2672
2025,C,3,Z4,Aristida adscensionis,14.4,Unfenced,TF,High,2349
2025,C,3,Z4,Digitaria eriantha,22.6,Unfenced,TF,High,4160
2025,C,3,Z4,Pogonarthria squarrosa,20.1,Unfenced,TF,High,3597
2025,C,3,Z1,Eragrostis gummiflua,6.3,Fenced,TF,High,729
2025,C,3,Z1,Eragrostis superba,7.1,Fenced,TF,High,875
2025,C,3,Z1,Pogonarthria squarrosa,9.2,Fenced,TF,High,1277
2025,C,3,Z1,Panicum maximum,10.7,Fenced,TF,High,1577
2025,C,3,Z1,Digitaria eriantha,9.1,Fenced,TF,High,1258
2025,C,3,Z1,NA,7.9,Fenced,TF,High,1025
2025,C,3,Z1,NA,6.8,Fenced,TF,High,820
2025,C,3,Z1,NA,7.3,Fenced,TF,High,912
2025,C,3,Z1,Heteropogon contortus,12.8,Fenced,TF,High,2011
2025,C,3,Z1,Panicum maximum,9.5,Fenced,TF,High,1337
2025,C,3,Z1,NA,13.1,Fenced,TF,High,2074
2025,C,3,Z1,NA,31,Fenced,TF,High,6099
2025,C,3,Z1,Digitaria velutina,20.7,Fenced,TF,High,3731
2025,C,3,Z1,Heteropogon contortus,17.1,Fenced,TF,High,2933
2025,C,3,Z1,Panicum maximum,14.7,Fenced,TF,High,2413
2025,C,3,Z1,NA,13.3,Fenced,TF,High,2116
2025,C,3,Z1,Brachiaria brizantha,12.8,Fenced,TF,High,2011
2025,C,3,Z1,Heteropogon contortus,19,Fenced,TF,High,3352
2025,C,3,Z1,Eragrostis viscosa,15.8,Fenced,TF,High,2650
2025,C,3,Z1,Brachiaria serrata,14.5,Fenced,TF,High,2370
2025,C,3,Z2,Digitaria eriantha,18.1,Fenced,TF,High,3153
2025,C,3,Z2,Melinis repens,21.1,Fenced,TF,High,3821
2025,C,3,Z2,NA,17.3,Fenced,TF,High,2977
2025,C,3,Z2,NA,15,Fenced,TF,High,2477
2025,C,3,Z2,Heteropogon contortus,16,Fenced,TF,High,2693
2025,C,3,Z2,Pogonarthria squarrosa,14.4,Fenced,TF,High,2349
2025,C,3,Z2,Digitaria velutina,16.2,Fenced,TF,High,2737
2025,C,3,Z2,NA,17.2,Fenced,TF,High,2955
2025,C,3,Z2,Brachiaria brizantha,5.5,Fenced,TF,High,588
2025,C,3,Z2,Brachiaria serrata,4.3,Fenced,TF,High,388
2025,C,3,Z2,NA,0,Fenced,TF,High,0
2025,C,3,Z2,NA,0,Fenced,TF,High,0
2025,C,3,Z2,Heteropogon contortus,13.6,Fenced,TF,High,2179
2025,C,3,Z2,Pogonarthria squarrosa,22.9,Fenced,TF,High,4228
2025,C,3,Z2,Brachiaria brizantha,20.4,Fenced,TF,High,3664
2025,C,3,Z2,Aristida adscensionis,20.8,Fenced,TF,High,3754
2025,C,3,Z2,Panicum maximum,4.5,Fenced,TF,High,420
2025,C,3,Z2,Heteropogon contortus,4.7,Fenced,TF,High,453
2025,C,3,Z2,NA,4,Fenced,TF,High,341
2025,C,3,Z2,NA,4.2,Fenced,TF,High,372
2025,B,2,Z3,Heteropogon contortus,17.8,Fenced,F,Moderate,3087
2025,B,2,Z3,Melinis repens,14,Fenced,F,Moderate,2264
2025,B,2,Z3,Eragrostis curvula,11.2,Fenced,F,Moderate,1679
2025,B,2,Z3,Cymbopogon plurinodis,8.2,Fenced,F,Moderate,1083
2025,B,2,Z3,Cymbopogon excavatus,12.8,Fenced,F,Moderate,2011
2025,B,2,Z3,Setaria sphacelata,14.5,Fenced,F,Moderate,2370
2025,B,2,Z3,NA,18.4,Fenced,F,Moderate,3219
2025,B,2,Z3,Eragrostis superba,28.4,Fenced,F,Moderate,5492
2025,B,2,Z3,Heteropogon contortus,28.2,Fenced,F,Moderate,5446
2025,B,2,Z3,Eragrostis gummiflua,30,Fenced,F,Moderate,5865
2025,B,2,Z3,Cymbopogon excavatus,27.6,Fenced,F,Moderate,5307
2025,B,2,Z3,Cymbopogon excavatus,26.5,Fenced,F,Moderate,5052
2025,B,2,Z3,Melinis repens,21.8,Fenced,F,Moderate,3979
2025,B,2,Z3,Aristida congesta b,22,Fenced,F,Moderate,4024
2025,B,2,Z3,Heteropogon contortus,22.7,Fenced,F,Moderate,4183
2025,B,2,Z3,Diheteropogon amplectens,6.8,Fenced,F,Moderate,820
2025,B,2,Z3,Heteropogon contortus,11.6,Fenced,F,Moderate,1761
2025,B,2,Z3,Cymbopogon excavatus,12.5,Fenced,F,Moderate,1948
2025,B,2,Z3,NA,0,Fenced,F,Moderate,0
2024,B,1,Z1,Aristida congesta c,17.8,Fenced,C,Moderate,3087
2024,B,1,Z1,Melinis repens,14,Fenced,C,Moderate,2264
2024,B,1,Z1,NA,11.2,Fenced,C,Moderate,1679
