Date,Site,Plot,Subplot,Quadrat,Species_name,Number,DPM_Height,Fencing,Treatment,
07/04/2025,A,5,Z3,4,Aristida adscensionis,1,9.4,Fenced,THF,
07/04/2025,A,5,Z3,4,Bothriochloa insculpta,22,9.7,Fenced,THF,
07/04/2025,A,5,Z3,4,Eragrostsis gummiflua,1,11.1,Fenced,THF,
07/04/2025,A,5,Z3,4,,,12.1,Fenced,THF,
07/04/2025,A,5,Z3,1,Bothriochloa insculpta,6,17,Fenced,THF,
07/04/2025,A,5,Z3,1,,,2.7,Fenced,THF,
07/04/2025,A,5,Z3,1,,,2.8,Fenced,THF,
07/04/2025,A,5,Z3,1,,,2.8,Fenced,THF,
07/04/2025,A,5,Z3,2,Urochloa mosambicensis,1,26.8,Fenced,THF,
07/04/2025,A,5,Z3,2,Hyperrhenia filipendula,1,19.4,Fenced,THF,
07/04/2025,A,5,Z3,2,Bothriochloa insculpta,11,17.3,Fenced,THF,
07/04/2025,A,5,Z3,2,Eragrostis gummiflua,1,16.8,Fenced,THF,
07/04/2025,A,5,Z3,5,Urochloa mosambicensis,1,7.4,Fenced,THF,
07/04/2025,A,5,Z3,5,Cymbopogon excavatus,1,9.8,Fenced,THF,
07/04/2025,A,5,Z3,5,Bothriochloa insculpta,6,13,Fenced,THF,
07/04/2025,A,5,Z3,3,,,14.3,Fenced,THF,
07/04/2025,A,5,Z3,3,,,,Fenced,THF,
07/04/2025,A,5,Z3,3,,,,Fenced,THF,
07/04/2025,A,5,Z3,3,,,,Fenced,THF,
07/04/2025,A,5,Z1,3,Urochloa mosambicensis,3,22.3,Fenced,THF,
07/04/2025,A,5,Z1,3,Bothriochloa insculpta,10,20.3,Fenced,THF,
07/04/2025,A,5,Z1,3,,,20.6,Fenced,THF,
07/04/2025,A,5,Z1,3,,,19.7,Fenced,THF,
07/04/2025,A,5,Z1,4,Hyperrhenia filipendula,1,18.7,Fenced,THF,
07/04/2025,A,5,Z1,4,Urochloa mosambicensis,1,16.1,Fenced,THF,
07/04/2025,A,5,Z1,4,,,19.2,Fenced,THF,
07/04/2025,A,5,Z1,4,,,14.8,Fenced,THF,
07/04/2025,A,5,Z1,1,Hyperrhenia filipendula,1,16,Fenced,THF,
07/04/2025,A,5,Z1,1,Themeda triandra,2,12,Fenced,THF,
07/04/2025,A,5,Z1,1,Urochloa mosambicensis,2,15,Fenced,THF,
07/04/2025,A,5,Z1,1,Bothriochloa insculpta,4,17.8,Fenced,THF,
07/04/2025,A,5,Z1,5,Hyperrhenia filipendula,4,,Fenced,THF,
07/04/2025,A,5,Z1,5,Urochloa mosambicensis,2,2.8,Fenced,THF,
07/04/2025,A,5,Z1,5,,,6.9,Fenced,THF,
07/04/2025,A,5,Z1,5,,,6.3,Fenced,THF,
07/04/2025,A,5,Z1,5,,,6.4,Fenced,THF,
07/04/2025,A,5,Z1,2,Heteropogon contortus,1,24,Fenced,THF,
07/04/2025,A,5,Z1,2,Urochloa mosambicensis,3,16,Fenced,THF,
07/04/2025,A,5,Z1,2,,,14.7,Fenced,THF,
07/04/2025,A,5,Z1,2,,,14.8,Fenced,THF,
08/04/2025,F,5,Z2,1,Aristida adscensionis,1,6.8,Fenced,THF,
08/04/2025,F,5,Z2,1,Enteropogon macrostachyus,1,3.4,Fenced,THF,
08/04/2025,F,5,Z2,1,Setaria incressata,5,5.7,Fenced,THF,
08/04/2025,F,5,Z2,1,,,7.3,Fenced,THF,
08/04/2025,F,5,Z2,2,Digitaria erianthra,2,8.5,Fenced,THF,
08/04/2025,F,5,Z2,2,Pogonarthria squarrosa ,4,7.3,Fenced,THF,
08/04/2025,F,5,Z2,2,Cynodon dactylon,5,7.2,Fenced,THF,
08/04/2025,F,5,Z2,2,,,7,Fenced,THF,
08/04/2025,F,5,Z2,3,Digitaria erianthra,8,6.6,Fenced,THF,
08/04/2025,F,5,Z2,3,Heteropogon contortus,1,6.9,Fenced,THF,
08/04/2025,F,5,Z2,3,Cynodon dactylon,5,6.9,Fenced,THF,
08/04/2025,F,5,Z2,3,,,6.7,Fenced,THF,
08/04/2025,F,5,Z2,4,Chloris virgata,4,8.6,Fenced,THF,
08/04/2025,F,5,Z2,4,Eragrostsis gummiflua,3,7.4,Fenced,THF,
08/04/2025,F,5,Z2,4,Setaria incressata,3,7.9,Fenced,THF,
08/04/2025,F,5,Z2,4,Cynodon dactylon,2,4.7,Fenced,THF,
08/04/2025,F,5,Z2,5,Digitaria erianthra,3,7.6,Fenced,THF,
08/04/2025,F,5,Z2,5,Pogonarthria squarrosa ,14,5.8,Fenced,THF,
08/04/2025,F,5,Z2,5,,,6.4,Fenced,THF,
08/04/2025,F,5,Z2,5,,,7.1,Fenced,THF,
08/04/2025,F,5,Z1,1,Eragrostis rigidior,4,10.5,Fenced,THF,
08/04/2025,F,5,Z1,1,Digitaria erianthra,4,8.7,Fenced,THF,
08/04/2025,F,5,Z1,1,Cynodon dactylon,13,8.8,Fenced,THF,
08/04/2025,F,5,Z1,1,Setaria incressata,1,8.9,Fenced,THF,
08/04/2025,F,5,Z1,1,Dactyloctenium giganteum,5,,Fenced,THF,
08/04/2025,F,5,Z1,2,Eragrostis rigidior,4,4.9,Fenced,THF,
08/04/2025,F,5,Z1,2,Eragrostis gummiflua,2,4.7,Fenced,THF,
08/04/2025,F,5,Z1,2,Setaria incressata,1,5.2,Fenced,THF,
08/04/2025,F,5,Z1,2,Cynodon dactylon,4,5.3,Fenced,THF,
08/04/2025,F,5,Z1,2,Digitaria erianthra,4,,Fenced,THF,
08/04/2025,F,5,Z1,2,Dactyloctenium giganteum,1,,Fenced,THF,
08/04/2025,F,5,Z1,3,Eragrostis rigidior,3,7,Fenced,THF,
08/04/2025,F,5,Z1,3,Setaria incressata,5,6.7,Fenced,THF,
08/04/2025,F,5,Z1,3,Cynodon dactylon,2,6.9,Fenced,THF,
08/04/2025,F,5,Z1,3,Digitaria erianthra,4,7.2,Fenced,THF,
08/04/2025,F,5,Z1,4,Cynodon dactylon,16,5.6,Fenced,THF,
08/04/2025,F,5,Z1,4,Digitaria erianthra,2,5,Fenced,THF,
08/04/2025,F,5,Z1,4,,,6.7,Fenced,THF,
08/04/2025,F,5,Z1,4,,,7.2,Fenced,THF,
08/04/2025,F,5,Z1,5,Cynodon dactylon,8,6.9,Fenced,THF,
08/04/2025,F,5,Z1,5,Digitaria erianthra,13,7,Fenced,THF,
08/04/2025,F,5,Z1,5,Setaria incressata,3,7.1,Fenced,THF,
08/04/2025,F,5,Z1,5,,,7.2,Fenced,THF,
08/04/2025,F,5,Z3,3,Setaria incressata,4,8,Unfenced,THF,
08/04/2025,F,5,Z3,3,Enteropogon macrostachyus,1,8.3,Unfenced,THF,
08/04/2025,F,5,Z3,3,Cynodon dactylon,2,8,Unfenced,THF,
08/04/2025,F,5,Z3,3,,,7.7,Unfenced,THF,
08/04/2025,F,5,Z3,4,Cynodon dactylon,3,6.7,Unfenced,THF,
08/04/2025,F,5,Z3,4,Digitaria erianthra,12,5.6,Unfenced,THF,
08/04/2025,F,5,Z3,4,Setaria incressata,2,5.5,Unfenced,THF,
08/04/2025,F,5,Z3,4,Chloris virgata,1,5.9,Unfenced,THF,
08/04/2025,F,5,Z3,5,Cynodon dactylon,27,10.5,Unfenced,THF,
08/04/2025,F,5,Z3,5,Eragrostis rigidior,1,9.6,Unfenced,THF,
08/04/2025,F,5,Z3,5,Digitaria erianthra,1,9,Unfenced,THF,
08/04/2025,F,5,Z3,5,,,10.2,Unfenced,THF,
08/04/2025,F,5,Z3,1,Digitaria erianthra,4,9.3,Unfenced,THF,
08/04/2025,F,5,Z3,1,Cynodon dactylon,13,9.4,Unfenced,THF,
08/04/2025,F,5,Z3,1,Eragrostis rigidior,1,9,Unfenced,THF,
08/04/2025,F,5,Z3,1,,,8.4,Unfenced,THF,
08/04/2025,F,5,Z3,2,Cynodon dactylon,12,11.3,Unfenced,THF,
08/04/2025,F,5,Z3,2,Digitaria erianthra,4,17,Unfenced,THF,
08/04/2025,F,5,Z3,2,Setaria incressata,3,17.5,Unfenced,THF,
08/04/2025,F,5,Z3,2,,,17.5,Unfenced,THF,
08/04/2025,F,5,Z4,2,Digitaria erianthra,12,13.1,Unfenced,THF,
08/04/2025,F,5,Z4,2,Cynodon dactylon,6,12.6,Unfenced,THF,
08/04/2025,F,5,Z4,2,Setaria incressata,1,12.4,Unfenced,THF,
08/04/2025,F,5,Z4,2,,,13.9,Unfenced,THF,
08/04/2025,F,5,Z4,1,Digitaria erianthra,5,7,Unfenced,THF,
08/04/2025,F,5,Z4,1,Eragrostis rigidior,1,5.7,Unfenced,THF,
08/04/2025,F,5,Z4,1,Cynodon dactylon,7,4.8,Unfenced,THF,
08/04/2025,F,5,Z4,1,,,4.4,Unfenced,THF,
08/04/2025,F,5,Z4,3,Setaria incressata,11,10.3,Unfenced,THF,
08/04/2025,F,5,Z4,3,Eragrostis rigidior,2,9.8,Unfenced,THF,
08/04/2025,F,5,Z4,3,Cynodon dactylon,5,9.5,Unfenced,THF,
08/04/2025,F,5,Z4,3,,,11.2,Unfenced,THF,
08/04/2025,F,5,Z4,4,Cynodon dactylon,3,4.4,Unfenced,THF,
08/04/2025,F,5,Z4,4,Digitaria erianthra,6,4.7,Unfenced,THF,
08/04/2025,F,5,Z4,4,,,4.8,Unfenced,THF,
08/04/2025,F,5,Z4,4,,,4.6,Unfenced,THF,
08/04/2025,F,5,Z4,5,Digitaria erianthra,6,5.3,Unfenced,THF,
08/04/2025,F,5,Z4,5,Eragrostis rigidior,2,5.3,Unfenced,THF,
08/04/2025,F,5,Z4,5,Setaria incressata,3,5.4,Unfenced,THF,
08/04/2025,F,5,Z4,5,Aristida adscensionis,1,6.6,Unfenced,THF,
08/04/2025,F,4,Z2,1,Eragrostis rigidior,3,9.8,Fenced,TFB,
08/04/2025,F,4,Z2,1,,,10.2,Fenced,TFB,
08/04/2025,F,4,Z2,1,,,8.8,Fenced,TFB,
08/04/2025,F,4,Z2,1,,,7.8,Fenced,TFB,
08/04/2025,F,4,Z2,4,Pogonarthria squarrosa ,6,3.6,Fenced,TFB,
08/04/2025,F,4,Z2,4,Setaria incressata,2,3.4,Fenced,TFB,
08/04/2025,F,4,Z2,4,,,4.5,Fenced,TFB,
08/04/2025,F,4,Z2,4,,,5.1,Fenced,TFB,
08/04/2025,F,4,Z2,3,Chloris virgata,2,4.7,Fenced,TFB,
08/04/2025,F,4,Z2,3,,,4.3,Fenced,TFB,
08/04/2025,F,4,Z2,3,,,4.1,Fenced,TFB,
08/04/2025,F,4,Z2,3,,,4.2,Fenced,TFB,
08/04/2025,F,4,Z2,2,Brachiaria nigropedata,1,6.4,Fenced,TFB,
08/04/2025,F,4,Z2,2,Eragrostis rigidior,1,5.6,Fenced,TFB,
08/04/2025,F,4,Z2,2,Cynodon dactylon,1,5.3,Fenced,TFB,
08/04/2025,F,4,Z2,2,Eragrostis gummiflua,4,5.7,Fenced,TFB,
08/04/2025,F,4,Z2,5,Brachiaria nigropedata,1,5.4,Fenced,TFB,
08/04/2025,F,4,Z2,5,Eragrostis rigidior,5,4.3,Fenced,TFB,
08/04/2025,F,4,Z2,5,Digitaria erianthra,4,8.1,Fenced,TFB,
08/04/2025,F,4,Z2,5,,,8.5,Fenced,TFB,
08/04/2025,F,4,Z3,2,Cynodon dactylon,6,4.5,Unfenced,TFB,
08/04/2025,F,4,Z3,2,Setaria incressata,3,4.1,Unfenced,TFB,
08/04/2025,F,4,Z3,2,Aristida adscensionis,1,4,Unfenced,TFB,
08/04/2025,F,4,Z3,2,,,3.7,Unfenced,TFB,
08/04/2025,F,4,Z3,5,Digitaria erianthra,10,4.7,Unfenced,TFB,
08/04/2025,F,4,Z3,5,Eragrostis viscosa,2,5.3,Unfenced,TFB,
08/04/2025,F,4,Z3,5,Eragrostis rigidior,1,5.4,Unfenced,TFB,
08/04/2025,F,4,Z3,5,Cynodon dactylon,2,5.4,Unfenced,TFB,
08/04/2025,F,4,Z3,3,Digitaria erianthra,11,6,Unfenced,TFB,
08/04/2025,F,4,Z3,3,Heteropogon contortus,1,5.1,Unfenced,TFB,
08/04/2025,F,4,Z3,3,,,5,Unfenced,TFB,
08/04/2025,F,4,Z3,3,,,4.9,Unfenced,TFB,
08/04/2025,F,4,Z3,4,Aristida adscensionis,1,6,Unfenced,TFB,
08/04/2025,F,4,Z3,4,Digitaria erianthra,15,6.1,Unfenced,TFB,
08/04/2025,F,4,Z3,4,Eragrostis viscosa,1,5.9,Unfenced,TFB,
08/04/2025,F,4,Z3,4,,,6.2,Unfenced,TFB,
08/04/2025,F,4,Z3,1,Eragrostis rigidior,5,9.3,Unfenced,TFB,
08/04/2025,F,4,Z3,1,Digitaria erianthra,4,7.1,Unfenced,TFB,
08/04/2025,F,4,Z3,1,Eragrostis viscosa,6,6,Unfenced,TFB,
08/04/2025,F,4,Z3,1,Cynodon dactylon,3,5.7,Unfenced,TFB,
08/04/2025,F,4,Z1,1,Setaria incressata,4,5.5,Fenced,TFB,
08/04/2025,F,4,Z1,1,Eragrostis viscosa,7,5.2,Fenced,TFB,
08/04/2025,F,4,Z1,1,,,4.8,Fenced,TFB,
08/04/2025,F,4,Z1,1,,,4.4,Fenced,TFB,
08/04/2025,F,4,Z1,2,Brachiaria nigropedata,1,8.5,Fenced,TFB,
08/04/2025,F,4,Z1,2,Heteropogon contortus,1,10.8,Fenced,TFB,
08/04/2025,F,4,Z1,2,,,8.7,Fenced,TFB,
08/04/2025,F,4,Z1,2,,,9.5,Fenced,TFB,
08/04/2025,F,4,Z1,3,Aristida adscensionis,3,8.5,Fenced,TFB,
08/04/2025,F,4,Z1,3,Setaria incressata,8,10.8,Fenced,TFB,
08/04/2025,F,4,Z1,3,,,10.2,Fenced,TFB,
08/04/2025,F,4,Z1,3,,,10,Fenced,TFB,
08/04/2025,F,4,Z1,4,Setaria incressata,8,8,Fenced,TFB,
08/04/2025,F,4,Z1,4,Digitaria erianthra,4,9.2,Fenced,TFB,
08/04/2025,F,4,Z1,4,,,10,Fenced,TFB,
08/04/2025,F,4,Z1,4,,,8.9,Fenced,TFB,
08/04/2025,F,4,Z1,5,Pogonarthria squarrosa ,7,1.9,Fenced,TFB,
08/04/2025,F,4,Z1,5,Eragrostis viscosa,1,3.3,Fenced,TFB,
08/04/2025,F,4,Z1,5,,,3.3,Fenced,TFB,
08/04/2025,F,4,Z1,5,,,3.9,Fenced,TFB,
08/04/2025,F,4,Z4,2,Panicum maximum,3,12,Unfenced,TFB,
08/04/2025,F,4,Z4,2,Enteropogon macrostachyus,1,15.3,Unfenced,TFB,
08/04/2025,F,4,Z4,2,,,14,Unfenced,TFB,
08/04/2025,F,4,Z4,2,,,16.5,Unfenced,TFB,
08/04/2025,F,4,Z4,5,Heteropogon contortus,1,6.3,Unfenced,TFB,
08/04/2025,F,4,Z4,5,Digitaria erianthra,1,6.9,Unfenced,TFB,
08/04/2025,F,4,Z4,5,Aristida adscensionis,1,7.9,Unfenced,TFB,
08/04/2025,F,4,Z4,5,Setaria incressata,4,7.7,Unfenced,TFB,
08/04/2025,F,4,Z4,5,Cynodon dactylon,2,,Unfenced,TFB,
08/04/2025,F,4,Z4,3,Digitaria erianthra,1,2.6,Unfenced,TFB,
08/04/2025,F,4,Z4,3,Eragrostis viscosa,2,2.7,Unfenced,TFB,
08/04/2025,F,4,Z4,3,Pogonarthria squarrosa ,1,3.3,Unfenced,TFB,
08/04/2025,F,4,Z4,3,,,4.1,Unfenced,TFB,
08/04/2025,F,4,Z4,4,Digitaria erianthra,6,3.4,Unfenced,TFB,
08/04/2025,F,4,Z4,4,Cynodon dactylon,6,4.8,Unfenced,TFB,
08/04/2025,F,4,Z4,4,Pogonarthria squarrosa ,1,6.9,Unfenced,TFB,
08/04/2025,F,4,Z4,4,Heteropogon contortus,1,7.2,Unfenced,TFB,
08/04/2025,F,4,Z4,4,Setaria incressata,1,,Unfenced,TFB,
08/04/2025,F,4,Z4,1,Setaria incressata,4,5.8,Unfenced,TFB,
08/04/2025,F,4,Z4,1,Aristida adscensionis,2,5.6,Unfenced,TFB,
08/04/2025,F,4,Z4,1,,,7.7,Unfenced,TFB,
08/04/2025,F,4,Z4,1,,,9,Unfenced,TFB,
09/04/2025,F,3,Z1,2,Digitaria erianthra,3,6.3,Fenced,TF,
09/04/2025,F,3,Z1,2,,,1.7,Fenced,TF,
09/04/2025,F,3,Z1,2,,,1.7,Fenced,TF,
09/04/2025,F,3,Z1,2,,,3.7,Fenced,TF,
09/04/2025,F,3,Z1,1,Eragrostis viscosa,16,6.4,Fenced,TF,
09/04/2025,F,3,Z1,1,Pogonarthria squarrosa ,2,5.2,Fenced,TF,
09/04/2025,F,3,Z1,1,,,4.2,Fenced,TF,
09/04/2025,F,3,Z1,1,,,4.2,Fenced,TF,
09/04/2025,F,3,Z1,3,Eragrostis viscosa,5,10.6,Fenced,TF,
09/04/2025,F,3,Z1,3,Eragrostis rigidior,2,7.2,Fenced,TF,
09/04/2025,F,3,Z1,3,Digitaria erianthra,4,7.2,Fenced,TF,
09/04/2025,F,3,Z1,3,Cynodon dactylon,3,7.1,Fenced,TF,
09/04/2025,F,3,Z1,4,Cynodon dactylon,2,5.1,Fenced,TF,
09/04/2025,F,3,Z1,4,Digitaria erianthra,6,5.5,Fenced,TF,
09/04/2025,F,3,Z1,4,Eragrostis viscosa,3,5.6,Fenced,TF,
09/04/2025,F,3,Z1,4,,,8.9,Fenced,TF,
09/04/2025,F,3,Z1,5,Setaria incressata,2,5.4,Fenced,TF,
09/04/2025,F,3,Z1,5,Digitaria erianthra,2,5.8,Fenced,TF,
09/04/2025,F,3,Z1,5,,,6.1,Fenced,TF,
09/04/2025,F,3,Z1,5,,,6.5,Fenced,TF,
09/04/2025,F,3,Z2,2,Eragrostis viscosa,9,7.2,Fenced,TF,
09/04/2025,F,3,Z2,2,Pogonarthria squarrosa ,2,7.9,Fenced,TF,
09/04/2025,F,3,Z2,2,Eragrostis rigidior,2,7.8,Fenced,TF,
09/04/2025,F,3,Z2,2,,,7.5,Fenced,TF,
09/04/2025,F,3,Z2,1,Eragrostis viscosa,18,8.3,Fenced,TF,
09/04/2025,F,3,Z2,1,Setaria incressata,1,6.4,Fenced,TF,
09/04/2025,F,3,Z2,1,Eragrostis rigidior,1,6.8,Fenced,TF,
09/04/2025,F,3,Z2,1,,,7.1,Fenced,TF,
09/04/2025,F,3,Z2,5,Eragrostis viscosa,8,6.5,Fenced,TF,
09/04/2025,F,3,Z2,5,Eragrostis rigidior,2,6.2,Fenced,TF,
09/04/2025,F,3,Z2,5,Perotis patens,1,5.9,Fenced,TF,
09/04/2025,F,3,Z2,5,,,6.2,Fenced,TF,
09/04/2025,F,3,Z2,3,Eragrostis viscosa,8,6.9,Fenced,TF,
09/04/2025,F,3,Z2,3,Digitaria erianthra,5,6.4,Fenced,TF,
09/04/2025,F,3,Z2,3,Eragrostis rigidior,3,7,Fenced,TF,
09/04/2025,F,3,Z2,3,Eragrostis gummiflua,4,6.8,Fenced,TF,
09/04/2025,F,3,Z2,4,Setaria incressata,4,6.8,Fenced,TF,
09/04/2025,F,3,Z2,4,Eragrostis rigidior,1,6.5,Fenced,TF,
09/04/2025,F,3,Z2,4,,,6.3,Fenced,TF,
09/04/2025,F,3,Z2,4,,,6,Fenced,TF,
09/04/2025,F,3,Z4,1,Eragrostis rigidior,2,6.4,Unfenced,TF,
09/04/2025,F,3,Z4,1,Cynodon dactylon,7,6.6,Unfenced,TF,
09/04/2025,F,3,Z4,1,Digitaria erianthra,7,6.4,Unfenced,TF,
09/04/2025,F,3,Z4,1,,,6.6,Unfenced,TF,
09/04/2025,F,3,Z4,4,Cynodon dactylon,4,7.4,Unfenced,TF,
09/04/2025,F,3,Z4,4,Eragrostis rigidior,3,8.7,Unfenced,TF,
09/04/2025,F,3,Z4,4,Digitaria erianthra,2,8.9,Unfenced,TF,
09/04/2025,F,3,Z4,4,,,9.6,Unfenced,TF,
09/04/2025,F,3,Z4,3,Cynodon dactylon,13,4.7,Unfenced,TF,
09/04/2025,F,3,Z4,3,Digitaria erianthra,7,6.8,Unfenced,TF,
09/04/2025,F,3,Z4,3,Setaria incressata,4,8.6,Unfenced,TF,
09/04/2025,F,3,Z4,3,,,9.1,Unfenced,TF,
09/04/2025,F,3,Z4,5,Cynodon dactylon,12,11.6,Unfenced,TF,
09/04/2025,F,3,Z4,5,Eragrostis rigidior,1,9.7,Unfenced,TF,
09/04/2025,F,3,Z4,5,Pogonarthria squarrosa ,1,8.3,Unfenced,TF,
09/04/2025,F,3,Z4,5,Digitaria erianthra,5,8.1,Unfenced,TF,
09/04/2025,F,3,Z4,2,Enteropogon macrostachyus,1,5.1,Unfenced,TF,
09/04/2025,F,3,Z4,2,Digitaria erianthra,3,5.3,Unfenced,TF,
09/04/2025,F,3,Z4,2,Setaria incressata,1,9.4,Unfenced,TF,
09/04/2025,F,3,Z4,2,,,9,Unfenced,TF,
09/04/2025,F,3,Z3,1,Cynodon dactylon,8,7.2,Unfenced,TF,
09/04/2025,F,3,Z3,1,Pogonarthria squarrosa ,2,7.1,Unfenced,TF,
09/04/2025,F,3,Z3,1,Eragrostis viscosa,5,7.2,Unfenced,TF,
09/04/2025,F,3,Z3,1,Setaria incressata,3,7.5,Unfenced,TF,
09/04/2025,F,3,Z3,2,Eragrostis rigidior,2,7,Unfenced,TF,
09/04/2025,F,3,Z3,2,Digitaria erianthra,1,5.5,Unfenced,TF,
09/04/2025,F,3,Z3,2,,,3.9,Unfenced,TF,
09/04/2025,F,3,Z3,2,,,3.4,Unfenced,TF,
09/04/2025,F,3,Z3,3,Cynodon dactylon,6,3.6,Unfenced,TF,
09/04/2025,F,3,Z3,3,Digitaria erianthra,3,3.6,Unfenced,TF,
09/04/2025,F,3,Z3,3,,,4.6,Unfenced,TF,
09/04/2025,F,3,Z3,3,,,4.5,Unfenced,TF,
09/04/2025,F,3,Z3,5,Cynodon dactylon,4,6.8,Unfenced,TF,
09/04/2025,F,3,Z3,5,Digitaria erianthra,3,9.6,Unfenced,TF,
09/04/2025,F,3,Z3,5,Setaria incressata,7,9.6,Unfenced,TF,
09/04/2025,F,3,Z3,5,Eragrostis viscosa,1,9.8,Unfenced,TF,
09/04/2025,F,3,Z3,4,Cynodon dactylon,6,19.4,Unfenced,TF,
09/04/2025,F,3,Z3,4,Digitaria erianthra,3,8.5,Unfenced,TF,
09/04/2025,F,3,Z3,4,,,10.7,Unfenced,TF,
09/04/2025,F,3,Z3,4,,,11.7,Unfenced,TF,
09/04/2025,F,2,Z4,4,Cynodon dactylon,5,8.5,Unfenced,F,
09/04/2025,F,2,Z4,4,Eragrostis rigidior,1,7.9,Unfenced,F,
09/04/2025,F,2,Z4,4,Digitaria erianthra,2,8,Unfenced,F,
09/04/2025,F,2,Z4,4,Setaria incressata,2,8.1,Unfenced,F,
09/04/2025,F,2,Z4,2,Aristida adscensionis,2,3.9,Unfenced,F,
09/04/2025,F,2,Z4,2,Digitaria erianthra,11,4.2,Unfenced,F,
09/04/2025,F,2,Z4,2,Cynodon dactylon,5,4.6,Unfenced,F,
09/04/2025,F,2,Z4,2,Heteropogon contortus,1,4.3,Unfenced,F,
09/04/2025,F,2,Z4,5,Cynodon dactylon,4,2.2,Unfenced,F,
09/04/2025,F,2,Z4,5,Eragrostis viscosa,11,2,Unfenced,F,
09/04/2025,F,2,Z4,5,Pogonarthria squarrosa ,2,2.1,Unfenced,F,
09/04/2025,F,2,Z4,5,,,2,Unfenced,F,
09/04/2025,F,2,Z4,4,Cynodon dactylon,6,6.9,Unfenced,F,
09/04/2025,F,2,Z4,4,Eragrostis viscosa,8,6.1,Unfenced,F,
09/04/2025,F,2,Z4,4,,,6.4,Unfenced,F,
09/04/2025,F,2,Z4,4,,,6.3,Unfenced,F,
09/04/2025,F,2,Z4,3,Enteropogon macrostachyus,3,2.9,Unfenced,F,
09/04/2025,F,2,Z4,3,,,2.6,Unfenced,F,
09/04/2025,F,2,Z4,3,,,2.8,Unfenced,F,
09/04/2025,F,2,Z4,3,,,2.9,Unfenced,F,
09/04/2025,F,2,Z3,4,Cynodon dactylon,3,2.3,Unfenced,F,
09/04/2025,F,2,Z3,4,Digitaria erianthra,2,2.3,Unfenced,F,
09/04/2025,F,2,Z3,4,Heteropogon contortus,2,3.7,Unfenced,F,
09/04/2025,F,2,Z3,4,Enteropogon macrostachyus,1,4,Unfenced,F,
09/04/2025,F,2,Z3,5,Digitaria erianthra,3,4.7,Unfenced,F,
09/04/2025,F,2,Z3,5,Cynodon dactylon,5,3.9,Unfenced,F,
09/04/2025,F,2,Z3,5,Eragrostis rigidior,3,4.4,Unfenced,F,
09/04/2025,F,2,Z3,5,,,4.5,Unfenced,F,
09/04/2025,F,2,Z3,3,Enteropogon macrostachyus,6,4.3,Unfenced,F,
09/04/2025,F,2,Z3,3,Eragrostis rigidior,,4.6,Unfenced,F,
09/04/2025,F,2,Z3,3,Cynodon dactylon,,4.7,Unfenced,F,
09/04/2025,F,2,Z3,3,,,5,Unfenced,F,
09/04/2025,F,2,Z3,2,Chloris virgata,1,6.1,Unfenced,F,
09/04/2025,F,2,Z3,2,Digitaria erianthra,10,6.3,Unfenced,F,
09/04/2025,F,2,Z3,2,Enteropogon macrostachyus,2,7.8,Unfenced,F,
09/04/2025,F,2,Z3,2,Heteropogon contortus,3,9.4,Unfenced,F,
09/04/2025,F,2,Z3,2,Cynodon dactylon,6,,Unfenced,F,
09/04/2025,F,2,Z3,1,Cynodon dactylon,8,4.2,Unfenced,F,
09/04/2025,F,2,Z3,1,Eragrostis rigidior,3,4.1,Unfenced,F,
09/04/2025,F,2,Z3,1,Dactyloctenium giganteum,2,5,Unfenced,F,
09/04/2025,F,2,Z3,1,Digitaria erianthra,5,5.4,Unfenced,F,
09/04/2025,F,2,Z1,4,Cynodon dactylon,6,6.3,Fenced,F,
09/04/2025,F,2,Z1,4,Eragrostis curvula,1,11.5,Fenced,F,
09/04/2025,F,2,Z1,4,Eragrostis rigidior,2,9.2,Fenced,F,
09/04/2025,F,2,Z1,4,,,8.8,Fenced,F,
09/04/2025,F,2,Z1,3,Chloris virgata,1,12,Fenced,F,
09/04/2025,F,2,Z1,3,Eragrostis rigidior,3,10.7,Fenced,F,
09/04/2025,F,2,Z1,3,Cynodon dactylon,10,10.7,Fenced,F,
09/04/2025,F,2,Z1,3,Eragrostis viscosa,6,10.4,Fenced,F,
09/04/2025,F,2,Z1,3,Setaria incressata,2,,Fenced,F,
09/04/2025,F,2,Z1,5,Eragrostis rigidior,6,8.1,Fenced,F,
09/04/2025,F,2,Z1,5,Chloris virgata,2,14.1,Fenced,F,
09/04/2025,F,2,Z1,5,Cynodon dactylon,3,13.4,Fenced,F,
09/04/2025,F,2,Z1,5,Setaria incressata,4,13.3,Fenced,F,
09/04/2025,F,2,Z1,5,Enteropogon macrostachyus,1,,Fenced,F,
09/04/2025,F,2,Z1,2,Enteropogon macrostachyus,4,11,Fenced,F,
09/04/2025,F,2,Z1,2,Eragrostis rigidior,2,12.4,Fenced,F,
09/04/2025,F,2,Z1,2,Panicum maximum,2,11.7,Fenced,F,
09/04/2025,F,2,Z1,2,,,10.9,Fenced,F,
09/04/2025,F,2,Z1,1,Enteropogon macrostachyus,2,3.8,Fenced,F,
09/04/2025,F,2,Z1,1,Eragrostis rigidior,2,3.9,Fenced,F,
09/04/2025,F,2,Z1,1,Digitaria erianthra,3,4,Fenced,F,
09/04/2025,F,2,Z1,1,Setaria incressata,1,4,Fenced,F,
09/04/2025,F,2,Z2,2,Digitaria erianthra,9,7.5,Fenced,F,
09/04/2025,F,2,Z2,2,Setaria incressata,4,7.1,Fenced,F,
09/04/2025,F,2,Z2,2,Enteropogon macrostachyus,1,7.2,Fenced,F,
09/04/2025,F,2,Z2,2,,,7.2,Fenced,F,
09/04/2025,F,2,Z2,5,Eragrostis rigidior,8,7.5,Fenced,F,
09/04/2025,F,2,Z2,5,Dactyloctenium giganteum,1,7.9,Fenced,F,
09/04/2025,F,2,Z2,5,Enteropogon macrostachyus,1,7.1,Fenced,F,
09/04/2025,F,2,Z2,5,Digitaria erianthra,2,8.8,Fenced,F,
09/04/2025,F,2,Z2,4,Chloris virgata,1,17.5,Fenced,F,
09/04/2025,F,2,Z2,4,Aristida adscensionis,2,20.7,Fenced,F,
09/04/2025,F,2,Z2,4,Cynodon dactylon,8,20.5,Fenced,F,
09/04/2025,F,2,Z2,4,Eragrostis rigidior,1,19.7,Fenced,F,
09/04/2025,F,2,Z2,4,Heteropogon contortus,1,,Fenced,F,
09/04/2025,F,2,Z2,4,Perotis patens,1,,Fenced,F,
09/04/2025,F,2,Z2,3,Dactyloctenium giganteum,1,10.9,Fenced,F,
09/04/2025,F,2,Z2,3,Pogonarthria squarrosa ,3,7.6,Fenced,F,
09/04/2025,F,2,Z2,3,Digitaria erianthra,10,7.3,Fenced,F,
09/04/2025,F,2,Z2,3,,,8,Fenced,F,
09/04/2025,F,2,Z2,1,Digitaria erianthra,9,9.1,Fenced,F,
09/04/2025,F,2,Z2,1,Setaria incressata,2,7.7,Fenced,F,
09/04/2025,F,2,Z2,1,Aristida adscensionis,3,7.4,Fenced,F,
09/04/2025,F,2,Z2,1,,,8,Fenced,F,
16/04/2025,A,1,Z3,2,Panicum maximum,8,4.9,Unfenced,C,
16/04/2025,A,1,Z3,2,Chloris virgata,2,6.8,Unfenced,C,
16/04/2025,A,1,Z3,2,Eragrostis cylindriflora,1,6.2,Unfenced,C,
16/04/2025,A,1,Z3,2,,,1.6,Unfenced,C,
16/04/2025,A,1,Z3,3,Cymbopogon excavatus,5,17.3,Unfenced,C,
16/04/2025,A,1,Z3,3,Digitaria erianthra,4,16.7,Unfenced,C,
16/04/2025,A,1,Z3,3,,,16.9,Unfenced,C,
16/04/2025,A,1,Z3,3,,,14.2,Unfenced,C,
16/04/2025,A,1,Z3,4,Urochloa mosambicensis,10,13,Unfenced,C,
16/04/2025,A,1,Z3,4,Heteropogon contortus,2,20.7,Unfenced,C,
16/04/2025,A,1,Z3,4,Cymbopogon excavatus,1,20.8,Unfenced,C,
16/04/2025,A,1,Z3,4,,,22.3,Unfenced,C,
16/04/2025,A,1,Z3,1,Setaria sphacelata,1,28.9,Unfenced,C,
16/04/2025,A,1,Z3,1,Themeda triandra,5,23.2,Unfenced,C,
16/04/2025,A,1,Z3,1,Digitaria erianthra,3,19,Unfenced,C,
16/04/2025,A,1,Z3,1,Aristida adscensionis,1,16.1,Unfenced,C,
16/04/2025,A,1,Z3,1,Brachiaria serrata,1,,Unfenced,C,
16/04/2025,A,1,Z3,5,Heteropogon contortus,10,15.5,Unfenced,C,
16/04/2025,A,1,Z3,5,Digitaria erianthra,3,19.8,Unfenced,C,
16/04/2025,A,1,Z3,5,Setaria incressata,2,20,Unfenced,C,
16/04/2025,A,1,Z3,5,,,20.5,Unfenced,C,
16/04/2025,A,1,Z4,2,Heteropogon contortus,10,55.3,Unfenced,C,
16/04/2025,A,1,Z4,2,Urochloa mosambicensis,2,38.3,Unfenced,C,
16/04/2025,A,1,Z4,2,,,34.7,Unfenced,C,
16/04/2025,A,1,Z4,2,,,30.5,Unfenced,C,
16/04/2025,A,1,Z4,1,Hyparrhenia hirta,1,24.6,Unfenced,C,
16/04/2025,A,1,Z4,1,Bothriochloa insculpta,3,16.7,Unfenced,C,
16/04/2025,A,1,Z4,1,Digitaria erianthra,1,15.2,Unfenced,C,
16/04/2025,A,1,Z4,1,Urochloa mosambicensis,3,18.5,Unfenced,C,
16/04/2025,A,1,Z4,4,Urochloa mosambicensis,2,20.4,Unfenced,C,
16/04/2025,A,1,Z4,4,Heteropogon contortus,6,16.5,Unfenced,C,
16/04/2025,A,1,Z4,4,Miscanthus junceus,3,16.8,Unfenced,C,
16/04/2025,A,1,Z4,4,Setaria sphacelata,1,13.9,Unfenced,C,
16/04/2025,A,1,Z4,5,Hyparrhenia hirta,4,24.5,Unfenced,C,
16/04/2025,A,1,Z4,5,Urochloa mosambicensis,1,28.6,Unfenced,C,
16/04/2025,A,1,Z4,5,Enteropogon macrostachyus,1,28,Unfenced,C,
16/04/2025,A,1,Z4,5,,,26.5,Unfenced,C,
16/04/2025,A,1,Z4,3,Urochloa mosambicensis,3,41.7,Unfenced,C,
16/04/2025,A,1,Z4,3,Heteropogon contortus,3,34.5,Unfenced,C,
16/04/2025,A,1,Z4,3,Bothriochloa insculpta,3,26.7,Unfenced,C,
16/04/2025,A,1,Z4,3,Brachiaria serrata,2,25.3,Unfenced,C,
16/04/2025,A,1,Z4,3,Diheteropogon anplactence,1,,Unfenced,C,
16/04/2025,A,1,Z4,3,Themeda triandra,1,,Unfenced,C,
16/04/2025,A,1,Z2,3,Urochloa mosambicensis,8,29.9,Fenced,C,
16/04/2025,A,1,Z2,3,Bothriochloa insculpta,2,31.3,Fenced,C,
16/04/2025,A,1,Z2,3,Heteropogon contortus,6,28.1,Fenced,C,
16/04/2025,A,1,Z2,3,,,28,Fenced,C,
16/04/2025,A,1,Z2,4,Andropogon eucomas,3,21.3,Fenced,C,
16/04/2025,A,1,Z2,4,Hyperrhenia filipendula,3,21.6,Fenced,C,
16/04/2025,A,1,Z2,4,Setaria sphacelata,3,19.1,Fenced,C,
16/04/2025,A,1,Z2,4,Heteropogon contortus,1,20,Fenced,C,
16/04/2025,A,1,Z2,4,Brachiaria serrata,4,,Fenced,C,
16/04/2025,A,1,Z2,1,Urochloa mosambicensis,2,20.7,Fenced,C,
16/04/2025,A,1,Z2,1,Cymbopogon excavatus,5,19,Fenced,C,
16/04/2025,A,1,Z2,1,Setaria sphacelata,1,17.5,Fenced,C,
16/04/2025,A,1,Z2,1,,,3.5,Fenced,C,
16/04/2025,A,1,Z2,5,Hyperthelia dissoluta,3,28.2,Fenced,C,
16/04/2025,A,1,Z2,5,Hyperrhenia filipendula,3,24.9,Fenced,C,
16/04/2025,A,1,Z2,5,Setaria sphacelata,2,28,Fenced,C,
16/04/2025,A,1,Z2,5,,,32.1,Fenced,C,
16/04/2025,A,1,Z2,2,Diheteropogon anplactence,4,10.2,Fenced,C,
16/04/2025,A,1,Z2,2,Heteropogon contortus,2,12.2,Fenced,C,
16/04/2025,A,1,Z2,2,,,13.7,Fenced,C,
16/04/2025,A,1,Z2,2,,,11.8,Fenced,C,
16/04/2025,A,1,Z1,4,Heteropogon contortus,3,7.4,Fenced,C,
16/04/2025,A,1,Z1,4,Aristida adscensionis,3,6.2,Fenced,C,
16/04/2025,A,1,Z1,4,Urochloa mosambicensis,1,6.9,Fenced,C,
16/04/2025,A,1,Z1,4,Digitaria erianthra,2,12.8,Fenced,C,
16/04/2025,A,1,Z1,4,Setaria incressata,3,,Fenced,C,
16/04/2025,A,1,Z1,3,Hyperrhenia filipendula,1,26.5,Fenced,C,
16/04/2025,A,1,Z1,3,Urochloa mosambicensis,5,28.1,Fenced,C,
16/04/2025,A,1,Z1,3,Cymbopogon excavatus,2,25.9,Fenced,C,
16/04/2025,A,1,Z1,3,Setaria sphacelata,1,25.2,Fenced,C,
16/04/2025,A,1,Z1,5,Cymbopogon plurinodis,3,0,Fenced,C,
16/04/2025,A,1,Z1,5,,,0,Fenced,C,
16/04/2025,A,1,Z1,5,,,13.5,Fenced,C,
16/04/2025,A,1,Z1,5,,,15,Fenced,C,
16/04/2025,A,1,Z1,2,Diheteropogon anplactence,2,20,Fenced,C,
16/04/2025,A,1,Z1,2,Digitaria erianthra,4,17.6,Fenced,C,
16/04/2025,A,1,Z1,2,Heteropogon contortus,3,14.1,Fenced,C,
16/04/2025,A,1,Z1,2,,,12.8,Fenced,C,
16/04/2025,A,1,Z1,1,Diheteropogon anplactence,1,77.2,Fenced,C,
16/04/2025,A,1,Z1,1,Hyperthelia dissoluta,3,24.2,Fenced,C,
16/04/2025,A,1,Z1,1,Digitaria erianthra,2,18.8,Fenced,C,
16/04/2025,A,1,Z1,1,Urochloa mosambicensis,3,16.5,Fenced,C,
17/04/2025,B,1,Z1,4,Cymbopogon excavatus,1,7.6,Fenced,C,
10/04/2025,D,5,Z3,2,Aristida adscensionis,2.4,2.4,Fenced,THF,
10/04/2025,D,5,Z3,2,,,2.4,Fenced,THF,
10/04/2025,D,5,Z3,2,,,2.4,Fenced,THF,
10/04/2025,D,5,Z3,2,,,2.4,Fenced,THF,
10/04/2025,D,5,Z3,1,Aristida adscensionis,8,4.9,Fenced,THF,
10/04/2025,D,5,Z3,1,Eragrostis gummiflua,1,4,Fenced,THF,
10/04/2025,D,5,Z3,1,Setaria incressata,9,4.3,Fenced,THF,
10/04/2025,D,5,Z3,1,Enteropogon macrostachyus,2,4.8,Fenced,THF,
10/04/2025,D,5,Z3,1,Heteropogon contortus,1,,Fenced,THF,
10/04/2025,D,5,Z3,3,Heteropogon contortus,7,4,Fenced,THF,
10/04/2025,D,5,Z3,3,Cymbopogon excavatus,1,6.1,Fenced,THF,
10/04/2025,D,5,Z3,3,,,5.3,Fenced,THF,
10/04/2025,D,5,Z3,3,,,8.3,Fenced,THF,
10/04/2025,D,5,Z3,4,Heteropogon contortus,17,10.5,Fenced,THF,
10/04/2025,D,5,Z3,4,Eragrostis rigidior,2,10.8,Fenced,THF,
10/04/2025,D,5,Z3,4,,,10.9,Fenced,THF,
10/04/2025,D,5,Z3,4,,,11.5,Fenced,THF,
10/04/2025,D,5,Z3,5,Eragrostis rigidior,4,26.6,Fenced,THF,
10/04/2025,D,5,Z3,5,Enteropogon macrostachyus,3,20.2,Fenced,THF,
10/04/2025,D,5,Z3,5,Heteropogon contortus,1,15.2,Fenced,THF,
10/04/2025,D,5,Z3,5,Eragrostis viscosa,7,13.5,Fenced,THF,
10/04/2025,D,5,Z3,5,Aristida adscensionis,1,,Fenced,THF,
10/04/2025,D,5,Z1,2,Setaria incressata,6,3.7,Fenced,THF,
10/04/2025,D,5,Z1,2,Heteropogon contortus,5,3.4,Fenced,THF,
10/04/2025,D,5,Z1,2,Brachiaria brizantha,2,4.2,Fenced,THF,
10/04/2025,D,5,Z1,2,Aristida adscensionis,4,4.6,Fenced,THF,
10/04/2025,D,5,Z1,2,Dactyloctenium giganteum,1,,Fenced,THF,
10/04/2025,D,5,Z1,1,Heteropogon contortus,3,10.7,Fenced,THF,
10/04/2025,D,5,Z1,1,Brachiaria nigropedata,3,16.6,Fenced,THF,
10/04/2025,D,5,Z1,1,Aristida adscensionis,4,21.6,Fenced,THF,
10/04/2025,D,5,Z1,1,,,21.9,Fenced,THF,
10/04/2025,D,5,Z1,4,Heteropogon contortus,2,10.7,Fenced,THF,
10/04/2025,D,5,Z1,4,Eragrostis viscosa,6,16.6,Fenced,THF,
10/04/2025,D,5,Z1,4,Enteropogon macrostachyus,4,21.6,Fenced,THF,
10/04/2025,D,5,Z1,4,,,21.9,Fenced,THF,
10/04/2025,D,5,Z1,3,Pogonarthria squarrosa ,26,7.5,Fenced,THF,
10/04/2025,D,5,Z1,3,Setaria incressata,2,9.5,Fenced,THF,
10/04/2025,D,5,Z1,3,Eragrostis viscosa,4,10.6,Fenced,THF,
10/04/2025,D,5,Z1,3,Diheteropogon anplactence,1,9.6,Fenced,THF,
10/04/2025,D,5,Z1,5,Enteropogon macrostachyus,8,14.9,Fenced,THF,
10/04/2025,D,5,Z1,5,Heteropogon contortus,4,15.5,Fenced,THF,
10/04/2025,D,5,Z1,5,Cymbopogon nardus,3,15.5,Fenced,THF,
10/04/2025,D,5,Z1,5,Aristida adscensionis,2,16.5,Fenced,THF,
10/04/2025,D,5,Z1,5,Panicum maximum,1,,Fenced,THF,
10/04/2025,D,5,Z1,5,Brachiaria brizantha,1,,Fenced,THF,
10/04/2025,D,5,Z2,1,Heteropogon contortus,18,11.7,Unfenced,THF,
10/04/2025,D,5,Z2,1,Brachiaria brizantha,3,11.4,Unfenced,THF,
10/04/2025,D,5,Z2,1,Eragrostis viscosa,3,8,Unfenced,THF,
10/04/2025,D,5,Z2,1,Eragrostis rigidior,1,8,Unfenced,THF,
10/04/2025,D,5,Z2,1,Eragrostis gummiflua,5,,Unfenced,THF,
10/04/2025,D,5,Z2,1,Setaria incressata,3,,Unfenced,THF,
10/04/2025,D,5,Z2,1,Digitaria erianthra,3,,Unfenced,THF,
10/04/2025,D,5,Z2,2,Brachiaria brizantha,5,5.4,Unfenced,THF,
10/04/2025,D,5,Z2,2,Eragrostis viscosa,10,5,Unfenced,THF,
10/04/2025,D,5,Z2,2,Aristida diffusa,3,7.5,Unfenced,THF,
10/04/2025,D,5,Z2,2,Enteropogon macrostachyus,3,5,Unfenced,THF,
10/04/2025,D,5,Z2,5,Eragrostis rigidior,8,6.6,Unfenced,THF,
10/04/2025,D,5,Z2,5,Brachiaria brizantha,12,6.1,Unfenced,THF,
10/04/2025,D,5,Z2,5,Enteropogon macrostachyus,3,5.9,Unfenced,THF,
10/04/2025,D,5,Z2,5,,,5.9,Unfenced,THF,
10/04/2025,D,5,Z2,4,Enteropogon macrostachyus,3,10.5,Unfenced,THF,
10/04/2025,D,5,Z2,4,Setaria incressata,2,7.9,Unfenced,THF,
10/04/2025,D,5,Z2,4,Brachiaria brizantha,3,8.7,Unfenced,THF,
10/04/2025,D,5,Z2,4,Aristida adscensionis,3,8.3,Unfenced,THF,
10/04/2025,D,5,Z2,4,Eragrostis cylindriflora,2,,Unfenced,THF,
10/04/2025,D,5,Z2,3,Eragrostis cylindriflora,1,2.3,Unfenced,THF,
10/04/2025,D,5,Z2,3,Eragrostis viscosa,12,2.3,Unfenced,THF,
10/04/2025,D,5,Z2,3,Aristida diffusa,1,3.9,Unfenced,THF,
10/04/2025,D,5,Z2,3,Perotis patens,8,4.7,Unfenced,THF,
10/04/2025,D,5,Z2,3,Enteropogon macrostachyus,3,,Unfenced,THF,
10/04/2025,D,5,Z4,4,Enteropogon macrostachyus,3,4.7,Unfenced,THF,
10/04/2025,D,5,Z4,4,Setaria incressata,1,6.4,Unfenced,THF,
10/04/2025,D,5,Z4,4,Eragrostis rigidior,1,8.8,Unfenced,THF,
10/04/2025,D,5,Z4,4,,,9.3,Unfenced,THF,
10/04/2025,D,5,Z4,3,Enteropogon macrostachyus,2,14.1,Unfenced,THF,
10/04/2025,D,5,Z4,3,Diheteropogon anplactence,3,14.5,Unfenced,THF,
10/04/2025,D,5,Z4,3,,,13.3,Unfenced,THF,
10/04/2025,D,5,Z4,3,,,13.8,Unfenced,THF,
10/04/2025,D,5,Z4,5,Enteropogon macrostachyus,9,5.6,Unfenced,THF,
10/04/2025,D,5,Z4,5,Heteropogon contortus,8,9.6,Unfenced,THF,
10/04/2025,D,5,Z4,5,Eragrostis gummiflua,2,10.8,Unfenced,THF,
10/04/2025,D,5,Z4,5,Eragrostis viscosa,1,9.2,Unfenced,THF,
10/04/2025,D,5,Z4,1,Eragrostis viscosa,2,6.8,Unfenced,THF,
10/04/2025,D,5,Z4,1,Cymbopogon nardus,1,5.8,Unfenced,THF,
10/04/2025,D,5,Z4,1,Aristida adscensionis,2,5,Unfenced,THF,
10/04/2025,D,5,Z4,1,Brachiaria brizantha,3,7.8,Unfenced,THF,
10/04/2025,D,5,Z4,1,Enteropogon macrostachyus,1,7.8,Unfenced,THF,
10/04/2025,D,5,Z4,1,Eragrostis gummiflua,4,,Unfenced,THF,
10/04/2025,D,5,Z4,2,Eragrostis superba,1,7.8,Unfenced,THF,
10/04/2025,D,5,Z4,2,Eragrostis viscosa,12,5.7,Unfenced,THF,
10/04/2025,D,5,Z4,2,Heteropogon contortus,2,6.5,Unfenced,THF,
10/04/2025,D,5,Z4,2,Aristida congesta B,5,7.7,Unfenced,THF,
10/04/2025,D,5,Z4,2,Aristida diffusa,1,,Unfenced,THF,
10/04/2025,D,5,Z4,2,Enteropogon macrostachyus,1,,Unfenced,THF,
10/04/2025,D,4,Z1,3,Heteropogon contortus,2,2,Fenced,TFB,
10/04/2025,D,4,Z1,3,Aristida adscensionis,4,2,Fenced,TFB,
10/04/2025,D,4,Z1,3,Pogonarthria squarrosa ,11,2,Fenced,TFB,
10/04/2025,D,4,Z1,3,Setaria incressata,2,2,Fenced,TFB,
10/04/2025,D,4,Z1,3,Perotis patens,1,2,Fenced,TFB,
10/04/2025,D,4,Z1,5,Heteropogon contortus,6,10.1,Fenced,TFB,
10/04/2025,D,4,Z1,5,Setaria incressata,3,7.5,Fenced,TFB,
10/04/2025,D,4,Z1,5,Eragrostis gummiflua,12,8,Fenced,TFB,
10/04/2025,D,4,Z1,5,Eragrostis viscosa,1,7,Fenced,TFB,
10/04/2025,D,4,Z1,5,Aristida adscensionis,1,,Fenced,TFB,
10/04/2025,D,4,Z1,2,Brachiaria brizantha,2,2.9,Fenced,TFB,
10/04/2025,D,4,Z1,2,Aristida adscensionis,1,4,Fenced,TFB,
10/04/2025,D,4,Z1,2,Eragrostis gummiflua,8,5.1,Fenced,TFB,
10/04/2025,D,4,Z1,2,Setaria incressata,6,5.2,Fenced,TFB,
10/04/2025,D,4,Z1,2,Enteropogon macrostachyus,4,,Fenced,TFB,
10/04/2025,D,4,Z1,1,Setaria incressata,10,3.2,Fenced,TFB,
10/04/2025,D,4,Z1,1,Panicum maximum,4,4.6,Fenced,TFB,
10/04/2025,D,4,Z1,1,Aristida adscensionis,3,5.6,Fenced,TFB,
10/04/2025,D,4,Z1,1,,,6.1,Fenced,TFB,
10/04/2025,D,4,Z1,4,Panicum maximum,1,35.9,Fenced,TFB,
10/04/2025,D,4,Z1,4,Brachiaria nigropedata,4,27.1,Fenced,TFB,
10/04/2025,D,4,Z1,4,Cymbopogon nardus,7,24.3,Fenced,TFB,
10/04/2025,D,4,Z1,4,Heteropogon contortus,1,24.6,Fenced,TFB,
10/04/2025,D,4,Z1,4,Setaria incressata,3,,Fenced,TFB,
10/04/2025,D,4,Z3,4,Pogonarthria squarrosa ,8,1.7,Fenced,TFB,
10/04/2025,D,4,Z3,4,Setaria incressata,1,1.7,Fenced,TFB,
10/04/2025,D,4,Z3,4,Enteropogon macrostachyus,3,1.8,Fenced,TFB,
10/04/2025,D,4,Z3,4,Eragrostis gummiflua,2,2.8,Fenced,TFB,
10/04/2025,D,4,Z3,3,Eragrostis superba,2,27.9,Fenced,TFB,
10/04/2025,D,4,Z3,3,Sporobolus africanus,1,18.9,Fenced,TFB,
10/04/2025,D,4,Z3,3,Enteropogon macrostachyus,2,17.6,Fenced,TFB,
10/04/2025,D,4,Z3,3,Eragrostis gummiflua,1,13.8,Fenced,TFB,
10/04/2025,D,4,Z3,3,Chloris virgata,2,,Fenced,TFB,
10/04/2025,D,4,Z3,5,Setaria incressata,6,18.5,Fenced,TFB,
10/04/2025,D,4,Z3,5,Heteropogon contortus,4,17.4,Fenced,TFB,
10/04/2025,D,4,Z3,5,Diheteropogon anplactence,1,17,Fenced,TFB,
10/04/2025,D,4,Z3,5,Enteropogon macrostachyus,1,19.6,Fenced,TFB,
10/04/2025,D,4,Z3,2,Eragrostis gummiflua,5,5.1,Fenced,TFB,
10/04/2025,D,4,Z3,2,Enteropogon macrostachyus,4,16.1,Fenced,TFB,
10/04/2025,D,4,Z3,2,Diheteropogon anplactence,3,25.4,Fenced,TFB,
10/04/2025,D,4,Z3,2,Heteropogon contortus,2,28.9,Fenced,TFB,
10/04/2025,D,4,Z3,1,Heteropogon contortus,2,9.6,Fenced,TFB,
10/04/2025,D,4,Z3,1,Diheteropogon anplactence,1,8.9,Fenced,TFB,
10/04/2025,D,4,Z3,1,Setaria incressata,5,8.9,Fenced,TFB,
10/04/2025,D,4,Z3,1,Aristida adscensionis,2,10.2,Fenced,TFB,
10/04/2025,D,4,Z4,2,Heteropogon contortus,3,5.1,Unfenced,TFB,
10/04/2025,D,4,Z4,2,Eragrostis gummiflua,4,6.9,Unfenced,TFB,
10/04/2025,D,4,Z4,2,Setaria incressata,2,12,Unfenced,TFB,
10/04/2025,D,4,Z4,2,Eragrostis superba,1,13.5,Unfenced,TFB,
10/04/2025,D,4,Z4,3,Enteropogon macrostachyus,3,17.3,Unfenced,TFB,
10/04/2025,D,4,Z4,3,Brachiaria brizantha,8,17.4,Unfenced,TFB,
10/04/2025,D,4,Z4,3,Aristida adscensionis,3,18.3,Unfenced,TFB,
10/04/2025,D,4,Z4,3,Panicum maximum,4,19.5,Unfenced,TFB,
10/04/2025,D,4,Z4,3,Heteropogon contortus,2,,Unfenced,TFB,
10/04/2025,D,4,Z4,4,Aristida diffusa,3,6.3,Unfenced,TFB,
10/04/2025,D,4,Z4,4,Brachiaria brizantha,3,5.3,Unfenced,TFB,
10/04/2025,D,4,Z4,4,Setaria incressata,2,4.9,Unfenced,TFB,
10/04/2025,D,4,Z4,4,Pogonarthria squarrosa ,3,8.3,Unfenced,TFB,
10/04/2025,D,4,Z4,4,Enteropogon macrostachyus,12,,Unfenced,TFB,
10/04/2025,D,4,Z4,4,Heteropogon contortus,1,,Unfenced,TFB,
10/04/2025,D,4,Z4,5,Melinis repens,1,8.9,Unfenced,TFB,
10/04/2025,D,4,Z4,5,Brachiaria brizantha,1,12,Unfenced,TFB,
10/04/2025,D,4,Z4,5,Cymbopogon nardus,1,11.6,Unfenced,TFB,
10/04/2025,D,4,Z4,5,Heteropogon contortus,5,11.9,Unfenced,TFB,
10/04/2025,D,4,Z4,5,Panicum maximum,1,,Unfenced,TFB,
10/04/2025,D,4,Z4,1,Digitaria erianthra,4,4.6,Unfenced,TFB,
10/04/2025,D,4,Z4,1,Heteropogon contortus,3,5.8,Unfenced,TFB,
10/04/2025,D,4,Z4,1,Enteropogon macrostachyus,2,7.7,Unfenced,TFB,
10/04/2025,D,4,Z4,1,Pogonarthria squarrosa ,2,7.3,Unfenced,TFB,
10/04/2025,D,4,Z4,1,Eragrostis gummiflua,2,,Unfenced,TFB,
10/04/2025,D,4,Z4,1,Aristida diffusa,1,,Unfenced,TFB,
10/04/2025,D,4,Z4,1,Panicum maximum,1,,Unfenced,TFB,
10/04/2025,D,4,Z2,2,Heteropogon contortus,2,6.8,Unfenced,TFB,
10/04/2025,D,4,Z2,2,Setaria incressata,4,6.4,Unfenced,TFB,
10/04/2025,D,4,Z2,2,Aristida adscensionis,2,5.9,Unfenced,TFB,
10/04/2025,D,4,Z2,2,Brachiaria nigropedata,3,6.3,Unfenced,TFB,
10/04/2025,D,4,Z2,2,Pogonarthria squarrosa ,1,,Unfenced,TFB,
10/04/2025,D,4,Z2,2,Enteropogon macrostachyus,2,,Unfenced,TFB,
10/04/2025,D,4,Z2,1,Enteropogon macrostachyus,4,4.1,Unfenced,TFB,
10/04/2025,D,4,Z2,1,Panicum maximum,3,15.3,Unfenced,TFB,
10/04/2025,D,4,Z2,1,Aristida adscensionis,3,17.8,Unfenced,TFB,
10/04/2025,D,4,Z2,1,Heteropogon contortus,2,13.9,Unfenced,TFB,
10/04/2025,D,4,Z2,4,Setaria incressata,2,6,Unfenced,TFB,
10/04/2025,D,4,Z2,4,Aristida diffusa,1,5.1,Unfenced,TFB,
10/04/2025,D,4,Z2,4,Enteropogon macrostachyus,2,4.6,Unfenced,TFB,
10/04/2025,D,4,Z2,4,Aristida adscensionis,1,4.6,Unfenced,TFB,
10/04/2025,D,4,Z2,4,Eragrostis gummiflua,2,,Unfenced,TFB,
10/04/2025,D,4,Z2,3,Eragrostis viscosa,2,2.8,Unfenced,TFB,
10/04/2025,D,4,Z2,3,Aristida adscensionis,5,7.1,Unfenced,TFB,
10/04/2025,D,4,Z2,3,Heteropogon contortus,1,7.3,Unfenced,TFB,
10/04/2025,D,4,Z2,3,Eragrostis cylindriflora,1,7.6,Unfenced,TFB,
10/04/2025,D,4,Z2,3,Panicum maximum,1,,Unfenced,TFB,
10/04/2025,D,4,Z2,5,Heteropogon contortus,3,34.5,Unfenced,TFB,
10/04/2025,D,4,Z2,5,Setaria incressata,1,21,Unfenced,TFB,
10/04/2025,D,4,Z2,5,Eragrostis viscosa,6,15.4,Unfenced,TFB,
10/04/2025,D,4,Z2,5,Aristida diffusa,3,12.8,Unfenced,TFB,
10/04/2025,D,4,Z2,5,Aristida adscensionis,4,,Unfenced,TFB,
10/04/2025,D,4,Z2,5,Diheteropogon anplactence,1,,Unfenced,TFB,
10/04/2025,D,4,Z2,5,Eragrostis gummiflua,2,,Unfenced,TFB,
10/04/2025,D,4,Z2,5,Enteropogon macrostachyus,2,,Unfenced,TFB,
10/04/2025,D,3,Z3,2,Brachiaria serrata,11,9.8,Fenced,TF,
10/04/2025,D,3,Z3,2,Eragrostis rigidior,5,9.7,Fenced,TF,
10/04/2025,D,3,Z3,2,Aristida adscensionis,8,9.5,Fenced,TF,
10/04/2025,D,3,Z3,2,Setaria incressata,2,9.2,Fenced,TF,
10/04/2025,D,3,Z3,2,Heteropogon contortus,2,,Fenced,TF,
10/04/2025,D,3,Z3,3,Heteropogon contortus,4,14.9,Fenced,TF,
10/04/2025,D,3,Z3,3,Enteropogon macrostachyus,4,14.8,Fenced,TF,
10/04/2025,D,3,Z3,3,Eragrostis cylindriflora,2,14.4,Fenced,TF,
10/04/2025,D,3,Z3,3,Panicum maximum,3,15.6,Fenced,TF,
10/04/2025,D,3,Z3,3,Diheteropogon anplactence,3,,Fenced,TF,
10/04/2025,D,3,Z3,3,Eragrostis viscosa,4,,Fenced,TF,
10/04/2025,D,3,Z3,4,Eragrostis cylindriflora,6,12.8,Fenced,TF,
10/04/2025,D,3,Z3,4,Enteropogon macrostachyus,4,8.6,Fenced,TF,
10/04/2025,D,3,Z3,4,Heteropogon contortus,3,10.8,Fenced,TF,
10/04/2025,D,3,Z3,4,,,9.4,Fenced,TF,
10/04/2025,D,3,Z3,5,Brachiaria serrata,5,14.2,Fenced,TF,
10/04/2025,D,3,Z3,5,Setaria incressata,6,16.1,Fenced,TF,
10/04/2025,D,3,Z3,5,Aristida adscensionis,4,15.9,Fenced,TF,
10/04/2025,D,3,Z3,5,Eragrostis cylindriflora,3,15.7,Fenced,TF,
10/04/2025,D,3,Z3,5,Heteropogon contortus,4,,Fenced,TF,
10/04/2025,D,3,Z3,5,Enteropogon macrostachyus,3,,Fenced,TF,
10/04/2025,D,3,Z3,5,Brachiaria nigropedata,3,,Fenced,TF,
10/04/2025,D,3,Z3,1,Brachiaria serrata,10,4.3,Fenced,TF,
10/04/2025,D,3,Z3,1,Miscanthus junceus,8,4,Fenced,TF,
10/04/2025,D,3,Z3,1,Setaria incressata,4,3.8,Fenced,TF,
10/04/2025,D,3,Z3,1,,,4.2,Fenced,TF,
10/04/2025,D,3,Z1,2,Miscanthus junceus,5,5.6,Fenced,TF,
10/04/2025,D,3,Z1,2,Brachiaria serrata,6,5.1,Fenced,TF,
10/04/2025,D,3,Z1,2,Eragrostis gummiflua,22,6.8,Fenced,TF,
10/04/2025,D,3,Z1,2,Chloris virgata,1,9.1,Fenced,TF,
10/04/2025,D,3,Z1,2,Eragrostis cylindriflora,1,,Fenced,TF,
10/04/2025,D,3,Z1,2,Aristida adscensionis,2,,Fenced,TF,
10/04/2025,D,3,Z1,1,Brachiaria serrata,21,25.6,Fenced,TF,
10/04/2025,D,3,Z1,1,Heteropogon contortus,5,26.8,Fenced,TF,
10/04/2025,D,3,Z1,1,Chloris virgata,2,19.2,Fenced,TF,
10/04/2025,D,3,Z1,1,Setaria incressata,3,14.5,Fenced,TF,
10/04/2025,D,3,Z1,1,Brachiaria brizantha,3,,Fenced,TF,
10/04/2025,D,3,Z1,5,Panicum maximum,4,4.7,Fenced,TF,
10/04/2025,D,3,Z1,5,Setaria incressata,4,5.4,Fenced,TF,
10/04/2025,D,3,Z1,5,Brachiaria brizantha,5,5.1,Fenced,TF,
10/04/2025,D,3,Z1,5,Eragrostis cylindriflora,2,6.4,Fenced,TF,
10/04/2025,D,3,Z1,5,Enteropogon macrostachyus,3,,Fenced,TF,
10/04/2025,D,3,Z1,5,Heteropogon contortus,3,,Fenced,TF,
10/04/2025,D,3,Z1,4,Setaria incressata,2,3.8,Fenced,TF,
10/04/2025,D,3,Z1,4,Enteropogon macrostachyus,3,3,Fenced,TF,
10/04/2025,D,3,Z1,4,Brachiaria brizantha,1,3,Fenced,TF,
10/04/2025,D,3,Z1,4,Eragrostis gummiflua,8,5.4,Fenced,TF,
10/04/2025,D,3,Z1,3,Heteropogon contortus,2,20,Fenced,TF,
10/04/2025,D,3,Z1,3,Aristida adscensionis,4,13.3,Fenced,TF,
10/04/2025,D,3,Z1,3,Setaria incressata,5,11.8,Fenced,TF,
10/04/2025,D,3,Z1,3,Enteropogon macrostachyus,4,,Fenced,TF,
10/04/2025,D,3,Z1,3,Brachiaria brizantha,2,,Fenced,TF,
10/04/2025,D,3,Z2,2,Brachiaria brizantha,3,10.2,Unfenced,TF,
10/04/2025,D,3,Z2,2,Setaria incressata,6,10,Unfenced,TF,
10/04/2025,D,3,Z2,2,Heteropogon contortus,2,10,Unfenced,TF,
10/04/2025,D,3,Z2,2,Enteropogon macrostachyus,3,10.2,Unfenced,TF,
10/04/2025,D,3,Z2,1,Heteropogon contortus,14,11.1,Unfenced,TF,
10/04/2025,D,3,Z2,1,Eragrostis rigidior,1,11.7,Unfenced,TF,
10/04/2025,D,3,Z2,1,Eragrostis viscosa,1,7.3,Unfenced,TF,
10/04/2025,D,3,Z2,1,Diheteropogon anplactence,1,8,Unfenced,TF,
10/04/2025,D,3,Z2,4,Enteropogon macrostachyus,6,7.6,Unfenced,TF,
10/04/2025,D,3,Z2,4,Brachiaria serrata,2,8.2,Unfenced,TF,
10/04/2025,D,3,Z2,4,Setaria incressata,4,7.8,Unfenced,TF,
10/04/2025,D,3,Z2,4,Aristida diffusa,2,7.1,Unfenced,TF,
10/04/2025,D,3,Z2,4,Heteropogon contortus,3,,Unfenced,TF,
10/04/2025,D,3,Z2,3,,0,0,Unfenced,TF,
10/04/2025,D,3,Z2,3,,0,0,Unfenced,TF,
10/04/2025,D,3,Z2,3,,0,0,Unfenced,TF,
10/04/2025,D,3,Z2,3,,0,0,Unfenced,TF,
10/04/2025,D,3,Z2,5,Aristida adscensionis,18,8.7,Unfenced,TF,
10/04/2025,D,3,Z2,5,Enteropogon macrostachyus,3,6.7,Unfenced,TF,
10/04/2025,D,3,Z2,5,Setaria incressata,1,8.5,Unfenced,TF,
10/04/2025,D,3,Z2,5,Heteropogon contortus,2,8.1,Unfenced,TF,
10/04/2025,D,3,Z2,5,Aristida diffusa,2,,Unfenced,TF,
10/04/2025,D,3,Z4,4,Brachiaria brizantha,3,7.6,Unfenced,TF,
10/04/2025,D,3,Z4,4,Heteropogon contortus,2,7.3,Unfenced,TF,
10/04/2025,D,3,Z4,4,Setaria incressata,2,7.1,Unfenced,TF,
10/04/2025,D,3,Z4,4,Aristida diffusa,2,7.3,Unfenced,TF,
10/04/2025,D,3,Z4,2,Heteropogon contortus,4,7.2,Unfenced,TF,
10/04/2025,D,3,Z4,2,Eragrostis gummiflua,5,9.8,Unfenced,TF,
10/04/2025,D,3,Z4,2,Brachiaria brizantha,6,8.9,Unfenced,TF,
10/04/2025,D,3,Z4,2,Eragrostis viscosa,7,8.5,Unfenced,TF,
10/04/2025,D,3,Z4,2,Setaria incressata,5,,Unfenced,TF,
10/04/2025,D,3,Z4,2,Aristida adscensionis,2,,Unfenced,TF,
10/04/2025,D,3,Z4,1,Enteropogon macrostachyus,4,3,Unfenced,TF,
10/04/2025,D,3,Z4,1,Panicum maximum,1,3,Unfenced,TF,
10/04/2025,D,3,Z4,1,Aristida adscensionis,2,3.8,Unfenced,TF,
10/04/2025,D,3,Z4,1,Setaria incressata,2,3.9,Unfenced,TF,
10/04/2025,D,3,Z4,1,Eragrostis gummiflua,1,,Unfenced,TF,
10/04/2025,D,3,Z4,3,Heteropogon contortus,3,8,Unfenced,TF,
10/04/2025,D,3,Z4,3,Setaria incressata,1,6.5,Unfenced,TF,
10/04/2025,D,3,Z4,3,Enteropogon macrostachyus,5,9,Unfenced,TF,
10/04/2025,D,3,Z4,3,Panicum maximum,6,9.4,Unfenced,TF,
10/04/2025,D,3,Z4,3,Aristida adscensionis,2,,Unfenced,TF,
10/04/2025,D,3,Z4,3,Brachiaria brizantha,4,,Unfenced,TF,
10/04/2025,D,3,Z4,5,Eragrostis cylindriflora,2,7.8,Unfenced,TF,
10/04/2025,D,3,Z4,5,Heteropogon contortus,10,8.8,Unfenced,TF,
10/04/2025,D,3,Z4,5,Aristida adscensionis,5,26.7,Unfenced,TF,
10/04/2025,D,3,Z4,5,Setaria incressata,2,22,Unfenced,TF,
10/04/2025,D,3,Z4,5,Chloris virgata,1,,Unfenced,TF,
11/04/2025,D,2,Z1,1,Brachiaria brizantha,6,3.9,Fenced,F,
11/04/2025,D,2,Z1,1,Setaria incressata,4,5.2,Fenced,F,
11/04/2025,D,2,Z1,1,,,6.6,Fenced,F,
11/04/2025,D,2,Z1,1,,,5.8,Fenced,F,
11/04/2025,D,2,Z1,4,Brachiaria serrata,10,18.2,Fenced,F,
11/04/2025,D,2,Z1,4,Heteropogon contortus,9,15.4,Fenced,F,
11/04/2025,D,2,Z1,4,Digitaria erianthra,5,14.1,Fenced,F,
11/04/2025,D,2,Z1,4,Brachiaria brizantha,5,14.8,Fenced,F,
11/04/2025,D,2,Z1,4,Aristida adscensionis,3,,Fenced,F,
11/04/2025,D,2,Z1,3,Heteropogon contortus,4,22.5,Fenced,F,
11/04/2025,D,2,Z1,3,Setaria incressata,5,20.6,Fenced,F,
11/04/2025,D,2,Z1,3,Eragrostis viscosa,7,19.3,Fenced,F,
11/04/2025,D,2,Z1,3,Eragrostis rigidior,3,18.5,Fenced,F,
11/04/2025,D,2,Z1,3,Aristida adscensionis,3,,Fenced,F,
11/04/2025,D,2,Z1,2,Diheteropogon anplactence,6,16.7,Fenced,F,
11/04/2025,D,2,Z1,2,Brachiaria brizantha,5,16,Fenced,F,
11/04/2025,D,2,Z1,2,Setaria incressata,1,13.7,Fenced,F,
11/04/2025,D,2,Z1,2,Aristida adscensionis,4,12.1,Fenced,F,
11/04/2025,D,2,Z1,5,Setaria incressata,8,10.5,Fenced,F,
11/04/2025,D,2,Z1,5,Brachiaria brizantha,9,15.3,Fenced,F,
11/04/2025,D,2,Z1,5,Aristida adscensionis,3,13.6,Fenced,F,
11/04/2025,D,2,Z1,5,,,14.9,Fenced,F,
11/04/2025,D,2,Z3,4,Enteropogon macrostachyus,2,1.6,Fenced,F,
11/04/2025,D,2,Z3,4,Eragrostis viscosa,1,2.2,Fenced,F,
11/04/2025,D,2,Z3,4,Heteropogon contortus,2,1.6,Fenced,F,
11/04/2025,D,2,Z3,4,Setaria incressata,1,4.5,Fenced,F,
11/04/2025,D,2,Z3,4,Digitaria erianthra,4,,Fenced,F,
11/04/2025,D,2,Z3,4,Eragrostis rigidior,1,,Fenced,F,
11/04/2025,D,2,Z3,3,Diheteropogon anplactence,2,3.7,Fenced,F,
11/04/2025,D,2,Z3,3,Panicum maximum,3,3.4,Fenced,F,
11/04/2025,D,2,Z3,3,,,3.4,Fenced,F,
11/04/2025,D,2,Z3,3,,,3.2,Fenced,F,
11/04/2025,D,2,Z3,2,Heteropogon contortus,5,2.7,Fenced,F,
11/04/2025,D,2,Z3,2,Brachiaria brizantha,3,4.4,Fenced,F,
11/04/2025,D,2,Z3,2,Enteropogon macrostachyus,5,4.6,Fenced,F,
11/04/2025,D,2,Z3,2,,,5.2,Fenced,F,
11/04/2025,D,2,Z3,1,Brachiaria brizantha,12,4.6,Fenced,F,
11/04/2025,D,2,Z3,1,Heteropogon contortus,3,4.8,Fenced,F,
11/04/2025,D,2,Z3,1,Setaria incressata,3,4.6,Fenced,F,
11/04/2025,D,2,Z3,1,,,4.9,Fenced,F,
11/04/2025,D,2,Z3,5,Setaria incressata,15,5.9,Fenced,F,
11/04/2025,D,2,Z3,5,Brachiaria brizantha,4,5.1,Fenced,F,
11/04/2025,D,2,Z3,5,,,6,Fenced,F,
11/04/2025,D,2,Z3,5,,,6.9,Fenced,F,
11/04/2025,D,2,Z4,2,Eragrostis cylindriflora,5,13.9,Unfenced,F,
11/04/2025,D,2,Z4,2,Brachiaria brizantha,4,13.7,Unfenced,F,
11/04/2025,D,2,Z4,2,Diheteropogon anplactence,8,13.6,Unfenced,F,
11/04/2025,D,2,Z4,2,Aristida adscensionis,6,24.5,Unfenced,F,
11/04/2025,D,2,Z4,2,Setaria incressata,5,,Unfenced,F,
11/04/2025,D,2,Z4,2,Heteropogon contortus,8,,Unfenced,F,
11/04/2025,D,2,Z4,2,Panicum maximum,6,,Unfenced,F,
11/04/2025,D,2,Z4,1,Heteropogon contortus,2,2.8,Unfenced,F,
11/04/2025,D,2,Z4,1,Brachiaria brizantha,8,3.4,Unfenced,F,
11/04/2025,D,2,Z4,1,Panicum maximum,2,4.4,Unfenced,F,
11/04/2025,D,2,Z4,1,,,3.7,Unfenced,F,
11/04/2025,D,2,Z4,3,Eragrostis rigidior,8,7.5,Unfenced,F,
11/04/2025,D,2,Z4,3,Heteropogon contortus,3,8.6,Unfenced,F,
11/04/2025,D,2,Z4,3,Brachiaria brizantha,6,8.7,Unfenced,F,
11/04/2025,D,2,Z4,3,Eragrostis cylindriflora,5,8.5,Unfenced,F,
11/04/2025,D,2,Z4,3,Aristida adscensionis,5,,Unfenced,F,
11/04/2025,D,2,Z4,3,Diheteropogon anplactence,5,,Unfenced,F,
11/04/2025,D,2,Z4,3,Setaria incressata,5,,Unfenced,F,
11/04/2025,D,2,Z4,3,Panicum maximum,4,,Unfenced,F,
11/04/2025,D,2,Z4,4,Heteropogon contortus,15,12.5,Unfenced,F,
11/04/2025,D,2,Z4,4,Chloris virgata,5,11.7,Unfenced,F,
11/04/2025,D,2,Z4,4,Setaria incressata,3,9.8,Unfenced,F,
11/04/2025,D,2,Z4,4,Brachiaria brizantha,11,11,Unfenced,F,
11/04/2025,D,2,Z4,4,Panicum maximum,6,,Unfenced,F,
11/04/2025,D,2,Z4,4,Eragrostis cylindriflora,2,,Unfenced,F,
11/04/2025,D,2,Z4,4,Enteropogon macrostachyus,2,,Unfenced,F,
11/04/2025,D,2,Z4,4,Aristida adscensionis,2,,Unfenced,F,
11/04/2025,D,2,Z4,5,Brachiaria brizantha,5,13.6,Unfenced,F,
11/04/2025,D,2,Z4,5,Setaria incressata,8,13.4,Unfenced,F,
11/04/2025,D,2,Z4,5,Eragrostis rigidior,12,11.2,Unfenced,F,
11/04/2025,D,2,Z4,5,Eragrostis cylindriflora,3,11.6,Unfenced,F,
11/04/2025,D,2,Z2,4,Heteropogon contortus,2,8.4,Unfenced,F,
11/04/2025,D,2,Z2,4,Brachiaria brizantha,3,7.5,Unfenced,F,
11/04/2025,D,2,Z2,4,Eragrostis rigidior,1,6.9,Unfenced,F,
11/04/2025,D,2,Z2,4,Setaria incressata,3,4,Unfenced,F,
11/04/2025,D,2,Z2,4,Eragrostis cylindriflora,2,,Unfenced,F,
11/04/2025,D,2,Z2,4,Aristida adscensionis,4,,Unfenced,F,
11/04/2025,D,2,Z2,3,Brachiaria brizantha,4,14.5,Unfenced,F,
11/04/2025,D,2,Z2,3,Eragrostis rigidior,4,18.8,Unfenced,F,
11/04/2025,D,2,Z2,3,Setaria incressata,11,17.6,Unfenced,F,
11/04/2025,D,2,Z2,3,Digitaria erianthra,6,15.9,Unfenced,F,
11/04/2025,D,2,Z2,3,Chloris virgata,3,,Unfenced,F,
11/04/2025,D,2,Z2,1,Heteropogon contortus,3,6.1,Unfenced,F,
11/04/2025,D,2,Z2,1,Chloris virgata,2,9.4,Unfenced,F,
11/04/2025,D,2,Z2,1,Setaria incressata,4,10.3,Unfenced,F,
11/04/2025,D,2,Z2,1,Brachiaria serrata,9,9.2,Unfenced,F,
11/04/2025,D,2,Z2,1,Aristida adscensionis,6,,Unfenced,F,
11/04/2025,D,2,Z2,1,Eragrostis cylindriflora,8,,Unfenced,F,
11/04/2025,D,2,Z2,1,Eragrostis rigidior,6,,Unfenced,F,
11/04/2025,D,2,Z2,2,Heteropogon contortus,3,6.4,Unfenced,F,
11/04/2025,D,2,Z2,2,Enteropogon macrostachyus,5,6.1,Unfenced,F,
11/04/2025,D,2,Z2,2,Setaria incressata,5,5.7,Unfenced,F,
11/04/2025,D,2,Z2,2,Brachiaria serrata,10,6.3,Unfenced,F,
11/04/2025,D,2,Z2,2,Brachiaria brizantha,6,,Unfenced,F,
11/04/2025,D,2,Z2,2,Eragrostis cylindriflora,5,,Unfenced,F,
11/04/2025,D,2,Z2,2,Aristida adscensionis,5,,Unfenced,F,
11/04/2025,D,2,Z2,5,Eragrostis cylindriflora,11,6.9,Unfenced,F,
11/04/2025,D,2,Z2,5,Brachiaria brizantha,10,6.3,Unfenced,F,
11/04/2025,D,2,Z2,5,Eragrostis rigidior,4,7.3,Unfenced,F,
11/04/2025,D,2,Z2,5,Setaria incressata,3,7,Unfenced,F,
11/04/2025,D,2,Z2,5,Panicum maximum,3,,Unfenced,F,
17/04/2025,B,1,Z1,4,Heteropogon contortus,5,16.4,Fenced,C,
17/04/2025,B,1,Z1,4,,,19.5,Fenced,C,
17/04/2025,B,1,Z1,4,,,16.7,Fenced,C,
17/04/2025,B,1,Z1,1,Heteropogon contortus,13,19.2,Fenced,C,
17/04/2025,B,1,Z1,1,Digitaria erianthra,1,21.1,Fenced,C,
17/04/2025,B,1,Z1,1,,,21.9,Fenced,C,
17/04/2025,B,1,Z1,1,,,21.4,Fenced,C,
17/04/2025,B,1,Z1,2,Heteropogon contortus,23,21.1,Fenced,C,
17/04/2025,B,1,Z1,2,Eragrostis rigidior,2,20.8,Fenced,C,
17/04/2025,B,1,Z1,2,,,20.6,Fenced,C,
17/04/2025,B,1,Z1,2,,,20.3,Fenced,C,
17/04/2025,B,1,Z1,5,Heteropogon contortus,15,12.1,Fenced,C,
17/04/2025,B,1,Z1,5,,,16.4,Fenced,C,
17/04/2025,B,1,Z1,5,,,20.9,Fenced,C,
17/04/2025,B,1,Z1,5,,,21.7,Fenced,C,
17/04/2025,B,1,Z1,3,Heteropogon contortus,5,6.5,Fenced,C,
17/04/2025,B,1,Z1,3,Digitaria erianthra,2,4.9,Fenced,C,
17/04/2025,B,1,Z1,3,Eragrostis superba,3,5.9,Fenced,C,
17/04/2025,B,1,Z1,3,Bothriochloa insculpta,1,7.5,Fenced,C,
17/04/2025,B,1,Z1,3,Cymbopogon excavatus,1,,Fenced,C,
17/04/2025,B,1,Z3,1,Cymbopogon excavatus,1,23.3,Fenced,C,
17/04/2025,B,1,Z3,1,Hyperrhenia filipendula,1,19.4,Fenced,C,
17/04/2025,B,1,Z3,1,Eragrostis superba,2,23.7,Fenced,C,
17/04/2025,B,1,Z3,1,Eragrostis gummiflua,3,0,Fenced,C,
17/04/2025,B,1,Z3,4,Heteropogon contortus,17,13.9,Fenced,C,
17/04/2025,B,1,Z3,4,Cymbopogon excavatus,2,15.1,Fenced,C,
17/04/2025,B,1,Z3,4,Setaria sphacelata,1,16,Fenced,C,
17/04/2025,B,1,Z3,4,,,15.9,Fenced,C,
17/04/2025,B,1,Z3,3,Heteropogon contortus,10,21.8,Fenced,C,
17/04/2025,B,1,Z3,3,Eragrostis superba,2,23.2,Fenced,C,
17/04/2025,B,1,Z3,3,,,17.8,Fenced,C,
17/04/2025,B,1,Z3,3,,,16.6,Fenced,C,
17/04/2025,B,1,Z3,5,Heteropogon contortus,13,10.5,Fenced,C,
17/04/2025,B,1,Z3,5,Cymbopogon excavatus,1,8.7,Fenced,C,
17/04/2025,B,1,Z3,5,,,9.5,Fenced,C,
17/04/2025,B,1,Z3,5,,,11.9,Fenced,C,
17/04/2025,B,1,Z3,2,Heteropogon contortus,11,23.7,Fenced,C,
17/04/2025,B,1,Z3,2,Themeda triandra,2,20.3,Fenced,C,
17/04/2025,B,1,Z3,2,,,21.6,Fenced,C,
17/04/2025,B,1,Z3,2,,,21,Fenced,C,
17/04/2025,B,1,Z4,2,Cymbopogon excavatus,1,1.9,Unfenced,C,
17/04/2025,B,1,Z4,2,Heteropogon contortus,1,15.3,Unfenced,C,
17/04/2025,B,1,Z4,2,Eragrostis viscosa,1,11.6,Unfenced,C,
17/04/2025,B,1,Z4,2,Setaria sphacelata,1,10,Unfenced,C,
17/04/2025,B,1,Z4,2,,,,Unfenced,C,
17/04/2025,B,1,Z4,1,Bothriochloa insculpta,21,6.4,Unfenced,C,
17/04/2025,B,1,Z4,1,Melinis repens,2,9.1,Unfenced,C,
17/04/2025,B,1,Z4,1,Eragrostis cylindriflora,1,8.6,Unfenced,C,
17/04/2025,B,1,Z4,1,Heteropogon contortus,3,8.9,Unfenced,C,
17/04/2025,B,1,Z4,4,Bothriochloa insculpta,10,3.8,Unfenced,C,
17/04/2025,B,1,Z4,4,Heteropogon contortus,7,6.2,Unfenced,C,
17/04/2025,B,1,Z4,4,Themeda triandra,1,7.7,Unfenced,C,
17/04/2025,B,1,Z4,4,,,8,Unfenced,C,
17/04/2025,B,1,Z4,3,Heteropogon contortus,8,9.2,Unfenced,C,
17/04/2025,B,1,Z4,3,Aristida adscensionis,6,10.8,Unfenced,C,
17/04/2025,B,1,Z4,3,Eragrostis rigidior,1,14.9,Unfenced,C,
17/04/2025,B,1,Z4,3,Eragrostis gummiflua,7,14.7,Unfenced,C,
17/04/2025,B,1,Z4,3,Eragrostis superba,1,,Unfenced,C,
17/04/2025,B,1,Z4,5,Heteropogon contortus,15,17.1,Unfenced,C,
17/04/2025,B,1,Z4,5,Eragrostis rigidior,1,16.3,Unfenced,C,
17/04/2025,B,1,Z4,5,Eragrostis superba,1,15.4,Unfenced,C,
17/04/2025,B,1,Z4,5,,,13.3,Unfenced,C,
17/04/2025,B,1,Z2,2,Cymbopogon excavatus,2,9.6,Unfenced,C,
17/04/2025,B,1,Z2,2,Heteropogon contortus,9,11,Unfenced,C,
17/04/2025,B,1,Z2,2,Digitaria erianthra,7,10.7,Unfenced,C,
17/04/2025,B,1,Z2,2,Eragrostis gummiflua,1,11.7,Unfenced,C,
17/04/2025,B,1,Z2,3,Themeda triandra,1,8.9,Unfenced,C,
17/04/2025,B,1,Z2,3,Bothriochloa insculpta,3,21.1,Unfenced,C,
17/04/2025,B,1,Z2,3,Aristida adscensionis,1,22.2,Unfenced,C,
17/04/2025,B,1,Z2,3,,,19.9,Unfenced,C,
17/04/2025,B,1,Z2,5,Heteropogon contortus,13,11.8,Unfenced,C,
17/04/2025,B,1,Z2,5,Bothriochloa insculpta,6,11.3,Unfenced,C,
17/04/2025,B,1,Z2,5,Melinis repens,3,10.5,Unfenced,C,
17/04/2025,B,1,Z2,5,,,10,Unfenced,C,
17/04/2025,B,1,Z2,1,Heteropogon contortus,2,11.9,Unfenced,C,
17/04/2025,B,1,Z2,1,Eragrostis rigidior,3,18.1,Unfenced,C,
17/04/2025,B,1,Z2,1,Eragrostis superba,2,13.9,Unfenced,C,
17/04/2025,B,1,Z2,1,Cymbopogon excavatus,1,0,Unfenced,C,
17/04/2025,B,1,Z2,1,Aristida diffusa,1,,Unfenced,C,
17/04/2025,B,1,Z2,4,Melinis repens,7,5.9,Unfenced,C,
17/04/2025,B,1,Z2,4,Eragrostis rigidior,2,6.5,Unfenced,C,
17/04/2025,B,1,Z2,4,Bothriochloa insculpta,13,5.6,Unfenced,C,
17/04/2025,B,1,Z2,4,Cynodon dactylon,1,5.5,Unfenced,C,
24/04/2025,C,1,Z2,3,Pogonarthria squarrosa ,5,30.6,Fenced,C,
24/04/2025,C,1,Z2,3,Heteropogon contortus,1,21.3,Fenced,C,
24/04/2025,C,1,Z2,3,,,17.2,Fenced,C,
24/04/2025,C,1,Z2,3,,,15.3,Fenced,C,
24/04/2025,C,1,Z2,5,Hyperrhenia filipendula,1,5.2,Fenced,C,
24/04/2025,C,1,Z2,5,Pogonarthria squarrosa ,22,4.8,Fenced,C,
24/04/2025,C,1,Z2,5,,,5.3,Fenced,C,
24/04/2025,C,1,Z2,5,,,5.2,Fenced,C,
24/04/2025,C,1,Z2,2,Pogonarthria squarrosa ,5,4.1,Fenced,C,
24/04/2025,C,1,Z2,2,Eragrostis gummiflua,2,2.9,Fenced,C,
24/04/2025,C,1,Z2,2,Setaria incressata,3,2.8,Fenced,C,
24/04/2025,C,1,Z2,2,,,4.1,Fenced,C,
24/04/2025,C,1,Z2,1,Setaria incressata,4,11.2,Fenced,C,
24/04/2025,C,1,Z2,1,Heteropogon contortus,4,12.4,Fenced,C,
24/04/2025,C,1,Z2,1,Digitaria erianthra,5,12.1,Fenced,C,
24/04/2025,C,1,Z2,1,,,8.4,Fenced,C,
24/04/2025,C,1,Z2,4,Setaria incressata,6,4,Fenced,C,
12/04/2025,B,5,Z1,1,Heteropogon contortus,13,21.1,Fenced,THF,
12/04/2025,B,5,Z1,1,Cynodon dactylon,11,22.9,Fenced,THF,
12/04/2025,B,5,Z1,1,Eragrostis superba,2,17.7,Fenced,THF,
12/04/2025,B,5,Z1,1,Eragrostis gummiflua,5,21.5,Fenced,THF,
12/04/2025,B,5,Z1,1,Eragrostis rigidior,2,,Fenced,THF,
12/04/2025,B,5,Z1,1,Aristida congesta B,1,,Fenced,THF,
12/04/2025,B,5,Z1,4,Heteropogon contortus,10,27.3,Fenced,THF,
12/04/2025,B,5,Z1,4,Cynodon dactylon,9,36.8,Fenced,THF,
12/04/2025,B,5,Z1,4,Digitaria erianthra,2,36.1,Fenced,THF,
12/04/2025,B,5,Z1,4,Bothriochloa insculpta,6,26.9,Fenced,THF,
12/04/2025,B,5,Z1,3,Cymbopogon excavatus,1,14.2,Fenced,THF,
12/04/2025,B,5,Z1,3,Digitaria erianthra,8,9.1,Fenced,THF,
12/04/2025,B,5,Z1,3,,,6.6,Fenced,THF,
12/04/2025,B,5,Z1,3,,,19.7,Fenced,THF,
12/04/2025,B,5,Z1,5,Heteropogon contortus,13,28.3,Fenced,THF,
12/04/2025,B,5,Z1,5,Bothriochloa insculpta,8,21.5,Fenced,THF,
12/04/2025,B,5,Z1,5,Cymbopogon excavatus,3,24.7,Fenced,THF,
12/04/2025,B,5,Z1,5,,,28,Fenced,THF,
12/04/2025,B,5,Z1,2,Heteropogon contortus,3,14.6,Fenced,THF,
12/04/2025,B,5,Z1,2,Eragrostis superba,2,13.8,Fenced,THF,
12/04/2025,B,5,Z1,2,Digitaria erianthra,3,18.7,Fenced,THF,
12/04/2025,B,5,Z1,2,Hyperthelia dissoluta,1,4.1,Fenced,THF,
12/04/2025,B,5,Z3,1,Heteropogon contortus,13,5.9,Fenced,THF,
12/04/2025,B,5,Z3,1,Sporobolus africanus,2,8.2,Fenced,THF,
12/04/2025,B,5,Z3,1,,,6.2,Fenced,THF,
12/04/2025,B,5,Z3,1,,,2.5,Fenced,THF,
12/04/2025,B,5,Z3,2,Heteropogon contortus,4,32.3,Fenced,THF,
12/04/2025,B,5,Z3,2,Cynodon dactylon,24,35.6,Fenced,THF,
12/04/2025,B,5,Z3,2,Brachiaria serrata,3,41.5,Fenced,THF,
12/04/2025,B,5,Z3,2,Aristida congesta B,4,26.4,Fenced,THF,
12/04/2025,B,5,Z3,2,Setaria sphacelata,1,,Fenced,THF,
12/04/2025,B,5,Z3,3,Cymbopogon excavatus,4,15.4,Fenced,THF,
12/04/2025,B,5,Z3,3,Cynodon dactylon,8,25.1,Fenced,THF,
12/04/2025,B,5,Z3,3,Heteropogon contortus,5,31.4,Fenced,THF,
12/04/2025,B,5,Z3,3,,,17.7,Fenced,THF,
12/04/2025,B,5,Z3,4,Heteropogon contortus,2,2.9,Fenced,THF,
12/04/2025,B,5,Z3,4,Digitaria erianthra,11,6.6,Fenced,THF,
12/04/2025,B,5,Z3,4,,,3.4,Fenced,THF,
12/04/2025,B,5,Z3,4,,,2.4,Fenced,THF,
12/04/2025,B,5,Z3,5,Heteropogon contortus,9,29.9,Fenced,THF,
12/04/2025,B,5,Z3,5,Digitaria erianthra,4,26.6,Fenced,THF,
12/04/2025,B,5,Z3,5,Aristida congesta B,2,26.8,Fenced,THF,
12/04/2025,B,5,Z3,5,,,28.4,Fenced,THF,
12/04/2025,B,5,Z4,2,Eragrostis superba,2,10.9,Unfenced,THF,
12/04/2025,B,5,Z4,2,Bothriochloa insculpta,25,9.2,Unfenced,THF,
12/04/2025,B,5,Z4,2,,,11.9,Unfenced,THF,
12/04/2025,B,5,Z4,2,,,11.8,Unfenced,THF,
12/04/2025,B,5,Z4,1,Heteropogon contortus,7,7.5,Unfenced,THF,
12/04/2025,B,5,Z4,1,Cynodon dactylon,5,15.5,Unfenced,THF,
12/04/2025,B,5,Z4,1,Aristida congesta B,1,9,Unfenced,THF,
12/04/2025,B,5,Z4,1,Digitaria erianthra,1,11.8,Unfenced,THF,
12/04/2025,B,5,Z4,5,Heteropogon contortus,4,10.4,Unfenced,THF,
12/04/2025,B,5,Z4,5,Aristida congesta B,2,10.7,Unfenced,THF,
12/04/2025,B,5,Z4,5,Digitaria erianthra,3,17.4,Unfenced,THF,
12/04/2025,B,5,Z4,5,Bothriochloa insculpta,13,11.5,Unfenced,THF,
12/04/2025,B,5,Z4,5,Eragrostis superba,1,,Unfenced,THF,
12/04/2025,B,5,Z4,3,Sporobolus africanus,3,6,Unfenced,THF,
12/04/2025,B,5,Z4,3,Cynodon dactylon,12,8.8,Unfenced,THF,
12/04/2025,B,5,Z4,3,Digitaria erianthra,10,11.4,Unfenced,THF,
12/04/2025,B,5,Z4,3,,,8.7,Unfenced,THF,
12/04/2025,B,5,Z4,4,Heteropogon contortus,1,6.9,Unfenced,THF,
12/04/2025,B,5,Z4,4,Digitaria erianthra,11,9.2,Unfenced,THF,
12/04/2025,B,5,Z4,4,Cynodon dactylon,10,15.1,Unfenced,THF,
12/04/2025,B,5,Z4,4,Bothriochloa insculpta,7,10.9,Unfenced,THF,
12/04/2025,B,5,Z2,3,Heteropogon contortus,10,6,Unfenced,THF,
12/04/2025,B,5,Z2,3,Bothriochloa insculpta,13,6.7,Unfenced,THF,
12/04/2025,B,5,Z2,3,Digitaria erianthra,2,1.9,Unfenced,THF,
12/04/2025,B,5,Z2,3,,,5.9,Unfenced,THF,
12/04/2025,B,5,Z2,4,Cymbopogon excavatus,1,5.4,Unfenced,THF,
12/04/2025,B,5,Z2,4,Heteropogon contortus,5,8.6,Unfenced,THF,
12/04/2025,B,5,Z2,4,Digitaria erianthra,4,2.1,Unfenced,THF,
12/04/2025,B,5,Z2,4,Eragrostis rigidior,1,21.7,Unfenced,THF,
12/04/2025,B,5,Z2,4,Brachiaria serrata,1,,Unfenced,THF,
12/04/2025,B,5,Z2,5,Cymbopogon excavatus,5,12.9,Unfenced,THF,
12/04/2025,B,5,Z2,5,Eragrostis superba,2,19.8,Unfenced,THF,
12/04/2025,B,5,Z2,5,Heteropogon contortus,2,10.9,Unfenced,THF,
12/04/2025,B,5,Z2,5,,,15.6,Unfenced,THF,
12/04/2025,B,5,Z2,2,Heteropogon contortus,5,18.6,Unfenced,THF,
12/04/2025,B,5,Z2,2,Setaria sphacelata,2,10.2,Unfenced,THF,
12/04/2025,B,5,Z2,2,Cynodon dactylon,5,13.1,Unfenced,THF,
12/04/2025,B,5,Z2,2,,,44.3,Unfenced,THF,
12/04/2025,B,5,Z2,5,Heteropogon contortus,9,6.2,Unfenced,THF,
12/04/2025,B,5,Z2,5,Digitaria erianthra,11,9.8,Unfenced,THF,
12/04/2025,B,5,Z2,5,Cynodon dactylon,10,6.8,Unfenced,THF,
12/04/2025,B,5,Z2,5,Bothriochloa insculpta,2,6.3,Unfenced,THF,
12/04/2025,B,5,Z2,5,Aristida congesta B,2,,Unfenced,THF,
12/04/2025,B,4,Z3,1,Cymbopogon nardus,2,3.6,Unfenced,TFB,
12/04/2025,B,4,Z3,1,Hyperrhenia filipendula,6,9.2,Unfenced,TFB,
12/04/2025,B,4,Z3,1,Heteropogon contortus,3,5.3,Unfenced,TFB,
12/04/2025,B,4,Z3,1,,,26.4,Unfenced,TFB,
12/04/2025,B,4,Z3,4,Hyperthelia dissoluta,7,7.3,Unfenced,TFB,
12/04/2025,B,4,Z3,4,Digitaria erianthra,4,5.5,Unfenced,TFB,
12/04/2025,B,4,Z3,4,Heteropogon contortus,1,26.9,Unfenced,TFB,
12/04/2025,B,4,Z3,4,,,7.7,Unfenced,TFB,
12/04/2025,B,4,Z3,3,Heteropogon contortus,8,6.6,Unfenced,TFB,
12/04/2025,B,4,Z3,3,Digitaria erianthra,6,3.8,Unfenced,TFB,
12/04/2025,B,4,Z3,3,Cymbopogon excavatus,1,2.9,Unfenced,TFB,
12/04/2025,B,4,Z3,3,,,27.8,Unfenced,TFB,
12/04/2025,B,4,Z3,2,Cymbopogon excavatus,6,35.2,Unfenced,TFB,
12/04/2025,B,4,Z3,2,Aristida congesta B,1,31.2,Unfenced,TFB,
12/04/2025,B,4,Z3,2,Heteropogon contortus,3,43,Unfenced,TFB,
12/04/2025,B,4,Z3,2,Eragrostis superba,1,14.2,Unfenced,TFB,
12/04/2025,B,4,Z3,5,Aristida congesta B,2,,Unfenced,TFB,
12/04/2025,B,4,Z3,5,Heteropogon contortus,13,7.1,Unfenced,TFB,
12/04/2025,B,4,Z3,5,Cymbopogon excavatus,2,6.8,Unfenced,TFB,
12/04/2025,B,4,Z3,5,Digitaria erianthra,1,5.2,Unfenced,TFB,
12/04/2025,B,4,Z3,5,Aristida adscensionis,2,2.8,Unfenced,TFB,
12/04/2025,B,4,Z3,5,Melinis repens,1,,Unfenced,TFB,
12/04/2025,B,4,Z4,1,Eragrostis superba,3,2.7,Unfenced,TFB,
12/04/2025,B,4,Z4,1,Heteropogon contortus,8,2.2,Unfenced,TFB,
12/04/2025,B,4,Z4,1,Brachiaria serrata,2,4.8,Unfenced,TFB,
12/04/2025,B,4,Z4,1,,,32.6,Unfenced,TFB,
12/04/2025,B,4,Z4,3,Heteropogon contortus,7,23.9,Unfenced,TFB,
12/04/2025,B,4,Z4,3,Aristida congesta B,1,23.6,Unfenced,TFB,
12/04/2025,B,4,Z4,3,Cymbopogon excavatus,1,12.4,Unfenced,TFB,
12/04/2025,B,4,Z4,3,Cymbopogon excavatus,6,29.1,Unfenced,TFB,
12/04/2025,B,4,Z4,5,Heteropogon contortus,13,9.1,Unfenced,TFB,
12/04/2025,B,4,Z4,5,Digitaria erianthra,1,26.1,Unfenced,TFB,
12/04/2025,B,4,Z4,5,,,22.8,Unfenced,TFB,
12/04/2025,B,4,Z4,5,,,29.3,Unfenced,TFB,
12/04/2025,B,4,Z4,4,Heteropogon contortus,10,6.2,Unfenced,TFB,
12/04/2025,B,4,Z4,4,Cymbopogon excavatus,3,8.2,Unfenced,TFB,
12/04/2025,B,4,Z4,4,Aristida adscensionis,1,14,Unfenced,TFB,
12/04/2025,B,4,Z4,4,,,20.1,Unfenced,TFB,
12/04/2025,B,4,Z4,2,Heteropogon contortus,13,6.6,Unfenced,TFB,
12/04/2025,B,4,Z4,2,Aristida congesta B,3,6.9,Unfenced,TFB,
12/04/2025,B,4,Z4,2,Melinis repens,2,11,Unfenced,TFB,
12/04/2025,B,4,Z4,2,Digitaria erianthra,9,6.1,Unfenced,TFB,
12/04/2025,B,4,Z1,3,Cymbopogon excavatus,3,19.2,Fenced,TFB,
12/04/2025,B,4,Z1,3,Heteropogon contortus,11,20.4,Fenced,TFB,
12/04/2025,B,4,Z1,3,Aristida adscensionis,3,23.2,Fenced,TFB,
12/04/2025,B,4,Z1,3,Melinis repens,3,19.5,Fenced,TFB,
12/04/2025,B,4,Z1,2,Heteropogon contortus,7,21.8,Fenced,TFB,
12/04/2025,B,4,Z1,2,Digitaria erianthra,13,14.2,Fenced,TFB,
12/04/2025,B,4,Z1,2,Aristida adscensionis,1,22.1,Fenced,TFB,
12/04/2025,B,4,Z1,2,,,20.6,Fenced,TFB,
12/04/2025,B,4,Z1,1,Heteropogon contortus,8,25.6,Fenced,TFB,
12/04/2025,B,4,Z1,1,Cymbopogon excavatus,2,26.6,Fenced,TFB,
12/04/2025,B,4,Z1,1,Setaria sphacelata,1,22.8,Fenced,TFB,
12/04/2025,B,4,Z1,1,Eragrostis superba,1,34,Fenced,TFB,
12/04/2025,B,4,Z1,5,Cymbopogon excavatus,3,13,Fenced,TFB,
12/04/2025,B,4,Z1,5,Heteropogon contortus,4,16.7,Fenced,TFB,
12/04/2025,B,4,Z1,5,Eragrostis superba,1,15.1,Fenced,TFB,
12/04/2025,B,4,Z1,5,Eragrostis rigidior,1,27.3,Fenced,TFB,
12/04/2025,B,4,Z1,5,Brachiaria serrata,4,,Fenced,TFB,
12/04/2025,B,4,Z1,4,Themeda triandra,2,18.4,Fenced,TFB,
12/04/2025,B,4,Z1,4,Heteropogon contortus,7,19,Fenced,TFB,
12/04/2025,B,4,Z1,4,Digitaria erianthra,5,14.8,Fenced,TFB,
12/04/2025,B,4,Z1,4,,,16,Fenced,TFB,
12/04/2025,B,4,Z2,1,Heteropogon contortus,3,10.8,Fenced,TFB,
12/04/2025,B,4,Z2,1,Perotis patens,2,2.4,Fenced,TFB,
12/04/2025,B,4,Z2,1,Brachiaria serrata,3,2.4,Fenced,TFB,
12/04/2025,B,4,Z2,1,Eragrostis rigidior,1,2.9,Fenced,TFB,
12/04/2025,B,4,Z2,4,Eragrostis superba,1,38.2,Fenced,TFB,
12/04/2025,B,4,Z2,4,Cymbopogon excavatus,1,26.4,Fenced,TFB,
12/04/2025,B,4,Z2,4,Heteropogon contortus,6,21.2,Fenced,TFB,
12/04/2025,B,4,Z2,4,,,14.2,Fenced,TFB,
12/04/2025,B,4,Z2,3,Heteropogon contortus,4,3.2,Fenced,TFB,
12/04/2025,B,4,Z2,3,Digitaria erianthra,2,4.5,Fenced,TFB,
12/04/2025,B,4,Z2,3,Aristida adscensionis,1,8.2,Fenced,TFB,
12/04/2025,B,4,Z2,3,Brachiaria serrata,8,6.5,Fenced,TFB,
12/04/2025,B,4,Z2,5,Brachiaria serrata,1,30.6,Fenced,TFB,
12/04/2025,B,4,Z2,5,Cymbopogon excavatus,5,18.5,Fenced,TFB,
12/04/2025,B,4,Z2,5,,,14.6,Fenced,TFB,
12/04/2025,B,4,Z2,5,,,25.8,Fenced,TFB,
12/04/2025,B,4,Z2,2,Aristida adscensionis,1,22.4,Fenced,TFB,
12/04/2025,B,4,Z2,2,Heteropogon contortus,6,24.1,Fenced,TFB,
12/04/2025,B,4,Z2,2,Cymbopogon excavatus,4,22.2,Fenced,TFB,
12/04/2025,B,4,Z2,2,Urochloa mosambicensis,2,27.5,Fenced,TFB,
12/04/2025,B,3,Z4,3,Heteropogon contortus,9,11.2,Unfenced,TF,
12/04/2025,B,3,Z4,3,Aristida adscensionis,6,8.2,Unfenced,TF,
12/04/2025,B,3,Z4,3,Cymbopogon excavatus,1,11.8,Unfenced,TF,
12/04/2025,B,3,Z4,3,,,7.5,Unfenced,TF,
12/04/2025,B,3,Z4,2,Aristida adscensionis,11,10.4,Unfenced,TF,
12/04/2025,B,3,Z4,2,Heteropogon contortus,1,18.6,Unfenced,TF,
12/04/2025,B,3,Z4,2,Cymbopogon nardus,1,18,Unfenced,TF,
12/04/2025,B,3,Z4,2,,,22.8,Unfenced,TF,
12/04/2025,B,3,Z4,5,Digitaria erianthra,16,13.8,Unfenced,TF,
12/04/2025,B,3,Z4,5,Cymbopogon nardus,1,8.4,Unfenced,TF,
12/04/2025,B,3,Z4,5,Heteropogon contortus,1,6.2,Unfenced,TF,
12/04/2025,B,3,Z4,5,,,5.2,Unfenced,TF,
12/04/2025,B,3,Z4,4,Heteropogon contortus,16,11.4,Unfenced,TF,
12/04/2025,B,3,Z4,4,Eragrostis rigidior,1,15.4,Unfenced,TF,
12/04/2025,B,3,Z4,4,Bothriochloa insculpta,1,11.9,Unfenced,TF,
12/04/2025,B,3,Z4,4,,,22,Unfenced,TF,
12/04/2025,B,3,Z4,1,Aristida adscensionis,3,8,Unfenced,TF,
12/04/2025,B,3,Z4,1,Heteropogon contortus,10,2.8,Unfenced,TF,
12/04/2025,B,3,Z4,1,Eragrostis rigidior,1,12,Unfenced,TF,
12/04/2025,B,3,Z4,1,,,10.3,Unfenced,TF,
12/04/2025,B,3,Z3,4,Heteropogon contortus,18,23.3,Unfenced,TF,
12/04/2025,B,3,Z3,4,Cymbopogon nardus,1,13,Unfenced,TF,
12/04/2025,B,3,Z3,4,Eragrostis rigidior,1,12.8,Unfenced,TF,
12/04/2025,B,3,Z3,4,,,14.1,Unfenced,TF,
12/04/2025,B,3,Z3,3,Hyperrhenia filipendula,1,8.5,Unfenced,TF,
12/04/2025,B,3,Z3,3,Heteropogon contortus,15,6.7,Unfenced,TF,
12/04/2025,B,3,Z3,3,Aristida adscensionis,2,6.5,Unfenced,TF,
12/04/2025,B,3,Z3,3,,,6.1,Unfenced,TF,
12/04/2025,B,3,Z3,2,Aristida adscensionis,1,8.3,Unfenced,TF,
12/04/2025,B,3,Z3,2,Aristida adscensionis,1,4.2,Unfenced,TF,
12/04/2025,B,3,Z3,2,Themeda triandra,1,9.6,Unfenced,TF,
12/04/2025,B,3,Z3,2,Brachiaria serrata,3,3.4,Unfenced,TF,
12/04/2025,B,3,Z3,2,Heteropogon contortus,4,7.8,Unfenced,TF,
12/04/2025,B,3,Z3,5,Eragrostis rigidior,3,14.1,Unfenced,TF,
12/04/2025,B,3,Z3,5,Aristida adscensionis,4,9.8,Unfenced,TF,
12/04/2025,B,3,Z3,5,Heteropogon contortus,11,7.3,Unfenced,TF,
12/04/2025,B,3,Z3,5,Cymbopogon nardus,1,,Unfenced,TF,
12/04/2025,B,3,Z3,1,Heteropogon contortus,15,6.8,Unfenced,TF,
12/04/2025,B,3,Z3,1,Digitaria erianthra,3,8.2,Unfenced,TF,
12/04/2025,B,3,Z3,1,Eragrostis superba,1,7.9,Unfenced,TF,
12/04/2025,B,3,Z3,1,Aristida adscensionis,1,4.9,Unfenced,TF,
12/04/2025,B,3,Z1,2,Melinis repens,1,26.1,Fenced,TF,
12/04/2025,B,3,Z1,2,Cymbopogon excavatus,4,20.2,Fenced,TF,
12/04/2025,B,3,Z1,2,,,10.2,Fenced,TF,
12/04/2025,B,3,Z1,2,,,25,Fenced,TF,
12/04/2025,B,3,Z1,5,Cymbopogon nardus,3,14.6,Fenced,TF,
12/04/2025,B,3,Z1,5,Heteropogon contortus,16,20,Fenced,TF,
12/04/2025,B,3,Z1,5,Cymbopogon excavatus,1,29.3,Fenced,TF,
12/04/2025,B,3,Z1,5,Aristida adscensionis,1,44.2,Fenced,TF,
12/04/2025,B,3,Z1,5,,,,Fenced,TF,
12/04/2025,B,3,Z1,1,Cynodon dactylon,3,41.9,Fenced,TF,
12/04/2025,B,3,Z1,1,Themeda triandra,5,26.1,Fenced,TF,
12/04/2025,B,3,Z1,1,Heteropogon contortus,3,27.8,Fenced,TF,
12/04/2025,B,3,Z1,1,Eragrostis superba,1,46,Fenced,TF,
12/04/2025,B,3,Z1,4,Aristida congesta B,1,25.8,Fenced,TF,
12/04/2025,B,3,Z1,4,Digitaria erianthra,4,10.9,Fenced,TF,
12/04/2025,B,3,Z1,4,Heteropogon contortus,10,6.3,Fenced,TF,
12/04/2025,B,3,Z1,4,,,25.1,Fenced,TF,
12/04/2025,B,3,Z1,3,Melinis repens,4,12,Fenced,TF,
12/04/2025,B,3,Z1,3,Aristida adscensionis,3,15.7,Fenced,TF,
12/04/2025,B,3,Z1,3,Bothriochloa insculpta,5,11.8,Fenced,TF,
12/04/2025,B,3,Z1,3,,,16.2,Fenced,TF,
12/04/2025,B,3,Z2,2,Aristida adscensionis,3,15.6,Fenced,TF,
12/04/2025,B,3,Z2,2,Cymbopogon excavatus,6,22.2,Fenced,TF,
12/04/2025,B,3,Z2,2,Melinis repens,1,26.8,Fenced,TF,
12/04/2025,B,3,Z2,2,Eragrostis superba,1,17.3,Fenced,TF,
12/04/2025,B,3,Z2,2,Eragrostis curvula,2,,Fenced,TF,
12/04/2025,B,3,Z2,1,Setaria sphacelata,1,39,Fenced,TF,
12/04/2025,B,3,Z2,1,Themeda triandra,2,28.8,Fenced,TF,
12/04/2025,B,3,Z2,1,Heteropogon contortus,7,17.1,Fenced,TF,
12/04/2025,B,3,Z2,1,Cymbopogon excavatus,2,41.5,Fenced,TF,
12/04/2025,B,3,Z2,4,Cymbopogon excavatus,4,33.2,Fenced,TF,
12/04/2025,B,3,Z2,4,Melinis repens,1,28,Fenced,TF,
12/04/2025,B,3,Z2,4,Heteropogon contortus,4,14.9,Fenced,TF,
12/04/2025,B,3,Z2,4,,,42.7,Fenced,TF,
12/04/2025,B,3,Z2,5,Heteropogon contortus,7,47.7,Fenced,TF,
12/04/2025,B,3,Z2,5,Cymbopogon nardus,2,35.5,Fenced,TF,
12/04/2025,B,3,Z2,5,,,25.2,Fenced,TF,
12/04/2025,B,3,Z2,5,,,51,Fenced,TF,
12/04/2025,B,3,Z2,3,Aristida congesta B,1,15.7,Fenced,TF,
12/04/2025,B,3,Z2,3,Digitaria erianthra,6,32.3,Fenced,TF,
12/04/2025,B,3,Z2,3,Heteropogon contortus,14,15.6,Fenced,TF,
12/04/2025,B,3,Z2,3,Cymbopogon nardus,2,22.7,Fenced,TF,
14/04/2025,A,5,Z4,2,Bothriochloa insculpta,5,19,Unfenced,THF,
14/04/2025,A,5,Z4,2,Cynodon dactylon,1,16.8,Unfenced,THF,
14/04/2025,A,5,Z4,2,Eragrostis gummiflua,1,16.7,Unfenced,THF,
14/04/2025,A,5,Z4,2,,,16.6,Unfenced,THF,
14/04/2025,A,5,Z4,1,Urochloa mosambicensis,2,0,Unfenced,THF,
14/04/2025,A,5,Z4,1,Cymbopogon excavatus,1,14.3,Unfenced,THF,
14/04/2025,A,5,Z4,1,Bothriochloa insculpta,2,14.7,Unfenced,THF,
14/04/2025,A,5,Z4,1,Heteropogon contortus,2,13.7,Unfenced,THF,
14/04/2025,A,5,Z4,4,Bothriochloa insculpta,2,21.8,Unfenced,THF,
14/04/2025,A,5,Z4,4,Cymbopogon excavatus,2,16.5,Unfenced,THF,
14/04/2025,A,5,Z4,4,Urochloa mosambicensis,1,20.7,Unfenced,THF,
14/04/2025,A,5,Z4,4,,,21.2,Unfenced,THF,
14/04/2025,A,5,Z4,3,Urochloa mosambicensis,3,13.5,Unfenced,THF,
14/04/2025,A,5,Z4,3,Aristida adscensionis,2,13.2,Unfenced,THF,
14/04/2025,A,5,Z4,3,Bothriochloa insculpta,9,13.9,Unfenced,THF,
14/04/2025,A,5,Z4,3,,,11.7,Unfenced,THF,
14/04/2025,A,5,Z4,5,Urochloa mosambicensis,2,0,Unfenced,THF,
14/04/2025,A,5,Z4,5,Bothriochloa insculpta,3,23.6,Unfenced,THF,
14/04/2025,A,5,Z4,5,Aristida diffusa,1,17.3,Unfenced,THF,
14/04/2025,A,5,Z4,5,Setaria incressata,1,16.5,Unfenced,THF,
14/04/2025,A,5,Z2,2,Aristida adscensionis,1,22.7,Unfenced,THF,
14/04/2025,A,5,Z2,2,Urochloa mosambicensis,2,17.4,Unfenced,THF,
14/04/2025,A,5,Z2,2,Bothriochloa insculpta,5,18.4,Unfenced,THF,
14/04/2025,A,5,Z2,2,Heteropogon contortus,2,20.6,Unfenced,THF,
14/04/2025,A,5,Z2,1,Hyperrhenia filipendula,3,19.6,Unfenced,THF,
14/04/2025,A,5,Z2,1,Panicum maximum,1,37.9,Unfenced,THF,
14/04/2025,A,5,Z2,1,Urochloa mosambicensis,5,36.2,Unfenced,THF,
14/04/2025,A,5,Z2,1,Heteropogon contortus,1,33.7,Unfenced,THF,
14/04/2025,A,5,Z2,4,Cymbopogon excavatus,2,32.9,Unfenced,THF,
14/04/2025,A,5,Z2,4,Aristida adscensionis,2,18.7,Unfenced,THF,
14/04/2025,A,5,Z2,4,Urochloa mosambicensis,2,18.4,Unfenced,THF,
14/04/2025,A,5,Z2,4,Hyperrhenia filipendula,2,17.7,Unfenced,THF,
14/04/2025,A,5,Z2,3,Panicum maximum,2,23.9,Unfenced,THF,
14/04/2025,A,5,Z2,3,Urochloa mosambicensis,3,12.9,Unfenced,THF,
14/04/2025,A,5,Z2,3,,,16.8,Unfenced,THF,
14/04/2025,A,5,Z2,3,,,14.9,Unfenced,THF,
14/04/2025,A,5,Z2,5,Cymbopogon excavatus,1,27.1,Unfenced,THF,
14/04/2025,A,5,Z2,5,Miscanthus junceus,1,23.6,Unfenced,THF,
14/04/2025,A,5,Z2,5,Urochloa mosambicensis,4,24.1,Unfenced,THF,
14/04/2025,A,5,Z2,5,,,21.8,Unfenced,THF,
14/04/2025,A,2,Z1,2,Cymbopogon excavatus,2,23.4,Fenced,F,
14/04/2025,A,2,Z1,2,Bothriochloa insculpta,10,20.2,Fenced,F,
14/04/2025,A,2,Z1,2,Aristida adscensionis,1,13.6,Fenced,F,
14/04/2025,A,2,Z1,2,Eragrostis gummiflua,2,17.2,Fenced,F,
14/04/2025,A,2,Z1,2,Eragrostis superba,1,,Fenced,F,
14/04/2025,A,2,Z1,1,Andropogon eucomas,1,29.8,Fenced,F,
14/04/2025,A,2,Z1,1,Bothriochloa insculpta,8,22.7,Fenced,F,
14/04/2025,A,2,Z1,1,Heteropogon contortus,1,19.6,Fenced,F,
14/04/2025,A,2,Z1,1,Eragrostis gummiflua,1,19.5,Fenced,F,
14/04/2025,A,2,Z1,4,Andropogon eucomas,2,15.1,Fenced,F,
14/04/2025,A,2,Z1,4,Bothriochloa insculpta,11,14.2,Fenced,F,
14/04/2025,A,2,Z1,4,,,13.8,Fenced,F,
14/04/2025,A,2,Z1,4,,,13.8,Fenced,F,
14/04/2025,A,2,Z1,5,Digitaria erianthra,3,19.1,Fenced,F,
14/04/2025,A,2,Z1,5,Brachiaria serrata,1,16.6,Fenced,F,
14/04/2025,A,2,Z1,5,Bothriochloa insculpta,9,18.1,Fenced,F,
14/04/2025,A,2,Z1,5,Andropogon eucomas,2,6.1,Fenced,F,
14/04/2025,A,2,Z1,5,Setaria incressata,7,,Fenced,F,
14/04/2025,A,2,Z1,3,Urochloa mosambicensis,4,29.6,Fenced,F,
14/04/2025,A,2,Z1,3,Bothriochloa insculpta,2,25.5,Fenced,F,
14/04/2025,A,2,Z1,3,,,23.9,Fenced,F,
14/04/2025,A,2,Z1,3,,,23,Fenced,F,
14/04/2025,A,2,Z2,2,Hyperthelia dissoluta,1,17.1,Fenced,F,
14/04/2025,A,2,Z2,2,Hyperrhenia filipendula,1,48.1,Fenced,F,
14/04/2025,A,2,Z2,2,Andropogon eucomas,2,43.6,Fenced,F,
14/04/2025,A,2,Z2,2,,,40.2,Fenced,F,
14/04/2025,A,2,Z2,3,Urochloa mosambicensis,4,21.1,Fenced,F,
14/04/2025,A,2,Z2,3,Hyparrhenia hirta,4,28.1,Fenced,F,
14/04/2025,A,2,Z2,3,Hyperthelia dissoluta,3,26.6,Fenced,F,
14/04/2025,A,2,Z2,3,Heteropogon contortus,3,11.6,Fenced,F,
14/04/2025,A,2,Z2,4,Hyparrhenia hirta,2,23.3,Fenced,F,
14/04/2025,A,2,Z2,4,Heteropogon contortus,1,5.5,Fenced,F,
14/04/2025,A,2,Z2,4,Setaria incressata,6,14.1,Fenced,F,
14/04/2025,A,2,Z2,4,Brachiaria serrata,3,13.4,Fenced,F,
14/04/2025,A,2,Z2,5,Hyperthelia dissoluta,3,66.7,Fenced,F,
14/04/2025,A,2,Z2,5,Hyparrhenia hirta,1,29.4,Fenced,F,
14/04/2025,A,2,Z2,5,Urochloa mosambicensis,3,20.7,Fenced,F,
14/04/2025,A,2,Z2,5,,,21.9,Fenced,F,
14/04/2025,A,2,Z2,1,Andropogon eucomas,1,25.3,Fenced,F,
14/04/2025,A,2,Z2,1,Bothriochloa insculpta,2,18.8,Fenced,F,
14/04/2025,A,2,Z2,1,Miscanthus junceus,4,18.5,Fenced,F,
14/04/2025,A,2,Z2,1,,,16.5,Fenced,F,
14/04/2025,A,2,Z3,1,Hyperthelia dissoluta,2,16.9,Unfenced,F,
14/04/2025,A,2,Z3,1,Bothriochloa insculpta,5,22.6,Unfenced,F,
14/04/2025,A,2,Z3,1,Eragrostis gummiflua,1,20,Unfenced,F,
14/04/2025,A,2,Z3,1,,,19.2,Unfenced,F,
14/04/2025,A,2,Z3,2,Heteropogon contortus,1,15.8,Unfenced,F,
14/04/2025,A,2,Z3,2,Eragrostis superba,1,11.1,Unfenced,F,
14/04/2025,A,2,Z3,2,Aristida diffusa,3,10.6,Unfenced,F,
14/04/2025,A,2,Z3,2,Bothriochloa insculpta,8,13.3,Unfenced,F,
14/04/2025,A,2,Z3,3,Urochloa mosambicensis,2,28.6,Unfenced,F,
14/04/2025,A,2,Z3,3,Andropogon eucomas,1,24,Unfenced,F,
14/04/2025,A,2,Z3,3,Bothriochloa insculpta,12,20.4,Unfenced,F,
14/04/2025,A,2,Z3,3,,,14.9,Unfenced,F,
14/04/2025,A,2,Z3,5,Cymbopogon excavatus,3,18.4,Unfenced,F,
14/04/2025,A,2,Z3,5,Eragrostis superba,2,14.1,Unfenced,F,
14/04/2025,A,2,Z3,5,Bothriochloa insculpta,12,16.9,Unfenced,F,
14/04/2025,A,2,Z3,5,,,16.2,Unfenced,F,
14/04/2025,A,2,Z3,4,Urochloa mosambicensis,5,30.1,Unfenced,F,
14/04/2025,A,2,Z3,4,Hyperrhenia filipendula,3,23.6,Unfenced,F,
14/04/2025,A,2,Z3,4,Andropogon eucomas,1,21.6,Unfenced,F,
14/04/2025,A,2,Z3,4,Bothriochloa insculpta,8,17.6,Unfenced,F,
14/04/2025,A,2,Z4,2,Hyperthelia dissoluta,5,17.5,Unfenced,F,
14/04/2025,A,2,Z4,2,Urochloa mosambicensis,3,34.7,Unfenced,F,
14/04/2025,A,2,Z4,2,,,44.3,Unfenced,F,
14/04/2025,A,2,Z4,2,,,40.8,Unfenced,F,
14/04/2025,A,2,Z4,1,Aristida adscensionis,3,17.3,Unfenced,F,
14/04/2025,A,2,Z4,1,Hyperthelia dissoluta,8,17.5,Unfenced,F,
14/04/2025,A,2,Z4,1,Hyperrhenia filipendula,4,25,Unfenced,F,
14/04/2025,A,2,Z4,1,,,20.5,Unfenced,F,
14/04/2025,A,2,Z4,4,Urochloa mosambicensis,4,65.6,Unfenced,F,
14/04/2025,A,2,Z4,4,Hyperthelia dissoluta,3,43.3,Unfenced,F,
14/04/2025,A,2,Z4,4,Hyperrhenia filipendula,4,35.5,Unfenced,F,
14/04/2025,A,2,Z4,4,Andropogon eucomas,3,28.8,Unfenced,F,
14/04/2025,A,2,Z4,5,Hyperthelia dissoluta,4,47,Unfenced,F,
14/04/2025,A,2,Z4,5,Hyperrhenia filipendula,5,45.1,Unfenced,F,
14/04/2025,A,2,Z4,5,Urochloa mosambicensis,2,37.2,Unfenced,F,
14/04/2025,A,2,Z4,5,Heteropogon contortus,3,44.5,Unfenced,F,
14/04/2025,A,2,Z4,3,Cymbopogon nardus,1,53.7,Unfenced,F,
14/04/2025,A,2,Z4,3,Andropogon eucomas,3,39.4,Unfenced,F,
14/04/2025,A,2,Z4,3,Urochloa mosambicensis,1,28.3,Unfenced,F,
14/04/2025,A,2,Z4,3,Heteropogon contortus,3,30.7,Unfenced,F,
14/04/2025,A,2,Z4,3,Hyperthelia dissoluta,3,,Unfenced,F,
14/04/2025,A,2,Z4,3,Setaria sphacelata,1,,Unfenced,F,
14/04/2025,A,3,Z3,2,Setaria sphacelata,4,26.6,Fenced,TFB,
14/04/2025,A,3,Z3,2,Digitaria erianthra,4,17.5,Fenced,TFB,
14/04/2025,A,3,Z3,2,Urochloa mosambicensis,3,19,Fenced,TFB,
14/04/2025,A,3,Z3,2,Cynodon dactylon,12,18.7,Fenced,TFB,
14/04/2025,A,3,Z3,1,Heteropogon contortus,6,27.5,Fenced,TFB,
14/04/2025,A,3,Z3,1,Melinis repens,5,24.8,Fenced,TFB,
14/04/2025,A,3,Z3,1,Aristida diffusa,6,26.7,Fenced,TFB,
14/04/2025,A,3,Z3,1,Panicum maximum,2,22.2,Fenced,TFB,
14/04/2025,A,3,Z3,5,Hyperthelia dissoluta,3,19,Fenced,TFB,
14/04/2025,A,3,Z3,5,Hyperrhenia filipendula,4,24.7,Fenced,TFB,
14/04/2025,A,3,Z3,5,Heteropogon contortus,4,21.9,Fenced,TFB,
14/04/2025,A,3,Z3,5,Urochloa mosambicensis,4,24.9,Fenced,TFB,
14/04/2025,A,3,Z3,3,Heteropogon contortus,8,24.9,Fenced,TFB,
14/04/2025,A,3,Z3,3,Themeda triandra,2,22.3,Fenced,TFB,
14/04/2025,A,3,Z3,3,Cymbopogon excavatus,1,25.6,Fenced,TFB,
14/04/2025,A,3,Z3,3,Digitaria erianthra,4,21.5,Fenced,TFB,
14/04/2025,A,3,Z3,3,Panicum maximum,2,,Fenced,TFB,
14/04/2025,A,3,Z3,4,Hyperthelia dissoluta,3,33.7,Fenced,TFB,
14/04/2025,A,3,Z3,4,Aristida adscensionis,3,26.8,Fenced,TFB,
14/04/2025,A,3,Z3,4,Hyperrhenia filipendula,1,33.4,Fenced,TFB,
14/04/2025,A,3,Z3,4,Cymbopogon excavatus,1,32,Fenced,TFB,
14/04/2025,A,3,Z1,2,Hyparrhenia hirta,1,46.7,Fenced,TFB,
14/04/2025,A,3,Z1,2,,,0,Fenced,TFB,
14/04/2025,A,3,Z1,2,,,0,Fenced,TFB,
14/04/2025,A,3,Z1,2,,,0,Fenced,TFB,
14/04/2025,A,3,Z1,3,Bothriochloa insculpta,6,20.6,Fenced,TFB,
14/04/2025,A,3,Z1,3,Cymbopogon excavatus,1,16.1,Fenced,TFB,
14/04/2025,A,3,Z1,3,,,15.6,Fenced,TFB,
14/04/2025,A,3,Z1,3,,,14.4,Fenced,TFB,
14/04/2025,A,3,Z1,4,Andropogon eucomas,3,18.1,Fenced,TFB,
14/04/2025,A,3,Z1,4,Bothriochloa insculpta,5,14.3,Fenced,TFB,
14/04/2025,A,3,Z1,4,Urochloa mosambicensis,2,12.7,Fenced,TFB,
14/04/2025,A,3,Z1,4,,,12.4,Fenced,TFB,
14/04/2025,A,3,Z1,1,Urochloa mosambicensis,6,20.9,Fenced,TFB,
14/04/2025,A,3,Z1,1,Aristida congesta C,4,25.5,Fenced,TFB,
14/04/2025,A,3,Z1,1,Themeda triandra,3,28.6,Fenced,TFB,
14/04/2025,A,3,Z1,1,,,1.3,Fenced,TFB,
14/04/2025,A,3,Z1,5,Hyperthelia dissoluta,3,56.5,Fenced,TFB,
14/04/2025,A,3,Z1,5,Hyperrhenia filipendula,5,11.2,Fenced,TFB,
14/04/2025,A,3,Z1,5,Heteropogon contortus,4,61.9,Fenced,TFB,
14/04/2025,A,3,Z1,5,,,9.7,Fenced,TFB,
14/04/2025,A,3,Z2,1,Cymbopogon excavatus,2,32.7,Unfenced,TFB,
14/04/2025,A,3,Z2,1,Urochloa mosambicensis,1,3.8,Unfenced,TFB,
14/04/2025,A,3,Z2,1,,,3.8,Unfenced,TFB,
14/04/2025,A,3,Z2,1,,,8.1,Unfenced,TFB,
14/04/2025,A,3,Z2,5,Bothriochloa insculpta,8,17.3,Unfenced,TFB,
14/04/2025,A,3,Z2,5,Miscanthus junceus,1,11.5,Unfenced,TFB,
14/04/2025,A,3,Z2,5,Setaria incressata,3,14.4,Unfenced,TFB,
14/04/2025,A,3,Z2,5,,,14.2,Unfenced,TFB,
14/04/2025,A,3,Z2,4,Bothriochloa insculpta,3,12.3,Unfenced,TFB,
14/04/2025,A,3,Z2,4,Digitaria erianthra,16,10.5,Unfenced,TFB,
14/04/2025,A,3,Z2,4,Eragrostis gummiflua,1,14.3,Unfenced,TFB,
14/04/2025,A,3,Z2,4,,,13.2,Unfenced,TFB,
14/04/2025,A,3,Z2,3,Hyparrhenia hirta,5,26.2,Unfenced,TFB,
14/04/2025,A,3,Z2,3,Miscanthus junceus,2,6.4,Unfenced,TFB,
14/04/2025,A,3,Z2,3,,,4.3,Unfenced,TFB,
14/04/2025,A,3,Z2,3,,,18.6,Unfenced,TFB,
14/04/2025,A,3,Z2,2,Aristida congesta C,15,15.2,Unfenced,TFB,
14/04/2025,A,3,Z2,2,Bothriochloa insculpta,6,14.4,Unfenced,TFB,
14/04/2025,A,3,Z2,2,,,11.7,Unfenced,TFB,
14/04/2025,A,3,Z2,2,,,12.7,Unfenced,TFB,
14/04/2025,A,3,Z4,4,Urochloa mosambicensis,3,23,Unfenced,TFB,
14/04/2025,A,3,Z4,4,Cymbopogon excavatus,9,25.7,Unfenced,TFB,
14/04/2025,A,3,Z4,4,Brachiaria serrata,2,29.4,Unfenced,TFB,
14/04/2025,A,3,Z4,4,,,5.4,Unfenced,TFB,
14/04/2025,A,3,Z4,1,Urochloa mosambicensis,3,17.3,Unfenced,TFB,
14/04/2025,A,3,Z4,1,Aristida congesta C,1,5.1,Unfenced,TFB,
14/04/2025,A,3,Z4,1,Hyperthelia dissoluta,1,5.1,Unfenced,TFB,
14/04/2025,A,3,Z4,1,,,0,Unfenced,TFB,
14/04/2025,A,3,Z4,2,Setaria sphacelata,2,12.9,Unfenced,TFB,
14/04/2025,A,3,Z4,2,Heteropogon contortus,2,10.3,Unfenced,TFB,
14/04/2025,A,3,Z4,2,Brachiaria serrata,5,17.4,Unfenced,TFB,
14/04/2025,A,3,Z4,2,,,11.4,Unfenced,TFB,
14/04/2025,A,3,Z4,3,Urochloa mosambicensis,3,11.5,Unfenced,TFB,
14/04/2025,A,3,Z4,3,Heteropogon contortus,1,19.3,Unfenced,TFB,
14/04/2025,A,3,Z4,3,,,20.4,Unfenced,TFB,
14/04/2025,A,3,Z4,3,,,49.9,Unfenced,TFB,
14/04/2025,A,3,Z4,5,Hyperthelia dissoluta,6,50.3,Unfenced,TFB,
14/04/2025,A,3,Z4,5,Aristida congesta C,1,29.9,Unfenced,TFB,
14/04/2025,A,3,Z4,5,Urochloa mosambicensis,3,24.7,Unfenced,TFB,
14/04/2025,A,3,Z4,5,,,23.8,Unfenced,TFB,
14/04/2025,A,4,Z3,2,Hyperrhenia filipendula,3,18,Fenced,TF,
14/04/2025,A,4,Z3,2,Bothriochloa insculpta,8,23.6,Fenced,TF,
14/04/2025,A,4,Z3,2,Setaria incressata,1,20.9,Fenced,TF,
14/04/2025,A,4,Z3,2,,,21.1,Fenced,TF,
14/04/2025,A,4,Z3,1,Hyperthelia dissoluta,1,16,Fenced,TF,
14/04/2025,A,4,Z3,1,Bothriochloa insculpta,12,17.4,Fenced,TF,
14/04/2025,A,4,Z3,1,,,19.1,Fenced,TF,
14/04/2025,A,4,Z3,1,,,18.2,Fenced,TF,
14/04/2025,A,4,Z3,5,Bothriochloa insculpta,12,12.1,Fenced,TF,
14/04/2025,A,4,Z3,5,Heteropogon contortus,1,13.4,Fenced,TF,
14/04/2025,A,4,Z3,5,Andropogon eucomas,1,13.9,Fenced,TF,
14/04/2025,A,4,Z3,5,,,16.7,Fenced,TF,
14/04/2025,A,4,Z3,3,Cymbopogon excavatus,3,26.4,Fenced,TF,
14/04/2025,A,4,Z3,3,Bothriochloa insculpta,5,22.7,Fenced,TF,
14/04/2025,A,4,Z3,3,,,23.9,Fenced,TF,
14/04/2025,A,4,Z3,3,,,12.2,Fenced,TF,
14/04/2025,A,4,Z3,4,Digitaria erianthra,6,14.3,Fenced,TF,
14/04/2025,A,4,Z3,4,Bothriochloa insculpta,3,17.2,Fenced,TF,
14/04/2025,A,4,Z3,4,,,15.8,Fenced,TF,
14/04/2025,A,4,Z3,4,,,15.9,Fenced,TF,
14/04/2025,A,4,Z1,2,Urochloa mosambicensis,1,13.3,Fenced,TF,
14/04/2025,A,4,Z1,2,Diheteropogon anplactence,3,12.8,Fenced,TF,
14/04/2025,A,4,Z1,2,Bothriochloa insculpta,13,13.8,Fenced,TF,
14/04/2025,A,4,Z1,2,Heteropogon contortus,1,12.2,Fenced,TF,
14/04/2025,A,4,Z1,2,Eragrostis gummiflua,3,,Fenced,TF,
14/04/2025,A,4,Z1,5,Bothriochloa insculpta,14,36,Fenced,TF,
14/04/2025,A,4,Z1,5,,,37.4,Fenced,TF,
14/04/2025,A,4,Z1,5,,,37.2,Fenced,TF,
14/04/2025,A,4,Z1,5,,,31.4,Fenced,TF,
14/04/2025,A,4,Z1,1,Heteropogon contortus,1,28.7,Fenced,TF,
14/04/2025,A,4,Z1,1,Urochloa mosambicensis,1,16.6,Fenced,TF,
14/04/2025,A,4,Z1,1,Bothriochloa insculpta,10,24.4,Fenced,TF,
14/04/2025,A,4,Z1,1,,,23.4,Fenced,TF,
14/04/2025,A,4,Z1,4,Urochloa mosambicensis,5,18.1,Fenced,TF,
14/04/2025,A,4,Z1,4,Andropogon eucomas,3,21.1,Fenced,TF,
14/04/2025,A,4,Z1,4,Bothriochloa insculpta,9,24.2,Fenced,TF,
14/04/2025,A,4,Z1,4,,,18.2,Fenced,TF,
14/04/2025,A,4,Z2,1,Digitaria erianthra,4,13.3,Unfenced,TF,
14/04/2025,A,4,Z2,1,Aristida adscensionis,1,18.5,Unfenced,TF,
14/04/2025,A,4,Z2,1,Bothriochloa insculpta,8,15.1,Unfenced,TF,
14/04/2025,A,4,Z2,1,,,15.2,Unfenced,TF,
14/04/2025,A,4,Z2,2,Hyperrhenia filipendula,3,16.6,Unfenced,TF,
14/04/2025,A,4,Z2,2,Cymbopogon excavatus,1,15.2,Unfenced,TF,
14/04/2025,A,4,Z2,2,Miscanthus junceus,3,13.3,Unfenced,TF,
14/04/2025,A,4,Z2,2,Heteropogon contortus,3,13.6,Unfenced,TF,
14/04/2025,A,4,Z2,2,Urochloa mosambicensis,1,,Unfenced,TF,
14/04/2025,A,4,Z2,4,Setaria incressata,12,13.4,Unfenced,TF,
14/04/2025,A,4,Z2,4,Cymbopogon excavatus,1,14,Unfenced,TF,
14/04/2025,A,4,Z2,4,Hyparrhenia hirta,1,15.1,Unfenced,TF,
14/04/2025,A,4,Z2,4,Heteropogon contortus,3,15.9,Unfenced,TF,
14/04/2025,A,4,Z2,4,Diheteropogon anplactence,1,,Unfenced,TF,
14/04/2025,A,4,Z2,5,Heteropogon contortus,2,26.8,Unfenced,TF,
14/04/2025,A,4,Z2,5,Digitaria erianthra,5,17.6,Unfenced,TF,
14/04/2025,A,4,Z2,5,,,16.8,Unfenced,TF,
14/04/2025,A,4,Z2,5,,,15.1,Unfenced,TF,
14/04/2025,A,4,Z2,3,Heteropogon contortus,4,15.8,Unfenced,TF,
14/04/2025,A,4,Z2,3,Digitaria erianthra,3,12.2,Unfenced,TF,
14/04/2025,A,4,Z2,3,Diheteropogon anplactence,2,17.4,Unfenced,TF,
14/04/2025,A,4,Z2,3,Panicum maximum,7,17.7,Unfenced,TF,
14/04/2025,A,4,Z4,1,Urochloa mosambicensis,1,20.3,Unfenced,TF,
14/04/2025,A,4,Z4,1,Digitaria erianthra,6,16.9,Unfenced,TF,
14/04/2025,A,4,Z4,1,Bothriochloa insculpta,9,18.4,Unfenced,TF,
14/04/2025,A,4,Z4,1,Heteropogon contortus,3,18,Unfenced,TF,
14/04/2025,A,4,Z4,1,Melinis repens,4,,Unfenced,TF,
14/04/2025,A,4,Z4,4,Bothriochloa insculpta,9,24.8,Unfenced,TF,
14/04/2025,A,4,Z4,4,Heteropogon contortus,5,23.7,Unfenced,TF,
14/04/2025,A,4,Z4,4,Digitaria erianthra,4,21.8,Unfenced,TF,
14/04/2025,A,4,Z4,4,,,20.4,Unfenced,TF,
14/04/2025,A,4,Z4,2,Heteropogon contortus,9,11.6,Unfenced,TF,
14/04/2025,A,4,Z4,2,Eragrostis superba,1,15.9,Unfenced,TF,
14/04/2025,A,4,Z4,2,Aristida congesta C,5,19.6,Unfenced,TF,
14/04/2025,A,4,Z4,2,,,8.4,Unfenced,TF,
14/04/2025,A,4,Z4,5,Heteropogon contortus,4,11.5,Unfenced,TF,
14/04/2025,A,4,Z4,5,Digitaria erianthra,20,14.9,Unfenced,TF,
14/04/2025,A,4,Z4,5,Eragrostis superba,1,15.4,Unfenced,TF,
14/04/2025,A,4,Z4,5,,,16.3,Unfenced,TF,
14/04/2025,A,4,Z4,3,Urochloa mosambicensis,3,22.1,Unfenced,TF,
14/04/2025,A,4,Z4,3,Digitaria erianthra,13,19.4,Unfenced,TF,
14/04/2025,A,4,Z4,3,Heteropogon contortus,4,18.3,Unfenced,TF,
14/04/2025,A,4,Z4,3,,,16.7,Unfenced,TF,
15/04/2025,E,4,Z3,1,Eragrostis curvula,2,9.6,Fenced,TFB,
15/04/2025,E,4,Z3,1,Panicum maximum,4,13.7,Fenced,TFB,
15/04/2025,E,4,Z3,1,Chloris virgata,3,13.3,Fenced,TFB,
15/04/2025,E,4,Z3,1,Dactyloctenium giganteum,2,13.4,Fenced,TFB,
15/04/2025,E,4,Z3,1,Setaria incressata,1,,Fenced,TFB,
15/04/2025,E,4,Z3,2,Sporobolus africanus,1,0,Fenced,TFB,
15/04/2025,E,4,Z3,2,,,0,Fenced,TFB,
15/04/2025,E,4,Z3,2,,,0,Fenced,TFB,
15/04/2025,E,4,Z3,2,,,1.6,Fenced,TFB,
15/04/2025,E,4,Z3,3,Heteropogon contortus,3,11.4,Fenced,TFB,
15/04/2025,E,4,Z3,3,,,8.8,Fenced,TFB,
15/04/2025,E,4,Z3,3,,,0,Fenced,TFB,
15/04/2025,E,4,Z3,3,,,0,Fenced,TFB,
15/04/2025,E,4,Z3,5,Heteropogon contortus,3,8.4,Fenced,TFB,
15/04/2025,E,4,Z3,5,Enteropogon macrostachyus,2,6.2,Fenced,TFB,
15/04/2025,E,4,Z3,5,Setaria incressata,1,7.8,Fenced,TFB,
15/04/2025,E,4,Z3,5,Eragrostis viscosa,2,0,Fenced,TFB,
15/04/2025,E,4,Z3,5,Brachiaria brizantha,2,,Fenced,TFB,
15/04/2025,E,4,Z3,4,Heteropogon contortus,2,3.3,Fenced,TFB,
15/04/2025,E,4,Z3,4,Brachiaria brizantha,1,4.1,Fenced,TFB,
15/04/2025,E,4,Z3,4,Eragrostis gummiflua,10,3.4,Fenced,TFB,
15/04/2025,E,4,Z3,4,Eragrostis viscosa,3,3.2,Fenced,TFB,
15/04/2025,E,4,Z1,3,Digitaria erianthra,2,1.7,Fenced,TFB,
15/04/2025,E,4,Z1,3,Panicum maximum,1,1.7,Fenced,TFB,
15/04/2025,E,4,Z1,3,Eragrostis viscosa,3,3.7,Fenced,TFB,
15/04/2025,E,4,Z1,3,Eragrostis gummiflua,20,3.5,Fenced,TFB,
15/04/2025,E,4,Z1,4,Aristida adscensionis,1,2.5,Fenced,TFB,
15/04/2025,E,4,Z1,4,Eragrostis cylindriflora,1,0,Fenced,TFB,
15/04/2025,E,4,Z1,4,Heteropogon contortus,4,0,Fenced,TFB,
15/04/2025,E,4,Z1,4,,,2.3,Fenced,TFB,
15/04/2025,E,4,Z1,1,Heteropogon contortus,5,4.4,Fenced,TFB,
15/04/2025,E,4,Z1,1,Brachiaria nigropedata,2,7.5,Fenced,TFB,
15/04/2025,E,4,Z1,1,Panicum maximum,2,6.9,Fenced,TFB,
15/04/2025,E,4,Z1,1,Setaria incressata,2,7.6,Fenced,TFB,
15/04/2025,E,4,Z1,2,Brachiaria nigropedata,3,11.7,Fenced,TFB,
15/04/2025,E,4,Z1,2,Eragrostis curvula,2,8.2,Fenced,TFB,
15/04/2025,E,4,Z1,2,Panicum maximum,5,13.1,Fenced,TFB,
15/04/2025,E,4,Z1,2,Setaria incressata,3,37.2,Fenced,TFB,
15/04/2025,E,4,Z1,5,Cymbopogon excavatus,2,15.5,Fenced,TFB,
15/04/2025,E,4,Z1,5,,,0,Fenced,TFB,
15/04/2025,E,4,Z1,5,,,0,Fenced,TFB,
15/04/2025,E,4,Z1,5,,,0,Fenced,TFB,
15/04/2025,E,4,Z2,2,Eragrostis viscosa,5,0,Unfenced,TFB,
15/04/2025,E,4,Z2,2,Panicum maximum,8,2.1,Unfenced,TFB,
15/04/2025,E,4,Z2,2,Eragrostis gummiflua,3,6.8,Unfenced,TFB,
15/04/2025,E,4,Z2,2,,,5.3,Unfenced,TFB,
15/04/2025,E,4,Z2,1,Heteropogon contortus,3,2.9,Unfenced,TFB,Too many forbs
15/04/2025,E,4,Z2,1,,,2.9,Unfenced,TFB,
15/04/2025,E,4,Z2,1,,,0,Unfenced,TFB,
15/04/2025,E,4,Z2,1,,,0,Unfenced,TFB,
15/04/2025,E,4,Z2,5,Heteropogon contortus,4,2.5,Unfenced,TFB,
15/04/2025,E,4,Z2,5,Eragrostis viscosa,4,2.2,Unfenced,TFB,
15/04/2025,E,4,Z2,5,Enteropogon macrostachyus,1,0,Unfenced,TFB,
15/04/2025,E,4,Z2,5,,,4.5,Unfenced,TFB,
15/04/2025,E,4,Z2,4,Enteropogon macrostachyus,1,4,Unfenced,TFB,Too many forbs
15/04/2025,E,4,Z2,4,,,4,Unfenced,TFB,
15/04/2025,E,4,Z2,4,,,0,Unfenced,TFB,
15/04/2025,E,4,Z2,4,,,0,Unfenced,TFB,
15/04/2025,E,4,Z2,3,Heteropogon contortus,1,0,Unfenced,TFB,
15/04/2025,E,4,Z2,3,Setaria incressata,1,0,Unfenced,TFB,
15/04/2025,E,4,Z2,3,Panicum maximum,1,0,Unfenced,TFB,
15/04/2025,E,4,Z2,3,,,1.6,Unfenced,TFB,
15/04/2025,E,4,Z4,4,Heteropogon contortus,8,8.6,Unfenced,TFB,
15/04/2025,E,4,Z4,4,Cymbopogon excavatus,2,8,Unfenced,TFB,
15/04/2025,E,4,Z4,4,,,13.5,Unfenced,TFB,
15/04/2025,E,4,Z4,4,,,15.9,Unfenced,TFB,
15/04/2025,E,4,Z4,3,Panicum maximum,1,13.7,Unfenced,TFB,
15/04/2025,E,4,Z4,3,Heteropogon contortus,2,3.3,Unfenced,TFB,
15/04/2025,E,4,Z4,3,,,3.2,Unfenced,TFB,
15/04/2025,E,4,Z4,3,,,3.7,Unfenced,TFB,
15/04/2025,E,4,Z4,2,Eragrostis curvula,8,2.1,Unfenced,TFB,
15/04/2025,E,4,Z4,2,Panicum maximum,6,2.2,Unfenced,TFB,
15/04/2025,E,4,Z4,2,Brachiaria nigropedata,2,2.7,Unfenced,TFB,
15/04/2025,E,4,Z4,2,Chloris virgata,1,2.1,Unfenced,TFB,
15/04/2025,E,4,Z4,5,Brachiaria nigropedata,3,5,Unfenced,TFB,
15/04/2025,E,4,Z4,5,Panicum maximum,1,12.6,Unfenced,TFB,
15/04/2025,E,4,Z4,5,Eragrostis viscosa,5,12.5,Unfenced,TFB,
15/04/2025,E,4,Z4,5,Enteropogon macrostachyus,1,12.5,Unfenced,TFB,
15/04/2025,E,4,Z4,1,Heteropogon contortus,3,5.1,Unfenced,TFB,
15/04/2025,E,4,Z4,1,,,5.6,Unfenced,TFB,
15/04/2025,E,4,Z4,1,,,4.3,Unfenced,TFB,
15/04/2025,E,4,Z4,1,,,5,Unfenced,TFB,
15/04/2025,E,3,Z1,4,Eragrostis curvula,4,2.1,Fenced,TF,Too many forbs
15/04/2025,E,3,Z1,4,,,0,Fenced,TF,
15/04/2025,E,3,Z1,4,,,0,Fenced,TF,
15/04/2025,E,3,Z1,4,,,0,Fenced,TF,
15/04/2025,E,3,Z1,5,Heteropogon contortus,5,2.3,Fenced,TF,
15/04/2025,E,3,Z1,5,Eragrostis viscosa,12,2.6,Fenced,TF,
15/04/2025,E,3,Z1,5,Brachiaria nigropedata,2,2.8,Fenced,TF,
15/04/2025,E,3,Z1,5,Setaria incressata,2,5.3,Fenced,TF,
15/04/2025,E,3,Z1,1,Heteropogon contortus,2,14.8,Fenced,TF,
15/04/2025,E,3,Z1,1,Digitaria erianthra,26,10.6,Fenced,TF,
15/04/2025,E,3,Z1,1,,,9.8,Fenced,TF,
15/04/2025,E,3,Z1,1,,,8.5,Fenced,TF,
15/04/2025,E,3,Z1,2,Heteropogon contortus,10,2.7,Fenced,TF,
15/04/2025,E,3,Z1,2,Panicum maximum,1,3.4,Fenced,TF,
15/04/2025,E,3,Z1,2,Eragrostis gummiflua,3,2.9,Fenced,TF,
15/04/2025,E,3,Z1,2,,,4.1,Fenced,TF,
15/04/2025,E,3,Z1,3,Eragrostis cylindriflora,7,2,Fenced,TF,
15/04/2025,E,3,Z1,3,Heteropogon contortus,1,2,Fenced,TF,
15/04/2025,E,3,Z1,3,Chloris virgata,1,0,Fenced,TF,
15/04/2025,E,3,Z1,3,,,0,Fenced,TF,
15/04/2025,E,3,Z3,1,Heteropogon contortus,2,2.9,Fenced,TF,
15/04/2025,E,3,Z3,1,Cymbopogon excavatus,1,3.6,Fenced,TF,
15/04/2025,E,3,Z3,1,,,0,Fenced,TF,
15/04/2025,E,3,Z3,1,,,4.2,Fenced,TF,
15/04/2025,E,3,Z3,4,Aristida congesta B,1,10.1,Fenced,TF,
15/04/2025,E,3,Z3,4,Heteropogon contortus,2,6.3,Fenced,TF,
15/04/2025,E,3,Z3,4,Eragrostis rigidior,2,4.5,Fenced,TF,
15/04/2025,E,3,Z3,4,Eragrostis viscosa,2,5.6,Fenced,TF,
15/04/2025,E,3,Z3,4,Eragrostis cylindriflora,3,,Fenced,TF,
15/04/2025,E,3,Z3,4,Eragrostis gummiflua,14,,Fenced,TF,
15/04/2025,E,3,Z3,4,Enteropogon macrostachyus,1,,Fenced,TF,
15/04/2025,E,3,Z3,5,Heteropogon contortus,3,3.7,Fenced,TF,
15/04/2025,E,3,Z3,5,Eragrostis gummiflua,12,9.1,Fenced,TF,
15/04/2025,E,3,Z3,5,,,5.2,Fenced,TF,
15/04/2025,E,3,Z3,5,,,0,Fenced,TF,
15/04/2025,E,3,Z3,2,Brachiaria nigropedata,1,13.5,Fenced,TF,
15/04/2025,E,3,Z3,2,Heteropogon contortus,1,10.5,Fenced,TF,
15/04/2025,E,3,Z3,2,,,11,Fenced,TF,
15/04/2025,E,3,Z3,2,,,0,Fenced,TF,
15/04/2025,E,3,Z3,3,Eragrostis superba,1,10.4,Fenced,TF,
15/04/2025,E,3,Z3,3,Eragrostis viscosa,3,6.1,Fenced,TF,
15/04/2025,E,3,Z3,3,Eragrostis curvula,2,0,Fenced,TF,
15/04/2025,E,3,Z3,3,Chloris virgata,1,9.2,Fenced,TF,
15/04/2025,E,3,Z3,3,Eragrostis gummiflua,10,,Fenced,TF,
15/04/2025,E,3,Z4,2,Brachiaria nigropedata,1,9.2,Unfenced,TF,
15/04/2025,E,3,Z4,2,Eragrostis rigidior,1,7.1,Unfenced,TF,
15/04/2025,E,3,Z4,2,,,0,Unfenced,TF,
15/04/2025,E,3,Z4,2,,,0,Unfenced,TF,
15/04/2025,E,3,Z4,3,Enteropogon macrostachyus,1,1.7,Unfenced,TF,
15/04/2025,E,3,Z4,3,Heteropogon contortus,3,2.7,Unfenced,TF,
15/04/2025,E,3,Z4,3,Eragrostis rigidior,1,10.2,Unfenced,TF,
15/04/2025,E,3,Z4,3,,,1.9,Unfenced,TF,
15/04/2025,E,3,Z4,4,Heteropogon contortus,3,2.5,Unfenced,TF,
15/04/2025,E,3,Z4,4,Aristida adscensionis,3,0,Unfenced,TF,
15/04/2025,E,3,Z4,4,,,0,Unfenced,TF,
15/04/2025,E,3,Z4,4,,,0,Unfenced,TF,
15/04/2025,E,3,Z4,5,Heteropogon contortus,3,2.2,Unfenced,TF,
15/04/2025,E,3,Z4,5,Eragrostis viscosa,4,2.4,Unfenced,TF,
15/04/2025,E,3,Z4,5,Eragrostis gummiflua,11,2.1,Unfenced,TF,
15/04/2025,E,3,Z4,5,,,2.8,Unfenced,TF,
15/04/2025,E,3,Z4,1,Panicum maximum,3,3.1,Unfenced,TF,
15/04/2025,E,3,Z4,1,Cymbopogon nardus,3,3,Unfenced,TF,
15/04/2025,E,3,Z4,1,Brachiaria nigropedata,4,4.4,Unfenced,TF,
15/04/2025,E,3,Z4,1,,,4.5,Unfenced,TF,
15/04/2025,E,3,Z2,3,,0,0,Unfenced,TF,
15/04/2025,E,3,Z2,3,,0,0,Unfenced,TF,
15/04/2025,E,3,Z2,3,,0,0,Unfenced,TF,
15/04/2025,E,3,Z2,3,,0,0,Unfenced,TF,
15/04/2025,E,3,Z2,2,Diheteropogon anplactence,2,3.1,Unfenced,TF,
15/04/2025,E,3,Z2,2,Panicum maximum,3,3.5,Unfenced,TF,
15/04/2025,E,3,Z2,2,,,4.8,Unfenced,TF,
15/04/2025,E,3,Z2,2,,,3.1,Unfenced,TF,
15/04/2025,E,3,Z2,5,Heteropogon contortus,3,8.1,Unfenced,TF,
15/04/2025,E,3,Z2,5,Brachiaria nigropedata,2,4.9,Unfenced,TF,
15/04/2025,E,3,Z2,5,Eragrostis gummiflua,2,4.2,Unfenced,TF,
15/04/2025,E,3,Z2,5,Eragrostis viscosa,3,0,Unfenced,TF,
15/04/2025,E,3,Z2,4,Enteropogon macrostachyus,3,23,Unfenced,TF,
15/04/2025,E,3,Z2,4,Digitaria erianthra,1,13.5,Unfenced,TF,
15/04/2025,E,3,Z2,4,Heteropogon contortus,1,10.2,Unfenced,TF,
15/04/2025,E,3,Z2,4,,,0,Unfenced,TF,
15/04/2025,E,3,Z2,1,Eragrostis curvula,5,2.6,Unfenced,TF,
15/04/2025,E,3,Z2,1,Brachiaria nigropedata,2,2.1,Unfenced,TF,
15/04/2025,E,3,Z2,1,,,2.1,Unfenced,TF,
15/04/2025,E,3,Z2,1,,,2.1,Unfenced,TF,
15/04/2025,E,2,Z3,2,Aristida diffusa,1,7,Fenced,TF,
15/04/2025,E,2,Z3,2,Eragrostis rigidior,3,1.4,Fenced,TF,
15/04/2025,E,2,Z3,2,Panicum maximum,4,1.5,Fenced,TF,
15/04/2025,E,2,Z3,2,,,1.8,Fenced,TF,
15/04/2025,E,2,Z3,1,Heteropogon contortus,1,2.7,Fenced,TF,
15/04/2025,E,2,Z3,1,Panicum maximum,4,3.4,Fenced,TF,
15/04/2025,E,2,Z3,1,,,0,Fenced,TF,
15/04/2025,E,2,Z3,1,,,0,Fenced,TF,
15/04/2025,E,2,Z3,4,Eragrostis viscosa,4,5.3,Fenced,TF,
15/04/2025,E,2,Z3,4,Aristida adscensionis,1,8.3,Fenced,TF,
15/04/2025,E,2,Z3,4,Panicum maximum,1,10,Fenced,TF,
15/04/2025,E,2,Z3,4,,,9.4,Fenced,TF,
15/04/2025,E,2,Z3,3,Panicum maximum,5,6.9,Fenced,TF,
15/04/2025,E,2,Z3,3,,,2.5,Fenced,TF,
15/04/2025,E,2,Z3,3,,,6.2,Fenced,TF,
15/04/2025,E,2,Z3,3,,,2.5,Fenced,TF,
15/04/2025,E,2,Z3,5,Enteropogon macrostachyus,5,14.1,Fenced,TF,
15/04/2025,E,2,Z3,5,Panicum maximum,3,14.4,Fenced,TF,
15/04/2025,E,2,Z3,5,,,18.1,Fenced,TF,
15/04/2025,E,2,Z3,5,,,19.8,Fenced,TF,
15/04/2025,E,2,Z1,2,Panicum maximum,1,4.9,Fenced,TF,
15/04/2025,E,2,Z1,2,Enteropogon macrostachyus,3,3.5,Fenced,TF,
15/04/2025,E,2,Z1,2,Heteropogon contortus,2,7.1,Fenced,TF,
15/04/2025,E,2,Z1,2,Eragrostis viscosa,2,5.4,Fenced,TF,
15/04/2025,E,2,Z1,1,Panicum maximum,3,4.6,Fenced,TF,
15/04/2025,E,2,Z1,1,,,16.8,Fenced,TF,
15/04/2025,E,2,Z1,1,,,12.4,Fenced,TF,
15/04/2025,E,2,Z1,1,,,9.7,Fenced,TF,
15/04/2025,E,2,Z1,5,Panicum maximum,2,19.1,Fenced,TF,
15/04/2025,E,2,Z1,5,Enteropogon macrostachyus,3,14.7,Fenced,TF,
15/04/2025,E,2,Z1,5,Eragrostis viscosa,4,11.6,Fenced,TF,
15/04/2025,E,2,Z1,5,,,11.6,Fenced,TF,
15/04/2025,E,2,Z1,4,Panicum maximum,13,7.3,Fenced,TF,
15/04/2025,E,2,Z1,4,Eragrostis curvula,5,5.6,Fenced,TF,
15/04/2025,E,2,Z1,4,,,5.3,Fenced,TF,
15/04/2025,E,2,Z1,4,,,6.1,Fenced,TF,
15/04/2025,E,2,Z1,3,Panicum maximum,3,5.4,Fenced,TF,
15/04/2025,E,2,Z1,3,Eragrostis curvula,4,5.3,Fenced,TF,
15/04/2025,E,2,Z1,3,Chloris virgata,3,23.7,Fenced,TF,
15/04/2025,E,2,Z1,3,,,18.9,Fenced,TF,
15/04/2025,E,2,Z4,2,Enteropogon macrostachyus,3,3.4,Unfenced,TF,
15/04/2025,E,2,Z4,2,Eragrostis rigidior,4,2.6,Unfenced,TF,
15/04/2025,E,2,Z4,2,Brachiaria nigropedata,1,5,Unfenced,TF,
15/04/2025,E,2,Z4,2,,,4.5,Unfenced,TF,
15/04/2025,E,2,Z4,5,Heteropogon contortus,4,2.3,Unfenced,TF,
15/04/2025,E,2,Z4,5,Cymbopogon excavatus,1,5.2,Unfenced,TF,
15/04/2025,E,2,Z4,5,Eragrostis gummiflua,4,4.2,Unfenced,TF,
15/04/2025,E,2,Z4,5,,,4.4,Unfenced,TF,
15/04/2025,E,2,Z4,3,Panicum maximum,3,6,Unfenced,TF,
15/04/2025,E,2,Z4,3,Heteropogon contortus,5,11.9,Unfenced,TF,
15/04/2025,E,2,Z4,3,Enteropogon macrostachyus,1,10.3,Unfenced,TF,
15/04/2025,E,2,Z4,3,Setaria incressata,2,11.9,Unfenced,TF,
15/04/2025,E,2,Z4,4,Eragrostis rigidior,1,4,Unfenced,TF,
15/04/2025,E,2,Z4,4,Heteropogon contortus,2,3.5,Unfenced,TF,
15/04/2025,E,2,Z4,4,Panicum maximum,3,3.4,Unfenced,TF,
15/04/2025,E,2,Z4,4,,,3.8,Unfenced,TF,
15/04/2025,E,2,Z4,1,Enteropogon macrostachyus,6,13.3,Unfenced,TF,
15/04/2025,E,2,Z4,1,Heteropogon contortus,3,10.7,Unfenced,TF,
15/04/2025,E,2,Z4,1,Panicum maximum,3,10,Unfenced,TF,
15/04/2025,E,2,Z4,1,,,12.4,Unfenced,TF,
15/04/2025,E,2,Z2,3,Heteropogon contortus,2,11.9,Unfenced,TF,
15/04/2025,E,2,Z2,3,Diheteropogon anplactence,2,11.5,Unfenced,TF,
15/04/2025,E,2,Z2,3,,,8.5,Unfenced,TF,
15/04/2025,E,2,Z2,3,,,9.4,Unfenced,TF,
15/04/2025,E,2,Z2,4,Enteropogon macrostachyus,6,23.3,Unfenced,TF,
15/04/2025,E,2,Z2,4,Heteropogon contortus,1,17.2,Unfenced,TF,
15/04/2025,E,2,Z2,4,,,14.7,Unfenced,TF,
15/04/2025,E,2,Z2,4,,,13.7,Unfenced,TF,
15/04/2025,E,2,Z2,5,Heteropogon contortus,5,3.3,Unfenced,TF,
15/04/2025,E,2,Z2,5,Eragrostis curvula,2,2.9,Unfenced,TF,
15/04/2025,E,2,Z2,5,,,2.4,Unfenced,TF,
15/04/2025,E,2,Z2,5,,,3.8,Unfenced,TF,
15/04/2025,E,2,Z2,1,Panicum maximum,5,2,Unfenced,TF,
15/04/2025,E,2,Z2,1,Enteropogon macrostachyus,2,2.8,Unfenced,TF,
15/04/2025,E,2,Z2,1,Brachiaria brizantha,1,6.3,Unfenced,TF,
15/04/2025,E,2,Z2,1,,,7,Unfenced,TF,
15/04/2025,E,2,Z2,2,Panicum maximum,1,2.6,Unfenced,TF,
15/04/2025,E,2,Z2,2,Aristida adscensionis,1,5.6,Unfenced,TF,
15/04/2025,E,2,Z2,2,Enteropogon macrostachyus,1,2.9,Unfenced,TF,
15/04/2025,E,2,Z2,2,,,4.6,Unfenced,TF,
24/04/2025,C,1,Z2,4,,,4.5,Fenced,C,
24/04/2025,C,1,Z2,4,,,3.6,Fenced,C,
24/04/2025,C,1,Z2,4,,,3.6,Fenced,C,
24/04/2025,C,1,Z1,3,Brachiaria nigropedata,1,5.2,Fenced,C,
24/04/2025,C,1,Z1,3,Panicum maximum,1,5.2,Fenced,C,
24/04/2025,C,1,Z1,3,,,4.8,Fenced,C,
24/04/2025,C,1,Z1,3,,,5.2,Fenced,C,
24/04/2025,C,1,Z1,5,Pogonarthria squarrosa ,15,1.7,Fenced,C,
24/04/2025,C,1,Z1,5,,,1.7,Fenced,C,
24/04/2025,C,1,Z1,5,,,1.7,Fenced,C,
24/04/2025,C,1,Z1,5,,,1.7,Fenced,C,
24/04/2025,C,1,Z1,2,Pogonarthria squarrosa ,4,16.3,Fenced,C,
24/04/2025,C,1,Z1,2,Digitaria erianthra,6,13.1,Fenced,C,
24/04/2025,C,1,Z1,2,,,10.8,Fenced,C,
24/04/2025,C,1,Z1,2,,,9.4,Fenced,C,
24/04/2025,C,1,Z1,1,Setaria incressata,1,6.8,Fenced,C,
24/04/2025,C,1,Z1,1,Digitaria erianthra,1,6,Fenced,C,
24/04/2025,C,1,Z1,1,Pogonarthria squarrosa ,5,5,Fenced,C,
24/04/2025,C,1,Z1,1,Heteropogon contortus,2,4.7,Fenced,C,
24/04/2025,C,1,Z1,4,Setaria incressata,6,4,Fenced,C,
24/04/2025,C,1,Z1,4,Melinis repens,1,5.3,Fenced,C,
24/04/2025,C,1,Z1,4,Heteropogon contortus,2,4.5,Fenced,C,
24/04/2025,C,1,Z1,4,,,5.2,Fenced,C,
24/04/2025,C,1,Z3,2,Aristida adscensionis,1,4.3,Unfenced,C,
24/04/2025,C,1,Z3,2,Digitaria erianthra,1,4.2,Unfenced,C,
24/04/2025,C,1,Z3,2,Pogonarthria squarrosa ,3,4.2,Unfenced,C,
24/04/2025,C,1,Z3,2,Heteropogon contortus,2,4.7,Unfenced,C,
24/04/2025,C,1,Z3,5,Setaria incressata,3,2.2,Unfenced,C,
24/04/2025,C,1,Z3,5,Eragrostis gummiflua,1,2.2,Unfenced,C,
24/04/2025,C,1,Z3,5,,,2.2,Unfenced,C,
24/04/2025,C,1,Z3,5,,,0,Unfenced,C,
24/04/2025,C,1,Z3,3,Heteropogon contortus,3,5.2,Unfenced,C,
24/04/2025,C,1,Z3,3,Setaria incressata,4,6.5,Unfenced,C,
24/04/2025,C,1,Z3,3,Digitaria velutina,4,6.7,Unfenced,C,
24/04/2025,C,1,Z3,3,,,6.7,Unfenced,C,
24/04/2025,C,1,Z3,4,Digitaria erianthra,5,2.7,Unfenced,C,
24/04/2025,C,1,Z3,4,Panicum maximum,1,3.5,Unfenced,C,
24/04/2025,C,1,Z3,4,Eragrostis gummiflua,2,3.5,Unfenced,C,
24/04/2025,C,1,Z3,4,Pogonarthria squarrosa ,2,3.3,Unfenced,C,
24/04/2025,C,1,Z3,4,Setaria incressata,2,,Unfenced,C,
24/04/2025,C,1,Z1,1,Aristida adscensionis,3,1.8,Unfenced,C,
24/04/2025,C,1,Z1,1,Setaria incressata,2,1.8,Unfenced,C,
24/04/2025,C,1,Z1,1,,,1.8,Unfenced,C,
24/04/2025,C,1,Z1,1,,,2.2,Unfenced,C,
24/04/2025,C,1,Z4,2,Setaria incressata,4,3.8,Unfenced,C,
24/04/2025,C,1,Z4,2,Digitaria erianthra,1,3.7,Unfenced,C,
24/04/2025,C,1,Z4,2,,,3.6,Unfenced,C,
24/04/2025,C,1,Z4,2,,,5.4,Unfenced,C,
24/04/2025,C,1,Z4,5,Aristida adscensionis,6,4.7,Unfenced,C,
24/04/2025,C,1,Z4,5,Setaria incressata,2,4.4,Unfenced,C,
24/04/2025,C,1,Z4,5,Eragrostis gummiflua,2,4,Unfenced,C,
24/04/2025,C,1,Z4,5,Pogonarthria squarrosa ,8,3.8,Unfenced,C,
24/04/2025,C,1,Z4,3,Heteropogon contortus,2,5.8,Unfenced,C,
24/04/2025,C,1,Z4,3,Digitaria erianthra,3,2.7,Unfenced,C,
24/04/2025,C,1,Z4,3,,,4.5,Unfenced,C,
24/04/2025,C,1,Z4,3,,,4.5,Unfenced,C,
24/04/2025,C,1,Z4,4,Panicum maximum,3,8.6,Unfenced,C,
24/04/2025,C,1,Z4,4,Heteropogon contortus,3,7.8,Unfenced,C,
24/04/2025,C,1,Z4,4,,,8,Unfenced,C,
24/04/2025,C,1,Z4,4,,,9.8,Unfenced,C,
24/04/2025,C,1,Z4,1,Panicum maximum,1,2.4,Unfenced,C,
24/04/2025,C,1,Z4,1,Aristida adscensionis,2,2.5,Unfenced,C,
24/04/2025,C,1,Z4,1,Digitaria erianthra,1,0,Unfenced,C,
24/04/2025,C,1,Z4,1,Setaria incressata,5,2.5,Unfenced,C,
11/04/2025,D,1,Z2,1,Eragrostis viscosa,8,3.1,Unfenced,C,
11/04/2025,D,1,Z2,1,Chloris virgata,7,4.8,Unfenced,C,
11/04/2025,D,1,Z2,1,Eragrostis rigidior,6,4.6,Unfenced,C,
11/04/2025,D,1,Z2,1,Digitaria erianthra,7,4.8,Unfenced,C,
11/04/2025,D,1,Z2,2,Eragrostis superba,3,9.7,Unfenced,C,
11/04/2025,D,1,Z2,2,Enteropogon macrostachyus,2,18.6,Unfenced,C,
11/04/2025,D,1,Z2,2,Brachiaria brizantha,3,16.6,Unfenced,C,
11/04/2025,D,1,Z2,2,Setaria incressata,6,14.3,Unfenced,C,
11/04/2025,D,1,Z2,4,Enteropogon macrostachyus,10,11.8,Unfenced,C,
11/04/2025,D,1,Z2,4,Brachiaria brizantha,2,10.9,Unfenced,C,
11/04/2025,D,1,Z2,4,Chloris virgata,4,10.6,Unfenced,C,
11/04/2025,D,1,Z2,4,,,9.8,Unfenced,C,
11/04/2025,D,1,Z2,3,Brachiaria brizantha,10,12.5,Unfenced,C,
11/04/2025,D,1,Z2,3,Setaria incressata,5,9.3,Unfenced,C,
11/04/2025,D,1,Z2,3,Panicum maximum,4,7.2,Unfenced,C,
11/04/2025,D,1,Z2,3,Chloris virgata,1,9.4,Unfenced,C,
11/04/2025,D,1,Z2,5,Themeda triandra,4,9,Unfenced,C,
11/04/2025,D,1,Z2,5,Heteropogon contortus,2,9.8,Unfenced,C,
16/04/2025,E,5,Z3,2,Eragrostis rigidior,1,3.5,Fenced,THF,
16/04/2025,E,5,Z3,2,Digitaria erianthra,1,4.2,Fenced,THF,
16/04/2025,E,5,Z3,2,Diheteropogon anplactence,3,4.2,Fenced,THF,
16/04/2025,E,5,Z3,2,Eragrostis viscosa,1,4.1,Fenced,THF,
16/04/2025,E,5,Z3,3,Heteropogon contortus,5,6.8,Fenced,THF,
16/04/2025,E,5,Z3,3,Brachiaria brizantha,1,4.7,Fenced,THF,
16/04/2025,E,5,Z3,3,,,3.9,Fenced,THF,
16/04/2025,E,5,Z3,3,,,3.5,Fenced,THF,
16/04/2025,E,5,Z3,5,Eragrostis viscosa,3,0,Fenced,THF,
16/04/2025,E,5,Z3,5,,,0,Fenced,THF,
16/04/2025,E,5,Z3,5,,,2.3,Fenced,THF,
16/04/2025,E,5,Z3,5,,,2.6,Fenced,THF,
16/04/2025,E,5,Z3,1,Themeda triandra,1,3.2,Fenced,THF,
16/04/2025,E,5,Z3,1,Digitaria erianthra,6,6.3,Fenced,THF,
16/04/2025,E,5,Z3,1,Brachiaria brizantha,2,8.7,Fenced,THF,
16/04/2025,E,5,Z3,1,Eragrostis gummiflua,7,9.6,Fenced,THF,
16/04/2025,E,5,Z3,4,Enteropogon macrostachyus,4,4.6,Fenced,THF,
16/04/2025,E,5,Z3,4,Heteropogon contortus,4,3.2,Fenced,THF,
16/04/2025,E,5,Z3,4,Eragrostis viscosa,6,6.6,Fenced,THF,
16/04/2025,E,5,Z3,4,Aristida adscensionis,2,5.6,Fenced,THF,
16/04/2025,E,5,Z1,2,Digitaria erianthra,10,6,Fenced,THF,
16/04/2025,E,5,Z1,2,Pogonarthria squarrosa ,3,7.1,Fenced,THF,
16/04/2025,E,5,Z1,2,Panicum maximum,3,7.3,Fenced,THF,
16/04/2025,E,5,Z1,2,Heteropogon contortus,2,10.1,Fenced,THF,
16/04/2025,E,5,Z1,2,Eragrostis gummiflua,5,,Fenced,THF,
16/04/2025,E,5,Z1,1,Cymbopogon excavatus,2,26.2,Fenced,THF,
16/04/2025,E,5,Z1,1,Eragrostis rigidior,1,23.9,Fenced,THF,
16/04/2025,E,5,Z1,1,Heteropogon contortus,4,19.8,Fenced,THF,
16/04/2025,E,5,Z1,1,Panicum maximum,1,17.3,Fenced,THF,
16/04/2025,E,5,Z1,1,Brachiaria brizantha,2,,Fenced,THF,
16/04/2025,E,5,Z1,4,Heteropogon contortus,3,4.4,Fenced,THF,
16/04/2025,E,5,Z1,4,Digitaria erianthra,4,6,Fenced,THF,
16/04/2025,E,5,Z1,4,Aristida adscensionis,4,9.2,Fenced,THF,
16/04/2025,E,5,Z1,4,Eragrostis gummiflua,4,8,Fenced,THF,
16/04/2025,E,5,Z1,5,Heteropogon contortus,5,3.9,Fenced,THF,
16/04/2025,E,5,Z1,5,Eragrostis rigidior,1,14.4,Fenced,THF,
16/04/2025,E,5,Z1,5,Digitaria erianthra,1,6.3,Fenced,THF,
16/04/2025,E,5,Z1,5,,,9.6,Fenced,THF,
16/04/2025,E,5,Z1,3,Enteropogon macrostachyus,5,6.1,Fenced,THF,
16/04/2025,E,5,Z1,3,,,6.7,Fenced,THF,
16/04/2025,E,5,Z1,3,,,5.5,Fenced,THF,
16/04/2025,E,5,Z1,3,,,5.3,Fenced,THF,
16/04/2025,E,5,Z4,1,Heteropogon contortus,2,6.1,Unfenced,THF,
16/04/2025,E,5,Z4,1,Themeda triandra,1,5.5,Unfenced,THF,
16/04/2025,E,5,Z4,1,Enteropogon macrostachyus,1,0,Unfenced,THF,
16/04/2025,E,5,Z4,1,,,6.4,Unfenced,THF,
16/04/2025,E,5,Z4,2,Brachiaria nigropedata,1,7.6,Unfenced,THF,
16/04/2025,E,5,Z4,2,Eragrostis superba,1,8.4,Unfenced,THF,
16/04/2025,E,5,Z4,2,Pogonarthria squarrosa ,1,7.4,Unfenced,THF,
16/04/2025,E,5,Z4,2,,,6.5,Unfenced,THF,
16/04/2025,E,5,Z4,3,Enteropogon macrostachyus,2,6.4,Unfenced,THF,
16/04/2025,E,5,Z4,3,Brachiaria nigropedata,1,0,Unfenced,THF,
16/04/2025,E,5,Z4,3,Heteropogon contortus,2,0,Unfenced,THF,
16/04/2025,E,5,Z4,3,,,13.7,Unfenced,THF,
16/04/2025,E,5,Z4,5,Enteropogon macrostachyus,5,19.8,Unfenced,THF,
16/04/2025,E,5,Z4,5,Aristida adscensionis,1,13.9,Unfenced,THF,
16/04/2025,E,5,Z4,5,,,0,Unfenced,THF,
16/04/2025,E,5,Z4,5,,,2.7,Unfenced,THF,
16/04/2025,E,5,Z4,4,Cymbopogon excavatus,9,2.7,Unfenced,THF,
16/04/2025,E,5,Z4,4,Heteropogon contortus,3,8.7,Unfenced,THF,
16/04/2025,E,5,Z4,4,Brachiaria nigropedata,2,10.7,Unfenced,THF,
16/04/2025,E,5,Z4,4,Sporobolus africanus,1,10.3,Unfenced,THF,
16/04/2025,E,5,Z4,4,Digitaria erianthra,1,,Unfenced,THF,
16/04/2025,E,5,Z2,3,Heteropogon contortus,3,16.1,Unfenced,THF,
16/04/2025,E,5,Z2,3,Brachiaria brizantha,3,10.4,Unfenced,THF,
16/04/2025,E,5,Z2,3,,,8.6,Unfenced,THF,
16/04/2025,E,5,Z2,3,,,10.1,Unfenced,THF,
16/04/2025,E,5,Z2,5,Themeda triandra,1,12.3,Unfenced,THF,
16/04/2025,E,5,Z2,5,Heteropogon contortus,7,26,Unfenced,THF,
16/04/2025,E,5,Z2,5,,,23.7,Unfenced,THF,
16/04/2025,E,5,Z2,5,,,21.9,Unfenced,THF,
16/04/2025,E,5,Z2,4,Aristida congesta C,4,5,Unfenced,THF,
16/04/2025,E,5,Z2,4,Heteropogon contortus,2,6.7,Unfenced,THF,
16/04/2025,E,5,Z2,4,Eragrostis rigidior,3,9.6,Unfenced,THF,
16/04/2025,E,5,Z2,4,Enteropogon macrostachyus,5,8.8,Unfenced,THF,
16/04/2025,E,5,Z2,1,Brachiaria brizantha,6,39.2,Unfenced,THF,
16/04/2025,E,5,Z2,1,Cymbopogon excavatus,2,35.1,Unfenced,THF,
16/04/2025,E,5,Z2,1,Eragrostis superba,1,8,Unfenced,THF,
16/04/2025,E,5,Z2,1,,,39,Unfenced,THF,
16/04/2025,E,5,Z2,2,Heteropogon contortus,4,4.3,Unfenced,THF,
16/04/2025,E,5,Z2,2,Enteropogon macrostachyus,2,3,Unfenced,THF,
16/04/2025,E,5,Z2,2,Cymbopogon excavatus,1,3,Unfenced,THF,
16/04/2025,E,5,Z2,2,,,3.4,Unfenced,THF,
11/04/2025,D,1,Z2,5,Panicum maximum,5,10.6,Unfenced,C,
11/04/2025,D,1,Z2,5,Aristida adscensionis,4,11.3,Unfenced,C,
11/04/2025,D,1,Z2,5,Setaria incressata,5,,Unfenced,C,
11/04/2025,D,1,Z2,5,Brachiaria brizantha,,,Unfenced,C,
11/04/2025,D,1,Z4,4,Aristida adscensionis,4,11.8,Unfenced,C,
11/04/2025,D,1,Z4,4,Eragrostis rigidior,3,8.8,Unfenced,C,
11/04/2025,D,1,Z4,4,Enteropogon macrostachyus,3,7.6,Unfenced,C,
11/04/2025,D,1,Z4,4,Panicum maximum,3,7.6,Unfenced,C,Too many forbs
11/04/2025,D,1,Z4,4,Eragrostis curvula,2,,Unfenced,C,
11/04/2025,D,1,Z4,3,Heteropogon contortus,4,5,Unfenced,C,Moribund plenty one side of the quadrat
11/04/2025,D,1,Z4,3,Diheteropogon anplactence,3,11.8,Unfenced,C,
11/04/2025,D,1,Z4,3,Eragrostis viscosa,4,11.4,Unfenced,C,
11/04/2025,D,1,Z4,3,Pogonarthria squarrosa ,1,11.2,Unfenced,C,
11/04/2025,D,1,Z4,3,Brachiaria brizantha,2,,Unfenced,C,
11/04/2025,D,1,Z4,3,Digitaria erianthra,3,,Unfenced,C,
11/04/2025,D,1,Z4,5,Chloris virgata,3,3.7,Unfenced,C,
11/04/2025,D,1,Z4,5,Eragrostis viscosa,13,4.9,Unfenced,C,
11/04/2025,D,1,Z4,5,Setaria incressata,12,5.8,Unfenced,C,
11/04/2025,D,1,Z4,5,Eragrostis gummiflua,3,5.7,Unfenced,C,
11/04/2025,D,1,Z4,5,Panicum maximum,2,,Unfenced,C,
11/04/2025,D,1,Z4,1,Heteropogon contortus,7,33.9,Unfenced,C,
11/04/2025,D,1,Z4,1,Setaria incressata,6,25,Unfenced,C,
11/04/2025,D,1,Z4,1,Eragrostis viscosa,3,19.9,Unfenced,C,
11/04/2025,D,1,Z4,1,Brachiaria brizantha,4,16.3,Unfenced,C,
11/04/2025,D,1,Z4,2,Heteropogon contortus,3,8.1,Unfenced,C,
11/04/2025,D,1,Z4,2,Eragrostis rigidior,2,8.1,Unfenced,C,
11/04/2025,D,1,Z4,2,Setaria incressata,5,7,Unfenced,C,
11/04/2025,D,1,Z4,2,Eragrostis viscosa,4,7.7,Unfenced,C,
11/04/2025,D,1,Z4,2,Eragrostis curvula,1,,Unfenced,C,
11/04/2025,D,1,Z4,2,Panicum maximum,3,,Unfenced,C,
11/04/2025,D,1,Z4,2,Brachiaria brizantha,4,,Unfenced,C,
11/04/2025,D,1,Z3,3,Enteropogon macrostachyus,4,3,Fenced,C,
11/04/2025,D,1,Z3,3,Eragrostis curvula,5,3.3,Fenced,C,
11/04/2025,D,1,Z3,3,Setaria incressata,7,4.9,Fenced,C,
11/04/2025,D,1,Z3,3,Aristida adscensionis,2,7.2,Fenced,C,
11/04/2025,D,1,Z3,4,Heteropogon contortus,3,6.8,Fenced,C,
11/04/2025,D,1,Z3,4,Chloris virgata,3,6.8,Fenced,C,
11/04/2025,D,1,Z3,4,Brachiaria serrata,3,4.5,Fenced,C,
11/04/2025,D,1,Z3,4,,,4.5,Fenced,C,
11/04/2025,D,1,Z3,1,Aristida adscensionis,4,10.9,Fenced,C,
11/04/2025,D,1,Z3,1,Aristida adscensionis,2,8.5,Fenced,C,
11/04/2025,D,1,Z3,1,Setaria incressata,5,9.2,Fenced,C,
11/04/2025,D,1,Z3,1,Brachiaria brizantha,7,10.3,Fenced,C,
11/04/2025,D,1,Z3,1,Heteropogon contortus,1,,Fenced,C,
11/04/2025,D,1,Z3,5,Aristida adscensionis,4,6,Fenced,C,
11/04/2025,D,1,Z3,5,Chloris virgata,6,5.1,Fenced,C,
11/04/2025,D,1,Z3,5,Aristida adscensionis,1,0,Fenced,C,
11/04/2025,D,1,Z3,5,Brachiaria brizantha,,4.5,Fenced,C,
11/04/2025,D,1,Z3,2,Enteropogon macrostachyus,1,4.4,Fenced,C,Too many forbs
11/04/2025,D,1,Z3,2,Chloris virgata,2,4.2,Fenced,C,
11/04/2025,D,1,Z3,2,Setaria incressata,4,4.3,Fenced,C,
11/04/2025,D,1,Z3,2,Panicum maximum,4,5.2,Fenced,C,
11/04/2025,D,1,Z3,2,Eragrostis curvula,3,,Fenced,C,
11/04/2025,D,1,Z1,3,Setaria incressata,3,8.7,Fenced,C,
11/04/2025,D,1,Z1,3,Brachiaria brizantha,4,8,Fenced,C,
11/04/2025,D,1,Z1,3,Eragrostis rigidior,5,9.6,Fenced,C,
11/04/2025,D,1,Z1,3,Eragrostis viscosa,5,9.4,Fenced,C,
11/04/2025,D,1,Z1,3,Eragrostis curvula,3,,Fenced,C,
11/04/2025,D,1,Z1,3,Chloris virgata,6,,Fenced,C,
11/04/2025,D,1,Z1,2,Eragrostis curvula,7,6.6,Fenced,C,
11/04/2025,D,1,Z1,2,Eragrostis rigidior,8,6.8,Fenced,C,
11/04/2025,D,1,Z1,2,Eragrostis viscosa,4,6.2,Fenced,C,
11/04/2025,D,1,Z1,2,Chloris virgata,6,7,Fenced,C,
11/04/2025,D,1,Z1,2,Perotis patens,2,,Fenced,C,
11/04/2025,D,1,Z1,1,Eragrostis viscosa,4,6.8,Fenced,C,
11/04/2025,D,1,Z1,1,Chloris virgata,3,5.3,Fenced,C,
11/04/2025,D,1,Z1,1,Panicum maximum,5,5.2,Fenced,C,
11/04/2025,D,1,Z1,1,Pogonarthria squarrosa ,6,5.7,Fenced,C,
11/04/2025,D,1,Z1,1,Brachiaria brizantha,2,,Fenced,C,
11/04/2025,D,1,Z1,1,Heteropogon contortus,1,,Fenced,C,
11/04/2025,D,1,Z1,1,Aristida adscensionis,2,,Fenced,C,
11/04/2025,D,1,Z1,4,Brachiaria brizantha,5,4.1,Fenced,C,
11/04/2025,D,1,Z1,4,Panicum maximum,3,4.1,Fenced,C,
11/04/2025,D,1,Z1,4,Dactyloctenium giganteum,2,6.1,Fenced,C,
11/04/2025,D,1,Z1,4,Enteropogon macrostachyus,2,6.2,Fenced,C,
11/04/2025,D,1,Z1,5,Enteropogon macrostachyus,2,34.7,Fenced,C,
11/04/2025,D,1,Z1,5,Eragrostis rigidior,3,25.4,Fenced,C,
11/04/2025,D,1,Z1,5,Setaria incressata,7,20.3,Fenced,C,
11/04/2025,D,1,Z1,5,Diheteropogon anplactence,2,15,Fenced,C,
11/04/2025,D,1,Z1,5,Aristida adscensionis,3,15,Fenced,C,
11/04/2025,D,1,Z1,5,Chloris virgata,2,,Fenced,C,
11/04/2025,D,1,Z3,5,Brachiaria brizantha,,,Fenced,C,
16/04/2025,E,1,Z1,1,Panicum maximum,4,6.4,Fenced,C,
16/04/2025,E,1,Z1,1,Heteropogon contortus,5,4.8,Fenced,C,
16/04/2025,E,1,Z1,1,Brachiaria brizantha,2,4.7,Fenced,C,
16/04/2025,E,1,Z1,1,Digitaria erianthra,1,5.3,Fenced,C,
16/04/2025,E,1,Z1,1,Enteropogon macrostachyus,2,,Fenced,C,
16/04/2025,E,1,Z1,4,Aristida adscensionis,2,0,Fenced,C,
16/04/2025,E,1,Z1,4,Eragrostis cylindriflora,1,3.5,Fenced,C,
16/04/2025,E,1,Z1,4,Heteropogon contortus,2,0,Fenced,C,
16/04/2025,E,1,Z1,4,,,2.9,Fenced,C,
16/04/2025,E,1,Z1,3,Heteropogon contortus,1,1.6,Fenced,C,
16/04/2025,E,1,Z1,3,Eragrostis rigidior,1,4.1,Fenced,C,
16/04/2025,E,1,Z1,3,,,4.7,Fenced,C,
16/04/2025,E,1,Z1,3,,,5.4,Fenced,C,
16/04/2025,E,1,Z1,5,Eragrostis viscosa,1,6,Fenced,C,
16/04/2025,E,1,Z1,5,Eragrostis gummiflua,13,5.4,Fenced,C,
16/04/2025,E,1,Z1,5,Brachiaria serrata,1,5,Fenced,C,
16/04/2025,E,1,Z1,5,,,4.6,Fenced,C,
16/04/2025,E,1,Z1,2,Heteropogon contortus,1,4.3,Fenced,C,
16/04/2025,E,1,Z1,2,Enteropogon macrostachyus,1,0,Fenced,C,
16/04/2025,E,1,Z1,2,,,4.6,Fenced,C,
16/04/2025,E,1,Z1,2,,,4.9,Fenced,C,
16/04/2025,E,1,Z3,1,Panicum maximum,2,0,Fenced,C,
16/04/2025,E,1,Z3,1,,,5.4,Fenced,C,
16/04/2025,E,1,Z3,1,,,4.2,Fenced,C,
16/04/2025,E,1,Z3,1,,,3.4,Fenced,C,
16/04/2025,E,1,Z3,4,Heteropogon contortus,3,10.1,Fenced,C,
16/04/2025,E,1,Z3,4,Digitaria erianthra,4,8.9,Fenced,C,
16/04/2025,E,1,Z3,4,,,8.1,Fenced,C,
16/04/2025,E,1,Z3,4,,,7,Fenced,C,
16/04/2025,E,1,Z3,2,Heteropogon contortus,3,6.3,Fenced,C,
16/04/2025,E,1,Z3,2,Eragrostis curvula,3,4.9,Fenced,C,
16/04/2025,E,1,Z3,2,,,0,Fenced,C,
16/04/2025,E,1,Z3,2,,,5.6,Fenced,C,
16/04/2025,E,1,Z3,5,Enteropogon macrostachyus,2,9.2,Fenced,C,
16/04/2025,E,1,Z3,5,Eragrostis curvula,3,5.4,Fenced,C,
16/04/2025,E,1,Z3,5,,,11.8,Fenced,C,
16/04/2025,E,1,Z3,5,,,9.8,Fenced,C,
16/04/2025,E,1,Z3,3,Heteropogon contortus,1,3.5,Fenced,C,
16/04/2025,E,1,Z3,3,,,0,Fenced,C,
16/04/2025,E,1,Z3,3,,,0,Fenced,C,
16/04/2025,E,1,Z3,3,,,0,Fenced,C,
16/04/2025,E,1,Z4,2,Aristida adscensionis,1,3.1,Unfenced,C,
16/04/2025,E,1,Z4,2,Heteropogon contortus,1,0,Unfenced,C,
16/04/2025,E,1,Z4,2,Setaria incressata,1,2.7,Unfenced,C,
16/04/2025,E,1,Z4,2,,,2.7,Unfenced,C,
16/04/2025,E,1,Z4,1,Digitaria erianthra,3,3.6,Unfenced,C,
16/04/2025,E,1,Z4,1,,,3.4,Unfenced,C,
16/04/2025,E,1,Z4,1,,,2.8,Unfenced,C,
16/04/2025,E,1,Z4,1,,,0,Unfenced,C,
16/04/2025,E,1,Z4,5,Panicum maximum,4,3.4,Unfenced,C,
16/04/2025,E,1,Z4,5,Setaria incressata,1,2.7,Unfenced,C,
16/04/2025,E,1,Z4,5,,,2.8,Unfenced,C,
16/04/2025,E,1,Z4,5,,,0,Unfenced,C,
16/04/2025,E,1,Z4,3,Digitaria erianthra,3,2.5,Unfenced,C,
16/04/2025,E,1,Z4,3,Enteropogon macrostachyus,1,4,Unfenced,C,
16/04/2025,E,1,Z4,3,Aristida congesta C,1,4.2,Unfenced,C,
16/04/2025,E,1,Z4,3,Eragrostis gummiflua,7,3.6,Unfenced,C,
16/04/2025,E,1,Z4,4,Digitaria erianthra,9,8.2,Unfenced,C,
16/04/2025,E,1,Z4,4,Eragrostis superba,1,8.6,Unfenced,C,
16/04/2025,E,1,Z4,4,Eragrostis gummiflua,7,9.2,Unfenced,C,
16/04/2025,E,1,Z4,4,,,9.6,Unfenced,C,
16/04/2025,E,1,Z2,2,Eragrostis superba,1,2.6,Unfenced,C,
16/04/2025,E,1,Z2,2,Heteropogon contortus,1,3.1,Unfenced,C,
16/04/2025,E,1,Z2,2,,,3.2,Unfenced,C,
16/04/2025,E,1,Z2,2,,,3.2,Unfenced,C,
16/04/2025,E,1,Z2,3,Heteropogon contortus,2,2.4,Unfenced,C,
16/04/2025,E,1,Z2,3,Digitaria erianthra,1,6.6,Unfenced,C,
16/04/2025,E,1,Z2,3,Setaria incressata,1,0,Unfenced,C,
16/04/2025,E,1,Z2,3,,,2.4,Unfenced,C,
16/04/2025,E,1,Z2,5,Digitaria erianthra,4,4.1,Unfenced,C,
16/04/2025,E,1,Z2,5,Heteropogon contortus,2,3.3,Unfenced,C,
16/04/2025,E,1,Z2,5,,,3.2,Unfenced,C,
16/04/2025,E,1,Z2,5,,,4.8,Unfenced,C,
16/04/2025,E,1,Z2,1,Brachiaria brizantha,1,3.8,Unfenced,C,
16/04/2025,E,1,Z2,1,Heteropogon contortus,1,4.8,Unfenced,C,
16/04/2025,E,1,Z2,1,Enteropogon macrostachyus,1,4.4,Unfenced,C,
16/04/2025,E,1,Z2,1,Eragrostis gummiflua,2,3.9,Unfenced,C,
16/04/2025,E,1,Z2,1,Eragrostis rigidior,1,,Unfenced,C,
16/04/2025,E,1,Z2,4,Aristida adscensionis,1,3.2,Unfenced,C,
16/04/2025,E,1,Z2,4,Cymbopogon excavatus,2,4.2,Unfenced,C,
16/04/2025,E,1,Z2,4,Heteropogon contortus,1,4.3,Unfenced,C,
16/04/2025,E,1,Z2,4,Digitaria erianthra,3,3.6,Unfenced,C,
09/04/2025,F,1,Z1,1,Digitaria erianthra,17,4.9,Fenced,C,
09/04/2025,F,1,Z1,1,Aristida adscensionis,3,4.5,Fenced,C,
09/04/2025,F,1,Z1,1,,,5.4,Fenced,C,
09/04/2025,F,1,Z1,1,,,4.7,Fenced,C,
09/04/2025,F,1,Z1,4,Heteropogon contortus,1,6.9,Fenced,C,
17/04/2025,B,2,Z1,1,Aristida congesta B,9,7.4,Fenced,F,
17/04/2025,B,2,Z1,1,Melinis repens,2,8,Fenced,F,
17/04/2025,B,2,Z1,1,Brachiaria serrata,6,9.3,Fenced,F,
17/04/2025,B,2,Z1,1,Cymbopogon plurinodis,2,10.3,Fenced,F,
17/04/2025,B,2,Z1,1,Heteropogon contortus,2,,Fenced,F,
17/04/2025,B,2,Z1,1,Bothriochloa insculpta,8,,Fenced,F,
17/04/2025,B,2,Z1,2,Aristida congesta B,4,19.7,Fenced,F,
17/04/2025,B,2,Z1,2,Cymbopogon excavatus,4,20.2,Fenced,F,
17/04/2025,B,2,Z1,2,Heteropogon contortus,5,20.8,Fenced,F,
17/04/2025,B,2,Z1,2,Sporobolus africanus,1,22.5,Fenced,F,
17/04/2025,B,2,Z1,5,Aristida congesta B,3,12.6,Fenced,F,
17/04/2025,B,2,Z1,5,Cymbopogon excavatus,3,22.1,Fenced,F,
17/04/2025,B,2,Z1,5,Cymbopogon plurinodis,2,20.2,Fenced,F,
17/04/2025,B,2,Z1,5,Melinis repens,3,20.8,Fenced,F,
17/04/2025,B,2,Z1,4,Aristida congesta B,1,18.5,Fenced,F,
17/04/2025,B,2,Z1,4,Heteropogon contortus,11,21.7,Fenced,F,
17/04/2025,B,2,Z1,4,Cymbopogon plurinodis,1,19.8,Fenced,F,
17/04/2025,B,2,Z1,4,Digitaria erianthra,4,20.1,Fenced,F,
17/04/2025,B,2,Z1,3,Cymbopogon excavatus,5,6,Fenced,F,
17/04/2025,B,2,Z1,3,Heteropogon contortus,6,12,Fenced,F,
17/04/2025,B,2,Z1,3,Digitaria erianthra,4,11.4,Fenced,F,
17/04/2025,B,2,Z1,3,Eragrostis gummiflua,1,12.3,Fenced,F,
17/04/2025,B,2,Z3,1,Aristida congesta B,2,21.3,Fenced,F,
17/04/2025,B,2,Z1,1,Heteropogon contortus,7,17.8,Fenced,F,
17/04/2025,B,2,Z1,1,Bothriochloa insculpta,1,14,Fenced,F,
17/04/2025,B,2,Z1,1,Melinis repens,1,11.2,Fenced,F,
17/04/2025,B,2,Z1,1,Eragrostis curvula,1,,Fenced,F,
17/04/2025,B,2,Z1,4,Cymbopogon plurinodis,1,8.2,Fenced,F,
17/04/2025,B,2,Z1,4,Cymbopogon excavatus,3,12.8,Fenced,F,
17/04/2025,B,2,Z1,4,Setaria sphacelata,1,14.5,Fenced,F,
17/04/2025,B,2,Z1,4,,,18.4,Fenced,F,
17/04/2025,B,2,Z1,3,Cymbopogon excavatus,2,28.4,Fenced,F,
17/04/2025,B,2,Z1,3,Eragrostis superba,2,28.2,Fenced,F,
17/04/2025,B,2,Z1,3,Heteropogon contortus,5,30,Fenced,F,
17/04/2025,B,2,Z1,3,Eragrostis gummiflua,2,27.6,Fenced,F,
17/04/2025,B,2,Z1,5,Cymbopogon excavatus,2,,Fenced,F,
17/04/2025,B,2,Z1,5,Melinis repens,1,26.5,Fenced,F,
17/04/2025,B,2,Z1,5,Aristida congesta B,1,21.8,Fenced,F,
17/04/2025,B,2,Z1,5,Heteropogon contortus,4,22,Fenced,F,
17/04/2025,B,2,Z1,5,Digitaria erianthra,3,22.7,Fenced,F,
17/04/2025,B,2,Z1,5,Bothriochloa insculpta,6,,Fenced,F,
17/04/2025,B,2,Z1,2,Diheteropogon anplactence,1,6.8,Fenced,F,
17/04/2025,B,2,Z1,2,Heteropogon contortus,7,11.6,Fenced,F,
17/04/2025,B,2,Z1,2,Cymbopogon excavatus,2,12.5,Fenced,F,
17/04/2025,B,2,Z1,2,,,0,Fenced,F,
17/04/2025,B,2,Z4,2,Cymbopogon excavatus,4,10.5,Unfenced,F,
17/04/2025,B,2,Z4,2,Heteropogon contortus,8,15.6,Unfenced,F,
17/04/2025,B,2,Z4,2,,,12.9,Unfenced,F,
17/04/2025,B,2,Z4,2,,,13.7,Unfenced,F,
17/04/2025,B,2,Z4,5,Heteropogon contortus,2,0,Unfenced,F,Too many forbs
17/04/2025,B,2,Z4,5,,,0,Unfenced,F,
17/04/2025,B,2,Z4,5,,,0,Unfenced,F,
17/04/2025,B,2,Z4,5,,,0,Unfenced,F,
17/04/2025,B,2,Z4,3,Cymbopogon excavatus,1,16.7,Unfenced,F,
17/04/2025,B,2,Z4,3,Setaria pumila,1,16.2,Unfenced,F,
17/04/2025,B,2,Z4,3,Aristida adscensionis,1,13.6,Unfenced,F,
17/04/2025,B,2,Z4,3,Eragrostis superba,1,11.6,Unfenced,F,
17/04/2025,B,2,Z4,3,Heteropogon contortus,3,,Unfenced,F,
17/04/2025,B,2,Z4,3,Bothriochloa insculpta,1,,Unfenced,F,
17/04/2025,B,2,Z4,3,Eragrostis gummiflua,4,,Unfenced,F,
17/04/2025,B,2,Z4,4,Heteropogon contortus,4,15.1,Unfenced,F,
17/04/2025,B,2,Z4,4,Aristida congesta B,1,11.6,Unfenced,F,
17/04/2025,B,2,Z4,4,,,12.1,Unfenced,F,
17/04/2025,B,2,Z4,4,,,11.6,Unfenced,F,
17/04/2025,B,2,Z4,1,Cymbopogon excavatus,2,16.9,Unfenced,F,
17/04/2025,B,2,Z4,1,Setaria incressata,1,18.3,Unfenced,F,
17/04/2025,B,2,Z4,1,Heteropogon contortus,1,18.2,Unfenced,F,
17/04/2025,B,2,Z4,1,,,16.1,Unfenced,F,
17/04/2025,B,2,Z2,3,Bothriochloa insculpta,11,9.8,Unfenced,F,
17/04/2025,B,2,Z2,3,Heteropogon contortus,9,8,Unfenced,F,
17/04/2025,B,2,Z2,3,Eragrostis gummiflua,8,9.5,Unfenced,F,
17/04/2025,B,2,Z2,3,,,10.1,Unfenced,F,
17/04/2025,B,2,Z2,4,Heteropogon contortus,14,4.6,Unfenced,F,
17/04/2025,B,2,Z2,4,Eragrostis superba,1,5.4,Unfenced,F,
17/04/2025,B,2,Z2,4,Eragrostis gummiflua,2,6.6,Unfenced,F,
17/04/2025,B,2,Z2,4,,,7,Unfenced,F,
17/04/2025,B,2,Z2,1,Hyperrhenia filipendula,3,23.2,Unfenced,F,
17/04/2025,B,2,Z2,1,Digitaria erianthra,12,4.6,Unfenced,F,
17/04/2025,B,2,Z2,1,Cymbopogon excavatus,2,5,Unfenced,F,
17/04/2025,B,2,Z2,1,Pogonarthria squarrosa ,1,4.3,Unfenced,F,
17/04/2025,B,2,Z2,2,Heteropogon contortus,2,0,Unfenced,F,
17/04/2025,B,2,Z2,2,,,5.6,Unfenced,F,
17/04/2025,B,2,Z2,2,,,4.8,Unfenced,F,
17/04/2025,B,2,Z2,2,,,12.1,Unfenced,F,
17/04/2025,B,2,Z2,5,Cymbopogon excavatus,6,18.4,Unfenced,F,
17/04/2025,B,2,Z2,5,Heteropogon contortus,5,20.5,Unfenced,F,
17/04/2025,B,2,Z2,5,Brachiaria nigropedata,1,14.4,Unfenced,F,
17/04/2025,B,2,Z2,5,Eragrostis gummiflua,1,15.9,Unfenced,F,
24/04/2025,C,2,Z3,3,Panicum maximum,4,19.7,Fenced,TFB,
24/04/2025,C,2,Z3,3,,,80.8,Fenced,TFB,
24/04/2025,C,2,Z3,3,,,67.4,Fenced,TFB,
24/04/2025,C,2,Z3,3,,,40.2,Fenced,TFB,
24/04/2025,C,2,Z3,4,Panicum maximum,6,21.9,Fenced,TFB,
24/04/2025,C,2,Z3,4,,,22.6,Fenced,TFB,
24/04/2025,C,2,Z3,4,,,14.8,Fenced,TFB,
24/04/2025,C,2,Z3,4,,,17,Fenced,TFB,
24/04/2025,C,2,Z3,1,Digitaria erianthra,10,11.1,Fenced,TFB,
24/04/2025,C,2,Z3,1,Heteropogon contortus,2,7.4,Fenced,TFB,
24/04/2025,C,2,Z3,1,,,6.8,Fenced,TFB,
24/04/2025,C,2,Z3,1,,,7.4,Fenced,TFB,
24/04/2025,C,2,Z3,2,Eragrostis rigidior,1,4.1,Fenced,TFB,
24/04/2025,C,2,Z3,2,Eragrostis gummiflua,2,6.1,Fenced,TFB,
24/04/2025,C,2,Z3,2,Digitaria erianthra,4,4.9,Fenced,TFB,
24/04/2025,C,2,Z3,2,,,4.2,Fenced,TFB,
24/04/2025,C,2,Z3,5,Eragrostis rigidior,2,4.5,Fenced,TFB,
24/04/2025,C,2,Z3,5,Eragrostis gummiflua,19,4.9,Fenced,TFB,
24/04/2025,C,2,Z3,5,Digitaria velutina,5,4.6,Fenced,TFB,
24/04/2025,C,2,Z3,5,,,4.5,Fenced,TFB,
24/04/2025,C,2,Z1,3,Setaria incressata,3,4.5,Fenced,TFB,
24/04/2025,C,2,Z1,3,Panicum maximum,5,6.1,Fenced,TFB,
24/04/2025,C,2,Z1,3,,,5.1,Fenced,TFB,
24/04/2025,C,2,Z1,3,,,5.1,Fenced,TFB,
24/04/2025,C,2,Z1,4,Eragrostis curvula,6,12,Fenced,TFB,
24/04/2025,C,2,Z1,4,Panicum maximum,2,7.3,Fenced,TFB,
24/04/2025,C,2,Z1,4,,,5.4,Fenced,TFB,
24/04/2025,C,2,Z1,4,,,4.9,Fenced,TFB,
24/04/2025,C,2,Z1,5,Eragrostis viscosa,27,8,Fenced,TFB,
24/04/2025,C,2,Z1,5,Digitaria erianthra,3,9.3,Fenced,TFB,
24/04/2025,C,2,Z1,5,Eragrostis gummiflua,3,7.7,Fenced,TFB,
24/04/2025,C,2,Z1,5,,,7.2,Fenced,TFB,
24/04/2025,C,2,Z1,1,Panicum maximum,7,6.3,Fenced,TFB,
24/04/2025,C,2,Z1,1,,,6.1,Fenced,TFB,
24/04/2025,C,2,Z1,1,,,7.9,Fenced,TFB,
24/04/2025,C,2,Z1,1,,,8.2,Fenced,TFB,
24/04/2025,C,2,Z1,2,Panicum maximum,2,7,Fenced,TFB,
24/04/2025,C,2,Z1,2,Digitaria velutina,1,6.3,Fenced,TFB,
24/04/2025,C,2,Z1,2,,,5.8,Fenced,TFB,
24/04/2025,C,2,Z1,2,,,5.4,Fenced,TFB,
24/04/2025,C,2,Z2,2,Panicum maximum,5,20,Unfenced,TFB,
24/04/2025,C,2,Z2,2,Setaria incressata,2,18.8,Unfenced,TFB,
24/04/2025,C,2,Z2,2,,,17.1,Unfenced,TFB,
24/04/2025,C,2,Z2,2,,,22.5,Unfenced,TFB,
24/04/2025,C,2,Z2,1,Eragrostis rigidior,1,7,Unfenced,TFB,Herbs present
24/04/2025,C,2,Z2,1,Brachiaria brizantha,3,6.2,Unfenced,TFB,
24/04/2025,C,2,Z2,1,,,6.2,Unfenced,TFB,
24/04/2025,C,2,Z2,1,,,6.2,Unfenced,TFB,
24/04/2025,C,2,Z2,3,Panicum maximum,1,14,Unfenced,TFB,
24/04/2025,C,2,Z2,3,Digitaria velutina,1,12.8,Unfenced,TFB,
24/04/2025,C,2,Z2,3,Aristida adscensionis,1,11.7,Unfenced,TFB,
24/04/2025,C,2,Z2,3,,,10,Unfenced,TFB,
24/04/2025,C,2,Z2,4,Heteropogon contortus,1,9.8,Unfenced,TFB,
24/04/2025,C,2,Z2,4,Panicum maximum,2,6.5,Unfenced,TFB,
24/04/2025,C,2,Z2,4,Digitaria velutina,2,5.2,Unfenced,TFB,
24/04/2025,C,2,Z2,4,Eragrostis gummiflua,5,6.2,Unfenced,TFB,
24/04/2025,C,2,Z2,5,Panicum maximum,3,6.5,Unfenced,TFB,
24/04/2025,C,2,Z2,5,Eragrostis gummiflua,10,6,Unfenced,TFB,
24/04/2025,C,2,Z2,5,,,6.4,Unfenced,TFB,
24/04/2025,C,2,Z2,5,,,6.7,Unfenced,TFB,
24/04/2025,C,2,Z4,1,Panicum maximum,6,17.5,Unfenced,TFB,
24/04/2025,C,2,Z4,1,,,15.7,Unfenced,TFB,
24/04/2025,C,2,Z4,1,,,13.8,Unfenced,TFB,
24/04/2025,C,2,Z4,1,,,13.3,Unfenced,TFB,
24/04/2025,C,2,Z4,2,Eragrostis rigidior,2,15.2,Unfenced,TFB,
24/04/2025,C,2,Z4,2,Brachiaria brizantha,4,8.9,Unfenced,TFB,
24/04/2025,C,2,Z4,2,,,14.3,Unfenced,TFB,
24/04/2025,C,2,Z4,2,,,11.3,Unfenced,TFB,
24/04/2025,C,2,Z4,5,Panicum maximum,3,9.9,Unfenced,TFB,
24/04/2025,C,2,Z4,5,Dactyloctenium giganteum,1,9.2,Unfenced,TFB,
24/04/2025,C,2,Z4,5,,,12,Unfenced,TFB,
24/04/2025,C,2,Z4,5,,,12.1,Unfenced,TFB,
24/04/2025,C,2,Z4,3,Brachiaria nigropedata,1,2.7,Unfenced,TFB,Kudu dung
24/04/2025,C,2,Z4,3,Panicum maximum,2,3.9,Unfenced,TFB,
24/04/2025,C,2,Z4,3,,,5.5,Unfenced,TFB,
24/04/2025,C,2,Z4,3,,,5.3,Unfenced,TFB,
24/04/2025,C,2,Z4,4,Setaria incressata,5,9.3,Unfenced,TFB,
24/04/2025,C,2,Z4,4,Digitaria velutina,4,18.7,Unfenced,TFB,
24/04/2025,C,2,Z4,4,,,13.4,Unfenced,TFB,
24/04/2025,C,2,Z4,4,,,11.9,Unfenced,TFB,
24/04/2025,C,4,Z3,1,Pogonarthria squarrosa ,2,5.8,Unfenced,F,
24/04/2025,C,4,Z3,1,Eragrostis rigidior,2,10.6,Unfenced,F,
24/04/2025,C,4,Z3,1,Heteropogon contortus,4,8.5,Unfenced,F,
24/04/2025,C,4,Z3,1,Hyperrhenia filipendula,3,8.6,Unfenced,F,
24/04/2025,C,4,Z3,1,Eragrostis gummiflua,2,,Unfenced,F,
24/04/2025,C,4,Z3,1,Setaria incressata,1,,Unfenced,F,
24/04/2025,C,4,Z3,1,Digitaria erianthra,1,,Unfenced,F,
24/04/2025,C,4,Z3,5,Panicum maximum,6,5.7,Unfenced,F,
24/04/2025,C,4,Z3,5,Digitaria velutina,4,5.8,Unfenced,F,
24/04/2025,C,4,Z3,5,,,5.7,Unfenced,F,
24/04/2025,C,4,Z3,5,,,5.2,Unfenced,F,
24/04/2025,C,4,Z3,2,Heteropogon contortus,16,10.5,Unfenced,F,
24/04/2025,C,4,Z3,2,Pogonarthria squarrosa ,2,12,Unfenced,F,
24/04/2025,C,4,Z3,2,Eragrostis gummiflua,2,11.4,Unfenced,F,
24/04/2025,C,4,Z3,2,Melinis repens,1,10.4,Unfenced,F,
24/04/2025,C,4,Z3,3,Aristida adscensionis,1,5,Unfenced,F,
24/04/2025,C,4,Z3,3,Eragrostis gummiflua,7,3.9,Unfenced,F,
24/04/2025,C,4,Z3,3,,,3.3,Unfenced,F,
24/04/2025,C,4,Z3,3,,,3.3,Unfenced,F,
24/04/2025,C,4,Z3,4,Brachiaria brizantha,2,10.9,Unfenced,F,
24/04/2025,C,4,Z3,4,Setaria incressata,2,11.2,Unfenced,F,
24/04/2025,C,4,Z3,4,Digitaria velutina,4,9.1,Unfenced,F,
24/04/2025,C,4,Z3,4,,,7.6,Unfenced,F,
24/04/2025,C,4,Z4,1,Pogonarthria squarrosa ,8,8.4,Unfenced,F,
24/04/2025,C,4,Z4,1,Hyperrhenia filipendula,2,11,Unfenced,F,
24/04/2025,C,4,Z4,1,Eragrostis superba,1,11.1,Unfenced,F,
24/04/2025,C,4,Z4,1,Eragrostis gummiflua,4,11.5,Unfenced,F,
24/04/2025,C,4,Z4,1,Aristida adscensionis,3,,Unfenced,F,
24/04/2025,C,4,Z4,2,Hyperthelia dissoluta,5,5,Unfenced,F,
24/04/2025,C,4,Z4,2,Pogonarthria squarrosa ,2,6.1,Unfenced,F,
24/04/2025,C,4,Z4,2,Aristida adscensionis,3,24.3,Unfenced,F,
24/04/2025,C,4,Z4,2,Heteropogon contortus,2,21.4,Unfenced,F,
24/04/2025,C,4,Z4,2,Setaria incressata,4,,Unfenced,F,
24/04/2025,C,4,Z4,5,Aristida adscensionis,3,15,Unfenced,F,
24/04/2025,C,4,Z4,5,Pogonarthria squarrosa ,2,0,Unfenced,F,
24/04/2025,C,4,Z4,5,Diheteropogon anplactence,3,8.9,Unfenced,F,
24/04/2025,C,4,Z4,5,Brachiaria nigropedata,1,9.2,Unfenced,F,
24/04/2025,C,4,Z4,3,Aristida adscensionis,7,2.3,Unfenced,F,
24/04/2025,C,4,Z4,3,Panicum maximum,1,4.3,Unfenced,F,
24/04/2025,C,4,Z4,3,Heteropogon contortus,1,5,Unfenced,F,
24/04/2025,C,4,Z4,3,Eragrostis gummiflua,21,5.5,Unfenced,F,
24/04/2025,C,4,Z4,3,Melinis repens,1,5.5,Unfenced,F,
24/04/2025,C,4,Z4,3,Setaria incressata,1,,Unfenced,F,
24/04/2025,C,4,Z4,4,Brachiaria brizantha,2,1.6,Unfenced,F,
24/04/2025,C,4,Z4,4,Brachiaria nigropedata,1,8.5,Unfenced,F,
24/04/2025,C,4,Z4,4,,,7.2,Unfenced,F,
24/04/2025,C,4,Z4,4,,,6.6,Unfenced,F,
24/04/2025,C,4,Z2,2,Brachiaria brizantha,5,11,Fenced,F,
24/04/2025,C,4,Z2,2,Pogonarthria squarrosa ,5,6.6,Fenced,F,
24/04/2025,C,4,Z2,2,Eragrostis gummiflua,2,8.2,Fenced,F,
24/04/2025,C,4,Z2,2,Melinis repens,2,9.8,Fenced,F,
24/04/2025,C,4,Z2,2,Heteropogon contortus,1,,Fenced,F,
24/04/2025,C,4,Z2,2,Eragrostis superba,1,,Fenced,F,
24/04/2025,C,4,Z2,2,Digitaria erianthra,1,,Fenced,F,
24/04/2025,C,4,Z2,5,Pogonarthria squarrosa ,10,2.1,Fenced,F,
24/04/2025,C,4,Z2,5,Heteropogon contortus,2,8.6,Fenced,F,
24/04/2025,C,4,Z2,5,Eragrostis rigidior,1,10.8,Fenced,F,
24/04/2025,C,4,Z2,5,Brachiaria brizantha,1,13.2,Fenced,F,
24/04/2025,C,4,Z2,1,Aristida adscensionis,3,12.6,Fenced,F,
24/04/2025,C,4,Z2,1,Heteropogon contortus,4,12.2,Fenced,F,
24/04/2025,C,4,Z2,1,Brachiaria brizantha,3,6.7,Fenced,F,
24/04/2025,C,4,Z2,1,,,6.6,Fenced,F,
24/04/2025,C,4,Z2,4,Heteropogon contortus,2,18.6,Fenced,F,
24/04/2025,C,4,Z2,4,Panicum maximum,2,15.1,Fenced,F,
24/04/2025,C,4,Z2,4,Brachiaria serrata,3,14.1,Fenced,F,
24/04/2025,C,4,Z2,4,Digitaria erianthra,2,14.4,Fenced,F,
24/04/2025,C,4,Z2,3,Heteropogon contortus,6,17.7,Fenced,F,
24/04/2025,C,4,Z2,3,Setaria incressata,1,19.4,Fenced,F,
24/04/2025,C,4,Z2,3,Panicum maximum,1,17.8,Fenced,F,
24/04/2025,C,4,Z2,3,Digitaria velutina,1,15.6,Fenced,F,
24/04/2025,C,4,Z1,2,Heteropogon contortus,50,14.6,Fenced,F,
24/04/2025,C,4,Z1,2,Pogonarthria squarrosa ,4,19.7,Fenced,F,
24/04/2025,C,4,Z1,2,Melinis repens,3,20,Fenced,F,
24/04/2025,C,4,Z1,2,Eragrostis gummiflua,2,17.6,Fenced,F,
24/04/2025,C,4,Z1,1,Heteropogon contortus,1,2.5,Fenced,F,
24/04/2025,C,4,Z1,1,Aristida adscensionis,1,2.5,Fenced,F,
24/04/2025,C,4,Z1,1,,,2.5,Fenced,F,
24/04/2025,C,4,Z1,1,,,2.5,Fenced,F,
24/04/2025,C,4,Z1,5,Brachiaria brizantha,6,30.9,Fenced,F,
24/04/2025,C,4,Z1,5,Eragrostis rigidior,2,32.4,Fenced,F,
24/04/2025,C,4,Z1,5,Pogonarthria squarrosa ,2,27.8,Fenced,F,
24/04/2025,C,4,Z1,5,Eragrostis gummiflua,1,25.1,Fenced,F,
24/04/2025,C,4,Z1,4,Pogonarthria squarrosa ,5,4.1,Fenced,F,
24/04/2025,C,4,Z1,4,Heteropogon contortus,1,4.4,Fenced,F,
24/04/2025,C,4,Z1,4,Brachiaria serrata,1,6.5,Fenced,F,
24/04/2025,C,4,Z1,4,,,6.6,Fenced,F,
24/04/2025,C,4,Z1,3,Digitaria erianthra,5,8.3,Fenced,F,
24/04/2025,C,4,Z1,3,Eragrostis rigidior,1,4.3,Fenced,F,
24/04/2025,C,4,Z1,3,,,3.9,Fenced,F,
24/04/2025,C,4,Z1,3,,,20.3,Fenced,F,
09/04/2025,F,1,Z1,4,Digitaria erianthra,12,7.5,Fenced,C,
09/04/2025,F,1,Z1,4,Eragrostis rigidior,2,7.8,Fenced,C,
09/04/2025,F,1,Z1,4,,,8.4,Fenced,C,
09/04/2025,F,1,Z1,5,Digitaria erianthra,4,5.2,Fenced,C,
09/04/2025,F,1,Z1,5,Eragrostis rigidior,1,6.1,Fenced,C,
09/04/2025,F,1,Z1,5,Pogonarthria squarrosa ,1,5.4,Fenced,C,
09/04/2025,F,1,Z1,5,,,5.4,Fenced,C,
09/04/2025,F,1,Z1,2,Eragrostis superba,1,4.6,Fenced,C,
09/04/2025,F,1,Z1,2,Pogonarthria squarrosa ,1,4.8,Fenced,C,
09/04/2025,F,1,Z1,2,Eragrostis rigidior,4,7.5,Fenced,C,
09/04/2025,F,1,Z1,2,Digitaria erianthra,1,7.2,Fenced,C,
09/04/2025,F,1,Z1,3,Heteropogon contortus,1,7.5,Fenced,C,
09/04/2025,F,1,Z1,3,Eragrostis rigidior,1,7.4,Fenced,C,
09/04/2025,F,1,Z1,3,Eragrostis superba,2,7,Fenced,C,
09/04/2025,F,1,Z1,3,Eragrostis viscosa,1,6.8,Fenced,C,
09/04/2025,F,1,Z1,3,Digitaria erianthra,1,,Fenced,C,
09/04/2025,F,1,Z2,3,Digitaria erianthra,2,10.4,Fenced,C,
09/04/2025,F,1,Z2,3,Heteropogon contortus,2,10.3,Fenced,C,
09/04/2025,F,1,Z2,3,Aristida adscensionis,1,9.4,Fenced,C,
09/04/2025,F,1,Z2,3,,,9.1,Fenced,C,
09/04/2025,F,1,Z2,2,Digitaria erianthra,1,5.2,Fenced,C,
09/04/2025,F,1,Z2,2,Heteropogon contortus,2,7.1,Fenced,C,
09/04/2025,F,1,Z2,2,Pogonarthria squarrosa ,1,7.7,Fenced,C,
09/04/2025,F,1,Z2,2,Eragrostis rigidior,2,12,Fenced,C,
09/04/2025,F,1,Z2,5,Eragrostis rigidior,4,4.2,Fenced,C,
09/04/2025,F,1,Z2,5,Eragrostis superba,1,4.6,Fenced,C,
09/04/2025,F,1,Z2,5,,,5.9,Fenced,C,
09/04/2025,F,1,Z2,5,,,6.4,Fenced,C,
09/04/2025,F,1,Z2,4,Brachiaria nigropedata,1,2.4,Fenced,C,
09/04/2025,F,1,Z2,4,Digitaria erianthra,4,4.5,Fenced,C,
09/04/2025,F,1,Z2,4,Eragrostis viscosa,2,5.1,Fenced,C,
09/04/2025,F,1,Z2,4,Eragrostis rigidior,1,5.2,Fenced,C,
09/04/2025,F,1,Z2,4,Aristida congesta B,1,,Fenced,C,
09/04/2025,F,1,Z2,4,Aristida adscensionis,2,,Fenced,C,
09/04/2025,F,1,Z2,1,Digitaria erianthra,7,11.2,Fenced,C,
09/04/2025,F,1,Z2,1,Heteropogon contortus,3,9,Fenced,C,
09/04/2025,F,1,Z2,1,Eragrostis superba,1,9.1,Fenced,C,
09/04/2025,F,1,Z2,1,Eragrostis rigidior,1,9.2,Fenced,C,
09/04/2025,F,1,Z2,1,Aristida adscensionis,1,,Fenced,C,
09/04/2025,F,1,Z3,2,Eragrostis superba,3,8.3,Unfenced,C,
09/04/2025,F,1,Z3,2,Eragrostis gummiflua,2,7.4,Unfenced,C,
09/04/2025,F,1,Z3,2,,,7.2,Unfenced,C,
09/04/2025,F,1,Z3,2,,,7,Unfenced,C,
09/04/2025,F,1,Z3,3,Eragrostis gummiflua,13,2.1,Unfenced,C,
09/04/2025,F,1,Z3,3,,,2.6,Unfenced,C,
09/04/2025,F,1,Z3,3,,,3.2,Unfenced,C,
09/04/2025,F,1,Z3,3,,,3.1,Unfenced,C,
09/04/2025,F,1,Z3,4,Eragrostis rigidior,1,4.3,Unfenced,C,
09/04/2025,F,1,Z3,4,Aristida adscensionis,1,4,Unfenced,C,
09/04/2025,F,1,Z3,4,Brachiaria nigropedata,2,3.5,Unfenced,C,
09/04/2025,F,1,Z3,4,Digitaria erianthra,3,3.5,Unfenced,C,
09/04/2025,F,1,Z3,5,Eragrostis viscosa,8,6.1,Unfenced,C,
09/04/2025,F,1,Z3,5,Eragrostis superba,3,5.9,Unfenced,C,
09/04/2025,F,1,Z3,5,Eragrostis rigidior,3,5.3,Unfenced,C,
09/04/2025,F,1,Z3,5,,,4.9,Unfenced,C,
09/04/2025,F,1,Z3,1,Aristida diffusa,5,0,Unfenced,C,
09/04/2025,F,1,Z3,1,Aristida adscensionis,2,1.7,Unfenced,C,
09/04/2025,F,1,Z3,1,Enteropogon macrostachyus,2,1.8,Unfenced,C,
09/04/2025,F,1,Z3,1,Heteropogon contortus,2,3.4,Unfenced,C,
09/04/2025,F,1,Z3,1,Eragrostis superba,3,,Unfenced,C,
09/04/2025,F,1,Z4,2,Eragrostis superba,3,2.2,Unfenced,C,
09/04/2025,F,1,Z4,2,Pogonarthria squarrosa ,1,2.1,Unfenced,C,
09/04/2025,F,1,Z4,2,Heteropogon contortus,1,2.3,Unfenced,C,
09/04/2025,F,1,Z4,2,,,4.4,Unfenced,C,
09/04/2025,F,1,Z4,1,Digitaria erianthra,4,11.4,Unfenced,C,
09/04/2025,F,1,Z4,1,Eragrostis gummiflua,16,9.8,Unfenced,C,
09/04/2025,F,1,Z4,1,Eragrostis viscosa,,9.3,Unfenced,C,
09/04/2025,F,1,Z4,1,,,9,Unfenced,C,
09/04/2025,F,1,Z4,5,Eragrostis viscosa,8,3.6,Unfenced,C,
09/04/2025,F,1,Z4,5,Eragrostis gummiflua,10,4.4,Unfenced,C,
09/04/2025,F,1,Z4,5,,,4.7,Unfenced,C,
09/04/2025,F,1,Z4,5,,,4.8,Unfenced,C,
09/04/2025,F,1,Z4,3,Eragrostis gummiflua,21,3.4,Unfenced,C,
09/04/2025,F,1,Z4,3,Eragrostis viscosa,3,3.2,Unfenced,C,
09/04/2025,F,1,Z4,3,,,4.4,Unfenced,C,
09/04/2025,F,1,Z4,3,,,5.2,Unfenced,C,
09/04/2025,F,1,Z4,4,Eragrostis superba,1,5.1,Unfenced,C,
09/04/2025,F,1,Z4,4,Eragrostis rigidior,1,4.8,Unfenced,C,
09/04/2025,F,1,Z4,4,Eragrostis viscosa,1,5,Unfenced,C,
09/04/2025,F,1,Z4,4,Eragrostis gummiflua,13,4.2,Unfenced,C,
09/04/2025,F,1,Z4,4,Aristida diffusa,1,,Unfenced,C,
25/04/2025,C,5,Z1,4,Pogonarthria squarrosa ,4,13.4,Fenced,THF,
25/04/2025,C,5,Z1,4,Digitaria erianthra,14,15,Fenced,THF,
25/04/2025,C,5,Z1,4,Heteropogon contortus,1,15.1,Fenced,THF,
25/04/2025,C,5,Z1,4,,,15.1,Fenced,THF,
25/04/2025,C,5,Z1,3,Heteropogon contortus,3,19,Fenced,THF,
25/04/2025,C,5,Z1,3,Digitaria erianthra,3,17.3,Fenced,THF,
25/04/2025,C,5,Z1,3,Melinis repens,1,17.8,Fenced,THF,
25/04/2025,C,5,Z1,3,Eragrostis rigidior,1,17.7,Fenced,THF,
25/04/2025,C,5,Z1,3,Pogonarthria squarrosa ,14,,Fenced,THF,
25/04/2025,C,5,Z1,1,Digitaria erianthra,15,10.1,Fenced,THF,
25/04/2025,C,5,Z1,1,Eragrostis viscosa,27,11.2,Fenced,THF,
25/04/2025,C,5,Z1,1,Eragrostis gummiflua,11,10,Fenced,THF,
25/04/2025,C,5,Z1,1,,,9.8,Fenced,THF,
25/04/2025,C,5,Z1,2,Panicum maximum,2,5.4,Fenced,THF,
25/04/2025,C,5,Z1,2,Digitaria velutina,4,4.6,Fenced,THF,
25/04/2025,C,5,Z1,2,,,6.5,Fenced,THF,
25/04/2025,C,5,Z1,2,,,2.3,Fenced,THF,
25/04/2025,C,5,Z1,5,Panicum maximum,4,10,Fenced,THF,
25/04/2025,C,5,Z1,5,Melinis repens,1,11.2,Fenced,THF,
25/04/2025,C,5,Z1,5,Digitaria velutina,2,12.6,Fenced,THF,
25/04/2025,C,5,Z1,5,Brachiaria brizantha,3,12.9,Fenced,THF,
25/04/2025,C,5,Z1,5,Digitaria erianthra,2,,Fenced,THF,
25/04/2025,C,5,Z1,5,Heteropogon contortus,2,,Fenced,THF,
25/04/2025,C,5,Z1,5,,,,Fenced,THF,
25/04/2025,C,5,Z2,4,Pogonarthria squarrosa ,11,24.6,Fenced,THF,
25/04/2025,C,5,Z2,4,Melinis repens,1,26.2,Fenced,THF,
25/04/2025,C,5,Z2,4,Andropogon eucomas,2,24.7,Fenced,THF,
25/04/2025,C,5,Z2,4,Heteropogon contortus,2,23.2,Fenced,THF,
25/04/2025,C,5,Z2,3,Pogonarthria squarrosa ,5,10,Fenced,THF,
25/04/2025,C,5,Z2,3,Eragrostis rigidior,1,14.6,Fenced,THF,
25/04/2025,C,5,Z2,3,Heteropogon contortus,1,18.1,Fenced,THF,
25/04/2025,C,5,Z2,3,Digitaria erianthra,1,14.7,Fenced,THF,
25/04/2025,C,5,Z2,5,Panicum maximum,3,6.5,Fenced,THF,
25/04/2025,C,5,Z2,5,Digitaria velutina,4,6,Fenced,THF,
25/04/2025,C,5,Z2,5,,,5.5,Fenced,THF,
25/04/2025,C,5,Z2,5,,,4.8,Fenced,THF,
25/04/2025,C,5,Z2,2,Panicum maximum,6,2.5,Fenced,THF,
25/04/2025,C,5,Z2,2,Digitaria velutina,3,2.5,Fenced,THF,
25/04/2025,C,5,Z2,2,Heteropogon contortus,3,8.1,Fenced,THF,
25/04/2025,C,5,Z2,2,,,7.1,Fenced,THF,
25/04/2025,C,5,Z2,1,Panicum maximum,3,15.3,Fenced,THF,
25/04/2025,C,5,Z2,1,Digitaria velutina,5,15.4,Fenced,THF,
25/04/2025,C,5,Z2,1,,,13.3,Fenced,THF,
25/04/2025,C,5,Z2,1,,,0,Fenced,THF,
25/04/2025,C,5,Z4,3,Digitaria erianthra,3,10.1,Unfenced,THF,
25/04/2025,C,5,Z4,3,Brachiaria brizantha,2,12,Unfenced,THF,
25/04/2025,C,5,Z4,3,Eragrostis gummiflua,4,9.6,Unfenced,THF,
25/04/2025,C,5,Z4,3,,,9,Unfenced,THF,
25/04/2025,C,5,Z4,5,Heteropogon contortus,2,2.6,Unfenced,THF,
25/04/2025,C,5,Z4,5,Aristida adscensionis,4,5.4,Unfenced,THF,
25/04/2025,C,5,Z4,5,Eragrostis gummiflua,6,4.8,Unfenced,THF,
25/04/2025,C,5,Z4,5,Brachiaria nigropedata,1,6.4,Unfenced,THF,
25/04/2025,C,5,Z4,5,Brachiaria brizantha,1,,Unfenced,THF,
25/04/2025,C,5,Z4,2,Aristida adscensionis,3,7.3,Unfenced,THF,
25/04/2025,C,5,Z4,2,Digitaria erianthra,2,10.5,Unfenced,THF,
25/04/2025,C,5,Z4,2,Heteropogon contortus,1,10,Unfenced,THF,
25/04/2025,C,5,Z4,2,,,10.5,Unfenced,THF,
25/04/2025,C,5,Z4,1,Eragrostis superba,1,8.9,Unfenced,THF,
25/04/2025,C,5,Z4,1,Aristida adscensionis,2,9.8,Unfenced,THF,
25/04/2025,C,5,Z4,1,Pogonarthria squarrosa ,2,10.9,Unfenced,THF,
25/04/2025,C,5,Z4,1,Heteropogon contortus,1,12.3,Unfenced,THF,
25/04/2025,C,5,Z4,4,Panicum maximum,1,4.5,Unfenced,THF,
25/04/2025,C,5,Z4,4,Digitaria velutina,12,4.6,Unfenced,THF,
25/04/2025,C,5,Z4,4,,,5.9,Unfenced,THF,
25/04/2025,C,5,Z4,4,,,5.7,Unfenced,THF,
25/04/2025,C,5,Z3,2,Brachiaria nigropedata,5,17.7,Unfenced,THF,
25/04/2025,C,5,Z3,2,Pogonarthria squarrosa ,5,15.5,Unfenced,THF,
25/04/2025,C,5,Z3,2,Eragrostis gummiflua,1,23.5,Unfenced,THF,
25/04/2025,C,5,Z3,2,Eragrostis viscosa,10,22.4,Unfenced,THF,
25/04/2025,C,5,Z3,1,Heteropogon contortus,1,9.1,Unfenced,THF,
25/04/2025,C,5,Z3,1,Digitaria velutina,4,7.4,Unfenced,THF,
25/04/2025,C,5,Z3,1,Brachiaria nigropedata,1,8.5,Unfenced,THF,
25/04/2025,C,5,Z3,1,Eragrostis rigidior,1,10.9,Unfenced,THF,
25/04/2025,C,5,Z3,1,Eragrostis gummiflua,4,,Unfenced,THF,
25/04/2025,C,5,Z3,5,Panicum maximum,3,8.7,Unfenced,THF,
25/04/2025,C,5,Z3,5,Digitaria velutina,2,6.3,Unfenced,THF,
25/04/2025,C,5,Z3,5,,,7.3,Unfenced,THF,
25/04/2025,C,5,Z3,5,,,7.3,Unfenced,THF,
25/04/2025,C,5,Z3,4,Panicum maximum,2,13.7,Unfenced,THF,
25/04/2025,C,5,Z3,4,Digitaria velutina,4,11.9,Unfenced,THF,
25/04/2025,C,5,Z3,4,,,12.1,Unfenced,THF,
25/04/2025,C,5,Z3,4,,,13.7,Unfenced,THF,
25/04/2025,C,5,Z3,3,Brachiaria brizantha,1,0,Unfenced,THF,
25/04/2025,C,5,Z3,3,Digitaria velutina,3,0,Unfenced,THF,
25/04/2025,C,5,Z3,3,,,4.4,Unfenced,THF,
25/04/2025,C,5,Z3,3,,,10.3,Unfenced,THF,
25/04/2025,C,3,Z3,4,Hyperthelia dissoluta,1,8.7,Unfenced,TF,
25/04/2025,C,3,Z3,4,Heteropogon contortus,6,11.1,Unfenced,TF,
25/04/2025,C,3,Z3,4,Melinis repens,3,14.2,Unfenced,TF,
25/04/2025,C,3,Z3,4,Eragrostis viscosa,2,10.2,Unfenced,TF,
25/04/2025,C,3,Z3,4,Pogonarthria squarrosa ,2,,Unfenced,TF,
25/04/2025,C,3,Z3,4,Digitaria erianthra,1,,Unfenced,TF,
25/04/2025,C,3,Z3,1,Heteropogon contortus,4,4.7,Unfenced,TF,
25/04/2025,C,3,Z3,1,Pogonarthria squarrosa ,1,6.7,Unfenced,TF,
25/04/2025,C,3,Z3,1,Digitaria erianthra,1,4.9,Unfenced,TF,
25/04/2025,C,3,Z3,1,,,0,Unfenced,TF,
25/04/2025,C,3,Z3,5,Aristida adscensionis,4,3,Unfenced,TF,
25/04/2025,C,3,Z3,5,Cynodon dactylon,5,4.1,Unfenced,TF,
25/04/2025,C,3,Z3,5,Setaria incressata,4,5.6,Unfenced,TF,
25/04/2025,C,3,Z3,5,Pogonarthria squarrosa ,2,4.3,Unfenced,TF,
25/04/2025,C,3,Z3,2,Heteropogon contortus,2,4.3,Unfenced,TF,
25/04/2025,C,3,Z3,2,Pogonarthria squarrosa ,2,4.2,Unfenced,TF,
25/04/2025,C,3,Z3,2,Aristida adscensionis,1,4.2,Unfenced,TF,
25/04/2025,C,3,Z3,2,Eragrostis rigidior,1,7.1,Unfenced,TF,
25/04/2025,C,3,Z3,2,Setaria incressata,1,,Unfenced,TF,
25/04/2025,C,3,Z3,3,Pogonarthria squarrosa ,5,4.5,Unfenced,TF,
25/04/2025,C,3,Z3,3,Eragrostis rigidior,3,7.1,Unfenced,TF,
25/04/2025,C,3,Z3,3,Eragrostis gummiflua,7,6.8,Unfenced,TF,
25/04/2025,C,3,Z3,3,Digitaria erianthra,1,6.9,Unfenced,TF,
25/04/2025,C,3,Z4,1,Hyperthelia dissoluta,3,6.8,Unfenced,TF,
25/04/2025,C,3,Z4,1,Eragrostis gummiflua,4,4.7,Unfenced,TF,
25/04/2025,C,3,Z4,1,Pogonarthria squarrosa ,3,6.5,Unfenced,TF,
25/04/2025,C,3,Z4,1,Eragrostis rigidior,1,6.3,Unfenced,TF,
25/04/2025,C,3,Z4,1,Eragrostis viscosa,6,,Unfenced,TF,
25/04/2025,C,3,Z4,2,Digitaria erianthra,6,5.6,Unfenced,TF,
25/04/2025,C,3,Z4,2,Pogonarthria squarrosa ,4,5.6,Unfenced,TF,
25/04/2025,C,3,Z4,2,,,5.4,Unfenced,TF,
25/04/2025,C,3,Z4,2,,,5.1,Unfenced,TF,
25/04/2025,C,3,Z4,5,Pogonarthria squarrosa ,7,10.3,Unfenced,TF,
25/04/2025,C,3,Z4,5,Brachiaria brizantha,1,8.4,Unfenced,TF,
25/04/2025,C,3,Z4,5,Digitaria erianthra,1,8.1,Unfenced,TF,
25/04/2025,C,3,Z4,5,Eragrostis rigidior,1,7.7,Unfenced,TF,
25/04/2025,C,3,Z4,3,Eragrostis rigidior,3,6.6,Unfenced,TF,Forbs present
25/04/2025,C,3,Z4,3,Pogonarthria squarrosa ,1,6.4,Unfenced,TF,
25/04/2025,C,3,Z4,3,Digitaria erianthra,4,6.8,Unfenced,TF,
25/04/2025,C,3,Z4,3,,,7.2,Unfenced,TF,
25/04/2025,C,3,Z4,4,Heteropogon contortus,2,15.9,Unfenced,TF,
25/04/2025,C,3,Z4,4,Aristida adscensionis,4,14.4,Unfenced,TF,
25/04/2025,C,3,Z4,4,Digitaria erianthra,8,22.6,Unfenced,TF,
25/04/2025,C,3,Z4,4,Pogonarthria squarrosa ,2,20.1,Unfenced,TF,
25/04/2025,C,3,Z1,1,Eragrostis gummiflua,8,6.3,Fenced,TF,
25/04/2025,C,3,Z1,1,Eragrostis superba,1,7.1,Fenced,TF,
25/04/2025,C,3,Z1,1,Pogonarthria squarrosa ,3,9.2,Fenced,TF,
25/04/2025,C,3,Z1,1,Panicum maximum,3,10.7,Fenced,TF,
25/04/2025,C,3,Z1,1,Eragrostis viscosa,2,,Fenced,TF,
25/04/2025,C,3,Z1,1,Digitaria erianthra,2,,Fenced,TF,
25/04/2025,C,3,Z1,2,Digitaria erianthra,3,9.1,Fenced,TF,
25/04/2025,C,3,Z1,2,,,7.9,Fenced,TF,
25/04/2025,C,3,Z1,2,,,6.8,Fenced,TF,
25/04/2025,C,3,Z1,2,,,7.3,Fenced,TF,
25/04/2025,C,3,Z1,5,Heteropogon contortus,2,12.8,Fenced,TF,
25/04/2025,C,3,Z1,5,Panicum maximum,2,9.5,Fenced,TF,
25/04/2025,C,3,Z1,5,,,13.1,Fenced,TF,
25/04/2025,C,3,Z1,5,,,31,Fenced,TF,
25/04/2025,C,3,Z1,4,Digitaria velutina,2,20.7,Fenced,TF,
25/04/2025,C,3,Z1,4,Heteropogon contortus,7,17.1,Fenced,TF,
25/04/2025,C,3,Z1,4,Panicum maximum,1,14.7,Fenced,TF,
25/04/2025,C,3,Z1,4,,,13.3,Fenced,TF,
25/04/2025,C,3,Z1,3,Brachiaria brizantha,10,12.8,Fenced,TF,
25/04/2025,C,3,Z1,3,Heteropogon contortus,2,19,Fenced,TF,
25/04/2025,C,3,Z1,3,Eragrostis viscosa,6,15.8,Fenced,TF,
25/04/2025,C,3,Z1,3,Brachiaria serrata,3,14.5,Fenced,TF,
25/04/2025,C,3,Z2,2,Digitaria erianthra,5,18.1,Fenced,TF,
25/04/2025,C,3,Z2,2,Melinis repens,1,21.1,Fenced,TF,
25/04/2025,C,3,Z2,2,,,17.3,Fenced,TF,
25/04/2025,C,3,Z2,2,,,15,Fenced,TF,
25/04/2025,C,3,Z2,1,Heteropogon contortus,2,16,Fenced,TF,
25/04/2025,C,3,Z2,1,Pogonarthria squarrosa ,9,14.4,Fenced,TF,
25/04/2025,C,3,Z2,1,Digitaria velutina,6,16.2,Fenced,TF,
25/04/2025,C,3,Z2,1,,,17.2,Fenced,TF,
25/04/2025,C,3,Z2,4,Brachiaria brizantha,1,5.5,Fenced,TF,
25/04/2025,C,3,Z2,4,Brachiaria serrata,1,4.3,Fenced,TF,
25/04/2025,C,3,Z2,4,,,0,Fenced,TF,
25/04/2025,C,3,Z2,4,,,0,Fenced,TF,
25/04/2025,C,3,Z2,5,Heteropogon contortus,3,13.6,Fenced,TF,
25/04/2025,C,3,Z2,5,Pogonarthria squarrosa ,7,22.9,Fenced,TF,
25/04/2025,C,3,Z2,5,Brachiaria brizantha,3,20.4,Fenced,TF,
25/04/2025,C,3,Z2,5,Aristida adscensionis,2,20.8,Fenced,TF,
25/04/2025,C,3,Z2,3,Panicum maximum,4,4.5,Fenced,TF,
25/04/2025,C,3,Z2,3,Heteropogon contortus,1,4.7,Fenced,TF,
25/04/2025,C,3,Z2,3,,,4,Fenced,TF,
25/04/2025,C,3,Z2,3,,,4.2,Fenced,F,
