Year,Site,Plot,Subplot,Species_name,Number,DPM_Height,Fencing,Treatment,
2024,A,1,Z1,Digitaria eriantha,3,19,Fenced,C,
2024,A,1,Z1,Urochloa trichopus,1,18.9,Fenced,C,
2024,A,1,Z1,Hyparrhenia filipendula,2,11.6,Fenced,C,
2024,A,1,Z1,NA,NA,11.3,Fenced,C,
2024,A,1,Z1,Aristida adscensionis,1,18.7,Fenced,C,
2024,A,1,Z1,Urochloa trichopus,1,18.5,Fenced,C,
2024,A,1,Z1,Heteropogon contortus,1,19.2,Fenced,C,
2024,A,1,Z1,Digitaria eriantha,1,19.5,Fenced,C,
2024,A,1,Z1,Sporobolus africanus,4,NA,Fenced,C,
2024,A,1,Z1,Setaria sphacelata,2,19.3,Fenced,C,
2024,A,1,Z1,Heteropogon contortus,4,18.3,Fenced,C,
2024,A,1,Z1,Cymbopogon caesius,2,18.9,Fenced,C,
2024,A,1,Z1,NA,NA,19.6,Fenced,C,
2024,A,1,Z1,Aristida adscensionis,3,9.1,Fenced,C,
2024,A,1,Z1,Urochloa trichopus,1,9,Fenced,C,
2024,A,1,Z1,Heteropogon contortus,4,9.1,Fenced,C,
2024,A,1,Z1,Hyparrhenia filipendula,1,8.1,Fenced,C,
2024,A,1,Z1,Digitaria eriantha,1,NA,Fenced,C,
2024,A,1,Z1,Setaria sphacelata,1,NA,Fenced,C,
2024,A,1,Z1,Eragrostis superba,1,NA,Fenced,C,
2024,A,1,Z1,Themeda triandra,2,14.2,Fenced,C,
2024,A,1,Z1,Urochloa trichopus,4,20,Fenced,C,
2024,A,1,Z1,Digitaria eriantha,2,19.7,Fenced,C,
2024,A,1,Z1,Setaria sphacelata,1,19.6,Fenced,C,
2024,A,1,Z2,Digitaria eriantha,2,19,Fenced,C,
2024,A,1,Z2,Urochloa trichopus,1,18.9,Fenced,C,
2024,A,1,Z2,Hyparrhenia filipendula,4,11.6,Fenced,C,
2024,A,1,Z2,NA,NA,11.3,Fenced,C,
2024,A,1,Z2,Hyparrhenia filipendula,5,44.6,Fenced,C,
2024,A,1,Z2,Setaria sphacelata,1,39.6,Fenced,C,
2024,A,1,Z2,NA,NA,38.2,Fenced,C,
2024,A,1,Z2,NA,NA,32.5,Fenced,C,
2024,A,1,Z2,Bothriochloa insculpta,1,18.2,Fenced,C,
2024,A,1,Z2,Urochloa trichopus,6,20.2,Fenced,C,
2024,A,1,Z2,Hyparrhenia filipendula,3,26.8,Fenced,C,
2024,A,1,Z2,NA,NA,29.9,Fenced,C,
2024,A,1,Z2,Urochloa trichopus,2,18,Fenced,C,
2024,A,1,Z2,Hyparrhenia filipendula,3,19.9,Fenced,C,
2024,A,1,Z2,Setaria sphacelata,5,19.9,Fenced,C,
2024,A,1,Z2,Heteropogon contortus,2,21,Fenced,C,
2024,A,1,Z2,Eragrostis gummiflua,1,NA,Fenced,C,
2024,A,1,Z2,Hyparrhenia filipendula,4,21.1,Fenced,C,
2024,A,1,Z2,Setaria sphacelata,3,21.1,Fenced,C,
2024,A,1,Z2,NA,NA,20.4,Fenced,C,
2024,A,1,Z2,NA,NA,20.2,Fenced,C,
2024,A,1,Z3,Setaria sphacelata,2,23.7,Unfenced,C,
2024,A,1,Z3,Aristida adscensionis,3,23,Unfenced,C,
2024,A,1,Z3,Digitaria eriantha,6,22.4,Unfenced,C,
2024,A,1,Z3,NA,NA,21.7,Unfenced,C,
2024,A,1,Z3,NA,NA,0,Unfenced,C,
2024,A,1,Z3,NA,NA,0,Unfenced,C,
2024,A,1,Z3,NA,NA,0,Unfenced,C,
2024,A,1,Z3,NA,NA,0,Unfenced,C,
2024,A,1,Z3,Heteropogon contortus,1,28.9,Unfenced,C,
2024,A,1,Z3,Digitaria eriantha,3,30.7,Unfenced,C,
2024,A,1,Z3,Hyparrhenia filipendula,3,31.7,Unfenced,C,
2024,A,1,Z3,NA,NA,30.9,Unfenced,C,
2024,A,1,Z3,Pogonarthria squarrosa,1,16.3,Unfenced,C,
2024,A,1,Z3,Cymbopogon caesius,2,18.7,Unfenced,C,
2024,A,1,Z3,Urochloa trichopus,7,18.1,Unfenced,C,
2024,A,1,Z3,Hyparrhenia filipendula,1,19.9,Unfenced,C,
2024,A,1,Z3,Megathyrsus maximus,4,27.1,Unfenced,C,
2024,A,1,Z3,Heteropogon contortus,3,27.8,Unfenced,C,
2024,A,1,Z3,NA,NA,28.6,Unfenced,C,
2024,A,1,Z3,NA,NA,30,Unfenced,C,
2024,A,1,Z4,Bothriochloa insculpta,4,17.4,Unfenced,C,
2024,A,1,Z4,Cymbopogon caesius,1,12.9,Unfenced,C,
2024,A,1,Z4,Urochloa trichopus,5,16.6,Unfenced,C,
2024,A,1,Z4,Aristida adscensionis,4,18.5,Unfenced,C,
2024,A,1,Z4,Aristida diffusa,2,NA,Unfenced,C,
2024,A,1,Z4,Hyparrhenia filipendula,2,21.7,Unfenced,C,
2024,A,1,Z4,Urochloa trichopus,4,20.8,Unfenced,C,
2024,A,1,Z4,Heteropogon contortus,7,13.5,Unfenced,C,
2024,A,1,Z4,Digitaria eriantha,6,13.3,Unfenced,C,
2024,A,1,Z4,Setaria sphacelata,3,17.6,Unfenced,C,
2024,A,1,Z4,Bothriochloa insculpta,5,17.4,Unfenced,C,
2024,A,1,Z4,Urochloa trichopus,2,15.4,Unfenced,C,
2024,A,1,Z4,Hyparrhenia filipendula,1,17.2,Unfenced,C,
2024,A,1,Z4,Heteropogon contortus,6,30.6,Unfenced,C,
2024,A,1,Z4,Urochloa trichopus,4,29.7,Unfenced,C,
2024,A,1,Z4,Hyparrhenia filipendula,2,29.4,Unfenced,C,
2024,A,1,Z4,NA,NA,28.4,Unfenced,C,
2024,A,1,Z4,Heteropogon contortus,3,28.1,Unfenced,C,
2024,A,1,Z4,Urochloa trichopus,5,26.8,Unfenced,C,
2024,A,1,Z4,Hyparrhenia hirta,3,26.2,Unfenced,C,
2024,A,1,Z4,NA,NA,25.1,Unfenced,C,
2024,A,2,Z1,Heteropogon contortus,1,21.7,Fenced,F,
2024,A,2,Z1,Andropogon eucomus,1,18.7,Fenced,F,
2024,A,2,Z1,Bothriochloa insculpta,10,15.9,Fenced,F,
2024,A,2,Z1,NA,NA,17.6,Fenced,F,
2024,A,2,Z1,Bothriochloa insculpta,9,23.3,Fenced,F,
2024,A,2,Z1,Aristida adscensionis,2,18.9,Fenced,F,
2024,A,2,Z1,Cymbopogon caesius,1,21.1,Fenced,F,
2024,A,2,Z1,Loudetia simplex,1,22.4,Fenced,F,
2024,A,2,Z1,Cymbopogon pospischilii,1,NA,Fenced,F,
2024,A,2,Z1,Bothriochloa insculpta,3,29.3,Fenced,F,
2024,A,2,Z1,Urochloa trichopus,11,32.5,Fenced,F,
2024,A,2,Z1,Eragrostis gummiflua,1,32.4,Fenced,F,
2024,A,2,Z1,NA,NA,31.1,Fenced,F,
2024,A,2,Z1,Loudetia simplex,1,14.6,Fenced,F,
2024,A,2,Z1,Bothriochloa insculpta,3,14.2,Fenced,F,
2024,A,2,Z1,Eragrostis gummiflua,2,15.3,Fenced,F,
2024,A,2,Z1,Hyparrhenia filipendula,1,16.7,Fenced,F,
2024,A,2,Z1,Bothriochloa insculpta,10,20.2,Fenced,F,
2024,A,2,Z1,Hyparrhenia filipendula,1,22.4,Fenced,F,
2024,A,2,Z1,Setaria pumila,1,23.3,Fenced,F,
2024,A,2,Z1,NA,NA,21.5,Fenced,F,
2024,A,2,Z2,Heteropogon contortus,1,17.6,Fenced,F,
2024,A,2,Z2,Bothriochloa insculpta,2,18.6,Fenced,F,
2024,A,2,Z2,Loudetia simplex,2,17.2,Fenced,F,
2024,A,2,Z2,Eragrostis gummiflua,1,19.4,Fenced,F,
2024,A,2,Z2,Hyparrhenia filipendula,4,NA,Fenced,F,
2024,A,2,Z2,Hyparrhenia filipendula,4,41.4,Fenced,F,
2024,A,2,Z2,NA,NA,41.4,Fenced,F,
2024,A,2,Z2,NA,NA,33.5,Fenced,F,
2024,A,2,Z2,NA,NA,25.5,Fenced,F,
2024,A,2,Z2,Heteropogon contortus,1,23.3,Fenced,F,
2024,A,2,Z2,Hyparrhenia filipendula,6,18.8,Fenced,F,
2024,A,2,Z2,Urochloa trichopus,2,23.7,Fenced,F,
2024,A,2,Z2,NA,NA,27.4,Fenced,F,
2024,A,2,Z2,Heteropogon contortus,4,14.1,Fenced,F,
2024,A,2,Z2,Hyparrhenia filipendula,3,20.5,Fenced,F,
2024,A,2,Z2,NA,NA,15.5,Fenced,F,
2024,A,2,Z2,NA,NA,13.9,Fenced,F,
2024,A,2,Z2,Hyparrhenia filipendula,4,11.8,Fenced,F,
2024,A,2,Z2,Urochloa trichopus,3,17.9,Fenced,F,
2024,A,2,Z2,NA,NA,23.4,Fenced,F,
2024,A,2,Z2,NA,NA,22.1,Fenced,F,
2024,A,2,Z3,Bothriochloa insculpta,9,21.1,Unfenced,F,
2024,A,2,Z3,Eragrostis gummiflua,2,22.1,Unfenced,F,
2024,A,2,Z3,Hyparrhenia filipendula,3,23.6,Unfenced,F,
2024,A,2,Z3,NA,NA,22.3,Unfenced,F,
2024,A,2,Z3,Heteropogon contortus,1,13.7,Unfenced,F,
2024,A,2,Z3,Bothriochloa insculpta,20,10.5,Unfenced,F,
2024,A,2,Z3,NA,NA,10.3,Unfenced,F,
2024,A,2,Z3,NA,NA,10.7,Unfenced,F,
2024,A,2,Z3,Bothriochloa insculpta,3,29.3,Unfenced,F,
2024,A,2,Z3,Eragrostis gummiflua,1,32.5,Unfenced,F,
2024,A,2,Z3,Urochloa trichopus,11,32.4,Unfenced,F,
2024,A,2,Z3,NA,NA,31.1,Unfenced,F,
2024,A,2,Z3,Bothriochloa insculpta,10,23.4,Unfenced,F,
2024,A,2,Z3,Urochloa trichopus,2,23.8,Unfenced,F,
2024,A,2,Z3,Heteropogon contortus,2,22.7,Unfenced,F,
2024,A,2,Z3,NA,NA,23.7,Unfenced,F,
2024,A,2,Z3,Eragrostis gummiflua,1,10.2,Unfenced,F,
2024,A,2,Z3,Bothriochloa insculpta,15,13.9,Unfenced,F,
2024,A,2,Z3,Cymbopogon caesius,2,11,Unfenced,F,
2024,A,2,Z3,Eragrostis superba,2,10.9,Unfenced,F,
2024,A,2,Z4,Aristida adscensionis,2,12.5,Unfenced,F,
2024,A,2,Z4,Hyparrhenia filipendula,8,12.3,Unfenced,F,
2024,A,2,Z4,Setaria pumila,5,17,Unfenced,F,
2024,A,2,Z4,NA,NA,16.3,Unfenced,F,
2024,A,2,Z4,Hyparrhenia filipendula,5,17.2,Unfenced,F,
2024,A,2,Z4,Urochloa trichopus,4,9.6,Unfenced,F,
2024,A,2,Z4,NA,NA,27.7,Unfenced,F,
2024,A,2,Z4,NA,NA,34.9,Unfenced,F,
2024,A,2,Z4,Heteropogon contortus,3,13.1,Unfenced,F,
2024,A,2,Z4,Cymbopogon caesius,1,16.9,Unfenced,F,
2024,A,2,Z4,Urochloa trichopus,1,18.2,Unfenced,F,
2024,A,2,Z4,Hyparrhenia filipendula,1,21.2,Unfenced,F,
2024,A,2,Z4,Urochloa trichopus,4,39.1,Unfenced,F,
2024,A,2,Z4,Hyparrhenia filipendula,5,43,Unfenced,F,
2024,A,2,Z4,NA,NA,34.6,Unfenced,F,
2024,A,2,Z4,NA,NA,30.8,Unfenced,F,
2024,A,2,Z4,Urochloa trichopus,3,29,Unfenced,F,
2024,A,2,Z4,Hyparrhenia filipendula,5,31.6,Unfenced,F,
2024,A,2,Z4,NA,NA,32.6,Unfenced,F,
2024,A,2,Z4,NA,NA,33.3,Unfenced,F,
2024,A,3,Z1,Aristida diffusa,2,38,Fenced,TFB,
2024,A,3,Z1,Aristida congesta c,1,29.8,Fenced,TFB,
2024,A,3,Z1,Melinis repens,2,22,Fenced,TFB,
2024,A,3,Z1,Urochloa trichopus,5,23.9,Fenced,TFB,
2024,A,3,Z1,Hyparrhenia filipendula,4,11.8,Fenced,TFB,
2024,A,3,Z1,NA,NA,17.1,Fenced,TFB,
2024,A,3,Z1,NA,NA,15.3,Fenced,TFB,
2024,A,3,Z1,NA,NA,15.7,Fenced,TFB,
2024,A,3,Z1,Bothriochloa insculpta,3,15.4,Fenced,TFB,
2024,A,3,Z1,Urochloa trichopus,3,16.8,Fenced,TFB,
2024,A,3,Z1,Cymbopogon caesius,1,16.7,Fenced,TFB,
2024,A,3,Z1,NA,NA,16.7,Fenced,TFB,
2024,A,3,Z1,Hyparrhenia filipendula,1,21.9,Fenced,TFB,
2024,A,3,Z1,Bothriochloa insculpta,10,21.8,Fenced,TFB,
2024,A,3,Z1,Urochloa trichopus,2,20.9,Fenced,TFB,
2024,A,3,Z1,NA,NA,18.4,Fenced,TFB,
2024,A,3,Z1,Urochloa trichopus,1,17.6,Fenced,TFB,
2024,A,3,Z1,Hyparrhenia filipendula,2,15.9,Fenced,TFB,
2024,A,3,Z1,Heteropogon contortus,8,15.3,Fenced,TFB,
2024,A,3,Z1,Aristida adscensionis,4,15.4,Fenced,TFB,
2024,A,3,Z2,Urochloa trichopus,2,31.7,Unfenced,TFB,
2024,A,3,Z2,Loudetia simplex,1,31.7,Unfenced,TFB,
2024,A,3,Z2,Bothriochloa insculpta,3,28.7,Unfenced,TFB,
2024,A,3,Z2,NA,NA,25.3,Unfenced,TFB,
2024,A,3,Z2,Bothriochloa insculpta,6,3.6,Unfenced,TFB,
2024,A,3,Z2,Cymbopogon caesius,1,11.2,Unfenced,TFB,
2024,A,3,Z2,Aristida adscensionis,10,12.5,Unfenced,TFB,
2024,A,3,Z2,NA,NA,12.7,Unfenced,TFB,
2024,A,3,Z2,Bothriochloa insculpta,1,51.3,Unfenced,TFB,
2024,A,3,Z2,Hyparrhenia hirta,3,36,Unfenced,TFB,
2024,A,3,Z2,NA,NA,43.7,Unfenced,TFB,
2024,A,3,Z2,NA,NA,46.1,Unfenced,TFB,
2024,A,3,Z2,Bothriochloa insculpta,3,5.9,Unfenced,TFB,
2024,A,3,Z2,Hyparrhenia hirta,1,8.7,Unfenced,TFB,
2024,A,3,Z2,Digitaria eriantha,17,12.6,Unfenced,TFB,
2024,A,3,Z2,Eragrostis gummiflua,1,12.7,Unfenced,TFB,
2024,A,3,Z2,Urochloa trichopus,1,11.8,Unfenced,TFB,
2024,A,3,Z2,Bothriochloa insculpta,6,15.7,Unfenced,TFB,
2024,A,3,Z2,Eragrostis gummiflua,2,18.6,Unfenced,TFB,
2024,A,3,Z2,NA,NA,20.6,Unfenced,TFB,
2024,A,3,Z3,Heteropogon contortus,5,10.7,Fenced,TFB,
2024,A,3,Z3,Aristida adscensionis,2,16.9,Fenced,TFB,
2024,A,3,Z3,Melinis repens,6,13.6,Fenced,TFB,
2024,A,3,Z3,Eragrostis cylindriflora,3,13.5,Fenced,TFB,
2024,A,3,Z3,Cynodon dactylon,3,31.8,Fenced,TFB,
2024,A,3,Z3,Urochloa trichopus,1,29,Fenced,TFB,
2024,A,3,Z3,Setaria pumila,1,26.4,Fenced,TFB,
2024,A,3,Z3,NA,NA,25.9,Fenced,TFB,
2024,A,3,Z3,Heteropogon contortus,5,26.8,Fenced,TFB,
2024,A,3,Z3,Aristida adscensionis,2,19.2,Fenced,TFB,
2024,A,3,Z3,Urochloa trichopus,1,17.8,Fenced,TFB,
2024,A,3,Z3,Cymbopogon caesius,2,16.9,Fenced,TFB,
2024,A,3,Z3,Digitaria eriantha,2,NA,Fenced,TFB,
2024,A,3,Z3,Aristida adscensionis,3,6.8,Fenced,TFB,
2024,A,3,Z3,Urochloa trichopus,1,11.5,Fenced,TFB,
2024,A,3,Z3,Hyparrhenia filipendula,2,17.8,Fenced,TFB,
2024,A,3,Z3,Setaria incrassata,2,14.2,Fenced,TFB,
2024,A,3,Z3,Eragrostis superba,1,NA,Fenced,TFB,
2024,A,3,Z3,Urochloa trichopus,6,31.7,Fenced,TFB,
2024,A,3,Z3,Hyparrhenia filipendula,2,19.9,Fenced,TFB,
2024,A,3,Z3,Hyparrhenia hirta,7,18.7,Fenced,TFB,
2024,A,3,Z3,Pogonarthria squarrosa,3,18.5,Fenced,TFB,
2024,A,3,Z4,Heteropogon contortus,1,14.9,Unfenced,TFB,
2024,A,3,Z4,Aristida adscensionis,1,17.3,Unfenced,TFB,
2024,A,3,Z4,NA,NA,19.4,Unfenced,TFB,
2024,A,3,Z4,NA,NA,16.1,Unfenced,TFB,
2024,A,3,Z4,Heteropogon contortus,1,8.5,Unfenced,TFB,
2024,A,3,Z4,Melinis repens,2,9.7,Unfenced,TFB,
2024,A,3,Z4,Digitaria eriantha,1,11.6,Unfenced,TFB,
2024,A,3,Z4,Setaria incrassata,1,10.6,Unfenced,TFB,
2024,A,3,Z4,Heteropogon contortus,2,6,Unfenced,TFB,
2024,A,3,Z4,Urochloa trichopus,4,10.9,Unfenced,TFB,
2024,A,3,Z4,Themeda triandra,2,11.4,Unfenced,TFB,
2024,A,3,Z4,NA,NA,13.2,Unfenced,TFB,
2024,A,3,Z4,Urochloa trichopus,2,42.7,Unfenced,TFB,
2024,A,3,Z4,Melinis repens,1,41.3,Unfenced,TFB,
2024,A,3,Z4,Cymbopogon caesius,1,37.6,Unfenced,TFB,
2024,A,3,Z4,NA,NA,36.9,Unfenced,TFB,
2024,A,3,Z4,Heteropogon contortus,1,6.4,Unfenced,TFB,
2024,A,3,Z4,Aristida adscensionis,1,18,Unfenced,TFB,
2024,A,3,Z4,Urochloa trichopus,2,21,Unfenced,TFB,
2024,A,3,Z4,Hyparrhenia filipendula,2,23.8,Unfenced,TFB,
2024,A,3,Z4,Pogonarthria squarrosa,1,NA,Unfenced,TFB,
2024,A,4,Z1,Bothriochloa insculpta,7,19.7,Fenced,TF,
2024,A,4,Z1,NA,NA,22.4,Fenced,TF,
2024,A,4,Z1,NA,NA,22.6,Fenced,TF,
2024,A,4,Z1,NA,NA,25,Fenced,TF,
2024,A,4,Z1,Urochloa serrata,1,21,Fenced,TF,
2024,A,4,Z1,Eragrostis gummiflua,1,20.5,Fenced,TF,
2024,A,4,Z1,Bothriochloa insculpta,8,20.4,Fenced,TF,
2024,A,4,Z1,NA,NA,20.5,Fenced,TF,
2024,A,4,Z1,Heteropogon contortus,1,22.5,Fenced,TF,
2024,A,4,Z1,Themeda triandra,1,22.5,Fenced,TF,
2024,A,4,Z1,NA,NA,22.5,Fenced,TF,
2024,A,4,Z1,NA,NA,22.5,Fenced,TF,
2024,A,4,Z1,Bothriochloa insculpta,7,24.1,Fenced,TF,
2024,A,4,Z1,Cymbopogon caesius,2,32,Fenced,TF,
2024,A,4,Z1,NA,NA,34.3,Fenced,TF,
2024,A,4,Z1,NA,NA,32.5,Fenced,TF,
2024,A,4,Z1,Bothriochloa insculpta,9,35.6,Fenced,TF,
2024,A,4,Z1,Urochloa trichopus,1,27.9,Fenced,TF,
2024,A,4,Z1,NA,NA,33.3,Fenced,TF,
2024,A,4,Z1,NA,NA,37,Fenced,TF,
2024,A,4,Z2,Bothriochloa insculpta,5,20.5,Unfenced,TF,
2024,A,4,Z2,Digitaria eriantha,3,21.7,Unfenced,TF,
2024,A,4,Z2,NA,NA,22,Unfenced,TF,
2024,A,4,Z2,Aristida adscensionis,1,18.7,Unfenced,TF,
2024,A,4,Z2,Cymbopogon caesius,2,19.2,Unfenced,TF,
2024,A,4,Z2,Heteropogon contortus,5,18.9,Unfenced,TF,
2024,A,4,Z2,Digitaria eriantha,4,18.5,Unfenced,TF,
2024,A,4,Z2,Aristida adscensionis,4,20.5,Unfenced,TF,
2024,A,4,Z2,Heteropogon contortus,3,20.7,Unfenced,TF,
2024,A,4,Z2,NA,NA,20.5,Unfenced,TF,
2024,A,4,Z2,NA,NA,21.4,Unfenced,TF,
2024,A,4,Z2,Cymbopogon caesius,3,36.4,Unfenced,TF,
2024,A,4,Z2,Heteropogon contortus,2,36.6,Unfenced,TF,
2024,A,4,Z2,Andropogon eucomus,1,32.1,Unfenced,TF,
2024,A,4,Z2,NA,NA,30.6,Unfenced,TF,
2024,A,4,Z2,Aristida adscensionis,1,23,Unfenced,TF,
2024,A,4,Z2,Themeda triandra,4,23.1,Unfenced,TF,
2024,A,4,Z2,NA,NA,21.7,Unfenced,TF,
2024,A,4,Z2,NA,NA,19,Unfenced,TF,
2024,A,4,Z2,NA,NA,21.1,Unfenced,TF,
2024,A,4,Z3,Loudetia simplex,2,20.2,Fenced,TF,
2024,A,4,Z3,Bothriochloa insculpta,11,20.1,Fenced,TF,
2024,A,4,Z3,NA,NA,20.1,Fenced,TF,
2024,A,4,Z3,NA,NA,20.4,Fenced,TF,
2024,A,4,Z3,Bothriochloa insculpta,7,20.2,Fenced,TF,
2024,A,4,Z3,Aristida adscensionis,1,20.3,Fenced,TF,
2024,A,4,Z3,NA,NA,20.6,Fenced,TF,
2024,A,4,Z3,NA,NA,20,Fenced,TF,
2024,A,4,Z3,Bothriochloa insculpta,7,12.7,Fenced,TF,
2024,A,4,Z3,Andropogon eucomus,1,17.2,Fenced,TF,
2024,A,4,Z3,NA,NA,16.1,Fenced,TF,
2024,A,4,Z3,NA,NA,17.3,Fenced,TF,
2024,A,4,Z3,Urochloa trichopus,1,3.7,Fenced,TF,
2024,A,4,Z3,Digitaria eriantha,4,9.5,Fenced,TF,
2024,A,4,Z3,Andropogon eucomus,1,13,Fenced,TF,
2024,A,4,Z3,Bothriochloa insculpta,1,11.4,Fenced,TF,
2024,A,4,Z3,Bothriochloa insculpta,7,19.6,Fenced,TF,
2024,A,4,Z3,Aristida adscensionis,1,20,Fenced,TF,
2024,A,4,Z3,NA,NA,20.1,Fenced,TF,
2024,A,4,Z3,NA,NA,20.1,Fenced,TF,
2024,A,4,Z4,Bothriochloa insculpta,8,18.3,Unfenced,TF,
2024,A,4,Z4,Heteropogon contortus,1,18.9,Unfenced,TF,
2024,A,4,Z4,Melinis repens,1,19,Unfenced,TF,
2024,A,4,Z4,NA,NA,18.9,Unfenced,TF,
2024,A,4,Z4,Andropogon eucomus,1,17.9,Unfenced,TF,
2024,A,4,Z4,Urochloa trichopus,12,19.1,Unfenced,TF,
2024,A,4,Z4,Cymbopogon caesius,2,19.4,Unfenced,TF,
2024,A,4,Z4,NA,NA,19.4,Unfenced,TF,
2024,A,4,Z4,Heteropogon contortus,4,23,Unfenced,TF,
2024,A,4,Z4,Themeda triandra,2,22.2,Unfenced,TF,
2024,A,4,Z4,Eragrostis superba,3,21.3,Unfenced,TF,
2024,A,4,Z4,NA,NA,20.8,Unfenced,TF,
2024,A,4,Z4,Bothriochloa insculpta,7,19.9,Unfenced,TF,
2024,A,4,Z4,Heteropogon contortus,4,19.9,Unfenced,TF,
2024,A,4,Z4,Digitaria eriantha,3,19.5,Unfenced,TF,
2024,A,4,Z4,NA,NA,19.2,Unfenced,TF,
2024,A,4,Z4,Heteropogon contortus,4,25.7,Unfenced,TF,
2024,A,4,Z4,Themeda triandra,3,17.1,Unfenced,TF,
2024,A,4,Z4,Eragrostis superba,1,17.8,Unfenced,TF,
2024,A,4,Z4,Digitaria eriantha,3,22.1,Unfenced,TF,
2024,A,5,Z1,Hyparrhenia hirta,1,12.1,Fenced,THF,
2024,A,5,Z1,Urochloa trichopus,4,13.8,Fenced,THF,
2024,A,5,Z1,Hyparrhenia filipendula,3,13.7,Fenced,THF,
2024,A,5,Z1,Bothriochloa insculpta,2,14.2,Fenced,THF,
2024,A,5,Z1,Heteropogon contortus,4,NA,Fenced,THF,
2024,A,5,Z1,Aristida adscensionis,3,NA,Fenced,THF,
2024,A,5,Z1,Urochloa trichopus,4,25.6,Fenced,THF,
2024,A,5,Z1,Aristida adscensionis,6,20.8,Fenced,THF,
2024,A,5,Z1,NA,NA,22.3,Fenced,THF,
2024,A,5,Z1,NA,NA,22.7,Fenced,THF,
2024,A,5,Z1,Cymbopogon caesius,2,28.2,Fenced,THF,
2024,A,5,Z1,Bothriochloa insculpta,4,28.8,Fenced,THF,
2024,A,5,Z1,Urochloa trichopus,4,31.2,Fenced,THF,
2024,A,5,Z1,NA,NA,28.8,Fenced,THF,
2024,A,5,Z1,Hyparrhenia hirta,2,21,Fenced,THF,
2024,A,5,Z1,Heteropogon contortus,4,17.1,Fenced,THF,
2024,A,5,Z1,Urochloa trichopus,3,21.7,Fenced,THF,
2024,A,5,Z1,NA,NA,23,Fenced,THF,
2024,A,5,Z1,Urochloa trichopus,3,17.1,Fenced,THF,
2024,A,5,Z1,Hyparrhenia filipendula,2,14.7,Fenced,THF,
2024,A,5,Z1,Bothriochloa insculpta,4,21.1,Fenced,THF,
2024,A,5,Z1,NA,NA,21.4,Fenced,THF,
2024,A,5,Z2,Urochloa trichopus,7,22.6,Unfenced,THF,
2024,A,5,Z2,Heteropogon contortus,2,16.8,Unfenced,THF,
2024,A,5,Z2,Aristida adscensionis,8,14.9,Unfenced,THF,
2024,A,5,Z2,Setaria sphacelata,1,13.6,Unfenced,THF,
2024,A,5,Z2,Urochloa trichopus,1,10.6,Unfenced,THF,
2024,A,5,Z2,Bothriochloa insculpta,4,14.8,Unfenced,THF,
2024,A,5,Z2,Heteropogon contortus,3,17,Unfenced,THF,
2024,A,5,Z2,Aristida adscensionis,1,19.8,Unfenced,THF,
2024,A,5,Z2,Melinis repens,1,NA,Unfenced,THF,
2024,A,5,Z2,Megathyrsus maximus,3,10.8,Unfenced,THF,
2024,A,5,Z2,Hyparrhenia filipendula,1,9.2,Unfenced,THF,
2024,A,5,Z2,NA,NA,11.4,Unfenced,THF,
2024,A,5,Z2,NA,NA,10.3,Unfenced,THF,
2024,A,5,Z2,Heteropogon contortus,6,17.7,Unfenced,THF,
2024,A,5,Z2,Hyparrhenia filipendula,4,17.5,Unfenced,THF,
2024,A,5,Z2,Cymbopogon caesius,1,17.4,Unfenced,THF,
2024,A,5,Z2,NA,NA,16.4,Unfenced,THF,
2024,A,5,Z2,Urochloa trichopus,5,15.1,Unfenced,THF,
2024,A,5,Z2,Cymbopogon caesius,1,17.3,Unfenced,THF,
2024,A,5,Z2,NA,NA,20.1,Unfenced,THF,
2024,A,5,Z2,NA,NA,22.7,Unfenced,THF,
2024,A,5,Z3,Bothriochloa insculpta,1,29.8,Fenced,THF,
2024,A,5,Z3,Urochloa trichopus,1,26.7,Fenced,THF,
2024,A,5,Z3,NA,NA,22.3,Fenced,THF,
2024,A,5,Z3,NA,NA,22.3,Fenced,THF,
2024,A,5,Z3,Bothriochloa insculpta,9,36.3,Fenced,THF,
2024,A,5,Z3,Heteropogon contortus,2,34.5,Fenced,THF,
2024,A,5,Z3,Eragrostis gummiflua,1,34.2,Fenced,THF,
2024,A,5,Z3,Andropogon eucomus,3,34.5,Fenced,THF,
2024,A,5,Z3,Aristida adscensionis,1,20.4,Fenced,THF,
2024,A,5,Z3,Bothriochloa insculpta,21,17.1,Fenced,THF,
2024,A,5,Z3,NA,NA,19.3,Fenced,THF,
2024,A,5,Z3,NA,NA,18.6,Fenced,THF,
2024,A,5,Z3,Bothriochloa insculpta,10,17.1,Fenced,THF,
2024,A,5,Z3,Aristida adscensionis,1,17,Fenced,THF,
2024,A,5,Z3,Cymbopogon caesius,1,20.2,Fenced,THF,
2024,A,5,Z3,Eragrostis superba,1,22.5,Fenced,THF,
2024,A,5,Z3,Heteropogon contortus,2,8.7,Fenced,THF,
2024,A,5,Z3,Bothriochloa insculpta,4,11.6,Fenced,THF,
2024,A,5,Z3,Hyparrhenia hirta,3,11.3,Fenced,THF,
2024,A,5,Z3,NA,NA,10.3,Fenced,THF,
2024,A,5,Z4,Bothriochloa insculpta,3,13.2,Unfenced,THF,
2024,A,5,Z4,Heteropogon contortus,3,17.8,Unfenced,THF,
2024,A,5,Z4,Aristida adscensionis,1,18.3,Unfenced,THF,
2024,A,5,Z4,Cymbopogon caesius,1,17.6,Unfenced,THF,
2024,A,5,Z4,Eragrostis gummiflua,1,19.1,Unfenced,THF,
2024,A,5,Z4,Bothriochloa insculpta,4,16,Unfenced,THF,
2024,A,5,Z4,Cymbopogon caesius,6,17.5,Unfenced,THF,
2024,A,5,Z4,NA,NA,18.1,Unfenced,THF,
2024,A,5,Z4,Bothriochloa insculpta,5,20.8,Unfenced,THF,
2024,A,5,Z4,Aristida adscensionis,4,18.1,Unfenced,THF,
2024,A,5,Z4,Urochloa trichopus,2,23.3,Unfenced,THF,
2024,A,5,Z4,Hyparrhenia filipendula,2,24.5,Unfenced,THF,
2024,A,5,Z4,Bothriochloa insculpta,4,35.3,Unfenced,THF,
2024,A,5,Z4,Cymbopogon caesius,3,24.2,Unfenced,THF,
2024,A,5,Z4,NA,NA,19,Unfenced,THF,
2024,A,5,Z4,NA,NA,23.6,Unfenced,THF,
2024,A,5,Z4,Heteropogon contortus,2,18.8,Unfenced,THF,
2024,A,5,Z4,Bothriochloa insculpta,3,15.6,Unfenced,THF,
2024,A,5,Z4,Urochloa trichopus,2,18.3,Unfenced,THF,
2024,A,5,Z4,NA,NA,18.6,Unfenced,THF,
2024,B,1,Z1,NA,NA,2.6,Fenced,C,
2024,B,1,Z1,Eragrostis gummiflua,3,5.1,Fenced,C,
2024,B,1,Z1,Heteropogon contortus,26,4.2,Fenced,C,
2024,B,1,Z1,Cymbopogon caesius,1,6.7,Fenced,C,
2024,B,1,Z1,NA,NA,6.2,Fenced,C,
2024,B,1,Z1,Cymbopogon caesius,1,6.1,Fenced,C,
2024,B,1,Z1,Heteropogon contortus,6,3.7,Fenced,C,
2024,B,1,Z1,Melinis repens,1,3.2,Fenced,C,
2024,B,1,Z1,Aristida congesta c,1,2.4,Fenced,C,
2024,B,1,Z1,Eragrostis gummiflua,1,8.5,Fenced,C,
2024,B,1,Z1,Eragrostis cylindriflora,3,3.1,Fenced,C,
2024,B,1,Z1,Melinis repens,1,4.4,Fenced,C,
2024,B,1,Z1,Heteropogon contortus,16,4.2,Fenced,C,
2024,B,1,Z1,Aristida congesta c,3,6.7,Fenced,C,
2024,B,1,Z1,Heteropogon contortus,25,6,Fenced,C,
2024,B,1,Z1,NA,NA,6.7,Fenced,C,
2024,B,1,Z1,Heteropogon contortus,15,5.3,Fenced,C,
2024,B,1,Z2,Cymbopogon caesius,1,2.2,Unfenced,C,
2024,B,1,Z2,Eragrostis cylindriflora,4,8,Unfenced,C,
2024,B,1,Z2,Heteropogon contortus,3,14,Unfenced,C,
2024,B,1,Z2,Aristida nemorivaga,4,20,Unfenced,C,
2024,B,1,Z2,Aristida congesta c,4,7,Unfenced,C,
2024,B,1,Z2,Eragrostis cylindriflora,6,8.2,Unfenced,C,
2024,B,1,Z2,Heteropogon contortus,14,5.9,Unfenced,C,
2024,B,1,Z2,Aristida nemorivaga,4,6.6,Unfenced,C,
2024,B,1,Z2,Bothriochloa insculpta,10,2.6,Unfenced,C,
2024,B,1,Z2,Melinis repens,8,6,Unfenced,C,
2024,B,1,Z2,Heteropogon contortus,1,7.6,Unfenced,C,
2024,B,1,Z2,NA,NA,6.6,Unfenced,C,
2024,B,1,Z2,Cymbopogon caesius,1,11.4,Unfenced,C,
2024,B,1,Z2,Bothriochloa insculpta,5,22.9,Unfenced,C,
2024,B,1,Z2,NA,NA,6.3,Unfenced,C,
2024,B,1,Z2,NA,NA,31,Unfenced,C,
2024,B,1,Z2,Heteropogon contortus,9,5.6,Unfenced,C,
2024,B,1,Z2,Melinis repens,2,7.2,Unfenced,C,
2024,B,1,Z2,Bothriochloa insculpta,5,5.2,Unfenced,C,
2024,B,1,Z2,NA,NA,7.5,Unfenced,C,
2024,B,1,Z3,Aristida congesta b,2,4,Fenced,C,
2024,B,1,Z3,Eragrostis cylindriflora,2,4.7,Fenced,C,
2024,B,1,Z3,Eragrostis superba,1,4.7,Fenced,C,
2024,B,1,Z3,Cymbopogon caesius,1,10.5,Fenced,C,
2024,B,1,Z3,Hyparrhenia filipendula,1,NA,Fenced,C,
2024,B,1,Z3,Heteropogon contortus,4,NA,Fenced,C,
2024,B,1,Z3,Eragrostis gummiflua,3,10.7,Fenced,C,
2024,B,1,Z3,Heteropogon contortus,16,11.9,Fenced,C,
2024,B,1,Z3,Eragrostis superba,1,10.6,Fenced,C,
2024,B,1,Z3,NA,NA,9.7,Fenced,C,
2024,B,1,Z3,Aristida congesta b,1,7.3,Fenced,C,
2024,B,1,Z3,Eragrostis superba,2,8.8,Fenced,C,
2024,B,1,Z3,Heteropogon contortus,24,12.3,Fenced,C,
2024,B,1,Z3,Eragrostis gummiflua,2,5.6,Fenced,C,
2024,B,1,Z3,Aristida adscensionis,1,NA,Fenced,C,
2024,B,1,Z3,Bothriochloa insculpta,2,NA,Fenced,C,
2024,B,1,Z3,Aristida congesta b,2,5.3,Fenced,C,
2024,B,1,Z3,Heteropogon contortus,14,5.9,Fenced,C,
2024,B,1,Z3,Eragrostis gummiflua,1,5.3,Fenced,C,
2024,B,1,Z3,Aristida adscensionis,2,5.2,Fenced,C,
2024,B,1,Z3,Melinis repens,2,NA,Fenced,C,
2024,B,1,Z3,Themeda triandra,2,NA,Fenced,C,
2024,B,1,Z3,Setaria sphacelata,6,NA,Fenced,C,
2024,B,1,Z3,Heteropogon contortus,11,5.1,Fenced,C,
2024,B,1,Z3,Cymbopogon caesius,2,5.5,Fenced,C,
2024,B,1,Z3,NA,NA,5.9,Fenced,C,
2024,B,1,Z3,NA,NA,6.5,Fenced,C,
2024,B,1,Z4,Eragrostis gummiflua,4,2.8,Unfenced,C,
2024,B,1,Z4,Heteropogon contortus,2,5.7,Unfenced,C,
2024,B,1,Z4,Cymbopogon caesius,3,8.2,Unfenced,C,
2024,B,1,Z4,Melinis repens,2,7.1,Unfenced,C,
2024,B,1,Z4,Bothriochloa insculpta,8,NA,Unfenced,C,
2024,B,1,Z4,Heteropogon contortus,12,3.8,Unfenced,C,
2024,B,1,Z4,Cymbopogon caesius,1,7,Unfenced,C,
2024,B,1,Z4,NA,NA,5.8,Unfenced,C,
2024,B,1,Z4,NA,NA,5.8,Unfenced,C,
2024,B,1,Z4,Cymbopogon caesius,1,16.4,Unfenced,C,
2024,B,1,Z4,Eragrostis superba,1,17.6,Unfenced,C,
2024,B,1,Z4,Eragrostis gummiflua,2,14.9,Unfenced,C,
2024,B,1,Z4,Aristida congesta b,8,13.4,Unfenced,C,
2024,B,1,Z4,Heteropogon contortus,9,NA,Unfenced,C,
2024,B,1,Z4,Heteropogon contortus,5,4,Unfenced,C,
2024,B,1,Z4,Cymbopogon caesius,2,3.4,Unfenced,C,
2024,B,1,Z4,Melinis repens,3,4.8,Unfenced,C,
2024,B,1,Z4,Bothriochloa insculpta,12,4.9,Unfenced,C,
2024,B,1,Z4,Heteropogon contortus,16,1.9,Unfenced,C,
2024,B,1,Z4,Eragrostis gummiflua,1,4.2,Unfenced,C,
2024,B,1,Z4,Eragrostis superba,2,6.7,Unfenced,C,
2024,B,1,Z4,NA,NA,7,Unfenced,C,
2024,B,2,Z1,Urochloa serrata,9,7.9,Fenced,F,
2024,B,2,Z1,Heteropogon contortus,8,8.2,Fenced,F,
2024,B,2,Z1,Aristida adscensionis,1,8.9,Fenced,F,
2024,B,2,Z1,Bothriochloa insculpta,11,9.8,Fenced,F,
2024,B,2,Z1,Heteropogon contortus,1,18.5,Fenced,F,
2024,B,2,Z1,Cymbopogon caesius,5,18.5,Fenced,F,
2024,B,2,Z1,Aristida adscensionis,3,16.1,Fenced,F,
2024,B,2,Z1,Themeda triandra,2,17.4,Fenced,F,
2024,B,2,Z1,Heteropogon contortus,6,10.7,Fenced,F,
2024,B,2,Z1,Cymbopogon caesius,7,11,Fenced,F,
2024,B,2,Z1,NA,NA,14.8,Fenced,F,
2024,B,2,Z1,NA,NA,14.9,Fenced,F,
2024,B,2,Z1,Heteropogon contortus,25,9.5,Fenced,F,
2024,B,2,Z1,Cymbopogon caesius,1,10.4,Fenced,F,
2024,B,2,Z1,Aristida adscensionis,5,13.2,Fenced,F,
2024,B,2,Z1,Eragrostis cylindriflora,1,12.3,Fenced,F,
2024,B,2,Z1,Cymbopogon caesius,5,17.1,Fenced,F,
2024,B,2,Z1,Aristida adscensionis,9,17.2,Fenced,F,
2024,B,2,Z1,Melinis repens,1,18.8,Fenced,F,
2024,B,2,Z1,NA,NA,15.6,Fenced,F,
2024,B,2,Z2,Cymbopogon caesius,2,16.8,Unfenced,F,
2024,B,2,Z2,Hyparrhenia filipendula,2,13.3,Unfenced,F,
2024,B,2,Z2,Heteropogon contortus,5,11,Unfenced,F,
2024,B,2,Z2,Melinis repens,4,22.9,Unfenced,F,
2024,B,2,Z2,Bothriochloa insculpta,3,NA,Unfenced,F,
2024,B,2,Z2,Heteropogon contortus,8,3.4,Unfenced,F,
2024,B,2,Z2,Melinis repens,1,5.7,Unfenced,F,
2024,B,2,Z2,Megathyrsus maximus,1,7.4,Unfenced,F,
2024,B,2,Z2,NA,NA,12,Unfenced,F,
2024,B,2,Z2,Eragrostis gummiflua,7,9.6,Unfenced,F,
2024,B,2,Z2,Heteropogon contortus,8,9.4,Unfenced,F,
2024,B,2,Z2,Cymbopogon caesius,1,9.7,Unfenced,F,
2024,B,2,Z2,Bothriochloa insculpta,10,9.4,Unfenced,F,
2024,B,2,Z2,Eragrostis gummiflua,1,9.3,Unfenced,F,
2024,B,2,Z2,Heteropogon contortus,12,8.3,Unfenced,F,
2024,B,2,Z2,Cymbopogon caesius,1,7.8,Unfenced,F,
2024,B,2,Z2,Bothriochloa insculpta,5,7.5,Unfenced,F,
2024,B,2,Z2,Eragrostis cylindriflora,1,NA,Unfenced,F,
2024,B,2,Z2,Melinis repens,2,NA,Unfenced,F,
2024,B,2,Z2,Cymbopogon caesius,6,9.3,Unfenced,F,
2024,B,2,Z2,Eragrostis gummiflua,1,15.3,Unfenced,F,
2024,B,2,Z2,Heteropogon contortus,9,11,Unfenced,F,
2024,B,2,Z2,Urochloa trichopus,1,6.1,Unfenced,F,
2024,B,2,Z3,Heteropogon contortus,8,6.3,Fenced,F,
2024,B,2,Z3,Aristida adscensionis,6,5.7,Fenced,F,
2024,B,2,Z3,Bothriochloa insculpta,1,10.9,Fenced,F,
2024,B,2,Z3,NA,NA,11.1,Fenced,F,
2024,B,2,Z3,Heteropogon contortus,11,2.1,Fenced,F,
2024,B,2,Z3,Cymbopogon caesius,2,4.6,Fenced,F,
2024,B,2,Z3,NA,NA,6.9,Fenced,F,
2024,B,2,Z3,NA,NA,10.6,Fenced,F,
2024,B,2,Z3,Eragrostis gummiflua,2,25.2,Fenced,F,
2024,B,2,Z3,Heteropogon contortus,4,24.3,Fenced,F,
2024,B,2,Z3,Cymbopogon caesius,1,24,Fenced,F,
2024,B,2,Z3,Aristida adscensionis,1,28.7,Fenced,F,
2024,B,2,Z3,Melinis repens,1,NA,Fenced,F,
2024,B,2,Z3,Digitaria eriantha,1,NA,Fenced,F,
2024,B,2,Z3,Heteropogon contortus,1,6,Fenced,F,
2024,B,2,Z3,Cymbopogon caesius,1,4.5,Fenced,F,
2024,B,2,Z3,Setaria pumila,2,4.7,Fenced,F,
2024,B,2,Z3,NA,NA,3.8,Fenced,F,
2024,B,2,Z3,Aristida adscensionis,1,10.6,Fenced,F,
2024,B,2,Z3,Heteropogon contortus,9,13,Fenced,F,
2024,B,2,Z3,Digitaria eriantha,8,12.3,Fenced,F,
2024,B,2,Z3,NA,NA,11,Fenced,F,
2024,B,2,Z4,Heteropogon contortus,1,16.8,Unfenced,F,
2024,B,2,Z4,Cymbopogon caesius,5,19.1,Unfenced,F,
2024,B,2,Z4,NA,NA,16.8,Unfenced,F,
2024,B,2,Z4,NA,NA,17.2,Unfenced,F,
2024,B,2,Z4,Heteropogon contortus,4,12.2,Unfenced,F,
2024,B,2,Z4,Cymbopogon caesius,6,19.4,Unfenced,F,
2024,B,2,Z4,NA,NA,14.9,Unfenced,F,
2024,B,2,Z4,NA,NA,13.2,Unfenced,F,
2024,B,2,Z4,Heteropogon contortus,5,9.3,Unfenced,F,
2024,B,2,Z4,Cymbopogon caesius,1,10.1,Unfenced,F,
2024,B,2,Z4,Eragrostis cylindriflora,1,10.8,Unfenced,F,
2024,B,2,Z4,Aristida nemorivaga,1,10,Unfenced,F,
2024,B,2,Z4,Setaria incrassata,1,NA,Unfenced,F,
2024,B,2,Z4,Eragrostis gummiflua,4,NA,Unfenced,F,
2024,B,2,Z4,Heteropogon contortus,6,9.8,Unfenced,F,
2024,B,2,Z4,Aristida congesta b,1,7.6,Unfenced,F,
2024,B,2,Z4,NA,NA,10,Unfenced,F,
2024,B,2,Z4,NA,NA,9,Unfenced,F,
2024,B,2,Z4,Heteropogon contortus,10,9.8,Unfenced,F,
2024,B,2,Z4,Aristida congesta b,10,7.6,Unfenced,F,
2024,B,2,Z4,NA,NA,10,Unfenced,F,
2024,B,2,Z4,NA,NA,9,Unfenced,F,
2024,B,3,Z1,Cymbopogon caesius,9,6.8,Fenced,TF,
2024,B,3,Z1,Cynodon dactylon,6,8.1,Fenced,TF,
2024,B,3,Z1,Eragrostis superba,2,8.7,Fenced,TF,
2024,B,3,Z1,Themeda triandra,3,10.5,Fenced,TF,
2024,B,3,Z1,Bothriochloa insculpta,9,NA,Fenced,TF,
2024,B,3,Z1,Cymbopogon pospischilii,1,9.5,Fenced,TF,
2024,B,3,Z1,Cymbopogon caesius,1,9.9,Fenced,TF,
2024,B,3,Z1,Setaria incrassata,2,9.1,Fenced,TF,
2024,B,3,Z1,Eragrostis superba,1,10.2,Fenced,TF,
2024,B,3,Z1,Digitaria eriantha,3,NA,Fenced,TF,
2024,B,3,Z1,Heteropogon contortus,5,NA,Fenced,TF,
2024,B,3,Z1,Melinis repens,1,NA,Fenced,TF,
2024,B,3,Z1,Heteropogon contortus,4,7.5,Fenced,TF,
2024,B,3,Z1,Melinis repens,4,6.8,Fenced,TF,
2024,B,3,Z1,Aristida adscensionis,2,7.3,Fenced,TF,
2024,B,3,Z1,Bothriochloa insculpta,1,8.6,Fenced,TF,
2024,B,3,Z1,Cynodon dactylon,14,14.1,Fenced,TF,
2024,B,3,Z1,Melinis repens,2,10.9,Fenced,TF,
2024,B,3,Z1,Aristida adscensionis,1,10.1,Fenced,TF,
2024,B,3,Z1,Cymbopogon caesius,1,10.4,Fenced,TF,
2024,B,3,Z1,Cymbopogon pospischilii,1,NA,Fenced,TF,
2024,B,3,Z1,Heteropogon contortus,11,15.4,Fenced,TF,
2024,B,3,Z1,Melinis repens,2,16.2,Fenced,TF,
2024,B,3,Z1,Aristida adscensionis,1,17.1,Fenced,TF,
2024,B,3,Z1,Bothriochloa insculpta,5,16.9,Fenced,TF,
2024,B,3,Z1,Cymbopogon pospischilii,6,NA,Fenced,TF,
2024,B,3,Z2,Cynodon dactylon,14,10.2,Fenced,TF,
2024,B,3,Z2,Themeda triandra,3,15.3,Fenced,TF,
2024,B,3,Z2,Melinis repens,1,16.6,Fenced,TF,
2024,B,3,Z2,Eragrostis gummiflua,1,17.2,Fenced,TF,
2024,B,3,Z2,Themeda triandra,1,16.9,Fenced,TF,
2024,B,3,Z2,Hyparrhenia filipendula,2,17.3,Fenced,TF,
2024,B,3,Z2,Cymbopogon caesius,3,15,Fenced,TF,
2024,B,3,Z2,Setaria pumila,1,13.6,Fenced,TF,
2024,B,3,Z2,Sporobolus africanus,2,NA,Fenced,TF,
2024,B,3,Z2,Heteropogon contortus,19,17.3,Fenced,TF,
2024,B,3,Z2,Melinis repens,1,15.8,Fenced,TF,
2024,B,3,Z2,Aristida adscensionis,1,14.8,Fenced,TF,
2024,B,3,Z2,Cymbopogon pospischilii,1,14.6,Fenced,TF,
2024,B,3,Z2,Cymbopogon caesius,4,24.7,Fenced,TF,
2024,B,3,Z2,Heteropogon contortus,6,26.3,Fenced,TF,
2024,B,3,Z2,Melinis repens,2,19.7,Fenced,TF,
2024,B,3,Z2,Eragrostis gummiflua,5,21.3,Fenced,TF,
2024,B,3,Z2,Heteropogon contortus,10,7.5,Fenced,TF,
2024,B,3,Z2,Cymbopogon caesius,2,8.5,Fenced,TF,
2024,B,3,Z2,Eragrostis gummiflua,4,12.4,Fenced,TF,
2024,B,3,Z2,NA,NA,13.5,Fenced,TF,
2024,B,3,Z3,Eragrostis superba,2,7.9,Unfenced,TF,
2024,B,3,Z3,Heteropogon contortus,16,10.7,Unfenced,TF,
2024,B,3,Z3,Melinis repens,2,10.2,Unfenced,TF,
2024,B,3,Z3,Eragrostis gummiflua,1,9.6,Unfenced,TF,
2024,B,3,Z3,Digitaria eriantha,1,3.2,Unfenced,TF,
2024,B,3,Z3,Heteropogon contortus,10,2.8,Unfenced,TF,
2024,B,3,Z3,Melinis repens,2,5.7,Unfenced,TF,
2024,B,3,Z3,Eragrostis gummiflua,2,10.1,Unfenced,TF,
2024,B,3,Z3,Heteropogon contortus,24,7.3,Unfenced,TF,
2024,B,3,Z3,Setaria sphacelata,3,9.7,Unfenced,TF,
2024,B,3,Z3,Themeda triandra,1,11.3,Unfenced,TF,
2024,B,3,Z3,Digitaria eriantha,2,11.9,Unfenced,TF,
2024,B,3,Z3,Heteropogon contortus,10,13,Unfenced,TF,
2024,B,3,Z3,Cymbopogon pospischilii,1,16.9,Unfenced,TF,
2024,B,3,Z3,Cymbopogon caesius,2,16.7,Unfenced,TF,
2024,B,3,Z3,NA,NA,16.2,Unfenced,TF,
2024,B,3,Z3,Heteropogon contortus,19,5.9,Unfenced,TF,
2024,B,3,Z3,Aristida adscensionis,2,9.5,Unfenced,TF,
2024,B,3,Z3,Eragrostis superba,2,10.8,Unfenced,TF,
2024,B,3,Z3,Eragrostis gummiflua,7,10.1,Unfenced,TF,
2024,B,3,Z4,Heteropogon contortus,12,8.4,Unfenced,TF,
2024,B,3,Z4,Aristida adscensionis,6,7.2,Unfenced,TF,
2024,B,3,Z4,Digitaria eriantha,2,10.7,Unfenced,TF,
2024,B,3,Z4,Eragrostis gummiflua,1,10.1,Unfenced,TF,
2024,B,3,Z4,Cymbopogon pospischilii,2,NA,Unfenced,TF,
2024,B,3,Z4,Heteropogon contortus,4,13.1,Unfenced,TF,
2024,B,3,Z4,Aristida adscensionis,11,12.6,Unfenced,TF,
2024,B,3,Z4,Digitaria eriantha,1,14.6,Unfenced,TF,
2024,B,3,Z4,NA,NA,13.1,Unfenced,TF,
2024,B,3,Z4,Heteropogon contortus,5,15,Unfenced,TF,
2024,B,3,Z4,Aristida adscensionis,2,14.5,Unfenced,TF,
2024,B,3,Z4,Setaria pumila,5,14.1,Unfenced,TF,
2024,B,3,Z4,NA,NA,15,Unfenced,TF,
2024,B,3,Z4,Heteropogon contortus,13,7.9,Unfenced,TF,
2024,B,3,Z4,Melinis repens,5,10,Unfenced,TF,
2024,B,3,Z4,Eragrostis gummiflua,6,10.3,Unfenced,TF,
2024,B,3,Z4,NA,NA,10.1,Unfenced,TF,
2024,B,3,Z4,Heteropogon contortus,11,6,Unfenced,TF,
2024,B,3,Z4,Digitaria eriantha,13,7.8,Unfenced,TF,
2024,B,3,Z4,Eragrostis gummiflua,3,6.6,Unfenced,TF,
2024,B,3,Z4,NA,NA,8.1,Unfenced,TF,
2024,B,4,Z1,Cymbopogon caesius,3,17.7,Fenced,TFB,
2024,B,4,Z1,Eragrostis superba,2,17.6,Fenced,TFB,
2024,B,4,Z1,Heteropogon contortus,2,20,Fenced,TFB,
2024,B,4,Z1,NA,NA,15.4,Fenced,TFB,
2024,B,4,Z1,Eragrostis gummiflua,2,11.8,Fenced,TFB,
2024,B,4,Z1,Heteropogon contortus,11,13,Fenced,TFB,
2024,B,4,Z1,Aristida adscensionis,1,11.2,Fenced,TFB,
2024,B,4,Z1,Digitaria eriantha,5,13.4,Fenced,TFB,
2024,B,4,Z1,Eragrostis superba,2,NA,Fenced,TFB,
2024,B,4,Z1,Cymbopogon pospischilii,1,NA,Fenced,TFB,
2024,B,4,Z1,Heteropogon contortus,20,10.2,Fenced,TFB,
2024,B,4,Z1,Eragrostis cylindriflora,1,9,Fenced,TFB,
2024,B,4,Z1,Melinis repens,4,9,Fenced,TFB,
2024,B,4,Z1,Bothriochloa insculpta,3,10.2,Fenced,TFB,
2024,B,4,Z1,Heteropogon contortus,17,7.8,Fenced,TFB,
2024,B,4,Z1,Eragrostis superba,2,7.4,Fenced,TFB,
2024,B,4,Z1,Aristida congesta c,1,8,Fenced,TFB,
2024,B,4,Z1,Themeda triandra,2,10,Fenced,TFB,
2024,B,4,Z1,Heteropogon contortus,9,17.3,Fenced,TFB,
2024,B,4,Z1,Aristida adscensionis,2,12.7,Fenced,TFB,
2024,B,4,Z1,Melinis repens,3,13.3,Fenced,TFB,
2024,B,4,Z1,Aristida diffusa,1,12.7,Fenced,TFB,
2024,B,4,Z1,Hyparrhenia filipendula,2,NA,Fenced,TFB,
2024,B,4,Z1,Setaria pumila,4,NA,Fenced,TFB,
2024,B,4,Z2,Cymbopogon caesius,1,3.7,Fenced,TFB,
2024,B,4,Z2,Heteropogon contortus,17,3.3,Fenced,TFB,
2024,B,4,Z2,Melinis repens,2,8.4,Fenced,TFB,
2024,B,4,Z2,NA,NA,12.3,Fenced,TFB,
2024,B,4,Z2,Cymbopogon caesius,2,17.7,Fenced,TFB,
2024,B,4,Z2,Heteropogon contortus,7,17.1,Fenced,TFB,
2024,B,4,Z2,Eragrostis gummiflua,1,13.3,Fenced,TFB,
2024,B,4,Z2,Setaria pumila,3,12.7,Fenced,TFB,
2024,B,4,Z2,Cymbopogon caesius,4,4.1,Fenced,TFB,
2024,B,4,Z2,Heteropogon contortus,9,10.4,Fenced,TFB,
2024,B,4,Z2,Aristida diffusa,1,8.8,Fenced,TFB,
2024,B,4,Z2,NA,NA,6.9,Fenced,TFB,
2024,B,4,Z2,Eragrostis gummiflua,1,6.4,Fenced,TFB,
2024,B,4,Z2,Cymbopogon caesius,2,6.6,Fenced,TFB,
2024,B,4,Z2,Heteropogon contortus,28,7.3,Fenced,TFB,
2024,B,4,Z2,Melinis repens,1,7.6,Fenced,TFB,
2024,B,4,Z2,Eragrostis cylindriflora,1,NA,Fenced,TFB,
2024,B,4,Z2,Aristida nemorivaga,1,NA,Fenced,TFB,
2024,B,4,Z2,Cymbopogon caesius,1,21.1,Fenced,TFB,
2024,B,4,Z2,Heteropogon contortus,4,15.1,Fenced,TFB,
2024,B,4,Z2,Eragrostis superba,2,12.2,Fenced,TFB,
2024,B,4,Z2,NA,NA,14.9,Fenced,TFB,
2024,B,4,Z3,Heteropogon contortus,2,18.3,Unfenced,TFB,
2024,B,4,Z3,Melinis repens,1,26,Unfenced,TFB,
2024,B,4,Z3,Hyparrhenia filipendula,5,24.6,Unfenced,TFB,
2024,B,4,Z3,Themeda triandra,1,21,Unfenced,TFB,
2024,B,4,Z3,Heteropogon contortus,19,18.8,Unfenced,TFB,
2024,B,4,Z3,Melinis repens,4,11.2,Unfenced,TFB,
2024,B,4,Z3,Eragrostis cylindriflora,2,2,Unfenced,TFB,
2024,B,4,Z3,NA,NA,3.3,Unfenced,TFB,
2024,B,4,Z3,Heteropogon contortus,20,4.4,Unfenced,TFB,
2024,B,4,Z3,Digitaria eriantha,10,4.2,Unfenced,TFB,
2024,B,4,Z3,NA,NA,4.1,Unfenced,TFB,
2024,B,4,Z3,NA,NA,5,Unfenced,TFB,
2024,B,4,Z3,Heteropogon contortus,4,14.1,Unfenced,TFB,
2024,B,4,Z3,Melinis repens,2,23.2,Unfenced,TFB,
2024,B,4,Z3,Hyparrhenia filipendula,3,19.2,Unfenced,TFB,
2024,B,4,Z3,Themeda triandra,4,11.4,Unfenced,TFB,
2024,B,4,Z3,Eragrostis superba,3,NA,Unfenced,TFB,
2024,B,4,Z3,Digitaria eriantha,3,7.3,Unfenced,TFB,
2024,B,4,Z3,Heteropogon contortus,15,7.7,Unfenced,TFB,
2024,B,4,Z3,Melinis repens,1,7.8,Unfenced,TFB,
2024,B,4,Z3,Aristida adscensionis,5,9.4,Unfenced,TFB,
2024,B,4,Z4,Eragrostis cylindriflora,2,10.7,Unfenced,TFB,
2024,B,4,Z4,Heteropogon contortus,2,33.7,Unfenced,TFB,
2024,B,4,Z4,Digitaria eriantha,7,29.4,Unfenced,TFB,
2024,B,4,Z4,Cymbopogon caesius,1,20.7,Unfenced,TFB,
2024,B,4,Z4,Eragrostis superba,1,NA,Unfenced,TFB,
2024,B,4,Z4,Heteropogon contortus,5,17.1,Unfenced,TFB,
2024,B,4,Z4,Melinis repens,1,17.2,Unfenced,TFB,
2024,B,4,Z4,Aristida adscensionis,3,16.3,Unfenced,TFB,
2024,B,4,Z4,Setaria pumila,5,14.7,Unfenced,TFB,
2024,B,4,Z4,Heteropogon contortus,8,16,Unfenced,TFB,
2024,B,4,Z4,Aristida adscensionis,3,15,Unfenced,TFB,
2024,B,4,Z4,Setaria pumila,2,18.1,Unfenced,TFB,
2024,B,4,Z4,Eragrostis superba,1,19.4,Unfenced,TFB,
2024,B,4,Z4,Cymbopogon caesius,3,7.8,Unfenced,TFB,
2024,B,4,Z4,Melinis repens,4,7.6,Unfenced,TFB,
2024,B,4,Z4,Heteropogon contortus,7,7.5,Unfenced,TFB,
2024,B,4,Z4,Eragrostis gummiflua,2,7.6,Unfenced,TFB,
2024,B,4,Z4,Cymbopogon caesius,4,33.7,Unfenced,TFB,
2024,B,4,Z4,Melinis repens,2,31.6,Unfenced,TFB,
2024,B,4,Z4,Heteropogon contortus,11,31,Unfenced,TFB,
2024,B,4,Z4,Eragrostis gummiflua,1,26.4,Unfenced,TFB,
2024,B,5,Z1,Cynodon dactylon,31,13.2,Fenced,THF,
2024,B,5,Z1,Heteropogon contortus,17,10.8,Fenced,THF,
2024,B,5,Z1,Setaria pumila,1,11.6,Fenced,THF,
2024,B,5,Z1,Aristida congesta b,3,11,Fenced,THF,
2024,B,5,Z1,Heteropogon contortus,5,14.5,Fenced,THF,
2024,B,5,Z1,Melinis repens,2,14.6,Fenced,THF,
2024,B,5,Z1,Hyparrhenia filipendula,3,14,Fenced,THF,
2024,B,5,Z1,Themeda triandra,2,14.9,Fenced,THF,
2024,B,5,Z1,Setaria pumila,1,NA,Fenced,THF,
2024,B,5,Z1,Cynodon dactylon,12,4.3,Fenced,THF,
2024,B,5,Z1,Heteropogon contortus,3,5.5,Fenced,THF,
2024,B,5,Z1,Cymbopogon caesius,1,10.1,Fenced,THF,
2024,B,5,Z1,NA,NA,9.7,Fenced,THF,
2024,B,5,Z1,Cynodon dactylon,17,13.9,Fenced,THF,
2024,B,5,Z1,Cymbopogon caesius,5,8.2,Fenced,THF,
2024,B,5,Z1,Setaria pumila,3,8.5,Fenced,THF,
2024,B,5,Z1,NA,NA,9.1,Fenced,THF,
2024,B,5,Z1,Bothriochloa insculpta,33,9.7,Fenced,THF,
2024,B,5,Z1,Heteropogon contortus,4,8.6,Fenced,THF,
2024,B,5,Z1,NA,NA,7.1,Fenced,THF,
2024,B,5,Z1,NA,NA,7.5,Fenced,THF,
2024,B,5,Z2,Cynodon dactylon,7,12.5,Unfenced,THF,
2024,B,5,Z2,Heteropogon contortus,8,10,Unfenced,THF,
2024,B,5,Z2,Aristida congesta b,3,10.1,Unfenced,THF,
2024,B,5,Z2,Melinis repens,2,9.9,Unfenced,THF,
2024,B,5,Z2,Eragrostis gummiflua,3,NA,Unfenced,THF,
2024,B,5,Z2,Eragrostis superba,1,NA,Unfenced,THF,
2024,B,5,Z2,Cynodon dactylon,16,5,Unfenced,THF,
2024,B,5,Z2,Heteropogon contortus,4,3.4,Unfenced,THF,
2024,B,5,Z2,Setaria pumila,3,4.1,Unfenced,THF,
2024,B,5,Z2,NA,NA,4.2,Unfenced,THF,
2024,B,5,Z2,Heteropogon contortus,18,6,Unfenced,THF,
2024,B,5,Z2,Eragrostis superba,12,7.1,Unfenced,THF,
2024,B,5,Z2,Bothriochloa insculpta,1,6.4,Unfenced,THF,
2024,B,5,Z2,Themeda triandra,1,5.8,Unfenced,THF,
2024,B,5,Z2,Setaria pumila,4,20.4,Unfenced,THF,
2024,B,5,Z2,Heteropogon contortus,6,11.8,Unfenced,THF,
2024,B,5,Z2,Urochloa serrata,4,8.8,Unfenced,THF,
2024,B,5,Z2,Aristida congesta b,1,9.7,Unfenced,THF,
2024,B,5,Z2,Eragrostis superba,2,6.9,Unfenced,THF,
2024,B,5,Z2,Setaria pumila,3,10.1,Unfenced,THF,
2024,B,5,Z2,Heteropogon contortus,4,10.4,Unfenced,THF,
2024,B,5,Z2,Cymbopogon caesius,3,10.4,Unfenced,THF,
2024,B,5,Z3,Heteropogon contortus,4,8.6,Fenced,THF,
2024,B,5,Z3,Setaria pumila,3,6.3,Fenced,THF,
2024,B,5,Z3,NA,NA,6,Fenced,THF,
2024,B,5,Z3,NA,NA,6.1,Fenced,THF,
2024,B,5,Z3,Cynodon dactylon,27,6.3,Fenced,THF,
2024,B,5,Z3,Heteropogon contortus,5,17.1,Fenced,THF,
2024,B,5,Z3,Eragrostis superba,1,16.8,Fenced,THF,
2024,B,5,Z3,Setaria pumila,1,8.5,Fenced,THF,
2024,B,5,Z3,Sporobolus africanus,1,NA,Fenced,THF,
2024,B,5,Z3,Aristida congesta b,4,NA,Fenced,THF,
2024,B,5,Z3,Cymbopogon pospischilii,4,12.1,Fenced,THF,
2024,B,5,Z3,Cynodon dactylon,5,9.5,Fenced,THF,
2024,B,5,Z3,Heteropogon contortus,3,9.7,Fenced,THF,
2024,B,5,Z3,Eragrostis superba,2,9.6,Fenced,THF,
2024,B,5,Z3,Aristida congesta b,1,NA,Fenced,THF,
2024,B,5,Z3,Eragrostis gummiflua,2,NA,Fenced,THF,
2024,B,5,Z3,Heteropogon contortus,11,7.5,Fenced,THF,
2024,B,5,Z3,Setaria pumila,1,6,Fenced,THF,
2024,B,5,Z3,NA,NA,2,Fenced,THF,
2024,B,5,Z3,NA,NA,3.9,Fenced,THF,
2024,B,5,Z3,Aristida congesta b,2,5.7,Fenced,THF,
2024,B,5,Z3,Heteropogon contortus,12,5.3,Fenced,THF,
2024,B,5,Z3,Eragrostis gummiflua,4,8.4,Fenced,THF,
2024,B,5,Z3,NA,NA,6.5,Fenced,THF,
2024,B,5,Z4,Cynodon dactylon,14,8.6,Unfenced,THF,
2024,B,5,Z4,Heteropogon contortus,11,9.2,Unfenced,THF,
2024,B,5,Z4,Setaria pumila,2,13.2,Unfenced,THF,
2024,B,5,Z4,Aristida congesta b,1,13.2,Unfenced,THF,
2024,B,5,Z4,Melinis repens,1,NA,Unfenced,THF,
2024,B,5,Z4,Bothriochloa insculpta,18,10.7,Unfenced,THF,
2024,B,5,Z4,Heteropogon contortus,5,3.1,Unfenced,THF,
2024,B,5,Z4,Eragrostis superba,1,8.5,Unfenced,THF,
2024,B,5,Z4,NA,NA,6.5,Unfenced,THF,
2024,B,5,Z4,Cynodon dactylon,28,13.6,Unfenced,THF,
2024,B,5,Z4,Eragrostis cylindriflora,1,12.1,Unfenced,THF,
2024,B,5,Z4,Digitaria eriantha,2,9.4,Unfenced,THF,
2024,B,5,Z4,Sporobolus africanus,2,10.1,Unfenced,THF,
2024,B,5,Z4,Heteropogon contortus,19,9.3,Unfenced,THF,
2024,B,5,Z4,Eragrostis superba,1,10,Unfenced,THF,
2024,B,5,Z4,Bothriochloa insculpta,11,12,Unfenced,THF,
2024,B,5,Z4,Themeda triandra,1,12.5,Unfenced,THF,
2024,B,5,Z4,Setaria pumila,3,NA,Unfenced,THF,
2024,B,5,Z4,Cynodon dactylon,7,NA,Unfenced,THF,
2024,B,5,Z4,Heteropogon contortus,3,8.8,Unfenced,THF,
2024,B,5,Z4,Eragrostis superba,3,7.7,Unfenced,THF,
2024,B,5,Z4,Bothriochloa insculpta,15,6.4,Unfenced,THF,
2024,B,5,Z4,Aristida adscensionis,3,7,Unfenced,THF,
2024,B,5,Z4,Aristida congesta b,2,NA,Unfenced,THF,
2024,C,1,Z1,NA,NA,0,Fenced,C,
2024,C,1,Z1,NA,NA,0,Fenced,C,
2024,C,1,Z1,NA,NA,0,Fenced,C,
2024,C,1,Z1,NA,NA,0,Fenced,C,
2024,C,1,Z1,Cynodon dactylon,6,5.8,Fenced,C,
2024,C,1,Z1,Aristida adscensionis,10,6.8,Fenced,C,
2024,C,1,Z1,NA,NA,6.8,Fenced,C,
2024,C,1,Z1,NA,NA,6.1,Fenced,C,
2024,C,1,Z1,Heteropogon contortus,2,2.5,Fenced,C,
2024,C,1,Z1,Urochloa brizantha,2,2.4,Fenced,C,
2024,C,1,Z1,NA,NA,2.7,Fenced,C,
2024,C,1,Z1,NA,NA,2.5,Fenced,C,
2024,C,1,Z1,Setaria incrassata,2,4.6,Fenced,C,
2024,C,1,Z1,Heteropogon contortus,1,4.2,Fenced,C,
2024,C,1,Z1,NA,NA,4.4,Fenced,C,
2024,C,1,Z1,NA,NA,4.6,Fenced,C,
2024,C,1,Z1,Heteropogon contortus,2,2,Fenced,C,
2024,C,1,Z1,NA,NA,2.4,Fenced,C,
2024,C,1,Z1,NA,NA,2.4,Fenced,C,
2024,C,1,Z1,NA,NA,2.3,Fenced,C,
2024,C,1,Z2,Setaria incrassata,2,4.1,Fenced,C,
2024,C,1,Z2,Heteropogon contortus,4,2.9,Fenced,C,
2024,C,1,Z2,NA,NA,3.3,Fenced,C,
2024,C,1,Z2,NA,NA,4.8,Fenced,C,
2024,C,1,Z2,Eragrostis gummiflua,3,2.2,Fenced,C,
2024,C,1,Z2,Heteropogon contortus,2,4,Fenced,C,
2024,C,1,Z2,NA,NA,2.4,Fenced,C,
2024,C,1,Z2,NA,NA,4.1,Fenced,C,
2024,C,1,Z2,Sporobolus africanus,1,3.3,Fenced,C,
2024,C,1,Z2,Aristida nemorivaga,3,3.9,Fenced,C,
2024,C,1,Z2,Urochloa brizantha,2,3.6,Fenced,C,
2024,C,1,Z2,Eragrostis gummiflua,1,3.5,Fenced,C,
2024,C,1,Z2,Heteropogon contortus,3,NA,Fenced,C,
2024,C,1,Z2,Heteropogon contortus,1,5.3,Fenced,C,
2024,C,1,Z2,Megathyrsus maximus,2,5,Fenced,C,
2024,C,1,Z2,NA,NA,5,Fenced,C,
2024,C,1,Z2,NA,NA,4.7,Fenced,C,
2024,C,1,Z2,Hyparrhenia filipendula,1,1.9,Fenced,C,
2024,C,1,Z2,NA,NA,2.1,Fenced,C,
2024,C,1,Z2,NA,NA,2.8,Fenced,C,
2024,C,1,Z2,NA,NA,2,Fenced,C,
2024,C,1,Z3,Setaria incrassata,1,3.9,Unfenced,C,
2024,C,1,Z3,Melinis repens,1,3.9,Unfenced,C,
2024,C,1,Z3,NA,NA,4,Unfenced,C,
2024,C,1,Z3,NA,NA,4.1,Unfenced,C,
2024,C,1,Z3,Heteropogon contortus,3,2.2,Unfenced,C,
2024,C,1,Z3,NA,NA,3,Unfenced,C,
2024,C,1,Z3,NA,NA,2.6,Unfenced,C,
2024,C,1,Z3,NA,NA,2.8,Unfenced,C,
2024,C,1,Z3,Heteropogon contortus,6,3.5,Unfenced,C,
2024,C,1,Z3,Melinis repens,1,3.8,Unfenced,C,
2024,C,1,Z3,NA,NA,3.2,Unfenced,C,
2024,C,1,Z3,NA,NA,3.1,Unfenced,C,
2024,C,1,Z3,Eragrostis gummiflua,1,4.4,Unfenced,C,
2024,C,1,Z3,Megathyrsus maximus,2,4.1,Unfenced,C,
2024,C,1,Z3,Digitaria eriantha,1,3.2,Unfenced,C,
2024,C,1,Z3,NA,NA,2.1,Unfenced,C,
2024,C,1,Z3,Eragrostis gummiflua,1,3.6,Unfenced,C,
2024,C,1,Z3,Heteropogon contortus,4,3.1,Unfenced,C,
2024,C,1,Z3,Setaria incrassata,1,3.1,Unfenced,C,
2024,C,1,Z3,NA,NA,3.3,Unfenced,C,
2024,C,1,Z4,Heteropogon contortus,1,2.6,Unfenced,C,
2024,C,1,Z4,Melinis repens,1,3.5,Unfenced,C,
2024,C,1,Z4,NA,NA,3,Unfenced,C,
2024,C,1,Z4,NA,NA,2.8,Unfenced,C,
2024,C,1,Z4,Heteropogon contortus,7,4.9,Unfenced,C,
2024,C,1,Z4,Setaria incrassata,2,5,Unfenced,C,
2024,C,1,Z4,NA,NA,4.4,Unfenced,C,
2024,C,1,Z4,NA,NA,4.4,Unfenced,C,
2024,C,1,Z4,Heteropogon contortus,6,3.7,Unfenced,C,
2024,C,1,Z4,Digitaria eriantha,1,3.7,Unfenced,C,
2024,C,1,Z4,NA,NA,3.5,Unfenced,C,
2024,C,1,Z4,NA,NA,3.4,Unfenced,C,
2024,C,1,Z4,Heteropogon contortus,8,4.4,Unfenced,C,
2024,C,1,Z4,NA,NA,3.8,Unfenced,C,
2024,C,1,Z4,NA,NA,3.3,Unfenced,C,
2024,C,1,Z4,NA,NA,3.6,Unfenced,C,
2024,C,1,Z4,Eragrostis gummiflua,3,2.5,Unfenced,C,
2024,C,1,Z4,NA,NA,2.3,Unfenced,C,
2024,C,1,Z4,NA,NA,2.3,Unfenced,C,
2024,C,1,Z4,NA,NA,2.2,Unfenced,C,
2024,C,2,Z1,Megathyrsus maximus,1,4.4,Fenced,TFB,
2024,C,2,Z1,NA,NA,3.9,Fenced,TFB,
2024,C,2,Z1,NA,NA,6.2,Fenced,TFB,
2024,C,2,Z1,NA,NA,3.5,Fenced,TFB,
2024,C,2,Z1,Megathyrsus maximus,2,8.1,Fenced,TFB,
2024,C,2,Z1,Eragrostis superba,1,7.3,Fenced,TFB,
2024,C,2,Z1,Heteropogon contortus,1,6.9,Fenced,TFB,
2024,C,2,Z1,NA,NA,6.2,Fenced,TFB,
2024,C,2,Z1,Megathyrsus maximus,1,4,Fenced,TFB,
2024,C,2,Z1,NA,NA,4.3,Fenced,TFB,
2024,C,2,Z1,NA,NA,4,Fenced,TFB,
2024,C,2,Z1,NA,NA,4.1,Fenced,TFB,
2024,C,2,Z1,Megathyrsus maximus,6,1.9,Fenced,TFB,
2024,C,2,Z1,NA,NA,2.5,Fenced,TFB,
2024,C,2,Z1,NA,NA,2.5,Fenced,TFB,
2024,C,2,Z1,NA,NA,2.6,Fenced,TFB,
2024,C,2,Z1,Eragrostis cylindriflora,3,2.2,Fenced,TFB,
2024,C,2,Z1,Eragrostis gummiflua,2,2.3,Fenced,TFB,
2024,C,2,Z1,NA,NA,2,Fenced,TFB,
2024,C,2,Z1,NA,NA,3,Fenced,TFB,
2024,C,2,Z2,Megathyrsus maximus,4,4.3,Unfenced,TFB,
2024,C,2,Z2,NA,NA,5,Unfenced,TFB,
2024,C,2,Z2,NA,NA,5.3,Unfenced,TFB,
2024,C,2,Z2,NA,NA,5,Unfenced,TFB,
2024,C,2,Z2,Megathyrsus maximus,6,4.3,Unfenced,TFB,
2024,C,2,Z2,NA,NA,5,Unfenced,TFB,
2024,C,2,Z2,NA,NA,5.3,Unfenced,TFB,
2024,C,2,Z2,NA,NA,5,Unfenced,TFB,
2024,C,2,Z2,Megathyrsus maximus,3,4.2,Unfenced,TFB,
2024,C,2,Z2,NA,NA,3.6,Unfenced,TFB,
2024,C,2,Z2,NA,NA,4,Unfenced,TFB,
2024,C,2,Z2,NA,NA,3.7,Unfenced,TFB,
2024,C,2,Z2,NA,NA,0,Unfenced,TFB,
2024,C,2,Z2,NA,NA,0,Unfenced,TFB,
2024,C,2,Z2,NA,NA,0,Unfenced,TFB,
2024,C,2,Z2,NA,NA,0,Unfenced,TFB,
2024,C,2,Z2,Megathyrsus maximus,3,6.7,Unfenced,TFB,
2024,C,2,Z2,NA,NA,6.9,Unfenced,TFB,
2024,C,2,Z2,NA,NA,6.4,Unfenced,TFB,
2024,C,2,Z2,NA,NA,6.4,Unfenced,TFB,
2024,C,2,Z3,Digitaria eriantha,4,5.3,Fenced,TFB,
2024,C,2,Z3,Heteropogon contortus,2,5.1,Fenced,TFB,
2024,C,2,Z3,Eragrostis cylindriflora,4,6.1,Fenced,TFB,
2024,C,2,Z3,NA,NA,6.2,Fenced,TFB,
2024,C,2,Z3,Eragrostis cylindriflora,5,1.7,Fenced,TFB,
2024,C,2,Z3,NA,NA,2.8,Fenced,TFB,
2024,C,2,Z3,NA,NA,2.8,Fenced,TFB,
2024,C,2,Z3,NA,NA,2.8,Fenced,TFB,
2024,C,2,Z3,Megathyrsus maximus,5,20.7,Fenced,TFB,
2024,C,2,Z3,NA,NA,19.4,Fenced,TFB,
2024,C,2,Z3,NA,NA,26.5,Fenced,TFB,
2024,C,2,Z3,NA,NA,24,Fenced,TFB,
2024,C,2,Z3,Megathyrsus maximus,6,10.3,Fenced,TFB,
2024,C,2,Z3,NA,NA,7.8,Fenced,TFB,
2024,C,2,Z3,NA,NA,6.8,Fenced,TFB,
2024,C,2,Z3,NA,NA,7.8,Fenced,TFB,
2024,C,2,Z3,Eragrostis viscosa,2,1.9,Fenced,TFB,
2024,C,2,Z3,Eragrostis gummiflua,25,1.8,Fenced,TFB,
2024,C,2,Z3,NA,NA,1.7,Fenced,TFB,
2024,C,2,Z3,NA,NA,2,Fenced,TFB,
2024,C,2,Z4,Megathyrsus maximus,1,3,Unfenced,TFB,
2024,C,2,Z4,NA,NA,3.1,Unfenced,TFB,
2024,C,2,Z4,NA,NA,2.8,Unfenced,TFB,
2024,C,2,Z4,NA,NA,3.3,Unfenced,TFB,
2024,C,2,Z4,Urochloa brizantha,5,8,Unfenced,TFB,
2024,C,2,Z4,Eragrostis cylindriflora,1,7.2,Unfenced,TFB,
2024,C,2,Z4,NA,NA,8.4,Unfenced,TFB,
2024,C,2,Z4,NA,NA,9.1,Unfenced,TFB,
2024,C,2,Z4,Megathyrsus maximus,2,4.7,Unfenced,TFB,
2024,C,2,Z4,NA,NA,4.9,Unfenced,TFB,
2024,C,2,Z4,NA,NA,5.3,Unfenced,TFB,
2024,C,2,Z4,NA,NA,6.1,Unfenced,TFB,
2024,C,2,Z4,Megathyrsus maximus,1,3.8,Unfenced,TFB,
2024,C,2,Z4,NA,NA,4,Unfenced,TFB,
2024,C,2,Z4,NA,NA,3.9,Unfenced,TFB,
2024,C,2,Z4,NA,NA,3.3,Unfenced,TFB,
2024,C,2,Z4,NA,NA,0,Unfenced,TFB,
2024,C,2,Z4,NA,NA,0,Unfenced,TFB,
2024,C,2,Z4,NA,NA,0,Unfenced,TFB,
2024,C,2,Z4,NA,NA,0,Unfenced,TFB,
2024,C,3,Z1,Heteropogon contortus,2,12.2,Fenced,TF,
2024,C,3,Z1,Eragrostis cylindriflora,3,11.8,Fenced,TF,
2024,C,3,Z1,Pogonarthria squarrosa,5,11.2,Fenced,TF,
2024,C,3,Z1,NA,NA,10.6,Fenced,TF,
2024,C,3,Z1,Heteropogon contortus,1,8.8,Fenced,TF,
2024,C,3,Z1,Digitaria eriantha,1,8.6,Fenced,TF,
2024,C,3,Z1,Urochloa brizantha,1,8.4,Fenced,TF,
2024,C,3,Z1,NA,NA,8.3,Fenced,TF,
2024,C,3,Z1,Heteropogon contortus,6,4.9,Fenced,TF,
2024,C,3,Z1,Megathyrsus maximus,4,4.3,Fenced,TF,
2024,C,3,Z1,Digitaria eriantha,4,4,Fenced,TF,
2024,C,3,Z1,Melinis repens,1,5.9,Fenced,TF,
2024,C,3,Z1,Heteropogon contortus,17,4.2,Fenced,TF,
2024,C,3,Z1,NA,NA,4,Fenced,TF,
2024,C,3,Z1,NA,NA,4.3,Fenced,TF,
2024,C,3,Z1,NA,NA,5.1,Fenced,TF,
2024,C,3,Z1,Heteropogon contortus,7,2.2,Fenced,TF,
2024,C,3,Z1,Megathyrsus maximus,1,3.6,Fenced,TF,
2024,C,3,Z1,NA,NA,3.8,Fenced,TF,
2024,C,3,Z1,NA,NA,3.5,Fenced,TF,
2024,C,3,Z2,Digitaria eriantha,9,2.4,Fenced,TF,
2024,C,3,Z2,Pogonarthria squarrosa,8,3.2,Fenced,TF,
2024,C,3,Z2,Urochloa brizantha,2,3.2,Fenced,TF,
2024,C,3,Z2,Setaria incrassata,1,3.3,Fenced,TF,
2024,C,3,Z2,Digitaria eriantha,4,4.1,Fenced,TF,
2024,C,3,Z2,Pogonarthria squarrosa,1,4.4,Fenced,TF,
2024,C,3,Z2,Urochloa brizantha,1,5.1,Fenced,TF,
2024,C,3,Z2,NA,NA,5.1,Fenced,TF,
2024,C,3,Z2,Megathyrsus maximus,2,12.8,Fenced,TF,
2024,C,3,Z2,NA,NA,8.3,Fenced,TF,
2024,C,3,Z2,NA,NA,7.2,Fenced,TF,
2024,C,3,Z2,NA,NA,6.6,Fenced,TF,
2024,C,3,Z2,Heteropogon contortus,3,4.4,Fenced,TF,
2024,C,3,Z2,NA,NA,4.6,Fenced,TF,
2024,C,3,Z2,NA,NA,4,Fenced,TF,
2024,C,3,Z2,NA,NA,3.7,Fenced,TF,
2024,C,3,Z2,Pogonarthria squarrosa,9,5.3,Fenced,TF,
2024,C,3,Z2,Urochloa brizantha,2,5.2,Fenced,TF,
2024,C,3,Z2,Heteropogon contortus,1,4.4,Fenced,TF,
2024,C,3,Z2,NA,NA,4.4,Fenced,TF,
2024,C,3,Z3,Pogonarthria squarrosa,4,2.2,Unfenced,TF,
2024,C,3,Z3,Setaria incrassata,4,2.4,Unfenced,TF,
2024,C,3,Z3,Heteropogon contortus,3,3.8,Unfenced,TF,
2024,C,3,Z3,NA,NA,4.7,Unfenced,TF,
2024,C,3,Z3,Pogonarthria squarrosa,5,5.9,Unfenced,TF,
2024,C,3,Z3,Heteropogon contortus,4,5.4,Unfenced,TF,
2024,C,3,Z3,Eragrostis cylindriflora,1,4.9,Unfenced,TF,
2024,C,3,Z3,NA,NA,4.7,Unfenced,TF,
2024,C,3,Z3,Pogonarthria squarrosa,4,2,Unfenced,TF,
2024,C,3,Z3,Eragrostis cylindriflora,4,2.5,Unfenced,TF,
2024,C,3,Z3,Digitaria eriantha,1,3.5,Unfenced,TF,
2024,C,3,Z3,NA,NA,4.9,Unfenced,TF,
2024,C,3,Z3,Heteropogon contortus,7,3.4,Unfenced,TF,
2024,C,3,Z3,Pogonarthria squarrosa,2,2.9,Unfenced,TF,
2024,C,3,Z3,Melinis repens,3,3,Unfenced,TF,
2024,C,3,Z3,NA,NA,2.2,Unfenced,TF,
2024,C,3,Z3,Cynodon dactylon,9,2.9,Unfenced,TF,
2024,C,3,Z3,Hyparrhenia filipendula,1,2,Unfenced,TF,
2024,C,3,Z3,NA,NA,4.1,Unfenced,TF,
2024,C,3,Z3,NA,NA,2.9,Unfenced,TF,
2024,C,3,Z4,Pogonarthria squarrosa,3,2.4,Unfenced,TF,
2024,C,3,Z4,Heteropogon contortus,3,3.5,Unfenced,TF,
2024,C,3,Z4,Hyparrhenia filipendula,5,4.2,Unfenced,TF,
2024,C,3,Z4,NA,NA,4,Unfenced,TF,
2024,C,3,Z4,Melinis repens,1,4.4,Unfenced,TF,
2024,C,3,Z4,Eragrostis cylindriflora,1,5.2,Unfenced,TF,
2024,C,3,Z4,Digitaria eriantha,3,6.5,Unfenced,TF,
2024,C,3,Z4,Urochloa brizantha,1,5.5,Unfenced,TF,
2024,C,3,Z4,Pogonarthria squarrosa,2,4.9,Unfenced,TF,
2024,C,3,Z4,Eragrostis cylindriflora,3,6.9,Unfenced,TF,
2024,C,3,Z4,Digitaria eriantha,3,4.9,Unfenced,TF,
2024,C,3,Z4,NA,NA,4.5,Unfenced,TF,
2024,C,3,Z4,Heteropogon contortus,3,5.3,Unfenced,TF,
2024,C,3,Z4,Digitaria eriantha,3,5.5,Unfenced,TF,
2024,C,3,Z4,Urochloa brizantha,6,5.3,Unfenced,TF,
2024,C,3,Z4,NA,NA,4.6,Unfenced,TF,
2024,C,3,Z4,Eragrostis cylindriflora,2,4,Unfenced,TF,
2024,C,3,Z4,Digitaria eriantha,1,5.5,Unfenced,TF,
2024,C,3,Z4,Urochloa brizantha,1,4.4,Unfenced,TF,
2024,C,3,Z4,Pogonarthria squarrosa,6,4.1,Unfenced,TF,
2024,C,3,Z4,Eragrostis gummiflua,3,NA,Unfenced,TF,
2024,C,4,Z1,Heteropogon contortus,4,3.4,Fenced,F,
2024,C,4,Z1,Eragrostis cylindriflora,2,5.8,Fenced,F,
2024,C,4,Z1,NA,NA,4.8,Fenced,F,
2024,C,4,Z1,NA,NA,4.4,Fenced,F,
2024,C,4,Z1,Pogonarthria squarrosa,8,3.2,Fenced,F,
2024,C,4,Z1,Heteropogon contortus,6,3.8,Fenced,F,
2024,C,4,Z1,Megathyrsus maximus,2,3.7,Fenced,F,
2024,C,4,Z1,NA,NA,4.3,Fenced,F,
2024,C,4,Z1,Eragrostis cylindriflora,1,2.7,Fenced,F,
2024,C,4,Z1,Digitaria eriantha,3,4.8,Fenced,F,
2024,C,4,Z1,NA,NA,4.6,Fenced,F,
2024,C,4,Z1,NA,NA,4.7,Fenced,F,
2024,C,4,Z1,Pogonarthria squarrosa,6,2.9,Fenced,F,
2024,C,4,Z1,Heteropogon contortus,3,3.8,Fenced,F,
2024,C,4,Z1,NA,NA,3.7,Fenced,F,
2024,C,4,Z1,NA,NA,3.6,Fenced,F,
2024,C,4,Z1,Heteropogon contortus,1,4.2,Fenced,F,
2024,C,4,Z1,Megathyrsus maximus,5,6.4,Fenced,F,
2024,C,4,Z1,Digitaria eriantha,1,7.1,Fenced,F,
2024,C,4,Z1,NA,NA,6.8,Fenced,F,
2024,C,4,Z2,Heteropogon contortus,5,3,Fenced,F,
2024,C,4,Z2,Aristida congesta c,1,3.1,Fenced,F,
2024,C,4,Z2,NA,NA,2.9,Fenced,F,
2024,C,4,Z2,NA,NA,2.8,Fenced,F,
2024,C,4,Z2,Pogonarthria squarrosa,5,8,Fenced,F,
2024,C,4,Z2,Heteropogon contortus,4,7.1,Fenced,F,
2024,C,4,Z2,Megathyrsus maximus,6,6.6,Fenced,F,
2024,C,4,Z2,Digitaria eriantha,1,5.8,Fenced,F,
2024,C,4,Z2,Eragrostis gummiflua,4,NA,Fenced,F,
2024,C,4,Z2,Eragrostis superba,5,NA,Fenced,F,
2024,C,4,Z2,Heteropogon contortus,20,6.6,Fenced,F,
2024,C,4,Z2,Digitaria eriantha,2,6.2,Fenced,F,
2024,C,4,Z2,Eragrostis cylindriflora,1,6.3,Fenced,F,
2024,C,4,Z2,Setaria incrassata,1,6.5,Fenced,F,
2024,C,4,Z2,Pogonarthria squarrosa,3,3.6,Fenced,F,
2024,C,4,Z2,Heteropogon contortus,1,3.7,Fenced,F,
2024,C,4,Z2,Megathyrsus maximus,3,5.3,Fenced,F,
2024,C,4,Z2,Aristida congesta b,1,4.5,Fenced,F,
2024,C,4,Z2,Pogonarthria squarrosa,14,6.6,Fenced,F,
2024,C,4,Z2,Heteropogon contortus,3,5.8,Fenced,F,
2024,C,4,Z2,NA,NA,5,Fenced,F,
2024,C,4,Z2,NA,NA,5,Fenced,F,
2024,C,4,Z3,Heteropogon contortus,4,5.4,Unfenced,F,
2024,C,4,Z3,Eragrostis gummiflua,1,5,Unfenced,F,
2024,C,4,Z3,Digitaria eriantha,1,4.8,Unfenced,F,
2024,C,4,Z3,Eragrostis cylindriflora,5,5,Unfenced,F,
2024,C,4,Z3,Heteropogon contortus,39,5.4,Unfenced,F,
2024,C,4,Z3,Eragrostis gummiflua,1,5.4,Unfenced,F,
2024,C,4,Z3,Pogonarthria squarrosa,2,5.5,Unfenced,F,
2024,C,4,Z3,Megathyrsus maximus,2,5.4,Unfenced,F,
2024,C,4,Z3,Heteropogon contortus,2,4,Unfenced,F,
2024,C,4,Z3,Melinis repens,1,7.8,Unfenced,F,
2024,C,4,Z3,Aristida adscensionis,17,4.7,Unfenced,F,
2024,C,4,Z3,NA,NA,6.3,Unfenced,F,
2024,C,4,Z3,Megathyrsus maximus,1,2.3,Unfenced,F,
2024,C,4,Z3,Digitaria eriantha,4,2.7,Unfenced,F,
2024,C,4,Z3,Eragrostis gummiflua,2,2.8,Unfenced,F,
2024,C,4,Z3,NA,NA,2.5,Unfenced,F,
2024,C,4,Z3,Heteropogon contortus,2,6.7,Unfenced,F,
2024,C,4,Z3,Megathyrsus maximus,10,5.5,Unfenced,F,
2024,C,4,Z3,NA,NA,5.4,Unfenced,F,
2024,C,4,Z3,NA,NA,5.3,Unfenced,F,
2024,C,4,Z4,Hyparrhenia filipendula,2,22,Unfenced,F,
2024,C,4,Z4,Eragrostis gummiflua,1,19,Unfenced,F,
2024,C,4,Z4,Pogonarthria squarrosa,21,14.3,Unfenced,F,
2024,C,4,Z4,Megathyrsus maximus,1,14.1,Unfenced,F,
2024,C,4,Z4,Heteropogon contortus,1,NA,Unfenced,F,
2024,C,4,Z4,Aristida adscensionis,3,NA,Unfenced,F,
2024,C,4,Z4,Eragrostis superba,1,NA,Unfenced,F,
2024,C,4,Z4,Setaria incrassata,2,18.3,Unfenced,F,
2024,C,4,Z4,Hyparrhenia filipendula,3,20.9,Unfenced,F,
2024,C,4,Z4,NA,NA,30,Unfenced,F,
2024,C,4,Z4,NA,NA,18.8,Unfenced,F,
2024,C,4,Z4,Eragrostis gummiflua,18,8.7,Unfenced,F,
2024,C,4,Z4,Heteropogon contortus,2,7.6,Unfenced,F,
2024,C,4,Z4,Aristida adscensionis,10,5.8,Unfenced,F,
2024,C,4,Z4,NA,NA,5.4,Unfenced,F,
2024,C,4,Z4,Heteropogon contortus,2,1.7,Unfenced,F,
2024,C,4,Z4,Aristida adscensionis,1,1.4,Unfenced,F,
2024,C,4,Z4,NA,NA,1.6,Unfenced,F,
2024,C,4,Z4,NA,NA,2.1,Unfenced,F,
2024,C,4,Z4,Aristida adscensionis,4,3.9,Unfenced,F,
2024,C,4,Z4,Urochloa brizantha,4,2.9,Unfenced,F,
2024,C,4,Z4,Chloris virgata,3,2.9,Unfenced,F,
2024,C,4,Z4,NA,NA,3.2,Unfenced,F,
2024,C,5,Z1,Eragrostis gummiflua,11,6.7,Fenced,THF,
2024,C,5,Z1,Digitaria eriantha,4,6,Fenced,THF,
2024,C,5,Z1,NA,NA,5.5,Fenced,THF,
2024,C,5,Z1,NA,NA,5.1,Fenced,THF,
2024,C,5,Z1,Digitaria eriantha,4,5,Fenced,THF,
2024,C,5,Z1,Heteropogon contortus,2,5.3,Fenced,THF,
2024,C,5,Z1,NA,NA,5.2,Fenced,THF,
2024,C,5,Z1,NA,NA,5,Fenced,THF,
2024,C,5,Z1,Pogonarthria squarrosa,22,4.9,Fenced,THF,
2024,C,5,Z1,Heteropogon contortus,1,5.2,Fenced,THF,
2024,C,5,Z1,Digitaria eriantha,2,5.2,Fenced,THF,
2024,C,5,Z1,Eragrostis cylindriflora,12,4.2,Fenced,THF,
2024,C,5,Z1,Pogonarthria squarrosa,14,9.8,Fenced,THF,
2024,C,5,Z1,Digitaria eriantha,8,8.4,Fenced,THF,
2024,C,5,Z1,NA,NA,7.1,Fenced,THF,
2024,C,5,Z1,NA,NA,7.5,Fenced,THF,
2024,C,5,Z1,Megathyrsus maximus,12,12.5,Fenced,THF,
2024,C,5,Z1,Melinis repens,1,5.5,Fenced,THF,
2024,C,5,Z1,NA,NA,8.4,Fenced,THF,
2024,C,5,Z1,NA,NA,5.9,Fenced,THF,
2024,C,5,Z2,Heteropogon contortus,1,7.5,Fenced,THF,
2024,C,5,Z2,NA,NA,7.4,Fenced,THF,
2024,C,5,Z2,NA,NA,7.3,Fenced,THF,
2024,C,5,Z2,NA,NA,7.1,Fenced,THF,
2024,C,5,Z2,Heteropogon contortus,2,2.3,Fenced,THF,
2024,C,5,Z2,Urochloa brizantha,1,1.9,Fenced,THF,
2024,C,5,Z2,NA,NA,2.3,Fenced,THF,
2024,C,5,Z2,NA,NA,2.6,Fenced,THF,
2024,C,5,Z2,Pogonarthria squarrosa,11,5.6,Fenced,THF,
2024,C,5,Z2,Perotis patens,3,5.3,Fenced,THF,
2024,C,5,Z2,Digitaria eriantha,4,5.1,Fenced,THF,
2024,C,5,Z2,NA,NA,5,Fenced,THF,
2024,C,5,Z2,Heteropogon contortus,2,5.6,Fenced,THF,
2024,C,5,Z2,Pogonarthria squarrosa,11,6,Fenced,THF,
2024,C,5,Z2,Diheteropogon amplectens,5,6,Fenced,THF,
2024,C,5,Z2,Perotis patens,1,5.8,Fenced,THF,
2024,C,5,Z2,Megathyrsus maximus,2,6.7,Fenced,THF,
2024,C,5,Z2,Digitaria eriantha,2,6.6,Fenced,THF,
2024,C,5,Z2,NA,NA,6.5,Fenced,THF,
2024,C,5,Z2,NA,NA,6.3,Fenced,THF,
2024,C,5,Z3,Eragrostis gummiflua,5,3.1,Unfenced,THF,
2024,C,5,Z3,Megathyrsus maximus,2,3.1,Unfenced,THF,
2024,C,5,Z3,Heteropogon contortus,4,3.1,Unfenced,THF,
2024,C,5,Z3,Aristida adscensionis,2,2.4,Unfenced,THF,
2024,C,5,Z3,Digitaria eriantha,3,NA,Unfenced,THF,
2024,C,5,Z3,Eragrostis gummiflua,2,5.9,Unfenced,THF,
2024,C,5,Z3,Aristida adscensionis,2,5.5,Unfenced,THF,
2024,C,5,Z3,Digitaria eriantha,1,5.2,Unfenced,THF,
2024,C,5,Z3,Eragrostis viscosa,2,4.9,Unfenced,THF,
2024,C,5,Z3,Urochloa brizantha,3,NA,Unfenced,THF,
2024,C,5,Z3,Pogonarthria squarrosa,20,NA,Unfenced,THF,
2024,C,5,Z3,NA,NA,0,Unfenced,THF,
2024,C,5,Z3,NA,NA,0,Unfenced,THF,
2024,C,5,Z3,NA,NA,0,Unfenced,THF,
2024,C,5,Z3,NA,NA,0,Unfenced,THF,
2024,C,5,Z3,Megathyrsus maximus,4,8.8,Unfenced,THF,
2024,C,5,Z3,Digitaria eriantha,2,5.4,Unfenced,THF,
2024,C,5,Z3,NA,NA,4.2,Unfenced,THF,
2024,C,5,Z3,NA,NA,5.7,Unfenced,THF,
2024,C,5,Z3,Megathyrsus maximus,2,4.2,Unfenced,THF,
2024,C,5,Z3,NA,NA,5.3,Unfenced,THF,
2024,C,5,Z3,NA,NA,7.7,Unfenced,THF,
2024,C,5,Z3,NA,NA,7.4,Unfenced,THF,
2024,C,5,Z4,Eragrostis gummiflua,2,3.3,Unfenced,THF,
2024,C,5,Z4,Pogonarthria squarrosa,2,2.9,Unfenced,THF,
2024,C,5,Z4,Eragrostis superba,1,3.5,Unfenced,THF,
2024,C,5,Z4,NA,NA,3.1,Unfenced,THF,
2024,C,5,Z4,Digitaria eriantha,1,7.8,Unfenced,THF,
2024,C,5,Z4,Heteropogon contortus,2,7.1,Unfenced,THF,
2024,C,5,Z4,Eragrostis cylindriflora,2,6.6,Unfenced,THF,
2024,C,5,Z4,NA,NA,6.2,Unfenced,THF,
2024,C,5,Z4,Eragrostis gummiflua,2,3.3,Unfenced,THF,
2024,C,5,Z4,Digitaria eriantha,3,3.2,Unfenced,THF,
2024,C,5,Z4,Heteropogon contortus,3,3.2,Unfenced,THF,
2024,C,5,Z4,Urochloa brizantha,2,3.1,Unfenced,THF,
2024,C,5,Z4,Megathyrsus maximus,1,4,Unfenced,THF,
2024,C,5,Z4,NA,NA,4.7,Unfenced,THF,
2024,C,5,Z4,NA,NA,4.6,Unfenced,THF,
2024,C,5,Z4,NA,NA,5,Unfenced,THF,
2024,C,5,Z4,Heteropogon contortus,2,6.6,Unfenced,THF,
2024,C,5,Z4,Pogonarthria squarrosa,7,4.8,Unfenced,THF,
2024,C,5,Z4,Aristida adscensionis,2,3.8,Unfenced,THF,
2024,C,5,Z4,Urochloa brizantha,1,4,Unfenced,THF,
2024,D,1,Z1,Urochloa nigropedata,2,1.8,Fenced,C,
2024,D,1,Z1,Eragrostis cylindriflora,1,2.9,Fenced,C,
2024,D,1,Z1,Heteropogon contortus,1,2.9,Fenced,C,
2024,D,1,Z1,NA,NA,2.7,Fenced,C,
2024,D,1,Z1,NA,NA,0,Fenced,C,
2024,D,1,Z1,NA,NA,0,Fenced,C,
2024,D,1,Z1,NA,NA,0,Fenced,C,
2024,D,1,Z1,NA,NA,0,Fenced,C,
2024,D,1,Z1,Eragrostis cylindriflora,3,6.8,Fenced,C,
2024,D,1,Z1,Heteropogon contortus,1,6.6,Fenced,C,
2024,D,1,Z1,NA,NA,5.5,Fenced,C,
2024,D,1,Z1,NA,NA,5,Fenced,C,
2024,D,1,Z1,Urochloa nigropedata,2,2.6,Fenced,C,
2024,D,1,Z1,Chloris virgata,1,2.6,Fenced,C,
2024,D,1,Z1,NA,NA,2.6,Fenced,C,
2024,D,1,Z1,NA,NA,2.6,Fenced,C,
2024,D,1,Z1,Eragrostis cylindriflora,1,17.3,Fenced,C,
2024,D,1,Z1,Sporobolus ioclados,2,12.7,Fenced,C,
2024,D,1,Z1,NA,NA,12.8,Fenced,C,
2024,D,1,Z1,NA,NA,12.3,Fenced,C,
2024,D,1,Z2,Chloris virgata,8,7.5,Unfenced,C,
2024,D,1,Z2,Aristida adscensionis,4,5.8,Unfenced,C,
2024,D,1,Z2,NA,NA,5.8,Unfenced,C,
2024,D,1,Z2,NA,NA,6.6,Unfenced,C,
2024,D,1,Z2,Eragrostis cylindriflora,1,8,Unfenced,C,
2024,D,1,Z2,Sporobolus ioclados,2,11.5,Unfenced,C,
2024,D,1,Z2,NA,NA,17.2,Unfenced,C,
2024,D,1,Z2,NA,NA,15.6,Unfenced,C,
2024,D,1,Z2,Chloris virgata,1,6.2,Unfenced,C,
2024,D,1,Z2,Urochloa nigropedata,3,5.8,Unfenced,C,
2024,D,1,Z2,NA,NA,5.6,Unfenced,C,
2024,D,1,Z2,NA,NA,5.8,Unfenced,C,
2024,D,1,Z2,Enteropogon macrostachyus,3,6.9,Unfenced,C,
2024,D,1,Z2,Aristida adscensionis,2,7,Unfenced,C,
2024,D,1,Z2,Digitaria eriantha,2,6.6,Unfenced,C,
2024,D,1,Z2,NA,NA,6.5,Unfenced,C,
2024,D,1,Z2,Heteropogon contortus,5,3.2,Unfenced,C,
2024,D,1,Z2,Themeda triandra,3,8.9,Unfenced,C,
2024,D,1,Z2,NA,NA,8.4,Unfenced,C,
2024,D,1,Z2,NA,NA,8.5,Unfenced,C,
2024,D,1,Z3,Aristida diffusa,2,11.7,Fenced,C,
2024,D,1,Z3,Chloris virgata,1,9,Fenced,C,
2024,D,1,Z3,NA,NA,11.4,Fenced,C,
2024,D,1,Z3,NA,NA,10.9,Fenced,C,
2024,D,1,Z3,Aristida adscensionis,2,6.6,Fenced,C,
2024,D,1,Z3,Megathyrsus maximus,1,5.6,Fenced,C,
2024,D,1,Z3,NA,NA,5.6,Fenced,C,
2024,D,1,Z3,NA,NA,6.1,Fenced,C,
2024,D,1,Z3,Heteropogon contortus,3,2.2,Fenced,C,
2024,D,1,Z3,Aristida adscensionis,1,2.3,Fenced,C,
2024,D,1,Z3,Digitaria eriantha,1,2.1,Fenced,C,
2024,D,1,Z3,NA,NA,3.3,Fenced,C,
2024,D,1,Z3,NA,NA,0,Fenced,C,
2024,D,1,Z3,NA,NA,0,Fenced,C,
2024,D,1,Z3,NA,NA,0,Fenced,C,
2024,D,1,Z3,NA,NA,0,Fenced,C,
2024,D,1,Z3,Aristida diffusa,5,2.3,Fenced,C,
2024,D,1,Z3,Aristida adscensionis,1,2.3,Fenced,C,
2024,D,1,Z3,NA,NA,2.3,Fenced,C,
2024,D,1,Z3,NA,NA,2.3,Fenced,C,
2024,D,1,Z4,Heteropogon contortus,1,3,Unfenced,C,
2024,D,1,Z4,Setaria pumila,1,3,Unfenced,C,
2024,D,1,Z4,NA,NA,3,Unfenced,C,
2024,D,1,Z4,NA,NA,3,Unfenced,C,
2024,D,1,Z4,Enteropogon macrostachyus,3,9.9,Unfenced,C,
2024,D,1,Z4,Andropogon eucomus,2,10.5,Unfenced,C,
2024,D,1,Z4,Aristida adscensionis,2,11.1,Unfenced,C,
2024,D,1,Z4,NA,NA,11.6,Unfenced,C,
2024,D,1,Z4,Andropogon eucomus,2,10,Unfenced,C,
2024,D,1,Z4,Heteropogon contortus,4,13.2,Unfenced,C,
2024,D,1,Z4,Eragrostis cylindriflora,1,11.8,Unfenced,C,
2024,D,1,Z4,NA,NA,12.4,Unfenced,C,
2024,D,1,Z4,Chloris virgata,3,7.2,Unfenced,C,
2024,D,1,Z4,NA,NA,7.5,Unfenced,C,
2024,D,1,Z4,NA,NA,7.5,Unfenced,C,
2024,D,1,Z4,NA,NA,5.4,Unfenced,C,
2024,D,1,Z4,Chloris virgata,7,4.6,Unfenced,C,
2024,D,1,Z4,Eragrostis cylindriflora,2,4.1,Unfenced,C,
2024,D,1,Z4,Urochloa nigropedata,1,3.8,Unfenced,C,
2024,D,1,Z4,NA,NA,3.8,Unfenced,C,
2024,D,2,Z1,Megathyrsus maximus,1,3.2,Fenced,F,
2024,D,2,Z1,NA,NA,3.3,Fenced,F,
2024,D,2,Z1,NA,NA,3,Fenced,F,
2024,D,2,Z1,NA,NA,3,Fenced,F,
2024,D,2,Z1,Andropogon eucomus,1,18.5,Fenced,F,
2024,D,2,Z1,Enteropogon macrostachyus,3,17.5,Fenced,F,
2024,D,2,Z1,NA,NA,19.2,Fenced,F,
2024,D,2,Z1,NA,NA,15,Fenced,F,
2024,D,2,Z1,Heteropogon contortus,11,8,Fenced,F,
2024,D,2,Z1,Aristida adscensionis,3,6.4,Fenced,F,
2024,D,2,Z1,Enteropogon macrostachyus,2,9.8,Fenced,F,
2024,D,2,Z1,NA,NA,10.3,Fenced,F,
2024,D,2,Z1,Urochloa nigropedata,1,3.4,Fenced,F,
2024,D,2,Z1,Heteropogon contortus,1,5.5,Fenced,F,
2024,D,2,Z1,Aristida adscensionis,1,6.1,Fenced,F,
2024,D,2,Z1,Enteropogon macrostachyus,1,6.6,Fenced,F,
2024,D,2,Z1,Eragrostis cylindriflora,9,11.7,Fenced,F,
2024,D,2,Z1,Chloris virgata,1,6.5,Fenced,F,
2024,D,2,Z1,Setaria incrassata,2,8.6,Fenced,F,
2024,D,2,Z1,NA,NA,8.7,Fenced,F,
2024,D,2,Z2,Heteropogon contortus,2,5,Unfenced,F,
2024,D,2,Z2,Aristida adscensionis,3,5.1,Unfenced,F,
2024,D,2,Z2,Aristida diffusa,2,5.1,Unfenced,F,
2024,D,2,Z2,NA,NA,5.7,Unfenced,F,
2024,D,2,Z2,Enteropogon macrostachyus,3,14.1,Unfenced,F,
2024,D,2,Z2,Aristida adscensionis,3,9.2,Unfenced,F,
2024,D,2,Z2,NA,NA,9.2,Unfenced,F,
2024,D,2,Z2,NA,NA,9.2,Unfenced,F,
2024,D,2,Z2,Megathyrsus maximus,3,7.5,Unfenced,F,
2024,D,2,Z2,Urochloa nigropedata,2,9.6,Unfenced,F,
2024,D,2,Z2,Eragrostis cylindriflora,1,11.4,Unfenced,F,
2024,D,2,Z2,Chloris virgata,3,8.9,Unfenced,F,
2024,D,2,Z2,Heteropogon contortus,3,20.4,Unfenced,F,
2024,D,2,Z2,Urochloa nigropedata,2,15.5,Unfenced,F,
2024,D,2,Z2,NA,NA,13.4,Unfenced,F,
2024,D,2,Z2,NA,NA,13.2,Unfenced,F,
2024,D,2,Z2,Enteropogon macrostachyus,2,8.5,Unfenced,F,
2024,D,2,Z2,Urochloa nigropedata,1,8.5,Unfenced,F,
2024,D,2,Z2,NA,NA,6.6,Unfenced,F,
2024,D,2,Z2,NA,NA,6.5,Unfenced,F,
2024,D,2,Z3,Heteropogon contortus,2,9.1,Fenced,F,
2024,D,2,Z3,Andropogon eucomus,2,6.6,Fenced,F,
2024,D,2,Z3,Aristida adscensionis,2,5.2,Fenced,F,
2024,D,2,Z3,Eragrostis cylindriflora,5,5.2,Fenced,F,
2024,D,2,Z3,Eragrostis gummiflua,1,NA,Fenced,F,
2024,D,2,Z3,Heteropogon contortus,2,7.2,Fenced,F,
2024,D,2,Z3,Andropogon eucomus,2,6.8,Fenced,F,
2024,D,2,Z3,Eragrostis cylindriflora,1,6.8,Fenced,F,
2024,D,2,Z3,NA,NA,20.5,Fenced,F,
2024,D,2,Z3,Andropogon eucomus,3,11.9,Fenced,F,
2024,D,2,Z3,Setaria incrassata,1,17.2,Fenced,F,
2024,D,2,Z3,NA,NA,13.9,Fenced,F,
2024,D,2,Z3,NA,NA,12.9,Fenced,F,
2024,D,2,Z3,Heteropogon contortus,2,7.5,Fenced,F,
2024,D,2,Z3,Enteropogon macrostachyus,2,6,Fenced,F,
2024,D,2,Z3,NA,NA,5.9,Fenced,F,
2024,D,2,Z3,NA,NA,7.7,Fenced,F,
2024,D,2,Z3,Heteropogon contortus,4,2.4,Fenced,F,
2024,D,2,Z3,NA,NA,2.4,Fenced,F,
2024,D,2,Z3,NA,NA,5.9,Fenced,F,
2024,D,2,Z3,NA,NA,4.9,Fenced,F,
2024,D,2,Z4,Enteropogon macrostachyus,1,7.1,Unfenced,F,
2024,D,2,Z4,Megathyrsus maximus,1,6.6,Unfenced,F,
2024,D,2,Z4,Heteropogon contortus,1,7.3,Unfenced,F,
2024,D,2,Z4,NA,NA,8.4,Unfenced,F,
2024,D,2,Z4,Andropogon eucomus,3,17.8,Unfenced,F,
2024,D,2,Z4,Heteropogon contortus,4,16.8,Unfenced,F,
2024,D,2,Z4,Aristida adscensionis,3,17.4,Unfenced,F,
2024,D,2,Z4,NA,NA,18.8,Unfenced,F,
2024,D,2,Z4,Heteropogon contortus,3,14.8,Unfenced,F,
2024,D,2,Z4,Aristida adscensionis,3,16.1,Unfenced,F,
2024,D,2,Z4,Chloris virgata,1,16.9,Unfenced,F,
2024,D,2,Z4,NA,NA,16.8,Unfenced,F,
2024,D,2,Z4,Megathyrsus maximus,5,21.3,Unfenced,F,
2024,D,2,Z4,Heteropogon contortus,3,18.3,Unfenced,F,
2024,D,2,Z4,NA,NA,11.9,Unfenced,F,
2024,D,2,Z4,NA,NA,12.8,Unfenced,F,
2024,D,2,Z4,Heteropogon contortus,4,20.4,Unfenced,F,
2024,D,2,Z4,Chloris virgata,1,17.1,Unfenced,F,
2024,D,2,Z4,NA,NA,17.9,Unfenced,F,
2024,D,2,Z4,NA,NA,16.2,Unfenced,F,
2024,D,3,Z1,Heteropogon contortus,6,33.5,Fenced,TF,
2024,D,3,Z1,Chloris virgata,2,33.6,Fenced,TF,
2024,D,3,Z1,Sporobolus ioclados,4,26.4,Fenced,TF,
2024,D,3,Z1,NA,NA,24.4,Fenced,TF,
2024,D,3,Z1,Aristida adscensionis,2,14.9,Fenced,TF,
2024,D,3,Z1,NA,NA,14.5,Fenced,TF,
2024,D,3,Z1,NA,NA,14.5,Fenced,TF,
2024,D,3,Z1,NA,NA,14.6,Fenced,TF,
2024,D,3,Z1,Heteropogon contortus,3,8.3,Fenced,TF,
2024,D,3,Z1,Setaria incrassata,3,7.3,Fenced,TF,
2024,D,3,Z1,NA,NA,6,Fenced,TF,
2024,D,3,Z1,NA,NA,6,Fenced,TF,
2024,D,3,Z1,Heteropogon contortus,13,3.7,Fenced,TF,
2024,D,3,Z1,Aristida adscensionis,4,3.6,Fenced,TF,
2024,D,3,Z1,Chloris virgata,1,3.8,Fenced,TF,
2024,D,3,Z1,Urochloa nigropedata,2,3.8,Fenced,TF,
2024,D,3,Z1,Aristida diffusa,8,NA,Fenced,TF,
2024,D,3,Z1,Enteropogon macrostachyus,2,5,Fenced,TF,
2024,D,3,Z1,Heteropogon contortus,3,4.8,Fenced,TF,
2024,D,3,Z1,Setaria incrassata,4,8.1,Fenced,TF,
2024,D,3,Z1,NA,NA,8.7,Fenced,TF,
2024,D,3,Z2,Andropogon eucomus,4,13.1,Unfenced,TF,
2024,D,3,Z2,Heteropogon contortus,1,14.4,Unfenced,TF,
2024,D,3,Z2,NA,NA,11.9,Unfenced,TF,
2024,D,3,Z2,NA,NA,11.5,Unfenced,TF,
2024,D,3,Z2,Heteropogon contortus,4,30.2,Unfenced,TF,
2024,D,3,Z2,Enteropogon macrostachyus,2,21.3,Unfenced,TF,
2024,D,3,Z2,NA,NA,21.3,Unfenced,TF,
2024,D,3,Z2,NA,NA,20.4,Unfenced,TF,
2024,D,3,Z2,Megathyrsus maximus,2,6.1,Unfenced,TF,
2024,D,3,Z2,NA,NA,6.1,Unfenced,TF,
2024,D,3,Z2,NA,NA,6.1,Unfenced,TF,
2024,D,3,Z2,NA,NA,6.1,Unfenced,TF,
2024,D,3,Z2,Enteropogon macrostachyus,9,5.5,Unfenced,TF,
2024,D,3,Z2,Aristida adscensionis,5,5.9,Unfenced,TF,
2024,D,3,Z2,Heteropogon contortus,1,5.6,Unfenced,TF,
2024,D,3,Z2,Chloris virgata,1,4.8,Unfenced,TF,
2024,D,3,Z2,Enteropogon macrostachyus,7,5.8,Unfenced,TF,
2024,D,3,Z2,Aristida adscensionis,8,8.5,Unfenced,TF,
2024,D,3,Z2,Heteropogon contortus,5,8.7,Unfenced,TF,
2024,D,3,Z2,NA,NA,8.3,Unfenced,TF,
2024,D,3,Z3,Aristida diffusa,1,16.5,Fenced,TF,
2024,D,3,Z3,NA,NA,16.4,Fenced,TF,
2024,D,3,Z3,NA,NA,15.6,Fenced,TF,
2024,D,3,Z3,NA,NA,15.7,Fenced,TF,
2024,D,3,Z3,Aristida diffusa,3,17.5,Fenced,TF,
2024,D,3,Z3,Heteropogon contortus,9,16.3,Fenced,TF,
2024,D,3,Z3,Aristida adscensionis,6,15.7,Fenced,TF,
2024,D,3,Z3,NA,NA,15.6,Fenced,TF,
2024,D,3,Z3,Andropogon eucomus,1,7.5,Fenced,TF,
2024,D,3,Z3,Heteropogon contortus,13,5.5,Fenced,TF,
2024,D,3,Z3,Urochloa nigropedata,2,10.6,Fenced,TF,
2024,D,3,Z3,Eragrostis gummiflua,2,9.5,Fenced,TF,
2024,D,3,Z3,Enteropogon macrostachyus,18,11.7,Fenced,TF,
2024,D,3,Z3,Setaria pumila,1,11,Fenced,TF,
2024,D,3,Z3,NA,NA,10.7,Fenced,TF,
2024,D,3,Z3,NA,NA,9.7,Fenced,TF,
2024,D,3,Z3,NA,NA,0,Fenced,TF,
2024,D,3,Z3,NA,NA,0,Fenced,TF,
2024,D,3,Z3,NA,NA,0,Fenced,TF,
2024,D,3,Z3,NA,NA,0,Fenced,TF,
2024,D,3,Z4,Megathyrsus maximus,2,7.8,Unfenced,TF,
2024,D,3,Z4,Enteropogon macrostachyus,2,7.5,Unfenced,TF,
2024,D,3,Z4,Aristida adscensionis,4,7.5,Unfenced,TF,
2024,D,3,Z4,NA,NA,9.1,Unfenced,TF,
2024,D,3,Z4,Heteropogon contortus,5,1.9,Unfenced,TF,
2024,D,3,Z4,Aristida adscensionis,3,4.4,Unfenced,TF,
2024,D,3,Z4,Urochloa nigropedata,1,4.8,Unfenced,TF,
2024,D,3,Z4,NA,NA,4.1,Unfenced,TF,
2024,D,3,Z4,Themeda triandra,2,10,Unfenced,TF,
2024,D,3,Z4,Heteropogon contortus,1,4.3,Unfenced,TF,
2024,D,3,Z4,Andropogon eucomus,2,7.7,Unfenced,TF,
2024,D,3,Z4,NA,NA,7.7,Unfenced,TF,
2024,D,3,Z4,Heteropogon contortus,4,8.3,Unfenced,TF,
2024,D,3,Z4,Digitaria eriantha,2,7.6,Unfenced,TF,
2024,D,3,Z4,NA,NA,6.7,Unfenced,TF,
2024,D,3,Z4,NA,NA,7.3,Unfenced,TF,
2024,D,3,Z4,NA,NA,0,Unfenced,TF,
2024,D,3,Z4,NA,NA,0,Unfenced,TF,
2024,D,3,Z4,NA,NA,0,Unfenced,TF,
2024,D,3,Z4,NA,NA,0,Unfenced,TF,
2024,D,4,Z1,Enteropogon macrostachyus,2,12.5,Fenced,TFB,
2024,D,4,Z1,Heteropogon contortus,6,11.2,Fenced,TFB,
2024,D,4,Z1,NA,NA,11,Fenced,TFB,
2024,D,4,Z1,NA,NA,10,Fenced,TFB,
2024,D,4,Z1,Sporobolus ioclados,2,2.5,Fenced,TFB,
2024,D,4,Z1,Setaria incrassata,3,5.2,Fenced,TFB,
2024,D,4,Z1,Heteropogon contortus,1,6.3,Fenced,TFB,
2024,D,4,Z1,Urochloa nigropedata,3,5.9,Fenced,TFB,
2024,D,4,Z1,Melinis repens,1,NA,Fenced,TFB,
2024,D,4,Z1,Enteropogon macrostachyus,2,2.6,Fenced,TFB,
2024,D,4,Z1,Sporobolus ioclados,2,2.6,Fenced,TFB,
2024,D,4,Z1,Heteropogon contortus,4,2.6,Fenced,TFB,
2024,D,4,Z1,Aristida adscensionis,3,5.1,Fenced,TFB,
2024,D,4,Z1,Enteropogon macrostachyus,2,2.4,Fenced,TFB,
2024,D,4,Z1,Heteropogon contortus,2,2,Fenced,TFB,
2024,D,4,Z1,NA,NA,5.1,Fenced,TFB,
2024,D,4,Z1,NA,NA,4.2,Fenced,TFB,
2024,D,4,Z1,Themeda triandra,2,11.9,Fenced,TFB,
2024,D,4,Z1,Aristida adscensionis,3,11.1,Fenced,TFB,
2024,D,4,Z1,Enteropogon macrostachyus,2,10.7,Fenced,TFB,
2024,D,4,Z1,Melinis repens,1,10.2,Fenced,TFB,
2024,D,4,Z1,Eragrostis gummiflua,2,NA,Fenced,TFB,
2024,D,4,Z2,Enteropogon macrostachyus,14,7,Unfenced,TFB,
2024,D,4,Z2,Aristida adscensionis,2,7.5,Unfenced,TFB,
2024,D,4,Z2,NA,NA,7.7,Unfenced,TFB,
2024,D,4,Z2,NA,NA,7.8,Unfenced,TFB,
2024,D,4,Z2,Enteropogon macrostachyus,2,3.8,Unfenced,TFB,
2024,D,4,Z2,Aristida adscensionis,2,4.4,Unfenced,TFB,
2024,D,4,Z2,Heteropogon contortus,3,4.2,Unfenced,TFB,
2024,D,4,Z2,NA,NA,4.6,Unfenced,TFB,
2024,D,4,Z2,Enteropogon macrostachyus,1,8.2,Unfenced,TFB,
2024,D,4,Z2,Digitaria eriantha,4,8.2,Unfenced,TFB,
2024,D,4,Z2,Setaria incrassata,1,6.7,Unfenced,TFB,
2024,D,4,Z2,Sporobolus ioclados,3,6,Unfenced,TFB,
2024,D,4,Z2,Heteropogon contortus,4,9.5,Unfenced,TFB,
2024,D,4,Z2,Aristida diffusa,1,8.8,Unfenced,TFB,
2024,D,4,Z2,NA,NA,8.6,Unfenced,TFB,
2024,D,4,Z2,NA,NA,8.4,Unfenced,TFB,
2024,D,4,Z2,Heteropogon contortus,3,5.6,Unfenced,TFB,
2024,D,4,Z2,Sporobolus ioclados,4,7,Unfenced,TFB,
2024,D,4,Z2,Aristida diffusa,8,6.8,Unfenced,TFB,
2024,D,4,Z2,Eragrostis cylindriflora,1,6.4,Unfenced,TFB,
2024,D,4,Z2,Andropogon eucomus,1,NA,Unfenced,TFB,
2024,D,4,Z3,Heteropogon contortus,2,10.5,Fenced,TFB,
2024,D,4,Z3,Setaria incrassata,3,8.1,Fenced,TFB,
2024,D,4,Z3,Andropogon eucomus,1,8.1,Fenced,TFB,
2024,D,4,Z3,NA,NA,7.8,Fenced,TFB,
2024,D,4,Z3,Enteropogon macrostachyus,5,11.5,Fenced,TFB,
2024,D,4,Z3,Heteropogon contortus,4,11.5,Fenced,TFB,
2024,D,4,Z3,Andropogon eucomus,3,13.8,Fenced,TFB,
2024,D,4,Z3,NA,NA,14.9,Fenced,TFB,
2024,D,4,Z3,Enteropogon macrostachyus,4,11.9,Fenced,TFB,
2024,D,4,Z3,Eragrostis superba,3,18.5,Fenced,TFB,
2024,D,4,Z3,Aristida adscensionis,1,17.7,Fenced,TFB,
2024,D,4,Z3,NA,NA,18.4,Fenced,TFB,
2024,D,4,Z3,Heteropogon contortus,1,4.6,Fenced,TFB,
2024,D,4,Z3,Aristida adscensionis,4,3.2,Fenced,TFB,
2024,D,4,Z3,Pogonarthria squarrosa,4,3.6,Fenced,TFB,
2024,D,4,Z3,NA,NA,4,Fenced,TFB,
2024,D,4,Z3,Digitaria eriantha,2,11.7,Fenced,TFB,
2024,D,4,Z3,Enteropogon macrostachyus,1,12.9,Fenced,TFB,
2024,D,4,Z3,Megathyrsus maximus,1,13,Fenced,TFB,
2024,D,4,Z3,Aristida adscensionis,1,14.1,Fenced,TFB,
2024,D,4,Z3,Heteropogon contortus,1,NA,Fenced,TFB,
2024,D,4,Z4,Pogonarthria squarrosa,1,11.4,Unfenced,TFB,
2024,D,4,Z4,Digitaria eriantha,6,10,Unfenced,TFB,
2024,D,4,Z4,Heteropogon contortus,3,10.6,Unfenced,TFB,
2024,D,4,Z4,Sporobolus ioclados,1,10.1,Unfenced,TFB,
2024,D,4,Z4,Heteropogon contortus,6,23,Unfenced,TFB,
2024,D,4,Z4,Eragrostis superba,1,28.2,Unfenced,TFB,
2024,D,4,Z4,Eragrostis gummiflua,3,29.2,Unfenced,TFB,
2024,D,4,Z4,Enteropogon macrostachyus,2,29,Unfenced,TFB,
2024,D,4,Z4,Enteropogon macrostachyus,1,6.2,Unfenced,TFB,
2024,D,4,Z4,Heteropogon contortus,1,6.2,Unfenced,TFB,
2024,D,4,Z4,Sporobolus ioclados,1,6.2,Unfenced,TFB,
2024,D,4,Z4,Urochloa nigropedata,1,6,Unfenced,TFB,
2024,D,4,Z4,Heteropogon contortus,5,6.8,Unfenced,TFB,
2024,D,4,Z4,Enteropogon macrostachyus,1,6.6,Unfenced,TFB,
2024,D,4,Z4,Sporobolus ioclados,3,4.9,Unfenced,TFB,
2024,D,4,Z4,Aristida diffusa,3,5.3,Unfenced,TFB,
2024,D,4,Z4,Themeda triandra,2,7.5,Unfenced,TFB,
2024,D,4,Z4,Heteropogon contortus,2,7.4,Unfenced,TFB,
2024,D,4,Z4,NA,NA,8.9,Unfenced,TFB,
2024,D,4,Z4,NA,NA,9.8,Unfenced,TFB,
2024,D,5,Z1,Andropogon eucomus,3,17.2,Fenced,THF,
2024,D,5,Z1,Enteropogon macrostachyus,3,16.6,Fenced,THF,
2024,D,5,Z1,Heteropogon contortus,6,16.7,Fenced,THF,
2024,D,5,Z1,NA,NA,16,Fenced,THF,
2024,D,5,Z1,Aristida diffusa,3,10,Fenced,THF,
2024,D,5,Z1,Heteropogon contortus,2,9.3,Fenced,THF,
2024,D,5,Z1,NA,NA,10.9,Fenced,THF,
2024,D,5,Z1,NA,NA,10.7,Fenced,THF,
2024,D,5,Z1,Enteropogon macrostachyus,1,16,Fenced,THF,
2024,D,5,Z1,Hyparrhenia hirta,2,15.2,Fenced,THF,
2024,D,5,Z1,NA,NA,13.4,Fenced,THF,
2024,D,5,Z1,NA,NA,17.2,Fenced,THF,
2024,D,5,Z1,Enteropogon macrostachyus,6,9.5,Fenced,THF,
2024,D,5,Z1,Heteropogon contortus,12,13.8,Fenced,THF,
2024,D,5,Z1,NA,NA,14.5,Fenced,THF,
2024,D,5,Z1,NA,NA,17.8,Fenced,THF,
2024,D,5,Z1,Enteropogon macrostachyus,2,13.3,Fenced,THF,
2024,D,5,Z1,Heteropogon contortus,4,13.9,Fenced,THF,
2024,D,5,Z1,Setaria incrassata,1,17.1,Fenced,THF,
2024,D,5,Z1,NA,NA,17.3,Fenced,THF,
2024,D,5,Z2,Heteropogon contortus,26,7.7,Unfenced,THF,
2024,D,5,Z2,Aristida congesta b,4,7.6,Unfenced,THF,
2024,D,5,Z2,Eragrostis cylindriflora,1,7.8,Unfenced,THF,
2024,D,5,Z2,Eragrostis gummiflua,2,7.8,Unfenced,THF,
2024,D,5,Z2,Aristida diffusa,5,4.5,Unfenced,THF,
2024,D,5,Z2,Enteropogon macrostachyus,2,4.2,Unfenced,THF,
2024,D,5,Z2,Heteropogon contortus,4,4.6,Unfenced,THF,
2024,D,5,Z2,Urochloa nigropedata,1,4.9,Unfenced,THF,
2024,D,5,Z2,Enteropogon macrostachyus,1,2.9,Unfenced,THF,
2024,D,5,Z2,Urochloa nigropedata,1,2.7,Unfenced,THF,
2024,D,5,Z2,Sporobolus ioclados,2,2.7,Unfenced,THF,
2024,D,5,Z2,Aristida diffusa,1,2.7,Unfenced,THF,
2024,D,5,Z2,Perotis patens,1,NA,Unfenced,THF,
2024,D,5,Z2,Urochloa nigropedata,1,6.5,Unfenced,THF,
2024,D,5,Z2,Enteropogon macrostachyus,3,6.4,Unfenced,THF,
2024,D,5,Z2,Aristida diffusa,2,7.5,Unfenced,THF,
2024,D,5,Z2,Aristida adscensionis,6,7.9,Unfenced,THF,
2024,D,5,Z2,Urochloa nigropedata,1,8.2,Unfenced,THF,
2024,D,5,Z2,Eragrostis cylindriflora,3,7.7,Unfenced,THF,
2024,D,5,Z2,NA,NA,7.3,Unfenced,THF,
2024,D,5,Z2,NA,NA,6,Unfenced,THF,
2024,D,5,Z3,Heteropogon contortus,3,5.7,Fenced,THF,
2024,D,5,Z3,Enteropogon macrostachyus,3,6.8,Fenced,THF,
2024,D,5,Z3,Sporobolus ioclados,2,7.4,Fenced,THF,
2024,D,5,Z3,Aristida adscensionis,3,7.7,Fenced,THF,
2024,D,5,Z3,Themeda triandra,1,NA,Fenced,THF,
2024,D,5,Z3,Heteropogon contortus,5,1.8,Fenced,THF,
2024,D,5,Z3,Aristida diffusa,2,1.8,Fenced,THF,
2024,D,5,Z3,NA,NA,1.8,Fenced,THF,
2024,D,5,Z3,NA,NA,1.8,Fenced,THF,
2024,D,5,Z3,Cymbopogon caesius,3,8.1,Fenced,THF,
2024,D,5,Z3,Cynodon dactylon,1,9.6,Fenced,THF,
2024,D,5,Z3,NA,NA,10,Fenced,THF,
2024,D,5,Z3,NA,NA,11.4,Fenced,THF,
2024,D,5,Z3,Enteropogon macrostachyus,2,7,Fenced,THF,
2024,D,5,Z3,Heteropogon contortus,3,9.9,Fenced,THF,
2024,D,5,Z3,Hyparrhenia hirta,1,10.9,Fenced,THF,
2024,D,5,Z3,NA,NA,11.4,Fenced,THF,
2024,D,5,Z3,Enteropogon macrostachyus,5,6.3,Fenced,THF,
2024,D,5,Z3,Eragrostis cylindriflora,4,7.4,Fenced,THF,
2024,D,5,Z3,Heteropogon contortus,8,8,Fenced,THF,
2024,D,5,Z3,NA,NA,8.8,Fenced,THF,
2024,D,5,Z4,Sporobolus ioclados,2,1.5,Unfenced,THF,
2024,D,5,Z4,Aristida diffusa,3,1.5,Unfenced,THF,
2024,D,5,Z4,Cymbopogon caesius,1,6,Unfenced,THF,
2024,D,5,Z4,NA,NA,6,Unfenced,THF,
2024,D,5,Z4,Aristida diffusa,6,11,Unfenced,THF,
2024,D,5,Z4,Heteropogon contortus,5,11.4,Unfenced,THF,
2024,D,5,Z4,Megathyrsus maximus,1,10.9,Unfenced,THF,
2024,D,5,Z4,NA,NA,11,Unfenced,THF,
2024,D,5,Z4,Cymbopogon caesius,5,11.6,Unfenced,THF,
2024,D,5,Z4,NA,NA,11.6,Unfenced,THF,
2024,D,5,Z4,NA,NA,17.8,Unfenced,THF,
2024,D,5,Z4,NA,NA,20,Unfenced,THF,
2024,D,5,Z4,Enteropogon macrostachyus,3,14,Unfenced,THF,
2024,D,5,Z4,Eragrostis gummiflua,7,14.6,Unfenced,THF,
2024,D,5,Z4,Aristida diffusa,1,10.5,Unfenced,THF,
2024,D,5,Z4,NA,NA,12,Unfenced,THF,
2024,D,5,Z4,Heteropogon contortus,14,10.3,Unfenced,THF,
2024,D,5,Z4,Enteropogon macrostachyus,2,9.7,Unfenced,THF,
2024,D,5,Z4,Eragrostis cylindriflora,1,9.1,Unfenced,THF,
2024,D,5,Z4,NA,NA,8.4,Unfenced,THF,
2024,E,1,Z1,Heteropogon contortus,10,3.9,Fenced,C,
2024,E,1,Z1,Aristida adscensionis,4,4.2,Fenced,C,
2024,E,1,Z1,NA,NA,9.5,Fenced,C,
2024,E,1,Z1,NA,NA,7.8,Fenced,C,
2024,E,1,Z1,Heteropogon contortus,4,22,Fenced,C,
2024,E,1,Z1,Urochloa nigropedata,1,17,Fenced,C,
2024,E,1,Z1,NA,NA,14.3,Fenced,C,
2024,E,1,Z1,NA,NA,13.6,Fenced,C,
2024,E,1,Z1,Urochloa nigropedata,1,6.6,Fenced,C,
2024,E,1,Z1,Heteropogon contortus,6,5.8,Fenced,C,
2024,E,1,Z1,Eragrostis superba,1,6.2,Fenced,C,
2024,E,1,Z1,Eragrostis gummiflua,2,6.2,Fenced,C,
2024,E,1,Z1,Heteropogon contortus,2,3.2,Fenced,C,
2024,E,1,Z1,Megathyrsus maximus,1,3.2,Fenced,C,
2024,E,1,Z1,NA,NA,3.2,Fenced,C,
2024,E,1,Z1,NA,NA,3.2,Fenced,C,
2024,E,1,Z1,Urochloa nigropedata,4,2.5,Fenced,C,
2024,E,1,Z1,Aristida adscensionis,1,3.9,Fenced,C,
2024,E,1,Z1,Eragrostis gummiflua,10,3.6,Fenced,C,
2024,E,1,Z1,Heteropogon contortus,2,3.9,Fenced,C,
2024,E,1,Z1,Eragrostis cylindriflora,3,NA,Fenced,C,
2024,E,1,Z2,Megathyrsus maximus,3,10.3,Unfenced,C,
2024,E,1,Z2,Eragrostis gummiflua,1,10.1,Unfenced,C,
2024,E,1,Z2,Aristida adscensionis,4,9.5,Unfenced,C,
2024,E,1,Z2,Pogonarthria squarrosa,2,9,Unfenced,C,
2024,E,1,Z2,Digitaria eriantha,4,10.2,Unfenced,C,
2024,E,1,Z2,Eragrostis cylindriflora,2,12.4,Unfenced,C,
2024,E,1,Z2,NA,NA,19.2,Unfenced,C,
2024,E,1,Z2,NA,NA,18.7,Unfenced,C,
2024,E,1,Z2,Digitaria eriantha,1,11.2,Unfenced,C,
2024,E,1,Z2,Heteropogon contortus,2,10.4,Unfenced,C,
2024,E,1,Z2,NA,NA,10.7,Unfenced,C,
2024,E,1,Z2,NA,NA,9.9,Unfenced,C,
2024,E,1,Z2,Andropogon eucomus,4,8.6,Unfenced,C,
2024,E,1,Z2,Aristida adscensionis,2,9.2,Unfenced,C,
2024,E,1,Z2,Pogonarthria squarrosa,1,10.2,Unfenced,C,
2024,E,1,Z2,NA,NA,10.5,Unfenced,C,
2024,E,1,Z2,Digitaria eriantha,13,2.5,Unfenced,C,
2024,E,1,Z2,NA,NA,4.1,Unfenced,C,
2024,E,1,Z2,NA,NA,4.6,Unfenced,C,
2024,E,1,Z2,NA,NA,4.8,Unfenced,C,
2024,E,1,Z3,Megathyrsus maximus,4,6.7,Fenced,C,
2024,E,1,Z3,NA,NA,10.6,Fenced,C,
2024,E,1,Z3,NA,NA,9.9,Fenced,C,
2024,E,1,Z3,NA,NA,9.1,Fenced,C,
2024,E,1,Z3,Megathyrsus maximus,1,3.2,Fenced,C,
2024,E,1,Z3,Heteropogon contortus,3,9.7,Fenced,C,
2024,E,1,Z3,Eragrostis cylindriflora,2,9,Fenced,C,
2024,E,1,Z3,NA,NA,7.6,Fenced,C,
2024,E,1,Z3,Digitaria eriantha,1,8.9,Fenced,C,
2024,E,1,Z3,Eragrostis cylindriflora,1,12.6,Fenced,C,
2024,E,1,Z3,Urochloa nigropedata,1,12.7,Fenced,C,
2024,E,1,Z3,NA,NA,11.1,Fenced,C,
2024,E,1,Z3,Heteropogon contortus,2,13.5,Fenced,C,
2024,E,1,Z3,Digitaria eriantha,4,12,Fenced,C,
2024,E,1,Z3,Eragrostis gummiflua,3,11.1,Fenced,C,
2024,E,1,Z3,Aristida adscensionis,1,10.7,Fenced,C,
2024,E,1,Z3,Urochloa nigropedata,4,2.1,Fenced,C,
2024,E,1,Z3,Aristida adscensionis,1,5.6,Fenced,C,
2024,E,1,Z3,Enteropogon macrostachyus,1,5.7,Fenced,C,
2024,E,1,Z3,NA,NA,0,Fenced,C,
2024,E,1,Z4,Digitaria eriantha,4,6.2,Unfenced,C,
2024,E,1,Z4,NA,NA,4.9,Unfenced,C,
2024,E,1,Z4,NA,NA,5.1,Unfenced,C,
2024,E,1,Z4,NA,NA,8.3,Unfenced,C,
2024,E,1,Z4,Digitaria eriantha,5,6.8,Unfenced,C,
2024,E,1,Z4,Aristida adscensionis,1,5.7,Unfenced,C,
2024,E,1,Z4,Pogonarthria squarrosa,4,3.9,Unfenced,C,
2024,E,1,Z4,Chloris virgata,1,3.8,Unfenced,C,
2024,E,1,Z4,Digitaria eriantha,6,11.9,Unfenced,C,
2024,E,1,Z4,Aristida adscensionis,3,14.2,Unfenced,C,
2024,E,1,Z4,NA,NA,12.1,Unfenced,C,
2024,E,1,Z4,NA,NA,12,Unfenced,C,
2024,E,1,Z4,Digitaria eriantha,1,10.9,Unfenced,C,
2024,E,1,Z4,Eragrostis gummiflua,7,6,Unfenced,C,
2024,E,1,Z4,Andropogon eucomus,11,12.4,Unfenced,C,
2024,E,1,Z4,Eragrostis superba,2,11.5,Unfenced,C,
2024,E,1,Z4,Digitaria eriantha,2,7.3,Unfenced,C,
2024,E,1,Z4,Megathyrsus maximus,4,17.7,Unfenced,C,
2024,E,1,Z4,NA,NA,18,Unfenced,C,
2024,E,1,Z4,NA,NA,16.5,Unfenced,C,
2024,E,1,Z4,NA,NA,NA,Unfenced,C,
2024,E,2,Z1,Megathyrsus maximus,4,8.3,Fenced,TF,
2024,E,2,Z1,NA,NA,8.7,Fenced,TF,
2024,E,2,Z1,NA,NA,8.1,Fenced,TF,
2024,E,2,Z1,NA,NA,8.1,Fenced,TF,
2024,E,2,Z1,Heteropogon contortus,1,4.1,Fenced,TF,
2024,E,2,Z1,Enteropogon macrostachyus,2,3.4,Fenced,TF,
2024,E,2,Z1,NA,NA,3.4,Fenced,TF,
2024,E,2,Z1,NA,NA,5.1,Fenced,TF,
2024,E,2,Z1,Urochloa trichopus,2,5.6,Fenced,TF,
2024,E,2,Z1,Eragrostis gummiflua,1,4.6,Fenced,TF,
2024,E,2,Z1,Aristida adscensionis,1,0,Fenced,TF,
2024,E,2,Z1,NA,NA,7.3,Fenced,TF,
2024,E,2,Z1,NA,NA,0,Fenced,TF,
2024,E,2,Z1,NA,NA,0,Fenced,TF,
2024,E,2,Z1,NA,NA,0,Fenced,TF,
2024,E,2,Z1,NA,NA,0,Fenced,TF,
2024,E,2,Z1,Megathyrsus maximus,1,4.7,Fenced,TF,
2024,E,2,Z1,Heteropogon contortus,5,4.6,Fenced,TF,
2024,E,2,Z1,Enteropogon macrostachyus,2,4.4,Fenced,TF,
2024,E,2,Z1,NA,NA,4.7,Fenced,TF,
2024,E,2,Z2,Urochloa trichopus,3,11.3,Unfenced,TF,
2024,E,2,Z2,Enteropogon macrostachyus,3,11.1,Unfenced,TF,
2024,E,2,Z2,Eragrostis gummiflua,1,10.9,Unfenced,TF,
2024,E,2,Z2,Heteropogon contortus,2,10.7,Unfenced,TF,
2024,E,2,Z2,Enteropogon macrostachyus,1,11.3,Unfenced,TF,
2024,E,2,Z2,Eragrostis gummiflua,1,12.9,Unfenced,TF,
2024,E,2,Z2,Eragrostis cylindriflora,3,12.5,Unfenced,TF,
2024,E,2,Z2,NA,NA,12.7,Unfenced,TF,
2024,E,2,Z2,Heteropogon contortus,3,10.9,Unfenced,TF,
2024,E,2,Z2,Enteropogon macrostachyus,4,10.7,Unfenced,TF,
2024,E,2,Z2,NA,NA,11.3,Unfenced,TF,
2024,E,2,Z2,NA,NA,12.7,Unfenced,TF,
2024,E,2,Z2,Enteropogon macrostachyus,10,12.3,Unfenced,TF,
2024,E,2,Z2,Megathyrsus maximus,2,11.9,Unfenced,TF,
2024,E,2,Z2,Aristida adscensionis,2,11.4,Unfenced,TF,
2024,E,2,Z2,NA,NA,11.2,Unfenced,TF,
2024,E,2,Z2,Heteropogon contortus,7,10.8,Unfenced,TF,
2024,E,2,Z2,Urochloa trichopus,2,10.6,Unfenced,TF,
2024,E,2,Z2,NA,NA,4.6,Unfenced,TF,
2024,E,2,Z2,NA,NA,4.7,Unfenced,TF,
2024,E,2,Z3,Megathyrsus maximus,1,4.2,Fenced,TF,
2024,E,2,Z3,Heteropogon contortus,2,4,Fenced,TF,
2024,E,2,Z3,NA,NA,5.8,Fenced,TF,
2024,E,2,Z3,NA,NA,5.5,Fenced,TF,
2024,E,2,Z3,Heteropogon contortus,1,2.5,Fenced,TF,
2024,E,2,Z3,Eragrostis cylindriflora,2,3.5,Fenced,TF,
2024,E,2,Z3,NA,NA,0,Fenced,TF,
2024,E,2,Z3,NA,NA,0,Fenced,TF,
2024,E,2,Z3,Megathyrsus maximus,6,7.6,Fenced,TF,
2024,E,2,Z3,Enteropogon macrostachyus,1,8.3,Fenced,TF,
2024,E,2,Z3,NA,NA,7.6,Fenced,TF,
2024,E,2,Z3,NA,NA,9.2,Fenced,TF,
2024,E,2,Z3,Megathyrsus maximus,4,8.7,Fenced,TF,
2024,E,2,Z3,NA,NA,4,Fenced,TF,
2024,E,2,Z3,NA,NA,15.1,Fenced,TF,
2024,E,2,Z3,NA,NA,15.3,Fenced,TF,
2024,E,2,Z3,Enteropogon macrostachyus,3,6.3,Fenced,TF,
2024,E,2,Z3,Megathyrsus maximus,3,6.1,Fenced,TF,
2024,E,2,Z3,NA,NA,5.7,Fenced,TF,
2024,E,2,Z3,NA,NA,6.7,Fenced,TF,
2024,E,2,Z4,Enteropogon macrostachyus,6,10.2,Unfenced,TF,
2024,E,2,Z4,Megathyrsus maximus,1,11.2,Unfenced,TF,
2024,E,2,Z4,NA,NA,10.7,Unfenced,TF,
2024,E,2,Z4,NA,NA,12.6,Unfenced,TF,
2024,E,2,Z4,Enteropogon macrostachyus,3,5.3,Unfenced,TF,
2024,E,2,Z4,Megathyrsus maximus,4,6.1,Unfenced,TF,
2024,E,2,Z4,NA,NA,9.3,Unfenced,TF,
2024,E,2,Z4,NA,NA,10.8,Unfenced,TF,
2024,E,2,Z4,Heteropogon contortus,6,23.3,Unfenced,TF,
2024,E,2,Z4,Megathyrsus maximus,3,19,Unfenced,TF,
2024,E,2,Z4,NA,NA,16.7,Unfenced,TF,
2024,E,2,Z4,NA,NA,19.9,Unfenced,TF,
2024,E,2,Z4,Pogonarthria squarrosa,2,17,Unfenced,TF,
2024,E,2,Z4,Aristida adscensionis,3,15.1,Unfenced,TF,
2024,E,2,Z4,Heteropogon contortus,4,13.7,Unfenced,TF,
2024,E,2,Z4,Eragrostis cylindriflora,4,17.9,Unfenced,TF,
2024,E,2,Z4,Aristida adscensionis,1,12,Unfenced,TF,
2024,E,2,Z4,Heteropogon contortus,4,11.4,Unfenced,TF,
2024,E,2,Z4,Eragrostis cylindriflora,3,10.9,Unfenced,TF,
2024,E,2,Z4,Setaria incrassata,2,10.3,Unfenced,TF,
2024,E,2,Z4,Eragrostis gummiflua,9,NA,Unfenced,TF,
2024,E,3,Z1,Heteropogon contortus,1,3.3,Fenced,F,
2024,E,3,Z1,Urochloa trichopus,12,9.5,Fenced,F,
2024,E,3,Z1,NA,NA,10,Fenced,F,
2024,E,3,Z1,NA,NA,15.9,Fenced,F,
2024,E,3,Z1,Megathyrsus maximus,4,4.4,Fenced,F,
2024,E,3,Z1,Aristida adscensionis,1,3.6,Fenced,F,
2024,E,3,Z1,Heteropogon contortus,7,3.3,Fenced,F,
2024,E,3,Z1,Eragrostis cylindriflora,1,5.2,Fenced,F,
2024,E,3,Z1,Megathyrsus maximus,5,11.4,Fenced,F,
2024,E,3,Z1,Heteropogon contortus,1,9,Fenced,F,
2024,E,3,Z1,NA,NA,8.5,Fenced,F,
2024,E,3,Z1,NA,NA,8.5,Fenced,F,
2024,E,3,Z1,Megathyrsus maximus,2,6.7,Fenced,F,
2024,E,3,Z1,Digitaria eriantha,3,8.5,Fenced,F,
2024,E,3,Z1,NA,NA,9.4,Fenced,F,
2024,E,3,Z1,NA,NA,7,Fenced,F,
2024,E,3,Z1,Urochloa trichopus,1,3,Fenced,F,
2024,E,3,Z1,Aristida adscensionis,1,4.2,Fenced,F,
2024,E,3,Z1,Heteropogon contortus,4,4.2,Fenced,F,
2024,E,3,Z1,Cymbopogon caesius,1,4.6,Fenced,F,
2024,E,3,Z1,Eragrostis gummiflua,1,NA,Fenced,F,
2024,E,3,Z2,Urochloa trichopus,2,2,Unfenced,F,
2024,E,3,Z2,NA,NA,2,Unfenced,F,
2024,E,3,Z2,NA,NA,2,Unfenced,F,
2024,E,3,Z2,NA,NA,2,Unfenced,F,
2024,E,3,Z2,Aristida diffusa,2,9.7,Unfenced,F,
2024,E,3,Z2,Megathyrsus maximus,2,8.9,Unfenced,F,
2024,E,3,Z2,Aristida adscensionis,2,8.4,Unfenced,F,
2024,E,3,Z2,Eragrostis cylindriflora,4,7.8,Unfenced,F,
2024,E,3,Z2,Megathyrsus maximus,2,11.5,Unfenced,F,
2024,E,3,Z2,NA,NA,11.9,Unfenced,F,
2024,E,3,Z2,NA,NA,11.5,Unfenced,F,
2024,E,3,Z2,NA,NA,11.2,Unfenced,F,
2024,E,3,Z2,Megathyrsus maximus,2,24.4,Unfenced,F,
2024,E,3,Z2,Enteropogon macrostachyus,5,15,Unfenced,F,
2024,E,3,Z2,NA,NA,12,Unfenced,F,
2024,E,3,Z2,NA,NA,14.6,Unfenced,F,
2024,E,3,Z2,Megathyrsus maximus,1,5.8,Unfenced,F,
2024,E,3,Z2,NA,NA,3.7,Unfenced,F,
2024,E,3,Z2,NA,NA,5.6,Unfenced,F,
2024,E,3,Z2,NA,NA,5.5,Unfenced,F,
2024,E,3,Z3,Eragrostis cylindriflora,5,3,Fenced,F,
2024,E,3,Z3,Heteropogon contortus,1,4.4,Fenced,F,
2024,E,3,Z3,Cymbopogon caesius,1,9.6,Fenced,F,
2024,E,3,Z3,NA,NA,10.4,Fenced,F,
2024,E,3,Z3,Heteropogon contortus,1,12,Fenced,F,
2024,E,3,Z3,Urochloa trichopus,3,12.1,Fenced,F,
2024,E,3,Z3,Megathyrsus maximus,1,12.7,Fenced,F,
2024,E,3,Z3,NA,NA,10.5,Fenced,F,
2024,E,3,Z3,Eragrostis cylindriflora,4,0,Fenced,F,
2024,E,3,Z3,Heteropogon contortus,3,1.7,Fenced,F,
2024,E,3,Z3,Megathyrsus maximus,2,1.8,Fenced,F,
2024,E,3,Z3,Eragrostis superba,1,5.2,Fenced,F,
2024,E,3,Z3,Eragrostis gummiflua,2,NA,Fenced,F,
2024,E,3,Z3,Aristida adscensionis,1,NA,Fenced,F,
2024,E,3,Z3,Pogonarthria squarrosa,2,NA,Fenced,F,
2024,E,3,Z3,Eragrostis cylindriflora,1,6.5,Fenced,F,
2024,E,3,Z3,Heteropogon contortus,8,4.3,Fenced,F,
2024,E,3,Z3,Eragrostis gummiflua,10,7.1,Fenced,F,
2024,E,3,Z3,Aristida adscensionis,1,8.3,Fenced,F,
2024,E,3,Z3,Heteropogon contortus,12,5.3,Fenced,F,
2024,E,3,Z3,Eragrostis gummiflua,10,4.6,Fenced,F,
2024,E,3,Z3,NA,NA,4.1,Fenced,F,
2024,E,3,Z3,NA,NA,4.5,Fenced,F,
2024,E,3,Z4,Cymbopogon caesius,3,4.5,Unfenced,F,
2024,E,3,Z4,Heteropogon contortus,4,4.5,Unfenced,F,
2024,E,3,Z4,Urochloa trichopus,3,9.9,Unfenced,F,
2024,E,3,Z4,NA,NA,12.9,Unfenced,F,
2024,E,3,Z4,Megathyrsus maximus,6,11.7,Unfenced,F,
2024,E,3,Z4,NA,NA,10.8,Unfenced,F,
2024,E,3,Z4,NA,NA,8.4,Unfenced,F,
2024,E,3,Z4,NA,NA,9.9,Unfenced,F,
2024,E,3,Z4,Heteropogon contortus,3,18.2,Unfenced,F,
2024,E,3,Z4,NA,NA,22.3,Unfenced,F,
2024,E,3,Z4,NA,NA,17.6,Unfenced,F,
2024,E,3,Z4,NA,NA,17.5,Unfenced,F,
2024,E,3,Z4,Megathyrsus maximus,1,4.3,Unfenced,F,
2024,E,3,Z4,Eragrostis cylindriflora,1,4.5,Unfenced,F,
2024,E,3,Z4,Eragrostis gummiflua,5,6.8,Unfenced,F,
2024,E,3,Z4,NA,NA,6.2,Unfenced,F,
2024,E,3,Z4,Megathyrsus maximus,2,8.5,Unfenced,F,
2024,E,3,Z4,Eragrostis cylindriflora,2,8.3,Unfenced,F,
2024,E,3,Z4,NA,NA,7.4,Unfenced,F,
2024,E,3,Z4,NA,NA,7.9,Unfenced,F,
2024,E,4,Z1,Heteropogon contortus,4,5.4,Fenced,TFB,
2024,E,4,Z1,NA,NA,6.1,Fenced,TFB,
2024,E,4,Z1,NA,NA,6.7,Fenced,TFB,
2024,E,4,Z1,NA,NA,6.6,Fenced,TFB,
2024,E,4,Z1,Megathyrsus maximus,4,7,Fenced,TFB,
2024,E,4,Z1,NA,NA,7.6,Fenced,TFB,
2024,E,4,Z1,NA,NA,5.7,Fenced,TFB,
2024,E,4,Z1,NA,NA,5.6,Fenced,TFB,
2024,E,4,Z1,Digitaria eriantha,2,2.7,Fenced,TFB,
2024,E,4,Z1,Heteropogon contortus,1,2.6,Fenced,TFB,
2024,E,4,Z1,Eragrostis gummiflua,20,2.6,Fenced,TFB,
2024,E,4,Z1,Aristida adscensionis,1,2.6,Fenced,TFB,
2024,E,4,Z1,Heteropogon contortus,6,8.3,Fenced,TFB,
2024,E,4,Z1,NA,NA,8.1,Fenced,TFB,
2024,E,4,Z1,NA,NA,8,Fenced,TFB,
2024,E,4,Z1,NA,NA,7.7,Fenced,TFB,
2024,E,4,Z1,Enteropogon macrostachyus,6,13.3,Fenced,TFB,
2024,E,4,Z1,NA,NA,15.4,Fenced,TFB,
2024,E,4,Z1,NA,NA,13.9,Fenced,TFB,
2024,E,4,Z1,NA,NA,13.6,Fenced,TFB,
2024,E,4,Z2,Heteropogon contortus,3,5.2,Unfenced,TFB,
2024,E,4,Z2,Aristida adscensionis,1,14.8,Unfenced,TFB,
2024,E,4,Z2,NA,NA,14.6,Unfenced,TFB,
2024,E,4,Z2,NA,NA,14.4,Unfenced,TFB,
2024,E,4,Z2,Heteropogon contortus,1,3,Unfenced,TFB,
2024,E,4,Z2,Eragrostis gummiflua,1,3.6,Unfenced,TFB,
2024,E,4,Z2,Aristida adscensionis,8,3.8,Unfenced,TFB,
2024,E,4,Z2,Eragrostis cylindriflora,1,5.6,Unfenced,TFB,
2024,E,4,Z2,Heteropogon contortus,2,8.1,Unfenced,TFB,
2024,E,4,Z2,NA,NA,6.5,Unfenced,TFB,
2024,E,4,Z2,NA,NA,6.3,Unfenced,TFB,
2024,E,4,Z2,NA,NA,6.1,Unfenced,TFB,
2024,E,4,Z2,Heteropogon contortus,2,6.5,Unfenced,TFB,
2024,E,4,Z2,NA,NA,6.6,Unfenced,TFB,
2024,E,4,Z2,NA,NA,9.4,Unfenced,TFB,
2024,E,4,Z2,NA,NA,10.3,Unfenced,TFB,
2024,E,4,Z2,Heteropogon contortus,3,10.4,Unfenced,TFB,
2024,E,4,Z2,Cymbopogon caesius,2,7.4,Unfenced,TFB,
2024,E,4,Z2,NA,NA,7.6,Unfenced,TFB,
2024,E,4,Z2,NA,NA,6.8,Unfenced,TFB,
2024,E,4,Z3,Megathyrsus maximus,4,9.8,Fenced,TFB,
2024,E,4,Z3,NA,NA,11.7,Fenced,TFB,
2024,E,4,Z3,NA,NA,11.3,Fenced,TFB,
2024,E,4,Z3,NA,NA,12.3,Fenced,TFB,
2024,E,4,Z3,Pogonarthria squarrosa,1,13.2,Fenced,TFB,
2024,E,4,Z3,Megathyrsus maximus,2,5.6,Fenced,TFB,
2024,E,4,Z3,Aristida adscensionis,2,2.8,Fenced,TFB,
2024,E,4,Z3,NA,NA,5,Fenced,TFB,
2024,E,4,Z3,Heteropogon contortus,6,20.3,Fenced,TFB,
2024,E,4,Z3,NA,NA,16,Fenced,TFB,
2024,E,4,Z3,NA,NA,16.9,Fenced,TFB,
2024,E,4,Z3,NA,NA,14.9,Fenced,TFB,
2024,E,4,Z3,Heteropogon contortus,3,7.1,Fenced,TFB,
2024,E,4,Z3,Eragrostis gummiflua,1,6.9,Fenced,TFB,
2024,E,4,Z3,Eragrostis cylindriflora,3,7.1,Fenced,TFB,
2024,E,4,Z3,NA,NA,7.2,Fenced,TFB,
2024,E,4,Z3,Megathyrsus maximus,2,6.6,Fenced,TFB,
2024,E,4,Z3,NA,NA,3.5,Fenced,TFB,
2024,E,4,Z3,NA,NA,6.3,Fenced,TFB,
2024,E,4,Z3,NA,NA,12.9,Fenced,TFB,
2024,E,4,Z4,Heteropogon contortus,2,8.1,Unfenced,TFB,
2024,E,4,Z4,Enteropogon macrostachyus,1,7.5,Unfenced,TFB,
2024,E,4,Z4,Urochloa trichopus,4,6.8,Unfenced,TFB,
2024,E,4,Z4,NA,NA,6.3,Unfenced,TFB,
2024,E,4,Z4,Eragrostis cylindriflora,1,3.1,Unfenced,TFB,
2024,E,4,Z4,NA,NA,2.4,Unfenced,TFB,
2024,E,4,Z4,NA,NA,0,Unfenced,TFB,
2024,E,4,Z4,NA,NA,0,Unfenced,TFB,
2024,E,4,Z4,Megathyrsus maximus,3,6.1,Unfenced,TFB,
2024,E,4,Z4,Heteropogon contortus,3,5.3,Unfenced,TFB,
2024,E,4,Z4,Eragrostis cylindriflora,1,7.3,Unfenced,TFB,
2024,E,4,Z4,NA,NA,10.2,Unfenced,TFB,
2024,E,4,Z4,Heteropogon contortus,4,13.5,Unfenced,TFB,
2024,E,4,Z4,NA,NA,15.7,Unfenced,TFB,
2024,E,4,Z4,NA,NA,18.8,Unfenced,TFB,
2024,E,4,Z4,NA,NA,19,Unfenced,TFB,
2024,E,4,Z4,Enteropogon macrostachyus,1,7,Unfenced,TFB,
2024,E,4,Z4,Urochloa trichopus,1,5.3,Unfenced,TFB,
2024,E,4,Z4,Heteropogon contortus,10,5.5,Unfenced,TFB,
2024,E,4,Z4,NA,NA,6,Unfenced,TFB,
2024,E,5,Z1,Eragrostis cylindriflora,1,5.8,Fenced,THF,
2024,E,5,Z1,Urochloa nigropedata,3,5.8,Fenced,THF,
2024,E,5,Z1,Heteropogon contortus,3,9.8,Fenced,THF,
2024,E,5,Z1,Enteropogon macrostachyus,1,8.5,Fenced,THF,
2024,E,5,Z1,Pogonarthria squarrosa,3,NA,Fenced,THF,
2024,E,5,Z1,Digitaria eriantha,5,15.3,Fenced,THF,
2024,E,5,Z1,Megathyrsus maximus,3,15.8,Fenced,THF,
2024,E,5,Z1,Heteropogon contortus,2,13.8,Fenced,THF,
2024,E,5,Z1,Eragrostis gummiflua,3,14.5,Fenced,THF,
2024,E,5,Z1,Enteropogon macrostachyus,3,8.7,Fenced,THF,
2024,E,5,Z1,Megathyrsus maximus,1,11.4,Fenced,THF,
2024,E,5,Z1,NA,NA,13.4,Fenced,THF,
2024,E,5,Z1,NA,NA,11.4,Fenced,THF,
2024,E,5,Z1,Aristida adscensionis,30,8.7,Fenced,THF,
2024,E,5,Z1,Heteropogon contortus,1,8.5,Fenced,THF,
2024,E,5,Z1,Cymbopogon caesius,3,8.5,Fenced,THF,
2024,E,5,Z1,NA,NA,8.3,Fenced,THF,
2024,E,5,Z1,Heteropogon contortus,3,10,Fenced,THF,
2024,E,5,Z1,Eragrostis cylindriflora,1,10.6,Fenced,THF,
2024,E,5,Z1,NA,NA,10.4,Fenced,THF,
2024,E,5,Z1,NA,NA,10.5,Fenced,THF,
2024,E,5,Z2,Megathyrsus maximus,5,8.9,Unfenced,THF,
2024,E,5,Z2,NA,NA,9.1,Unfenced,THF,
2024,E,5,Z2,NA,NA,9.7,Unfenced,THF,
2024,E,5,Z2,NA,NA,10.3,Unfenced,THF,
2024,E,5,Z2,Megathyrsus maximus,1,10.8,Unfenced,THF,
2024,E,5,Z2,Enteropogon macrostachyus,4,10.8,Unfenced,THF,
2024,E,5,Z2,Heteropogon contortus,1,8.9,Unfenced,THF,
2024,E,5,Z2,NA,NA,7.7,Unfenced,THF,
2024,E,5,Z2,Urochloa nigropedata,3,12.2,Unfenced,THF,
2024,E,5,Z2,Heteropogon contortus,3,11.3,Unfenced,THF,
2024,E,5,Z2,Digitaria eriantha,6,10.5,Unfenced,THF,
2024,E,5,Z2,NA,NA,10.5,Unfenced,THF,
2024,E,5,Z2,Eragrostis cylindriflora,1,12.9,Unfenced,THF,
2024,E,5,Z2,Heteropogon contortus,1,15,Unfenced,THF,
2024,E,5,Z2,Pogonarthria squarrosa,1,14.3,Unfenced,THF,
2024,E,5,Z2,Aristida adscensionis,4,5.6,Unfenced,THF,
2024,E,5,Z2,Enteropogon macrostachyus,1,10.7,Unfenced,THF,
2024,E,5,Z2,Heteropogon contortus,9,10.6,Unfenced,THF,
2024,E,5,Z2,Aristida adscensionis,1,10.4,Unfenced,THF,
2024,E,5,Z2,NA,NA,10.1,Unfenced,THF,
2024,E,5,Z3,Aristida adscensionis,4,10.6,Fenced,THF,
2024,E,5,Z3,Digitaria eriantha,10,10.2,Fenced,THF,
2024,E,5,Z3,Eragrostis gummiflua,6,10.5,Fenced,THF,
2024,E,5,Z3,NA,NA,10.4,Fenced,THF,
2024,E,5,Z3,Eragrostis gummiflua,5,5.1,Fenced,THF,
2024,E,5,Z3,Eragrostis cylindriflora,1,13.2,Fenced,THF,
2024,E,5,Z3,Heteropogon contortus,1,11.4,Fenced,THF,
2024,E,5,Z3,Digitaria eriantha,4,19.9,Fenced,THF,
2024,E,5,Z3,Pogonarthria squarrosa,4,NA,Fenced,THF,
2024,E,5,Z3,Heteropogon contortus,4,6.8,Fenced,THF,
2024,E,5,Z3,Digitaria eriantha,1,8.1,Fenced,THF,
2024,E,5,Z3,Megathyrsus maximus,3,8.1,Fenced,THF,
2024,E,5,Z3,NA,NA,8.8,Fenced,THF,
2024,E,5,Z3,Aristida adscensionis,5,6.3,Fenced,THF,
2024,E,5,Z3,Eragrostis gummiflua,2,6,Fenced,THF,
2024,E,5,Z3,Eragrostis cylindriflora,1,8.3,Fenced,THF,
2024,E,5,Z3,Heteropogon contortus,6,7.2,Fenced,THF,
2024,E,5,Z3,Enteropogon macrostachyus,2,NA,Fenced,THF,
2024,E,5,Z3,Aristida adscensionis,1,2.8,Fenced,THF,
2024,E,5,Z3,Heteropogon contortus,2,2.8,Fenced,THF,
2024,E,5,Z3,NA,NA,2.8,Fenced,THF,
2024,E,5,Z3,NA,NA,2.8,Fenced,THF,
2024,E,5,Z4,Heteropogon contortus,3,13.2,Unfenced,THF,
2024,E,5,Z4,Enteropogon macrostachyus,1,12,Unfenced,THF,
2024,E,5,Z4,NA,NA,11.4,Unfenced,THF,
2024,E,5,Z4,NA,NA,11.6,Unfenced,THF,
2024,E,5,Z4,Pogonarthria squarrosa,3,8.3,Unfenced,THF,
2024,E,5,Z4,Urochloa nigropedata,3,8.4,Unfenced,THF,
2024,E,5,Z4,NA,NA,9.1,Unfenced,THF,
2024,E,5,Z4,NA,NA,10,Unfenced,THF,
2024,E,5,Z4,Urochloa nigropedata,1,13.2,Unfenced,THF,
2024,E,5,Z4,Digitaria eriantha,1,12.7,Unfenced,THF,
2024,E,5,Z4,Megathyrsus maximus,3,12.2,Unfenced,THF,
2024,E,5,Z4,NA,NA,12.3,Unfenced,THF,
2024,E,5,Z4,Enteropogon macrostachyus,3,11.6,Unfenced,THF,
2024,E,5,Z4,Digitaria eriantha,2,12.2,Unfenced,THF,
2024,E,5,Z4,Sporobolus africanus,1,12.3,Unfenced,THF,
2024,E,5,Z4,NA,NA,13.1,Unfenced,THF,
2024,E,5,Z4,Enteropogon macrostachyus,4,5.1,Unfenced,THF,
2024,E,5,Z4,Aristida adscensionis,3,12.8,Unfenced,THF,
2024,E,5,Z4,Sporobolus ioclados,2,12.5,Unfenced,THF,
2024,E,5,Z4,NA,NA,12.1,Unfenced,THF,
2024,F,1,Z1,Heteropogon contortus,17,4,Fenced,C,
2024,F,1,Z1,Eragrostis cylindriflora,7,5.6,Fenced,C,
2024,F,1,Z1,NA,NA,3.8,Fenced,C,
2024,F,1,Z1,NA,NA,13.6,Fenced,C,
2024,F,1,Z1,Heteropogon contortus,1,3.4,Fenced,C,
2024,F,1,Z1,Eragrostis cylindriflora,3,20.7,Fenced,C,
2024,F,1,Z1,Eragrostis gummiflua,39,7.8,Fenced,C,
2024,F,1,Z1,NA,NA,3.6,Fenced,C,
2024,F,1,Z1,Aristida congesta c,5,3.5,Fenced,C,
2024,F,1,Z1,Heteropogon contortus,1,4.7,Fenced,C,
2024,F,1,Z1,Eragrostis cylindriflora,3,4.8,Fenced,C,
2024,F,1,Z1,Eragrostis gummiflua,30,5.2,Fenced,C,
2024,F,1,Z1,Aristida adscensionis,11,9,Fenced,C,
2024,F,1,Z1,Eragrostis cylindriflora,3,12.7,Fenced,C,
2024,F,1,Z1,Eragrostis gummiflua,25,12.8,Fenced,C,
2024,F,1,Z1,Eragrostis superba,1,12.7,Fenced,C,
2024,F,1,Z1,Eragrostis cylindriflora,1,5.5,Fenced,C,
2024,F,1,Z1,Eragrostis gummiflua,22,5.9,Fenced,C,
2024,F,1,Z1,Eragrostis superba,1,7.9,Fenced,C,
2024,F,1,Z1,NA,NA,7.5,Fenced,C,
2024,F,1,Z2,Heteropogon contortus,7,4.9,Fenced,C,
2024,F,1,Z2,Eragrostis cylindriflora,14,7.8,Fenced,C,
2024,F,1,Z2,Eragrostis gummiflua,2,7.5,Fenced,C,
2024,F,1,Z2,Digitaria eriantha,1,13.3,Fenced,C,
2024,F,1,Z2,Heteropogon contortus,5,19.7,Fenced,C,
2024,F,1,Z2,Eragrostis cylindriflora,1,10.5,Fenced,C,
2024,F,1,Z2,Eragrostis gummiflua,3,20,Fenced,C,
2024,F,1,Z2,Megathyrsus maximus,1,22.5,Fenced,C,
2024,F,1,Z2,Aristida junciformis,1,9.8,Fenced,C,
2024,F,1,Z2,Digitaria eriantha,2,8.7,Fenced,C,
2024,F,1,Z2,Heteropogon contortus,2,8.9,Fenced,C,
2024,F,1,Z2,NA,NA,8.2,Fenced,C,
2024,F,1,Z2,Heteropogon contortus,6,8.6,Fenced,C,
2024,F,1,Z2,Eragrostis cylindriflora,2,8.6,Fenced,C,
2024,F,1,Z2,Eragrostis superba,1,8.3,Fenced,C,
2024,F,1,Z2,Megathyrsus maximus,2,7.7,Fenced,C,
2024,F,1,Z2,Eragrostis cylindriflora,12,15.3,Fenced,C,
2024,F,1,Z2,Eragrostis gummiflua,3,14.7,Fenced,C,
2024,F,1,Z2,NA,NA,13.6,Fenced,C,
2024,F,1,Z2,NA,NA,13.8,Fenced,C,
2024,F,1,Z3,Heteropogon contortus,5,5.4,Unfenced,C,
2024,F,1,Z3,Eragrostis cylindriflora,1,5.1,Unfenced,C,
2024,F,1,Z3,Eragrostis gummiflua,8,4.6,Unfenced,C,
2024,F,1,Z3,Loudetia simplex,7,12.8,Unfenced,C,
2024,F,1,Z3,Eragrostis gummiflua,20,3.4,Unfenced,C,
2024,F,1,Z3,Aristida nemorivaga,2,4.8,Unfenced,C,
2024,F,1,Z3,NA,NA,5.4,Unfenced,C,
2024,F,1,Z3,NA,NA,7.8,Unfenced,C,
2024,F,1,Z3,Eragrostis gummiflua,30,2.2,Unfenced,C,
2024,F,1,Z3,NA,NA,2.1,Unfenced,C,
2024,F,1,Z3,NA,NA,2,Unfenced,C,
2024,F,1,Z3,NA,NA,2.4,Unfenced,C,
2024,F,1,Z3,Digitaria eriantha,1,2.4,Unfenced,C,
2024,F,1,Z3,Urochloa brizantha,2,4,Unfenced,C,
2024,F,1,Z3,Eragrostis cylindriflora,2,4.5,Unfenced,C,
2024,F,1,Z3,Heteropogon contortus,3,4.5,Unfenced,C,
2024,F,1,Z3,Eragrostis cylindriflora,4,3.4,Unfenced,C,
2024,F,1,Z3,Eragrostis gummiflua,40,4.3,Unfenced,C,
2024,F,1,Z3,NA,NA,4.8,Unfenced,C,
2024,F,1,Z3,NA,NA,5,Unfenced,C,
2024,F,1,Z4,Eragrostis gummiflua,46,1.6,Unfenced,C,
2024,F,1,Z4,Digitaria eriantha,3,3.3,Unfenced,C,
2024,F,1,Z4,Heteropogon contortus,1,3.7,Unfenced,C,
2024,F,1,Z4,NA,NA,4.4,Unfenced,C,
2024,F,1,Z4,Eragrostis gummiflua,34,4.6,Unfenced,C,
2024,F,1,Z4,Eragrostis cylindriflora,3,4.7,Unfenced,C,
2024,F,1,Z4,Heteropogon contortus,1,5.1,Unfenced,C,
2024,F,1,Z4,Aristida congesta c,1,5.2,Unfenced,C,
2024,F,1,Z4,Eragrostis gummiflua,70,8.7,Unfenced,C,
2024,F,1,Z4,Aristida diffusa,1,6.6,Unfenced,C,
2024,F,1,Z4,NA,NA,4.8,Unfenced,C,
2024,F,1,Z4,NA,NA,5.1,Unfenced,C,
2024,F,1,Z4,Aristida congesta b,3,7.7,Unfenced,C,
2024,F,1,Z4,Heteropogon contortus,2,6.6,Unfenced,C,
2024,F,1,Z4,Eragrostis cylindriflora,2,7.9,Unfenced,C,
2024,F,1,Z4,Eragrostis gummiflua,33,7.8,Unfenced,C,
2024,F,1,Z4,Eragrostis superba,1,NA,Unfenced,C,
2024,F,1,Z4,Eragrostis gummiflua,23,3.6,Unfenced,C,
2024,F,1,Z4,Urochloa panicoides,1,3.5,Unfenced,C,
2024,F,1,Z4,Aristida diffusa,1,3.6,Unfenced,C,
2024,F,1,Z4,NA,NA,3.6,Unfenced,C,
2024,F,2,Z1,Aristida congesta b,1,5.3,Fenced,F,
2024,F,2,Z1,Heteropogon contortus,3,5.1,Fenced,F,
2024,F,2,Z1,Eragrostis cylindriflora,3,5,Fenced,F,
2024,F,2,Z1,Digitaria eriantha,4,4.8,Fenced,F,
2024,F,2,Z1,Megathyrsus maximus,7,5.6,Fenced,F,
2024,F,2,Z1,NA,NA,5.6,Fenced,F,
2024,F,2,Z1,NA,NA,5.6,Fenced,F,
2024,F,2,Z1,NA,NA,5.7,Fenced,F,
2024,F,2,Z1,Cynodon dactylon,26,8.4,Fenced,F,
2024,F,2,Z1,Aristida congesta c,2,5.6,Fenced,F,
2024,F,2,Z1,Eragrostis cylindriflora,1,6.4,Fenced,F,
2024,F,2,Z1,NA,NA,5.1,Fenced,F,
2024,F,2,Z1,Cynodon dactylon,1,9.7,Fenced,F,
2024,F,2,Z1,Aristida congesta c,3,13.2,Fenced,F,
2024,F,2,Z1,Digitaria eriantha,8,19.7,Fenced,F,
2024,F,2,Z1,NA,NA,22.1,Fenced,F,
2024,F,2,Z1,Megathyrsus maximus,2,13.1,Fenced,F,
2024,F,2,Z1,Eragrostis cylindriflora,2,7,Fenced,F,
2024,F,2,Z1,NA,NA,6.5,Fenced,F,
2024,F,2,Z1,NA,NA,7.4,Fenced,F,
2024,F,2,Z2,Eragrostis cylindriflora,2,6.9,Fenced,F,
2024,F,2,Z2,Digitaria eriantha,11,6.3,Fenced,F,
2024,F,2,Z2,NA,NA,6.7,Fenced,F,
2024,F,2,Z2,NA,NA,6.4,Fenced,F,
2024,F,2,Z2,Digitaria eriantha,5,4.7,Fenced,F,
2024,F,2,Z2,Eragrostis cylindriflora,2,4.2,Fenced,F,
2024,F,2,Z2,Eragrostis gummiflua,1,5.9,Fenced,F,
2024,F,2,Z2,NA,1,4.6,Fenced,F,
2024,F,2,Z2,Eragrostis cylindriflora,2,7.4,Fenced,F,
2024,F,2,Z2,Digitaria eriantha,16,7,Fenced,F,
2024,F,2,Z2,Eragrostis gummiflua,9,11.8,Fenced,F,
2024,F,2,Z2,Pogonarthria squarrosa,1,8.9,Fenced,F,
2024,F,2,Z2,Eragrostis gummiflua,8,1.9,Fenced,F,
2024,F,2,Z2,Digitaria eriantha,5,3.5,Fenced,F,
2024,F,2,Z2,Cynodon dactylon,16,4,Fenced,F,
2024,F,2,Z2,NA,NA,3.8,Fenced,F,
2024,F,2,Z2,Eragrostis gummiflua,33,3.9,Fenced,F,
2024,F,2,Z2,Eragrostis cylindriflora,7,5.1,Fenced,F,
2024,F,2,Z2,Urochloa panicoides,1,6.7,Fenced,F,
2024,F,2,Z2,NA,NA,8.9,Fenced,F,
2024,F,2,Z3,Digitaria eriantha,7,2.7,Unfenced,F,
2024,F,2,Z3,Cynodon dactylon,23,2.3,Unfenced,F,
2024,F,2,Z3,Perotis patens,1,2.4,Unfenced,F,
2024,F,2,Z3,NA,NA,2.4,Unfenced,F,
2024,F,2,Z3,NA,NA,0,Unfenced,F,
2024,F,2,Z3,NA,NA,0,Unfenced,F,
2024,F,2,Z3,NA,NA,0,Unfenced,F,
2024,F,2,Z3,NA,NA,0,Unfenced,F,
2024,F,2,Z3,Digitaria eriantha,3,17,Unfenced,F,
2024,F,2,Z3,Cynodon dactylon,15,13.7,Unfenced,F,
2024,F,2,Z3,Eragrostis cylindriflora,9,11.9,Unfenced,F,
2024,F,2,Z3,NA,NA,11.9,Unfenced,F,
2024,F,2,Z3,Digitaria eriantha,3,5.2,Unfenced,F,
2024,F,2,Z3,Eragrostis cylindriflora,15,5.5,Unfenced,F,
2024,F,2,Z3,NA,NA,6.1,Unfenced,F,
2024,F,2,Z3,NA,NA,6.9,Unfenced,F,
2024,F,2,Z3,Aristida nemorivaga,9,4.6,Unfenced,F,
2024,F,2,Z3,Digitaria eriantha,5,4,Unfenced,F,
2024,F,2,Z3,Setaria incrassata,1,3.9,Unfenced,F,
2024,F,2,Z3,NA,NA,4.5,Unfenced,F,
2024,F,2,Z4,Digitaria eriantha,6,12.4,Unfenced,F,
2024,F,2,Z4,Cynodon dactylon,9,11.8,Unfenced,F,
2024,F,2,Z4,Eragrostis cylindriflora,3,12,Unfenced,F,
2024,F,2,Z4,NA,NA,12,Unfenced,F,
2024,F,2,Z4,Heteropogon contortus,14,5.6,Unfenced,F,
2024,F,2,Z4,Cynodon dactylon,5,6.4,Unfenced,F,
2024,F,2,Z4,Eragrostis cylindriflora,5,6.7,Unfenced,F,
2024,F,2,Z4,Aristida nemorivaga,2,6.8,Unfenced,F,
2024,F,2,Z4,Enteropogon macrostachyus,9,6.6,Unfenced,F,
2024,F,2,Z4,Megathyrsus maximus,2,6.9,Unfenced,F,
2024,F,2,Z4,NA,NA,8.5,Unfenced,F,
2024,F,2,Z4,NA,NA,8.3,Unfenced,F,
2024,F,2,Z4,Heteropogon contortus,1,13.7,Unfenced,F,
2024,F,2,Z4,Cynodon dactylon,8,13.9,Unfenced,F,
2024,F,2,Z4,Eragrostis cylindriflora,1,14.5,Unfenced,F,
2024,F,2,Z4,Aristida nemorivaga,1,13.9,Unfenced,F,
2024,F,2,Z4,Digitaria eriantha,1,13.1,Unfenced,F,
2024,F,2,Z4,Cynodon dactylon,10,12.9,Unfenced,F,
2024,F,2,Z4,Eragrostis cylindriflora,1,12.6,Unfenced,F,
2024,F,2,Z4,NA,NA,12.1,Unfenced,F,
2024,F,3,Z1,Digitaria eriantha,2,2.7,Fenced,TF,
2024,F,3,Z1,Cynodon dactylon,1,2.3,Fenced,TF,
2024,F,3,Z1,Perotis patens,1,2.4,Fenced,TF,
2024,F,3,Z1,NA,NA,2.4,Fenced,TF,
2024,F,3,Z1,NA,NA,0,Fenced,TF,
2024,F,3,Z1,NA,NA,0,Fenced,TF,
2024,F,3,Z1,NA,NA,0,Fenced,TF,
2024,F,3,Z1,NA,NA,0,Fenced,TF,
2024,F,3,Z1,Digitaria eriantha,7,17,Fenced,TF,
2024,F,3,Z1,Cynodon dactylon,2,13.7,Fenced,TF,
2024,F,3,Z1,Eragrostis cylindriflora,2,11.9,Fenced,TF,
2024,F,3,Z1,NA,NA,11.9,Fenced,TF,
2024,F,3,Z1,Digitaria eriantha,6,5.2,Fenced,TF,
2024,F,3,Z1,Eragrostis cylindriflora,1,5.5,Fenced,TF,
2024,F,3,Z1,NA,NA,6.1,Fenced,TF,
2024,F,3,Z1,NA,NA,6.9,Fenced,TF,
2024,F,3,Z1,Aristida nemorivaga,4,4.6,Fenced,TF,
2024,F,3,Z1,Digitaria eriantha,3,4,Fenced,TF,
2024,F,3,Z1,Setaria incrassata,1,3.9,Fenced,TF,
2024,F,3,Z1,NA,NA,4.5,Fenced,TF,
2024,F,3,Z2,Eragrostis cylindriflora,4,9.1,Fenced,TF,
2024,F,3,Z2,NA,NA,7,Fenced,TF,
2024,F,3,Z2,NA,NA,9,Fenced,TF,
2024,F,3,Z2,NA,NA,8,Fenced,TF,
2024,F,3,Z2,Eragrostis cylindriflora,1,2.6,Fenced,TF,
2024,F,3,Z2,NA,NA,1.9,Fenced,TF,
2024,F,3,Z2,NA,NA,2,Fenced,TF,
2024,F,3,Z2,NA,NA,2.1,Fenced,TF,
2024,F,3,Z2,Aristida nemorivaga,3,4.9,Fenced,TF,
2024,F,3,Z2,Digitaria eriantha,3,3.8,Fenced,TF,
2024,F,3,Z2,Eragrostis gummiflua,4,3.4,Fenced,TF,
2024,F,3,Z2,Eragrostis cylindriflora,3,3.5,Fenced,TF,
2024,F,3,Z2,NA,NA,0,Fenced,TF,
2024,F,3,Z2,NA,NA,0,Fenced,TF,
2024,F,3,Z2,NA,NA,0,Fenced,TF,
2024,F,3,Z2,NA,NA,0,Fenced,TF,
2024,F,3,Z2,Aristida nemorivaga,1,1.9,Fenced,TF,
2024,F,3,Z2,Eragrostis cylindriflora,5,3.6,Fenced,TF,
2024,F,3,Z2,NA,NA,2.9,Fenced,TF,
2024,F,3,Z2,NA,NA,3,Fenced,TF,
2024,F,3,Z3,Cynodon dactylon,18,4.8,Unfenced,TF,
2024,F,3,Z3,Pogonarthria squarrosa,1,6.6,Unfenced,TF,
2024,F,3,Z3,NA,NA,6.8,Unfenced,TF,
2024,F,3,Z3,NA,NA,7,Unfenced,TF,
2024,F,3,Z3,Digitaria eriantha,2,18.3,Unfenced,TF,
2024,F,3,Z3,Eragrostis cylindriflora,4,16.2,Unfenced,TF,
2024,F,3,Z3,NA,NA,12.4,Unfenced,TF,
2024,F,3,Z3,NA,NA,12.2,Unfenced,TF,
2024,F,3,Z3,Cynodon dactylon,11,12.2,Unfenced,TF,
2024,F,3,Z3,Digitaria eriantha,11,11.4,Unfenced,TF,
2024,F,3,Z3,Eragrostis cylindriflora,1,10.7,Unfenced,TF,
2024,F,3,Z3,NA,NA,9.4,Unfenced,TF,
2024,F,3,Z3,Cynodon dactylon,17,12.1,Unfenced,TF,
2024,F,3,Z3,Digitaria eriantha,11,11.2,Unfenced,TF,
2024,F,3,Z3,NA,NA,12.5,Unfenced,TF,
2024,F,3,Z3,NA,NA,12.5,Unfenced,TF,
2024,F,3,Z3,Cynodon dactylon,6,7.9,Unfenced,TF,
2024,F,3,Z3,Digitaria eriantha,3,6.2,Unfenced,TF,
2024,F,3,Z3,Chloris virgata,1,5.6,Unfenced,TF,
2024,F,3,Z3,NA,NA,5.4,Unfenced,TF,
2024,F,3,Z4,Cynodon dactylon,14,5.2,Unfenced,TF,
2024,F,3,Z4,Digitaria eriantha,6,5.1,Unfenced,TF,
2024,F,3,Z4,Eragrostis cylindriflora,2,5.1,Unfenced,TF,
2024,F,3,Z4,NA,NA,5,Unfenced,TF,
2024,F,3,Z4,Aristida nemorivaga,3,6.6,Unfenced,TF,
2024,F,3,Z4,Digitaria eriantha,2,7.4,Unfenced,TF,
2024,F,3,Z4,NA,NA,7.2,Unfenced,TF,
2024,F,3,Z4,NA,NA,7.1,Unfenced,TF,
2024,F,3,Z4,Cynodon dactylon,39,7.2,Unfenced,TF,
2024,F,3,Z4,Digitaria eriantha,8,7.6,Unfenced,TF,
2024,F,3,Z4,NA,NA,7.6,Unfenced,TF,
2024,F,3,Z4,NA,NA,7.4,Unfenced,TF,
2024,F,3,Z4,Cynodon dactylon,5,7.9,Unfenced,TF,
2024,F,3,Z4,Digitaria eriantha,4,8.2,Unfenced,TF,
2024,F,3,Z4,Eragrostis cylindriflora,1,9.1,Unfenced,TF,
2024,F,3,Z4,Pogonarthria squarrosa,8,9,Unfenced,TF,
2024,F,3,Z4,Cynodon dactylon,26,9.2,Unfenced,TF,
2024,F,3,Z4,Digitaria eriantha,11,9.5,Unfenced,TF,
2024,F,3,Z4,Eragrostis cylindriflora,1,9.9,Unfenced,TF,
2024,F,3,Z4,Chloris virgata,1,10.3,Unfenced,TF,
2024,F,4,Z1,Heteropogon contortus,2,6.3,Fenced,TFB,
2024,F,4,Z1,Digitaria eriantha,1,6.8,Fenced,TFB,
2024,F,4,Z1,Eragrostis cylindriflora,16,7.8,Fenced,TFB,
2024,F,4,Z1,NA,NA,7.8,Fenced,TFB,
2024,F,4,Z1,Eragrostis gummiflua,1,6.5,Fenced,TFB,
2024,F,4,Z1,NA,NA,6,Fenced,TFB,
2024,F,4,Z1,NA,NA,5.3,Fenced,TFB,
2024,F,4,Z1,NA,NA,5.1,Fenced,TFB,
2024,F,4,Z1,Cynodon dactylon,7,7.7,Fenced,TFB,
2024,F,4,Z1,Digitaria eriantha,2,7.5,Fenced,TFB,
2024,F,4,Z1,NA,NA,7.3,Fenced,TFB,
2024,F,4,Z1,NA,NA,7.1,Fenced,TFB,
2024,F,4,Z1,Digitaria eriantha,15,9.2,Fenced,TFB,
2024,F,4,Z1,Aristida nemorivaga,3,9.7,Fenced,TFB,
2024,F,4,Z1,NA,NA,7.6,Fenced,TFB,
2024,F,4,Z1,NA,NA,8.5,Fenced,TFB,
2024,F,4,Z1,Pogonarthria squarrosa,3,7.3,Fenced,TFB,
2024,F,4,Z1,NA,NA,7.3,Fenced,TFB,
2024,F,4,Z1,NA,NA,8.1,Fenced,TFB,
2024,F,4,Z1,NA,NA,7.8,Fenced,TFB,
2024,F,4,Z2,Eragrostis cylindriflora,3,11.4,Fenced,TFB,
2024,F,4,Z2,NA,NA,10.8,Fenced,TFB,
2024,F,4,Z2,NA,NA,13,Fenced,TFB,
2024,F,4,Z2,NA,NA,13.1,Fenced,TFB,
2024,F,4,Z2,Aristida nemorivaga,4,4.5,Fenced,TFB,
2024,F,4,Z2,Cynodon dactylon,4,4.8,Fenced,TFB,
2024,F,4,Z2,Eragrostis gummiflua,3,6,Fenced,TFB,
2024,F,4,Z2,Urochloa brizantha,1,5.8,Fenced,TFB,
2024,F,4,Z2,Eragrostis cylindriflora,2,12.4,Fenced,TFB,
2024,F,4,Z2,Megathyrsus maximus,3,7.7,Fenced,TFB,
2024,F,4,Z2,NA,NA,6.2,Fenced,TFB,
2024,F,4,Z2,NA,NA,6.9,Fenced,TFB,
2024,F,4,Z2,Heteropogon contortus,1,2.1,Fenced,TFB,
2024,F,4,Z2,NA,NA,2,Fenced,TFB,
2024,F,4,Z2,NA,NA,2.1,Fenced,TFB,
2024,F,4,Z2,NA,NA,1.9,Fenced,TFB,
2024,F,4,Z2,Aristida nemorivaga,2,2,Fenced,TFB,
2024,F,4,Z2,Eragrostis cylindriflora,2,3.3,Fenced,TFB,
2024,F,4,Z2,Pogonarthria squarrosa,1,3,Fenced,TFB,
2024,F,4,Z2,NA,NA,2.8,Fenced,TFB,
2024,F,4,Z3,Cynodon dactylon,7,6.2,Unfenced,TFB,
2024,F,4,Z3,Eragrostis cylindriflora,4,3.6,Unfenced,TFB,
2024,F,4,Z3,Pogonarthria squarrosa,2,4,Unfenced,TFB,
2024,F,4,Z3,NA,NA,15.3,Unfenced,TFB,
2024,F,4,Z3,Cynodon dactylon,12,1.8,Unfenced,TFB,
2024,F,4,Z3,Digitaria eriantha,7,1.9,Unfenced,TFB,
2024,F,4,Z3,NA,NA,3.8,Unfenced,TFB,
2024,F,4,Z3,NA,NA,3.1,Unfenced,TFB,
2024,F,4,Z3,Digitaria eriantha,23,10.8,Unfenced,TFB,
2024,F,4,Z3,Heteropogon contortus,2,5.6,Unfenced,TFB,
2024,F,4,Z3,NA,NA,10.2,Unfenced,TFB,
2024,F,4,Z3,NA,NA,9.3,Unfenced,TFB,
2024,F,4,Z3,Eragrostis viscosa,2,3.5,Unfenced,TFB,
2024,F,4,Z3,Digitaria eriantha,24,5.3,Unfenced,TFB,
2024,F,4,Z3,NA,NA,4.5,Unfenced,TFB,
2024,F,4,Z3,NA,NA,2.5,Unfenced,TFB,
2024,F,4,Z3,Cynodon dactylon,16,6.7,Unfenced,TFB,
2024,F,4,Z3,Digitaria eriantha,13,6.9,Unfenced,TFB,
2024,F,4,Z3,Eragrostis cylindriflora,2,7.2,Unfenced,TFB,
2024,F,4,Z3,Aristida nemorivaga,1,9.8,Unfenced,TFB,
2024,F,4,Z4,Aristida nemorivaga,1,3.1,Unfenced,TFB,
2024,F,4,Z4,Cynodon dactylon,2,2.9,Unfenced,TFB,
2024,F,4,Z4,Eragrostis cylindriflora,3,2.5,Unfenced,TFB,
2024,F,4,Z4,NA,NA,3,Unfenced,TFB,
2024,F,4,Z4,Aristida nemorivaga,1,4,Unfenced,TFB,
2024,F,4,Z4,Megathyrsus maximus,4,4.8,Unfenced,TFB,
2024,F,4,Z4,Cymbopogon caesius,2,5.5,Unfenced,TFB,
2024,F,4,Z4,NA,NA,6.5,Unfenced,TFB,
2024,F,4,Z4,Aristida nemorivaga,1,3.6,Unfenced,TFB,
2024,F,4,Z4,Digitaria eriantha,31,5.6,Unfenced,TFB,
2024,F,4,Z4,Eragrostis gummiflua,8,7.9,Unfenced,TFB,
2024,F,4,Z4,NA,NA,5.6,Unfenced,TFB,
2024,F,4,Z4,Cynodon dactylon,9,13.7,Unfenced,TFB,
2024,F,4,Z4,Heteropogon contortus,1,10.2,Unfenced,TFB,
2024,F,4,Z4,Pogonarthria squarrosa,2,6.4,Unfenced,TFB,
2024,F,4,Z4,NA,NA,15.3,Unfenced,TFB,
2024,F,4,Z4,Cynodon dactylon,3,4.5,Unfenced,TFB,
2024,F,4,Z4,Eragrostis cylindriflora,2,5.9,Unfenced,TFB,
2024,F,4,Z4,NA,NA,5.5,Unfenced,TFB,
2024,F,4,Z4,NA,NA,5,Unfenced,TFB,
2024,F,5,Z1,Cynodon dactylon,13,7.4,Fenced,THF,
2024,F,5,Z1,Digitaria eriantha,19,6.5,Fenced,THF,
2024,F,5,Z1,NA,NA,6.3,Fenced,THF,
2024,F,5,Z1,NA,NA,7.9,Fenced,THF,
2024,F,5,Z1,Cynodon dactylon,4,3.8,Fenced,THF,
2024,F,5,Z1,Digitaria eriantha,13,3.8,Fenced,THF,
2024,F,5,Z1,Eragrostis cylindriflora,3,6.3,Fenced,THF,
2024,F,5,Z1,NA,NA,5.8,Fenced,THF,
2024,F,5,Z1,Cynodon dactylon,10,9.4,Fenced,THF,
2024,F,5,Z1,Digitaria eriantha,17,12.3,Fenced,THF,
2024,F,5,Z1,Eragrostis cylindriflora,4,10.9,Fenced,THF,
2024,F,5,Z1,NA,NA,11.2,Fenced,THF,
2024,F,5,Z1,Cynodon dactylon,23,8.6,Fenced,THF,
2024,F,5,Z1,Digitaria eriantha,20,7.7,Fenced,THF,
2024,F,5,Z1,NA,NA,10.2,Fenced,THF,
2024,F,5,Z1,NA,NA,9.7,Fenced,THF,
2024,F,5,Z1,Cynodon dactylon,7,7.5,Fenced,THF,
2024,F,5,Z1,Digitaria eriantha,23,8.2,Fenced,THF,
2024,F,5,Z1,NA,NA,7.4,Fenced,THF,
2024,F,5,Z1,NA,NA,7.2,Fenced,THF,
2024,F,5,Z2,Urochloa trichopus,5,5.2,Fenced,THF,
2024,F,5,Z2,Digitaria eriantha,2,5,Fenced,THF,
2024,F,5,Z2,NA,NA,5.1,Fenced,THF,
2024,F,5,Z2,NA,NA,5.1,Fenced,THF,
2024,F,5,Z2,Cynodon dactylon,4,11.5,Fenced,THF,
2024,F,5,Z2,Digitaria eriantha,15,9.4,Fenced,THF,
2024,F,5,Z2,Eragrostis cylindriflora,3,7.1,Fenced,THF,
2024,F,5,Z2,Pogonarthria squarrosa,1,9.4,Fenced,THF,
2024,F,5,Z2,Cynodon dactylon,7,10.6,Fenced,THF,
2024,F,5,Z2,Digitaria eriantha,21,9.3,Fenced,THF,
2024,F,5,Z2,NA,NA,8.4,Fenced,THF,
2024,F,5,Z2,NA,NA,8.6,Fenced,THF,
2024,F,5,Z2,Cynodon dactylon,4,4.2,Fenced,THF,
2024,F,5,Z2,Digitaria eriantha,5,4.1,Fenced,THF,
2024,F,5,Z2,Eragrostis cylindriflora,5,4.2,Fenced,THF,
2024,F,5,Z2,Aristida nemorivaga,1,4.6,Fenced,THF,
2024,F,5,Z2,Digitaria eriantha,6,5.5,Fenced,THF,
2024,F,5,Z2,Eragrostis cylindriflora,10,5,Fenced,THF,
2024,F,5,Z2,NA,NA,5.3,Fenced,THF,
2024,F,5,Z2,NA,NA,5.2,Fenced,THF,
2024,F,5,Z3,Cynodon dactylon,7,9.4,Unfenced,THF,
2024,F,5,Z3,Digitaria eriantha,3,8.7,Unfenced,THF,
2024,F,5,Z3,Eragrostis cylindriflora,15,8.6,Unfenced,THF,
2024,F,5,Z3,NA,NA,9.7,Unfenced,THF,
2024,F,5,Z3,Cynodon dactylon,37,10.6,Unfenced,THF,
2024,F,5,Z3,Digitaria eriantha,10,8.2,Unfenced,THF,
2024,F,5,Z3,NA,NA,8.8,Unfenced,THF,
2024,F,5,Z3,NA,NA,8.4,Unfenced,THF,
2024,F,5,Z3,Cynodon dactylon,3,8.8,Unfenced,THF,
2024,F,5,Z3,Digitaria eriantha,5,9,Unfenced,THF,
2024,F,5,Z3,Eragrostis cylindriflora,2,9.8,Unfenced,THF,
2024,F,5,Z3,Setaria incrassata,1,8,Unfenced,THF,
2024,F,5,Z3,Heteropogon contortus,1,NA,Unfenced,THF,
2024,F,5,Z3,Cynodon dactylon,5,6.8,Unfenced,THF,
2024,F,5,Z3,Digitaria eriantha,4,7.2,Unfenced,THF,
2024,F,5,Z3,Eragrostis cylindriflora,1,8.6,Unfenced,THF,
2024,F,5,Z3,NA,NA,8.9,Unfenced,THF,
2024,F,5,Z3,Cynodon dactylon,38,9.2,Unfenced,THF,
2024,F,5,Z3,Digitaria eriantha,6,11.1,Unfenced,THF,
2024,F,5,Z3,Eragrostis cylindriflora,1,12.4,Unfenced,THF,
2024,F,5,Z3,NA,NA,12.4,Unfenced,THF,
2024,F,5,Z4,Cynodon dactylon,3,3.4,Unfenced,THF,
2024,F,5,Z4,Digitaria eriantha,3,3.1,Unfenced,THF,
2024,F,5,Z4,Eragrostis cylindriflora,4,2.2,Unfenced,THF,
2024,F,5,Z4,NA,NA,2.6,Unfenced,THF,
2024,F,5,Z4,Cynodon dactylon,9,11,Unfenced,THF,
2024,F,5,Z4,Digitaria eriantha,12,9.7,Unfenced,THF,
2024,F,5,Z4,NA,NA,7.1,Unfenced,THF,
2024,F,5,Z4,NA,NA,9.2,Unfenced,THF,
2024,F,5,Z4,Cynodon dactylon,25,3.9,Unfenced,THF,
2024,F,5,Z4,Digitaria eriantha,2,7.9,Unfenced,THF,
2024,F,5,Z4,NA,NA,5.1,Unfenced,THF,
2024,F,5,Z4,NA,NA,4,Unfenced,THF,
2024,F,5,Z4,Cynodon dactylon,1,10.5,Unfenced,THF,
2024,F,5,Z4,Digitaria eriantha,9,10.1,Unfenced,THF,
2024,F,5,Z4,Heteropogon contortus,1,10,Unfenced,THF,
2024,F,5,Z4,NA,NA,14.3,Unfenced,THF,
2024,F,5,Z4,Digitaria eriantha,10,10.5,Unfenced,THF,
2024,F,5,Z4,Eragrostis cylindriflora,4,8.5,Unfenced,THF,
2024,F,5,Z4,Aristida nemorivaga,2,8.3,Unfenced,THF,
2024,F,5,Z4,Eragrostis viscosa,1,8.4,Unfenced,THF,
2024,F,5,Z4,Urochloa brizantha,1,NA,Unfenced,THF,
2024,B,1,Z1,Eragrostis superba,6,17.8,Fenced,C,
2024,B,1,Z1,Melinis repens,4,14,Fenced,C,
2024,B,1,Z1,NA,NA,11.2,Fenced,C,
2026,A,5,Z3,Bothriochloa insculpta,10,60.7,Fenced,THF,
2026,A,5,Z3,Hyparrhenia filipendula,1,46.5,Fenced,THF,
2026,A,5,Z3,Urochloa trichopus,1,47.5,Fenced,THF,
2026,A,5,Z3,Heteropogon contortus,3,49.2,Fenced,THF,
2026,A,5,Z3,Bothriochloa insculpta,4,48.1,Fenced,THF,
2026,A,5,Z3,Setaria incrassata,5,46.7,Fenced,THF,
2026,A,5,Z3,Urochloa trichopus,5,46.7,Fenced,THF,
2026,A,5,Z3,Cymbopogon caesius,2,60,Fenced,THF,
2026,A,5,Z3,Eragrostis curvula,2,NA,Fenced,THF,
2026,A,5,Z3,Perotis patens,1,NA,Fenced,THF,
2026,A,5,Z3,Setaria incrassata,5,40.4,Fenced,THF,
2026,A,5,Z3,Aristida adscensionis,1,42.1,Fenced,THF,
2026,A,5,Z3,Bothriochloa insculpta,14,23.6,Fenced,THF,
2026,A,5,Z3,Heteropogon contortus,1,42.9,Fenced,THF,
2026,A,5,Z3,Bothriochloa insculpta,9,44.4,Fenced,THF,
2026,A,5,Z3,Digitaria velutina,3,43,Fenced,THF,
2026,A,5,Z3,Heteropogon contortus,2,43.4,Fenced,THF,
2026,A,5,Z3,NA,NA,43.3,Fenced,THF,
2026,A,5,Z3,Setaria incrassata,6,49.1,Fenced,THF,
2026,A,5,Z3,Hyparrhenia filipendula,11,64,Fenced,THF,
2026,A,5,Z3,Bothriochloa insculpta,5,54.5,Fenced,THF,
2026,A,5,Z3,Megathyrsus maximus,2,52.4,Fenced,THF,
2026,A,5,Z1,Heteropogon contortus,15,53,Fenced,THF,
2026,A,5,Z1,Urochloa trichopus,5,52.8,Fenced,THF,
2026,A,5,Z1,Setaria incrassata,1,45.1,Fenced,THF,
2026,A,5,Z1,Megathyrsus maximus,1,60.4,Fenced,THF,
2026,A,5,Z1,Hyparrhenia filipendula,3,48.7,Fenced,THF,
2026,A,5,Z1,Heteropogon contortus,3,47.9,Fenced,THF,
2026,A,5,Z1,Bothriochloa insculpta,2,46.6,Fenced,THF,
2026,A,5,Z1,NA,NA,47,Fenced,THF,
2026,A,5,Z1,Urochloa trichopus,6,63,Fenced,THF,
2026,A,5,Z1,Hyparrhenia hirta,2,62.2,Fenced,THF,
2026,A,5,Z1,Themeda triandra,2,64.4,Fenced,THF,
2026,A,5,Z1,NA,NA,62.8,Fenced,THF,
2026,A,5,Z1,Hyperthelia dissoluta,2,60.5,Fenced,THF,
2026,A,5,Z1,Hyparrhenia filipendula,6,62.6,Fenced,THF,
2026,A,5,Z1,Urochloa trichopus,2,60.8,Fenced,THF,
2026,A,5,Z1,Heteropogon contortus,2,49.3,Fenced,THF,
2026,A,5,Z1,Bothriochloa insculpta,7,60.8,Fenced,THF,
2026,A,5,Z1,Urochloa trichopus,4,48.4,Fenced,THF,
2026,A,5,Z1,Heteropogon contortus,5,48.4,Fenced,THF,
2026,A,5,Z1,NA,NA,48.6,Fenced,THF,
2026,A,5,Z4,Cymbopogon caesius,2,20.7,Unfenced,THF,
2026,A,5,Z4,Bothriochloa insculpta,3,13,Unfenced,THF,
2026,A,5,Z4,Heteropogon contortus,3,10.4,Unfenced,THF,
2026,A,5,Z4,NA,NA,9.2,Unfenced,THF,
2026,A,5,Z4,Urochloa trichopus,1,23.3,Unfenced,THF,
2026,A,5,Z4,Digitaria velutina,3,24.5,Unfenced,THF,
2026,A,5,Z4,Bothriochloa insculpta,3,27.1,Unfenced,THF,
2026,A,5,Z4,Setaria incrassata,2,25,Unfenced,THF,
2026,A,5,Z4,Heteropogon contortus,1,NA,Unfenced,THF,
2026,A,5,Z4,Cymbopogon caesius,2,NA,Unfenced,THF,
2026,A,5,Z4,Aristida diffusa,1,19,Unfenced,THF,
2026,A,5,Z4,Urochloa trichopus,2,18,Unfenced,THF,
2026,A,5,Z4,Bothriochloa insculpta,2,16.3,Unfenced,THF,
2026,A,5,Z4,NA,NA,8.6,Unfenced,THF,
2026,A,5,Z4,Hyparrhenia filipendula,1,22.5,Unfenced,THF,
2026,A,5,Z4,Aristida adscensionis,3,22.4,Unfenced,THF,
2026,A,5,Z4,Setaria incrassata,1,22.7,Unfenced,THF,
2026,A,5,Z4,Urochloa trichopus,4,12.8,Unfenced,THF,
2026,A,5,Z4,Heteropogon contortus,6,NA,Unfenced,THF,
2026,A,5,Z4,Bothriochloa insculpta,6,NA,Unfenced,THF,
2026,A,5,Z4,Digitaria velutina,5,22,Unfenced,THF,
2026,A,5,Z4,Setaria incrassata,6,22.4,Unfenced,THF,
2026,A,5,Z4,Bothriochloa insculpta,6,24.1,Unfenced,THF,
2026,A,5,Z4,Heteropogon contortus,4,14.4,Unfenced,THF,
2026,A,5,Z2,Aristida congesta b,3,22.5,Unfenced,THF,
2026,A,5,Z2,Bothriochloa insculpta,8,23.3,Unfenced,THF,
2026,A,5,Z2,Digitaria velutina,5,23.3,Unfenced,THF,
2026,A,5,Z2,Urochloa trichopus,1,25.2,Unfenced,THF,
2026,A,5,Z2,Heteropogon contortus,3,NA,Unfenced,THF,
2026,A,5,Z2,Urochloa trichopus,5,31.6,Unfenced,THF,
2026,A,5,Z2,Heteropogon contortus,15,27.3,Unfenced,THF,
2026,A,5,Z2,Hyparrhenia filipendula,7,25,Unfenced,THF,
2026,A,5,Z2,Setaria pumila,3,25.2,Unfenced,THF,
2026,A,5,Z2,Aristida adscensionis,2,NA,Unfenced,THF,
2026,A,5,Z2,Megathyrsus maximus,3,NA,Unfenced,THF,
2026,A,5,Z2,Miscanthidium junceum,1,28.3,Unfenced,THF,
2026,A,5,Z2,Cymbopogon caesius,1,28.5,Unfenced,THF,
2026,A,5,Z2,Urochloa trichopus,3,22.5,Unfenced,THF,
2026,A,5,Z2,Heteropogon contortus,4,20,Unfenced,THF,
2026,A,5,Z2,Hyparrhenia filipendula,2,NA,Unfenced,THF,
2026,A,5,Z2,Cymbopogon caesius,3,36,Unfenced,THF,
2026,A,5,Z2,Heteropogon contortus,15,32.2,Unfenced,THF,
2026,A,5,Z2,NA,NA,29,Unfenced,THF,
2026,A,5,Z2,NA,NA,26.2,Unfenced,THF,
2026,A,5,Z2,Megathyrsus maximus,5,19.1,Unfenced,THF,
2026,A,5,Z2,Aristida adscensionis,3,17.7,Unfenced,THF,
2026,A,5,Z2,Digitaria velutina,5,22,Unfenced,THF,
2026,A,5,Z2,Setaria incrassata,3,13,Unfenced,THF,
2026,A,5,Z2,Pogonarthria squarrosa,2,NA,Unfenced,THF,
2026,A,5,Z2,Urochloa trichopus,3,NA,Unfenced,THF,
2026,A,5,Z2,Heteropogon contortus,9,NA,Unfenced,THF,
2026,A,5,Z2,Hyparrhenia filipendula,2,NA,Unfenced,THF,
2026,A,3,Z3,Cynodon dactylon,21,60.1,Fenced,TFB,
2026,A,3,Z3,Digitaria eriantha,5,67.4,Fenced,TFB,
2026,A,3,Z3,Urochloa trichopus,4,66.3,Fenced,TFB,
2026,A,3,Z3,Cymbopogon caesius,2,66.7,Fenced,TFB,
2026,A,3,Z3,Setaria pumila,3,NA,Fenced,TFB,
2026,A,3,Z3,Setaria incrassata,4,NA,Fenced,TFB,
2026,A,3,Z3,Sorghum bicolor,3,68.3,Fenced,TFB,
2026,A,3,Z3,Melinis repens,4,65.1,Fenced,TFB,
2026,A,3,Z3,Cynodon dactylon,3,62.3,Fenced,TFB,
2026,A,3,Z3,Heteropogon contortus,21,62.6,Fenced,TFB,
2026,A,3,Z3,Aristida adscensionis,10,NA,Fenced,TFB,
2026,A,3,Z3,Aristida congesta c,1,60.3,Fenced,TFB,
2026,A,3,Z3,Hyperthelia dissoluta,11,49.7,Fenced,TFB,
2026,A,3,Z3,Cymbopogon caesius,2,49.3,Fenced,TFB,
2026,A,3,Z3,Heteropogon contortus,2,60.7,Fenced,TFB,
2026,A,3,Z3,Themeda triandra,4,50.1,Fenced,TFB,
2026,A,3,Z3,Heteropogon contortus,7,20.2,Fenced,TFB,
2026,A,3,Z3,Cymbopogon caesius,2,20.3,Fenced,TFB,
2026,A,3,Z3,Digitaria eriantha,10,19.6,Fenced,TFB,
2026,A,3,Z3,Heteropogon contortus,7,66.6,Fenced,TFB,
2026,A,3,Z3,Themeda triandra,2,47,Fenced,TFB,
2026,A,3,Z3,Urochloa trichopus,10,44.2,Fenced,TFB,
2026,A,3,Z3,Sorghum bicolor,3,43,Fenced,TFB,
2026,A,3,Z3,Cymbopogon caesius,2,NA,Fenced,TFB,
2026,A,3,Z3,Melinis repens,1,NA,Fenced,TFB,
2026,A,3,Z1,Hyparrhenia hirta,2,23.1,Fenced,TFB,
2026,A,3,Z1,Heteropogon contortus,7,45.2,Fenced,TFB,
2026,A,3,Z1,NA,NA,43.1,Fenced,TFB,
2026,A,3,Z1,NA,NA,48.5,Fenced,TFB,
2026,A,3,Z1,Aristida diffusa,12,30.4,Fenced,TFB,
2026,A,3,Z1,Megathyrsus maximus,3,32.2,Fenced,TFB,
2026,A,3,Z1,Setaria pumila,2,33.1,Fenced,TFB,
2026,A,3,Z1,Cymbopogon caesius,3,23.3,Fenced,TFB,
2026,A,3,Z1,Urochloa trichopus,3,NA,Fenced,TFB,
2026,A,3,Z1,Heteropogon contortus,4,NA,Fenced,TFB,
2026,A,3,Z1,Hyperthelia dissoluta,11,46.6,Fenced,TFB,
2026,A,3,Z1,Aristida congesta b,2,11.8,Fenced,TFB,
2026,A,3,Z1,Heteropogon contortus,5,45.2,Fenced,TFB,
2026,A,3,Z1,NA,NA,45,Fenced,TFB,
2026,A,3,Z1,Hyperthelia dissoluta,3,20.4,Fenced,TFB,
2026,A,3,Z1,Urochloa trichopus,2,26.3,Fenced,TFB,
2026,A,3,Z1,Bothriochloa insculpta,7,18.1,Fenced,TFB,
2026,A,3,Z1,NA,NA,19.2,Fenced,TFB,
2026,A,3,Z1,Cymbopogon caesius,1,49.2,Fenced,TFB,
2026,A,3,Z1,Hyperthelia dissoluta,4,49.2,Fenced,TFB,
2026,A,3,Z1,Urochloa trichopus,2,30.5,Fenced,TFB,
2026,A,3,Z1,Bothriochloa insculpta,7,49.4,Fenced,TFB,
2026,A,3,Z4,Heteropogon contortus,6,16,Unfenced,TFB,
2026,A,3,Z4,Digitaria eriantha,7,23.6,Unfenced,TFB,
2026,A,3,Z4,Eragrostis cylindriflora,1,16.4,Unfenced,TFB,
2026,A,3,Z4,Setaria incrassata,1,17,Unfenced,TFB,
2026,A,3,Z4,Megathyrsus maximus,1,NA,Unfenced,TFB,
2026,A,3,Z4,Aristida congesta c,2,13.4,Unfenced,TFB,
2026,A,3,Z4,Heteropogon contortus,5,11.6,Unfenced,TFB,
2026,A,3,Z4,Hyperthelia dissoluta,4,12.7,Unfenced,TFB,
2026,A,3,Z4,Urochloa trichopus,3,12,Unfenced,TFB,
2026,A,3,Z4,Cymbopogon caesius,3,48.4,Unfenced,TFB,
2026,A,3,Z4,Urochloa trichopus,2,44.8,Unfenced,TFB,
2026,A,3,Z4,Setaria incrassata,2,41.6,Unfenced,TFB,
2026,A,3,Z4,Megathyrsus maximus,4,78.4,Unfenced,TFB,
2026,A,3,Z4,Heteropogon contortus,10,25,Unfenced,TFB,
2026,A,3,Z4,Urochloa trichopus,2,21.8,Unfenced,TFB,
2026,A,3,Z4,Sorghum bicolor,3,23.1,Unfenced,TFB,
2026,A,3,Z4,Hyparrhenia filipendula,5,49.2,Unfenced,TFB,
2026,A,3,Z4,Hyperthelia dissoluta,10,60,Unfenced,TFB,
2026,A,3,Z4,Aristida adscensionis,1,38,Unfenced,TFB,
2026,A,3,Z4,Urochloa trichopus,2,32.4,Unfenced,TFB,
2026,A,3,Z4,NA,NA,48.5,Unfenced,TFB,
2026,A,3,Z2,Aristida congesta c,20,28,Unfenced,TFB,
2026,A,3,Z2,Bothriochloa insculpta,4,25.3,Unfenced,TFB,
2026,A,3,Z2,NA,NA,27.1,Unfenced,TFB,
2026,A,3,Z2,NA,NA,20.4,Unfenced,TFB,
2026,A,3,Z2,Cymbopogon caesius,1,61,Unfenced,TFB,
2026,A,3,Z2,Hyparrhenia hirta,8,12,Unfenced,TFB,
2026,A,3,Z2,Urochloa trichopus,1,12.7,Unfenced,TFB,
2026,A,3,Z2,NA,NA,14.1,Unfenced,TFB,
2026,A,3,Z2,Aristida adscensionis,1,27.3,Unfenced,TFB,
2026,A,3,Z2,Setaria incrassata,7,26,Unfenced,TFB,
2026,A,3,Z2,Bothriochloa insculpta,4,24.3,Unfenced,TFB,
2026,A,3,Z2,NA,NA,25.4,Unfenced,TFB,
2026,A,3,Z2,Digitaria eriantha,20,23.8,Unfenced,TFB,
2026,A,3,Z2,Bothriochloa insculpta,4,22.2,Unfenced,TFB,
2026,A,3,Z2,NA,NA,20.4,Unfenced,TFB,
2026,A,3,Z2,NA,NA,21.6,Unfenced,TFB,
2026,A,3,Z2,Hyparrhenia hirta,4,27.6,Unfenced,TFB,
2026,A,3,Z2,Bothriochloa insculpta,1,24.4,Unfenced,TFB,
2026,A,3,Z2,NA,NA,25.3,Unfenced,TFB,
2026,A,3,Z2,NA,NA,16.7,Unfenced,TFB,
2026,A,2,Z1,Diheteropogon amplectens,1,19.5,Fenced,F,
2026,A,2,Z1,Heteropogon contortus,3,20.6,Fenced,F,
2026,A,2,Z1,Bothriochloa insculpta,7,20,Fenced,F,
2026,A,2,Z1,Eragrostis gummiflua,1,19.8,Fenced,F,
2026,A,2,Z1,Bothriochloa insculpta,9,9.6,Fenced,F,
2026,A,2,Z1,Diheteropogon amplectens,1,10.6,Fenced,F,
2026,A,2,Z1,Miscanthidium junceum,3,10.9,Fenced,F,
2026,A,2,Z1,NA,1,11,Fenced,F,
2026,A,2,Z1,Bothriochloa insculpta,6,18.7,Fenced,F,
2026,A,2,Z1,Aristida diffusa,2,18,Fenced,F,
2026,A,2,Z1,Urochloa trichopus,5,17.5,Fenced,F,
2026,A,2,Z1,NA,NA,20.1,Fenced,F,
2026,A,2,Z1,Digitaria velutina,10,17.6,Fenced,F,
2026,A,2,Z1,Setaria incrassata,3,16.9,Fenced,F,
2026,A,2,Z1,Bothriochloa insculpta,3,14.5,Fenced,F,
2026,A,2,Z1,Heteropogon contortus,4,13.1,Fenced,F,
2026,A,2,Z1,Digitaria eriantha,2,NA,Fenced,F,
2026,A,2,Z1,Aristida adscensionis,1,14.4,Fenced,F,
2026,A,2,Z1,Aristida diffusa,2,15.2,Fenced,F,
2026,A,2,Z1,Cymbopogon pospischilii,2,13.5,Fenced,F,
2026,A,2,Z1,Bothriochloa insculpta,10,16,Fenced,F,
2026,A,2,Z1,Eragrostis gummiflua,3,NA,Fenced,F,
2026,A,2,Z2,Melinis repens,1,16.8,Fenced,F,
2026,A,2,Z2,Miscanthidium junceum,1,16.5,Fenced,F,
2026,A,2,Z2,Bothriochloa insculpta,3,16.9,Fenced,F,
2026,A,2,Z2,Heteropogon contortus,4,16.1,Fenced,F,
2026,A,2,Z2,Hyperthelia dissoluta,2,NA,Fenced,F,
2026,A,2,Z2,Setaria incrassata,6,3.2,Fenced,F,
2026,A,2,Z2,Hyperthelia dissoluta,2,3.5,Fenced,F,
2026,A,2,Z2,Heteropogon contortus,4,6.7,Fenced,F,
2026,A,2,Z2,NA,NA,7.9,Fenced,F,
2026,A,2,Z2,Hyperthelia dissoluta,4,60.3,Fenced,F,
2026,A,2,Z2,Urochloa trichopus,3,41.3,Fenced,F,
2026,A,2,Z2,Heteropogon contortus,2,30.1,Fenced,F,
2026,A,2,Z2,NA,NA,19.5,Fenced,F,
2026,A,2,Z2,Setaria pumila,4,34.4,Fenced,F,
2026,A,2,Z2,Hyparrhenia hirta,5,24,Fenced,F,
2026,A,2,Z2,Heteropogon contortus,8,25.3,Fenced,F,
2026,A,2,Z2,Urochloa trichopus,2,27.2,Fenced,F,
2026,A,2,Z2,Hyperthelia dissoluta,5,18.2,Fenced,F,
2026,A,2,Z2,Heteropogon contortus,3,19.8,Fenced,F,
2026,A,2,Z2,Setaria pumila,2,29.3,Fenced,F,
2026,A,2,Z2,NA,NA,32.6,Fenced,F,
2026,A,2,Z3,Hyperthelia dissoluta,2,14.5,Unfenced,F,
2026,A,2,Z3,Bothriochloa insculpta,8,13.7,Unfenced,F,
2026,A,2,Z3,Digitaria eriantha,4,14,Unfenced,F,
2026,A,2,Z3,Miscanthidium junceum,1,12.2,Unfenced,F,
2026,A,2,Z3,Heteropogon contortus,1,NA,Unfenced,F,
2026,A,2,Z3,Hyperthelia dissoluta,5,20.3,Unfenced,F,
2026,A,2,Z3,Urochloa trichopus,6,18.5,Unfenced,F,
2026,A,2,Z3,Bothriochloa insculpta,4,14.3,Unfenced,F,
2026,A,2,Z3,Digitaria velutina,3,12.1,Unfenced,F,
2026,A,2,Z3,Heteropogon contortus,2,NA,Unfenced,F,
2026,A,2,Z3,Digitaria eriantha,4,14.1,Unfenced,F,
2026,A,2,Z3,Cymbopogon pospischilii,3,18.2,Unfenced,F,
2026,A,2,Z3,Urochloa trichopus,3,14.4,Unfenced,F,
2026,A,2,Z3,Bothriochloa insculpta,10,15.3,Unfenced,F,
2026,A,2,Z3,Aristida diffusa,10,23.1,Unfenced,F,
2026,A,2,Z3,Digitaria velutina,7,15.1,Unfenced,F,
2026,A,2,Z3,Heteropogon contortus,4,14,Unfenced,F,
2026,A,2,Z3,Bothriochloa insculpta,7,13.4,Unfenced,F,
2026,A,2,Z3,Aristida diffusa,3,14.1,Unfenced,F,
2026,A,2,Z3,Digitaria velutina,9,13.3,Unfenced,F,
2026,A,2,Z3,Diheteropogon amplectens,2,14.9,Unfenced,F,
2026,A,2,Z3,Bothriochloa insculpta,10,14.6,Unfenced,F,
2026,A,2,Z3,Eragrostis superba,3,NA,Unfenced,F,
2026,A,2,Z4,Aristida congesta c,4,30,Unfenced,F,
2026,A,2,Z4,Hyparrhenia filipendula,3,21.7,Unfenced,F,
2026,A,2,Z4,Hyperthelia dissoluta,4,21.9,Unfenced,F,
2026,A,2,Z4,Heteropogon contortus,2,18.4,Unfenced,F,
2026,A,2,Z4,Digitaria eriantha,4,NA,Unfenced,F,
2026,A,2,Z4,Hyperthelia dissoluta,4,23,Unfenced,F,
2026,A,2,Z4,Diheteropogon amplectens,2,24,Unfenced,F,
2026,A,2,Z4,Urochloa trichopus,5,18.9,Unfenced,F,
2026,A,2,Z4,Hyparrhenia filipendula,9,17.4,Unfenced,F,
2026,A,2,Z4,Heteropogon contortus,2,NA,Unfenced,F,
2026,A,2,Z4,Hyperthelia dissoluta,6,27.2,Unfenced,F,
2026,A,2,Z4,Diheteropogon amplectens,2,15.3,Unfenced,F,
2026,A,2,Z4,Setaria pumila,3,24,Unfenced,F,
2026,A,2,Z4,Urochloa trichopus,1,24.6,Unfenced,F,
2026,A,2,Z4,Hyperthelia dissoluta,4,19,Unfenced,F,
2026,A,2,Z4,Heteropogon contortus,6,14.8,Unfenced,F,
2026,A,2,Z4,Cymbopogon pospischilii,4,16,Unfenced,F,
2026,A,2,Z4,Urochloa trichopus,1,17.2,Unfenced,F,
2026,A,2,Z4,Hyperthelia dissoluta,4,16.3,Unfenced,F,
2026,A,2,Z4,Cymbopogon pospischilii,5,20.6,Unfenced,F,
2026,A,2,Z4,Urochloa trichopus,4,20,Unfenced,F,
2026,A,2,Z4,Heteropogon contortus,3,19.3,Unfenced,F,
2026,A,1,Z3,Urochloa brizantha,3,10,Unfenced,C,
2026,A,1,Z3,Chloris virgata,3,0,Unfenced,C,
2026,A,1,Z3,Eragrostis cylindriflora,8,0,Unfenced,C,
2026,A,1,Z3,Digitaria eriantha,5,2,Unfenced,C,
2026,A,1,Z3,Megathyrsus maximus,3,NA,Unfenced,C,
2026,A,1,Z3,Megathyrsus maximus,3,20.2,Unfenced,C,
2026,A,1,Z3,Themeda triandra,3,19.4,Unfenced,C,
2026,A,1,Z3,Cymbopogon caesius,2,14.6,Unfenced,C,
2026,A,1,Z3,NA,NA,13.4,Unfenced,C,
2026,A,1,Z3,Heteropogon contortus,2,7.8,Unfenced,C,
2026,A,1,Z3,Digitaria velutina,2,32.1,Unfenced,C,
2026,A,1,Z3,Urochloa trichopus,5,18,Unfenced,C,
2026,A,1,Z3,Hyparrhenia hirta,1,16.5,Unfenced,C,
2026,A,1,Z3,Heteropogon contortus,3,15.6,Unfenced,C,
2026,A,1,Z3,Themeda triandra,4,12.8,Unfenced,C,
2026,A,1,Z3,Digitaria velutina,4,14.6,Unfenced,C,
2026,A,1,Z3,Sorghum bicolor,5,14.1,Unfenced,C,
2026,A,1,Z3,Setaria incrassata,3,NA,Unfenced,C,
2026,A,1,Z3,Heteropogon contortus,6,17.9,Unfenced,C,
2026,A,1,Z3,Digitaria eriantha,3,24.9,Unfenced,C,
2026,A,1,Z3,Megathyrsus maximus,4,29,Unfenced,C,
2026,A,1,Z3,NA,NA,23.7,Unfenced,C,
2026,A,1,Z4,Heteropogon contortus,5,16.6,Unfenced,C,
2026,A,1,Z4,Urochloa trichopus,5,18.4,Unfenced,C,
2026,A,1,Z4,Cymbopogon caesius,2,20.1,Unfenced,C,
2026,A,1,Z4,NA,NA,21.2,Unfenced,C,
2026,A,1,Z4,Heteropogon contortus,3,19.4,Unfenced,C,
2026,A,1,Z4,Cymbopogon caesius,3,22,Unfenced,C,
2026,A,1,Z4,Cynodon dactylon,3,22.6,Unfenced,C,
2026,A,1,Z4,Urochloa trichopus,1,25.9,Unfenced,C,
2026,A,1,Z4,Heteropogon contortus,1,13.8,Unfenced,C,
2026,A,1,Z4,Urochloa trichopus,2,9.8,Unfenced,C,
2026,A,1,Z4,Hyparrhenia hirta,2,10.8,Unfenced,C,
2026,A,1,Z4,NA,NA,9.8,Unfenced,C,
2026,A,1,Z4,Heteropogon contortus,5,19.2,Unfenced,C,
2026,A,1,Z4,Urochloa trichopus,5,14.7,Unfenced,C,
2026,A,1,Z4,Loudetia simplex,3,13.7,Unfenced,C,
2026,A,1,Z4,Hyperthelia dissoluta,1,20.2,Unfenced,C,
2026,A,1,Z4,Urochloa trichopus,5,26.2,Unfenced,C,
2026,A,1,Z4,Hyperthelia dissoluta,2,26,Unfenced,C,
2026,A,1,Z4,Digitaria eriantha,2,23.6,Unfenced,C,
2026,A,1,Z4,Bothriochloa insculpta,2,25.6,Unfenced,C,
2026,A,1,Z4,Aristida congesta b,1,NA,Unfenced,C,
2026,A,1,Z1,Digitaria velutina,4,23.9,Fenced,C,
2026,A,1,Z1,Heteropogon contortus,3,20.7,Fenced,C,
2026,A,1,Z1,Diheteropogon amplectens,2,16.4,Fenced,C,
2026,A,1,Z1,NA,NA,30.9,Fenced,C,
2026,A,1,Z1,Cymbopogon caesius,2,5.5,Fenced,C,
2026,A,1,Z1,Heteropogon contortus,4,5.1,Fenced,C,
2026,A,1,Z1,Megathyrsus maximus,3,5.1,Fenced,C,
2026,A,1,Z1,NA,NA,0,Fenced,C,
2026,A,1,Z1,Cymbopogon caesius,3,30,Fenced,C,
2026,A,1,Z1,Urochloa trichopus,5,32.3,Fenced,C,
2026,A,1,Z1,Aristida adscensionis,6,28.2,Fenced,C,
2026,A,1,Z1,Megathyrsus maximus,4,16,Fenced,C,
2026,A,1,Z1,Setaria pumila,2,NA,Fenced,C,
2026,A,1,Z1,Hyparrhenia filipendula,3,NA,Fenced,C,
2026,A,1,Z1,Heteropogon contortus,1,NA,Fenced,C,
2026,A,1,Z1,Heteropogon contortus,7,17.7,Fenced,C,
2026,A,1,Z1,Sorghum bicolor,6,12.8,Fenced,C,
2026,A,1,Z1,Aristida adscensionis,4,18.7,Fenced,C,
2026,A,1,Z1,Setaria incrassata,3,16,Fenced,C,
2026,A,1,Z1,Themeda triandra,3,16,Fenced,C,
2026,A,1,Z1,Aristida diffusa,8,27,Fenced,C,
2026,A,1,Z1,Urochloa trichopus,5,28.8,Fenced,C,
2026,A,1,Z1,Sorghum bicolor,2,27.2,Fenced,C,
2026,A,1,Z2,Hyperthelia dissoluta,7,26.6,Fenced,C,
2026,A,1,Z2,Eragrostis superba,2,20.2,Fenced,C,
2026,A,1,Z2,Diheteropogon amplectens,1,18,Fenced,C,
2026,A,1,Z2,NA,NA,22.8,Fenced,C,
2026,A,1,Z2,Urochloa trichopus,5,40,Fenced,C,
2026,A,1,Z2,Bothriochloa insculpta,2,10.3,Fenced,C,
2026,A,1,Z2,Heteropogon contortus,4,16.3,Fenced,C,
2026,A,1,Z2,NA,NA,13.1,Fenced,C,
2026,A,1,Z2,Hyperthelia dissoluta,20,21,Fenced,C,
2026,A,1,Z2,Heteropogon contortus,3,30.7,Fenced,C,
2026,A,1,Z2,NA,NA,25,Fenced,C,
2026,A,1,Z2,NA,NA,26.5,Fenced,C,
2026,A,1,Z2,Hyparrhenia filipendula,7,20,Fenced,C,
2026,A,1,Z2,Setaria pumila,3,17.7,Fenced,C,
2026,A,1,Z2,Urochloa trichopus,2,16.2,Fenced,C,
2026,A,1,Z2,NA,NA,16.6,Fenced,C,
2026,A,1,Z2,Heteropogon contortus,4,15.7,Fenced,C,
2026,A,1,Z2,Urochloa trichopus,4,16.3,Fenced,C,
2026,A,1,Z2,Setaria pumila,4,16.4,Fenced,C,
2026,A,1,Z2,NA,NA,15,Fenced,C,
2026,A,4,Z3,Bothriochloa insculpta,7,25.5,Fenced,TF,
2026,A,4,Z3,Setaria incrassata,4,25.5,Fenced,TF,
2026,A,4,Z3,Heteropogon contortus,3,25.2,Fenced,TF,
2026,A,4,Z3,Diheteropogon amplectens,4,26,Fenced,TF,
2026,A,4,Z3,Miscanthidium junceum,3,30,Fenced,TF,
2026,A,4,Z3,Bothriochloa insculpta,8,49.4,Fenced,TF,
2026,A,4,Z3,Hyperthelia dissoluta,3,48.9,Fenced,TF,
2026,A,4,Z3,NA,NA,48.7,Fenced,TF,
2026,A,4,Z3,Aristida adscensionis,1,22.3,Fenced,TF,
2026,A,4,Z3,Digitaria eriantha,10,19.7,Fenced,TF,
2026,A,4,Z3,Heteropogon contortus,2,21.8,Fenced,TF,
2026,A,4,Z3,NA,NA,21.4,Fenced,TF,
2026,A,4,Z3,Cymbopogon caesius,2,26.6,Fenced,TF,
2026,A,4,Z3,Bothriochloa insculpta,5,30.2,Fenced,TF,
2026,A,4,Z3,Urochloa brizantha,1,27.3,Fenced,TF,
2026,A,4,Z3,NA,NA,26.4,Fenced,TF,
2026,A,4,Z3,Heteropogon contortus,3,32.5,Fenced,TF,
2026,A,4,Z3,Aristida congesta c,1,32.7,Fenced,TF,
2026,A,4,Z3,Bothriochloa insculpta,8,30.2,Fenced,TF,
2026,A,4,Z3,Setaria incrassata,1,49.9,Fenced,TF,
2026,A,4,Z3,Diheteropogon amplectens,1,NA,Fenced,TF,
2026,A,4,Z3,Urochloa trichopus,1,NA,Fenced,TF,
2026,A,4,Z1,Heteropogon contortus,3,14.1,Fenced,TF,
2026,A,4,Z1,Bothriochloa insculpta,11,15.3,Fenced,TF,
2026,A,4,Z1,Miscanthidium junceum,3,15.8,Fenced,TF,
2026,A,4,Z1,Setaria pumila,1,16,Fenced,TF,
2026,A,4,Z1,Hyperthelia dissoluta,5,54.8,Fenced,TF,
2026,A,4,Z1,Urochloa trichopus,1,56.4,Fenced,TF,
2026,A,4,Z1,Bothriochloa insculpta,9,55.8,Fenced,TF,
2026,A,4,Z1,NA,NA,55.8,Fenced,TF,
2026,A,4,Z1,Bothriochloa insculpta,8,38.5,Fenced,TF,
2026,A,4,Z1,NA,NA,33.9,Fenced,TF,
2026,A,4,Z1,NA,NA,43.7,Fenced,TF,
2026,A,4,Z1,NA,NA,64.8,Fenced,TF,
2026,A,4,Z1,Digitaria eriantha,3,47.1,Fenced,TF,
2026,A,4,Z1,Urochloa trichopus,3,32,Fenced,TF,
2026,A,4,Z1,Bothriochloa insculpta,5,27.1,Fenced,TF,
2026,A,4,Z1,Miscanthidium junceum,3,28.9,Fenced,TF,
2026,A,4,Z1,Megathyrsus maximus,7,61.5,Fenced,TF,
2026,A,4,Z1,Setaria incrassata,8,61.1,Fenced,TF,
2026,A,4,Z1,Heteropogon contortus,5,61.7,Fenced,TF,
2026,A,4,Z1,Themeda triandra,1,65.7,Fenced,TF,
2026,A,4,Z1,Urochloa nigropedata,1,NA,Fenced,TF,
2026,A,4,Z4,Digitaria eriantha,12,20.3,Unfenced,TF,
2026,A,4,Z4,Heteropogon contortus,5,19.2,Unfenced,TF,
2026,A,4,Z4,Urochloa trichopus,2,17.7,Unfenced,TF,
2026,A,4,Z4,NA,NA,16.5,Unfenced,TF,
2026,A,4,Z4,Aristida adscensionis,2,22.4,Unfenced,TF,
2026,A,4,Z4,Urochloa trichopus,3,25.8,Unfenced,TF,
2026,A,4,Z4,Digitaria eriantha,12,26.8,Unfenced,TF,
2026,A,4,Z4,Heteropogon contortus,4,26.1,Unfenced,TF,
2026,A,4,Z4,Bothriochloa insculpta,6,NA,Unfenced,TF,
2026,A,4,Z4,Megathyrsus maximus,1,NA,Unfenced,TF,
2026,A,4,Z4,Heteropogon contortus,6,28.9,Unfenced,TF,
2026,A,4,Z4,Bothriochloa insculpta,3,27.8,Unfenced,TF,
2026,A,4,Z4,Digitaria eriantha,11,25.8,Unfenced,TF,
2026,A,4,Z4,Megathyrsus maximus,2,24.1,Unfenced,TF,
2026,A,4,Z4,Heteropogon contortus,1,15.6,Unfenced,TF,
2026,A,4,Z4,Digitaria eriantha,18,12.3,Unfenced,TF,
2026,A,4,Z4,Urochloa trichopus,5,12.7,Unfenced,TF,
2026,A,4,Z4,NA,NA,13.3,Unfenced,TF,
2026,A,4,Z4,Aristida congesta c,5,12,Unfenced,TF,
2026,A,4,Z4,Eragrostis superba,2,11.7,Unfenced,TF,
2026,A,4,Z4,Heteropogon contortus,7,18.5,Unfenced,TF,
2026,A,4,Z4,Megathyrsus maximus,4,16.5,Unfenced,TF,
2026,A,4,Z4,Urochloa trichopus,1,NA,Unfenced,TF,
2026,A,4,Z2,Aristida adscensionis,1,17.7,Unfenced,TF,
2026,A,4,Z2,Megathyrsus maximus,2,14.7,Unfenced,TF,
2026,A,4,Z2,Digitaria eriantha,7,13.3,Unfenced,TF,
2026,A,4,Z2,Setaria incrassata,3,11,Unfenced,TF,
2026,A,4,Z2,Themeda triandra,6,NA,Unfenced,TF,
2026,A,4,Z2,Cymbopogon pospischilii,1,41.1,Unfenced,TF,
2026,A,4,Z2,Megathyrsus maximus,5,46.4,Unfenced,TF,
2026,A,4,Z2,Digitaria eriantha,7,29,Unfenced,TF,
2026,A,4,Z2,Heteropogon contortus,2,28,Unfenced,TF,
2026,A,4,Z2,Aristida adscensionis,6,48.9,Unfenced,TF,
2026,A,4,Z2,Digitaria eriantha,15,47.6,Unfenced,TF,
2026,A,4,Z2,Bothriochloa insculpta,4,47.7,Unfenced,TF,
2026,A,4,Z2,NA,NA,47,Unfenced,TF,
2026,A,4,Z2,Setaria incrassata,14,13.8,Unfenced,TF,
2026,A,4,Z2,Heteropogon contortus,6,21.6,Unfenced,TF,
2026,A,4,Z2,Cymbopogon pospischilii,1,21.4,Unfenced,TF,
2026,A,4,Z2,Urochloa trichopus,1,19.4,Unfenced,TF,
2026,A,4,Z2,Heteropogon contortus,4,26.5,Unfenced,TF,
2026,A,4,Z2,Digitaria eriantha,5,29,Unfenced,TF,
2026,A,4,Z2,Megathyrsus maximus,7,21.5,Unfenced,TF,
2026,A,4,Z2,Diheteropogon amplectens,2,49.1,Unfenced,TF,
2026,B,5,Z1,Heteropogon contortus,12,48.4,Fenced,THF,
2026,B,5,Z1,Aristida congesta b,4,49.4,Fenced,THF,
2026,B,5,Z1,Cynodon dactylon,14,40.5,Fenced,THF,
2026,B,5,Z1,Eragrostis cylindriflora,3,40.5,Fenced,THF,
2026,B,5,Z1,Digitaria eriantha,7,NA,Fenced,THF,
2026,B,5,Z1,Hyparrhenia filipendula,1,NA,Fenced,THF,
2026,B,5,Z1,Heteropogon contortus,9,69.7,Fenced,THF,
2026,B,5,Z1,Themeda triandra,3,67.5,Fenced,THF,
2026,B,5,Z1,Digitaria eriantha,8,65.2,Fenced,THF,
2026,B,5,Z1,Aristida congesta b,4,36.4,Fenced,THF,
2026,B,5,Z1,Digitaria eriantha,9,58.3,Fenced,THF,
2026,B,5,Z1,Themeda triandra,2,53.8,Fenced,THF,
2026,B,5,Z1,Aristida congesta b,1,46.9,Fenced,THF,
2026,B,5,Z1,NA,NA,47.3,Fenced,THF,
2026,B,5,Z1,Cynodon dactylon,24,51.3,Fenced,THF,
2026,B,5,Z1,Aristida diffusa,6,31.5,Fenced,THF,
2026,B,5,Z1,Bothriochloa insculpta,5,38.3,Fenced,THF,
2026,B,5,Z1,Cymbopogon nardus,1,48.7,Fenced,THF,
2026,B,5,Z1,Heteropogon contortus,12,44.5,Fenced,THF,
2026,B,5,Z1,Digitaria eriantha,13,61.7,Fenced,THF,
2026,B,5,Z1,Cynodon dactylon,5,63.9,Fenced,THF,
2026,B,5,Z1,Bothriochloa insculpta,3,69,Fenced,THF,
2026,B,5,Z1,Eragrostis superba,1,NA,Fenced,THF,
2026,B,5,Z3,Digitaria eriantha,5,67.7,Fenced,THF,
2026,B,5,Z3,Sporobolus africanus,3,42.9,Fenced,THF,
2026,B,5,Z3,NA,NA,60.6,Fenced,THF,
2026,B,5,Z3,NA,NA,60.6,Fenced,THF,
2026,B,5,Z3,Heteropogon contortus,7,52.3,Fenced,THF,
2026,B,5,Z3,Cynodon dactylon,22,67,Fenced,THF,
2026,B,5,Z3,Aristida congesta b,5,63.1,Fenced,THF,
2026,B,5,Z3,Setaria sphacelata,1,65.6,Fenced,THF,
2026,B,5,Z3,Heteropogon contortus,7,60.8,Fenced,THF,
2026,B,5,Z3,Digitaria eriantha,4,67.8,Fenced,THF,
2026,B,5,Z3,Cynodon dactylon,6,38.3,Fenced,THF,
2026,B,5,Z3,Aristida congesta b,3,37.6,Fenced,THF,
2026,B,5,Z3,Eragrostis superba,2,NA,Fenced,THF,
2026,B,5,Z3,Heteropogon contortus,9,55.6,Fenced,THF,
2026,B,5,Z3,Cymbopogon nardus,5,56.8,Fenced,THF,
2026,B,5,Z3,Aristida congesta b,7,63.9,Fenced,THF,
2026,B,5,Z3,NA,NA,52.4,Fenced,THF,
2026,B,5,Z3,Themeda triandra,2,12.5,Fenced,THF,
2026,B,5,Z3,Setaria sphacelata,3,12.5,Fenced,THF,
2026,B,5,Z3,Megathyrsus maximus,1,12.5,Fenced,THF,
2026,B,5,Z3,NA,NA,12,Fenced,THF,
2026,B,5,Z2,Heteropogon contortus,4,36,Unfenced,THF,
2026,B,5,Z2,Cynodon dactylon,6,40.1,Unfenced,THF,
2026,B,5,Z2,Digitaria eriantha,7,40.2,Unfenced,THF,
2026,B,5,Z2,Bothriochloa insculpta,1,37.6,Unfenced,THF,
2026,B,5,Z2,Megathyrsus maximus,1,NA,Unfenced,THF,
2026,B,5,Z2,Heteropogon contortus,4,11.7,Unfenced,THF,
2026,B,5,Z2,Digitaria eriantha,7,15.6,Unfenced,THF,
2026,B,5,Z2,Cynodon dactylon,8,17.3,Unfenced,THF,
2026,B,5,Z2,Megathyrsus maximus,3,18.4,Unfenced,THF,
2026,B,5,Z2,Heteropogon contortus,10,23.7,Unfenced,THF,
2026,B,5,Z2,Digitaria eriantha,5,20.6,Unfenced,THF,
2026,B,5,Z2,Themeda triandra,2,27.7,Unfenced,THF,
2026,B,5,Z2,Bothriochloa insculpta,3,25.7,Unfenced,THF,
2026,B,5,Z2,Heteropogon contortus,4,12.8,Unfenced,THF,
2026,B,5,Z2,Digitaria eriantha,6,18,Unfenced,THF,
2026,B,5,Z2,Megathyrsus maximus,3,12.1,Unfenced,THF,
2026,B,5,Z2,Eragrostis cylindriflora,4,13,Unfenced,THF,
2026,B,5,Z2,Themeda triandra,3,15.6,Unfenced,THF,
2026,B,5,Z2,Digitaria eriantha,7,47.2,Unfenced,THF,
2026,B,5,Z2,Bothriochloa insculpta,2,12.5,Unfenced,THF,
2026,B,5,Z2,Eragrostis superba,2,46.1,Unfenced,THF,
2026,B,5,Z2,Eragrostis cylindriflora,3,NA,Unfenced,THF,
2026,B,5,Z2,Heteropogon contortus,4,NA,Unfenced,THF,
2026,B,5,Z4,Heteropogon contortus,5,5.8,Unfenced,THF,
2026,B,5,Z4,Urochloa serrata,7,7.7,Unfenced,THF,
2026,B,5,Z4,Aristida congesta b,2,6.3,Unfenced,THF,
2026,B,5,Z4,NA,NA,8.1,Unfenced,THF,
2026,B,5,Z4,Heteropogon contortus,4,9.4,Unfenced,THF,
2026,B,5,Z4,Eragrostis superba,5,9.6,Unfenced,THF,
2026,B,5,Z4,Digitaria eriantha,8,10.4,Unfenced,THF,
2026,B,5,Z4,Bothriochloa insculpta,3,9.1,Unfenced,THF,
2026,B,5,Z4,Cymbopogon nardus,2,8.6,Unfenced,THF,
2026,B,5,Z4,Digitaria eriantha,5,8.4,Unfenced,THF,
2026,B,5,Z4,Aristida congesta b,4,7.3,Unfenced,THF,
2026,B,5,Z4,Bothriochloa insculpta,3,7.5,Unfenced,THF,
2026,B,5,Z4,Heteropogon contortus,4,NA,Unfenced,THF,
2026,B,5,Z4,Eragrostis superba,5,NA,Unfenced,THF,
2026,B,5,Z4,Sporobolus africanus,3,21,Unfenced,THF,
2026,B,5,Z4,Digitaria eriantha,9,20.5,Unfenced,THF,
2026,B,5,Z4,Cynodon dactylon,12,21.1,Unfenced,THF,
2026,B,5,Z4,Themeda triandra,1,21.3,Unfenced,THF,
2026,B,5,Z4,Heteropogon contortus,5,38.5,Unfenced,THF,
2026,B,5,Z4,Themeda triandra,3,31.7,Unfenced,THF,
2026,B,5,Z4,Eragrostis superba,2,26.2,Unfenced,THF,
2026,B,5,Z4,Cynodon dactylon,9,24,Unfenced,THF,
2026,B,5,Z4,Bothriochloa insculpta,4,NA,Unfenced,THF,
2026,B,5,Z4,Aristida congesta b,2,NA,Unfenced,THF,
2026,B,5,Z4,Setaria sphacelata,1,NA,Unfenced,THF,
2026,B,4,Z3,Cymbopogon caesius,4,38.2,Unfenced,TFB,
2026,B,4,Z3,Digitaria eriantha,7,32.4,Unfenced,TFB,
2026,B,4,Z3,Eragrostis superba,4,34.4,Unfenced,TFB,
2026,B,4,Z3,Aristida congesta b,3,60.1,Unfenced,TFB,
2026,B,4,Z3,Heteropogon contortus,8,NA,Unfenced,TFB,
2026,B,4,Z3,Aristida diffusa,12,27.1,Unfenced,TFB,
2026,B,4,Z3,Heteropogon contortus,6,28.8,Unfenced,TFB,
2026,B,4,Z3,Eragrostis cylindriflora,2,18.9,Unfenced,TFB,
2026,B,4,Z3,Digitaria eriantha,8,19.2,Unfenced,TFB,
2026,B,4,Z3,Heteropogon contortus,4,30.9,Unfenced,TFB,
2026,B,4,Z3,Setaria incrassata,3,30.3,Unfenced,TFB,
2026,B,4,Z3,Cymbopogon caesius,1,31,Unfenced,TFB,
2026,B,4,Z3,Hyperthelia dissoluta,5,30.3,Unfenced,TFB,
2026,B,4,Z3,Digitaria eriantha,4,NA,Unfenced,TFB,
2026,B,4,Z3,Eragrostis cylindriflora,2,NA,Unfenced,TFB,
2026,B,4,Z3,Hyparrhenia filipendula,1,49.6,Unfenced,TFB,
2026,B,4,Z3,Cymbopogon nardus,2,31.4,Unfenced,TFB,
2026,B,4,Z3,Melinis repens,1,24.5,Unfenced,TFB,
2026,B,4,Z3,Setaria incrassata,2,20.8,Unfenced,TFB,
2026,B,4,Z3,Heteropogon contortus,3,NA,Unfenced,TFB,
2026,B,4,Z3,Heteropogon contortus,7,6.5,Unfenced,TFB,
2026,B,4,Z3,Digitaria eriantha,4,6,Unfenced,TFB,
2026,B,4,Z3,Aristida adscensionis,3,5.1,Unfenced,TFB,
2026,B,4,Z3,Eragrostis superba,2,5.5,Unfenced,TFB,
2026,B,4,Z4,Heteropogon contortus,8,29.6,Unfenced,TFB,
2026,B,4,Z4,Melinis repens,2,25.1,Unfenced,TFB,
2026,B,4,Z4,Digitaria eriantha,13,21.7,Unfenced,TFB,
2026,B,4,Z4,Aristida congesta b,4,22.7,Unfenced,TFB,
2026,B,4,Z4,Heteropogon contortus,3,27.8,Unfenced,TFB,
2026,B,4,Z4,Eragrostis superba,3,23.2,Unfenced,TFB,
2026,B,4,Z4,Digitaria eriantha,14,20.4,Unfenced,TFB,
2026,B,4,Z4,Aristida congesta b,2,30.8,Unfenced,TFB,
2026,B,4,Z4,Cymbopogon caesius,2,NA,Unfenced,TFB,
2026,B,4,Z4,Cymbopogon caesius,4,16.3,Unfenced,TFB,
2026,B,4,Z4,Heteropogon contortus,10,23,Unfenced,TFB,
2026,B,4,Z4,Digitaria eriantha,7,18.5,Unfenced,TFB,
2026,B,4,Z4,Eragrostis curvula,1,21.7,Unfenced,TFB,
2026,B,4,Z4,Heteropogon contortus,6,45.9,Unfenced,TFB,
2026,B,4,Z4,Cymbopogon caesius,4,42.1,Unfenced,TFB,
2026,B,4,Z4,Setaria sphacelata,4,31.7,Unfenced,TFB,
2026,B,4,Z4,Aristida adscensionis,2,33.3,Unfenced,TFB,
2026,B,4,Z4,Sporobolus africanus,1,NA,Unfenced,TFB,
2026,B,4,Z4,Heteropogon contortus,7,42.1,Unfenced,TFB,
2026,B,4,Z4,Digitaria eriantha,2,24.2,Unfenced,TFB,
2026,B,4,Z4,Eragrostis superba,2,3,Unfenced,TFB,
2026,B,4,Z4,Urochloa nigropedata,8,4.1,Unfenced,TFB,
2026,B,4,Z1,Heteropogon contortus,8,23,Fenced,TFB,
2026,B,4,Z1,Digitaria eriantha,21,29.5,Fenced,TFB,
2026,B,4,Z1,Aristida congesta b,3,26.8,Fenced,TFB,
2026,B,4,Z1,NA,NA,36.1,Fenced,TFB,
2026,B,4,Z1,Heteropogon contortus,7,45.9,Fenced,TFB,
2026,B,4,Z1,Aristida congesta b,5,45.3,Fenced,TFB,
2026,B,4,Z1,Cymbopogon caesius,3,48.7,Fenced,TFB,
2026,B,4,Z1,Digitaria eriantha,8,45.6,Fenced,TFB,
2026,B,4,Z1,Heteropogon contortus,9,48.5,Fenced,TFB,
2026,B,4,Z1,Digitaria eriantha,8,48.4,Fenced,TFB,
2026,B,4,Z1,Themeda triandra,3,48.6,Fenced,TFB,
2026,B,4,Z1,Cymbopogon caesius,1,47.6,Fenced,TFB,
2026,B,4,Z1,Heteropogon contortus,5,45.3,Fenced,TFB,
2026,B,4,Z1,Digitaria eriantha,7,30,Fenced,TFB,
2026,B,4,Z1,Cymbopogon caesius,1,48.4,Fenced,TFB,
2026,B,4,Z1,Eragrostis superba,2,30.4,Fenced,TFB,
2026,B,4,Z1,Heteropogon contortus,13,43.6,Fenced,TFB,
2026,B,4,Z1,Cymbopogon caesius,4,70,Fenced,TFB,
2026,B,4,Z1,Eragrostis superba,3,68.9,Fenced,TFB,
2026,B,4,Z1,NA,NA,69.8,Fenced,TFB,
2026,B,4,Z2,Heteropogon contortus,6,28.4,Fenced,TFB,
2026,B,4,Z2,Digitaria eriantha,3,26.6,Fenced,TFB,
2026,B,4,Z2,Cymbopogon caesius,3,24.7,Fenced,TFB,
2026,B,4,Z2,Themeda triandra,2,36.5,Fenced,TFB,
2026,B,4,Z2,Aristida congesta c,4,NA,Fenced,TFB,
2026,B,4,Z2,Aristida diffusa,20,40.3,Fenced,TFB,
2026,B,4,Z2,Digitaria eriantha,8,46.7,Fenced,TFB,
2026,B,4,Z2,Heteropogon contortus,4,46.2,Fenced,TFB,
2026,B,4,Z2,NA,NA,45.3,Fenced,TFB,
2026,B,4,Z2,Cymbopogon caesius,1,32.3,Fenced,TFB,
2026,B,4,Z2,Heteropogon contortus,8,32,Fenced,TFB,
2026,B,4,Z2,Megathyrsus maximus,2,46.1,Fenced,TFB,
2026,B,4,Z2,Tragus berteronianus,3,30,Fenced,TFB,
2026,B,4,Z2,Heteropogon contortus,16,44.2,Fenced,TFB,
2026,B,4,Z2,Cymbopogon caesius,1,65,Fenced,TFB,
2026,B,4,Z2,Eragrostis superba,2,60.6,Fenced,TFB,
2026,B,4,Z2,NA,NA,60.1,Fenced,TFB,
2026,B,4,Z2,Heteropogon contortus,22,42.8,Fenced,TFB,
2026,B,4,Z2,Megathyrsus maximus,3,41,Fenced,TFB,
2026,B,4,Z2,Aristida congesta c,2,42,Fenced,TFB,
2026,B,4,Z2,Eragrostis cylindriflora,3,42.4,Fenced,TFB,
2026,B,3,Z4,Heteropogon contortus,7,26.2,Unfenced,TF,
2026,B,3,Z4,Aristida congesta c,6,20.8,Unfenced,TF,
2026,B,3,Z4,Cymbopogon pospischilii,2,18.9,Unfenced,TF,
2026,B,3,Z4,Eragrostis superba,2,18.4,Unfenced,TF,
2026,B,3,Z4,Setaria sphacelata,2,NA,Unfenced,TF,
2026,B,3,Z4,Digitaria eriantha,6,NA,Unfenced,TF,
2026,B,3,Z4,Heteropogon contortus,6,25.3,Unfenced,TF,
2026,B,3,Z4,Digitaria eriantha,14,16.9,Unfenced,TF,
2026,B,3,Z4,Eragrostis gummiflua,6,16.8,Unfenced,TF,
2026,B,3,Z4,Cymbopogon pospischilii,3,15.2,Unfenced,TF,
2026,B,3,Z4,Heteropogon contortus,5,16.3,Unfenced,TF,
2026,B,3,Z4,Digitaria eriantha,8,18.7,Unfenced,TF,
2026,B,3,Z4,Cymbopogon caesius,2,15.4,Unfenced,TF,
2026,B,3,Z4,Aristida congesta c,3,15,Unfenced,TF,
2026,B,3,Z4,Cymbopogon pospischilii,2,NA,Unfenced,TF,
2026,B,3,Z4,Setaria incrassata,2,NA,Unfenced,TF,
2026,B,3,Z4,Heteropogon contortus,15,45.4,Unfenced,TF,
2026,B,3,Z4,Eragrostis cylindriflora,3,45.8,Unfenced,TF,
2026,B,3,Z4,Melinis repens,1,45,Unfenced,TF,
2026,B,3,Z4,NA,NA,45.1,Unfenced,TF,
2026,B,3,Z4,Heteropogon contortus,15,23.8,Unfenced,TF,
2026,B,3,Z4,Cymbopogon pospischilii,2,28.6,Unfenced,TF,
2026,B,3,Z4,Aristida congesta c,2,29.1,Unfenced,TF,
2026,B,3,Z4,Melinis repens,1,27,Unfenced,TF,
2026,B,3,Z3,Heteropogon contortus,16,28.4,Unfenced,TF,
2026,B,3,Z3,Cymbopogon pospischilii,4,23.1,Unfenced,TF,
2026,B,3,Z3,Cymbopogon caesius,2,24.4,Unfenced,TF,
2026,B,3,Z3,Eragrostis superba,3,24,Unfenced,TF,
2026,B,3,Z3,Heteropogon contortus,11,21.4,Unfenced,TF,
2026,B,3,Z3,Digitaria eriantha,10,30.9,Unfenced,TF,
2026,B,3,Z3,Eragrostis curvula,2,19.9,Unfenced,TF,
2026,B,3,Z3,Eragrostis superba,1,19.5,Unfenced,TF,
2026,B,3,Z3,Heteropogon contortus,15,29.3,Unfenced,TF,
2026,B,3,Z3,Aristida congesta c,3,27.7,Unfenced,TF,
2026,B,3,Z3,Eragrostis curvula,4,25.3,Unfenced,TF,
2026,B,3,Z3,Cymbopogon caesius,3,23,Unfenced,TF,
2026,B,3,Z3,Digitaria eriantha,10,NA,Unfenced,TF,
2026,B,3,Z3,Eragrostis superba,1,NA,Unfenced,TF,
2026,B,3,Z3,Aristida diffusa,18,22.3,Unfenced,TF,
2026,B,3,Z3,Heteropogon contortus,6,24.5,Unfenced,TF,
2026,B,3,Z3,Themeda triandra,3,23.7,Unfenced,TF,
2026,B,3,Z3,Digitaria eriantha,8,23.4,Unfenced,TF,
2026,B,3,Z3,Eragrostis gummiflua,4,NA,Unfenced,TF,
2026,B,3,Z3,Urochloa serrata,3,NA,Unfenced,TF,
2026,B,3,Z3,Heteropogon contortus,13,46.5,Unfenced,TF,
2026,B,3,Z3,Digitaria eriantha,14,41.3,Unfenced,TF,
2026,B,3,Z3,Aristida congesta b,2,47,Unfenced,TF,
2026,B,3,Z3,NA,NA,46.8,Unfenced,TF,
2026,B,3,Z2,Heteropogon contortus,13,43,Fenced,TF,
2026,B,3,Z2,Melinis repens,1,32.6,Fenced,TF,
2026,B,3,Z2,Cymbopogon caesius,5,35.3,Fenced,TF,
2026,B,3,Z2,Setaria incrassata,2,60.8,Fenced,TF,
2026,B,3,Z2,Heteropogon contortus,13,52.4,Fenced,TF,
2026,B,3,Z2,Themeda triandra,3,49.7,Fenced,TF,
2026,B,3,Z2,Melinis repens,4,61.9,Fenced,TF,
2026,B,3,Z2,Eragrostis cylindriflora,3,69,Fenced,TF,
2026,B,3,Z2,Setaria incrassata,2,NA,Fenced,TF,
2026,B,3,Z2,Cymbopogon caesius,7,40.4,Fenced,TF,
2026,B,3,Z2,Eragrostis cylindriflora,2,60.9,Fenced,TF,
2026,B,3,Z2,Setaria sphacelata,2,62.1,Fenced,TF,
2026,B,3,Z2,Aristida congesta c,3,64.9,Fenced,TF,
2026,B,3,Z2,Melinis repens,1,NA,Fenced,TF,
2026,B,3,Z2,Heteropogon contortus,4,NA,Fenced,TF,
2026,B,3,Z2,Themeda triandra,1,NA,Fenced,TF,
2026,B,3,Z2,Heteropogon contortus,13,68.2,Fenced,TF,
2026,B,3,Z2,Cymbopogon caesius,4,49.8,Fenced,TF,
2026,B,3,Z2,Melinis repens,1,62.5,Fenced,TF,
2026,B,3,Z2,NA,NA,61.9,Fenced,TF,
2026,B,3,Z2,Heteropogon contortus,8,52.8,Fenced,TF,
2026,B,3,Z2,Digitaria eriantha,6,40.7,Fenced,TF,
2026,B,3,Z2,Cymbopogon pospischilii,2,39.4,Fenced,TF,
2026,B,3,Z2,NA,NA,30.8,Fenced,TF,
2026,B,3,Z1,Heteropogon contortus,13,16,Fenced,TF,
2026,B,3,Z1,Melinis repens,3,19.7,Fenced,TF,
2026,B,3,Z1,Eragrostis superba,4,18.7,Fenced,TF,
2026,B,3,Z1,Aristida congesta c,4,18.8,Fenced,TF,
2026,B,3,Z1,Cymbopogon pospischilii,3,NA,Fenced,TF,
2026,B,3,Z1,Heteropogon contortus,3,50.9,Fenced,TF,
2026,B,3,Z1,Cymbopogon pospischilii,5,56,Fenced,TF,
2026,B,3,Z1,Cymbopogon caesius,1,35.8,Fenced,TF,
2026,B,3,Z1,Digitaria eriantha,10,55.1,Fenced,TF,
2026,B,3,Z1,Cynodon dactylon,3,NA,Fenced,TF,
2026,B,3,Z1,Themeda triandra,2,NA,Fenced,TF,
2026,B,3,Z1,Heteropogon contortus,5,37.6,Fenced,TF,
2026,B,3,Z1,Cymbopogon pospischilii,3,27.5,Fenced,TF,
2026,B,3,Z1,Melinis repens,2,47.2,Fenced,TF,
2026,B,3,Z1,Eragrostis superba,2,49.8,Fenced,TF,
2026,B,3,Z1,Themeda triandra,3,NA,Fenced,TF,
2026,B,3,Z1,Aristida congesta c,8,NA,Fenced,TF,
2026,B,3,Z1,Setaria incrassata,2,NA,Fenced,TF,
2026,B,3,Z1,Cymbopogon pospischilii,3,48.8,Fenced,TF,
2026,B,3,Z1,Bothriochloa insculpta,3,60.6,Fenced,TF,
2026,B,3,Z1,Melinis repens,2,60.7,Fenced,TF,
2026,B,3,Z1,Heteropogon contortus,3,45.6,Fenced,TF,
2026,B,3,Z1,Heteropogon contortus,6,34.5,Fenced,TF,
2026,B,3,Z1,Themeda triandra,8,36.4,Fenced,TF,
2026,B,3,Z1,Cynodon dactylon,6,36,Fenced,TF,
2026,B,3,Z1,Eragrostis superba,2,37,Fenced,TF,
2026,B,2,Z4,Heteropogon contortus,7,11.4,Unfenced,F,
2026,B,2,Z4,Sporobolus africanus,1,10.2,Unfenced,F,
2026,B,2,Z4,Themeda triandra,3,9.5,Unfenced,F,
2026,B,2,Z4,Eragrostis cylindriflora,3,8.8,Unfenced,F,
2026,B,2,Z4,Cymbopogon caesius,1,15.6,Unfenced,F,
2026,B,2,Z4,Heteropogon contortus,3,22.4,Unfenced,F,
2026,B,2,Z4,Bothriochloa insculpta,3,23.1,Unfenced,F,
2026,B,2,Z4,Setaria sphacelata,1,20.3,Unfenced,F,
2026,B,2,Z4,Eragrostis superba,3,NA,Unfenced,F,
2026,B,2,Z4,Eragrostis gummiflua,4,NA,Unfenced,F,
2026,B,2,Z4,Aristida congesta b,1,NA,Unfenced,F,
2026,B,2,Z4,Heteropogon contortus,6,23.2,Unfenced,F,
2026,B,2,Z4,Aristida adscensionis,2,23.6,Unfenced,F,
2026,B,2,Z4,NA,NA,21.5,Unfenced,F,
2026,B,2,Z4,NA,NA,19.2,Unfenced,F,
2026,B,2,Z4,Heteropogon contortus,4,3.9,Unfenced,F,
2026,B,2,Z4,Aristida congesta c,3,0,Unfenced,F,
2026,B,2,Z4,Eragrostis gummiflua,2,0,Unfenced,F,
2026,B,2,Z4,NA,NA,0,Unfenced,F,
2026,B,2,Z4,Heteropogon contortus,3,20.6,Unfenced,F,
2026,B,2,Z4,Cymbopogon pospischilii,3,18.2,Unfenced,F,
2026,B,2,Z4,Cymbopogon caesius,2,17,Unfenced,F,
2026,B,2,Z4,Aristida diffusa,2,16.8,Unfenced,F,
2026,B,2,Z2,Heteropogon contortus,9,16,Unfenced,F,
2026,B,2,Z2,Bothriochloa insculpta,10,20,Unfenced,F,
2026,B,2,Z2,Eragrostis gummiflua,5,16.8,Unfenced,F,
2026,B,2,Z2,NA,NA,16.8,Unfenced,F,
2026,B,2,Z2,Heteropogon contortus,15,9.2,Unfenced,F,
2026,B,2,Z2,Aristida nemorivaga,3,9.1,Unfenced,F,
2026,B,2,Z2,Melinis repens,2,9.8,Unfenced,F,
2026,B,2,Z2,Eragrostis superba,2,9.4,Unfenced,F,
2026,B,2,Z2,Cymbopogon caesius,4,25.6,Unfenced,F,
2026,B,2,Z2,Heteropogon contortus,10,25.6,Unfenced,F,
2026,B,2,Z2,Urochloa trichopus,1,20.1,Unfenced,F,
2026,B,2,Z2,Digitaria eriantha,2,20.2,Unfenced,F,
2026,B,2,Z2,Eragrostis gummiflua,2,NA,Unfenced,F,
2026,B,2,Z2,Heteropogon contortus,2,21.1,Unfenced,F,
2026,B,2,Z2,NA,NA,15,Unfenced,F,
2026,B,2,Z2,NA,NA,8.9,Unfenced,F,
2026,B,2,Z2,NA,NA,5.8,Unfenced,F,
2026,B,2,Z2,Digitaria eriantha,6,9.2,Unfenced,F,
2026,B,2,Z2,Themeda triandra,2,14.4,Unfenced,F,
2026,B,2,Z2,Hyparrhenia filipendula,4,15.2,Unfenced,F,
2026,B,2,Z2,NA,NA,13,Unfenced,F,
2026,B,2,Z1,Urochloa serrata,5,14.7,Fenced,F,
2026,B,2,Z1,Bothriochloa insculpta,6,16.6,Fenced,F,
2026,B,2,Z1,Aristida congesta b,11,17,Fenced,F,
2026,B,2,Z1,Heteropogon contortus,6,17.6,Fenced,F,
2026,B,2,Z1,Melinis repens,1,NA,Fenced,F,
2026,B,2,Z1,Themeda triandra,4,21,Fenced,F,
2026,B,2,Z1,Aristida congesta c,1,25,Fenced,F,
2026,B,2,Z1,Heteropogon contortus,4,30.2,Fenced,F,
2026,B,2,Z1,NA,NA,31.1,Fenced,F,
2026,B,2,Z1,Heteropogon contortus,5,39.7,Fenced,F,
2026,B,2,Z1,Cymbopogon caesius,3,36.2,Fenced,F,
2026,B,2,Z1,Aristida congesta c,2,36.5,Fenced,F,
2026,B,2,Z1,Digitaria eriantha,5,31.7,Fenced,F,
2026,B,2,Z1,Heteropogon contortus,17,33.8,Fenced,F,
2026,B,2,Z1,Eragrostis superba,3,25.3,Fenced,F,
2026,B,2,Z1,Aristida congesta c,1,25.2,Fenced,F,
2026,B,2,Z1,Digitaria eriantha,13,35.5,Fenced,F,
2026,B,2,Z1,Melinis repens,2,20.7,Fenced,F,
2026,B,2,Z1,Aristida congesta c,2,25,Fenced,F,
2026,B,2,Z1,Cymbopogon caesius,2,24.1,Fenced,F,
2026,B,2,Z1,Heteropogon contortus,4,26,Fenced,F,
2026,B,2,Z3,Heteropogon contortus,9,26.9,Fenced,F,
2026,B,2,Z3,Aristida congesta c,1,17.7,Fenced,F,
2026,B,2,Z3,Bothriochloa insculpta,1,15.7,Fenced,F,
2026,B,2,Z3,Eragrostis curvula,1,15,Fenced,F,
2026,B,2,Z3,Heteropogon contortus,11,24.8,Fenced,F,
2026,B,2,Z3,Cymbopogon caesius,1,22.3,Fenced,F,
2026,B,2,Z3,Digitaria eriantha,6,20.6,Fenced,F,
2026,B,2,Z3,NA,NA,1.9,Fenced,F,
2026,B,2,Z3,Aristida congesta c,3,21.7,Fenced,F,
2026,B,2,Z3,Heteropogon contortus,4,22.2,Fenced,F,
2026,B,2,Z3,Melinis repens,2,23.3,Fenced,F,
2026,B,2,Z3,Bothriochloa insculpta,3,23.1,Fenced,F,
2026,B,2,Z3,Cymbopogon caesius,4,26.7,Fenced,F,
2026,B,2,Z3,Heteropogon contortus,6,34.4,Fenced,F,
2026,B,2,Z3,Eragrostis superba,1,24.2,Fenced,F,
2026,B,2,Z3,Aristida congesta c,2,25.2,Fenced,F,
2026,B,2,Z3,Cymbopogon caesius,2,22,Fenced,F,
2026,B,2,Z3,Cymbopogon nardus,1,18.5,Fenced,F,
2026,B,2,Z3,Setaria sphacelata,2,18.5,Fenced,F,
2026,B,2,Z3,NA,NA,20.2,Fenced,F,
2026,B,1,Z1,Heteropogon contortus,15,20.2,Fenced,C,
2026,B,1,Z1,Digitaria velutina,4,41,Fenced,C,
2026,B,1,Z1,Urochloa serrata,2,35.4,Fenced,C,
2026,B,1,Z1,NA,NA,30.8,Fenced,C,
2026,B,1,Z1,Heteropogon contortus,16,7.2,Fenced,C,
2026,B,1,Z1,Eragrostis cylindriflora,1,13.6,Fenced,C,
2026,B,1,Z1,NA,NA,22.3,Fenced,C,
2026,B,1,Z1,NA,NA,10.1,Fenced,C,
2026,B,1,Z1,Heteropogon contortus,11,10.8,Fenced,C,
2026,B,1,Z1,Themeda triandra,3,15.2,Fenced,C,
2026,B,1,Z1,Eragrostis superba,3,11.9,Fenced,C,
2026,B,1,Z1,Digitaria eriantha,11,7.7,Fenced,C,
2026,B,1,Z1,Tragus berteronianus,1,NA,Fenced,C,
2026,B,1,Z1,Heteropogon contortus,13,16.1,Fenced,C,
2026,B,1,Z1,Aristida nemorivaga,2,21,Fenced,C,
2026,B,1,Z1,NA,NA,30.5,Fenced,C,
2026,B,1,Z1,NA,NA,14.5,Fenced,C,
2026,B,1,Z1,Cymbopogon caesius,2,13.3,Fenced,C,
2026,B,1,Z1,Eragrostis superba,2,20.9,Fenced,C,
2026,B,1,Z1,Heteropogon contortus,6,17.3,Fenced,C,
2026,B,1,Z1,Digitaria eriantha,1,20.5,Fenced,C,
2026,B,1,Z1,Tragus berteronianus,1,NA,Fenced,C,
2026,B,1,Z1,Aristida diffusa,1,NA,Fenced,C,
2026,B,1,Z3,Heteropogon contortus,6,5.4,Fenced,C,
2026,B,1,Z3,Hyparrhenia filipendula,3,3.8,Fenced,C,
2026,B,1,Z3,Eragrostis superba,2,8.3,Fenced,C,
2026,B,1,Z3,Eragrostis curvula,2,7.8,Fenced,C,
2026,B,1,Z3,Cymbopogon caesius,1,NA,Fenced,C,
2026,B,1,Z3,Melinis repens,1,NA,Fenced,C,
2026,B,1,Z3,Aristida nemorivaga,1,NA,Fenced,C,
2026,B,1,Z3,Heteropogon contortus,11,22.8,Fenced,C,
2026,B,1,Z3,Themeda triandra,2,15.4,Fenced,C,
2026,B,1,Z3,NA,NA,25.6,Fenced,C,
2026,B,1,Z3,NA,NA,25.8,Fenced,C,
2026,B,1,Z3,Heteropogon contortus,8,3.7,Fenced,C,
2026,B,1,Z3,Eragrostis cylindriflora,2,26,Fenced,C,
2026,B,1,Z3,NA,NA,23.8,Fenced,C,
2026,B,1,Z3,NA,NA,15,Fenced,C,
2026,B,1,Z3,Heteropogon contortus,7,36.6,Fenced,C,
2026,B,1,Z3,Bothriochloa insculpta,2,20.3,Fenced,C,
2026,B,1,Z3,NA,NA,20.5,Fenced,C,
2026,B,1,Z3,NA,NA,27.2,Fenced,C,
2026,B,1,Z3,Themeda triandra,3,25.5,Fenced,C,
2026,B,1,Z3,Heteropogon contortus,13,10.5,Fenced,C,
2026,B,1,Z3,Melinis repens,2,16.6,Fenced,C,
2026,B,1,Z3,Setaria sphacelata,1,17.8,Fenced,C,
2026,B,1,Z2,Eragrostis cylindriflora,4,2.4,Unfenced,C,
2026,B,1,Z2,Aristida diffusa,7,14.6,Unfenced,C,
2026,B,1,Z2,Heteropogon contortus,6,3.7,Unfenced,C,
2026,B,1,Z2,Digitaria eriantha,3,10.1,Unfenced,C,
2026,B,1,Z2,Bothriochloa insculpta,3,6,Unfenced,C,
2026,B,1,Z2,Heteropogon contortus,16,6.1,Unfenced,C,
2026,B,1,Z2,NA,NA,6.2,Unfenced,C,
2026,B,1,Z2,NA,NA,6,Unfenced,C,
2026,B,1,Z2,Bothriochloa insculpta,6,5.4,Unfenced,C,
2026,B,1,Z2,Eragrostis gummiflua,4,5.4,Unfenced,C,
2026,B,1,Z2,Eragrostis cylindriflora,1,5.8,Unfenced,C,
2026,B,1,Z2,NA,NA,6,Unfenced,C,
2026,B,1,Z2,Themeda triandra,3,21.9,Unfenced,C,
2026,B,1,Z2,Bothriochloa insculpta,5,22.7,Unfenced,C,
2026,B,1,Z2,Heteropogon contortus,4,24.1,Unfenced,C,
2026,B,1,Z2,NA,NA,25.3,Unfenced,C,
2026,B,1,Z2,Heteropogon contortus,8,9.6,Unfenced,C,
2026,B,1,Z2,Digitaria eriantha,2,8.5,Unfenced,C,
2026,B,1,Z2,Aristida nemorivaga,2,8.9,Unfenced,C,
2026,B,1,Z2,NA,NA,9.6,Unfenced,C,
2026,B,1,Z4,Heteropogon contortus,8,20.6,Unfenced,C,
2026,B,1,Z4,Eragrostis cylindriflora,6,17.4,Unfenced,C,
2026,B,1,Z4,Eragrostis superba,3,16.1,Unfenced,C,
2026,B,1,Z4,NA,NA,14.1,Unfenced,C,
2026,B,1,Z4,Heteropogon contortus,11,9.8,Unfenced,C,
2026,B,1,Z4,Bothriochloa insculpta,9,8.9,Unfenced,C,
2026,B,1,Z4,Themeda triandra,2,7.6,Unfenced,C,
2026,B,1,Z4,NA,NA,8.3,Unfenced,C,
2026,B,1,Z4,Cymbopogon caesius,1,25.1,Unfenced,C,
2026,B,1,Z4,Aristida congesta c,6,20.7,Unfenced,C,
2026,B,1,Z4,Heteropogon contortus,7,19.9,Unfenced,C,
2026,B,1,Z4,Bothriochloa insculpta,1,16.6,Unfenced,C,
2026,B,1,Z4,Eragrostis superba,2,NA,Unfenced,C,
2026,B,1,Z4,Eragrostis gummiflua,5,NA,Unfenced,C,
2026,B,1,Z4,Themeda triandra,1,24.8,Unfenced,C,
2026,B,1,Z4,Heteropogon contortus,4,10.3,Unfenced,C,
2026,B,1,Z4,NA,NA,10.8,Unfenced,C,
2026,B,1,Z4,NA,NA,4.5,Unfenced,C,
2026,B,1,Z4,Miscanthidium junceum,1,15.5,Unfenced,C,
2026,B,1,Z4,Heteropogon contortus,4,13.8,Unfenced,C,
2026,B,1,Z4,Bothriochloa insculpta,12,11.1,Unfenced,C,
2026,B,1,Z4,NA,NA,9.8,Unfenced,C,
2026,D,1,Z1,Aristida adscensionis,5,13.9,Fenced,C,
2026,D,1,Z1,Setaria pumila,7,15.8,Fenced,C,
2026,D,1,Z1,Eragrostis viscosa,8,10.1,Fenced,C,
2026,D,1,Z1,Megathyrsus maximus,4,14.3,Fenced,C,
2026,D,1,Z1,Heteropogon contortus,4,NA,Fenced,C,
2026,D,1,Z1,Eragrostis cylindriflora,6,NA,Fenced,C,
2026,D,1,Z1,Eragrostis cylindriflora,5,12.5,Fenced,C,
2026,D,1,Z1,Eragrostis curvula,3,12.9,Fenced,C,
2026,D,1,Z1,Urochloa brizantha,8,20,Fenced,C,
2026,D,1,Z1,Setaria pumila,4,17.3,Fenced,C,
2026,D,1,Z1,Chloris virgata,2,NA,Fenced,C,
2026,D,1,Z1,Dactyloctenium aegyptium,3,NA,Fenced,C,
2026,D,1,Z1,Heteropogon contortus,9,5.7,Fenced,C,
2026,D,1,Z1,Setaria pumila,5,6.3,Fenced,C,
2026,D,1,Z1,Aristida nemorivaga,2,10.6,Fenced,C,
2026,D,1,Z1,NA,NA,11.7,Fenced,C,
2026,D,1,Z1,Megathyrsus maximus,2,10.3,Fenced,C,
2026,D,1,Z1,Setaria pumila,9,15.1,Fenced,C,
2026,D,1,Z1,Eragrostis cylindriflora,3,18.7,Fenced,C,
2026,D,1,Z1,Eragrostis cylindriflora,2,16.4,Fenced,C,
2026,D,1,Z1,Urochloa brizantha,4,19,Fenced,C,
2026,D,1,Z1,Eragrostis cylindriflora,3,10.6,Fenced,C,
2026,D,1,Z1,Setaria pumila,3,10.1,Fenced,C,
2026,D,1,Z1,Megathyrsus maximus,2,11.7,Fenced,C,
2026,D,1,Z3,Heteropogon contortus,2,17.5,Fenced,C,
2026,D,1,Z3,Urochloa brizantha,3,17.4,Fenced,C,
2026,D,1,Z3,Setaria pumila,5,9.7,Fenced,C,
2026,D,1,Z3,Aristida adscensionis,9,10.1,Fenced,C,
2026,D,1,Z3,Megathyrsus maximus,1,17.2,Fenced,C,
2026,D,1,Z3,Setaria pumila,7,10.7,Fenced,C,
2026,D,1,Z3,Aristida nemorivaga,5,8.4,Fenced,C,
2026,D,1,Z3,NA,NA,10.4,Fenced,C,
2026,D,1,Z3,Megathyrsus maximus,3,6.1,Fenced,C,
2026,D,1,Z3,Aristida diffusa,2,7.9,Fenced,C,
2026,D,1,Z3,Setaria pumila,4,7.7,Fenced,C,
2026,D,1,Z3,Eragrostis viscosa,2,0,Fenced,C,
2026,D,1,Z3,Setaria pumila,7,5.2,Fenced,C,
2026,D,1,Z3,Eragrostis cylindriflora,4,5.5,Fenced,C,
2026,D,1,Z3,Megathyrsus maximus,3,6.1,Fenced,C,
2026,D,1,Z3,Heteropogon contortus,4,6.4,Fenced,C,
2026,D,1,Z3,Heteropogon contortus,4,9.7,Fenced,C,
2026,D,1,Z3,Chloris virgata,3,6.4,Fenced,C,
2026,D,1,Z3,Setaria pumila,4,0,Fenced,C,
2026,D,1,Z3,NA,NA,0,Fenced,C,
2026,D,1,Z2,Digitaria velutina,16,5.8,Unfenced,C,
2026,D,1,Z2,Aristida diffusa,4,4.5,Unfenced,C,
2026,D,1,Z2,Aristida nemorivaga,3,6.3,Unfenced,C,
2026,D,1,Z2,Heteropogon contortus,1,7.7,Unfenced,C,
2026,D,1,Z2,Setaria pumila,2,NA,Unfenced,C,
2026,D,1,Z2,Eragrostis cylindriflora,2,NA,Unfenced,C,
2026,D,1,Z2,Urochloa brizantha,4,10.9,Unfenced,C,
2026,D,1,Z2,Setaria pumila,6,8.9,Unfenced,C,
2026,D,1,Z2,Megathyrsus maximus,4,11.7,Unfenced,C,
2026,D,1,Z2,Eragrostis superba,2,8.3,Unfenced,C,
2026,D,1,Z2,Eragrostis curvula,3,13.1,Unfenced,C,
2026,D,1,Z2,Dactyloctenium aegyptium,4,12.7,Unfenced,C,
2026,D,1,Z2,Setaria pumila,8,10.5,Unfenced,C,
2026,D,1,Z2,Chloris virgata,7,9.4,Unfenced,C,
2026,D,1,Z2,Eragrostis cylindriflora,3,NA,Unfenced,C,
2026,D,1,Z2,Heteropogon contortus,2,NA,Unfenced,C,
2026,D,1,Z2,Aristida nemorivaga,1,NA,Unfenced,C,
2026,D,1,Z2,Setaria pumila,17,9.6,Unfenced,C,
2026,D,1,Z2,Urochloa brizantha,5,13.4,Unfenced,C,
2026,D,1,Z2,Eragrostis cylindriflora,3,11,Unfenced,C,
2026,D,1,Z2,Heteropogon contortus,4,10.4,Unfenced,C,
2026,D,1,Z2,Enteropogon macrostachyus,8,5.1,Unfenced,C,
2026,D,1,Z2,Urochloa brizantha,4,6.6,Unfenced,C,
2026,D,1,Z2,Chloris virgata,9,7.3,Unfenced,C,
2026,D,1,Z2,Setaria pumila,10,7.3,Unfenced,C,
2026,D,1,Z2,Aristida nemorivaga,3,NA,Unfenced,C,
2026,D,1,Z4,Heteropogon contortus,7,20.9,Unfenced,C,
2026,D,1,Z4,Setaria pumila,8,12.8,Unfenced,C,
2026,D,1,Z4,Urochloa brizantha,4,35.1,Unfenced,C,
2026,D,1,Z4,Digitaria velutina,5,31.7,Unfenced,C,
2026,D,1,Z4,Setaria pumila,7,14,Unfenced,C,
2026,D,1,Z4,Heteropogon contortus,4,10.1,Unfenced,C,
2026,D,1,Z4,Aristida nemorivaga,3,11.3,Unfenced,C,
2026,D,1,Z4,Eragrostis cylindriflora,1,9.8,Unfenced,C,
2026,D,1,Z4,Setaria pumila,13,6.1,Unfenced,C,
2026,D,1,Z4,Eragrostis cylindriflora,4,6.9,Unfenced,C,
2026,D,1,Z4,NA,NA,0,Unfenced,C,
2026,D,1,Z4,NA,NA,7.1,Unfenced,C,
2026,D,1,Z4,Diheteropogon amplectens,2,12.5,Unfenced,C,
2026,D,1,Z4,Digitaria velutina,15,10.7,Unfenced,C,
2026,D,1,Z4,Heteropogon contortus,3,15.1,Unfenced,C,
2026,D,1,Z4,Aristida adscensionis,3,14.1,Unfenced,C,
2026,D,1,Z4,Aristida diffusa,2,NA,Unfenced,C,
2026,D,1,Z4,Digitaria eriantha,7,1,Unfenced,C,
2026,D,1,Z4,Aristida adscensionis,4,1,Unfenced,C,
2026,D,1,Z4,Megathyrsus maximus,3,14.6,Unfenced,C,
2026,D,1,Z4,Setaria pumila,4,10.6,Unfenced,C,
2026,D,2,Z3,Enteropogon macrostachyus,2,16.9,Fenced,F,
2026,D,2,Z3,Heteropogon contortus,2,18.4,Fenced,F,
2026,D,2,Z3,Chloris virgata,5,10.2,Fenced,F,
2026,D,2,Z3,Setaria pumila,7,8.4,Fenced,F,
2026,D,2,Z3,Urochloa brizantha,8,9.9,Fenced,F,
2026,D,2,Z3,Setaria pumila,5,9.8,Fenced,F,
2026,D,2,Z3,Eragrostis cylindriflora,3,9.4,Fenced,F,
2026,D,2,Z3,Aristida adscensionis,2,1,Fenced,F,
2026,D,2,Z3,Enteropogon macrostachyus,3,NA,Fenced,F,
2026,D,2,Z3,Setaria pumila,8,15.1,Fenced,F,Sedges
2026,D,2,Z3,Heteropogon contortus,3,11,Fenced,F,
2026,D,2,Z3,Urochloa brizantha,2,9.7,Fenced,F,
2026,D,2,Z3,Digitaria velutina,4,8.6,Fenced,F,
2026,D,2,Z3,Urochloa brizantha,5,24.9,Fenced,F,
2026,D,2,Z3,Digitaria velutina,10,20.7,Fenced,F,
2026,D,2,Z3,Setaria pumila,7,19,Fenced,F,
2026,D,2,Z3,Enteropogon macrostachyus,2,16.8,Fenced,F,
2026,D,2,Z3,Enteropogon macrostachyus,3,1,Fenced,F,
2026,D,2,Z3,Eragrostis cylindriflora,5,1,Fenced,F,
2026,D,2,Z3,Setaria pumila,3,6.1,Fenced,F,
2026,D,2,Z3,NA,NA,7.2,Fenced,F,
2026,D,2,Z2,Setaria pumila,29,23.9,Unfenced,F,
2026,D,2,Z2,Urochloa nigropedata,8,26.3,Unfenced,F,
2026,D,2,Z2,Megathyrsus maximus,5,26,Unfenced,F,
2026,D,2,Z2,Chloris virgata,3,27.7,Unfenced,F,
2026,D,2,Z2,Heteropogon contortus,3,11.8,Unfenced,F,
2026,D,2,Z2,Setaria pumila,12,14.1,Unfenced,F,
2026,D,2,Z2,Digitaria velutina,4,17.1,Unfenced,F,
2026,D,2,Z2,Eragrostis cylindriflora,3,1,Unfenced,F,
2026,D,2,Z2,Aristida adscensionis,2,NA,Unfenced,F,
2026,D,2,Z2,Chloris virgata,3,NA,Unfenced,F,
2026,D,2,Z2,Urochloa brizantha,2,NA,Unfenced,F,
2026,D,2,Z2,Eragrostis cylindriflora,30,11.8,Unfenced,F,
2026,D,2,Z2,Urochloa brizantha,5,12.8,Unfenced,F,
2026,D,2,Z2,Setaria pumila,4,13,Unfenced,F,
2026,D,2,Z2,Chloris virgata,4,12.4,Unfenced,F,
2026,D,2,Z2,Setaria pumila,19,14,Unfenced,F,
2026,D,2,Z2,Heteropogon contortus,3,14.4,Unfenced,F,
2026,D,2,Z2,Eragrostis cylindriflora,15,13.8,Unfenced,F,
2026,D,2,Z2,Chloris virgata,4,13.7,Unfenced,F,
2026,D,2,Z2,Aristida nemorivaga,4,NA,Unfenced,F,
2026,D,2,Z2,Heteropogon contortus,8,10.7,Unfenced,F,
2026,D,2,Z2,Enteropogon macrostachyus,3,12.8,Unfenced,F,
2026,D,2,Z2,Eragrostis cylindriflora,12,12.1,Unfenced,F,
2026,D,2,Z2,Setaria pumila,8,11.9,Unfenced,F,
2026,D,2,Z4,Eragrostis cylindriflora,7,26.5,Unfenced,F,
2026,D,2,Z4,Heteropogon contortus,8,31.8,Unfenced,F,
2026,D,2,Z4,Digitaria eriantha,2,29.4,Unfenced,F,
2026,D,2,Z4,Melinis repens,2,26.4,Unfenced,F,
2026,D,2,Z4,Setaria pumila,5,NA,Unfenced,F,
2026,D,2,Z4,Heteropogon contortus,3,24.5,Unfenced,F,
2026,D,2,Z4,Chloris virgata,5,26.4,Unfenced,F,
2026,D,2,Z4,Aristida adscensionis,10,24.8,Unfenced,F,
2026,D,2,Z4,Digitaria velutina,16,19.5,Unfenced,F,
2026,D,2,Z4,Setaria pumila,8,NA,Unfenced,F,
2026,D,2,Z4,Diheteropogon amplectens,2,NA,Unfenced,F,
2026,D,2,Z4,Urochloa brizantha,4,NA,Unfenced,F,
2026,D,2,Z4,Eragrostis cylindriflora,9,NA,Unfenced,F,
2026,D,2,Z4,Setaria pumila,6,10,Unfenced,F,
2026,D,2,Z4,Urochloa brizantha,7,13.4,Unfenced,F,
2026,D,2,Z4,NA,NA,13,Unfenced,F,
2026,D,2,Z4,NA,NA,12.8,Unfenced,F,
2026,D,2,Z4,Urochloa nigropedata,13,26.4,Unfenced,F,
2026,D,2,Z4,Heteropogon contortus,15,24.7,Unfenced,F,
2026,D,2,Z4,Eragrostis cylindriflora,3,26.3,Unfenced,F,
2026,D,2,Z4,Setaria pumila,2,25.8,Unfenced,F,
2026,D,2,Z4,Urochloa brizantha,4,NA,Unfenced,F,
2026,D,2,Z4,Urochloa brizantha,7,17,Unfenced,F,
2026,D,2,Z4,Aristida adscensionis,4,12.2,Unfenced,F,
2026,D,2,Z4,Eragrostis cylindriflora,3,8.5,Unfenced,F,
2026,D,2,Z4,Enteropogon macrostachyus,4,7.5,Unfenced,F,
2026,D,2,Z1,Heteropogon contortus,9,49.8,Fenced,F,
2026,D,2,Z1,Setaria pumila,7,51,Fenced,F,
2026,D,2,Z1,Aristida adscensionis,4,52.5,Fenced,F,
2026,D,2,Z1,Eragrostis cylindriflora,2,43,Fenced,F,
2026,D,2,Z1,Enteropogon macrostachyus,2,19.1,Fenced,F,
2026,D,2,Z1,Urochloa nigropedata,1,18.1,Fenced,F,
2026,D,2,Z1,Setaria pumila,3,15.6,Fenced,F,
2026,D,2,Z1,Chloris virgata,3,16.9,Fenced,F,
2026,D,2,Z1,Digitaria velutina,16,NA,Fenced,F,
2026,D,2,Z1,Aristida adscensionis,5,NA,Fenced,F,
2026,D,2,Z1,Heteropogon contortus,2,NA,Fenced,F,
2026,D,2,Z1,Chloris virgata,4,20.2,Fenced,F,
2026,D,2,Z1,Urochloa nigropedata,5,28.1,Fenced,F,
2026,D,2,Z1,Eragrostis cylindriflora,5,24,Fenced,F,
2026,D,2,Z1,Megathyrsus maximus,4,23.1,Fenced,F,
2026,D,2,Z1,Aristida adscensionis,3,NA,Fenced,F,
2026,D,2,Z1,Sorghum bicolor,2,NA,Fenced,F,
2026,D,2,Z1,Setaria pumila,5,7.6,Fenced,F,Sedges
2026,D,2,Z1,Urochloa nigropedata,4,11,Fenced,F,
2026,D,2,Z1,NA,NA,14.4,Fenced,F,
2026,D,2,Z1,NA,NA,14,Fenced,F,
2026,D,2,Z1,Eragrostis cylindriflora,3,11,Fenced,F,
2026,D,2,Z1,Urochloa brizantha,2,8.1,Fenced,F,
2026,D,2,Z1,Heteropogon contortus,1,8.1,Fenced,F,
2026,D,2,Z1,Enteropogon macrostachyus,3,1.1,Fenced,F,
2026,D,2,Z1,Eragrostis gummiflua,3,NA,Fenced,F,
2026,D,3,Z3,Heteropogon contortus,4,53.3,Fenced,TF,
2026,D,3,Z3,Sorghum bicolor,2,60.4,Fenced,TF,
2026,D,3,Z3,Eragrostis cylindriflora,9,46.3,Fenced,TF,
2026,D,3,Z3,Aristida adscensionis,10,64.8,Fenced,TF,
2026,D,3,Z3,Digitaria velutina,7,NA,Fenced,TF,
2026,D,3,Z3,Chloris virgata,3,NA,Fenced,TF,
2026,D,3,Z3,Heteropogon contortus,7,34.3,Fenced,TF,
2026,D,3,Z3,Diheteropogon amplectens,4,37.1,Fenced,TF,
2026,D,3,Z3,Setaria pumila,12,35.3,Fenced,TF,
2026,D,3,Z3,Digitaria velutina,4,32.8,Fenced,TF,
2026,D,3,Z3,Eragrostis cylindriflora,5,NA,Fenced,TF,
2026,D,3,Z3,Aristida adscensionis,4,NA,Fenced,TF,
2026,D,3,Z3,Eragrostis gummiflua,12,NA,Fenced,TF,
2026,D,3,Z3,Heteropogon contortus,5,45.9,Fenced,TF,Sedges
2026,D,3,Z3,Eragrostis cylindriflora,9,43.1,Fenced,TF,
2026,D,3,Z3,Setaria pumila,3,1,Fenced,TF,
2026,D,3,Z3,NA,NA,1,Fenced,TF,
2026,D,3,Z3,Enteropogon macrostachyus,8,36.4,Fenced,TF,
2026,D,3,Z3,Eragrostis cylindriflora,7,30.1,Fenced,TF,
2026,D,3,Z3,Setaria pumila,2,30.4,Fenced,TF,
2026,D,3,Z3,Heteropogon contortus,3,31,Fenced,TF,
2026,D,3,Z3,Sorghum bicolor,15,21.8,Fenced,TF,
2026,D,3,Z3,Setaria pumila,2,25.7,Fenced,TF,
2026,D,3,Z3,NA,NA,22.6,Fenced,TF,
2026,D,3,Z3,NA,NA,22,Fenced,TF,
2026,D,3,Z1,Setaria pumila,5,19.6,Fenced,TF,
2026,D,3,Z1,Heteropogon contortus,3,19.9,Fenced,TF,
2026,D,3,Z1,Enteropogon macrostachyus,2,20.4,Fenced,TF,
2026,D,3,Z1,Eragrostis cylindriflora,3,12,Fenced,TF,
2026,D,3,Z1,Eragrostis cylindriflora,5,NA,Fenced,TF,
2026,D,3,Z1,Setaria pumila,35,38.8,Fenced,TF,
2026,D,3,Z1,Heteropogon contortus,7,36.2,Fenced,TF,
2026,D,3,Z1,Eragrostis cylindriflora,3,35,Fenced,TF,
2026,D,3,Z1,Enteropogon macrostachyus,2,35.5,Fenced,TF,
2026,D,3,Z1,Eragrostis curvula,4,NA,Fenced,TF,
2026,D,3,Z1,Megathyrsus maximus,5,NA,Fenced,TF,
2026,D,3,Z1,Urochloa brizantha,2,NA,Fenced,TF,
2026,D,3,Z1,Cymbopogon caesius,2,31.1,Fenced,TF,
2026,D,3,Z1,Enteropogon macrostachyus,5,39.3,Fenced,TF,
2026,D,3,Z1,Setaria pumila,8,41.2,Fenced,TF,
2026,D,3,Z1,Eragrostis cylindriflora,8,44.6,Fenced,TF,
2026,D,3,Z1,Eragrostis gummiflua,21,NA,Fenced,TF,
2026,D,3,Z1,Eragrostis cylindriflora,4,NA,Fenced,TF,
2026,D,3,Z1,Heteropogon contortus,5,33.8,Fenced,TF,
2026,D,3,Z1,Chloris virgata,2,36.9,Fenced,TF,
2026,D,3,Z1,Aristida adscensionis,2,30,Fenced,TF,
2026,D,3,Z1,NA,NA,32.9,Fenced,TF,
2026,D,3,Z1,Sorghum bicolor,23,30.6,Fenced,TF,
2026,D,3,Z1,Enteropogon macrostachyus,4,28.2,Fenced,TF,
2026,D,3,Z1,NA,NA,28.3,Fenced,TF,
2026,D,3,Z1,NA,NA,27.8,Fenced,TF,
2026,D,3,Z2,Heteropogon contortus,13,24.7,Unfenced,TF,
2026,D,3,Z2,Eragrostis cylindriflora,5,24.5,Unfenced,TF,
2026,D,3,Z2,Aristida nemorivaga,2,28,Unfenced,TF,
2026,D,3,Z2,Eragrostis gummiflua,14,27.2,Unfenced,TF,
2026,D,3,Z2,Setaria pumila,7,NA,Unfenced,TF,
2026,D,3,Z2,Setaria pumila,30,12.6,Unfenced,TF,
2026,D,3,Z2,Themeda triandra,4,14.8,Unfenced,TF,
2026,D,3,Z2,Heteropogon contortus,8,19.6,Unfenced,TF,
2026,D,3,Z2,Eragrostis cylindriflora,7,18.5,Unfenced,TF,
2026,D,3,Z2,Aristida adscensionis,11,NA,Unfenced,TF,
2026,D,3,Z2,Eragrostis gummiflua,22,NA,Unfenced,TF,
2026,D,3,Z2,Enteropogon macrostachyus,17,48.6,Unfenced,TF,
2026,D,3,Z2,Setaria pumila,7,29.1,Unfenced,TF,
2026,D,3,Z2,Eragrostis cylindriflora,2,26.2,Unfenced,TF,
2026,D,3,Z2,Aristida diffusa,3,21.6,Unfenced,TF,
2026,D,3,Z2,Enteropogon macrostachyus,4,1.1,Unfenced,TF,
2026,D,3,Z2,Megathyrsus maximus,1,0,Unfenced,TF,
2026,D,3,Z2,NA,NA,0,Unfenced,TF,
2026,D,3,Z2,NA,NA,0,Unfenced,TF,
2026,D,3,Z2,Megathyrsus maximus,3,26.3,Unfenced,TF,
2026,D,3,Z2,Urochloa nigropedata,4,19.7,Unfenced,TF,
2026,D,3,Z2,Setaria pumila,20,23.2,Unfenced,TF,
2026,D,3,Z2,Heteropogon contortus,6,19.2,Unfenced,TF,
2026,D,3,Z4,Urochloa brizantha,4,22.5,Unfenced,TF,
2026,D,3,Z4,Eragrostis curvula,2,20.6,Unfenced,TF,
2026,D,3,Z4,Aristida adscensionis,3,20.7,Unfenced,TF,
2026,D,3,Z4,Enteropogon macrostachyus,2,23.8,Unfenced,TF,
2026,D,3,Z4,Setaria pumila,12,26.1,Unfenced,TF,
2026,D,3,Z4,Melinis repens,3,24.5,Unfenced,TF,
2026,D,3,Z4,Heteropogon contortus,3,24.7,Unfenced,TF,
2026,D,3,Z4,Enteropogon macrostachyus,4,23.8,Unfenced,TF,
2026,D,3,Z4,Urochloa trichopus,1,NA,Unfenced,TF,
2026,D,3,Z4,Urochloa brizantha,1,NA,Unfenced,TF,
2026,D,3,Z4,Themeda triandra,2,NA,Unfenced,TF,
2026,D,3,Z4,Digitaria velutina,9,NA,Unfenced,TF,
2026,D,3,Z4,Eragrostis cylindriflora,4,NA,Unfenced,TF,
2026,D,3,Z4,Eragrostis gummiflua,6,NA,Unfenced,TF,
2026,D,3,Z4,Heteropogon contortus,12,50.3,Unfenced,TF,
2026,D,3,Z4,Chloris virgata,4,40.7,Unfenced,TF,
2026,D,3,Z4,Setaria pumila,10,38.2,Unfenced,TF,
2026,D,3,Z4,Eragrostis cylindriflora,2,3.1,Unfenced,TF,
2026,D,3,Z4,Aristida adscensionis,7,NA,Unfenced,TF,
2026,D,3,Z4,Megathyrsus maximus,2,NA,Unfenced,TF,
2026,D,3,Z4,Megathyrsus maximus,4,18.7,Unfenced,TF,
2026,D,3,Z4,Setaria pumila,15,19.5,Unfenced,TF,
2026,D,3,Z4,Melinis repens,2,22.2,Unfenced,TF,
2026,D,3,Z4,Enteropogon macrostachyus,6,24.1,Unfenced,TF,
2026,D,3,Z4,Setaria pumila,25,26,Unfenced,TF,
2026,D,3,Z4,Heteropogon contortus,3,20.6,Unfenced,TF,
2026,D,3,Z4,Digitaria velutina,5,23.1,Unfenced,TF,
2026,D,3,Z4,NA,NA,24.2,Unfenced,TF,
2026,D,4,Z3,Eragrostis gummiflua,4,63.9,Fenced,TFB,
2026,D,4,Z3,Heteropogon contortus,5,63.1,Fenced,TFB,
2026,D,4,Z3,Setaria pumila,2,45.8,Fenced,TFB,
2026,D,4,Z3,Digitaria velutina,3,44.6,Fenced,TFB,
2026,D,4,Z3,Sorghum bicolor,1,NA,Fenced,TFB,
2026,D,4,Z3,Heteropogon contortus,10,30.5,Fenced,TFB,
2026,D,4,Z3,Setaria pumila,7,31.4,Fenced,TFB,
2026,D,4,Z3,Digitaria eriantha,3,31.8,Fenced,TFB,
2026,D,4,Z3,Eragrostis gummiflua,4,31.2,Fenced,TFB,
2026,D,4,Z3,Melinis repens,1,NA,Fenced,TFB,
2026,D,4,Z3,Eragrostis gummiflua,3,62,Fenced,TFB,
2026,D,4,Z3,Eragrostis superba,3,43.5,Fenced,TFB,
2026,D,4,Z3,Melinis repens,2,36.6,Fenced,TFB,
2026,D,4,Z3,NA,NA,36.9,Fenced,TFB,
2026,D,4,Z3,Pogonarthria squarrosa,5,40,Fenced,TFB,herbs
2026,D,4,Z3,Eragrostis superba,2,28,Fenced,TFB,
2026,D,4,Z3,Tragus berteronianus,1,18.8,Fenced,TFB,
2026,D,4,Z3,Aristida diffusa,1,11.1,Fenced,TFB,
2026,D,4,Z3,Eragrostis gummiflua,13,NA,Fenced,TFB,
2026,D,4,Z3,Setaria pumila,19,48.1,Fenced,TFB,
2026,D,4,Z3,Digitaria velutina,9,46.2,Fenced,TFB,
2026,D,4,Z3,Heteropogon contortus,3,46.1,Fenced,TFB,
2026,D,4,Z3,NA,NA,30,Fenced,TFB,
2026,D,4,Z1,Heteropogon contortus,5,18.7,Fenced,TFB,
2026,D,4,Z1,Pogonarthria squarrosa,10,17.5,Fenced,TFB,
2026,D,4,Z1,Eragrostis superba,5,18.8,Fenced,TFB,
2026,D,4,Z1,Digitaria eriantha,4,17.8,Fenced,TFB,
2026,D,4,Z1,Eragrostis gummiflua,10,NA,Fenced,TFB,
2026,D,4,Z1,Aristida nemorivaga,7,23.2,Fenced,TFB,
2026,D,4,Z1,Heteropogon contortus,8,24.8,Fenced,TFB,
2026,D,4,Z1,Digitaria velutina,5,30.4,Fenced,TFB,
2026,D,4,Z1,Setaria pumila,1,29.1,Fenced,TFB,
2026,D,4,Z1,Setaria pumila,20,38.9,Fenced,TFB,
2026,D,4,Z1,Bothriochloa insculpta,3,29.1,Fenced,TFB,
2026,D,4,Z1,Aristida adscensionis,5,29.4,Fenced,TFB,
2026,D,4,Z1,Eragrostis viscosa,3,24.9,Fenced,TFB,
2026,D,4,Z1,Eragrostis cylindriflora,3,NA,Fenced,TFB,
2026,D,4,Z1,Digitaria velutina,3,NA,Fenced,TFB,
2026,D,4,Z1,Eragrostis gummiflua,5,NA,Fenced,TFB,
2026,D,4,Z1,Heteropogon contortus,4,NA,Fenced,TFB,
2026,D,4,Z1,Urochloa nigropedata,2,47.6,Fenced,TFB,
2026,D,4,Z1,Cymbopogon caesius,4,47.7,Fenced,TFB,
2026,D,4,Z1,Heteropogon contortus,3,48.9,Fenced,TFB,
2026,D,4,Z1,Setaria pumila,12,45.5,Fenced,TFB,
2026,D,4,Z1,Urochloa brizantha,5,44.2,Fenced,TFB,
2026,D,4,Z1,Digitaria velutina,15,48.3,Fenced,TFB,
2026,D,4,Z1,Eragrostis cylindriflora,3,46.7,Fenced,TFB,
2026,D,4,Z1,Setaria pumila,6,34.1,Fenced,TFB,
2026,D,4,Z1,Eragrostis cylindriflora,8,NA,Fenced,TFB,
2026,D,4,Z1,Eragrostis gummiflua,20,NA,Fenced,TFB,
2026,D,4,Z1,Aristida diffusa,3,NA,Fenced,TFB,
2026,D,4,Z2,Setaria pumila,12,36.1,Unfenced,TFB,
2026,D,4,Z2,Megathyrsus maximus,4,29.7,Unfenced,TFB,
2026,D,4,Z2,Aristida nemorivaga,3,26.7,Unfenced,TFB,
2026,D,4,Z2,Aristida diffusa,4,21.4,Unfenced,TFB,
2026,D,4,Z2,Heteropogon contortus,17,28.1,Unfenced,TFB,
2026,D,4,Z2,Melinis repens,3,28.8,Unfenced,TFB,
2026,D,4,Z2,Aristida congesta b,5,28,Unfenced,TFB,
2026,D,4,Z2,Eragrostis cylindriflora,3,27.4,Unfenced,TFB,
2026,D,4,Z2,Setaria pumila,10,NA,Unfenced,TFB,
2026,D,4,Z2,Megathyrsus maximus,4,NA,Unfenced,TFB,
2026,D,4,Z2,Enteropogon macrostachyus,7,18.3,Unfenced,TFB,
2026,D,4,Z2,Setaria pumila,4,32.8,Unfenced,TFB,
2026,D,4,Z2,Heteropogon contortus,5,6.7,Unfenced,TFB,
2026,D,4,Z2,Digitaria velutina,3,7.8,Unfenced,TFB,
2026,D,4,Z2,Eragrostis gummiflua,7,NA,Unfenced,TFB,
2026,D,4,Z2,Eragrostis cylindriflora,7,10.4,Unfenced,TFB,
2026,D,4,Z2,Digitaria velutina,5,11.6,Unfenced,TFB,
2026,D,4,Z2,Heteropogon contortus,6,16,Unfenced,TFB,
2026,D,4,Z2,Enteropogon macrostachyus,1,18,Unfenced,TFB,
2026,D,4,Z2,Eragrostis gummiflua,3,NA,Unfenced,TFB,
2026,D,4,Z2,Heteropogon contortus,3,32.3,Unfenced,TFB,
2026,D,4,Z2,Urochloa brizantha,2,48,Unfenced,TFB,
2026,D,4,Z2,Digitaria velutina,7,45.2,Unfenced,TFB,
2026,D,4,Z2,Megathyrsus maximus,3,43.3,Unfenced,TFB,
2026,D,4,Z2,Eragrostis cylindriflora,4,NA,Unfenced,TFB,
2026,D,4,Z2,Setaria pumila,8,NA,Unfenced,TFB,
2026,D,4,Z2,Tragus berteronianus,3,NA,Unfenced,TFB,
2026,D,4,Z4,Eragrostis curvula,5,20.3,Unfenced,TFB,
2026,D,4,Z4,Eragrostis superba,3,20.2,Unfenced,TFB,
2026,D,4,Z4,Eragrostis cylindriflora,3,16.7,Unfenced,TFB,
2026,D,4,Z4,Heteropogon contortus,8,14.2,Unfenced,TFB,
2026,D,4,Z4,Setaria pumila,4,NA,Unfenced,TFB,
2026,D,4,Z4,Aristida nemorivaga,4,NA,Unfenced,TFB,
2026,D,4,Z4,Megathyrsus maximus,3,NA,Unfenced,TFB,
2026,D,4,Z4,Eragrostis gummiflua,5,32,Unfenced,TFB,
2026,D,4,Z4,Aristida nemorivaga,2,35.8,Unfenced,TFB,
2026,D,4,Z4,Megathyrsus maximus,9,34.7,Unfenced,TFB,
2026,D,4,Z4,Heteropogon contortus,7,30.9,Unfenced,TFB,
2026,D,4,Z4,Eragrostis superba,3,NA,Unfenced,TFB,
2026,D,4,Z4,Setaria pumila,10,NA,Unfenced,TFB,
2026,D,4,Z4,Eragrostis curvula,2,40.1,Unfenced,TFB,
2026,D,4,Z4,Tragus berteronianus,10,20.1,Unfenced,TFB,
2026,D,4,Z4,Heteropogon contortus,15,21.8,Unfenced,TFB,
2026,D,4,Z4,Cymbopogon caesius,1,25.1,Unfenced,TFB,
2026,D,4,Z4,Urochloa brizantha,1,NA,Unfenced,TFB,
2026,D,4,Z4,Setaria pumila,5,NA,Unfenced,TFB,
2026,D,4,Z4,Melinis repens,2,NA,Unfenced,TFB,
2026,D,4,Z4,Heteropogon contortus,10,31.6,Unfenced,TFB,
2026,D,4,Z4,Eragrostis cylindriflora,1,30.6,Unfenced,TFB,
2026,D,4,Z4,Eragrostis gummiflua,3,20,Unfenced,TFB,
2026,D,4,Z4,Setaria pumila,7,20.6,Unfenced,TFB,
2026,D,4,Z4,Digitaria velutina,3,NA,Unfenced,TFB,
2026,D,4,Z4,Digitaria eriantha,4,28.7,Unfenced,TFB,
2026,D,4,Z4,Heteropogon contortus,4,10.9,Unfenced,TFB,
2026,D,4,Z4,Eragrostis superba,5,11.2,Unfenced,TFB,
2026,D,4,Z4,Aristida diffusa,3,10.2,Unfenced,TFB,
2026,D,4,Z4,Eragrostis gummiflua,4,NA,Unfenced,TFB,
2026,D,5,Z3,Aristida nemorivaga,6,44.8,Fenced,THF,
2026,D,5,Z3,Setaria pumila,13,43,Fenced,THF,
2026,D,5,Z3,Heteropogon contortus,3,14.6,Fenced,THF,
2026,D,5,Z3,Digitaria velutina,3,15.2,Fenced,THF,
2026,D,5,Z3,Heteropogon contortus,6,48.5,Fenced,THF,
2026,D,5,Z3,Eragrostis gummiflua,8,37.7,Fenced,THF,
2026,D,5,Z3,Eragrostis cylindriflora,3,39.3,Fenced,THF,
2026,D,5,Z3,Setaria pumila,8,39.7,Fenced,THF,
2026,D,5,Z3,Digitaria velutina,5,22,Fenced,THF,
2026,D,5,Z3,Cymbopogon caesius,1,63.9,Fenced,THF,
2026,D,5,Z3,Heteropogon contortus,7,29.3,Fenced,THF,
2026,D,5,Z3,Eragrostis gummiflua,13,62.6,Fenced,THF,
2026,D,5,Z3,Setaria pumila,2,NA,Fenced,THF,
2026,D,5,Z3,Megathyrsus maximus,2,22.5,Fenced,THF,
2026,D,5,Z3,Heteropogon contortus,12,33.6,Fenced,THF,
2026,D,5,Z3,NA,NA,39.5,Fenced,THF,
2026,D,5,Z3,NA,NA,38.2,Fenced,THF,
2026,D,5,Z3,NA,NA,NA,Fenced,THF,
2026,D,5,Z3,Setaria pumila,7,46.2,Fenced,THF,
2026,D,5,Z3,Enteropogon macrostachyus,5,46.6,Fenced,THF,
2026,D,5,Z3,Aristida adscensionis,4,45.3,Fenced,THF,
2026,D,5,Z3,NA,NA,45.3,Fenced,THF,
2026,D,5,Z3,NA,NA,NA,Fenced,THF,
2026,D,5,Z1,Pogonarthria squarrosa,15,26.1,Fenced,THF,
2026,D,5,Z1,Urochloa nigropedata,3,32.3,Fenced,THF,
2026,D,5,Z1,Bothriochloa insculpta,3,29.6,Fenced,THF,
2026,D,5,Z1,Eragrostis gummiflua,20,24.6,Fenced,THF,
2026,D,5,Z1,Heteropogon contortus,5,NA,Fenced,THF,
2026,D,5,Z1,Heteropogon contortus,5,40,Fenced,THF,
2026,D,5,Z1,Setaria pumila,12,38.5,Fenced,THF,
2026,D,5,Z1,Setaria sphacelata,1,31,Fenced,THF,
2026,D,5,Z1,NA,NA,32.7,Fenced,THF,
2026,D,5,Z1,NA,NA,NA,Fenced,THF,
2026,D,5,Z1,Digitaria velutina,4,40.1,Fenced,THF,
2026,D,5,Z1,Aristida nemorivaga,4,40.9,Fenced,THF,
2026,D,5,Z1,Heteropogon contortus,6,46,Fenced,THF,
2026,D,5,Z1,Urochloa brizantha,2,48.4,Fenced,THF,
2026,D,5,Z1,Setaria pumila,4,NA,Fenced,THF,
2026,D,5,Z1,Megathyrsus maximus,2,NA,Fenced,THF,
2026,D,5,Z1,Heteropogon contortus,17,20.6,Fenced,THF,
2026,D,5,Z1,Urochloa brizantha,18,27.5,Fenced,THF,
2026,D,5,Z1,Setaria pumila,10,33.1,Fenced,THF,
2026,D,5,Z1,NA,NA,54.4,Fenced,THF,
2026,D,5,Z1,Heteropogon contortus,11,49.7,Fenced,THF,
2026,D,5,Z1,Eragrostis gummiflua,3,43.5,Fenced,THF,
2026,D,5,Z1,Tragus berteronianus,3,45.2,Fenced,THF,
2026,D,5,Z1,Megathyrsus maximus,5,38.1,Fenced,THF,
2026,D,5,Z1,Aristida nemorivaga,4,NA,Fenced,THF,
2026,D,5,Z2,Heteropogon contortus,21,25,Unfenced,THF,
2026,D,5,Z2,Eragrostis cylindriflora,3,31.4,Unfenced,THF,
2026,D,5,Z2,Digitaria velutina,4,28.8,Unfenced,THF,
2026,D,5,Z2,Eragrostis viscosa,5,24.8,Unfenced,THF,
2026,D,5,Z2,Tragus berteronianus,8,NA,Unfenced,THF,
2026,D,5,Z2,Setaria pumila,9,NA,Unfenced,THF,
2026,D,5,Z2,Eragrostis gummiflua,15,NA,Unfenced,THF,
2026,D,5,Z2,Digitaria velutina,4,NA,Unfenced,THF,
2026,D,5,Z2,Chloris virgata,13,10.4,Unfenced,THF,
2026,D,5,Z2,Tragus berteronianus,4,13.6,Unfenced,THF,
2026,D,5,Z2,Setaria pumila,5,11.5,Unfenced,THF,
2026,D,5,Z2,Megathyrsus maximus,17,12.7,Unfenced,THF,
2026,D,5,Z2,Setaria pumila,20,42.3,Unfenced,THF,
2026,D,5,Z2,Eragrostis cylindriflora,7,42.4,Unfenced,THF,
2026,D,5,Z2,Megathyrsus maximus,5,43.6,Unfenced,THF,
2026,D,5,Z2,Enteropogon macrostachyus,4,45.9,Unfenced,THF,
2026,D,5,Z2,Chloris virgata,2,NA,Unfenced,THF,
2026,D,5,Z2,Urochloa nigropedata,3,8.7,Unfenced,THF,
2026,D,5,Z2,Eragrostis cylindriflora,6,8.9,Unfenced,THF,
2026,D,5,Z2,Chloris virgata,2,12.8,Unfenced,THF,
2026,D,5,Z2,Eragrostis viscosa,1,13.3,Unfenced,THF,
2026,D,5,Z2,Tragus berteronianus,5,NA,Unfenced,THF,
2026,D,5,Z2,Setaria pumila,3,NA,Unfenced,THF,
2026,D,5,Z2,Aristida diffusa,4,NA,Unfenced,THF,
2026,D,5,Z2,Enteropogon macrostachyus,5,13.6,Unfenced,THF,
2026,D,5,Z2,Digitaria velutina,12,38.8,Unfenced,THF,
2026,D,5,Z2,Heteropogon contortus,3,41.2,Unfenced,THF,
2026,D,5,Z2,Eragrostis viscosa,3,43.4,Unfenced,THF,
2026,D,5,Z2,Tragus berteronianus,2,NA,Unfenced,THF,
2026,D,5,Z2,Chloris virgata,1,NA,Unfenced,THF,
2026,D,5,Z2,Aristida diffusa,1,NA,Unfenced,THF,
2026,D,5,Z4,Aristida diffusa,3,24.9,Unfenced,THF,
2026,D,5,Z4,Heteropogon contortus,3,11.2,Unfenced,THF,
2026,D,5,Z4,Enteropogon macrostachyus,4,10.9,Unfenced,THF,
2026,D,5,Z4,Setaria pumila,5,19.1,Unfenced,THF,
2026,D,5,Z4,Eragrostis gummiflua,3,NA,Unfenced,THF,
2026,D,5,Z4,Cymbopogon caesius,2,14.8,Unfenced,THF,
2026,D,5,Z4,Urochloa brizantha,1,12,Unfenced,THF,
2026,D,5,Z4,Eragrostis cylindriflora,1,14,Unfenced,THF,
2026,D,5,Z4,NA,NA,14.4,Unfenced,THF,
2026,D,5,Z4,Heteropogon contortus,13,37.1,Unfenced,THF,
2026,D,5,Z4,Eragrostis gummiflua,7,33.4,Unfenced,THF,
2026,D,5,Z4,NA,NA,26.8,Unfenced,THF,
2026,D,5,Z4,NA,NA,24,Unfenced,THF,
2026,D,5,Z4,NA,NA,NA,Unfenced,THF,
2026,D,5,Z4,Eragrostis superba,2,14.5,Unfenced,THF,
2026,D,5,Z4,Heteropogon contortus,14,19.3,Unfenced,THF,
2026,D,5,Z4,Aristida nemorivaga,5,18.1,Unfenced,THF,
2026,D,5,Z4,Eragrostis gummiflua,6,16.5,Unfenced,THF,
2026,D,5,Z4,Aristida diffusa,3,48.8,Unfenced,THF,
2026,D,5,Z4,Aristida nemorivaga,5,42.6,Unfenced,THF,
2026,D,5,Z4,Digitaria velutina,4,38.1,Unfenced,THF,
2026,D,5,Z4,Heteropogon contortus,10,30.3,Unfenced,THF,
2026,D,5,Z4,Urochloa brizantha,3,NA,Unfenced,THF,
2026,C,2,Z4,Megathyrsus maximus,1,7.2,Unfenced,TFB,
2026,C,2,Z4,Eragrostis cylindriflora,3,10.9,Unfenced,TFB,
2026,C,2,Z4,NA,NA,10.4,Unfenced,TFB,
2026,C,2,Z4,NA,NA,8.4,Unfenced,TFB,
2026,C,2,Z4,Megathyrsus maximus,7,16,Unfenced,TFB,
2026,C,2,Z4,Digitaria velutina,6,15.2,Unfenced,TFB,
2026,C,2,Z4,Melinis repens,3,13.8,Unfenced,TFB,
2026,C,2,Z4,Setaria pumila,7,11.4,Unfenced,TFB,
2026,C,2,Z4,Setaria pumila,8,43.3,Unfenced,TFB,
2026,C,2,Z4,Megathyrsus maximus,5,80.5,Unfenced,TFB,
2026,C,2,Z4,Digitaria velutina,10,45.9,Unfenced,TFB,
2026,C,2,Z4,Eragrostis gummiflua,3,38.6,Unfenced,TFB,
2026,C,2,Z4,Megathyrsus maximus,5,30.3,Unfenced,TFB,
2026,C,2,Z4,Digitaria velutina,13,21,Unfenced,TFB,
2026,C,2,Z4,Setaria pumila,9,21.2,Unfenced,TFB,
2026,C,2,Z4,NA,NA,18.7,Unfenced,TFB,
2026,C,2,Z4,Megathyrsus maximus,3,30.8,Unfenced,TFB,
2026,C,2,Z4,Digitaria velutina,7,26.3,Unfenced,TFB,
2026,C,2,Z4,Setaria pumila,5,23.8,Unfenced,TFB,
2026,C,2,Z4,Urochloa brizantha,1,21.1,Unfenced,TFB,
2026,C,2,Z2,Megathyrsus maximus,5,14.7,Unfenced,TFB,Sedges
2026,C,2,Z2,Digitaria eriantha,8,12.6,Unfenced,TFB,
2026,C,2,Z2,Digitaria velutina,5,17.9,Unfenced,TFB,
2026,C,2,Z2,Setaria pumila,9,16.5,Unfenced,TFB,
2026,C,2,Z2,Megathyrsus maximus,4,18.6,Unfenced,TFB,Sedges
2026,C,2,Z2,Digitaria eriantha,2,13.8,Unfenced,TFB,
2026,C,2,Z2,Digitaria velutina,3,48.5,Unfenced,TFB,
2026,C,2,Z2,Setaria pumila,4,37.2,Unfenced,TFB,
2026,C,2,Z2,Aristida adscensionis,2,NA,Unfenced,TFB,
2026,C,2,Z2,Urochloa brizantha,8,33.8,Unfenced,TFB,
2026,C,2,Z2,Chloris virgata,12,30,Unfenced,TFB,
2026,C,2,Z2,Digitaria velutina,10,28.8,Unfenced,TFB,
2026,C,2,Z2,NA,NA,29.1,Unfenced,TFB,
2026,C,2,Z2,Urochloa brizantha,6,12.5,Unfenced,TFB,Sedges
2026,C,2,Z2,Megathyrsus maximus,7,9.9,Unfenced,TFB,
2026,C,2,Z2,Aristida diffusa,3,8.6,Unfenced,TFB,
2026,C,2,Z2,NA,NA,9.7,Unfenced,TFB,
2026,C,2,Z2,Setaria pumila,11,25,Unfenced,TFB,
2026,C,2,Z2,Digitaria velutina,13,20.2,Unfenced,TFB,
2026,C,2,Z2,Megathyrsus maximus,5,18.8,Unfenced,TFB,
2026,C,2,Z2,NA,NA,18.1,Unfenced,TFB,
2026,C,2,Z3,Megathyrsus maximus,8,33.8,Fenced,TFB,
2026,C,2,Z3,Setaria pumila,4,70.7,Fenced,TFB,
2026,C,2,Z3,Dactyloctenium aegyptium,2,45.3,Fenced,TFB,
2026,C,2,Z3,NA,NA,60.1,Fenced,TFB,
2026,C,2,Z3,Heteropogon contortus,5,18.9,Fenced,TFB,
2026,C,2,Z3,Eragrostis viscosa,13,10.8,Fenced,TFB,
2026,C,2,Z3,Aristida adscensionis,5,10.9,Fenced,TFB,
2026,C,2,Z3,Dactyloctenium aegyptium,4,18.6,Fenced,TFB,
2026,C,2,Z3,Eragrostis cylindriflora,21,19,Fenced,TFB,herbs
2026,C,2,Z3,Setaria pumila,5,19.9,Fenced,TFB,
2026,C,2,Z3,Eragrostis viscosa,2,11,Fenced,TFB,
2026,C,2,Z3,NA,NA,11.4,Fenced,TFB,
2026,C,2,Z3,Megathyrsus maximus,6,35.6,Fenced,TFB,
2026,C,2,Z3,Digitaria eriantha,4,35.8,Fenced,TFB,
2026,C,2,Z3,NA,NA,37,Fenced,TFB,
2026,C,2,Z3,NA,NA,35.7,Fenced,TFB,
2026,C,2,Z3,Megathyrsus maximus,6,68.8,Fenced,TFB,
2026,C,2,Z3,Digitaria velutina,15,66,Fenced,TFB,
2026,C,2,Z3,NA,NA,37.7,Fenced,TFB,
2026,C,2,Z3,NA,NA,56.1,Fenced,TFB,
2026,C,2,Z1,Setaria pumila,7,31.9,Fenced,TFB,
2026,C,2,Z1,Digitaria velutina,19,45.5,Fenced,TFB,
2026,C,2,Z1,Megathyrsus maximus,5,46.4,Fenced,TFB,
2026,C,2,Z1,NA,NA,30.5,Fenced,TFB,
2026,C,2,Z1,Aristida adscensionis,7,23.3,Fenced,TFB,
2026,C,2,Z1,Eragrostis viscosa,30,19.2,Fenced,TFB,
2026,C,2,Z1,Setaria pumila,17,18.5,Fenced,TFB,
2026,C,2,Z1,Digitaria eriantha,12,20,Fenced,TFB,
2026,C,2,Z1,Dactyloctenium aegyptium,5,NA,Fenced,TFB,
2026,C,2,Z1,Digitaria velutina,10,NA,Fenced,TFB,
2026,C,2,Z1,Digitaria velutina,25,15,Fenced,TFB,
2026,C,2,Z1,Setaria pumila,16,16.1,Fenced,TFB,
2026,C,2,Z1,Aristida adscensionis,3,16.7,Fenced,TFB,
2026,C,2,Z1,NA,NA,15.4,Fenced,TFB,
2026,C,2,Z1,Megathyrsus maximus,2,70.2,Fenced,TFB,
2026,C,2,Z1,Setaria pumila,3,50.2,Fenced,TFB,
2026,C,2,Z1,Digitaria velutina,5,37.2,Fenced,TFB,
2026,C,2,Z1,NA,NA,35.3,Fenced,TFB,
2026,C,2,Z1,Megathyrsus maximus,2,41.6,Fenced,TFB,
2026,C,2,Z1,Setaria pumila,3,36.5,Fenced,TFB,
2026,C,2,Z1,Digitaria velutina,5,30.7,Fenced,TFB,
2026,C,2,Z1,NA,NA,27.3,Fenced,TFB,
2026,C,5,Z1,Pogonarthria squarrosa,4,22.3,Fenced,THF,Sedges
2026,C,5,Z1,Digitaria eriantha,10,23.5,Fenced,THF,
2026,C,5,Z1,Chloris virgata,1,22.6,Fenced,THF,
2026,C,5,Z1,NA,NA,33,Fenced,THF,
2026,C,5,Z1,Pogonarthria squarrosa,8,30.8,Fenced,THF,Sedges
2026,C,5,Z1,Heteropogon contortus,7,35.1,Fenced,THF,
2026,C,5,Z1,NA,NA,44.5,Fenced,THF,
2026,C,5,Z1,NA,NA,48.6,Fenced,THF,
2026,C,5,Z1,Megathyrsus maximus,3,14.5,Fenced,THF,
2026,C,5,Z1,Heteropogon contortus,2,19,Fenced,THF,
2026,C,5,Z1,Digitaria velutina,12,19.1,Fenced,THF,
2026,C,5,Z1,NA,NA,20.4,Fenced,THF,
2026,C,5,Z1,Digitaria eriantha,10,25.3,Fenced,THF,
2026,C,5,Z1,Eragrostis gummiflua,4,29,Fenced,THF,
2026,C,5,Z1,Setaria pumila,3,25.2,Fenced,THF,
2026,C,5,Z1,Eragrostis viscosa,2,26.9,Fenced,THF,
2026,C,5,Z1,Megathyrsus maximus,5,34,Fenced,THF,
2026,C,5,Z1,Melinis repens,2,36.8,Fenced,THF,
2026,C,5,Z1,Digitaria velutina,9,46.1,Fenced,THF,
2026,C,5,Z1,NA,NA,48.5,Fenced,THF,
2026,C,5,Z2,Pogonarthria squarrosa,11,51.4,Fenced,THF,
2026,C,5,Z2,Heteropogon contortus,5,47.3,Fenced,THF,
2026,C,5,Z2,Melinis repens,2,52.3,Fenced,THF,
2026,C,5,Z2,Setaria pumila,3,50,Fenced,THF,
2026,C,5,Z2,Pogonarthria squarrosa,19,33,Fenced,THF,
2026,C,5,Z2,Heteropogon contortus,7,35,Fenced,THF,
2026,C,5,Z2,NA,NA,36.8,Fenced,THF,
2026,C,5,Z2,NA,NA,29,Fenced,THF,
2026,C,5,Z2,Megathyrsus maximus,4,60.6,Fenced,THF,
2026,C,5,Z2,NA,NA,37.7,Fenced,THF,
2026,C,5,Z2,NA,NA,1,Fenced,THF,
2026,C,5,Z2,NA,NA,27.5,Fenced,THF,
2026,C,5,Z2,Megathyrsus maximus,3,80.8,Fenced,THF,
2026,C,5,Z2,Setaria pumila,10,44,Fenced,THF,
2026,C,5,Z2,Digitaria velutina,8,33.1,Fenced,THF,
2026,C,5,Z2,NA,NA,26,Fenced,THF,
2026,C,5,Z2,NA,NA,NA,Fenced,THF,
2026,C,5,Z2,Megathyrsus maximus,7,50.9,Fenced,THF,
2026,C,5,Z2,Digitaria velutina,1,38.8,Fenced,THF,
2026,C,5,Z2,NA,NA,45.3,Fenced,THF,
2026,C,5,Z2,NA,NA,48.4,Fenced,THF,
2026,C,5,Z3,Digitaria velutina,20,11.2,Unfenced,THF,
2026,C,5,Z3,Megathyrsus maximus,3,10.6,Unfenced,THF,
2026,C,5,Z3,Chloris virgata,2,24.2,Unfenced,THF,
2026,C,5,Z3,Setaria pumila,7,20.3,Unfenced,THF,
2026,C,5,Z3,Digitaria velutina,21,11.5,Unfenced,THF,
2026,C,5,Z3,Urochloa brizantha,3,10.2,Unfenced,THF,
2026,C,5,Z3,NA,NA,12.3,Unfenced,THF,
2026,C,5,Z3,NA,NA,9.6,Unfenced,THF,
2026,C,5,Z3,Pogonarthria squarrosa,6,31.1,Unfenced,THF,
2026,C,5,Z3,Urochloa brizantha,4,39.5,Unfenced,THF,
2026,C,5,Z3,Urochloa oligotricha,1,37.1,Unfenced,THF,
2026,C,5,Z3,Aristida adscensionis,4,27.6,Unfenced,THF,
2026,C,5,Z3,Setaria pumila,5,NA,Unfenced,THF,
2026,C,5,Z3,Eragrostis gummiflua,3,NA,Unfenced,THF,
2026,C,5,Z3,Eragrostis viscosa,5,NA,Unfenced,THF,
2026,C,5,Z3,Heteropogon contortus,4,36.6,Unfenced,THF,Sedges
2026,C,5,Z3,Digitaria velutina,19,21.2,Unfenced,THF,
2026,C,5,Z3,Setaria pumila,7,28.4,Unfenced,THF,
2026,C,5,Z3,Urochloa brizantha,3,24.2,Unfenced,THF,
2026,C,5,Z3,Megathyrsus maximus,4,16.5,Unfenced,THF,
2026,C,5,Z3,Digitaria velutina,20,18.7,Unfenced,THF,
2026,C,5,Z3,NA,NA,19.7,Unfenced,THF,
2026,C,5,Z3,NA,NA,17.1,Unfenced,THF,
2026,C,5,Z4,Digitaria velutina,7,8.2,Unfenced,THF,
2026,C,5,Z4,Megathyrsus maximus,2,9.5,Unfenced,THF,
2026,C,5,Z4,NA,NA,8,Unfenced,THF,
2026,C,5,Z4,NA,NA,6.2,Unfenced,THF,
2026,C,5,Z4,Urochloa oligotricha,3,12.2,Unfenced,THF,
2026,C,5,Z4,Digitaria eriantha,27,14.3,Unfenced,THF,
2026,C,5,Z4,Aristida adscensionis,14,17.1,Unfenced,THF,
2026,C,5,Z4,Setaria pumila,8,17.1,Unfenced,THF,
2026,C,5,Z4,Eragrostis curvula,3,NA,Unfenced,THF,
2026,C,5,Z4,Aristida adscensionis,11,18.2,Unfenced,THF,Sedges
2026,C,5,Z4,Pogonarthria squarrosa,5,20.8,Unfenced,THF,
2026,C,5,Z4,Megathyrsus maximus,6,13.9,Unfenced,THF,
2026,C,5,Z4,Setaria pumila,5,14,Unfenced,THF,
2026,C,5,Z4,Heteropogon contortus,8,NA,Unfenced,THF,
2026,C,5,Z4,Eragrostis viscosa,3,NA,Unfenced,THF,
2026,C,5,Z4,Aristida adscensionis,30,12,Unfenced,THF,
2026,C,5,Z4,Heteropogon contortus,12,10.5,Unfenced,THF,
2026,C,5,Z4,Setaria pumila,14,10.1,Unfenced,THF,
2026,C,5,Z4,Digitaria eriantha,6,10.1,Unfenced,THF,
2026,C,5,Z4,Heteropogon contortus,2,15.1,Unfenced,THF,
2026,C,5,Z4,Urochloa oligotricha,1,16,Unfenced,THF,
2026,C,5,Z4,Digitaria velutina,8,14.1,Unfenced,THF,
2026,C,5,Z4,NA,NA,16.2,Unfenced,THF,
2026,F,1,Z1,Digitaria eriantha,25,6.1,Fenced,C,
2026,F,1,Z1,Aristida adscensionis,11,9.7,Fenced,C,
2026,F,1,Z1,NA,NA,9.5,Fenced,C,
2026,F,1,Z1,NA,NA,9,Fenced,C,
2026,F,1,Z1,Pogonarthria squarrosa,1,14.4,Fenced,C,
2026,F,1,Z1,Digitaria eriantha,3,17,Fenced,C,
2026,F,1,Z1,Eragrostis superba,1,17.4,Fenced,C,
2026,F,1,Z1,Eragrostis gummiflua,20,16.7,Fenced,C,
2026,F,1,Z1,Aristida adscensionis,4,NA,Fenced,C,
2026,F,1,Z1,Heteropogon contortus,2,NA,Fenced,C,
2026,F,1,Z1,Eragrostis cylindriflora,3,17.4,Fenced,C,
2026,F,1,Z1,Pogonarthria squarrosa,8,15.2,Fenced,C,
2026,F,1,Z1,Eragrostis gummiflua,15,14.7,Fenced,C,
2026,F,1,Z1,NA,NA,14.2,Fenced,C,
2026,F,1,Z1,Heteropogon contortus,4,20.9,Fenced,C,
2026,F,1,Z1,Pogonarthria squarrosa,5,19,Fenced,C,
2026,F,1,Z1,Eragrostis superba,1,16.3,Fenced,C,
2026,F,1,Z1,Eragrostis gummiflua,20,14,Fenced,C,
2026,F,1,Z1,Digitaria eriantha,10,15,Fenced,C,
2026,F,1,Z1,Eragrostis cylindriflora,3,18.6,Fenced,C,
2026,F,1,Z1,Heteropogon contortus,2,16.5,Fenced,C,
2026,F,1,Z1,Eragrostis gummiflua,15,15.6,Fenced,C,
2026,F,1,Z2,Heteropogon contortus,3,16.8,Fenced,C,
2026,F,1,Z2,Digitaria eriantha,2,13.9,Fenced,C,
2026,F,1,Z2,Eragrostis cylindriflora,2,11.8,Fenced,C,
2026,F,1,Z2,Eragrostis gummiflua,2,24.9,Fenced,C,
2026,F,1,Z2,Heteropogon contortus,3,10.8,Fenced,C,Sedges
2026,F,1,Z2,Digitaria eriantha,1,10,Fenced,C,
2026,F,1,Z2,Eragrostis gummiflua,3,8.2,Fenced,C,
2026,F,1,Z2,NA,NA,1,Fenced,C,
2026,F,1,Z2,Heteropogon contortus,8,5.8,Fenced,C,Sedges
2026,F,1,Z2,Eragrostis superba,1,10,Fenced,C,
2026,F,1,Z2,Eragrostis cylindriflora,2,7.9,Fenced,C,
2026,F,1,Z2,Eragrostis gummiflua,7,7.2,Fenced,C,
2026,F,1,Z2,Heteropogon contortus,5,10.2,Fenced,C,Sedges
2026,F,1,Z2,Eragrostis superba,2,10.2,Fenced,C,
2026,F,1,Z2,Eragrostis cylindriflora,1,8.8,Fenced,C,
2026,F,1,Z2,Aristida adscensionis,10,8.4,Fenced,C,
2026,F,1,Z2,Enteropogon macrostachyus,2,NA,Fenced,C,
2026,F,1,Z2,Heteropogon contortus,4,25.1,Fenced,C,
2026,F,1,Z2,Digitaria eriantha,6,26.9,Fenced,C,
2026,F,1,Z2,Eragrostis gummiflua,6,23.2,Fenced,C,
2026,F,1,Z2,NA,NA,22.1,Fenced,C,
2026,F,1,Z3,Eragrostis superba,2,7,Unfenced,C,
2026,F,1,Z3,Pogonarthria squarrosa,2,7.1,Unfenced,C,
2026,F,1,Z3,Eragrostis gummiflua,13,7.8,Unfenced,C,
2026,F,1,Z3,NA,NA,6.5,Unfenced,C,
2026,F,1,Z3,Eragrostis superba,3,8.6,Unfenced,C,
2026,F,1,Z3,Eragrostis gummiflua,30,7.1,Unfenced,C,
2026,F,1,Z3,NA,NA,7.6,Unfenced,C,
2026,F,1,Z3,NA,NA,7.9,Unfenced,C,
2026,F,1,Z3,Eragrostis gummiflua,13,5.2,Unfenced,C,Sedges
2026,F,1,Z3,Eragrostis cylindriflora,5,4.8,Unfenced,C,
2026,F,1,Z3,NA,NA,5.1,Unfenced,C,
2026,F,1,Z3,NA,NA,4.7,Unfenced,C,
2026,F,1,Z3,Eragrostis cylindriflora,1,9.5,Unfenced,C,
2026,F,1,Z3,Digitaria eriantha,5,10.4,Unfenced,C,
2026,F,1,Z3,Eragrostis viscosa,7,9.4,Unfenced,C,
2026,F,1,Z3,Eragrostis gummiflua,7,8.9,Unfenced,C,
2026,F,1,Z3,Aristida diffusa,7,12.9,Unfenced,C,
2026,F,1,Z3,Heteropogon contortus,6,11.7,Unfenced,C,
2026,F,1,Z3,Enteropogon macrostachyus,2,8.9,Unfenced,C,
2026,F,1,Z3,Eragrostis superba,4,8.9,Unfenced,C,
2026,F,1,Z3,Eragrostis gummiflua,3,NA,Unfenced,C,
2026,F,1,Z4,Eragrostis cylindriflora,13,9,Unfenced,C,
2026,F,1,Z4,Eragrostis gummiflua,11,8.5,Unfenced,C,
2026,F,1,Z4,NA,NA,8.4,Unfenced,C,
2026,F,1,Z4,NA,NA,8.5,Unfenced,C,
2026,F,1,Z4,Eragrostis superba,2,8.4,Unfenced,C,
2026,F,1,Z4,Aristida diffusa,3,8.2,Unfenced,C,
2026,F,1,Z4,Eragrostis cylindriflora,2,7.8,Unfenced,C,
2026,F,1,Z4,Eragrostis cylindriflora,7,7.7,Unfenced,C,
2026,F,1,Z4,Eragrostis gummiflua,10,NA,Unfenced,C,
2026,F,1,Z4,Digitaria eriantha,2,NA,Unfenced,C,
2026,F,1,Z4,Eragrostis cylindriflora,15,5.5,Unfenced,C,
2026,F,1,Z4,Aristida adscensionis,4,6.7,Unfenced,C,
2026,F,1,Z4,Eragrostis gummiflua,7,6.7,Unfenced,C,
2026,F,1,Z4,NA,NA,6.1,Unfenced,C,
2026,F,1,Z4,Digitaria eriantha,6,10,Unfenced,C,
2026,F,1,Z4,Eragrostis cylindriflora,9,10.3,Unfenced,C,
2026,F,1,Z4,Eragrostis gummiflua,15,10,Unfenced,C,
2026,F,1,Z4,NA,NA,9.5,Unfenced,C,
2026,F,1,Z4,Heteropogon contortus,3,14,Unfenced,C,
2026,F,1,Z4,Eragrostis superba,3,9,Unfenced,C,
2026,F,1,Z4,Eragrostis gummiflua,19,8.9,Unfenced,C,
2026,F,1,Z4,Pogonarthria squarrosa,2,8.2,Unfenced,C,
2026,F,1,Z4,Aristida congesta b,1,NA,Unfenced,C,
2026,F,2,Z3,Cynodon dactylon,7,15.5,Unfenced,F,
2026,F,2,Z3,Chloris virgata,5,16.8,Unfenced,F,
2026,F,2,Z3,Digitaria eriantha,11,14.7,Unfenced,F,
2026,F,2,Z3,NA,NA,15.5,Unfenced,F,
2026,F,2,Z3,Digitaria eriantha,9,9.3,Unfenced,F,
2026,F,2,Z3,Eragrostis cylindriflora,6,10.3,Unfenced,F,
2026,F,2,Z3,Eragrostis superba,1,10.8,Unfenced,F,
2026,F,2,Z3,Cynodon dactylon,2,11.3,Unfenced,F,
2026,F,2,Z3,Eragrostis viscosa,2,NA,Unfenced,F,
2026,F,2,Z3,Enteropogon macrostachyus,4,15.5,Unfenced,F,
2026,F,2,Z3,Eragrostis cylindriflora,4,13.1,Unfenced,F,
2026,F,2,Z3,Cynodon dactylon,6,12.2,Unfenced,F,
2026,F,2,Z3,Aristida adscensionis,2,11,Unfenced,F,
2026,F,2,Z3,Digitaria eriantha,4,NA,Unfenced,F,
2026,F,2,Z3,Heteropogon contortus,3,6.5,Unfenced,F,
2026,F,2,Z3,Pogonarthria squarrosa,2,7.9,Unfenced,F,
2026,F,2,Z3,Eragrostis superba,1,6.5,Unfenced,F,
2026,F,2,Z3,Cynodon dactylon,1,5.4,Unfenced,F,
2026,F,2,Z3,Digitaria eriantha,3,NA,Unfenced,F,
2026,F,2,Z3,Megathyrsus maximus,1,NA,Unfenced,F,
2026,F,2,Z3,Eragrostis cylindriflora,5,23,Unfenced,F,
2026,F,2,Z3,Pogonarthria squarrosa,4,23.3,Unfenced,F,
2026,F,2,Z3,Digitaria eriantha,7,21.7,Unfenced,F,
2026,F,2,Z3,Dactyloctenium aegyptium,2,20,Unfenced,F,
2026,F,2,Z3,Cynodon dactylon,8,NA,Unfenced,F,
2026,F,2,Z3,Enteropogon macrostachyus,1,NA,Unfenced,F,
2026,F,2,Z4,Enteropogon macrostachyus,4,15.5,Unfenced,F,
2026,F,2,Z4,Digitaria eriantha,5,12.6,Unfenced,F,
2026,F,2,Z4,Aristida adscensionis,7,9.7,Unfenced,F,
2026,F,2,Z4,NA,NA,9.3,Unfenced,F,
2026,F,2,Z4,Eragrostis viscosa,30,13.1,Unfenced,F,
2026,F,2,Z4,Digitaria eriantha,4,10.3,Unfenced,F,
2026,F,2,Z4,Cynodon dactylon,1,8.8,Unfenced,F,
2026,F,2,Z4,NA,NA,9.5,Unfenced,F,
2026,F,2,Z4,Eragrostis cylindriflora,1,12,Unfenced,F,Sedges
2026,F,2,Z4,Pogonarthria squarrosa,2,10.5,Unfenced,F,
2026,F,2,Z4,Enteropogon macrostachyus,1,9.5,Unfenced,F,
2026,F,2,Z4,Eragrostis viscosa,8,8.5,Unfenced,F,
2026,F,2,Z4,Digitaria eriantha,1,NA,Unfenced,F,
2026,F,2,Z4,Cynodon dactylon,4,NA,Unfenced,F,
2026,F,2,Z4,Digitaria eriantha,13,13.6,Unfenced,F,
2026,F,2,Z4,Heteropogon contortus,5,16,Unfenced,F,
2026,F,2,Z4,Aristida adscensionis,2,14.3,Unfenced,F,
2026,F,2,Z4,Setaria pumila,2,14.7,Unfenced,F,
2026,F,2,Z4,Dactyloctenium aegyptium,1,NA,Unfenced,F,
2026,F,2,Z4,Digitaria eriantha,3,10.3,Unfenced,F,
2026,F,2,Z4,Setaria pumila,12,16.6,Unfenced,F,
2026,F,2,Z4,Cynodon dactylon,8,16,Unfenced,F,
2026,F,2,Z4,Aristida adscensionis,2,14.5,Unfenced,F,
2026,F,2,Z4,Megathyrsus maximus,3,NA,Unfenced,F,
2026,F,2,Z2,Chloris virgata,13,16,Fenced,F,
2026,F,2,Z2,Eragrostis cylindriflora,5,15.5,Fenced,F,
2026,F,2,Z2,Aristida adscensionis,8,13.5,Fenced,F,
2026,F,2,Z2,Setaria pumila,6,13,Fenced,F,
2026,F,2,Z2,Pogonarthria squarrosa,5,14.7,Fenced,F,
2026,F,2,Z2,Digitaria eriantha,12,13.8,Fenced,F,
2026,F,2,Z2,Eragrostis cylindriflora,9,14.8,Fenced,F,
2026,F,2,Z2,Eragrostis viscosa,5,13.2,Fenced,F,
2026,F,2,Z2,Dactyloctenium giganteum,2,NA,Fenced,F,
2026,F,2,Z2,Megathyrsus maximus,2,NA,Fenced,F,
2026,F,2,Z2,Digitaria eriantha,11,5.4,Fenced,F,
2026,F,2,Z2,Setaria pumila,8,8.1,Fenced,F,
2026,F,2,Z2,Aristida adscensionis,4,6.7,Fenced,F,
2026,F,2,Z2,Heteropogon contortus,3,6.8,Fenced,F,
2026,F,2,Z2,Setaria pumila,2,10.2,Fenced,F,
2026,F,2,Z2,Digitaria eriantha,9,10.7,Fenced,F,
2026,F,2,Z2,NA,NA,11.3,Fenced,F,
2026,F,2,Z2,NA,NA,13.7,Fenced,F,
2026,F,2,Z2,Eragrostis cylindriflora,7,14.4,Fenced,F,
2026,F,2,Z2,Aristida adscensionis,4,14.5,Fenced,F,
2026,F,2,Z2,Digitaria eriantha,4,11.6,Fenced,F,
2026,F,2,Z2,Pogonarthria squarrosa,3,11.3,Fenced,F,
2026,F,2,Z2,Tragus berteronianus,3,NA,Fenced,F,
2026,F,2,Z2,Dactyloctenium giganteum,2,NA,Fenced,F,
2026,F,2,Z2,Cynodon dactylon,3,NA,Fenced,F,
2026,F,2,Z1,Aristida adscensionis,1,18.9,Fenced,F,
2026,F,2,Z1,Pogonarthria squarrosa,5,21,Fenced,F,
2026,F,2,Z1,Eragrostis cylindriflora,4,18,Fenced,F,
2026,F,2,Z1,Cynodon dactylon,12,18.3,Fenced,F,
2026,F,2,Z1,Chloris virgata,6,19.5,Fenced,F,
2026,F,2,Z1,Eragrostis viscosa,18,19.4,Fenced,F,
2026,F,2,Z1,Cynodon dactylon,22,22.4,Fenced,F,
2026,F,2,Z1,Eragrostis cylindriflora,2,19.9,Fenced,F,
2026,F,2,Z1,Chloris virgata,9,20.2,Fenced,F,
2026,F,2,Z1,Setaria pumila,4,19.3,Fenced,F,
2026,F,2,Z1,Eragrostis cylindriflora,5,20.5,Fenced,F,
2026,F,2,Z1,Aristida adscensionis,4,19.1,Fenced,F,
2026,F,2,Z1,Megathyrsus maximus,11,21.1,Fenced,F,
2026,F,2,Z1,NA,NA,20.5,Fenced,F,
2026,F,2,Z1,NA,NA,19.2,Fenced,F,
2026,F,2,Z1,NA,NA,20.4,Fenced,F,
2026,F,2,Z1,Digitaria eriantha,3,9.7,Fenced,F,
2026,F,2,Z1,Heteropogon contortus,3,5.9,Fenced,F,
2026,F,2,Z1,Eragrostis cylindriflora,4,5.8,Fenced,F,
2026,F,2,Z1,Setaria pumila,7,5.8,Fenced,F,
2026,F,2,Z1,Aristida adscensionis,3,NA,Fenced,F,
2026,F,3,Z1,Megathyrsus maximus,12,2.7,Fenced,TF,
2026,F,3,Z1,Setaria pumila,7,3.4,Fenced,TF,
2026,F,3,Z1,NA,NA,3.6,Fenced,TF,
2026,F,3,Z1,NA,NA,1,Fenced,TF,
2026,F,3,Z1,Setaria pumila,7,3.1,Fenced,TF,
2026,F,3,Z1,Digitaria eriantha,2,11,Fenced,TF,
2026,F,3,Z1,Aristida adscensionis,3,12.1,Fenced,TF,
2026,F,3,Z1,NA,NA,11.6,Fenced,TF,
2026,F,3,Z1,Digitaria eriantha,5,45.3,Fenced,TF,
2026,F,3,Z1,Eragrostis viscosa,25,45,Fenced,TF,
2026,F,3,Z1,Setaria pumila,2,44.7,Fenced,TF,
2026,F,3,Z1,NA,NA,44.2,Fenced,TF,
2026,F,3,Z1,Eragrostis viscosa,24,18,Fenced,TF,
2026,F,3,Z1,Setaria pumila,15,18.3,Fenced,TF,
2026,F,3,Z1,Eragrostis cylindriflora,3,16.6,Fenced,TF,
2026,F,3,Z1,Digitaria eriantha,9,20.1,Fenced,TF,
2026,F,3,Z1,Aristida adscensionis,1,NA,Fenced,TF,
2026,F,3,Z1,Eragrostis cylindriflora,4,23.5,Fenced,TF,
2026,F,3,Z1,Eragrostis viscosa,30,22.7,Fenced,TF,
2026,F,3,Z1,Digitaria eriantha,4,25.5,Fenced,TF,
2026,F,3,Z1,Setaria pumila,12,20.7,Fenced,TF,
2026,F,3,Z1,Cynodon dactylon,3,NA,Fenced,TF,
2026,F,3,Z2,Pogonarthria squarrosa,3,22.2,Fenced,TF,Sedges
2026,F,3,Z2,Eragrostis cylindriflora,2,19.2,Fenced,TF,
2026,F,3,Z2,Eragrostis viscosa,30,20.6,Fenced,TF,
2026,F,3,Z2,Setaria pumila,2,20,Fenced,TF,
2026,F,3,Z2,Eragrostis cylindriflora,3,18.3,Fenced,TF,
2026,F,3,Z2,Eragrostis viscosa,25,21.1,Fenced,TF,
2026,F,3,Z2,Setaria pumila,5,18.5,Fenced,TF,
2026,F,3,Z2,NA,NA,18.1,Fenced,TF,
2026,F,3,Z2,Eragrostis cylindriflora,2,16.9,Fenced,TF,
2026,F,3,Z2,Eragrostis viscosa,30,15.5,Fenced,TF,
2026,F,3,Z2,NA,NA,15.8,Fenced,TF,
2026,F,3,Z2,NA,NA,15.3,Fenced,TF,
2026,F,3,Z2,Eragrostis cylindriflora,4,13.3,Fenced,TF,
2026,F,3,Z2,Digitaria eriantha,5,18.6,Fenced,TF,
2026,F,3,Z2,Setaria pumila,21,18.9,Fenced,TF,
2026,F,3,Z2,Digitaria velutina,7,20.5,Fenced,TF,
2026,F,3,Z2,Eragrostis cylindriflora,3,18.1,Fenced,TF,
2026,F,3,Z2,Eragrostis viscosa,20,17.8,Fenced,TF,
2026,F,3,Z2,Digitaria eriantha,7,18.7,Fenced,TF,
2026,F,3,Z2,Setaria pumila,10,18.1,Fenced,TF,
2026,F,3,Z3,Eragrostis cylindriflora,2,6,Unfenced,TF,
2026,F,3,Z3,Digitaria velutina,4,6.8,Unfenced,TF,
2026,F,3,Z3,Digitaria eriantha,3,6.5,Unfenced,TF,
2026,F,3,Z3,Setaria pumila,8,6.8,Unfenced,TF,
2026,F,3,Z3,Eragrostis viscosa,7,NA,Unfenced,TF,
2026,F,3,Z3,Digitaria velutina,10,8.5,Unfenced,TF,
2026,F,3,Z3,Eragrostis viscosa,25,12.6,Unfenced,TF,
2026,F,3,Z3,Cynodon dactylon,4,8.1,Unfenced,TF,
2026,F,3,Z3,Setaria pumila,8,10.7,Unfenced,TF,
2026,F,3,Z3,Cynodon dactylon,15,24.4,Unfenced,TF,
2026,F,3,Z3,Setaria pumila,17,24,Unfenced,TF,
2026,F,3,Z3,Aristida adscensionis,5,21.4,Unfenced,TF,
2026,F,3,Z3,NA,NA,19.7,Unfenced,TF,
2026,F,3,Z3,Digitaria eriantha,7,13.9,Unfenced,TF,
2026,F,3,Z3,Cynodon dactylon,18,14,Unfenced,TF,
2026,F,3,Z3,Aristida adscensionis,3,15.1,Unfenced,TF,
2026,F,3,Z3,Setaria pumila,11,15.3,Unfenced,TF,
2026,F,3,Z3,Cynodon dactylon,5,3,Unfenced,TF,
2026,F,3,Z3,Eragrostis cylindriflora,4,2,Unfenced,TF,
2026,F,3,Z3,Eragrostis viscosa,9,2.2,Unfenced,TF,
2026,F,3,Z3,Setaria pumila,4,3.1,Unfenced,TF,
2026,F,3,Z4,Digitaria velutina,25,11.4,Unfenced,TF,
2026,F,3,Z4,Setaria pumila,12,10.5,Unfenced,TF,
2026,F,3,Z4,Eragrostis viscosa,5,11,Unfenced,TF,
2026,F,3,Z4,NA,NA,10.6,Unfenced,TF,
2026,F,3,Z4,Eragrostis cylindriflora,2,17.8,Unfenced,TF,
2026,F,3,Z4,Cynodon dactylon,5,16.7,Unfenced,TF,
2026,F,3,Z4,Digitaria eriantha,7,14.2,Unfenced,TF,
2026,F,3,Z4,Setaria pumila,3,16,Unfenced,TF,
2026,F,3,Z4,Aristida adscensionis,4,NA,Unfenced,TF,
2026,F,3,Z4,Eragrostis viscosa,15,NA,Unfenced,TF,
2026,F,3,Z4,Cynodon dactylon,14,13.3,Unfenced,TF,
2026,F,3,Z4,Setaria pumila,10,13,Unfenced,TF,
2026,F,3,Z4,Eragrostis viscosa,7,13.5,Unfenced,TF,
2026,F,3,Z4,Digitaria eriantha,5,13.1,Unfenced,TF,
2026,F,3,Z4,Eragrostis cylindriflora,2,11.5,Unfenced,TF,
2026,F,3,Z4,Cynodon dactylon,18,13,Unfenced,TF,
2026,F,3,Z4,Setaria pumila,3,13.7,Unfenced,TF,
2026,F,3,Z4,Eragrostis viscosa,5,12,Unfenced,TF,
2026,F,3,Z4,Setaria pumila,15,11.3,Unfenced,TF,
2026,F,3,Z4,Digitaria eriantha,11,10.8,Unfenced,TF,
2026,F,3,Z4,Cynodon dactylon,7,10.1,Unfenced,TF,
2026,F,3,Z4,Eragrostis viscosa,17,16.5,Unfenced,TF,
2026,F,4,Z3,Eragrostis cylindriflora,2,13.4,Unfenced,TFB,
2026,F,4,Z3,Dactyloctenium giganteum,1,13.9,Unfenced,TFB,
2026,F,4,Z3,Aristida adscensionis,2,11,Unfenced,TFB,
2026,F,4,Z3,Setaria pumila,7,10.4,Unfenced,TFB,
2026,F,4,Z3,Digitaria eriantha,5,NA,Unfenced,TFB,
2026,F,4,Z3,Eragrostis viscosa,3,NA,Unfenced,TFB,
2026,F,4,Z3,Setaria pumila,21,8.4,Unfenced,TFB,
2026,F,4,Z3,Digitaria eriantha,13,9.9,Unfenced,TFB,
2026,F,4,Z3,NA,NA,9.8,Unfenced,TFB,
2026,F,4,Z3,NA,NA,10.2,Unfenced,TFB,
2026,F,4,Z3,Eragrostis cylindriflora,3,15.1,Unfenced,TFB,
2026,F,4,Z3,Heteropogon contortus,5,14.9,Unfenced,TFB,
2026,F,4,Z3,Cynodon dactylon,5,16,Unfenced,TFB,
2026,F,4,Z3,Eragrostis viscosa,8,15.6,Unfenced,TFB,
2026,F,4,Z3,Digitaria eriantha,9,NA,Unfenced,TFB,
2026,F,4,Z3,Digitaria velutina,3,NA,Unfenced,TFB,
2026,F,4,Z3,Digitaria eriantha,11,17.4,Unfenced,TFB,
2026,F,4,Z3,Eragrostis viscosa,21,18,Unfenced,TFB,
2026,F,4,Z3,Digitaria velutina,4,18.9,Unfenced,TFB,
2026,F,4,Z3,Cynodon dactylon,14,19.6,Unfenced,TFB,
2026,F,4,Z3,Setaria pumila,8,14.6,Unfenced,TFB,
2026,F,4,Z3,Digitaria eriantha,4,21.9,Unfenced,TFB,
2026,F,4,Z3,Eragrostis viscosa,7,11.2,Unfenced,TFB,
2026,F,4,Z3,NA,NA,11.1,Unfenced,TFB,
2026,F,4,Z4,Digitaria eriantha,7,11,Unfenced,TFB,
2026,F,4,Z4,Eragrostis cylindriflora,11,11.2,Unfenced,TFB,
2026,F,4,Z4,Eragrostis viscosa,7,11.4,Unfenced,TFB,
2026,F,4,Z4,NA,NA,13.4,Unfenced,TFB,
2026,F,4,Z4,Digitaria eriantha,10,10.3,Unfenced,TFB,
2026,F,4,Z4,Setaria pumila,8,10.2,Unfenced,TFB,
2026,F,4,Z4,Eragrostis viscosa,6,11.8,Unfenced,TFB,
2026,F,4,Z4,Pogonarthria squarrosa,11,8.9,Unfenced,TFB,
2026,F,4,Z4,Cynodon dactylon,9,NA,Unfenced,TFB,
2026,F,4,Z4,Heteropogon contortus,9,NA,Unfenced,TFB,
2026,F,4,Z4,Aristida adscensionis,8,14.5,Unfenced,TFB,
2026,F,4,Z4,Setaria pumila,11,15.7,Unfenced,TFB,
2026,F,4,Z4,Eragrostis cylindriflora,2,15.5,Unfenced,TFB,
2026,F,4,Z4,Digitaria eriantha,5,18.7,Unfenced,TFB,
2026,F,4,Z4,Heteropogon contortus,3,18.5,Unfenced,TFB,
2026,F,4,Z4,Aristida adscensionis,7,20,Unfenced,TFB,
2026,F,4,Z4,Setaria pumila,11,18.6,Unfenced,TFB,
2026,F,4,Z4,Cynodon dactylon,5,20,Unfenced,TFB,
2026,F,4,Z4,Eragrostis viscosa,3,NA,Unfenced,TFB,
2026,F,4,Z4,Eragrostis curvula,2,NA,Unfenced,TFB,
2026,F,4,Z4,Megathyrsus maximus,3,25.4,Unfenced,TFB,
2026,F,4,Z4,Setaria pumila,8,22.8,Unfenced,TFB,
2026,F,4,Z4,Heteropogon contortus,2,23,Unfenced,TFB,
2026,F,4,Z4,Pogonarthria squarrosa,1,22.4,Unfenced,TFB,
2026,F,4,Z1,Digitaria velutina,11,14,Fenced,TFB,
2026,F,4,Z1,Cynodon dactylon,4,13.3,Fenced,TFB,
2026,F,4,Z1,Setaria pumila,6,14,Fenced,TFB,
2026,F,4,Z1,Megathyrsus maximus,4,14,Fenced,TFB,
2026,F,4,Z1,Dactyloctenium aegyptium,2,NA,Fenced,TFB,
2026,F,4,Z1,Eragrostis viscosa,30,11.5,Fenced,TFB,
2026,F,4,Z1,Pogonarthria squarrosa,6,10.5,Fenced,TFB,
2026,F,4,Z1,Setaria pumila,5,10.6,Fenced,TFB,
2026,F,4,Z1,NA,NA,11.5,Fenced,TFB,
2026,F,4,Z1,Heteropogon contortus,5,18,Fenced,TFB,
2026,F,4,Z1,Setaria pumila,4,14.7,Fenced,TFB,
2026,F,4,Z1,Aristida adscensionis,5,13.2,Fenced,TFB,
2026,F,4,Z1,NA,NA,5,Fenced,TFB,
2026,F,4,Z1,Setaria pumila,10,8.1,Fenced,TFB,
2026,F,4,Z1,Aristida diffusa,6,8.8,Fenced,TFB,
2026,F,4,Z1,Chloris virgata,12,10.1,Fenced,TFB,
2026,F,4,Z1,Eragrostis viscosa,20,10.2,Fenced,TFB,
2026,F,4,Z1,Digitaria eriantha,11,24.8,Fenced,TFB,
2026,F,4,Z1,Setaria pumila,15,23.7,Fenced,TFB,
2026,F,4,Z1,Aristida adscensionis,3,24,Fenced,TFB,
2026,F,4,Z1,Chloris virgata,9,23.1,Fenced,TFB,
2026,F,4,Z1,Digitaria velutina,3,NA,Fenced,TFB,
2026,F,4,Z2,Aristida adscensionis,17,15.8,Fenced,TFB,
2026,F,4,Z2,Setaria pumila,6,16.4,Fenced,TFB,
2026,F,4,Z2,Eragrostis viscosa,4,18,Fenced,TFB,
2026,F,4,Z2,Urochloa brizantha,3,18.4,Fenced,TFB,
2026,F,4,Z2,Eragrostis gummiflua,4,NA,Fenced,TFB,
2026,F,4,Z2,Eragrostis cylindriflora,5,16,Fenced,TFB,Sedges
2026,F,4,Z2,Setaria pumila,10,15.9,Fenced,TFB,
2026,F,4,Z2,Eragrostis viscosa,3,15,Fenced,TFB,
2026,F,4,Z2,NA,NA,15.2,Fenced,TFB,
2026,F,4,Z2,Eragrostis cylindriflora,5,21.5,Fenced,TFB,
2026,F,4,Z2,Pogonarthria squarrosa,9,26,Fenced,TFB,
2026,F,4,Z2,Digitaria eriantha,4,26.4,Fenced,TFB,
2026,F,4,Z2,Setaria pumila,4,22.9,Fenced,TFB,
2026,F,4,Z2,Urochloa brizantha,2,NA,Fenced,TFB,
2026,F,4,Z2,Eragrostis viscosa,4,NA,Fenced,TFB,
2026,F,4,Z2,Eragrostis viscosa,6,14.9,Fenced,TFB,Herbs
2026,F,4,Z2,Eragrostis curvula,3,16.2,Fenced,TFB,
2026,F,4,Z2,Setaria pumila,2,4.2,Fenced,TFB,
2026,F,4,Z2,NA,NA,4,Fenced,TFB,
2026,F,4,Z2,Pogonarthria squarrosa,6,30.9,Fenced,TFB,
2026,F,4,Z2,Heteropogon contortus,4,25.2,Fenced,TFB,
2026,F,4,Z2,Setaria pumila,11,22.8,Fenced,TFB,
2026,F,4,Z2,Eragrostis viscosa,3,28.3,Fenced,TFB,
2026,F,4,Z2,Digitaria velutina,2,NA,Fenced,TFB,
2026,F,5,Z1,Eragrostis cylindriflora,6,14.4,Fenced,THF,
2026,F,5,Z1,Setaria pumila,11,14.7,Fenced,THF,
2026,F,5,Z1,Eragrostis viscosa,4,14.2,Fenced,THF,
2026,F,5,Z1,Digitaria eriantha,7,15,Fenced,THF,
2026,F,5,Z1,Cynodon dactylon,5,NA,Fenced,THF,
2026,F,5,Z1,Digitaria eriantha,13,24.6,Fenced,THF,
2026,F,5,Z1,Setaria pumila,8,25.6,Fenced,THF,
2026,F,5,Z1,Cynodon dactylon,5,24.1,Fenced,THF,
2026,F,5,Z1,NA,NA,20.2,Fenced,THF,
2026,F,5,Z1,Eragrostis cylindriflora,3,20.9,Fenced,THF,
2026,F,5,Z1,Setaria pumila,10,22.5,Fenced,THF,
2026,F,5,Z1,Digitaria eriantha,8,22.5,Fenced,THF,
2026,F,5,Z1,Cynodon dactylon,4,20.8,Fenced,THF,
2026,F,5,Z1,Cynodon dactylon,19,21.1,Fenced,THF,
2026,F,5,Z1,Pogonarthria squarrosa,2,49.2,Fenced,THF,
2026,F,5,Z1,Setaria pumila,4,49.5,Fenced,THF,
2026,F,5,Z1,Digitaria eriantha,5,20.5,Fenced,THF,
2026,F,5,Z1,Digitaria eriantha,9,48.1,Fenced,THF,
2026,F,5,Z1,Eragrostis cylindriflora,4,48.3,Fenced,THF,
2026,F,5,Z1,Setaria pumila,8,48.8,Fenced,THF,
2026,F,5,Z1,Pogonarthria squarrosa,4,46.3,Fenced,THF,
2026,F,5,Z1,Cynodon dactylon,7,NA,Fenced,THF,
2026,F,5,Z1,Dactyloctenium giganteum,2,NA,Fenced,THF,
2026,F,5,Z2,Digitaria eriantha,16,20.7,Fenced,THF,
2026,F,5,Z2,Cynodon dactylon,7,48,Fenced,THF,
2026,F,5,Z2,Setaria pumila,3,48,Fenced,THF,
2026,F,5,Z2,NA,NA,48.8,Fenced,THF,
2026,F,5,Z2,Chloris virgata,3,27.4,Fenced,THF,
2026,F,5,Z2,Aristida adscensionis,5,14,Fenced,THF,
2026,F,5,Z2,Digitaria eriantha,6,22.3,Fenced,THF,
2026,F,5,Z2,Setaria pumila,7,23,Fenced,THF,
2026,F,5,Z2,Eragrostis gummiflua,3,NA,Fenced,THF,
2026,F,5,Z2,Cynodon dactylon,5,NA,Fenced,THF,
2026,F,5,Z2,Eragrostis viscosa,4,NA,Fenced,THF,
2026,F,5,Z2,Pogonarthria squarrosa,12,14.7,Fenced,THF,
2026,F,5,Z2,Digitaria eriantha,7,14.5,Fenced,THF,
2026,F,5,Z2,Setaria pumila,2,18.4,Fenced,THF,
2026,F,5,Z2,Eragrostis cylindriflora,5,20.7,Fenced,THF,
2026,F,5,Z2,Setaria pumila,11,22.7,Fenced,THF,
2026,F,5,Z2,Pogonarthria squarrosa,6,22.6,Fenced,THF,
2026,F,5,Z2,Megathyrsus maximus,2,22.4,Fenced,THF,
2026,F,5,Z2,Aristida adscensionis,4,23.8,Fenced,THF,
2026,F,5,Z2,Pogonarthria squarrosa,13,29,Fenced,THF,
2026,F,5,Z2,Digitaria eriantha,9,20.4,Fenced,THF,
2026,F,5,Z2,Cynodon dactylon,8,46.7,Fenced,THF,
2026,F,5,Z2,Setaria pumila,4,30.2,Fenced,THF,
2026,F,5,Z3,Cynodon dactylon,18,13.3,Unfenced,THF,
2026,F,5,Z3,Eragrostis cylindriflora,3,13.2,Unfenced,THF,
2026,F,5,Z3,Digitaria eriantha,10,13,Unfenced,THF,
2026,F,5,Z3,Setaria pumila,13,13.3,Unfenced,THF,
2026,F,5,Z3,Cynodon dactylon,25,23,Unfenced,THF,
2026,F,5,Z3,Eragrostis cylindriflora,4,21.7,Unfenced,THF,
2026,F,5,Z3,Setaria pumila,20,21,Unfenced,THF,
2026,F,5,Z3,Digitaria eriantha,7,21.8,Unfenced,THF,
2026,F,5,Z3,Digitaria eriantha,9,18.6,Unfenced,THF,
2026,F,5,Z3,Setaria pumila,21,15.3,Unfenced,THF,
2026,F,5,Z3,Cynodon dactylon,3,13.4,Unfenced,THF,
2026,F,5,Z3,NA,NA,14.3,Unfenced,THF,
2026,F,5,Z3,Digitaria eriantha,9,8.7,Unfenced,THF,
2026,F,5,Z3,Eragrostis viscosa,4,7.7,Unfenced,THF,
2026,F,5,Z3,Heteropogon contortus,3,8.1,Unfenced,THF,
2026,F,5,Z3,Aristida adscensionis,2,8.5,Unfenced,THF,
2026,F,5,Z3,Cynodon dactylon,5,NA,Unfenced,THF,
2026,F,5,Z3,Setaria pumila,10,NA,Unfenced,THF,
2026,F,5,Z3,Cynodon dactylon,18,18,Unfenced,THF,
2026,F,5,Z3,Digitaria eriantha,4,17.2,Unfenced,THF,
2026,F,5,Z3,Setaria pumila,11,17.2,Unfenced,THF,
2026,F,5,Z3,NA,NA,17.5,Unfenced,THF,
2026,F,5,Z4,Cynodon dactylon,13,28.9,Unfenced,THF,
2026,F,5,Z4,Eragrostis cylindriflora,5,21.2,Unfenced,THF,
2026,F,5,Z4,Digitaria eriantha,8,29,Unfenced,THF,
2026,F,5,Z4,Setaria pumila,10,28.4,Unfenced,THF,
2026,F,5,Z4,Digitaria eriantha,7,20.2,Unfenced,THF,
2026,F,5,Z4,Digitaria velutina,9,14.3,Unfenced,THF,
2026,F,5,Z4,Cynodon dactylon,4,12.5,Unfenced,THF,
2026,F,5,Z4,Setaria pumila,10,13.7,Unfenced,THF,
2026,F,5,Z4,Aristida adscensionis,4,NA,Unfenced,THF,
2026,F,5,Z4,Setaria pumila,3,5.1,Unfenced,THF,
2026,F,5,Z4,Cynodon dactylon,1,7.6,Unfenced,THF,
2026,F,5,Z4,NA,NA,6.8,Unfenced,THF,
2026,F,5,Z4,NA,NA,8,Unfenced,THF,
2026,F,5,Z4,Eragrostis cylindriflora,3,15,Unfenced,THF,
2026,F,5,Z4,Eragrostis viscosa,8,13.2,Unfenced,THF,
2026,F,5,Z4,Setaria pumila,11,15,Unfenced,THF,
2026,F,5,Z4,Digitaria eriantha,10,17,Unfenced,THF,
2026,F,5,Z4,Digitaria velutina,3,NA,Unfenced,THF,
2026,F,5,Z4,Aristida adscensionis,5,NA,Unfenced,THF,
2026,F,5,Z4,Cynodon dactylon,31,26.6,Unfenced,THF,
2026,F,5,Z4,Digitaria eriantha,8,29.1,Unfenced,THF,
2026,F,5,Z4,Setaria pumila,22,15.2,Unfenced,THF,
2026,F,5,Z4,Eragrostis cylindriflora,3,16.4,Unfenced,THF,
2026,C,4,Z1,Heteropogon contortus,9,27.2,Fenced,F,
2026,C,4,Z1,Pogonarthria squarrosa,11,26.3,Fenced,F,
2026,C,4,Z1,Digitaria eriantha,4,24.3,Fenced,F,
2026,C,4,Z1,NA,NA,22.4,Fenced,F,
2026,C,4,Z1,Heteropogon contortus,8,27.4,Fenced,F,Sedges
2026,C,4,Z1,Urochloa oligotricha,6,23.7,Fenced,F,
2026,C,4,Z1,Pogonarthria squarrosa,2,31.5,Fenced,F,
2026,C,4,Z1,NA,NA,28.2,Fenced,F,
2026,C,4,Z1,Eragrostis gummiflua,3,35.3,Fenced,F,
2026,C,4,Z1,Digitaria eriantha,9,35.5,Fenced,F,
2026,C,4,Z1,NA,NA,35.4,Fenced,F,
2026,C,4,Z1,NA,NA,33.4,Fenced,F,
2026,C,4,Z1,Heteropogon contortus,17,26,Fenced,F,
2026,C,4,Z1,Pogonarthria squarrosa,6,27.4,Fenced,F,
2026,C,4,Z1,Eragrostis cylindriflora,3,22.7,Fenced,F,
2026,C,4,Z1,Eragrostis gummiflua,5,22.4,Fenced,F,
2026,C,4,Z1,Eragrostis superba,2,NA,Fenced,F,
2026,C,4,Z1,Aristida nemorivaga,7,NA,Fenced,F,
2026,C,4,Z1,Setaria pumila,2,NA,Fenced,F,
2026,C,4,Z1,Melinis repens,3,NA,Fenced,F,
2026,C,4,Z1,Eragrostis cylindriflora,5,NA,Fenced,F,
2026,C,4,Z1,Aristida nemorivaga,4,10.9,Fenced,F,Sedges
2026,C,4,Z1,Digitaria velutina,3,8.8,Fenced,F,
2026,C,4,Z1,Setaria pumila,2,8.3,Fenced,F,
2026,C,4,Z1,Heteropogon contortus,1,7.6,Fenced,F,
2026,C,4,Z2,Heteropogon contortus,8,23,Fenced,F,
2026,C,4,Z2,Aristida adscensionis,6,17.9,Fenced,F,
2026,C,4,Z2,Urochloa oligotricha,4,23.4,Fenced,F,
2026,C,4,Z2,NA,NA,23.3,Fenced,F,
2026,C,4,Z2,Heteropogon contortus,21,18.9,Fenced,F,
2026,C,4,Z2,Melinis nerviglumis,3,15.7,Fenced,F,
2026,C,4,Z2,Setaria pumila,5,14.3,Fenced,F,
2026,C,4,Z2,Aristida adscensionis,3,13.4,Fenced,F,
2026,C,4,Z2,Heteropogon contortus,11,40.5,Fenced,F,
2026,C,4,Z2,Eragrostis cylindriflora,2,40.5,Fenced,F,
2026,C,4,Z2,Pogonarthria squarrosa,13,30.1,Fenced,F,
2026,C,4,Z2,Aristida nemorivaga,4,30.5,Fenced,F,
2026,C,4,Z2,Urochloa oligotricha,4,15.4,Fenced,F,
2026,C,4,Z2,Melinis repens,5,19.8,Fenced,F,
2026,C,4,Z2,Pogonarthria squarrosa,6,26.6,Fenced,F,
2026,C,4,Z2,Eragrostis gummiflua,4,29,Fenced,F,
2026,C,4,Z2,Urochloa oligotricha,3,12.5,Fenced,F,
2026,C,4,Z2,Aristida nemorivaga,8,16,Fenced,F,
2026,C,4,Z2,Melinis repens,4,20.5,Fenced,F,
2026,C,4,Z2,Setaria pumila,6,18.4,Fenced,F,
2026,C,4,Z2,Heteropogon contortus,3,NA,Fenced,F,
2026,C,4,Z3,Aristida nemorivaga,7,21.4,Unfenced,F,
2026,C,4,Z3,Digitaria velutina,15,16.2,Unfenced,F,
2026,C,4,Z3,Setaria pumila,5,13.2,Unfenced,F,
2026,C,4,Z3,Eragrostis gummiflua,3,10.2,Unfenced,F,
2026,C,4,Z3,Urochloa oligotricha,3,NA,Unfenced,F,
2026,C,4,Z3,Heteropogon contortus,8,11,Unfenced,F,
2026,C,4,Z3,Aristida nemorivaga,5,10.4,Unfenced,F,
2026,C,4,Z3,Setaria pumila,3,9,Unfenced,F,
2026,C,4,Z3,Eragrostis gummiflua,4,11.2,Unfenced,F,
2026,C,4,Z3,Digitaria eriantha,2,NA,Unfenced,F,
2026,C,4,Z3,Megathyrsus maximus,8,4.5,Unfenced,F,
2026,C,4,Z3,Setaria pumila,3,5.7,Unfenced,F,
2026,C,4,Z3,NA,NA,5.5,Unfenced,F,
2026,C,4,Z3,NA,NA,5.9,Unfenced,F,
2026,C,4,Z3,Hyparrhenia filipendula,5,29,Unfenced,F,
2026,C,4,Z3,Heteropogon contortus,11,26,Unfenced,F,
2026,C,4,Z3,Setaria pumila,6,26.6,Unfenced,F,
2026,C,4,Z3,Aristida nemorivaga,5,22.9,Unfenced,F,
2026,C,4,Z3,Pogonarthria squarrosa,7,NA,Unfenced,F,
2026,C,4,Z3,Heteropogon contortus,14,14.8,Unfenced,F,
2026,C,4,Z3,Eragrostis gummiflua,5,14.4,Unfenced,F,
2026,C,4,Z3,Aristida nemorivaga,4,13.5,Unfenced,F,
2026,C,4,Z3,Hyparrhenia filipendula,3,13.3,Unfenced,F,
2026,C,4,Z3,Pogonarthria squarrosa,6,NA,Unfenced,F,
2026,C,4,Z4,Digitaria velutina,18,19,Unfenced,F,
2026,C,4,Z4,Urochloa brizantha,5,16.1,Unfenced,F,
2026,C,4,Z4,Eragrostis viscosa,6,14.1,Unfenced,F,
2026,C,4,Z4,Setaria pumila,4,12.3,Unfenced,F,
2026,C,4,Z4,Aristida nemorivaga,7,NA,Unfenced,F,
2026,C,4,Z4,Hyparrhenia filipendula,2,23.4,Unfenced,F,
2026,C,4,Z4,Pogonarthria squarrosa,5,17.6,Unfenced,F,
2026,C,4,Z4,Setaria pumila,3,16.3,Unfenced,F,
2026,C,4,Z4,Eragrostis gummiflua,2,15.8,Unfenced,F,
2026,C,4,Z4,Heteropogon contortus,3,NA,Unfenced,F,
2026,C,4,Z4,Hyperthelia dissoluta,6,24.7,Unfenced,F,
2026,C,4,Z4,Aristida nemorivaga,11,25.5,Unfenced,F,
2026,C,4,Z4,Setaria pumila,8,22.6,Unfenced,F,
2026,C,4,Z4,Pogonarthria squarrosa,4,22.1,Unfenced,F,
2026,C,4,Z4,Heteropogon contortus,6,15.8,Unfenced,F,
2026,C,4,Z4,Urochloa oligotricha,2,15.2,Unfenced,F,
2026,C,4,Z4,Diheteropogon amplectens,2,11.2,Unfenced,F,
2026,C,4,Z4,Aristida nemorivaga,10,9.4,Unfenced,F,
2026,C,4,Z4,Setaria pumila,1,NA,Unfenced,F,
2026,C,4,Z4,Aristida nemorivaga,40,22.4,Unfenced,F,
2026,C,4,Z4,Setaria pumila,11,20.1,Unfenced,F,
2026,C,4,Z4,Heteropogon contortus,4,19.7,Unfenced,F,
2026,C,4,Z4,Megathyrsus maximus,2,18.3,Unfenced,F,
2026,C,3,Z4,Setaria pumila,16,16.5,Unfenced,TF,
2026,C,3,Z4,Megathyrsus maximus,9,14.8,Unfenced,TF,
2026,C,3,Z4,Aristida nemorivaga,13,12.7,Unfenced,TF,
2026,C,3,Z4,Pogonarthria squarrosa,12,13.7,Unfenced,TF,
2026,C,3,Z4,Digitaria eriantha,3,NA,Unfenced,TF,
2026,C,3,Z4,Eragrostis cylindriflora,2,NA,Unfenced,TF,
2026,C,3,Z4,Eragrostis viscosa,9,9.3,Unfenced,TF,
2026,C,3,Z4,Pogonarthria squarrosa,12,11.8,Unfenced,TF,
2026,C,3,Z4,Eragrostis cylindriflora,2,10.6,Unfenced,TF,
2026,C,3,Z4,Setaria pumila,11,10.4,Unfenced,TF,
2026,C,3,Z4,Heteropogon contortus,12,NA,Unfenced,TF,
2026,C,3,Z4,Eragrostis gummiflua,4,NA,Unfenced,TF,
2026,C,3,Z4,Aristida nemorivaga,3,NA,Unfenced,TF,
2026,C,3,Z4,Hyperthelia dissoluta,1,NA,Unfenced,TF,
2026,C,3,Z4,Heteropogon contortus,17,22.4,Unfenced,TF,
2026,C,3,Z4,Setaria pumila,21,21.8,Unfenced,TF,
2026,C,3,Z4,Aristida nemorivaga,14,20.6,Unfenced,TF,
2026,C,3,Z4,Digitaria velutina,7,20.3,Unfenced,TF,
2026,C,3,Z4,Digitaria eriantha,10,NA,Unfenced,TF,
2026,C,3,Z4,Pogonarthria squarrosa,17,15.7,Unfenced,TF,
2026,C,3,Z4,Digitaria eriantha,2,15.5,Unfenced,TF,
2026,C,3,Z4,Digitaria velutina,3,18,Unfenced,TF,
2026,C,3,Z4,Heteropogon contortus,2,16.5,Unfenced,TF,
2026,C,3,Z4,Pogonarthria squarrosa,14,25.8,Unfenced,TF,
2026,C,3,Z4,Digitaria eriantha,5,19.9,Unfenced,TF,
2026,C,3,Z4,Setaria pumila,2,20.4,Unfenced,TF,
2026,C,3,Z4,Eragrostis cylindriflora,5,20.9,Unfenced,TF,
2026,C,3,Z4,Heteropogon contortus,2,NA,Unfenced,TF,
2026,C,3,Z3,Heteropogon contortus,11,16,Unfenced,TF,
2026,C,3,Z3,Digitaria eriantha,3,16.5,Unfenced,TF,
2026,C,3,Z3,Aristida nemorivaga,13,14.6,Unfenced,TF,
2026,C,3,Z3,Setaria pumila,6,15.5,Unfenced,TF,
2026,C,3,Z3,Melinis repens,2,NA,Unfenced,TF,
2026,C,3,Z3,Pogonarthria squarrosa,10,NA,Unfenced,TF,
2026,C,3,Z3,Heteropogon contortus,7,35.3,Unfenced,TF,
2026,C,3,Z3,Setaria pumila,8,28.8,Unfenced,TF,
2026,C,3,Z3,Melinis repens,4,24.9,Unfenced,TF,
2026,C,3,Z3,Aristida nemorivaga,3,21.9,Unfenced,TF,
2026,C,3,Z3,Pogonarthria squarrosa,2,NA,Unfenced,TF,
2026,C,3,Z3,Setaria pumila,27,20.4,Unfenced,TF,
2026,C,3,Z3,Digitaria velutina,7,18.7,Unfenced,TF,
2026,C,3,Z3,Hyparrhenia filipendula,4,19.5,Unfenced,TF,
2026,C,3,Z3,Heteropogon contortus,5,18,Unfenced,TF,
2026,C,3,Z3,Megathyrsus maximus,7,NA,Unfenced,TF,
2026,C,3,Z3,Heteropogon contortus,8,20.4,Unfenced,TF,
2026,C,3,Z3,Setaria pumila,16,20.6,Unfenced,TF,
2026,C,3,Z3,Melinis nerviglumis,3,18,Unfenced,TF,
2026,C,3,Z3,Eragrostis cylindriflora,4,14,Unfenced,TF,
2026,C,3,Z3,Hyperthelia dissoluta,2,NA,Unfenced,TF,
2026,C,3,Z3,Aristida nemorivaga,5,NA,Unfenced,TF,
2026,C,3,Z3,Pogonarthria squarrosa,19,15.5,Unfenced,TF,
2026,C,3,Z3,Eragrostis cylindriflora,5,13.2,Unfenced,TF,
2026,C,3,Z3,Eragrostis cylindriflora,7,16.7,Unfenced,TF,
2026,C,3,Z3,Heteropogon contortus,4,17.1,Unfenced,TF,
2026,C,3,Z3,Urochloa brizantha,2,NA,Unfenced,TF,
2026,C,3,Z2,Melinis repens,1,38.2,Fenced,TF,
2026,C,3,Z2,Digitaria eriantha,5,32.8,Fenced,TF,
2026,C,3,Z2,Pogonarthria squarrosa,4,33.2,Fenced,TF,
2026,C,3,Z2,Aristida nemorivaga,6,28.7,Fenced,TF,
2026,C,3,Z2,Setaria pumila,4,NA,Fenced,TF,
2026,C,3,Z2,Heteropogon contortus,6,60.8,Fenced,TF,
2026,C,3,Z2,Pogonarthria squarrosa,12,63.9,Fenced,TF,
2026,C,3,Z2,Eragrostis cylindriflora,2,50.7,Fenced,TF,
2026,C,3,Z2,Hyparrhenia filipendula,3,51.8,Fenced,TF,
2026,C,3,Z2,Setaria pumila,4,NA,Fenced,TF,
2026,C,3,Z2,Megathyrsus maximus,1,30.2,Fenced,TF,
2026,C,3,Z2,Aristida nemorivaga,2,1,Fenced,TF,
2026,C,3,Z2,Urochloa brizantha,1,1,Fenced,TF,
2026,C,3,Z2,NA,NA,1,Fenced,TF,
2026,C,3,Z2,Heteropogon contortus,6,80.9,Fenced,TF,
2026,C,3,Z2,Pogonarthria squarrosa,9,56,Fenced,TF,
2026,C,3,Z2,NA,NA,44.4,Fenced,TF,
2026,C,3,Z2,NA,NA,39.1,Fenced,TF,
2026,C,3,Z2,Megathyrsus maximus,5,32.3,Fenced,TF,
2026,C,3,Z2,NA,NA,36.2,Fenced,TF,
2026,C,3,Z2,NA,NA,31.7,Fenced,TF,
2026,C,3,Z2,NA,NA,26.6,Fenced,TF,
2026,C,3,Z1,Heteropogon contortus,32,44.4,Fenced,TF,
2026,C,3,Z1,Digitaria eriantha,4,58.4,Fenced,TF,
2026,C,3,Z1,Setaria pumila,6,56.6,Fenced,TF,
2026,C,3,Z1,Aristida nemorivaga,8,51.1,Fenced,TF,
2026,C,3,Z1,Melinis nerviglumis,6,53.3,Fenced,TF,
2026,C,3,Z1,Pogonarthria squarrosa,22,42.2,Fenced,TF,
2026,C,3,Z1,Heteropogon contortus,2,36.2,Fenced,TF,
2026,C,3,Z1,Eragrostis superba,1,34.3,Fenced,TF,
2026,C,3,Z1,Eragrostis gummiflua,5,NA,Fenced,TF,
2026,C,3,Z1,Megathyrsus maximus,4,49.6,Fenced,TF,
2026,C,3,Z1,Heteropogon contortus,9,63.2,Fenced,TF,
2026,C,3,Z1,Digitaria velutina,4,53.2,Fenced,TF,
2026,C,3,Z1,Setaria pumila,3,35.5,Fenced,TF,
2026,C,3,Z1,Heteropogon contortus,5,60.6,Fenced,TF,
2026,C,3,Z1,Megathyrsus maximus,2,68.8,Fenced,TF,
2026,C,3,Z1,Setaria pumila,3,70.7,Fenced,TF,
2026,C,3,Z1,NA,NA,68.3,Fenced,TF,
2026,C,3,Z1,Urochloa nigropedata,4,31.3,Fenced,TF,
2026,C,3,Z1,Heteropogon contortus,3,28,Fenced,TF,
2026,C,3,Z1,Setaria pumila,2,23.9,Fenced,TF,
2026,C,3,Z1,Megathyrsus maximus,1,23.7,Fenced,TF,
2026,C,1,Z1,Digitaria eriantha,8,20.2,Fenced,C,
2026,C,1,Z1,Pogonarthria squarrosa,5,23.1,Fenced,C,
2026,C,1,Z1,Aristida nemorivaga,4,22.5,Fenced,C,
2026,C,1,Z1,NA,NA,20.1,Fenced,C,
2026,C,1,Z1,Megathyrsus maximus,7,20.3,Fenced,C,
2026,C,1,Z1,Setaria pumila,5,18.1,Fenced,C,
2026,C,1,Z1,Digitaria velutina,3,24,Fenced,C,
2026,C,1,Z1,Heteropogon contortus,1,20,Fenced,C,
2026,C,1,Z1,Digitaria velutina,12,5.6,Fenced,C,
2026,C,1,Z1,Setaria pumila,20,4.8,Fenced,C,
2026,C,1,Z1,Megathyrsus maximus,6,2.6,Fenced,C,
2026,C,1,Z1,Pogonarthria squarrosa,3,1.3,Fenced,C,
2026,C,1,Z1,Digitaria velutina,11,9.2,Fenced,C,
2026,C,1,Z1,Setaria pumila,15,10.5,Fenced,C,
2026,C,1,Z1,NA,NA,7.9,Fenced,C,
2026,C,1,Z1,NA,NA,8.6,Fenced,C,
2026,C,1,Z1,Digitaria velutina,20,6.4,Fenced,C,
2026,C,1,Z1,Setaria pumila,15,5.6,Fenced,C,
2026,C,1,Z1,NA,NA,9.2,Fenced,C,
2026,C,1,Z1,NA,NA,7.7,Fenced,C,
2026,C,1,Z2,Megathyrsus maximus,3,4.8,Fenced,C,
2026,C,1,Z2,Digitaria eriantha,4,7.6,Fenced,C,
2026,C,1,Z2,Setaria pumila,7,6.1,Fenced,C,
2026,C,1,Z2,Heteropogon contortus,2,7,Fenced,C,
2026,C,1,Z2,Heteropogon contortus,5,20,Fenced,C,
2026,C,1,Z2,Pogonarthria squarrosa,7,30.5,Fenced,C,
2026,C,1,Z2,Setaria pumila,3,26.3,Fenced,C,
2026,C,1,Z2,NA,NA,31.9,Fenced,C,
2026,C,1,Z2,Pogonarthria squarrosa,12,10.5,Fenced,C,Sedges
2026,C,1,Z2,Hyparrhenia filipendula,2,10.5,Fenced,C,
2026,C,1,Z2,Eragrostis viscosa,4,9.1,Fenced,C,
2026,C,1,Z2,Setaria pumila,4,8.3,Fenced,C,
2026,C,1,Z2,Heteropogon contortus,3,NA,Fenced,C,
2026,C,1,Z2,Heteropogon contortus,7,30.5,Fenced,C,
2026,C,1,Z2,Setaria pumila,8,30.9,Fenced,C,
2026,C,1,Z2,Melinis nerviglumis,3,22.8,Fenced,C,
2026,C,1,Z2,Aristida adscensionis,4,24.6,Fenced,C,
2026,C,1,Z2,Megathyrsus maximus,3,NA,Fenced,C,
2026,C,1,Z2,Heteropogon contortus,5,13.8,Fenced,C,
2026,C,1,Z2,Setaria pumila,8,40.3,Fenced,C,
2026,C,1,Z2,Melinis nerviglumis,4,34.3,Fenced,C,
2026,C,1,Z2,NA,NA,40.6,Fenced,C,
2026,C,1,Z4,Digitaria eriantha,3,28,Unfenced,C,
2026,C,1,Z4,Aristida nemorivaga,10,18.4,Unfenced,C,
2026,C,1,Z4,Setaria pumila,5,27.6,Unfenced,C,
2026,C,1,Z4,Heteropogon contortus,4,16,Unfenced,C,
2026,C,1,Z4,Setaria pumila,22,4,Unfenced,C,
2026,C,1,Z4,Pogonarthria squarrosa,7,4.1,Unfenced,C,
2026,C,1,Z4,Aristida nemorivaga,13,4.4,Unfenced,C,
2026,C,1,Z4,Heteropogon contortus,5,3.8,Unfenced,C,
2026,C,1,Z4,Melinis nerviglumis,2,NA,Unfenced,C,
2026,C,1,Z4,Megathyrsus maximus,4,0,Unfenced,C,
2026,C,1,Z4,Heteropogon contortus,3,0,Unfenced,C,
2026,C,1,Z4,NA,NA,24.4,Unfenced,C,
2026,C,1,Z4,NA,NA,12.6,Unfenced,C,
2026,C,1,Z4,Melinis repens,2,5.1,Unfenced,C,
2026,C,1,Z4,Setaria pumila,6,4.8,Unfenced,C,
2026,C,1,Z4,Aristida adscensionis,1,3.6,Unfenced,C,
2026,C,1,Z4,NA,NA,3,Unfenced,C,
2026,C,1,Z4,Digitaria eriantha,4,8.5,Unfenced,C,
2026,C,1,Z4,Setaria pumila,9,9.7,Unfenced,C,
2026,C,1,Z4,Melinis nerviglumis,5,8.6,Unfenced,C,
2026,C,1,Z4,Heteropogon contortus,2,6.9,Unfenced,C,
2026,C,1,Z3,Digitaria eriantha,9,18.8,Unfenced,C,
2026,C,1,Z3,Megathyrsus maximus,2,8.6,Unfenced,C,
2026,C,1,Z3,Setaria pumila,3,9.8,Unfenced,C,
2026,C,1,Z3,Digitaria velutina,5,9,Unfenced,C,
2026,C,1,Z3,Aristida adscensionis,2,NA,Unfenced,C,
2026,C,1,Z3,Eragrostis gummiflua,1,NA,Unfenced,C,
2026,C,1,Z3,Digitaria velutina,9,4.4,Unfenced,C,
2026,C,1,Z3,Setaria pumila,7,6.7,Unfenced,C,
2026,C,1,Z3,Megathyrsus maximus,2,6.3,Unfenced,C,
2026,C,1,Z3,NA,NA,5.8,Unfenced,C,
2026,C,1,Z3,Megathyrsus maximus,2,6.9,Unfenced,C,
2026,C,1,Z3,Melinis repens,3,4.7,Unfenced,C,
2026,C,1,Z3,Setaria pumila,8,7.3,Unfenced,C,
2026,C,1,Z3,Aristida adscensionis,3,7.5,Unfenced,C,
2026,C,1,Z3,Eragrostis gummiflua,2,NA,Unfenced,C,
2026,C,1,Z3,Melinis nerviglumis,4,12.7,Unfenced,C,
2026,C,1,Z3,Setaria pumila,8,13.8,Unfenced,C,
2026,C,1,Z3,Aristida nemorivaga,3,11.6,Unfenced,C,
2026,C,1,Z3,NA,NA,13.4,Unfenced,C,
2026,C,1,Z3,Digitaria eriantha,5,13.7,Unfenced,C,
2026,C,1,Z3,Setaria pumila,8,18.3,Unfenced,C,
2026,C,1,Z3,Megathyrsus maximus,2,14.8,Unfenced,C,
2026,C,1,Z3,Melinis repens,3,14.2,Unfenced,C,
2026,C,1,Z3,Aristida adscensionis,7,NA,Unfenced,C,
2026,E,4,Z3,Chloris virgata,7,33.6,Fenced,TFB,
2026,E,4,Z3,Setaria pumila,10,34.8,Fenced,TFB,
2026,E,4,Z3,Megathyrsus maximus,7,34.6,Fenced,TFB,
2026,E,4,Z3,NA,NA,32.7,Fenced,TFB,
2026,E,4,Z3,Enteropogon macrostachyus,6,8.1,Fenced,TFB,
2026,E,4,Z3,Aristida nemorivaga,1,6.2,Fenced,TFB,
2026,E,4,Z3,NA,NA,1.1,Fenced,TFB,
2026,E,4,Z3,NA,NA,1,Fenced,TFB,
2026,E,4,Z3,Heteropogon contortus,5,25.8,Fenced,TFB,
2026,E,4,Z3,Megathyrsus maximus,3,30.5,Fenced,TFB,
2026,E,4,Z3,Urochloa brizantha,3,10.4,Fenced,TFB,
2026,E,4,Z3,Urochloa oligotricha,2,11.1,Fenced,TFB,
2026,E,4,Z3,Eragrostis cylindriflora,3,NA,Fenced,TFB,
2026,E,4,Z3,Heteropogon contortus,5,15.7,Fenced,TFB,
2026,E,4,Z3,Setaria pumila,4,12.5,Fenced,TFB,
2026,E,4,Z3,Megathyrsus maximus,2,14,Fenced,TFB,
2026,E,4,Z3,Aristida adscensionis,3,13.8,Fenced,TFB,
2026,E,4,Z3,Heteropogon contortus,5,48,Fenced,TFB,
2026,E,4,Z3,Eragrostis gummiflua,15,34.8,Fenced,TFB,
2026,E,4,Z3,Setaria pumila,3,46.8,Fenced,TFB,
2026,E,4,Z3,Tragus berteronianus,4,44.6,Fenced,TFB,
2026,E,4,Z1,Eragrostis racemosa,5,82,Fenced,TFB,
2026,E,4,Z1,Chloris virgata,4,45.4,Fenced,TFB,
2026,E,4,Z1,Digitaria velutina,6,45.8,Fenced,TFB,
2026,E,4,Z1,Urochloa brizantha,9,45.1,Fenced,TFB,
2026,E,4,Z1,Setaria pumila,11,NA,Fenced,TFB,
2026,E,4,Z1,Chloris virgata,1,30,Fenced,TFB,
2026,E,4,Z1,Tragus berteronianus,4,22.9,Fenced,TFB,
2026,E,4,Z1,Heteropogon contortus,2,39.1,Fenced,TFB,
2026,E,4,Z1,Aristida adscensionis,2,36.1,Fenced,TFB,
2026,E,4,Z1,Digitaria velutina,2,NA,Fenced,TFB,
2026,E,4,Z1,Digitaria eriantha,2,NA,Fenced,TFB,
2026,E,4,Z1,Eragrostis gummiflua,30,NA,Fenced,TFB,
2026,E,4,Z1,Eragrostis viscosa,2,NA,Fenced,TFB,
2026,E,4,Z1,Eragrostis cylindriflora,3,NA,Fenced,TFB,
2026,E,4,Z1,Cymbopogon caesius,1,38.5,Fenced,TFB,
2026,E,4,Z1,Setaria pumila,2,10.8,Fenced,TFB,
2026,E,4,Z1,Megathyrsus maximus,1,17.7,Fenced,TFB,
2026,E,4,Z1,NA,NA,18.5,Fenced,TFB,
2026,E,4,Z1,Heteropogon contortus,5,24.6,Fenced,TFB,
2026,E,4,Z1,Setaria pumila,4,25.7,Fenced,TFB,
2026,E,4,Z1,Eragrostis cylindriflora,2,23.8,Fenced,TFB,
2026,E,4,Z1,Megathyrsus maximus,3,21.7,Fenced,TFB,
2026,E,4,Z1,Heteropogon contortus,9,16.4,Fenced,TFB,
2026,E,4,Z1,Aristida adscensionis,2,15.8,Fenced,TFB,
2026,E,4,Z1,Eragrostis gummiflua,7,12.9,Fenced,TFB,
2026,E,4,Z1,NA,NA,12.2,Fenced,TFB,
2026,E,4,Z2,Aristida adscensionis,3,1,Unfenced,TFB,
2026,E,4,Z2,Heteropogon contortus,2,24,Unfenced,TFB,
2026,E,4,Z2,Megathyrsus maximus,1,35.6,Unfenced,TFB,
2026,E,4,Z2,NA,NA,30.4,Unfenced,TFB,
2026,E,4,Z2,Heteropogon contortus,3,33,Unfenced,TFB,
2026,E,4,Z2,Megathyrsus maximus,4,23.1,Unfenced,TFB,
2026,E,4,Z2,Eragrostis cylindriflora,1,18.6,Unfenced,TFB,
2026,E,4,Z2,Aristida adscensionis,3,20,Unfenced,TFB,
2026,E,4,Z2,Eragrostis gummiflua,21,NA,Unfenced,TFB,
2026,E,4,Z2,Setaria pumila,3,0,Unfenced,TFB,
2026,E,4,Z2,Aristida adscensionis,2,5.8,Unfenced,TFB,
2026,E,4,Z2,Heteropogon contortus,2,4.6,Unfenced,TFB,
2026,E,4,Z2,NA,NA,1,Unfenced,TFB,
2026,E,4,Z2,Heteropogon contortus,3,0,Unfenced,TFB,
2026,E,4,Z2,Megathyrsus maximus,1,0,Unfenced,TFB,
2026,E,4,Z2,NA,NA,35.5,Unfenced,TFB,
2026,E,4,Z2,NA,NA,28.8,Unfenced,TFB,
2026,E,4,Z2,Aristida nemorivaga,4,21,Unfenced,TFB,
2026,E,4,Z2,Urochloa brizantha,2,11.5,Unfenced,TFB,
2026,E,4,Z2,Digitaria velutina,7,8.4,Unfenced,TFB,
2026,E,4,Z2,Eragrostis cylindriflora,2,7.8,Unfenced,TFB,
2026,E,4,Z2,Tragus berteronianus,3,NA,Unfenced,TFB,
2026,E,4,Z2,Eragrostis gummiflua,27,NA,Unfenced,TFB,
2026,E,4,Z4,Heteropogon contortus,12,47.7,Unfenced,TFB,
2026,E,4,Z4,Setaria pumila,4,48.5,Unfenced,TFB,
2026,E,4,Z4,NA,NA,42.6,Unfenced,TFB,
2026,E,4,Z4,NA,NA,40.8,Unfenced,TFB,
2026,E,4,Z4,Megathyrsus maximus,2,11.3,Unfenced,TFB,
2026,E,4,Z4,Heteropogon contortus,2,10.9,Unfenced,TFB,
2026,E,4,Z4,Digitaria velutina,3,7.6,Unfenced,TFB,
2026,E,4,Z4,Aristida adscensionis,4,8.5,Unfenced,TFB,
2026,E,4,Z4,Setaria pumila,1,NA,Unfenced,TFB,
2026,E,4,Z4,Tragus berteronianus,25,8.4,Unfenced,TFB,
2026,E,4,Z4,Eragrostis racemosa,6,7.4,Unfenced,TFB,
2026,E,4,Z4,Megathyrsus maximus,9,8.9,Unfenced,TFB,
2026,E,4,Z4,Dactyloctenium aegyptium,1,5,Unfenced,TFB,
2026,E,4,Z4,Chloris virgata,2,NA,Unfenced,TFB,
2026,E,4,Z4,Megathyrsus maximus,3,21.8,Unfenced,TFB,
2026,E,4,Z4,Urochloa brizantha,2,23.3,Unfenced,TFB,
2026,E,4,Z4,Digitaria velutina,5,23.5,Unfenced,TFB,
2026,E,4,Z4,Heteropogon contortus,5,22.2,Unfenced,TFB,
2026,E,4,Z4,Heteropogon contortus,15,35.4,Unfenced,TFB,
2026,E,4,Z4,Digitaria velutina,2,27.8,Unfenced,TFB,
2026,E,4,Z4,Setaria pumila,8,21.4,Unfenced,TFB,
2026,E,4,Z4,Eragrostis cylindriflora,4,17.8,Unfenced,TFB,
2026,E,3,Z3,Heteropogon contortus,7,21,Fenced,F,
2026,E,3,Z3,Chloris virgata,1,29.5,Fenced,F,
2026,E,3,Z3,Aristida nemorivaga,5,24.4,Fenced,F,
2026,E,3,Z3,Digitaria velutina,2,24.4,Fenced,F,
2026,E,3,Z3,Heteropogon contortus,1,6.4,Fenced,F,
2026,E,3,Z3,Digitaria velutina,3,5.2,Fenced,F,
2026,E,3,Z3,Megathyrsus maximus,2,6,Fenced,F,
2026,E,3,Z3,Eragrostis cylindriflora,3,6,Fenced,F,
2026,E,3,Z3,Eragrostis gummiflua,19,NA,Fenced,F,
2026,E,3,Z3,Cymbopogon caesius,1,27.2,Fenced,F,
2026,E,3,Z3,Heteropogon contortus,4,18.1,Fenced,F,
2026,E,3,Z3,Megathyrsus maximus,3,14.8,Fenced,F,
2026,E,3,Z3,Aristida nemorivaga,4,0,Fenced,F,
2026,E,3,Z3,Urochloa brizantha,1,NA,Fenced,F,
2026,E,3,Z3,Heteropogon contortus,7,24,Fenced,F,
2026,E,3,Z3,Megathyrsus maximus,3,24.9,Fenced,F,
2026,E,3,Z3,Eragrostis cylindriflora,1,21.1,Fenced,F,
2026,E,3,Z3,Eragrostis gummiflua,12,18.7,Fenced,F,
2026,E,3,Z3,Heteropogon contortus,6,8,Fenced,F,
2026,E,3,Z3,Digitaria eriantha,3,23.6,Fenced,F,
2026,E,3,Z3,Chloris virgata,4,15.4,Fenced,F,
2026,E,3,Z3,Digitaria velutina,2,14,Fenced,F,
2026,E,3,Z1,Heteropogon contortus,9,23.7,Fenced,F,
2026,E,3,Z1,Eragrostis cylindriflora,1,25.5,Fenced,F,
2026,E,3,Z1,Megathyrsus maximus,3,17.1,Fenced,F,
2026,E,3,Z1,Aristida nemorivaga,2,16.9,Fenced,F,
2026,E,3,Z1,Setaria pumila,1,NA,Fenced,F,
2026,E,3,Z1,Eragrostis gummiflua,9,NA,Fenced,F,
2026,E,3,Z1,Heteropogon contortus,14,17.2,Fenced,F,
2026,E,3,Z1,Setaria pumila,3,23.6,Fenced,F,
2026,E,3,Z1,Urochloa brizantha,2,25.7,Fenced,F,
2026,E,3,Z1,Eragrostis gummiflua,5,25.2,Fenced,F,
2026,E,3,Z1,Eragrostis cylindriflora,1,NA,Fenced,F,
2026,E,3,Z1,Chloris virgata,1,NA,Fenced,F,
2026,E,3,Z1,Digitaria eriantha,31,21.4,Fenced,F,
2026,E,3,Z1,Heteropogon contortus,2,23.4,Fenced,F,
2026,E,3,Z1,NA,NA,23.4,Fenced,F,
2026,E,3,Z1,NA,NA,21.7,Fenced,F,
2026,E,3,Z1,Heteropogon contortus,1,1,Fenced,F,
2026,E,3,Z1,NA,NA,0,Fenced,F,
2026,E,3,Z1,NA,NA,0,Fenced,F,
2026,E,3,Z1,NA,NA,0,Fenced,F,
2026,E,3,Z1,Heteropogon contortus,5,16.3,Fenced,F,
2026,E,3,Z1,Aristida adscensionis,5,17.4,Fenced,F,
2026,E,3,Z1,Eragrostis cylindriflora,4,14,Fenced,F,
2026,E,3,Z1,Eragrostis gummiflua,3,12.5,Fenced,F,
2026,E,3,Z4,Digitaria velutina,2,20.4,Unfenced,F,
2026,E,3,Z4,Aristida diffusa,2,17.7,Unfenced,F,
2026,E,3,Z4,Megathyrsus maximus,3,28,Unfenced,F,
2026,E,3,Z4,NA,NA,26.8,Unfenced,F,
2026,E,3,Z4,Setaria pumila,7,5.4,Unfenced,F,
2026,E,3,Z4,Digitaria velutina,4,4.8,Unfenced,F,
2026,E,3,Z4,Megathyrsus maximus,2,4.4,Unfenced,F,
2026,E,3,Z4,NA,NA,4.6,Unfenced,F,
2026,E,3,Z4,Heteropogon contortus,3,28.5,Unfenced,F,
2026,E,3,Z4,Setaria pumila,2,22.9,Unfenced,F,
2026,E,3,Z4,Digitaria velutina,4,20,Unfenced,F,
2026,E,3,Z4,Enteropogon macrostachyus,3,0,Unfenced,F,
2026,E,3,Z4,Eragrostis cylindriflora,1,0,Unfenced,F,
2026,E,3,Z4,Eragrostis cylindriflora,1,0,Unfenced,F,
2026,E,3,Z4,Eragrostis gummiflua,6,1.6,Unfenced,F,
2026,E,3,Z4,NA,NA,1.6,Unfenced,F,
2026,E,3,Z4,Heteropogon contortus,3,4.2,Unfenced,F,
2026,E,3,Z4,Setaria pumila,2,4,Unfenced,F,
2026,E,3,Z4,Megathyrsus maximus,4,4.8,Unfenced,F,
2026,E,3,Z4,Chloris virgata,2,4,Unfenced,F,
2026,E,3,Z2,Setaria pumila,13,0,Unfenced,F,Herbs
2026,E,3,Z2,Eragrostis cylindriflora,7,4.5,Unfenced,F,
2026,E,3,Z2,Heteropogon contortus,2,5.5,Unfenced,F,
2026,E,3,Z2,NA,NA,5.7,Unfenced,F,
2026,E,3,Z2,Enteropogon macrostachyus,7,30.6,Unfenced,F,
2026,E,3,Z2,Digitaria eriantha,3,20.4,Unfenced,F,
2026,E,3,Z2,Heteropogon contortus,4,20.1,Unfenced,F,
2026,E,3,Z2,Setaria pumila,2,17.1,Unfenced,F,
2026,E,3,Z2,Chloris virgata,3,NA,Unfenced,F,
2026,E,3,Z2,Eragrostis viscosa,5,0,Unfenced,F,Herbs
2026,E,3,Z2,Setaria pumila,8,5.6,Unfenced,F,
2026,E,3,Z2,Urochloa brizantha,3,11.1,Unfenced,F,
2026,E,3,Z2,Enteropogon macrostachyus,1,12.1,Unfenced,F,
2026,E,3,Z2,Aristida nemorivaga,2,NA,Unfenced,F,
2026,E,3,Z2,Chloris virgata,7,14.8,Unfenced,F,
2026,E,3,Z2,Megathyrsus maximus,12,12.6,Unfenced,F,
2026,E,3,Z2,Setaria pumila,2,11.3,Unfenced,F,
2026,E,3,Z2,Eragrostis racemosa,6,10.2,Unfenced,F,
2026,E,3,Z2,Tragus berteronianus,4,NA,Unfenced,F,
2026,E,3,Z2,Eragrostis viscosa,2,NA,Unfenced,F,
2026,E,3,Z2,Heteropogon contortus,2,18.8,Unfenced,F,
2026,E,3,Z2,Setaria pumila,11,12.4,Unfenced,F,
2026,E,3,Z2,Megathyrsus maximus,2,21.1,Unfenced,F,
2026,E,3,Z2,Diheteropogon amplectens,1,15.8,Unfenced,F,
2026,E,3,Z2,Eragrostis cylindriflora,2,NA,Unfenced,F,
2026,E,3,Z2,Aristida adscensionis,3,NA,Unfenced,F,
2026,E,2,Z4,Megathyrsus maximus,2,23.8,Unfenced,TF,
2026,E,2,Z4,Enteropogon macrostachyus,4,28.1,Unfenced,TF,
2026,E,2,Z4,Heteropogon contortus,5,30.4,Unfenced,TF,
2026,E,2,Z4,NA,NA,30.3,Unfenced,TF,
2026,E,2,Z4,Heteropogon contortus,8,18.6,Unfenced,TF,
2026,E,2,Z4,Urochloa oligotricha,2,19.5,Unfenced,TF,
2026,E,2,Z4,Digitaria velutina,11,8.7,Unfenced,TF,
2026,E,2,Z4,Eragrostis viscosa,3,10.3,Unfenced,TF,
2026,E,2,Z4,Eragrostis cylindriflora,2,NA,Unfenced,TF,
2026,E,2,Z4,Tragus berteronianus,2,NA,Unfenced,TF,
2026,E,2,Z4,Heteropogon contortus,8,30.4,Unfenced,TF,
2026,E,2,Z4,Digitaria velutina,9,22.6,Unfenced,TF,
2026,E,2,Z4,Setaria pumila,6,20.2,Unfenced,TF,
2026,E,2,Z4,Urochloa brizantha,3,18.7,Unfenced,TF,
2026,E,2,Z4,Eragrostis gummiflua,18,NA,Unfenced,TF,
2026,E,2,Z4,Megathyrsus maximus,3,7.5,Unfenced,TF,
2026,E,2,Z4,Eragrostis cylindriflora,3,20.4,Unfenced,TF,
2026,E,2,Z4,Aristida adscensionis,3,19.1,Unfenced,TF,
2026,E,2,Z4,Setaria pumila,7,16.3,Unfenced,TF,
2026,E,2,Z4,Enteropogon macrostachyus,2,NA,Unfenced,TF,
2026,E,2,Z4,Enteropogon macrostachyus,9,37.8,Unfenced,TF,
2026,E,2,Z4,Setaria pumila,2,41.4,Unfenced,TF,
2026,E,2,Z4,NA,NA,21.9,Unfenced,TF,
2026,E,2,Z4,NA,NA,15.1,Unfenced,TF,
2026,E,2,Z4,NA,NA,NA,Unfenced,TF,
2026,E,2,Z2,Heteropogon contortus,5,32.3,Unfenced,TF,
2026,E,2,Z2,Diheteropogon amplectens,1,17.9,Unfenced,TF,
2026,E,2,Z2,Aristida nemorivaga,4,21,Unfenced,TF,
2026,E,2,Z2,Megathyrsus maximus,1,19.8,Unfenced,TF,
2026,E,2,Z2,Setaria pumila,2,18,Unfenced,TF,
2026,E,2,Z2,Enteropogon macrostachyus,4,12.6,Unfenced,TF,
2026,E,2,Z2,Urochloa brizantha,2,16.7,Unfenced,TF,
2026,E,2,Z2,Megathyrsus maximus,1,20.4,Unfenced,TF,
2026,E,2,Z2,Heteropogon contortus,8,22.5,Unfenced,TF,
2026,E,2,Z2,NA,NA,16.1,Unfenced,TF,
2026,E,2,Z2,NA,NA,0,Unfenced,TF,
2026,E,2,Z2,NA,NA,12.7,Unfenced,TF,
2026,E,2,Z2,Urochloa brizantha,2,37.6,Unfenced,TF,
2026,E,2,Z2,Enteropogon macrostachyus,3,34.8,Unfenced,TF,
2026,E,2,Z2,Setaria pumila,2,30.9,Unfenced,TF,
2026,E,2,Z2,Chloris virgata,4,26.2,Unfenced,TF,
2026,E,2,Z2,Megathyrsus maximus,5,NA,Unfenced,TF,
2026,E,2,Z2,Eragrostis racemosa,1,NA,Unfenced,TF,
2026,E,2,Z2,Digitaria velutina,3,NA,Unfenced,TF,
2026,E,2,Z2,Megathyrsus maximus,2,48.4,Unfenced,TF,
2026,E,2,Z2,Heteropogon contortus,3,34.8,Unfenced,TF,
2026,E,2,Z2,Digitaria velutina,3,27.7,Unfenced,TF,
2026,E,2,Z2,Eragrostis gummiflua,4,24.7,Unfenced,TF,
2026,E,2,Z2,Enteropogon macrostachyus,1,NA,Unfenced,TF,
2026,E,2,Z3,Megathyrsus maximus,6,54.4,Fenced,TF,
2026,E,2,Z3,NA,NA,43.9,Fenced,TF,
2026,E,2,Z3,NA,NA,45.6,Fenced,TF,
2026,E,2,Z3,NA,NA,43,Fenced,TF,
2026,E,2,Z3,Megathyrsus maximus,4,45.6,Fenced,TF,
2026,E,2,Z3,Setaria pumila,5,55.5,Fenced,TF,
2026,E,2,Z3,Eragrostis gummiflua,3,81.4,Fenced,TF,
2026,E,2,Z3,NA,NA,48,Fenced,TF,
2026,E,2,Z3,Heteropogon contortus,3,1.2,Fenced,TF,
2026,E,2,Z3,Aristida nemorivaga,2,1.2,Fenced,TF,
2026,E,2,Z3,Bothriochloa insculpta,1,2.6,Fenced,TF,
2026,E,2,Z3,NA,NA,3,Fenced,TF,
2026,E,2,Z3,Megathyrsus maximus,14,43.5,Fenced,TF,
2026,E,2,Z3,Aristida adscensionis,4,35.4,Fenced,TF,
2026,E,2,Z3,Chloris virgata,2,20.2,Fenced,TF,
2026,E,2,Z3,Eragrostis cylindriflora,3,26.3,Fenced,TF,
2026,E,2,Z3,Megathyrsus maximus,1,45.2,Fenced,TF,
2026,E,2,Z3,Enteropogon macrostachyus,2,43.4,Fenced,TF,
2026,E,2,Z3,NA,NA,35.3,Fenced,TF,
2026,E,2,Z3,NA,NA,33.3,Fenced,TF,
2026,E,2,Z1,Megathyrsus maximus,6,58.9,Fenced,TF,
2026,E,2,Z1,Heteropogon contortus,4,57,Fenced,TF,
2026,E,2,Z1,Eragrostis racemosa,3,44.5,Fenced,TF,
2026,E,2,Z1,NA,NA,44.8,Fenced,TF,
2026,E,2,Z1,Megathyrsus maximus,14,45,Fenced,TF,
2026,E,2,Z1,Chloris virgata,5,40.7,Fenced,TF,
2026,E,2,Z1,Urochloa brizantha,4,37.9,Fenced,TF,
2026,E,2,Z1,NA,NA,40.6,Fenced,TF,
2026,E,2,Z1,Megathyrsus maximus,4,28.8,Fenced,TF,
2026,E,2,Z1,Aristida nemorivaga,3,19.3,Fenced,TF,
2026,E,2,Z1,Eragrostis gummiflua,7,15.4,Fenced,TF,
2026,E,2,Z1,Eragrostis cylindriflora,5,1.3,Fenced,TF,
2026,E,2,Z1,Heteropogon contortus,6,25.4,Fenced,TF,
2026,E,2,Z1,Bothriochloa insculpta,5,30.6,Fenced,TF,
2026,E,2,Z1,Eragrostis viscosa,4,33.9,Fenced,TF,
2026,E,2,Z1,Setaria pumila,2,33.9,Fenced,TF,
2026,E,2,Z1,Megathyrsus maximus,2,80.8,Fenced,TF,
2026,E,2,Z1,Heteropogon contortus,3,50.4,Fenced,TF,
2026,E,2,Z1,Setaria pumila,4,48.4,Fenced,TF,
2026,E,2,Z1,NA,NA,50.9,Fenced,TF,
2026,E,1,Z3,Heteropogon contortus,4,27.7,Fenced,C,
2026,E,1,Z3,Aristida adscensionis,6,25.5,Fenced,C,
2026,E,1,Z3,Eragrostis racemosa,2,20.3,Fenced,C,
2026,E,1,Z3,NA,NA,12.8,Fenced,C,
2026,E,1,Z3,Digitaria eriantha,7,0,Fenced,C,
2026,E,1,Z3,NA,NA,0,Fenced,C,
2026,E,1,Z3,NA,NA,0,Fenced,C,
2026,E,1,Z3,NA,NA,5.8,Fenced,C,
2026,E,1,Z3,Digitaria eriantha,2,9.8,Fenced,C,
2026,E,1,Z3,Heteropogon contortus,1,7.3,Fenced,C,
2026,E,1,Z3,Aristida adscensionis,5,8.2,Fenced,C,
2026,E,1,Z3,NA,NA,7,Fenced,C,
2026,E,1,Z3,Enteropogon macrostachyus,4,12.5,Fenced,C,
2026,E,1,Z3,Eragrostis racemosa,1,10,Fenced,C,
2026,E,1,Z3,Bothriochloa insculpta,2,12.8,Fenced,C,
2026,E,1,Z3,NA,NA,14.5,Fenced,C,
2026,E,1,Z3,Heteropogon contortus,3,12.1,Fenced,C,
2026,E,1,Z3,Setaria pumila,4,7.6,Fenced,C,
2026,E,1,Z3,Eragrostis cylindriflora,2,6.8,Fenced,C,
2026,E,1,Z3,Aristida adscensionis,3,5.9,Fenced,C,
2026,E,1,Z1,Heteropogon contortus,4,8.3,Fenced,C,
2026,E,1,Z1,Eragrostis cylindriflora,1,8.4,Fenced,C,
2026,E,1,Z1,Aristida adscensionis,2,8.2,Fenced,C,
2026,E,1,Z1,Enteropogon macrostachyus,2,0,Fenced,C,
2026,E,1,Z1,Digitaria eriantha,8,4.6,Fenced,C,
2026,E,1,Z1,Heteropogon contortus,4,7.3,Fenced,C,
2026,E,1,Z1,Enteropogon macrostachyus,3,8.1,Fenced,C,
2026,E,1,Z1,NA,NA,6.1,Fenced,C,
2026,E,1,Z1,Heteropogon contortus,9,6,Fenced,C,
2026,E,1,Z1,Tragus berteronianus,1,6.7,Fenced,C,
2026,E,1,Z1,Aristida diffusa,1,12.8,Fenced,C,
2026,E,1,Z1,Eragrostis gummiflua,28,10.2,Fenced,C,
2026,E,1,Z1,Eragrostis cylindriflora,1,NA,Fenced,C,
2026,E,1,Z1,Heteropogon contortus,2,0,Fenced,C,
2026,E,1,Z1,Eragrostis cylindriflora,1,0,Fenced,C,
2026,E,1,Z1,NA,NA,9.5,Fenced,C,
2026,E,1,Z1,NA,NA,8,Fenced,C,
2026,E,1,Z1,Heteropogon contortus,3,12.3,Fenced,C,
2026,E,1,Z1,Digitaria eriantha,1,14.5,Fenced,C,
2026,E,1,Z1,Eragrostis superba,1,0,Fenced,C,
2026,E,1,Z1,Setaria pumila,1,8.5,Fenced,C,
2026,E,1,Z2,Eragrostis cylindriflora,6,11.7,Unfenced,C,
2026,E,1,Z2,Urochloa oligotricha,1,9.3,Unfenced,C,
2026,E,1,Z2,Eragrostis cylindriflora,1,7.2,Unfenced,C,
2026,E,1,Z2,Eragrostis gummiflua,1,3.6,Unfenced,C,
2026,E,1,Z2,Eragrostis superba,1,0,Unfenced,C,
2026,E,1,Z2,NA,NA,0,Unfenced,C,
2026,E,1,Z2,NA,NA,0,Unfenced,C,
2026,E,1,Z2,NA,NA,4.6,Unfenced,C,
2026,E,1,Z2,Heteropogon contortus,2,9,Unfenced,C,
2026,E,1,Z2,Digitaria eriantha,1,11.6,Unfenced,C,
2026,E,1,Z2,Setaria pumila,1,0,Unfenced,C,
2026,E,1,Z2,NA,NA,0,Unfenced,C,
2026,E,1,Z2,Heteropogon contortus,3,0,Unfenced,C,
2026,E,1,Z2,Digitaria eriantha,3,0,Unfenced,C,
2026,E,1,Z2,NA,NA,10.6,Unfenced,C,
2026,E,1,Z2,NA,NA,12.6,Unfenced,C,
2026,E,1,Z2,Aristida nemorivaga,1,22.6,Unfenced,C,
2026,E,1,Z2,Digitaria eriantha,4,20.5,Unfenced,C,
2026,E,1,Z2,Themeda triandra,2,0,Unfenced,C,
2026,E,1,Z2,Eragrostis gummiflua,3,0,Unfenced,C,
2026,E,1,Z4,Digitaria eriantha,7,5.3,Unfenced,C,
2026,E,1,Z4,NA,NA,7.8,Unfenced,C,
2026,E,1,Z4,NA,NA,8.6,Unfenced,C,
2026,E,1,Z4,NA,NA,0,Unfenced,C,
2026,E,1,Z4,Megathyrsus maximus,3,6.7,Unfenced,C,
2026,E,1,Z4,Aristida adscensionis,7,6.7,Unfenced,C,
2026,E,1,Z4,Setaria pumila,2,0,Unfenced,C,
2026,E,1,Z4,NA,NA,0,Unfenced,C,
2026,E,1,Z4,Megathyrsus maximus,3,17.1,Unfenced,C,
2026,E,1,Z4,Digitaria eriantha,2,14.6,Unfenced,C,
2026,E,1,Z4,NA,NA,0,Unfenced,C,
2026,E,1,Z4,NA,NA,0,Unfenced,C,
2026,E,1,Z4,Aristida congesta c,1,8.1,Unfenced,C,
2026,E,1,Z4,Eragrostis cylindriflora,5,8.5,Unfenced,C,
2026,E,1,Z4,Eragrostis gummiflua,6,7.9,Unfenced,C,
2026,E,1,Z4,Digitaria eriantha,2,0,Unfenced,C,
2026,E,1,Z4,Setaria pumila,1,NA,Unfenced,C,
2026,E,1,Z4,Tragus berteronianus,2,NA,Unfenced,C,
2026,E,1,Z4,Digitaria eriantha,5,18.3,Unfenced,C,
2026,E,1,Z4,Eragrostis superba,1,18.7,Unfenced,C,
2026,E,1,Z4,Eragrostis cylindriflora,2,19,Unfenced,C,
2026,E,1,Z4,Eragrostis cylindriflora,3,18.1,Unfenced,C,
2026,E,1,Z4,Eragrostis gummiflua,5,NA,Unfenced,C,
2026,E,5,Z3,Hyparrhenia hirta,4,35,Fenced,THF,
2026,E,5,Z3,Digitaria eriantha,2,49.2,Fenced,THF,
2026,E,5,Z3,Pogonarthria squarrosa,3,28.9,Fenced,THF,
2026,E,5,Z3,Eragrostis gummiflua,2,41.9,Fenced,THF,
2026,E,5,Z3,Aristida adscensionis,2,NA,Fenced,THF,
2026,E,5,Z3,Digitaria eriantha,8,26.4,Fenced,THF,
2026,E,5,Z3,Themeda triandra,2,33.3,Fenced,THF,
2026,E,5,Z3,Eragrostis gummiflua,7,30.1,Fenced,THF,
2026,E,5,Z3,Urochloa oligotricha,1,37.5,Fenced,THF,
2026,E,5,Z3,Bothriochloa insculpta,3,25.8,Fenced,THF,
2026,E,5,Z3,Heteropogon contortus,4,23.2,Fenced,THF,
2026,E,5,Z3,Eragrostis gummiflua,13,15,Fenced,THF,
2026,E,5,Z3,NA,NA,14.4,Fenced,THF,
2026,E,5,Z3,Aristida adscensionis,5,68.8,Fenced,THF,
2026,E,5,Z3,Heteropogon contortus,8,30.1,Fenced,THF,
2026,E,5,Z3,Eragrostis gummiflua,3,25.8,Fenced,THF,
2026,E,5,Z3,NA,NA,20.2,Fenced,THF,
2026,E,5,Z3,Heteropogon contortus,8,20.6,Fenced,THF,
2026,E,5,Z3,NA,NA,20.3,Fenced,THF,
2026,E,5,Z3,NA,NA,20.9,Fenced,THF,
2026,E,5,Z3,NA,NA,28.5,Fenced,THF,
2026,E,5,Z1,Digitaria eriantha,12,20.6,Fenced,THF,
2026,E,5,Z1,Heteropogon contortus,2,24.1,Fenced,THF,
2026,E,5,Z1,Urochloa brizantha,1,32.4,Fenced,THF,
2026,E,5,Z1,Pogonarthria squarrosa,2,35.6,Fenced,THF,
2026,E,5,Z1,Cymbopogon caesius,1,48.5,Fenced,THF,
2026,E,5,Z1,Heteropogon contortus,30,43.3,Fenced,THF,
2026,E,5,Z1,Urochloa oligotricha,2,44.3,Fenced,THF,
2026,E,5,Z1,NA,NA,42.7,Fenced,THF,
2026,E,5,Z1,Heteropogon contortus,12,70.5,Fenced,THF,
2026,E,5,Z1,Setaria pumila,2,52.8,Fenced,THF,
2026,E,5,Z1,Digitaria velutina,3,38.6,Fenced,THF,
2026,E,5,Z1,NA,NA,42.7,Fenced,THF,
2026,E,5,Z1,Digitaria eriantha,13,25.6,Fenced,THF,
2026,E,5,Z1,Heteropogon contortus,7,34.7,Fenced,THF,
2026,E,5,Z1,Themeda triandra,2,33.8,Fenced,THF,
2026,E,5,Z1,Eragrostis gummiflua,5,70.5,Fenced,THF,
2026,E,5,Z1,Bothriochloa insculpta,5,15.1,Fenced,THF,
2026,E,5,Z1,Megathyrsus maximus,3,19.3,Fenced,THF,
2026,E,5,Z1,Heteropogon contortus,2,11.7,Fenced,THF,
2026,E,5,Z1,NA,NA,14.2,Fenced,THF,
2026,E,5,Z4,Heteropogon contortus,3,31,Unfenced,THF,
2026,E,5,Z4,NA,NA,21.4,Unfenced,THF,
2026,E,5,Z4,NA,NA,26,Unfenced,THF,
2026,E,5,Z4,NA,NA,0,Unfenced,THF,
2026,E,5,Z4,Urochloa oligotricha,2,18.7,Unfenced,THF,
2026,E,5,Z4,Eragrostis superba,1,16.8,Unfenced,THF,
2026,E,5,Z4,Pogonarthria squarrosa,1,24.2,Unfenced,THF,
2026,E,5,Z4,Digitaria eriantha,1,15.1,Unfenced,THF,
2026,E,5,Z4,Enteropogon macrostachyus,5,20.9,Unfenced,THF,
2026,E,5,Z4,Eragrostis gummiflua,1,11.7,Unfenced,THF,
2026,E,5,Z4,NA,NA,14,Unfenced,THF,
2026,E,5,Z4,NA,NA,9.4,Unfenced,THF,
2026,E,5,Z4,Heteropogon contortus,2,53.3,Unfenced,THF,
2026,E,5,Z4,Enteropogon macrostachyus,3,33.2,Unfenced,THF,
2026,E,5,Z4,Urochloa brizantha,4,20.4,Unfenced,THF,
2026,E,5,Z4,NA,NA,19.5,Unfenced,THF,
2026,E,5,Z4,Themeda triandra,6,33.4,Unfenced,THF,
2026,E,5,Z4,Heteropogon contortus,3,33.9,Unfenced,THF,
2026,E,5,Z4,Digitaria eriantha,4,21.4,Unfenced,THF,
2026,E,5,Z4,NA,NA,24.7,Unfenced,THF,
2026,E,5,Z2,Heteropogon contortus,4,12.8,Unfenced,THF,
2026,E,5,Z2,Enteropogon macrostachyus,2,19.6,Unfenced,THF,
2026,E,5,Z2,NA,NA,10.3,Unfenced,THF,
2026,E,5,Z2,NA,NA,18.9,Unfenced,THF,
2026,E,5,Z2,Digitaria eriantha,8,35.3,Unfenced,THF,
2026,E,5,Z2,Heteropogon contortus,5,36.6,Unfenced,THF,
2026,E,5,Z2,Urochloa oligotricha,4,30.2,Unfenced,THF,
2026,E,5,Z2,Eragrostis cylindriflora,2,35.3,Unfenced,THF,
2026,E,5,Z2,Aristida congesta c,1,15.6,Unfenced,THF,
2026,E,5,Z2,Digitaria velutina,3,17,Unfenced,THF,
2026,E,5,Z2,Pogonarthria squarrosa,6,14.7,Unfenced,THF,
2026,E,5,Z2,Digitaria eriantha,2,15.4,Unfenced,THF,
2026,E,5,Z2,Heteropogon contortus,8,NA,Unfenced,THF,
2026,E,5,Z2,Eragrostis cylindriflora,2,NA,Unfenced,THF,
2026,E,5,Z2,Eragrostis gummiflua,8,NA,Unfenced,THF,
2026,E,5,Z2,Themeda triandra,2,48.5,Unfenced,THF,
2026,E,5,Z2,Heteropogon contortus,10,40.6,Unfenced,THF,
2026,E,5,Z2,NA,NA,36.4,Unfenced,THF,
2026,E,5,Z2,NA,NA,30.7,Unfenced,THF,
2026,E,5,Z2,Megathyrsus maximus,5,40.5,Unfenced,THF,
2026,E,5,Z2,Eragrostis superba,1,43.9,Unfenced,THF,
2026,E,5,Z2,Heteropogon contortus,20,40.9,Unfenced,THF,
2026,E,5,Z2,NA,NA,30.6,Unfenced,THF,
