<?xml version="1.0" encoding="utf-8" ?>
<kml xmlns="http://www.opengis.net/kml/2.2">
<Document id="root_doc">
<Schema name="SR_roads" id="SR_roads">
	<SimpleField name="descriptio" type="string"></SimpleField>
	<SimpleField name="timestamp" type="string"></SimpleField>
	<SimpleField name="begin" type="string"></SimpleField>
	<SimpleField name="end" type="string"></SimpleField>
	<SimpleField name="altitudeMo" type="string"></SimpleField>
	<SimpleField name="tessellate" type="float"></SimpleField>
	<SimpleField name="extrude" type="float"></SimpleField>
	<SimpleField name="visibility" type="float"></SimpleField>
	<SimpleField name="drawOrder" type="float"></SimpleField>
	<SimpleField name="icon" type="string"></SimpleField>
</Schema>
<Folder><name>SR_roads</name>
  <Placemark>
	<name>Untitled Path</name>
	<Style><LineStyle><color>ff0000ff</color></LineStyle><PolyStyle><fill>0</fill></PolyStyle></Style>
	<ExtendedData><SchemaData schemaUrl="#SR_roads">
		<SimpleData name="tessellate">-1</SimpleData>
		<SimpleData name="extrude">0</SimpleData>
		<SimpleData name="visibility">-1</SimpleData>
	</SchemaData></ExtendedData>
      <MultiGeometry><LineString><coordinates>29.2224344840001,-19.5542078889999,0 29.221487143,-19.552838718,0 29.2214591460001,-19.552426203,0 29.2215853480001,-19.5520355259999,0 29.2218665440001,-19.5515197,0 29.2218642870001,-19.550876682,0 29.221934545,-19.548577785,0 29.2217212780001,-19.547986437,0 29.2215062860001,-19.5473400399999,0 29.2215032260001,-19.5466932159999,0 29.2215267280001,-19.546015681,0 29.2216843600001,-19.545332354,0 29.221950502,-19.54451151,0 29.222030406,-19.5439911819999,0 29.22234302,-19.543399678,0 29.2226403570001,-19.5431144239999,0 29.2229681370001,-19.5429954599999,0 29.2237793670001,-19.5428290519999,0 29.2246149380001,-19.542566085,0 29.2252240660001,-19.542350282,0 29.2256039430001,-19.5420371709999,0 29.225727871,-19.541624707,0 29.2260318030001,-19.540991644,0 29.226389999,-19.540427898,0 29.2269057730001,-19.5396855229999,0 29.227504955,-19.5387856359999,0 29.2279775990001,-19.538279718,0 29.228506705,-19.5376448869999,0 29.228957666,-19.5372621829999,0 29.22986394,-19.5368657839999,0 29.2304230510001,-19.536734058,0 29.2313013020001,-19.536577742,0 29.2319675160001,-19.536473295,0 29.2326878740001,-19.536368658,0 29.2334572570001,-19.5357655779999,0 29.2339883270001,-19.5352371889999,0 29.234099853,-19.534546469,0 29.2343467900001,-19.533850324,0 29.2347313170001,-19.533173453,0 29.235300011,-19.531991444,0 29.2359326270001,-19.5307234309999,0 29.235695617,-19.530045091,0 29.2354026450001,-19.529502939,0 29.2351351140001,-19.528861949,0 29.234895362,-19.5279752349999,0 29.2347057800001,-19.5270054229999,0 29.234544413,-19.525629753,0 29.234651179,-19.523895092,0 29.2351056000001,-19.52353734,0 29.235934891,-19.5230503889999,0 29.236839784,-19.522894784,0 29.2378526160001,-19.522788668,0 29.2385898040001,-19.52159423,0 29.239551916,-19.5204588469999,0 29.240303469,-19.520003834,0 29.241774994,-19.51938294,0 29.242588122,-19.5190025319999,0</coordinates></LineString></MultiGeometry>
  </Placemark>
  <Placemark>
	<name>tyabenzi road</name>
	<Style><LineStyle><color>ff0000ff</color></LineStyle><PolyStyle><fill>0</fill></PolyStyle></Style>
	<ExtendedData><SchemaData schemaUrl="#SR_roads">
		<SimpleData name="tessellate">-1</SimpleData>
		<SimpleData name="extrude">0</SimpleData>
		<SimpleData name="visibility">-1</SimpleData>
	</SchemaData></ExtendedData>
      <MultiGeometry><LineString><coordinates>29.287007651,-19.588273028,0 29.2883912840001,-19.585639823,0 29.290104741,-19.583593535,0 29.291620366,-19.582541319,0 29.294084566,-19.581132641,0 29.295819604,-19.5805748779999,0 29.2966093680001,-19.5804697399999,0 29.2977667380001,-19.579921278,0 29.299399409,-19.57877076,0 29.300509189,-19.577812926,0 29.300985574,-19.5763053929999,0 29.300624564,-19.5753581179999,0 29.2997352020001,-19.574019103,0</coordinates></LineString></MultiGeometry>
  </Placemark>
  <Placemark>
	<name>ngazini detour1</name>
	<Style><LineStyle><color>ff0000ff</color></LineStyle><PolyStyle><fill>0</fill></PolyStyle></Style>
	<ExtendedData><SchemaData schemaUrl="#SR_roads">
		<SimpleData name="tessellate">-1</SimpleData>
		<SimpleData name="extrude">0</SimpleData>
		<SimpleData name="visibility">-1</SimpleData>
	</SchemaData></ExtendedData>
      <MultiGeometry><LineString><coordinates>29.2096688140001,-19.5753864669999,0 29.212049691,-19.575270888,0 29.2138272080001,-19.574816864,0 29.2157872060001,-19.574418049,0 29.217453737,-19.574075617,0 29.2194213190001,-19.573505624,0 29.221222544,-19.572994831,0 29.2229640050001,-19.572484156,0 29.2241611000001,-19.572084585,0 29.2254094140001,-19.5708258829999,0 29.226181249,-19.569393342,0 29.2273222120001,-19.5680756899999,0 29.2287682670001,-19.5670381949999,0 29.229794597,-19.5661731879999,0 29.2313682970001,-19.5651881859999,0 29.234522924,-19.564720343,0 29.236895367,-19.5642465199999,0 29.2376882450001,-19.563780896,0 29.2384235240001,-19.562794066,0 29.2394641620001,-19.561978247,0 29.240691913,-19.560984354,0 29.240999692,-19.5606342149999,0</coordinates></LineString></MultiGeometry>
  </Placemark>
  <Placemark>
	<name>ngazini detour 2</name>
	<Style><LineStyle><color>ff0000ff</color></LineStyle><PolyStyle><fill>0</fill></PolyStyle></Style>
	<ExtendedData><SchemaData schemaUrl="#SR_roads">
		<SimpleData name="tessellate">-1</SimpleData>
		<SimpleData name="extrude">0</SimpleData>
		<SimpleData name="visibility">-1</SimpleData>
	</SchemaData></ExtendedData>
      <MultiGeometry><LineString><coordinates>29.20807519,-19.580524866,0 29.20943326,-19.580583293,0 29.2107513320001,-19.5808060169999,0 29.211767783,-19.581029261,0 29.212898042,-19.5814778609999,0 29.214510675,-19.582260509,0 29.216774479,-19.5832677089999,0 29.219867295,-19.5836608179999,0 29.222958755,-19.583944276,0 29.226051307,-19.5840631789999,0 29.22867213,-19.5839029759999,0 29.231119629,-19.5835179499999,0 29.2333937670001,-19.5831889049999,0 29.234532755,-19.583080096,0</coordinates></LineString></MultiGeometry>
  </Placemark>
  <Placemark>
	<name>sean airstrip road</name>
	<Style><LineStyle><color>ff0000ff</color></LineStyle><PolyStyle><fill>0</fill></PolyStyle></Style>
	<ExtendedData><SchemaData schemaUrl="#SR_roads">
		<SimpleData name="tessellate">-1</SimpleData>
		<SimpleData name="extrude">0</SimpleData>
		<SimpleData name="visibility">-1</SimpleData>
	</SchemaData></ExtendedData>
      <MultiGeometry><LineString><coordinates>29.1999649010001,-19.587704268,0 29.2036331960001,-19.5885519509999,0 29.2039922180001,-19.588653258,0 29.205105738,-19.589228071,0 29.2072255150001,-19.590682501,0 29.2072922950001,-19.591019573,0 29.206929865,-19.5914480649999,0 29.2062614230001,-19.591738183,0 29.2059216100001,-19.591975873,0 29.2062497450001,-19.592212183,0 29.206648272,-19.5924642859999,0 29.206992982,-19.5928986599999,0 29.2073883380001,-19.5932629869999,0 29.2077634870001,-19.593147262,0 29.2081564750001,-19.593163604,0 29.2087635710001,-19.593163435,0</coordinates></LineString></MultiGeometry>
  </Placemark>
  <Placemark>
	<name>sean camp road</name>
	<Style><LineStyle><color>ff0000ff</color></LineStyle><PolyStyle><fill>0</fill></PolyStyle></Style>
	<ExtendedData><SchemaData schemaUrl="#SR_roads">
		<SimpleData name="tessellate">-1</SimpleData>
		<SimpleData name="extrude">0</SimpleData>
		<SimpleData name="visibility">-1</SimpleData>
	</SchemaData></ExtendedData>
      <MultiGeometry><LineString><coordinates>29.1927045590001,-19.6005496349999,0 29.1930917280001,-19.6007384599999,0 29.193738959,-19.600947644,0 29.1945901340001,-19.6011680999999,0 29.1953142840001,-19.601338195,0 29.19610801,-19.601490704,0 29.197009183,-19.601694444,0 29.197834937,-19.6017791109999,0 29.1984442560001,-19.6020325229999,0 29.199123527,-19.602099836,0 29.200210019,-19.602501032,0 29.200866526,-19.602667983,0 29.2013990610001,-19.602767856,0 29.202312912,-19.603165986,0 29.202828637,-19.603166033,0 29.2033953370001,-19.6028840029999,0 29.2045797590001,-19.6022637619999,0 29.2055354190001,-19.601223841,0 29.2064820090001,-19.599784777,0 29.2073266420001,-19.598866874,0 29.2076585180001,-19.5983066059999,0 29.2080204850001,-19.5978011559999,0 29.2081491140001,-19.597341892,0 29.208193291,-19.5967746769999,0 29.2082020170001,-19.5965841939999,0 29.2083366950001,-19.5964109979999,0 29.2086411080001,-19.596132751,0 29.2088796100001,-19.5957643789999,0 29.209120101,-19.59539323,0 29.209382829,-19.594983675,0 29.2093342120001,-19.5945169889999,0 29.2092973690001,-19.5941730289999,0 29.209174717,-19.593732533,0 29.2090970150001,-19.593473026,0 29.2088669020001,-19.5932482109999,0 29.208837873,-19.5930985849999,0</coordinates></LineString></MultiGeometry>
  </Placemark>
  <Placemark>
	<name>Untitled Path</name>
	<Style><LineStyle><color>ff0000ff</color></LineStyle><PolyStyle><fill>0</fill></PolyStyle></Style>
	<ExtendedData><SchemaData schemaUrl="#SR_roads">
		<SimpleData name="tessellate">-1</SimpleData>
		<SimpleData name="extrude">0</SimpleData>
		<SimpleData name="visibility">-1</SimpleData>
	</SchemaData></ExtendedData>
      <MultiGeometry><LineString><coordinates>29.2091097360001,-19.593503508,0 29.209656508,-19.5936609299999,0 29.2101484760001,-19.5936440139999,0 29.210623437,-19.593557668,0 29.2108984230001,-19.59347116,0 29.2110616160001,-19.5935232199999,0 29.2113199550001,-19.5933845539999,0 29.2115939500001,-19.5933845669999,0 29.2118803330001,-19.5936096139999,0 29.2121909410001,-19.593609186,0 29.2125429170001,-19.5935212059999,0 29.2127378550001,-19.5932075119999,0 29.212747681,-19.5929276649999,0 29.212573399,-19.592629033,0 29.21247548,-19.592256654,0 29.2125504410001,-19.591753352,0 29.2126595730001,-19.591370942,0 29.212702129,-19.590800338,0 29.2128330090001,-19.59037265,0 29.2128686690001,-19.589942943,0 29.212628909,-19.589630262,0 29.2124072710001,-19.589280677,0 29.212071662,-19.5887122579999,0 29.2118651110001,-19.588435272,0 29.2117070670001,-19.5877671289999,0 29.211456238,-19.5874421179999,0 29.2114614920001,-19.5869944569999,0 29.211171458,-19.5866838599999,0 29.210954759,-19.586249778,0 29.2106999430001,-19.585830463,0 29.21049938,-19.5854928269999,0 29.2104459060001,-19.585099956,0 29.2104475880001,-19.5847237949999,0 29.2102254280001,-19.584308811,0 29.210095341,-19.5839090339999,0 29.2098515870001,-19.5835251729999,0 29.2096059700001,-19.583028049,0 29.209528591,-19.5824162879999,0 29.2094510020001,-19.581948731,0 29.209372511,-19.5814198839999,0 29.209407743,-19.580874093,0 29.209310181,-19.5805500129999,0 29.2091015140001,-19.580182959,0 29.208949214,-19.5798766789999,0 29.2088139680001,-19.5794962369999,0 29.208771412,-19.5790948489999,0 29.2087839490001,-19.578686563,0 29.2088350110001,-19.578295001,0 29.208924564,-19.577918934,0 29.2089970710001,-19.577600479,0 29.2089936240001,-19.577315965,0 29.2089134930001,-19.577011402,0 29.2088349850001,-19.576858689,0</coordinates></LineString></MultiGeometry>
  </Placemark>
  <Placemark>
	<name>to pyramids boundary</name>
	<Style><LineStyle><color>ff0000ff</color></LineStyle><PolyStyle><fill>0</fill></PolyStyle></Style>
	<ExtendedData><SchemaData schemaUrl="#SR_roads">
		<SimpleData name="tessellate">-1</SimpleData>
		<SimpleData name="extrude">0</SimpleData>
		<SimpleData name="visibility">-1</SimpleData>
	</SchemaData></ExtendedData>
      <MultiGeometry><LineString><coordinates>29.187056461,-19.588548755,0 29.1863167620001,-19.5885871689999,0 29.185410878,-19.588403059,0 29.184560909,-19.5879930719999,0 29.1833472190001,-19.587440757,0 29.1824524360001,-19.586840577,0 29.181362952,-19.586326448,0 29.1804297740001,-19.586456831,0 29.1792173310001,-19.586543277,0 29.1778182600001,-19.586371066,0 29.1761878970001,-19.586106494,0 29.1756234260001,-19.5863863189999,0 29.175245235,-19.5868013139999,0 29.174590892,-19.5871252759999,0 29.174125685,-19.5872643179999,0 29.1738896840001,-19.5879443809999,0 29.173609265,-19.5885752519999,0 29.1735131540001,-19.589468778,0 29.173372914,-19.5900918349999,0 29.173097152,-19.5904902099999,0 29.172548637,-19.5910634109999,0 29.172093746,-19.5915462839999,0 29.171549648,-19.5918967319999,0 29.1708667200001,-19.5916763769999,0 29.170086101,-19.591015382,0 29.1695295460001,-19.590351551,0 29.1687837390001,-19.58959248,0 29.1677582510001,-19.589046917,0 29.166859055,-19.588229097,0 29.1657755570001,-19.587550168,0 29.1644642710001,-19.587014331,0 29.162830987,-19.5866167399999,0 29.161380363,-19.586303549,0 29.159883327,-19.586035764,0 29.1587514290001,-19.585675433,0 29.157291264,-19.5853149449999,0</coordinates></LineString></MultiGeometry>
  </Placemark>
  <Placemark>
	<name>off pyramids boundary</name>
	<Style><LineStyle><color>ff0000ff</color></LineStyle><PolyStyle><fill>0</fill></PolyStyle></Style>
	<ExtendedData><SchemaData schemaUrl="#SR_roads">
		<SimpleData name="tessellate">-1</SimpleData>
		<SimpleData name="extrude">0</SimpleData>
		<SimpleData name="visibility">-1</SimpleData>
	</SchemaData></ExtendedData>
      <MultiGeometry><LineString><coordinates>29.1597810422747,-19.5816714077018,0 29.1595040010031,-19.5824169025472,0 29.1591917597316,-19.583027258,0 29.1586132561852,-19.5838460170917,0 29.1574939470032,-19.5853497962749,0 29.1560479383674,-19.5880463480854,0 29.1556655773674,-19.5885986573551,0 29.1549354653673,-19.5900627756039,0 29.1542488499137,-19.590990981253,0 29.1538140198211,-19.5918233162927,0 29.1531876510958,-19.5929110539983,0 29.1517939960032,-19.5949995127901,0 29.1503709885495,-19.5970444482091,0 29.148896333821,-19.5987957729999,0 29.146576576,-19.5992555949999,0 29.143493433,-19.599673378,0 29.1429400780032,-19.6004256987209,0 29.1424811990032,-19.6011701290273,0 29.1419396182747,-19.6020360586993,0 29.1420271210031,-19.602983759,0 29.1423862866389,-19.6071875160299,0 29.1428416954569,-19.6078494995338,0 29.1435141139106,-19.6086767087205,0 29.144031482639,-19.6095207218219,0 29.1441372103673,-19.61064513,0 29.1437454353674,-19.6121259499999,0 29.1438932653674,-19.6131175797386,0 29.143969580821,-19.6143186429999,0 29.1440940420031,-19.615334268,0 29.1443516554569,-19.617336101,0 29.1446321988211,-19.618853853,0 29.1456623137332,-19.6197616339241,0 29.145881097,-19.6208326629999,0 29.1466524814399,-19.6217508562669,0 29.148601782173,-19.6250871284416,0 29.1475641507331,-19.626967142,0</coordinates></LineString></MultiGeometry>
  </Placemark>
  <Placemark>
	<name>Untitled Path</name>
	<Style><LineStyle><color>ff0000ff</color></LineStyle><PolyStyle><fill>0</fill></PolyStyle></Style>
	<ExtendedData><SchemaData schemaUrl="#SR_roads">
		<SimpleData name="tessellate">-1</SimpleData>
		<SimpleData name="extrude">0</SimpleData>
		<SimpleData name="visibility">-1</SimpleData>
	</SchemaData></ExtendedData>
      <MultiGeometry><LineString><coordinates>29.15658753,-19.630242616,0 29.156872075,-19.6312527791285,0 29.1572423195865,-19.633273286,0 29.1567114420001,-19.63386751,0 29.156577951,-19.635002335,0 29.15709801,-19.63626521,0 29.1577946460001,-19.637471744,0 29.158175193,-19.637826987,0 29.1588260010001,-19.638137661,0 29.1595994300001,-19.6381386689999,0 29.16010541,-19.638315066,0 29.161030387,-19.6388856509999,0 29.161995152,-19.639452235,0 29.162552459,-19.640104177,0 29.163242932,-19.640838349,0 29.1632980860001,-19.641478325,0 29.1632700450001,-19.642372183,0 29.163286419,-19.6433000439999,0 29.1633453360001,-19.644178342,0 29.1635430650001,-19.645341583,0 29.164131943,-19.64645182,0 29.1644513220001,-19.647349044,0 29.165072712,-19.6481587239999,0 29.165820941,-19.649122317,0 29.166215535,-19.649799459,0 29.16617768,-19.6505902989999,0 29.1665227130001,-19.6521269099999,0 29.1665335570001,-19.652874379,0 29.1667288220001,-19.6539621429999,0 29.1666074460001,-19.6549948119999,0 29.166577503,-19.65614382,0 29.167166363,-19.657029705,0 29.167752756,-19.658158807,0 29.168991089,-19.658698417,0 29.170091563,-19.659275846,0 29.1710092130001,-19.659975044,0 29.1720970550001,-19.660708348,0 29.173358098,-19.661114121,0 29.174360545,-19.661154859,0 29.1753673220001,-19.660993102,0 29.1763178690001,-19.6612768279999,0 29.1777028830001,-19.6616001539999,0 29.1791259190001,-19.6618824079999,0 29.179914802,-19.661721566,0 29.1806446850001,-19.662911511,0 29.1812952550001,-19.6640393709999,0 29.182684884,-19.66472842,0 29.1835104300001,-19.665071439,0 29.1843560730001,-19.6656693209999,0 29.185587463,-19.666431609,0 29.186940425,-19.6668914479999,0 29.1881353160001,-19.667016201,0 29.1895519230001,-19.666976333,0 29.191401065,-19.6674593349999,0 29.192436104,-19.6680558909999,0 29.1934189090001,-19.668520944,0 29.1943968410001,-19.6688980499999,0 29.1951067840001,-19.668645204,0 29.195641295,-19.6682229199999,0 29.1963119500001,-19.667798465,0 29.1970286000001,-19.6675009169999,0 29.197832792,-19.667541947,0 29.1987676410001,-19.6677950009999,0 29.199570185,-19.6678787669999,0</coordinates></LineString></MultiGeometry>
  </Placemark>
  <Placemark>
	<name>Untitled Path</name>
	<Style><LineStyle><color>ff0000ff</color></LineStyle><PolyStyle><fill>0</fill></PolyStyle></Style>
	<ExtendedData><SchemaData schemaUrl="#SR_roads">
		<SimpleData name="tessellate">-1</SimpleData>
		<SimpleData name="extrude">0</SimpleData>
		<SimpleData name="visibility">-1</SimpleData>
	</SchemaData></ExtendedData>
      <MultiGeometry><LineString><coordinates>29.106913311,-19.6517498159999,0 29.1080715090001,-19.6540580839999,0 29.1092435000001,-19.655547154,0 29.110551066,-19.656794085,0 29.111884823,-19.657106906,0 29.113357862,-19.657109883,0 29.1144688410001,-19.657804353,0 29.11548929,-19.6581923489999,0 29.1163777850001,-19.6594136259999,0 29.117425934,-19.6608637789999,0 29.1191413180001,-19.6619224689999,0 29.1208578000001,-19.6633553099999,0 29.1226365410001,-19.664777461,0 29.1238599860001,-19.6653049339999,0 29.1246946300001,-19.6653830619999,0 29.1259884530001,-19.6663364249999,0 29.1272788150001,-19.66765536,0 29.128484198,-19.668457651,0 29.1287855040001,-19.669470534,0 29.1290854070001,-19.6713369459999,0 29.1298291520001,-19.672191722,0 29.130940778,-19.672974197,0 29.1321953790001,-19.6737548749999,0 29.1335961830001,-19.6741804869999,0 29.135070327,-19.674394403,0 29.135719033,-19.675374881,0 29.136357621,-19.676562423,0 29.136910589,-19.6781549829999,0 29.13695405,-19.6795278289999,0 29.137870502,-19.680755194,0 29.138931346,-19.681771468,0 29.1406963270001,-19.683117699,0 29.141957182,-19.6841205539999,0 29.144222875,-19.6848527709999,0 29.1460600880001,-19.6853832699999,0 29.1474328960001,-19.685119061,0 29.1501051270001,-19.684722295,0 29.1515954450001,-19.684988135,0 29.1530909570001,-19.685187507,0 29.1552413050001,-19.68518832,0 29.156491186,-19.684791112,0 29.1577120650001,-19.684059953,0</coordinates></LineString></MultiGeometry>
  </Placemark>
  <Placemark>
	<name>Untitled Path</name>
	<Style><LineStyle><color>ff0000ff</color></LineStyle><PolyStyle><fill>0</fill></PolyStyle></Style>
	<ExtendedData><SchemaData schemaUrl="#SR_roads">
		<SimpleData name="tessellate">-1</SimpleData>
		<SimpleData name="extrude">0</SimpleData>
		<SimpleData name="visibility">-1</SimpleData>
	</SchemaData></ExtendedData>
      <MultiGeometry><LineString><coordinates>29.0939923450001,-19.70396496,0 29.0943670510001,-19.7032439549999,0 29.0949344360001,-19.7021895389999,0 29.095942886,-19.7011285839999,0 29.097664554,-19.699526723,0 29.098622795,-19.6985186489999,0 29.1000815570001,-19.6974360589999,0 29.100967193,-19.696345852,0 29.1010934720001,-19.694626112,0 29.101323972,-19.693446196,0 29.101992647,-19.6921181659999,0 29.1026807330001,-19.6892942049999,0 29.104654789,-19.6885082689999,0 29.1060363010001,-19.6875748969999,0 29.1073246760001,-19.685907127,0 29.108026631,-19.684298461,0 29.108902652,-19.683265884,0 29.10937463,-19.680894124,0 29.109956009,-19.679624288,0 29.110772204,-19.6784200299999,0 29.1113646640001,-19.677285001,0 29.1113434640001,-19.6762135229999,0 29.110624343,-19.6749861449999,0 29.109598955,-19.674137168,0 29.1088049120001,-19.67343661,0 29.1083881450001,-19.672347628,0 29.107872463,-19.670547622,0 29.1082399960001,-19.669604121,0</coordinates></LineString></MultiGeometry>
  </Placemark>
  <Placemark>
	<name>Untitled Path</name>
	<Style><LineStyle><color>ff0000ff</color></LineStyle><PolyStyle><fill>0</fill></PolyStyle></Style>
	<ExtendedData><SchemaData schemaUrl="#SR_roads">
		<SimpleData name="tessellate">-1</SimpleData>
		<SimpleData name="extrude">0</SimpleData>
		<SimpleData name="visibility">-1</SimpleData>
	</SchemaData></ExtendedData>
      <MultiGeometry><LineString><coordinates>29.209140873,-19.6308989779999,0 29.2102171380001,-19.6288634279999,0 29.2111567950001,-19.6271421979999,0 29.2111194800001,-19.624479472,0 29.2131097220001,-19.623403693,0 29.2140336170001,-19.623206044,0 29.2152664010001,-19.6224661919999,0 29.2164532610001,-19.621375176,0 29.2176488530001,-19.619978612,0 29.2188497970001,-19.6190279789999,0 29.220416142,-19.6186259519999,0 29.223403725,-19.617816278,0 29.2248731380001,-19.6176598109999,0 29.2260807500001,-19.617848851,0 29.228007238,-19.618249716,0 29.229509342,-19.6173312249999,0 29.230130784,-19.6174855089999,0 29.231619854,-19.6170740969999,0 29.232911742,-19.616506687,0 29.234420824,-19.615788057,0 29.235301543,-19.6149192349999,0 29.235671046,-19.614869832,0 29.237461533,-19.61569968,0 29.2389182480001,-19.615809348,0 29.240680748,-19.6160707089999,0 29.2426054870001,-19.617546424,0 29.2438661010001,-19.6175488659999,0 29.2459030420001,-19.618064094,0 29.2476151840001,-19.618583182,0 29.249985306,-19.6194580279999,0</coordinates></LineString></MultiGeometry>
  </Placemark>
  <Placemark>
	<name>Untitled Path</name>
	<Style><LineStyle><color>ff0000ff</color></LineStyle><PolyStyle><fill>0</fill></PolyStyle></Style>
	<ExtendedData><SchemaData schemaUrl="#SR_roads">
		<SimpleData name="tessellate">-1</SimpleData>
		<SimpleData name="extrude">0</SimpleData>
		<SimpleData name="visibility">-1</SimpleData>
	</SchemaData></ExtendedData>
      <MultiGeometry><LineString><coordinates>29.248112362,-19.629446279,0 29.249855235,-19.6297318009999,0 29.251351324,-19.6308133229999,0 29.252608579,-19.630812157,0 29.2539895330001,-19.630527308,0 29.2553207790001,-19.6297860889999,0 29.2571984080001,-19.629155174,0 29.258289249,-19.6289242569999,0 29.2590258780001,-19.6284635129999,0 29.2599985790001,-19.6282889079999,0 29.2617213050001,-19.6274773399999,0 29.2629638860001,-19.6267208269999,0 29.26376693,-19.626428017,0 29.2648429160001,-19.626835091,0 29.2668228960001,-19.62735529,0 29.268537046,-19.6261268989999,0 29.2702389960001,-19.6242417409999,0 29.27128371,-19.62328946,0 29.2722718700001,-19.62328582,0 29.2743856070001,-19.6213066939999,0 29.2765917090001,-19.618563911,0</coordinates></LineString></MultiGeometry>
  </Placemark>
  <Placemark>
	<name>Untitled Path</name>
	<Style><LineStyle><color>ff0000ff</color></LineStyle><PolyStyle><fill>0</fill></PolyStyle></Style>
	<ExtendedData><SchemaData schemaUrl="#SR_roads">
		<SimpleData name="tessellate">-1</SimpleData>
		<SimpleData name="extrude">0</SimpleData>
		<SimpleData name="visibility">-1</SimpleData>
	</SchemaData></ExtendedData>
      <MultiGeometry><LineString><coordinates>29.2914394580001,-19.653871733,0 29.2927679310001,-19.653461846,0 29.294306044,-19.651298596,0 29.295346378,-19.649896331,0 29.2957314660001,-19.648905906,0 29.2966345610001,-19.6475259219999,0 29.297529319,-19.646564724,0 29.298737905,-19.645499419,0 29.299510309,-19.6451606169999,0 29.3006589140001,-19.643874522,0 29.302068181,-19.6419211569999,0 29.3025133780001,-19.640560206,0 29.3031130090001,-19.639286317,0 29.3037571640001,-19.6382058999999,0 29.3043076900001,-19.6377911609999,0 29.3042115120001,-19.6369083939999,0 29.3040691780001,-19.6359147549999,0 29.303897415,-19.6353362749999,0 29.3046683310001,-19.6341153079999,0 29.3051593500001,-19.633203192,0 29.305799596,-19.6318428069999,0</coordinates></LineString></MultiGeometry>
  </Placemark>
  <Placemark>
	<name>Untitled Path</name>
	<Style><LineStyle><color>ff0000ff</color></LineStyle><PolyStyle><fill>0</fill></PolyStyle></Style>
	<ExtendedData><SchemaData schemaUrl="#SR_roads">
		<SimpleData name="tessellate">-1</SimpleData>
		<SimpleData name="extrude">0</SimpleData>
		<SimpleData name="visibility">-1</SimpleData>
	</SchemaData></ExtendedData>
      <MultiGeometry><LineString><coordinates>29.294268666,-19.6513244279999,0 29.2939782520001,-19.650627512,0 29.2930257830001,-19.649757576,0 29.2921576860001,-19.648995224,0 29.291293614,-19.6479549819999,0 29.2906346280001,-19.6473172509999,0 29.290051796,-19.646523196,0 29.2891701720001,-19.6456429259999,0 29.288624172,-19.6448006279999,0 29.2883397250001,-19.64399915,0 29.287944544,-19.64300357,0 29.287570767,-19.641940103,0 29.287134549,-19.6412115979999,0 29.286527436,-19.640774125,0 29.285917715,-19.6406605349999,0 29.2853023850001,-19.6401619599999,0 29.2851579630001,-19.639717741,0 29.2850372180001,-19.638990949,0 29.28464007,-19.6387624129999,0 29.2841032060001,-19.6387007549999,0 29.2836008950001,-19.6389499639999,0 29.2831274490001,-19.639170656,0 29.2825634640001,-19.6391650109999,0 29.2821062940001,-19.6389923369999,0 29.281871305,-19.638710809,0 29.281445003,-19.6386521499999,0 29.2810096900001,-19.639046293,0 29.2808078320001,-19.6395785019999,0 29.2803929200001,-19.6402737079999,0 29.2801248420001,-19.640519874,0 29.27987005,-19.640437224,0 29.2796338290001,-19.6401626219999,0 29.279391031,-19.63977627,0 29.2790240080001,-19.6397205289999,0 29.2784870320001,-19.639636996,0 29.277971076,-19.6394166599999,0 29.277560959,-19.6391381929999,0 29.2772549430001,-19.6392153699999,0 29.2768375210001,-19.639640083,0 29.276203165,-19.6403138819999,0 29.2756227080001,-19.640621213,0 29.275215815,-19.6410906859999,0 29.2750240010001,-19.641200795,0 29.275028741,-19.6413917749999,0 29.275031646,-19.641501133,0 29.2750338330001,-19.6415830669999,0 29.275038925,-19.641773868,0 29.2751227330001,-19.641801071,0 29.275234884,-19.6418554549999,0 29.275320068,-19.6419372409999,0 29.2754059280001,-19.642046347,0 29.275409316,-19.642182051,0 29.275086217,-19.64250535,0 29.275013227,-19.642854934,0 29.275161025,-19.643230152,0 29.2752848580001,-19.643762296,0 29.275545509,-19.6443437139999,0 29.275720694,-19.644841437,0</coordinates></LineString></MultiGeometry>
  </Placemark>
  <Placemark>
	<name>Untitled Path</name>
	<Style><LineStyle><color>ff0000ff</color></LineStyle><PolyStyle><fill>0</fill></PolyStyle></Style>
	<ExtendedData><SchemaData schemaUrl="#SR_roads">
		<SimpleData name="tessellate">-1</SimpleData>
		<SimpleData name="extrude">0</SimpleData>
		<SimpleData name="visibility">-1</SimpleData>
	</SchemaData></ExtendedData>
      <MultiGeometry><LineString><coordinates>29.253171847,-19.597069562,0 29.2524010340001,-19.5966084049999,0 29.2517361540001,-19.5960133319999,0 29.2513448120001,-19.5960796409999,0 29.250503597,-19.594982765,0 29.2495119810001,-19.5940456169999,0 29.2486571480001,-19.593304636,0 29.248048796,-19.5926275219999,0 29.247365234,-19.5919123529999,0 29.246859397,-19.5913664549999,0 29.246568414,-19.5907145209999,0 29.2469302910001,-19.5905771599999,0 29.2466751470001,-19.589922466,0 29.24671031,-19.589369777,0</coordinates></LineString></MultiGeometry>
  </Placemark>
  <Placemark>
	<name>Untitled Path</name>
	<Style><LineStyle><color>ff0000ff</color></LineStyle><PolyStyle><fill>0</fill></PolyStyle></Style>
	<ExtendedData><SchemaData schemaUrl="#SR_roads">
		<SimpleData name="tessellate">-1</SimpleData>
		<SimpleData name="extrude">0</SimpleData>
		<SimpleData name="visibility">-1</SimpleData>
	</SchemaData></ExtendedData>
      <MultiGeometry><LineString><coordinates>29.18408522,-19.535459029,0 29.1860477590001,-19.536092293,0 29.187776544,-19.536717596,0 29.18995158,-19.537486118,0 29.1920479550001,-19.53821706,0 29.1925641440001,-19.538670091,0 29.1938119280001,-19.539155348,0 29.1957937230001,-19.5396726779999,0 29.1979280520001,-19.540155109,0 29.198997385,-19.540639939,0 29.20116261,-19.542133607,0 29.203453607,-19.543655809,0 29.205005198,-19.544859453,0 29.2061605800001,-19.546198895,0 29.20661483,-19.546912107,0 29.207058451,-19.547633579,0 29.207153052,-19.548433614,0 29.2073347110001,-19.549339953,0 29.2076343970001,-19.55018834,0 29.2077427670001,-19.550570529,0 29.2081329390001,-19.5511702709999,0 29.208860534,-19.5520128819999,0 29.2104711620001,-19.553041934,0 29.212750085,-19.5543362729999,0 29.2143012940001,-19.5551313409999,0 29.2154929920001,-19.5559505109999,0 29.2160302610001,-19.5564129539999,0 29.2164763010001,-19.557036937,0 29.216977065,-19.557658975,0</coordinates></LineString></MultiGeometry>
  </Placemark>
  <Placemark>
	<name>Untitled Path</name>
	<Style><LineStyle><color>ff0000ff</color></LineStyle><PolyStyle><fill>0</fill></PolyStyle></Style>
	<ExtendedData><SchemaData schemaUrl="#SR_roads">
		<SimpleData name="tessellate">-1</SimpleData>
		<SimpleData name="extrude">0</SimpleData>
		<SimpleData name="visibility">-1</SimpleData>
	</SchemaData></ExtendedData>
      <MultiGeometry><LineString><coordinates>29.206190353,-19.546082804,0 29.2067039460001,-19.545493016,0 29.206759369,-19.5451445219999,0 29.2071879500001,-19.544715148,0 29.207442691,-19.544205884,0 29.2077571240001,-19.543856409,0 29.208245221,-19.543533366,0 29.2087608950001,-19.5424786619999,0 29.2091939360001,-19.542180275,0 29.2095695510001,-19.541690799,0 29.2103525430001,-19.541036189,0 29.2106148390001,-19.5405158939999,0 29.2110809260001,-19.540241586,0 29.2114890260001,-19.540076859,0 29.212018141,-19.5390853239999,0 29.211991652,-19.5386697349999,0 29.211643598,-19.5381696499999,0 29.2118229290001,-19.5375285129999,0 29.212092023,-19.536744627,0 29.212626094,-19.5360434629999,0 29.213313423,-19.5350825969999,0 29.213674451,-19.5341809559999,0 29.213766161,-19.533702042,0 29.214124013,-19.533530152,0 29.2141565850001,-19.533273559,0 29.2145213840001,-19.532698319,0 29.214618565,-19.5319274249999,0 29.214413313,-19.531584747,0 29.214296491,-19.5313273159999,0 29.214501816,-19.530225437,0 29.214769915,-19.5299741869999,0 29.2149520380001,-19.5294720819999,0 29.2152235260001,-19.5288852539999,0 29.21559016,-19.527874899,0 29.215799974,-19.527649699,0 29.2156274060001,-19.5272276979999,0 29.215987133,-19.5268887569999,0 29.2162001850001,-19.5264647409999,0 29.216415156,-19.5259266159999,0 29.2165980720001,-19.525558185,0 29.216784561,-19.5249895769999,0</coordinates></LineString></MultiGeometry>
  </Placemark>
  <Placemark>
	<name>Untitled Path</name>
	<Style><LineStyle><color>ff0000ff</color></LineStyle><PolyStyle><fill>0</fill></PolyStyle></Style>
	<ExtendedData><SchemaData schemaUrl="#SR_roads">
		<SimpleData name="tessellate">-1</SimpleData>
		<SimpleData name="extrude">0</SimpleData>
		<SimpleData name="visibility">-1</SimpleData>
	</SchemaData></ExtendedData>
      <MultiGeometry><LineString><coordinates>29.148379645,-19.522224668,0 29.1485668440001,-19.521429086,0 29.1482920820001,-19.520649587,0 29.1481134960001,-19.51984145,0 29.1479121420001,-19.5193305349999,0 29.147932885,-19.5189573019999,0 29.1478026730001,-19.518301162,0 29.1475445090001,-19.517496972,0 29.147186698,-19.516853015,0 29.1468041630001,-19.516372729,0 29.146717999,-19.515722094,0 29.146606949,-19.515115753,0 29.1466240990001,-19.514652853,0 29.1468947910001,-19.514213557,0 29.147555804,-19.51360991,0 29.1480580210001,-19.5128569459999,0 29.148658572,-19.511751928,0 29.149143399,-19.5107990709999,0 29.1496834860001,-19.5102835339999,0 29.150201967,-19.509906562,0 29.1506481650001,-19.509314575,0 29.150948552,-19.508119903,0 29.151126476,-19.507032195,0 29.1512302620001,-19.506006198,0 29.1512843680001,-19.5049448419999,0 29.151415823,-19.503846903,0 29.1513890170001,-19.502974115,0 29.151269453,-19.5022726359999,0 29.1512234840001,-19.501589935,0 29.151176376,-19.5010224709999,0 29.15085444,-19.5003822639999,0 29.1509566900001,-19.4996196979999,0 29.1512362510001,-19.498706007,0 29.1517253650001,-19.497143766,0</coordinates></LineString></MultiGeometry>
  </Placemark>
  <Placemark>
	<name>Untitled Path</name>
	<Style><LineStyle><color>ff0000ff</color></LineStyle><PolyStyle><fill>0</fill></PolyStyle></Style>
	<ExtendedData><SchemaData schemaUrl="#SR_roads">
		<SimpleData name="tessellate">-1</SimpleData>
		<SimpleData name="extrude">0</SimpleData>
		<SimpleData name="visibility">-1</SimpleData>
	</SchemaData></ExtendedData>
      <MultiGeometry><LineString><coordinates>29.147036017,-19.514056915,0 29.145973282,-19.513699286,0 29.1451044190001,-19.5130895469999,0 29.143977637,-19.5121479919999,0 29.142837119,-19.511194508,0 29.1414544600001,-19.5101535639999,0 29.1404738910001,-19.509288418,0 29.1395563570001,-19.5086798899999,0 29.1390167650001,-19.5084477619999,0 29.138361257,-19.507757037,0 29.1375045720001,-19.5067112309999,0 29.1366771430001,-19.505886527,0 29.136120496,-19.5052927249999,0 29.1356450700001,-19.505325951,0 29.134782957,-19.505879357,0 29.1342811490001,-19.5064676269999,0 29.133979469,-19.507090237,0 29.13344339,-19.507592916,0 29.1329096040001,-19.5080541909999,0 29.1317842580001,-19.5081316719999,0 29.1309233050001,-19.5079792619999,0 29.130474771,-19.507480073,0 29.1300167340001,-19.5068226809999,0 29.1293941710001,-19.506081976,0</coordinates></LineString></MultiGeometry>
  </Placemark>
  <Placemark>
	<name>Untitled Path</name>
	<Style><LineStyle><color>ff0000ff</color></LineStyle><PolyStyle><fill>0</fill></PolyStyle></Style>
	<ExtendedData><SchemaData schemaUrl="#SR_roads">
		<SimpleData name="tessellate">-1</SimpleData>
		<SimpleData name="extrude">0</SimpleData>
		<SimpleData name="visibility">-1</SimpleData>
	</SchemaData></ExtendedData>
      <MultiGeometry><LineString><coordinates>29.232014221,-19.643029951,0 29.2310435370001,-19.643903235,0 29.2302618090001,-19.644677294,0 29.229666619,-19.645270694,0 29.228865198,-19.645637888,0 29.2279366720001,-19.6460857509999,0 29.2270545170001,-19.646619626,0 29.2261781400001,-19.647293082,0 29.225374237,-19.647827325,0 29.22470171,-19.648519168,0 29.2239445930001,-19.649200225,0 29.223382583,-19.649906765,0 29.2228896420001,-19.6506058959999,0 29.2224020890001,-19.651136946,0 29.2220984630001,-19.651323621,0 29.221705084,-19.651540692,0 29.220551116,-19.651606403,0 29.219553341,-19.6517329869999,0 29.2187689410001,-19.651827188,0 29.2179240030001,-19.651917833,0 29.217028353,-19.6521323279999,0 29.2163461450001,-19.652316147,0 29.2156986050001,-19.65294964,0 29.21510484,-19.653397706,0 29.214529467,-19.6539623649999,0 29.2136439810001,-19.654579972,0 29.212603737,-19.655612618,0 29.212098337,-19.655921659,0 29.2113234780001,-19.6562519829999,0 29.2104643810001,-19.656579919,0 29.2094401520001,-19.6571396759999,0 29.2086027120001,-19.6576643619999,0 29.2084860520001,-19.657693327,0 29.208432125,-19.657809164,0 29.208406465,-19.657895874,0 29.208262028,-19.657953552,0 29.208117644,-19.6580109839999,0 29.2080335090001,-19.6580971759999,0 29.2080069,-19.658154674,0 29.2075904600001,-19.658611853,0 29.207239483,-19.6591218259999,0 29.207124911,-19.6596545689999,0 29.2068972390001,-19.6602082369999,0 29.206677063,-19.6608375499999,0 29.206580446,-19.6615667419999,0 29.206396451,-19.662231897,0 29.206378669,-19.662835871,0 29.2064734910001,-19.663819136,0</coordinates></LineString></MultiGeometry>
  </Placemark>
  <Placemark>
	<name>Untitled Path</name>
	<Style><LineStyle><color>ff0000ff</color></LineStyle><PolyStyle><fill>0</fill></PolyStyle></Style>
	<ExtendedData><SchemaData schemaUrl="#SR_roads">
		<SimpleData name="tessellate">-1</SimpleData>
		<SimpleData name="extrude">0</SimpleData>
		<SimpleData name="visibility">-1</SimpleData>
	</SchemaData></ExtendedData>
      <MultiGeometry><LineString><coordinates>29.196214389,-19.6678750479999,0 29.196524251,-19.666641791,0 29.1965174920001,-19.666065312,0 29.1969909040001,-19.664918749,0 29.197576998,-19.663883668,0 29.1981004350001,-19.662655947,0 29.1985182120001,-19.662430183,0 29.1990326800001,-19.6623159879999,0 29.1996844070001,-19.6621121799999,0 29.200601809,-19.661878842,0 29.2011484190001,-19.6617321489999,0 29.201530316,-19.661759031,0</coordinates></LineString></MultiGeometry>
  </Placemark>
  <Placemark>
	<name>Untitled Path</name>
	<Style><LineStyle><color>ff0000ff</color></LineStyle><PolyStyle><fill>0</fill></PolyStyle></Style>
	<ExtendedData><SchemaData schemaUrl="#SR_roads">
		<SimpleData name="tessellate">-1</SimpleData>
		<SimpleData name="extrude">0</SimpleData>
		<SimpleData name="visibility">-1</SimpleData>
	</SchemaData></ExtendedData>
      <MultiGeometry><LineString><coordinates>29.1779922430001,-19.6511865699999,0 29.178361995,-19.6510939689999,0 29.1790354340001,-19.6510812509999,0 29.1797098940001,-19.6510817569999,0 29.180224584,-19.651000419,0 29.180447787,-19.6509596729999,0 29.180736499,-19.650756621,0 29.1811572500001,-19.65057832,0 29.1815788780001,-19.6501339179999,0 29.1819673270001,-19.6498649539999,0 29.18241924,-19.6496638049999,0 29.182874255,-19.649521808,0 29.1833894100001,-19.6494488659999,0 29.1837928900001,-19.6492874959999,0 29.1841395640001,-19.64915336,0 29.1845489500001,-19.649267226,0 29.185003975,-19.649323856,0 29.18546665,-19.6494534309999,0 29.1859094480001,-19.649452102,0 29.186269118,-19.649406702,0 29.186602926,-19.649213426,0 29.186661148,-19.6489609839999,0 29.186638216,-19.648752461,0 29.1863264450001,-19.648406162,0 29.186215006,-19.648145944,0 29.1859461650001,-19.6480852779999,0 29.1856617340001,-19.648024043,0 29.18538009,-19.647915998,0 29.185180244,-19.6479320229999,0 29.184819872,-19.6478247499999,0 29.1846415580001,-19.647463408,0 29.18459146,-19.647256279,0 29.184291435,-19.647048708,0 29.18383737,-19.646709281,0 29.1833418910001,-19.6464815059999,0 29.1829522510001,-19.646267597,0 29.182733166,-19.646101561,0 29.1823700730001,-19.645829357,0 29.182082829,-19.6456407799999,0 29.181696103,-19.6453814969999,0 29.1813199920001,-19.6450481919999,0 29.180808254,-19.644728824,0 29.180582287,-19.644311751,0</coordinates></LineString></MultiGeometry>
  </Placemark>
  <Placemark>
	<name>Untitled Path</name>
	<Style><LineStyle><color>ff0000ff</color></LineStyle><PolyStyle><fill>0</fill></PolyStyle></Style>
	<ExtendedData><SchemaData schemaUrl="#SR_roads">
		<SimpleData name="tessellate">-1</SimpleData>
		<SimpleData name="extrude">0</SimpleData>
		<SimpleData name="visibility">-1</SimpleData>
	</SchemaData></ExtendedData>
      <MultiGeometry><LineString><coordinates>29.2108692520001,-19.6339654559999,0 29.210638729,-19.63432993,0 29.210543062,-19.6345552239999,0 29.2107109400001,-19.634909378,0 29.210699116,-19.6351277539999,0 29.2106189900001,-19.6354554059999,0 29.2104432670001,-19.635673045,0 29.2096473610001,-19.6362083189999,0 29.2093988690001,-19.636397308,0 29.209328467,-19.636709395,0 29.2095141670001,-19.637099835,0 29.2095923150001,-19.6376452539999,0 29.20974468,-19.638287216,0 29.2098180130001,-19.6388270209999,0 29.20972921,-19.639542884,0 29.209556643,-19.6400745789999,0 29.2092565670001,-19.640647778,0 29.2090601510001,-19.641033904,0 29.2088602150001,-19.6416692079999,0 29.208606413,-19.6423186059999,0 29.2084434440001,-19.6428069319999,0 29.2084050710001,-19.6432225579999,0 29.208144718,-19.643588101,0 29.2077654450001,-19.643841166,0 29.2074482830001,-19.6440293169999,0 29.207141044,-19.644464037,0 29.2071294970001,-19.644729877,0 29.2074229080001,-19.645372879,0 29.207707067,-19.645903136,0 29.2081395800001,-19.6465363799999,0 29.2087493380001,-19.6475703319999,0 29.2093722010001,-19.648479665,0 29.210222877,-19.6494804179999,0 29.2099709730001,-19.6499684939999,0 29.2098588040001,-19.650542818,0 29.2100243290001,-19.651382203,0 29.2107476690001,-19.6523090339999,0 29.2114468240001,-19.6525727969999,0 29.211699052,-19.6532748879999,0 29.211686418,-19.6534020139999,0 29.2117146000001,-19.6534924009999,0 29.2117426750001,-19.6535824449999,0 29.2117909840001,-19.6536542339999,0 29.2118391490001,-19.653725805,0 29.2118871750001,-19.6537971559999,0 29.2118982070001,-19.653868278,0 29.21188896,-19.653956873,0 29.2118999520001,-19.6540275159999,0 29.211892574,-19.654097942,0 29.211883383,-19.6541856809999,0 29.2118760540001,-19.654255636,0 29.211870572,-19.6543079649999,0 29.2118596440001,-19.654412276,0 29.211854198,-19.654464257,0 29.211846956,-19.654533385,0 29.212214139,-19.6551460429999,0 29.2125701190001,-19.655627446,0</coordinates></LineString></MultiGeometry>
  </Placemark>
  <Placemark>
	<name>Untitled Path</name>
	<Style><LineStyle><color>ff0000ff</color></LineStyle><PolyStyle><fill>0</fill></PolyStyle></Style>
	<ExtendedData><SchemaData schemaUrl="#SR_roads">
		<SimpleData name="tessellate">-1</SimpleData>
		<SimpleData name="extrude">0</SimpleData>
		<SimpleData name="visibility">-1</SimpleData>
	</SchemaData></ExtendedData>
      <MultiGeometry><LineString><coordinates>29.158135434,-19.6290210939999,0 29.159042555,-19.6283555489999,0 29.1598280490001,-19.6273688969999,0 29.160349905,-19.6270302309999,0 29.160938789,-19.626688804,0 29.161732075,-19.626460196,0 29.162646184,-19.626114494,0 29.1634282640001,-19.6255890999999,0 29.164029247,-19.62508485,0 29.1647376830001,-19.624634435,0 29.1653016180001,-19.6243613459999,0 29.1659550270001,-19.623779892,0 29.1664504600001,-19.6230351089999,0 29.1668225220001,-19.6222758289999,0 29.166960821,-19.6212083939999,0 29.1669321650001,-19.620078012,0 29.166914091,-19.619364522,0 29.1671752340001,-19.6187823399999,0 29.167574437,-19.617979725,0 29.167740565,-19.6174838809999,0 29.1684358870001,-19.6170923629999,0 29.16927875,-19.6163644769999,0 29.1703119490001,-19.615804566,0 29.1712486270001,-19.615352212,0 29.172218143,-19.615272806,0 29.173418262,-19.614927101,0 29.1745746180001,-19.6148495699999,0 29.1755481430001,-19.6148466459999,0 29.1760576980001,-19.6147718579999,0 29.1767713760001,-19.614428823,0 29.1777517420001,-19.614006467,0 29.178536492,-19.613104537,0 29.1789021640001,-19.6121008289999,0 29.179144517,-19.6108742119999,0 29.1795175990001,-19.610209073,0 29.1799909570001,-19.609671153,0 29.180404256,-19.6093779349999,0 29.1814590480001,-19.609502542,0 29.183028209,-19.608910575,0 29.1836868230001,-19.608609389,0 29.1845630760001,-19.608433233,0 29.1854913130001,-19.6082092569999,0 29.1859380140001,-19.608040709,0 29.186331973,-19.6078480259999,0 29.18675614,-19.607521864,0 29.187338646,-19.607077785,0 29.1880919180001,-19.606684173,0 29.188681291,-19.6063729709999,0 29.1892420770001,-19.6062171249999,0 29.189854283,-19.6060124859999,0 29.1901683990001,-19.605664939,0 29.1903929470001,-19.6051939299999,0 29.1906771720001,-19.6045971899999,0 29.1910205180001,-19.60410753,0 29.191594079,-19.603952266,0</coordinates></LineString></MultiGeometry>
  </Placemark>
  <Placemark>
	<name>Untitled Path</name>
	<Style><LineStyle><color>ff0000ff</color></LineStyle><PolyStyle><fill>0</fill></PolyStyle></Style>
	<ExtendedData><SchemaData schemaUrl="#SR_roads">
		<SimpleData name="tessellate">-1</SimpleData>
		<SimpleData name="extrude">0</SimpleData>
		<SimpleData name="visibility">-1</SimpleData>
	</SchemaData></ExtendedData>
      <MultiGeometry><LineString><coordinates>29.2034354960001,-19.6028687579999,0 29.2036243040001,-19.6029690849999,0 29.203821718,-19.603131242,0 29.203994617,-19.603290253,0 29.20404596,-19.603444569,0 29.2040647420001,-19.603574129,0 29.2040292070001,-19.6037149739999,0 29.203951515,-19.603843457,0 29.203842943,-19.6039597179999,0 29.2037771920001,-19.604130369,0 29.2036592270001,-19.6044218649999,0 29.2036170430001,-19.604541862,0 29.2035135130001,-19.60462925,0 29.203349549,-19.6047591299999,0 29.203187727,-19.604897894,0 29.203078514,-19.6050342849999,0 29.2030216680001,-19.6052084259999,0 29.202846005,-19.605379015,0 29.202626207,-19.605615563,0 29.2023919150001,-19.6058567709999,0 29.2022807070001,-19.6059612629999,0 29.2021859050001,-19.605998996,0 29.2019907980001,-19.606120682,0 29.201834664,-19.6062224779999,0 29.2017071040001,-19.606305071,0 29.201661603,-19.6063324529999,0 29.2016362270001,-19.606369093,0 29.20159977,-19.6063873589999,0 29.2015547120001,-19.6064147009999,0 29.2015382610001,-19.606441984,0 29.2015416740001,-19.6064782619999,0 29.201526147,-19.606514406,0 29.2015106740001,-19.6065504269999,0 29.2015123970001,-19.606568394,0 29.201479014,-19.606613162,0 29.2014636940001,-19.606648844,0</coordinates></LineString></MultiGeometry>
  </Placemark>
  <Placemark>
	<name>Untitled Path</name>
	<Style><LineStyle><color>ff0000ff</color></LineStyle><PolyStyle><fill>0</fill></PolyStyle></Style>
	<ExtendedData><SchemaData schemaUrl="#SR_roads">
		<SimpleData name="tessellate">-1</SimpleData>
		<SimpleData name="extrude">0</SimpleData>
		<SimpleData name="visibility">-1</SimpleData>
	</SchemaData></ExtendedData>
      <MultiGeometry><LineString><coordinates>29.2039734040001,-19.603254438,0 29.2046495970001,-19.6038004399999,0 29.2049451090001,-19.6040516519999,0 29.2051115470001,-19.6042532389999,0 29.205356797,-19.604473221,0 29.2055910280001,-19.6046462469999,0 29.2058444570001,-19.604795543,0 29.2060749080001,-19.605026198,0 29.206389406,-19.6052716359999,0 29.206670513,-19.6054917029999,0 29.2070834,-19.605742103,0 29.2072637790001,-19.6058302649999,0 29.2073751130001,-19.6059170729999,0 29.2074576580001,-19.606050291,0 29.2075740400001,-19.6062043659999,0 29.2077773020001,-19.606396918,0 29.2078657210001,-19.606462864,0 29.2079603930001,-19.60651144,0 29.2081263910001,-19.6067558149999,0 29.208323559,-19.606902217,0 29.208462156,-19.6070015999999,0 29.208584882,-19.6071065259999,0 29.2087380560001,-19.6070991669999,0 29.2089156940001,-19.607024741,0 29.209185925,-19.6069626629999,0 29.2095617790001,-19.606935733,0 29.2097911570001,-19.606903448,0 29.210122551,-19.606801697,0 29.2103259000001,-19.6067230259999,0 29.2105968140001,-19.606729779,0 29.2108829210001,-19.6067684929999,0 29.21124684,-19.6068386069999,0 29.2114500640001,-19.6068900239999,0 29.2116783280001,-19.60696933,0 29.2118447610001,-19.606991611,0 29.211964548,-19.606992031,0 29.212126235,-19.606929904,0 29.212253575,-19.606922794,0 29.2123845830001,-19.606851025,0 29.2126101860001,-19.6067051809999,0 29.212841305,-19.6065492329999,0 29.2129594680001,-19.6063896969999,0 29.213286901,-19.6061472229999,0 29.2135035150001,-19.6058959499999,0 29.2137868800001,-19.605635446,0 29.213972472,-19.605435878,0 29.2141677560001,-19.605293776,0 29.2143814420001,-19.605066692,0 29.2145365510001,-19.605011958,0 29.214660191,-19.604868444,0 29.214799913,-19.604779092,0 29.2148932480001,-19.604682684,0 29.215028988,-19.6044734299999,0 29.215282213,-19.604189783,0 29.2156079260001,-19.603815935,0 29.2157774920001,-19.603630106,0 29.2159318350001,-19.603318278,0 29.216083887,-19.6030419579999,0 29.216109477,-19.602860752,0 29.216284015,-19.602668127,0 29.216421364,-19.602467653,0 29.2165258340001,-19.6022692359999,0 29.216755049,-19.6020866269999,0 29.217013955,-19.6019502839999,0 29.217273897,-19.6018909439999,0 29.2175296520001,-19.601918461,0 29.217800437,-19.601857299,0 29.2180425220001,-19.6016867339999,0 29.218298154,-19.601548855,0 29.2185260140001,-19.6014540619999,0 29.2188074690001,-19.6012265469999,0 29.219024818,-19.60102398,0 29.2192301100001,-19.600926882,0 29.2195832520001,-19.600768545,0 29.2198745790001,-19.6007015009999,0 29.2202028730001,-19.6005279779999,0 29.2204937390001,-19.600274011,0 29.2205924630001,-19.600101986,0 29.2206316830001,-19.599606427,0 29.2206347530001,-19.5992418619999,0 29.2205324110001,-19.598943467,0 29.220430123,-19.5986982169999,0 29.2203205530001,-19.5984921619999,0 29.220240834,-19.5982941239999,0 29.220146578,-19.5980658949999,0 29.219997482,-19.597854593,0 29.219850103,-19.597647155,0 29.219754534,-19.5975058239999,0 29.2195636050001,-19.597265894,0 29.2192604790001,-19.596935725,0 29.2192302120001,-19.5968170089999,0 29.2193936630001,-19.5965770829999,0 29.2195140480001,-19.5963776949999,0 29.2196797610001,-19.5963603559999,0 29.219935429,-19.5962041619999,0 29.2203214140001,-19.5959777859999,0 29.2205072020001,-19.595962968,0 29.2207400550001,-19.596021503,0 29.2210327820001,-19.5959502219999,0 29.221498658,-19.5959799249999,0 29.2220414890001,-19.595974933,0 29.222755028,-19.595942464,0 29.2234346500001,-19.595927365,0 29.2237609670001,-19.595764077,0 29.2241819970001,-19.595475447,0 29.2247284520001,-19.5951171419999,0 29.2252528220001,-19.594834631,0 29.2255692730001,-19.59478086,0 29.226104998,-19.59454991,0 29.226684022,-19.594280823,0 29.2271410650001,-19.594052325,0 29.2277070770001,-19.593807039,0 29.227935532,-19.5936372479999,0 29.228344587,-19.5933703549999,0 29.228593614,-19.59322552,0 29.2288000720001,-19.593205673,0 29.2289278690001,-19.59318485,0 29.229081901,-19.593116634,0 29.229218202,-19.5931098679999,0 29.2294026830001,-19.5932532329999,0 29.2295998650001,-19.5931586149999,0 29.2297286030001,-19.5931508199999,0 29.229900081,-19.593253884,0 29.230157789,-19.5931673179999,0 29.2304416550001,-19.593215234,0 29.2307275900001,-19.593211722,0 29.231039496,-19.5930808329999,0</coordinates></LineString></MultiGeometry>
  </Placemark>
  <Placemark>
	<name>Untitled Path</name>
	<Style><LineStyle><color>ff0000ff</color></LineStyle><PolyStyle><fill>0</fill></PolyStyle></Style>
	<ExtendedData><SchemaData schemaUrl="#SR_roads">
		<SimpleData name="tessellate">-1</SimpleData>
		<SimpleData name="extrude">0</SimpleData>
		<SimpleData name="visibility">-1</SimpleData>
	</SchemaData></ExtendedData>
      <MultiGeometry><LineString><coordinates>29.3850183550001,-19.726539697,0 29.386783548,-19.725442508,0 29.388468495,-19.7244118729999,0 29.390167838,-19.7233085949999,0 29.3907188420001,-19.723027386,0 29.3910172450001,-19.722875992,0 29.3913841990001,-19.7225734269999,0 29.3916594930001,-19.7224436989999,0 29.392531665,-19.722378507,0 29.393082502,-19.722032526,0 29.393542095,-19.7215347379999,0 29.393932971,-19.721361295,0 29.3945079770001,-19.7212309679999,0 29.394921879,-19.721187452,0 29.3952441180001,-19.720840757,0 29.3955436900001,-19.7206454089999,0 29.396050309,-19.7205582619999,0 29.396442307,-19.7201676879999,0 29.3968337750001,-19.7199723599999,0 29.397364732,-19.71979792,0 29.397966152,-19.719622832,0 29.398639297,-19.7191427069999,0 29.3992252510001,-19.719465838,0 29.3995957440001,-19.719586698,0 29.400090868,-19.719329548,0 29.400619179,-19.718995487,0 29.401198009,-19.718705808,0 29.401859769,-19.7183691009999,0 29.4026384150001,-19.717923183,0 29.40322726,-19.7174129799999,0 29.403489164,-19.7172576959999,0 29.4037970440001,-19.7173195779999,0</coordinates></LineString></MultiGeometry>
  </Placemark>
  <Placemark>
	<name>Untitled Path</name>
	<Style><LineStyle><color>ff0000ff</color></LineStyle><PolyStyle><fill>0</fill></PolyStyle></Style>
	<ExtendedData><SchemaData schemaUrl="#SR_roads">
		<SimpleData name="tessellate">-1</SimpleData>
		<SimpleData name="extrude">0</SimpleData>
		<SimpleData name="visibility">-1</SimpleData>
	</SchemaData></ExtendedData>
      <MultiGeometry><LineString><coordinates>29.3773991200001,-19.717304183,0 29.3749568860001,-19.716663368,0 29.3729798580001,-19.7161231019999,0 29.3712529790001,-19.7157178969999,0 29.369885039,-19.7152445209999,0 29.3687655540001,-19.7148351969999,0 29.367858529,-19.7143898039999,0 29.3668365390001,-19.713770124,0 29.3660305600001,-19.71318432,0 29.365404264,-19.712597214,0 29.364555384,-19.7118696659999,0 29.3634787170001,-19.710894728,0 29.36217689,-19.709880368,0 29.3611329180001,-19.709246011,0 29.3601947140001,-19.7084364949999,0 29.359179601,-19.7075550379999,0 29.3570300710001,-19.705752299,0 29.3543084940001,-19.7033426479999,0 29.3540565750001,-19.703034826,0 29.353479962,-19.7020392499999,0 29.3525725650001,-19.700239919,0 29.351730085,-19.6987055349999,0 29.3506950980001,-19.696735206,0 29.349574539,-19.6946713019999,0 29.3490880570001,-19.6941328679999,0 29.347258207,-19.692500751,0 29.346772871,-19.692216967,0 29.3460673220001,-19.6921147139999,0 29.344368606,-19.6917653689999,0 29.3427512480001,-19.691382857,0 29.341682636,-19.69113802,0 29.3410503450001,-19.690753222,0 29.340691142,-19.6909994289999,0 29.339311879,-19.692503636,0 29.334985596,-19.696736426,0 29.3326361480001,-19.6994586329999,0 29.332422227,-19.699826909,0 29.332136802,-19.700227491,0 29.3297882690001,-19.704618163,0 29.328408102,-19.7072725629999,0 29.3278156760001,-19.708415717,0 29.3272130870001,-19.708750252,0 29.326536608,-19.709085143,0 29.3260120480001,-19.7099529779999,0 29.3253166970001,-19.7109153119999,0 29.324201606,-19.712204434,0 29.3239959140001,-19.71259975,0 29.324009468,-19.713388994,0 29.3235294590001,-19.7142078919999,0 29.3230844790001,-19.7149261279999,0</coordinates></LineString></MultiGeometry>
  </Placemark>
  <Placemark>
	<name>Untitled Path</name>
	<Style><LineStyle><color>ff0000ff</color></LineStyle><PolyStyle><fill>0</fill></PolyStyle></Style>
	<ExtendedData><SchemaData schemaUrl="#SR_roads">
		<SimpleData name="tessellate">-1</SimpleData>
		<SimpleData name="extrude">0</SimpleData>
		<SimpleData name="visibility">-1</SimpleData>
	</SchemaData></ExtendedData>
      <MultiGeometry><LineString><coordinates>29.3090242580001,-19.709371077,0 29.3100241650001,-19.709494315,0 29.3111287510001,-19.70956774,0 29.312260068,-19.709617163,0 29.3129427450001,-19.7094132779999,0 29.314208154,-19.709409614,0 29.3154227,-19.7093573949999,0 29.3162420320001,-19.709330961,0 29.3179091210001,-19.7093274969999,0 29.3189642510001,-19.709551274,0 29.3196240930001,-19.7096257389999,0 29.320416101,-19.709675364,0 29.320916292,-19.7097502819999,0 29.3212270980001,-19.70995059,0 29.3215552990001,-19.7104003279999,0 29.321983409,-19.7109724429999,0 29.3226204060001,-19.711541594,0 29.323227896,-19.7120838559999,0 29.3237397820001,-19.712354041,0 29.324019689,-19.7125256759999,0</coordinates></LineString></MultiGeometry>
  </Placemark>
  <Placemark>
	<name>Untitled Path</name>
	<Style><LineStyle><color>ff0000ff</color></LineStyle><PolyStyle><fill>0</fill></PolyStyle></Style>
	<ExtendedData><SchemaData schemaUrl="#SR_roads">
		<SimpleData name="tessellate">-1</SimpleData>
		<SimpleData name="extrude">0</SimpleData>
		<SimpleData name="visibility">-1</SimpleData>
	</SchemaData></ExtendedData>
      <MultiGeometry><LineString><coordinates>29.3005420310001,-19.7062478839999,0 29.301159461,-19.706100304,0 29.301794307,-19.7063146679999,0 29.302693272,-19.706777541,0 29.3033259960001,-19.707026243,0 29.304623953,-19.707590006,0 29.305953135,-19.70815127,0 29.3073134320001,-19.7087100599999,0 29.3084121570001,-19.7091273349999,0 29.309215685,-19.7093695089999,0</coordinates></LineString></MultiGeometry>
  </Placemark>
  <Placemark>
	<name>Untitled Path</name>
	<Style><LineStyle><color>ff0000ff</color></LineStyle><PolyStyle><fill>0</fill></PolyStyle></Style>
	<ExtendedData><SchemaData schemaUrl="#SR_roads">
		<SimpleData name="tessellate">-1</SimpleData>
		<SimpleData name="extrude">0</SimpleData>
		<SimpleData name="visibility">-1</SimpleData>
	</SchemaData></ExtendedData>
      <MultiGeometry><LineString><coordinates>29.341113884,-19.690749819,0 29.341341871,-19.6900919069999,0 29.3413412900001,-19.688321517,0 29.341429234,-19.6878043739999,0 29.3419607790001,-19.686202393,0 29.3426327260001,-19.6842832469999,0 29.3438243090001,-19.6812574859999,0 29.3438177150001,-19.679504925,0 29.3444673940001,-19.677793457,0 29.345167491,-19.675248112,0 29.3453149360001,-19.673612537,0 29.34581501,-19.6718549029999,0 29.345914505,-19.6709666839999,0 29.3459470890001,-19.670270661,0 29.346254192,-19.668964107,0 29.346599497,-19.668092079,0 29.3471213720001,-19.667079075,0 29.3475418940001,-19.666297587,0 29.34838326,-19.66564834,0 29.349617365,-19.6648855349999,0 29.3505171740001,-19.663497142,0 29.3509061980001,-19.6622733249999,0 29.350701354,-19.661525223,0 29.3512958930001,-19.6604026819999,0 29.351744979,-19.6596004539999,0 29.351578563,-19.658012281,0 29.351565204,-19.6560441579999,0 29.3516041870001,-19.654422272,0 29.350649938,-19.6524165919999,0 29.3499708160001,-19.6508990779999,0 29.3492129110001,-19.649355299,0 29.348670011,-19.6481798049999,0 29.3488551940001,-19.6476837189999,0 29.349528859,-19.646982342,0 29.3509592460001,-19.645726699,0</coordinates></LineString></MultiGeometry>
  </Placemark>
  <Placemark>
	<name>Untitled Path</name>
	<Style><LineStyle><color>ff0000ff</color></LineStyle><PolyStyle><fill>0</fill></PolyStyle></Style>
	<ExtendedData><SchemaData schemaUrl="#SR_roads">
		<SimpleData name="tessellate">-1</SimpleData>
		<SimpleData name="extrude">0</SimpleData>
		<SimpleData name="visibility">-1</SimpleData>
	</SchemaData></ExtendedData>
      <MultiGeometry><LineString><coordinates>29.3455991040001,-19.662196399,0 29.344835864,-19.662818933,0 29.3423458230001,-19.6639295009999,0 29.340260502,-19.663499104,0 29.3381368930001,-19.664175664,0 29.3365335130001,-19.6640534159999,0 29.335323252,-19.6636546729999,0 29.3344700220001,-19.6631614849999,0 29.3335119980001,-19.662384564,0 29.332425916,-19.662883991,0 29.331145181,-19.663132586,0 29.3297938690001,-19.6630707319999,0 29.328765392,-19.662822907,0 29.327809491,-19.6627925089999,0 29.3270364380001,-19.662419566,0 29.326656719,-19.66204472,0 29.326850777,-19.661194124,0 29.3256005210001,-19.6594686,0 29.3258064910001,-19.658884557,0 29.325795032,-19.657968421,0 29.325952038,-19.657008574,0 29.3261746520001,-19.6559364519999,0 29.3265631130001,-19.654483789,0 29.3269414480001,-19.6534598559999,0 29.327877695,-19.652381658,0 29.3287575890001,-19.651297088,0 29.329725356,-19.650179952,0 29.330034299,-19.649157901,0 29.330233892,-19.6477623119999,0 29.3303383890001,-19.64654179,0 29.3304092760001,-19.645206249,0 29.3306795390001,-19.644907705,0</coordinates></LineString></MultiGeometry>
  </Placemark>
  <Placemark>
	<name>Untitled Path</name>
	<Style><LineStyle><color>ff0000ff</color></LineStyle><PolyStyle><fill>0</fill></PolyStyle></Style>
	<ExtendedData><SchemaData schemaUrl="#SR_roads">
		<SimpleData name="tessellate">-1</SimpleData>
		<SimpleData name="extrude">0</SimpleData>
		<SimpleData name="visibility">-1</SimpleData>
	</SchemaData></ExtendedData>
      <MultiGeometry><LineString><coordinates>29.3256064840001,-19.659426601,0 29.324847838,-19.6597656549999,0 29.323888654,-19.6596967989999,0 29.323202633,-19.6594918239999,0 29.322584165,-19.6594551699999,0 29.32234624,-19.6594780039999,0 29.3215620870001,-19.659943421,0 29.319968764,-19.6607386279999,0 29.3184280180001,-19.661599236,0 29.317713251,-19.6614691369999,0 29.317077914,-19.6616681369999,0 29.3164720770001,-19.661703293,0 29.315970185,-19.6618343929999,0 29.3155054150001,-19.662030288,0 29.31476603,-19.662127249,0 29.3143370230001,-19.6621314839999,0 29.313716062,-19.6624700959999,0 29.3133351130001,-19.662600579,0 29.3128564030001,-19.6628607669999,0 29.312562794,-19.6632115689999,0 29.3123420260001,-19.6631742769999,0 29.31214643,-19.6634673619999,0 29.311908902,-19.663393744,0 29.3117530920001,-19.6636668969999,0 29.311397642,-19.6639355029999,0 29.311048525,-19.663970924,0 29.3107702770001,-19.664202873,0 29.3105479190001,-19.6644863459999,0 29.310345725,-19.664732565,0 29.3102890320001,-19.665047119,0 29.310249089,-19.665583816,0 29.309890653,-19.665754606,0 29.31008482,-19.666214312,0 29.310049097,-19.6662816269999,0 29.310013455,-19.666348791,0 29.309960284,-19.666399003,0 29.309889577,-19.666432351,0 29.3098189410001,-19.666465667,0</coordinates></LineString></MultiGeometry>
  </Placemark>
  <Placemark>
	<name>Untitled Path</name>
	<Style><LineStyle><color>ff0000ff</color></LineStyle><PolyStyle><fill>0</fill></PolyStyle></Style>
	<ExtendedData><SchemaData schemaUrl="#SR_roads">
		<SimpleData name="tessellate">-1</SimpleData>
		<SimpleData name="extrude">0</SimpleData>
		<SimpleData name="visibility">-1</SimpleData>
	</SchemaData></ExtendedData>
      <MultiGeometry><LineString><coordinates>29.302831064,-19.6673995799999,0 29.3019936530001,-19.666450245,0 29.3017492600001,-19.666232657,0 29.3012935240001,-19.666013807,0 29.300931819,-19.6657723599999,0 29.3005824110001,-19.665623985,0 29.300313009,-19.6653399429999,0 29.2997340850001,-19.665011136,0 29.2994632800001,-19.66504588,0 29.299170818,-19.6651407999999,0 29.298647256,-19.665233894,0 29.2981231840001,-19.665314704,0 29.2978193990001,-19.6649812979999,0 29.2975229520001,-19.665415208,0 29.29653927,-19.66569519,0 29.295926237,-19.665837978,0 29.295391887,-19.665921441,0 29.2946758690001,-19.666243798,0 29.294288577,-19.666559957,0 29.2936852450001,-19.6669715319999,0 29.293228872,-19.667168325,0 29.292764774,-19.667259258,0 29.2923212600001,-19.6674029069999,0 29.291614995,-19.667423205,0 29.290967988,-19.667412262,0 29.2901658480001,-19.6675140129999,0 29.289548257,-19.667621298,0 29.2889836730001,-19.667673344,0 29.2885375430001,-19.667298833,0 29.288193247,-19.6671367669999,0 29.2874257660001,-19.666882615,0 29.2871319490001,-19.6667368669999,0 29.286782298,-19.666844918,0 29.2862146460001,-19.6670964529999,0 29.2850243670001,-19.667183743,0</coordinates></LineString></MultiGeometry>
  </Placemark>
  <Placemark>
	<name>Untitled Path</name>
	<Style><LineStyle><color>ff0000ff</color></LineStyle><PolyStyle><fill>0</fill></PolyStyle></Style>
	<ExtendedData><SchemaData schemaUrl="#SR_roads">
		<SimpleData name="tessellate">-1</SimpleData>
		<SimpleData name="extrude">0</SimpleData>
		<SimpleData name="visibility">-1</SimpleData>
	</SchemaData></ExtendedData>
      <MultiGeometry><LineString><coordinates>29.254096572,-19.662961529,0 29.25451457,-19.6635380239999,0 29.2554517680001,-19.6636680829999,0 29.255827889,-19.663662315,0 29.256847888,-19.663587832,0 29.2576702110001,-19.6635137539999,0 29.258539909,-19.663679118,0 29.259384503,-19.663765616,0 29.260117909,-19.663765855,0 29.260954147,-19.6640418279999,0 29.261269104,-19.6639231519999,0 29.2619183690001,-19.6637853469999,0 29.2628071080001,-19.663389933,0 29.2635743820001,-19.663273267,0 29.26430772,-19.66332361,0 29.2651520740001,-19.663154478,0 29.2659172520001,-19.6627374949999,0 29.266363867,-19.6625893309999,0 29.2669451450001,-19.6624657309999,0 29.2672406620001,-19.6622908759999,0 29.267688392,-19.662167902,0 29.268125543,-19.6619898119999,0 29.2688343680001,-19.6621305579999,0 29.269194563,-19.662057762,0 29.2697729880001,-19.662233042,0 29.27034345,-19.6625672399999,0 29.270615728,-19.662994979,0 29.2708456950001,-19.6633001,0 29.2711953390001,-19.663367759,0 29.271525979,-19.6633661289999,0 29.27194411,-19.6633662249999,0 29.272586854,-19.663011011,0 29.273079314,-19.663721052,0 29.273493233,-19.664207747,0 29.273591052,-19.664549829,0 29.273814445,-19.6655524519999,0 29.2744160730001,-19.665663196,0 29.2748180570001,-19.665625457,0 29.2752869020001,-19.665892522,0 29.2760264690001,-19.665984527,0 29.276644632,-19.6661071189999,0 29.277276922,-19.6661421769999,0 29.277676361,-19.666226423,0 29.2785982890001,-19.66635129,0 29.2791845030001,-19.666228329,0 29.2792891340001,-19.6662294559999,0 29.279393733,-19.666230582,0 29.2794773890001,-19.6662314829999,0 29.2795819290001,-19.666232609,0 29.279665498,-19.6662338319999,0 29.2796857230001,-19.6662764539999,0 29.2799946160001,-19.6664708609999,0 29.2806150800001,-19.666543281,0 29.280779894,-19.666566711,0 29.280945231,-19.666569239,0 29.2810485050001,-19.666570817,0 29.2811517320001,-19.666572394,0 29.2812334230001,-19.666594511,0 29.281274672,-19.666595139,0 29.2813974610001,-19.666617856,0 29.2815181980001,-19.666682125,0 29.281620049,-19.666704437,0 29.2817012430001,-19.666726415,0 29.281781315,-19.666769083,0 29.2818825970001,-19.6667917629999,0 29.2819417560001,-19.666834329,0 29.282915533,-19.666970109,0 29.284084065,-19.667065248,0 29.284996634,-19.667186972,0 29.2851214780001,-19.667166879,0</coordinates></LineString></MultiGeometry>
  </Placemark>
  <Placemark>
	<name>Untitled Path</name>
	<Style><LineStyle><color>ff0000ff</color></LineStyle><PolyStyle><fill>0</fill></PolyStyle></Style>
	<ExtendedData><SchemaData schemaUrl="#SR_roads">
		<SimpleData name="tessellate">-1</SimpleData>
		<SimpleData name="extrude">0</SimpleData>
		<SimpleData name="visibility">-1</SimpleData>
	</SchemaData></ExtendedData>
      <MultiGeometry><LineString><coordinates>29.3149144070001,-19.6874602259999,0 29.31479404,-19.686628878,0 29.3159608340001,-19.684864331,0 29.3162228480001,-19.6844518189999,0 29.3171664020001,-19.683157711,0 29.317762558,-19.6825741499999,0 29.319367089,-19.6809153369999,0 29.320017501,-19.6801522829999,0 29.3207562220001,-19.679458144,0 29.3213406690001,-19.678591565,0 29.3217542360001,-19.67817379,0 29.3224890280001,-19.6778767659999,0 29.323184483,-19.677414604,0 29.3238410300001,-19.6767381929999,0 29.324521927,-19.675979669,0 29.3250517870001,-19.675334294,0 29.325574039,-19.674759928,0 29.3257159880001,-19.674522865,0 29.3256699130001,-19.6737352979999,0 29.325667389,-19.673352512,0 29.32572767,-19.672873277,0 29.325832107,-19.672526478,0 29.3259072600001,-19.671884766,0 29.325967915,-19.671326317,0 29.326107624,-19.6709128369999,0 29.3260721420001,-19.6703518479999,0 29.3260553430001,-19.669881824,0 29.326139003,-19.669444862,0 29.326163669,-19.6689152459999,0 29.3261273890001,-19.668331462,0 29.3261948640001,-19.6676718969999,0 29.3262208360001,-19.667089564,0 29.32616145,-19.666609411,0 29.3260796980001,-19.6661209659999,0 29.3260589700001,-19.6656018639999,0 29.3259386880001,-19.6652509379999,0 29.3257354880001,-19.664832556,0 29.326081964,-19.6641765549999,0 29.3261859900001,-19.663829177,0 29.32664428,-19.6635195599999,0 29.32717144,-19.663161406,0 29.327938008,-19.6627747489999,0</coordinates></LineString></MultiGeometry>
  </Placemark>
  <Placemark>
	<name>Untitled Path</name>
	<Style><LineStyle><color>ff0000ff</color></LineStyle><PolyStyle><fill>0</fill></PolyStyle></Style>
	<ExtendedData><SchemaData schemaUrl="#SR_roads">
		<SimpleData name="tessellate">-1</SimpleData>
		<SimpleData name="extrude">0</SimpleData>
		<SimpleData name="visibility">-1</SimpleData>
	</SchemaData></ExtendedData>
      <MultiGeometry><LineString><coordinates>29.3402858800001,-19.691461212,0 29.3398683030001,-19.691482159,0 29.339528516,-19.6915226789999,0 29.339163433,-19.691641744,0 29.338801117,-19.6917410959999,0 29.338482368,-19.6918005229999,0 29.3381528950001,-19.691723518,0 29.337864251,-19.6916069489999,0 29.3374758150001,-19.6914901879999,0 29.337163307,-19.6914123819999,0 29.3367922100001,-19.691294801,0 29.336502479,-19.691075939,0 29.3361291360001,-19.690916633,0 29.335512924,-19.690839093,0 29.334875589,-19.690761515,0 29.334336614,-19.690642436,0 29.3337759550001,-19.69054263,0 29.333372856,-19.690418579,0 29.333153219,-19.690441149,0 29.3329151790001,-19.690505029,0 29.332640199,-19.690630536,0 29.332326063,-19.6907353579999,0 29.3319529180001,-19.690819901,0 29.33169323,-19.690781417,0 29.331549521,-19.690350829,0 29.3310999350001,-19.6898942,0 29.330488614,-19.688999225,0 29.3298700390001,-19.68821201,0 29.3290907690001,-19.6872770049999,0 29.3282880030001,-19.686258138,0 29.3274461890001,-19.685241638,0 29.3260163240001,-19.6835124319999,0 29.324835337,-19.682031236,0 29.3237703080001,-19.6807611689999,0 29.322761254,-19.6794383649999,0 29.321740075,-19.678224787,0 29.320554182,-19.676768473,0 29.319377874,-19.675246328,0 29.3178293010001,-19.673356123,0 29.3162253900001,-19.6714411629999,0 29.3157438210001,-19.670834166,0 29.3147203810001,-19.670036387,0 29.3132931600001,-19.669051391,0 29.311730401,-19.667874369,0 29.309767449,-19.6664786209999,0 29.308167537,-19.66525239,0 29.306040642,-19.6637747999999,0 29.304191255,-19.6624615759999,0 29.3023911830001,-19.661134846,0 29.300251266,-19.659675041,0 29.2987356400001,-19.658609574,0 29.2968550300001,-19.6573802689999,0</coordinates></LineString></MultiGeometry>
  </Placemark>
  <Placemark>
	<name>Untitled Path</name>
	<Style><LineStyle><color>ff0000ff</color></LineStyle><PolyStyle><fill>0</fill></PolyStyle></Style>
	<ExtendedData><SchemaData schemaUrl="#SR_roads">
		<SimpleData name="tessellate">-1</SimpleData>
		<SimpleData name="extrude">0</SimpleData>
		<SimpleData name="visibility">-1</SimpleData>
	</SchemaData></ExtendedData>
      <MultiGeometry><LineString><coordinates>29.086066697,-19.6707007579999,0 29.085781792,-19.6707594129999,0 29.0854116590001,-19.670400128,0 29.0849900640001,-19.669888057,0 29.084697093,-19.669616381,0 29.084403567,-19.669343489,0 29.083878164,-19.6687349329999,0 29.0832523600001,-19.668032815,0 29.0823845030001,-19.6671333369999,0 29.0816280710001,-19.6663493309999,0 29.080960933,-19.6655575569999,0 29.080310722,-19.664949334,0 29.079670892,-19.6639807139999,0 29.079200464,-19.66349107,0 29.078661235,-19.662997918,0 29.0783746390001,-19.662733186,0 29.0780122150001,-19.662700071,0 29.077659822,-19.6622451869999,0 29.077559283,-19.6616455559999,0 29.077347896,-19.661148421,0 29.0771977790001,-19.660742424,0 29.0767859630001,-19.6603369909999,0 29.076142487,-19.660055749,0 29.07549791,-19.659772881,0 29.074820801,-19.659363506,0 29.0743382050001,-19.6588575649999,0 29.074118575,-19.658091829,0 29.073268952,-19.657710164,0 29.0724825820001,-19.657326338,0 29.0720223440001,-19.657358422,0 29.0715948500001,-19.656969676,0 29.071100228,-19.656742337,0 29.07060467,-19.656546922,0 29.0702081700001,-19.656481212,0 29.070007241,-19.656123253,0 29.069804822,-19.655728234,0 29.069203884,-19.6554279019999,0 29.069209334,-19.655793925,0 29.0689154720001,-19.656058173,0 29.068783147,-19.656057936,0 29.068651409,-19.656090741,0 29.068519103,-19.6560905019999,0 29.068386796,-19.6560902649999,0 29.0682544850001,-19.656090027,0 29.0673943950001,-19.656088478,0 29.066604415,-19.6562194549999,0 29.0657437080001,-19.656185071,0 29.0651282980001,-19.6565140979999,0 29.064831241,-19.656513644,0 29.064513822,-19.656809055,0 29.063905999,-19.6572010749999,0 29.0628521640001,-19.657166818,0 29.0618945900001,-19.6571000079999,0 29.0609073890001,-19.657098479,0 29.059946144,-19.6569988149999,0 29.0585391320001,-19.657057423,0 29.057727609,-19.6574053309999,0 29.057017849,-19.65756255,0 29.056212873,-19.657967955,0 29.055411258,-19.6581848989999,0 29.054389515,-19.658586896,0 29.053883602,-19.659018374,0 29.053319904,-19.659630934,0 29.0526681580001,-19.6603598089999,0 29.052026966,-19.661261683,0 29.0513878210001,-19.661975604,0 29.050776705,-19.662418269,0 29.050285719,-19.662653064,0 29.049908911,-19.6625937069999,0 29.0494860640001,-19.6629450199999,0 29.0491532720001,-19.663178337,0 29.048678049,-19.663672295,0 29.0481408840001,-19.6641055529999,0 29.0480330570001,-19.664422148,0 29.0481092630001,-19.6647090449999,0 29.0484957620001,-19.66505218,0 29.0489649200001,-19.665223383,0 29.0495214630001,-19.665309083,0 29.0499338030001,-19.6656494019999,0 29.0501266150001,-19.6659036209999,0 29.0501429600001,-19.6663533239999,0 29.050520861,-19.666717089,0 29.05111056,-19.6671349649999,0 29.051641268,-19.667716065,0 29.0518761540001,-19.668030679,0 29.0520102760001,-19.668277459,0 29.0529430440001,-19.668678988,0 29.0535493010001,-19.6688032859999,0 29.054221527,-19.669349236,0 29.0548577160001,-19.669801685,0 29.055554353,-19.670312221,0 29.0558079670001,-19.670850726,0 29.055872324,-19.671415414,0 29.056091946,-19.671741271,0 29.056310642,-19.6720357999999,0 29.056622494,-19.672035583,0 29.0568408560001,-19.6720354309999,0 29.0570893660001,-19.672299761,0 29.057057265,-19.672534208,0 29.0570870290001,-19.672855501,0 29.057396098,-19.673117469,0 29.0580415530001,-19.673754836,0 29.059348508,-19.675016694,0 29.061203814,-19.6768498019999,0 29.06182991,-19.677268059,0 29.0622790780001,-19.6774629449999,0 29.0626625400001,-19.677767742,0 29.0629528210001,-19.6780988159999,0 29.0633407430001,-19.67823705,0 29.0634843440001,-19.6787381679999,0 29.0638207270001,-19.679039034,0 29.064292467,-19.679099256,0 29.0647349010001,-19.6791581279999,0 29.0650868490001,-19.679126879,0 29.0653202610001,-19.678944964,0</coordinates></LineString></MultiGeometry>
  </Placemark>
  <Placemark>
	<name>Untitled Path</name>
	<Style><LineStyle><color>ff0000ff</color></LineStyle><PolyStyle><fill>0</fill></PolyStyle></Style>
	<ExtendedData><SchemaData schemaUrl="#SR_roads">
		<SimpleData name="tessellate">-1</SimpleData>
		<SimpleData name="extrude">0</SimpleData>
		<SimpleData name="visibility">-1</SimpleData>
	</SchemaData></ExtendedData>
      <MultiGeometry><LineString><coordinates>29.064251142,-19.657063142,0 29.0648888370001,-19.657455651,0 29.0655590590001,-19.6579435099999,0 29.066261726,-19.6586191069999,0 29.066830434,-19.6594132239999,0 29.067488441,-19.66004257,0 29.0681082780001,-19.660542146,0 29.068852475,-19.66088307,0 29.0700128470001,-19.661315793,0 29.0709446160001,-19.661593726,0 29.071907374,-19.661746356,0 29.0729052530001,-19.661650358,0 29.073487099,-19.661523979,0 29.074066165,-19.661584169,0 29.0746450300001,-19.6617043489999,0 29.0752173170001,-19.6620420959999,0 29.0756933700001,-19.662287684,0 29.0762161480001,-19.662039673,0 29.0767077140001,-19.661791566,0 29.0771633800001,-19.6616375679999,0 29.077630344,-19.6621004699999,0</coordinates></LineString></MultiGeometry>
  </Placemark>
  <Placemark>
	<name>Untitled Path</name>
	<Style><LineStyle><color>ff0000ff</color></LineStyle><PolyStyle><fill>0</fill></PolyStyle></Style>
	<ExtendedData><SchemaData schemaUrl="#SR_roads">
		<SimpleData name="tessellate">-1</SimpleData>
		<SimpleData name="extrude">0</SimpleData>
		<SimpleData name="visibility">-1</SimpleData>
	</SchemaData></ExtendedData>
      <MultiGeometry><LineString><coordinates>29.069185555,-19.6554106249999,0 29.0699872450001,-19.6545536369999,0 29.070703613,-19.653806855,0 29.071173382,-19.6530830409999,0 29.072093731,-19.6520161619999,0 29.072929318,-19.6510592459999,0 29.0735802030001,-19.65018486,0 29.0738390880001,-19.6501225759999,0 29.07406795,-19.6499025379999,0 29.07413648,-19.649618178,0 29.0746655770001,-19.6489523019999,0 29.074994286,-19.648761172,0 29.075161818,-19.648536188,0 29.0751984290001,-19.648343052,0 29.075563338,-19.6480551839999,0 29.076615739,-19.6467203239999,0 29.0771242430001,-19.646261484,0 29.0773560910001,-19.6462301239999,0 29.077559815,-19.6460657559999,0 29.077569413,-19.645799633,0 29.07791381,-19.64543491,0 29.078322121,-19.645169591,0 29.0787850540001,-19.6444314409999,0 29.0794500150001,-19.6437557859999,0 29.07958898,-19.6432128609999,0 29.080010175,-19.64275098,0 29.0803429470001,-19.6424027539999,0 29.080461119,-19.642140539,0 29.0808269080001,-19.641760281,0 29.0812615610001,-19.641555185,0 29.0815659490001,-19.6410832569999,0 29.0821533160001,-19.6404297139999,0 29.082461004,-19.639830528,0 29.083246486,-19.6389841549999,0 29.0839125920001,-19.638159883,0 29.084811186,-19.637203403,0 29.0855249580001,-19.63639245,0 29.085755206,-19.635859992,0 29.086876534,-19.634561388,0 29.087882931,-19.6333340419999,0 29.0890388670001,-19.632115341,0 29.090037153,-19.6308967689999,0 29.0907181860001,-19.630375122,0 29.090975206,-19.6297059099999,0 29.0920688730001,-19.628576268,0 29.0932426460001,-19.6282363559999,0 29.094053225,-19.6278515009999,0 29.09451704,-19.6274639379999,0 29.094950698,-19.6270741559999,0 29.094659966,-19.626804546,0 29.094492392,-19.6263836099999,0 29.094475998,-19.6256271579999,0 29.0950403170001,-19.625048747,0 29.095543208,-19.624436536,0 29.096975248,-19.6228593499999,0 29.0971658620001,-19.622421802,0 29.098201227,-19.621417509,0 29.0989839170001,-19.62052126,0 29.0992789470001,-19.620487636,0 29.0999735180001,-19.6194781849999,0 29.100339829,-19.6190516529999,0 29.1009711330001,-19.6187891219999,0 29.1017425260001,-19.6181937909999,0 29.1020808910001,-19.617861315,0 29.10269148,-19.617204092,0 29.102704031,-19.6165688519999,0 29.103221546,-19.6158966099999,0 29.1034692160001,-19.6153181299999,0 29.1039892490001,-19.6145977049999,0 29.104119631,-19.614068979,0 29.104897819,-19.613621146,0 29.1053597600001,-19.6128036259999,0 29.106219277,-19.611662891,0 29.1076750510001,-19.6101567659999,0 29.1084695640001,-19.6091257909999,0 29.1106647510001,-19.606777262,0 29.112533673,-19.6044440009999,0 29.113479737,-19.6034835359999,0 29.1139983460001,-19.603423658,0 29.115313627,-19.602511942,0 29.1181874210001,-19.6004026219999,0 29.122002652,-19.598700691,0 29.125001754,-19.5973895939999,0 29.1252937510001,-19.5975394509999,0 29.125804379,-19.5972986969999,0 29.1263774660001,-19.597148675,0 29.1271119990001,-19.5969077339999,0 29.128012276,-19.5964836859999,0 29.1283478940001,-19.5959924119999,0 29.128800572,-19.595808749,0 29.129185051,-19.595748435,0 29.1296071410001,-19.5955642109999,0 29.1302592340001,-19.595256165,0 29.1308117690001,-19.5950411659999,0 29.1312688680001,-19.594825907,0 29.13226122,-19.5942356059999,0 29.1338852120001,-19.5934225199999,0 29.1345962080001,-19.593362726,0 29.135799994,-19.592438907,0 29.1365434140001,-19.592139129,0 29.136797277,-19.59213841,0 29.138176634,-19.591336242,0 29.1386563880001,-19.5913363179999,0 29.1396732260001,-19.5909332219999,0 29.1404990790001,-19.5903082349999,0 29.1409795610001,-19.5901179149999,0 29.1423642,-19.589667676,0 29.1428823750001,-19.5892521179999,0 29.143989635,-19.5887681099999,0 29.1447763480001,-19.588348731,0 29.1456595830001,-19.588280772,0 29.146188422,-19.5879893209999,0 29.1471379430001,-19.588017938,0 29.14830542,-19.5873671529999,0 29.1490817700001,-19.5868113089999,0 29.149939078,-19.5860203459999,0 29.151363014,-19.5853866199999,0 29.1518657780001,-19.585288109,0 29.1523547840001,-19.5848540229999,0 29.154717159,-19.5838816689999,0 29.1554548710001,-19.5835088809999,0 29.1559551240001,-19.583479645,0 29.1563853370001,-19.5831247419999,0 29.157442733,-19.582618093,0 29.15964346,-19.581624636,0 29.1657660870001,-19.578881176,0 29.1705401270001,-19.576672424,0 29.1754009970001,-19.574385885,0 29.179192034,-19.57265231,0 29.1842404970001,-19.5703805639999,0 29.1886181830001,-19.568427339,0 29.192627705,-19.5665862699999,0 29.1940323530001,-19.5659557549999,0</coordinates></LineString></MultiGeometry>
  </Placemark>
  <Placemark>
	<name>Untitled Path</name>
	<Style><LineStyle><color>ff0000ff</color></LineStyle><PolyStyle><fill>0</fill></PolyStyle></Style>
	<ExtendedData><SchemaData schemaUrl="#SR_roads">
		<SimpleData name="tessellate">-1</SimpleData>
		<SimpleData name="extrude">0</SimpleData>
		<SimpleData name="visibility">-1</SimpleData>
	</SchemaData></ExtendedData>
      <MultiGeometry><LineString><coordinates>29.291744497,-19.609914959,0 29.291902996,-19.6093311389999,0 29.292064195,-19.608713558,0 29.291935967,-19.608253018,0 29.2916087450001,-19.607731331,0 29.291620429,-19.6073425719999,0 29.292036861,-19.606871622,0 29.29223418,-19.606113001,0 29.292524862,-19.6052850729999,0 29.2930266980001,-19.6045261429999,0 29.2930782440001,-19.604022909,0 29.293396439,-19.6035743259999,0 29.2938796600001,-19.602824041,0 29.2940850790001,-19.602280595,0 29.294816827,-19.602130146,0 29.2958620980001,-19.6019099239999,0 29.2969036900001,-19.601811185,0 29.2979439180001,-19.6014301599999,0 29.2991063580001,-19.600797255,0 29.300401965,-19.600217958,0 29.3010447560001,-19.6008731929999,0 29.3020066710001,-19.6018881439999,0</coordinates></LineString></MultiGeometry>
  </Placemark>
  <Placemark>
	<name>T3</name>
	<Style><LineStyle><color>ff0000ff</color></LineStyle><PolyStyle><fill>0</fill></PolyStyle></Style>
	<ExtendedData><SchemaData schemaUrl="#SR_roads">
		<SimpleData name="tessellate">-1</SimpleData>
		<SimpleData name="extrude">0</SimpleData>
		<SimpleData name="visibility">-1</SimpleData>
	</SchemaData></ExtendedData>
      <MultiGeometry><LineString><coordinates>29.1842914740001,-19.5286326999999,0 29.1850434680001,-19.5265394799999,0 29.1852868710001,-19.523831715,0 29.185466685,-19.5223427289999,0 29.185293232,-19.520809691,0 29.1852686710001,-19.5193416339999,0 29.185187168,-19.518168456,0 29.184544273,-19.516540736,0 29.1842470490001,-19.515437801,0 29.1839521690001,-19.5136422849999,0 29.185011726,-19.5114042869999,0 29.185633857,-19.509861014,0 29.1931231020001,-19.515080796,0 29.200137361,-19.51963081,0 29.204014409,-19.523048351,0 29.2081096040001,-19.5256702299999,0 29.214654169,-19.5301595189999,0 29.215368249,-19.528547231,0 29.21561463,-19.5277484119999,0 29.2157037120001,-19.5271674269999,0 29.2163840810001,-19.5261349049999,0 29.2168423250001,-19.5249979829999,0 29.2171848240001,-19.524215343,0 29.2184606110001,-19.520989345,0 29.2194434190001,-19.5185473459999,0 29.220405086,-19.516290098,0 29.220968516,-19.5146685669999,0 29.221966998,-19.511890222,0 29.2233699230001,-19.508663245,0 29.2239344400001,-19.506823765,0 29.2257765410001,-19.5035938619999,0 29.22650164,-19.502220569,0 29.2277109310001,-19.500389111,0 29.227948945,-19.4971839519999,0 29.2289185780001,-19.494489025,0 29.229465643,-19.492708083,0 29.2301237960001,-19.491224141,0 29.232190931,-19.4893052919999,0 29.232602985,-19.492974633,0 29.234062642,-19.4943889699999,0 29.2339824050001,-19.495368702,0 29.2350386630001,-19.496438521,0 29.236219309,-19.497593853,0 29.2383243580001,-19.4995148099999,0 29.2385397360001,-19.5001926479999,0 29.2391852210001,-19.500481652,0 29.2399819770001,-19.5014834909999,0 29.240831794,-19.502001857,0 29.2415966510001,-19.5027502369999,0 29.242090356,-19.503676095,0 29.2429395780001,-19.504443082,0 29.2446214880001,-19.504473364,0 29.2454557810001,-19.5046787009999,0 29.2461563360001,-19.50464512,0 29.247392396,-19.505609722,0 29.248811945,-19.5065269319999,0 29.251486811,-19.5092627409999,0</coordinates></LineString></MultiGeometry>
  </Placemark>
  <Placemark>
	<name>T1</name>
	<Style><LineStyle><color>ff0000ff</color></LineStyle><PolyStyle><fill>0</fill></PolyStyle></Style>
	<ExtendedData><SchemaData schemaUrl="#SR_roads">
		<SimpleData name="tessellate">-1</SimpleData>
		<SimpleData name="extrude">0</SimpleData>
		<SimpleData name="visibility">-1</SimpleData>
	</SchemaData></ExtendedData>
      <MultiGeometry><LineString><coordinates>29.0839510860001,-19.5160005449999,0 29.0823515450001,-19.5162629539999,0 29.085840042,-19.5172708869999,0 29.087464932,-19.518797744,0 29.0928739440001,-19.522357986,0 29.0947653630001,-19.522357481,0 29.097332466985,-19.5223094886195,0 29.0983558148788,-19.5249350377749,0 29.098833131,-19.526935425,0 29.0991128960001,-19.5297318299999,0 29.1007368150001,-19.5312555199999,0 29.1015714382439,-19.5321569016554,0 29.1031766388836,-19.5335180520006,0 29.105328474,-19.534046356,0 29.1093718590001,-19.5345512059999,0 29.1136872660001,-19.535055295,0 29.1176303403098,-19.5352247363449,0 29.1185354300001,-19.5335279129999,0 29.1188018060001,-19.5314962099999,0 29.1182599960001,-19.529464747,0 29.1179870070001,-19.5269246149999,0 29.1169009193731,-19.523770619586,0 29.1170919894201,-19.5225828791261,0 29.1183931556929,-19.5215227416083,0 29.1196858673997,-19.521225086492,0 29.1249013955636,-19.5209987000624,0 29.1270540598499,-19.5211072485817,0 29.130110577,-19.5225934109999,0 29.1316198259105,-19.5224956368909,0 29.134059041695,-19.5267393686236,0 29.1360563866674,-19.5299439925655,0 29.1379333240001,-19.530971457,0 29.1406011650001,-19.531224982,0 29.141485163,-19.5306265369999,0 29.142625228,-19.5297436459999,0 29.143736576,-19.528448822,0 29.1451728750001,-19.526124108,0 29.1458218240001,-19.5255270509999,0 29.1468405430001,-19.5246831,0 29.147290989,-19.5240399259999,0 29.1474698610001,-19.523544725,0 29.1479596070001,-19.5229188079999,0 29.148173973,-19.522291265,0 29.1486733990001,-19.5221312479999,0 29.1493002900001,-19.521810434,0 29.150245058,-19.521519424,0 29.1510750790001,-19.520902167,0 29.152383437,-19.5205400409999,0 29.153849982,-19.520405721,0 29.1548781460001,-19.520205985,0 29.155547527,-19.5202045739999,0 29.1562108440001,-19.5203020889999,0 29.1584442641919,-19.5207000390744,0 29.159793423016,-19.522178613712,0 29.160919806985,-19.5228852397672,0 29.1613163865659,-19.524342803546,0 29.1619644616496,-19.5249651860176,0 29.1631189954771,-19.5257145604004,0 29.1655394110001,-19.525962388,0 29.166597134,-19.525929923,0 29.1677910860001,-19.52599404,0 29.168405696,-19.5262270879999,0 29.168592646,-19.5265728159999,0 29.1690638590001,-19.52671472,0 29.169587177,-19.526568723,0 29.170309344,-19.5269395349999,0 29.1711413240001,-19.526941854,0 29.1725824540001,-19.527656009,0 29.174563118,-19.5271295819999,0 29.1766204840001,-19.526470026,0 29.177459158,-19.5266235139999,0 29.1783131660001,-19.52706867,0 29.1791564580001,-19.527567677,0 29.1795076940001,-19.5276847429999,0 29.1801616130001,-19.5276871209999,0 29.180772006,-19.5279461209999,0 29.1814787320001,-19.528033464,0 29.1822860620001,-19.528348797,0 29.18319259,-19.528464425,0 29.18428944,-19.5287218679999,0</coordinates></LineString></MultiGeometry>
  </Placemark>
  <Placemark>
	<name>T11</name>
	<Style><LineStyle><color>ff0000ff</color></LineStyle><PolyStyle><fill>0</fill></PolyStyle></Style>
	<ExtendedData><SchemaData schemaUrl="#SR_roads">
		<SimpleData name="tessellate">-1</SimpleData>
		<SimpleData name="extrude">0</SimpleData>
		<SimpleData name="visibility">-1</SimpleData>
	</SchemaData></ExtendedData>
      <MultiGeometry><LineString><coordinates>29.311320493,-19.625523122,0 29.3125309920001,-19.625678646,0 29.3130112690001,-19.6257305729999,0 29.3133370970001,-19.625867261,0 29.313573614,-19.626077843,0 29.3137317430001,-19.626330397,0 29.3139012530001,-19.626677065,0 29.3141148770001,-19.626981107,0 29.314193758,-19.6271802059999,0 29.314417573,-19.6273586899999,0 29.314607633,-19.6274218729999,0 29.3146190960001,-19.627558249,0 29.3146416810001,-19.627673618,0 29.3146418950001,-19.627778285,0 29.3146100820001,-19.628039401,0 29.3146104900001,-19.628175938,0 29.314688635,-19.62821787,0 29.3148896230001,-19.628312224,0 29.3160426110001,-19.628669932,0 29.3169763030001,-19.6289026279999,0 29.3174676530001,-19.629172723,0 29.3180204870001,-19.629373289,0 29.3185738770001,-19.629499853,0 29.3190597580001,-19.629669024,0 29.3195088620001,-19.6296252669999,0 29.320301417,-19.6301219869999,0 29.32051439,-19.6302381249999,0 29.3209163710001,-19.6303852739999,0 29.3215173300001,-19.630583928,0 29.3218626830001,-19.6307618349999,0 29.322427438,-19.6313472209999,0 29.3230853470001,-19.632025788,0 29.3234180530001,-19.632401295,0 29.323894309,-19.632942698,0 29.324033925,-19.633193552,0 29.3241891700001,-19.633768177,0 29.324342747,-19.6344676969999,0 29.324450495,-19.635165324,0 29.3247568080001,-19.635874965,0 29.325096176,-19.636817551,0 29.325614054,-19.6379183409999,0 29.325923747,-19.638716573,0 29.326301577,-19.6395497679999,0 29.326522487,-19.640512507,0 29.327756417,-19.641351029,0 29.3280301420001,-19.641536344,0 29.328095924,-19.641918115,0 29.3283253760001,-19.642339556,0 29.3284235030001,-19.642555063,0 29.3290552220001,-19.6432559469999,0 29.3295039160001,-19.643798439,0 29.3299612620001,-19.6442661449999,0 29.330340155,-19.6446803759999,0 29.3305673400001,-19.644902848,0 29.3305997470001,-19.645004247,0 29.3309995720001,-19.6447379099999,0 29.331270254,-19.64451343,0 29.331487376,-19.644452271,0 29.3318678000001,-19.644503257,0 29.3323203080001,-19.644960633,0 29.3326905370001,-19.6454097429999,0 29.333148443,-19.645982015,0 29.3337949670001,-19.646803281,0 29.3344059630001,-19.6477863639999,0 29.3350691580001,-19.648552929,0 29.3354688430001,-19.649091707,0 29.3361051520001,-19.64965601,0 29.3368814740001,-19.650351756,0 29.3377983290001,-19.651151737,0 29.338481512,-19.651771843,0 29.339125306,-19.652139727,0 29.339787931,-19.652647255,0 29.3401199400001,-19.6528342519999,0 29.340363755,-19.653135307,0 29.340417664,-19.6533929669999,0 29.340526079,-19.6534950299999,0 29.3403609440001,-19.6537854869999,0 29.3400748660001,-19.654376154,0 29.339656448,-19.655172216,0 29.3395365910001,-19.6553138749999,0 29.3395809300001,-19.655469672,0 29.3397571310001,-19.6557391869999,0 29.34052453,-19.6567817749999,0 29.341046125,-19.65732544,0 29.3421178800001,-19.658507716,0 29.3430181260001,-19.659495632,0 29.3437733260001,-19.660276399,0 29.3446762620001,-19.661205211,0 29.3454410350001,-19.6620676109999,0 29.345718904,-19.662257977,0 29.3464113200001,-19.6632843689999,0 29.346999827,-19.6639483349999,0 29.347528325,-19.664662576,0 29.348048145,-19.6652891959999,0 29.348319554,-19.6655426509999,0 29.3483761550001,-19.665756479,0</coordinates></LineString></MultiGeometry>
  </Placemark>
  <Placemark>
	<name>T12</name>
	<Style><LineStyle><color>ff0000ff</color></LineStyle><PolyStyle><fill>0</fill></PolyStyle></Style>
	<ExtendedData><SchemaData schemaUrl="#SR_roads">
		<SimpleData name="tessellate">-1</SimpleData>
		<SimpleData name="extrude">0</SimpleData>
		<SimpleData name="visibility">-1</SimpleData>
	</SchemaData></ExtendedData>
      <MultiGeometry><LineString><coordinates>29.3508844637398,-19.6621688899267,0 29.3522833050001,-19.66363919,0 29.352539576,-19.663824435,0 29.3527642330001,-19.664096467,0 29.352949338,-19.66438557,0 29.3529851000001,-19.6647045869999,0 29.3532179900001,-19.665079571,0 29.353366974,-19.665326587,0 29.3534879820001,-19.665632709,0 29.3533841880001,-19.665865085,0 29.35314327,-19.6661401719999,0 29.3530328780001,-19.6665341799999,0 29.3528467680001,-19.666840785,0 29.3525841020001,-19.6670744479999,0 29.352902796,-19.667354883,0 29.3531781830001,-19.6675471149999,0 29.3537331050001,-19.6675934539999,0 29.3543519350001,-19.6676838989999,0 29.3550829530001,-19.667712078,0 29.3558605800001,-19.667654195,0 29.356094102,-19.667610695,0 29.3564060530001,-19.6676846039999,0 29.357045871,-19.667976954,0 29.3572651700001,-19.668488651,0 29.3572193300001,-19.6688556239999,0 29.357189346,-19.6693399719999,0 29.357206335,-19.669897711,0 29.357223017,-19.6703088839999,0 29.357545054,-19.670974333,0 29.3576250130001,-19.6712526279999,0 29.3576743090001,-19.6715900639999,0 29.357598695,-19.671928271,0 29.3573804650001,-19.672193464,0 29.357021462,-19.67259102,0 29.3565052390001,-19.6732212329999,0 29.356100227,-19.673630208,0 29.3558676530001,-19.6739815569999,0 29.355728167,-19.674215247,0 29.3559149980001,-19.674520104,0 29.356023819,-19.6746650609999,0 29.3563497860001,-19.674980026,0 29.356876028,-19.6754321449999,0 29.357355834,-19.6758393879999,0 29.357819833,-19.676566367,0 29.3582829910001,-19.677321127,0 29.358548315,-19.677685362,0 29.3588141860001,-19.6779338339999,0 29.3594394240001,-19.678641195,0 29.359890104,-19.678976029,0 29.3600942220001,-19.6793559549999,0 29.360329236,-19.679648506,0 29.3607382010001,-19.680074265,0 29.361115023,-19.680645888,0 29.3613509040001,-19.681038149,0 29.3616506540001,-19.6815636549999,0 29.361898146,-19.682091098,0 29.3619572720001,-19.682544914,0 29.361956615,-19.6828519279999,0 29.361829172,-19.683391974,0 29.361547301,-19.683901786,0 29.361329454,-19.684323783,0 29.3609703460001,-19.684685257,0 29.360349166,-19.6851329319999,0 29.3603977820001,-19.6854952369999,0 29.3607087980001,-19.685886791,0 29.3610952340001,-19.686409559,0 29.3617256790001,-19.686916267,0 29.3622162720001,-19.6871321899999,0 29.362978834,-19.6876524429999,0 29.363859733,-19.6882460369999,0 29.364773637,-19.689189283,0 29.3656066930001,-19.6892887339999,0 29.3658055170001,-19.6896207259999,0 29.3659425940001,-19.689952438,0 29.366360704,-19.690408969,0 29.366929177,-19.690957076,0 29.3677109790001,-19.691604184,0 29.3678788,-19.691934869,0 29.3679999340001,-19.692423227,0 29.368060029,-19.692738619,0 29.3684061230001,-19.693290636,0 29.368635926,-19.693477367,0 29.3686045790001,-19.69372171,0 29.3688031100001,-19.6939511109999,0 29.368939803,-19.694151367,0 29.3691215540001,-19.694479847,0 29.369457347,-19.6947086379999,0 29.369915873,-19.6954390349999,0 29.37013005,-19.695768571,0 29.370514175,-19.6962287809999,0 29.370922724,-19.6967946249999,0 29.371380566,-19.6974809379999,0 29.3718964550001,-19.6980208149999,0 29.372305159,-19.698360739,0 29.3727013130001,-19.6982476489999,0 29.3731261890001,-19.6982609569999,0 29.3734898160001,-19.698359659,0 29.373730317,-19.698585857,0 29.3740318690001,-19.698755155,0 29.3743342080001,-19.6989818939999,0 29.3747670710001,-19.6992855729999,0 29.3755732400001,-19.700273084,0 29.3761818270001,-19.7007859039999,0 29.3768849570001,-19.701313323,0 29.37736035,-19.701943394,0 29.3778976020001,-19.702345143,0 29.378296365,-19.702632159,0 29.37883452,-19.702690079,0 29.3791509640001,-19.7027019929999,0 29.3793159360001,-19.702829596,0 29.3796897870001,-19.7031409009999,0 29.379993912,-19.703857749,0 29.380735697,-19.704350818,0 29.381433022,-19.7044499629999,0 29.382041912,-19.704963612,0 29.382774854,-19.7054081059999,0 29.382993657,-19.7056478499999,0 29.3832981420001,-19.7058184529999,0 29.38349738,-19.706089457,0 29.383574423,-19.7064325439999,0 29.3837426920001,-19.706746922,0 29.383805645,-19.706933364,0 29.3838078480001,-19.70720614,0 29.3839618330001,-19.7073498199999,0 29.3838553410001,-19.7075648389999,0 29.3833384700001,-19.708438375,0 29.3829334760001,-19.709100242,0 29.3825238710001,-19.709544245,0 29.382069922,-19.7100152539999,0 29.381934738,-19.7103853689999,0 29.381905889,-19.7108978709999,0 29.3818464950001,-19.711238417,0 29.3817564130001,-19.7114948839999,0 29.381628795,-19.7122153089999,0 29.381524717,-19.7126136479999,0 29.3810270480001,-19.7131840669999,0 29.3805309800001,-19.713511056,0 29.3797159390001,-19.713697833,0 29.378979343,-19.713826002,0 29.378210268,-19.714026659,0 29.3779073360001,-19.7142554069999,0 29.3773175490001,-19.714698326,0 29.3772286180001,-19.714996525,0 29.37717601,-19.715253939,0 29.3771250820001,-19.7158358369999,0 29.377188329,-19.716204095,0 29.37732978,-19.716698727,0 29.377112724,-19.7171357779999,0 29.3771730120001,-19.717248791,0 29.3798368710001,-19.718000762,0 29.3824636840001,-19.718764703,0 29.385129302,-19.719625096,0 29.3867049340001,-19.7198788869999,0 29.388043451,-19.719811407,0 29.3890076060001,-19.7198737049999,0 29.3902527320001,-19.7204847969999,0 29.3907303080001,-19.721193578,0 29.391240274,-19.7219009999999,0 29.3917173130001,-19.722575847,0 29.3918809620001,-19.723570411,0 29.392319945,-19.7244668029999,0 29.393324184,-19.725923192,0 29.395684512,-19.7288077529999,0 29.3974369210001,-19.731087826,0 29.398602646,-19.732948877,0 29.3994699240001,-19.7345567639999,0 29.400454,-19.736596326,0 29.400248306,-19.7398996489999,0 29.3999964610001,-19.7431097039999,0 29.399739831,-19.7464525529999,0 29.3997520620001,-19.748531666,0 29.399721384,-19.7507161179999,0 29.3999611620001,-19.75142175,0</coordinates></LineString></MultiGeometry>
  </Placemark>
  <Placemark>
	<name>T7</name>
	<Style><LineStyle><color>ff0000ff</color></LineStyle><PolyStyle><fill>0</fill></PolyStyle></Style>
	<ExtendedData><SchemaData schemaUrl="#SR_roads">
		<SimpleData name="tessellate">-1</SimpleData>
		<SimpleData name="extrude">0</SimpleData>
		<SimpleData name="visibility">-1</SimpleData>
	</SchemaData></ExtendedData>
      <MultiGeometry><LineString><coordinates>29.0751984190001,-19.6875836139999,0 29.077045652,-19.6864546379999,0 29.0781948150001,-19.6858447669999,0 29.0799155400001,-19.684033484,0 29.08180894,-19.6824024759999,0 29.083414244,-19.6806598629999,0 29.084699308,-19.679797009,0 29.0861318370001,-19.678884915,0 29.0868037940001,-19.677925702,0 29.0871604760001,-19.676869364,0 29.087198573,-19.675801421,0 29.0869060670001,-19.673771635,0 29.086621933,-19.6730892369999,0 29.08623935,-19.6721232589999,0 29.0858555080001,-19.6713766459999,0 29.086263693,-19.670207081,0 29.0870029870001,-19.6677499109999,0 29.087536195,-19.6655312149999,0 29.0883553380001,-19.6641482689999,0 29.088999846,-19.6632919809999,0 29.0912560490001,-19.6597044919999,0 29.0918854830001,-19.6583820619999,0 29.0931018060001,-19.656655225,0 29.0955750260001,-19.653766802,0 29.0962236730001,-19.653008289,0 29.096520572,-19.6523719309999,0 29.096279786,-19.651732889,0 29.096495119,-19.6513472229999,0 29.097213379,-19.6512590589999,0 29.09819707,-19.650572242,0 29.0993712420001,-19.6499315619999,0 29.1005940640001,-19.6492011019999,0 29.1022322420001,-19.6492076809999,0 29.1035480300001,-19.649729035,0 29.104631172,-19.650166688,0 29.105930612,-19.650860141,0 29.106943717,-19.652092012,0 29.107208004,-19.650065771,0 29.107318794,-19.648953858,0 29.1081554520001,-19.647998937,0 29.108156755,-19.6473427729999,0 29.1085996410001,-19.64646069,0 29.108643492,-19.645705604,0 29.10919196,-19.644900313,0 29.109966925,-19.6446367579999,0 29.11066365,-19.644641839,0 29.1150993160001,-19.6442332729999,0 29.116885435,-19.643485109,0 29.1178027940001,-19.6430404239999,0 29.1186352600001,-19.6430015349999,0 29.119965651,-19.641461493,0 29.120768476,-19.63991879,0 29.1235350960001,-19.6366824749999,0 29.124675258,-19.63470906,0 29.1247199780001,-19.634709084,0 29.125770985,-19.631929466,0 29.1270841640001,-19.630668721,0 29.1278352570001,-19.629967844,0 29.129334704,-19.629706751,0 29.1310649910001,-19.629445142,0 29.1338868550001,-19.6276386009999,0 29.135690406,-19.627107451,0 29.139327931,-19.6262993199999,0 29.147415875,-19.626645665,0 29.1482409320001,-19.6275882529999,0 29.1493269280001,-19.627940565,0 29.1502446860001,-19.628024339,0 29.151108535,-19.6281567039999,0 29.1517846320001,-19.6283340539999,0 29.152646524,-19.628466402,0 29.1535698710001,-19.628376611,0 29.1544183240001,-19.6286434469999,0 29.155241345,-19.629175959,0 29.1555511500001,-19.6297945429999,0 29.155845967,-19.63005851,0 29.156317856,-19.6303656219999,0 29.156901685,-19.629969756,0 29.157502321,-19.6294812859999,0 29.158150546,-19.6289485799999,0</coordinates></LineString></MultiGeometry>
  </Placemark>
  <Placemark>
	<name>T2</name>
	<Style><LineStyle><color>ff0000ff</color></LineStyle><PolyStyle><fill>0</fill></PolyStyle></Style>
	<ExtendedData><SchemaData schemaUrl="#SR_roads">
		<SimpleData name="tessellate">-1</SimpleData>
		<SimpleData name="extrude">0</SimpleData>
		<SimpleData name="visibility">-1</SimpleData>
	</SchemaData></ExtendedData>
      <MultiGeometry><LineString><coordinates>29.190458376,-19.5942599759999,0 29.1904701610001,-19.594094927,0 29.190606388,-19.5937865559999,0 29.19103274,-19.5929949429999,0 29.1913884050001,-19.5925331029999,0 29.191941533,-19.5918911119999,0 29.1925665790001,-19.5911926859999,0 29.1934707070001,-19.590195039,0 29.1937386210001,-19.589892189,0 29.1948802340001,-19.5893407739999,0 29.1951778880001,-19.5891917979999,0 29.19583371,-19.589153135,0 29.197516986,-19.588520818,0 29.197738278,-19.588408263,0 29.1980050230001,-19.5883837179999,0 29.198543204,-19.588009655,0 29.1987734040001,-19.58790092,0 29.199791801,-19.587744163,0 29.200718593,-19.5869518159999,0 29.2015616410001,-19.5860794769999,0 29.20215907,-19.585529242,0 29.2027474980001,-19.585023325,0 29.2031355790001,-19.584405632,0 29.2035012560001,-19.583891841,0 29.2037383630001,-19.583522541,0 29.2042993650001,-19.583333217,0 29.2052437900001,-19.582749444,0 29.206719299,-19.581840908,0 29.2073907500001,-19.581354667,0 29.208012338,-19.580262583,0 29.2082724760001,-19.5781816419999,0 29.2083196270001,-19.5778365859999,0 29.208564019,-19.577377231,0 29.2089960190001,-19.5766367959999,0 29.2094573200001,-19.575909975,0 29.2096661890001,-19.575332865,0 29.2098591220001,-19.574041742,0 29.209986837,-19.573442358,0 29.2100891920001,-19.5728857359999,0 29.210202866,-19.571360053,0 29.2103019900001,-19.570554729,0 29.2104545720001,-19.569823656,0 29.210505315,-19.569220802,0 29.210608618,-19.568676399,0 29.210660534,-19.5682391739999,0 29.210869683,-19.567789193,0 29.2109392020001,-19.567224766,0 29.2108636240001,-19.566926994,0 29.2106475480001,-19.5665321619999,0 29.2104042890001,-19.5658559149999,0 29.210391375,-19.5657951929999,0 29.2100425080001,-19.5652592,0 29.2099775880001,-19.565173229,0 29.2097909550001,-19.5643898599999,0 29.2096965590001,-19.5639997269999,0 29.2097440690001,-19.5629712159999,0 29.2098576540001,-19.561908199,0 29.2099582570001,-19.561562078,0 29.210449763,-19.560864679,0 29.2109200790001,-19.560259947,0 29.2110513430001,-19.559929527,0 29.211247154,-19.559593498,0 29.2116456590001,-19.5591447699999,0 29.2120079800001,-19.55892491,0 29.212412069,-19.558360444,0 29.212819245,-19.5578899569999,0 29.213416779,-19.5572139079999,0 29.21385775,-19.5568838249999,0 29.214493003,-19.5567442129999,0 29.2149478440001,-19.557033782,0 29.215399784,-19.55729782,0 29.2157191970001,-19.557486513,0 29.2163688640001,-19.5578316539999,0 29.216484638,-19.5579192879999,0 29.2167297790001,-19.5580318079999,0 29.216858992,-19.558069291,0 29.2169799050001,-19.557894935,0 29.217011691,-19.5576447619999,0 29.2171690600001,-19.5571893389999,0 29.2170622520001,-19.556681242,0 29.217014169,-19.556439031,0 29.217096744,-19.5559997839999,0 29.2172679070001,-19.5556836019999,0 29.2174795130001,-19.555304319,0 29.2175858200001,-19.554997424,0 29.217783351,-19.5548244939999,0 29.2181260890001,-19.554638025,0 29.218508582,-19.5544881179999,0 29.219065862,-19.554224925,0 29.2194531390001,-19.5540729219999,0 29.2204079300001,-19.55388448,0 29.2210285410001,-19.553669623,0 29.2213593510001,-19.5536427829999,0 29.221684684,-19.553855884,0 29.2220987360001,-19.55405661,0 29.2226915120001,-19.5544289489999,0 29.223281522,-19.55479858,0 29.2241643000001,-19.5552939799999,0 29.224647318,-19.555391233,0 29.22533385,-19.5550811599999,0 29.2264432430001,-19.554442846,0 29.2275394590001,-19.553479029,0 29.2279591540001,-19.5531453129999,0 29.2282715110001,-19.5529385239999,0 29.2286344770001,-19.5529236639999,0 29.2288089310001,-19.552935551,0 29.229087865,-19.553075083,0 29.2292963890001,-19.5532919449999,0 29.229276677,-19.553534111,0 29.2292786310001,-19.553965219,0 29.229260176,-19.554694093,0 29.2294696330001,-19.555550948,0 29.2299688380001,-19.556240585,0 29.230372932,-19.5567199609999,0 29.230698053,-19.557218141,0 29.230838358,-19.55750323,0 29.2312146780001,-19.5578609049999,0 29.2320721350001,-19.557971358,0 29.2326139700001,-19.558020416,0 29.232939549,-19.5581677719999,0 29.233703265,-19.558396929,0 29.2340898150001,-19.558471771,0 29.234262882,-19.55849662,0 29.2348749230001,-19.557912627,0 29.2350625,-19.5579249649999,0 29.235196132,-19.558051801,0 29.2359852510001,-19.558617263,0 29.236516859,-19.559068784,0 29.2369896800001,-19.5593302619999,0 29.237696645,-19.559442028,0 29.238208635,-19.5595548659999,0 29.2384184330001,-19.5597918089999,0 29.2386553810001,-19.5599534559999,0 29.2385985650001,-19.560052576,0 29.238697878,-19.5602341599999,0 29.2389000530001,-19.5603909609999,0 29.239102583,-19.5604819779999,0 29.2392201000001,-19.560780682,0 29.239381619,-19.5608322209999,0 29.239625372,-19.560818898,0 29.2398149590001,-19.560818474,0 29.240057844,-19.560894934,0 29.2402330130001,-19.5609459679999,0 29.2404596970001,-19.5610744089999,0 29.240609346,-19.5610355379999,0 29.240929679,-19.560724897,0 29.241528598,-19.560371041,0 29.242570861,-19.55995911,0 29.243425674,-19.5593407659999,0 29.2440130320001,-19.5587436929999,0 29.2445609580001,-19.558462238,0 29.245023971,-19.558381938,0 29.245446552,-19.5583670959999,0 29.2457466120001,-19.5584043329999,0 29.246030965,-19.558621795,0 29.2463411630001,-19.558788034,0 29.2466025620001,-19.5590569629999,0 29.246981282,-19.559298301,0 29.2475253770001,-19.5596303369999,0 29.247983671,-19.560056741,0 29.2484763590001,-19.560601576,0 29.249213567,-19.561301434,0 29.249811821,-19.5617850699999,0 29.25039995,-19.562143267,0 29.251159081,-19.562537332,0 29.251869922,-19.5631635189999,0 29.2524545650001,-19.563671885,0 29.253189826,-19.5642842199999,0 29.2536045710001,-19.5648178239999,0 29.2539347900001,-19.565390935,0 29.2540428310001,-19.565730727,0 29.2541212300001,-19.56579263,0</coordinates></LineString></MultiGeometry>
  </Placemark>
  <Placemark>
	<name>T5</name>
	<Style><LineStyle><color>ff0000ff</color></LineStyle><PolyStyle><fill>0</fill></PolyStyle></Style>
	<ExtendedData><SchemaData schemaUrl="#SR_roads">
		<SimpleData name="tessellate">-1</SimpleData>
		<SimpleData name="extrude">0</SimpleData>
		<SimpleData name="visibility">-1</SimpleData>
	</SchemaData></ExtendedData>
      <MultiGeometry><LineString><coordinates>29.254314783,-19.5080362109999,0 29.254185353,-19.508053349,0 29.2540129820001,-19.508070833,0 29.25381479,-19.5080969429999,0 29.2536343840001,-19.508138742,0 29.253445611,-19.5082049829999,0 29.253282653,-19.508327869,0 29.253043792,-19.508579335,0 29.252705527,-19.50894069,0 29.2525207690001,-19.509140058,0 29.2520449990001,-19.509551798,0 29.251986742,-19.5095912039999,0 29.2515862170001,-19.509646682,0 29.2515110900001,-19.5096310439999,0 29.251299749,-19.509450611,0 29.2512105240001,-19.509261328,0 29.2511211990001,-19.509086747,0 29.251016722,-19.508959385,0 29.2508534840001,-19.508816042,0 29.2506829880001,-19.5087205799999,0 29.250467936,-19.508640294,0 29.250322576,-19.50859235,0 29.2501497830001,-19.508649889,0 29.2500289680001,-19.508731075,0 29.249918801,-19.50884389,0 29.249891566,-19.5089478039999,0 29.249527153,-19.509120428,0 29.2493295410001,-19.5091597799999,0 29.249064451,-19.5093699559999,0 29.2487475980001,-19.509616367,0 29.2486089930001,-19.5097631679999,0 29.248292166,-19.5098001019999,0 29.2481789,-19.5098224459999,0 29.2476577700001,-19.51004685,0 29.2471833430001,-19.510165537,0 29.246817822,-19.510306128,0 29.2464783940001,-19.510453362,0 29.246277853,-19.510561223,0 29.2460359400001,-19.5106611919999,0 29.245966738,-19.510775829,0 29.245854052,-19.511019013,0 29.24577119,-19.5113272039999,0 29.2454950380001,-19.511966795,0 29.2453414520001,-19.5123622469999,0 29.2451565150001,-19.5128277469999,0 29.2451149580001,-19.513091124,0 29.245047073,-19.5132754579999,0 29.245037074,-19.513473522,0 29.2449888080001,-19.5137377689999,0 29.244981265,-19.5140294359999,0 29.244918021,-19.514318013,0 29.2447892760001,-19.51498781,0 29.244683756,-19.515490702,0 29.244525734,-19.516069597,0 29.2444154830001,-19.51657635,0 29.2443592820001,-19.517000164,0 29.244264625,-19.5175544539999,0 29.244197472,-19.5181222059999,0 29.244090908,-19.518264437,0 29.243999059,-19.518361355,0 29.243829143,-19.51848017,0 29.243516518,-19.518576315,0 29.243172916,-19.518739507,0 29.2427646520001,-19.518923145,0 29.2427167710001,-19.5189384409999,0 29.2425662760001,-19.5190222029999,0 29.2425950520001,-19.5190709039999,0 29.2426529270001,-19.51912041,0 29.242747652,-19.519196381,0 29.2428109470001,-19.5193136099999,0 29.2428923480001,-19.51950425,0 29.2429567880001,-19.519607076,0 29.2430616010001,-19.5197350839999,0 29.243157365,-19.519892574,0 29.2433862510001,-19.520094082,0 29.2434253970001,-19.5201548329999,0 29.2435316780001,-19.5202815599999,0 29.243645552,-19.5203769729999,0 29.243803499,-19.520487083,0 29.243835878,-19.520502221,0 29.243931968,-19.5206154589999,0 29.2440642470001,-19.5207093409999,0 29.2440842930001,-19.520720581,0 29.244250343,-19.5207509419999,0 29.244426549,-19.520755654,0 29.2445615300001,-19.520790259,0 29.2447287720001,-19.5208796169999,0 29.244794351,-19.520953038,0 29.244937915,-19.5210492919999,0 29.245031607,-19.521122131,0 29.245099324,-19.5212326649999,0 29.2451778130001,-19.521368555,0 29.245249067,-19.521550802,0 29.2453047650001,-19.5217094059999,0 29.245356063,-19.521847228,0 29.2453617520001,-19.522002668,0 29.2454212120001,-19.522104234,0 29.2455686230001,-19.5223997169999,0 29.2456936090001,-19.522691627,0 29.245816559,-19.5229742519999,0 29.246004887,-19.5234179469999,0 29.246136882,-19.523685728,0 29.246301101,-19.523981464,0 29.2465980170001,-19.5244222369999,0 29.246840644,-19.5247332,0 29.2469706980001,-19.524898401,0 29.247126947,-19.5250787809999,0 29.2472660170001,-19.525226818,0 29.247489066,-19.5254000309999,0 29.2477017080001,-19.5255952979999,0 29.2478339750001,-19.525724524,0 29.2479812920001,-19.525921512,0 29.24810453,-19.5260470179999,0 29.248238234,-19.526226762,0 29.2483088220001,-19.526386022,0 29.248425077,-19.5265364649999,0 29.248513128,-19.526647828,0 29.248778014,-19.5268411079999,0 29.2490614970001,-19.526958151,0 29.2492733730001,-19.5270712889999,0 29.249506725,-19.527214953,0 29.2498217590001,-19.527503409,0 29.2500399980001,-19.527660769,0 29.2502728420001,-19.5278722689999,0 29.25058276,-19.528149443,0 29.25083501,-19.5283615989999,0 29.2510202390001,-19.528529804,0 29.2512640620001,-19.5287324879999,0 29.2513707140001,-19.5288139909999,0 29.2515185170001,-19.528891243,0 29.251823803,-19.528983753,0 29.2520794610001,-19.529053038,0 29.2525124850001,-19.529187308,0 29.2527294820001,-19.529281097,0 29.25300062,-19.529378543,0 29.253297532,-19.529417633,0 29.253516065,-19.5294021619999,0 29.253749761,-19.5294526649999,0 29.253935837,-19.5294451669999,0 29.2543136900001,-19.529572899,0 29.2546251330001,-19.5295236959999,0 29.254874311,-19.529514843,0 29.2550476420001,-19.52944926,0 29.2552819110001,-19.52944839,0 29.255500386,-19.5294026629999,0 29.2556721920001,-19.52934455,0 29.2558464410001,-19.529356369,0 29.2561780500001,-19.529313196,0 29.2564304810001,-19.529287987,0 29.256666051,-19.529258615,0 29.256923944,-19.529229141,0 29.257013693,-19.5291540169999,0 29.257225353,-19.5291238519999,0 29.257356671,-19.5290987779999,0 29.2575515020001,-19.5291298879999,0 29.2577263470001,-19.5291670549999,0 29.257787539,-19.5290739019999,0 29.2579256230001,-19.5290487999999,0 29.2581982630001,-19.529073636,0 29.2587371180001,-19.5290377609999,0 29.259145012,-19.5289924309999,0 29.259483054,-19.528903304,0 29.2597811260001,-19.52888314,0 29.260139876,-19.528843969,0 29.260469404,-19.528965533,0 29.260768249,-19.5290457939999,0 29.261065628,-19.52910738,0 29.261367309,-19.5291566089999,0 29.261557311,-19.529217916,0 29.2618506650001,-19.529248265,0 29.262250696,-19.52937356,0 29.262577601,-19.5294766049999,0 29.2629483120001,-19.5295848959999,0 29.263187116,-19.529578425,0 29.263521896,-19.529602003,0 29.263759771,-19.529601595,0 29.2643563990001,-19.529668241,0 29.2646732910001,-19.529988004,0 29.2650166270001,-19.530325602,0 29.265261272,-19.5305437989999,0 29.2655214450001,-19.5307834609999,0 29.265852427,-19.5311088839999,0 29.2660748530001,-19.53129354,0 29.2662056020001,-19.531472231,0 29.2662533610001,-19.531649999,0 29.266370685,-19.5318385809999,0 29.2664750380001,-19.532008548,0 29.266744112,-19.532184516,0 29.266924609,-19.532306201,0 29.2671811790001,-19.5324639909999,0 29.2674184300001,-19.532590873,0 29.2675599520001,-19.5326632499999,0 29.2677947490001,-19.532861935,0 29.2679820900001,-19.53307144,0 29.2684079640001,-19.5335486879999,0 29.2685735790001,-19.5337782739999,0 29.2685552230001,-19.5339454959999,0 29.2686154000001,-19.5341173519999,0 29.2686629240001,-19.534263745,0 29.2687288760001,-19.5344576799999,0 29.2689634750001,-19.53463829,0 29.269120081,-19.534751932,0 29.2692318790001,-19.534847286,0 29.269332966,-19.535037174,0 29.269691203,-19.5354932079999,0 29.2699380150001,-19.5358351849999,0 29.2701851460001,-19.536347788,0 29.2704208910001,-19.5368157179999,0 29.2708259850001,-19.5375088229999,0 29.2710838210001,-19.538035362,0 29.2713050780001,-19.538480512,0 29.2715674850001,-19.5388854949999,0 29.2719184990001,-19.539459759,0 29.272160511,-19.539912041,0 29.2724868340001,-19.5404880099999,0 29.272738965,-19.5409508709999,0 29.27308183,-19.541583041,0 29.2732906680001,-19.5419158349999,0 29.2735325580001,-19.5423201129999,0 29.2737107260001,-19.5426013799999,0 29.2738072010001,-19.5428104499999,0 29.273828885,-19.5429012289999,0 29.2738252420001,-19.543049503,0 29.273821168,-19.5432153299999,0 29.27377175,-19.543392389,0 29.273708942,-19.5436045079999,0 29.273659868,-19.543790917,0 29.273546541,-19.54402356,0 29.2733400820001,-19.544230792,0 29.272988866,-19.544752355,0 29.2725213390001,-19.5452930509999,0 29.272379518,-19.545527239,0 29.2717433920001,-19.546265137,0 29.2711834940001,-19.5469174199999,0 29.270831424,-19.5472868579999,0 29.270769309,-19.5473882229999,0 29.270611511,-19.5475860019999,0 29.2704506710001,-19.54782288,0 29.2702859620001,-19.5478993619999,0 29.27003253,-19.54806864,0 29.26973063,-19.54823671,0 29.2694606040001,-19.548392135,0 29.269009492,-19.5485865549999,0 29.268789618,-19.5485690479999,0 29.268631347,-19.5485571299999,0 29.2684629290001,-19.5486072319999,0 29.2680646710001,-19.548762999,0 29.267788312,-19.548924471,0 29.2674056000001,-19.549175615,0 29.267074162,-19.5493393739999,0 29.2665906880001,-19.549653634,0 29.2661867250001,-19.5499628639999,0 29.265686166,-19.5502670119999,0 29.2651743180001,-19.5506265939999,0 29.2646938680001,-19.5509389859999,0 29.2642359110001,-19.5511447129999,0 29.26397518,-19.5512251759999,0 29.263713753,-19.5512884719999,0 29.263489727,-19.5513230379999,0 29.2632419010001,-19.5513290499999,0 29.2630015780001,-19.551357745,0 29.2626757780001,-19.5514486829999,0 29.262422869,-19.551555949,0 29.262230543,-19.551589813,0 29.262164936,-19.551646048,0 29.2620638400001,-19.551741437,0 29.261815313,-19.5519222149999,0 29.2616428850001,-19.5521634589999,0 29.261533339,-19.552386118,0 29.2614064590001,-19.552607182,0 29.261331119,-19.552963538,0 29.261340809,-19.5532242809999,0 29.261224929,-19.5538588319999,0 29.2611774800001,-19.554417134,0 29.2610784340001,-19.554923582,0 29.260975878,-19.555181069,0 29.2609964370001,-19.55551924,0 29.2609321670001,-19.555780206,0 29.2607281360001,-19.5562510789999,0 29.260428587,-19.5565960939999,0 29.259991839,-19.556974984,0 29.259805698,-19.557150372,0 29.2595978360001,-19.5572745769999,0 29.25933731,-19.55734769,0 29.259331436,-19.5573532879999,0 29.259189392,-19.5574093549999,0 29.258970156,-19.557459879,0 29.258810741,-19.557510217,0 29.2587930450001,-19.557515805,0 29.258687234,-19.557560409,0 29.2586694150001,-19.5575604389999,0 29.258618875,-19.557671343,0 29.2585288660001,-19.5580382599999,0 29.258385865,-19.5585475339999,0 29.2583539900001,-19.558779294,0 29.258074502,-19.559449491,0 29.2579531690001,-19.559799948,0 29.2579646730001,-19.5601228099999,0 29.257918128,-19.560559117,0 29.257833276,-19.560814691,0 29.2578747550001,-19.5610618499999,0 29.257887028,-19.561350841,0 29.2578224320001,-19.5617720399999,0 29.2577655020001,-19.562094739,0 29.257733542,-19.562396232,0 29.2576338210001,-19.5625540069999,0 29.2575225460001,-19.5627164799999,0 29.2573830650001,-19.562927929,0 29.257261984,-19.5631157409999,0 29.2570308250001,-19.563454613,0 29.256823394,-19.563657296,0 29.2565004790001,-19.5639247299999,0 29.2562635,-19.564116936,0 29.255723264,-19.564469372,0 29.2554098890001,-19.5647200829999,0 29.255080115,-19.565012074,0 29.2547451520001,-19.565240595,0 29.2544735520001,-19.565475127,0 29.2541613920001,-19.5656899039999,0 29.2540334810001,-19.5657461389999,0 29.2542890360001,-19.566259949,0 29.254474374,-19.5667609079999,0 29.2545939230001,-19.567057797,0 29.254776034,-19.5674888349999,0 29.254867479,-19.567970532,0 29.254899231,-19.5682984919999,0 29.2549849650001,-19.5686541109999,0 29.2550662640001,-19.5689240949999,0 29.2552045370001,-19.5691635589999,0 29.25530653,-19.569493413,0 29.255312281,-19.569482222,0 29.2554282420001,-19.56981524,0 29.255500886,-19.5700456589999,0 29.255573789,-19.5703872469999,0 29.255581659,-19.570611825,0 29.2556623460001,-19.570936387,0 29.255650922,-19.5709694679999,0 29.255568715,-19.571364122,0 29.2554135210001,-19.5718359219999,0 29.2551971130001,-19.572343309,0 29.254976212,-19.5729161039999,0 29.254741036,-19.573493604,0 29.254450605,-19.57403743,0 29.2542653670001,-19.5743982269999,0 29.254174434,-19.5746768299999,0 29.2541176920001,-19.5749301339999,0 29.2540657450001,-19.575148476,0 29.2540071330001,-19.575517346,0 29.254041323,-19.57587196,0 29.254079158,-19.576165699,0 29.2541445230001,-19.5764500069999,0 29.2542624510001,-19.576751852,0 29.2543535670001,-19.576921748,0 29.2545657450001,-19.577301964,0 29.2547867180001,-19.5776052429999,0 29.2549284860001,-19.577812598,0 29.25511637,-19.5781310789999,0 29.255244415,-19.578429307,0 29.255160273,-19.578776987,0 29.255114942,-19.5790053109999,0 29.25508002,-19.579033024,0 29.2549671860001,-19.5794613539999,0 29.254827014,-19.5798779159999,0 29.2546453360001,-19.580583066,0 29.254477536,-19.580959718,0 29.254284096,-19.581340431,0 29.2540746980001,-19.581656197,0 29.253846479,-19.5819591659999,0 29.2537259590001,-19.5821305609999,0 29.2536881120001,-19.58231108,0 29.2536613340001,-19.582489839,0 29.253698064,-19.58270455,0 29.2537488290001,-19.5831877259999,0 29.25382417,-19.583786553,0 29.2538292180001,-19.5841509159999,0 29.2539010030001,-19.5844457819999,0 29.253891289,-19.5847109069999,0 29.2539063160001,-19.585185644,0 29.2539539410001,-19.585663956,0 29.254000724,-19.586286081,0 29.254039742,-19.5868231709999,0 29.254098649,-19.58719969,0 29.2542410930001,-19.587638672,0 29.2542484490001,-19.587916801,0 29.2543186360001,-19.5882285319999,0 29.2543532580001,-19.5885150359999,0 29.254448795,-19.589047469,0 29.254396968,-19.5893880199999,0 29.254450182,-19.5897802699999,0 29.2544557140001,-19.5904404529999,0 29.2544374840001,-19.5907441739999,0 29.2544472230001,-19.5911121149999,0 29.2544403700001,-19.591490672,0 29.254485962,-19.591923402,0 29.2544572790001,-19.592265536,0 29.2544573260001,-19.5926183949999,0 29.254400893,-19.5929557,0 29.2543098700001,-19.593334769,0 29.2541519960001,-19.593763372,0 29.254107091,-19.5937956229999,0 29.2539755060001,-19.5942417869999,0 29.253739307,-19.595037041,0 29.2534957400001,-19.595694621,0 29.2533835460001,-19.5960908719999,0 29.253145072,-19.596633202,0 29.253112474,-19.596915053,0 29.253062501,-19.597167574,0 29.253335588,-19.597857227,0 29.253393127,-19.5981990189999,0 29.2534729120001,-19.5985645339999,0 29.2535730540001,-19.598881266,0 29.2537190620001,-19.599105471,0 29.2540575440001,-19.5996805039999,0 29.2541726710001,-19.5999694769999,0 29.25440244,-19.600192531,0 29.2546891910001,-19.600408312,0 29.254873826,-19.6005972249999,0 29.2551996450001,-19.6011134689999,0 29.25541214,-19.6015073189999,0 29.2556493660001,-19.60191,0 29.255903163,-19.602384248,0 29.256200315,-19.6029111629999,0 29.256467398,-19.603242575,0 29.25664971,-19.6035231279999,0 29.2569878670001,-19.603981646,0 29.2572651670001,-19.604283698,0 29.2573969710001,-19.604501443,0 29.2575636830001,-19.6046327939999,0 29.2576725380001,-19.6048426509999,0 29.2577139170001,-19.605025259,0 29.257783741,-19.6051600989999,0 29.2578155,-19.6052583489999,0 29.257848102,-19.605320352,0</coordinates></LineString></MultiGeometry>
  </Placemark>
  <Placemark>
	<name>T8</name>
	<Style><LineStyle><color>ff0000ff</color></LineStyle><PolyStyle><fill>0</fill></PolyStyle></Style>
	<ExtendedData><SchemaData schemaUrl="#SR_roads">
		<SimpleData name="tessellate">-1</SimpleData>
		<SimpleData name="extrude">0</SimpleData>
		<SimpleData name="visibility">-1</SimpleData>
	</SchemaData></ExtendedData>
      <MultiGeometry><LineString><coordinates>29.2356325640001,-19.6455182039999,0 29.2357788410001,-19.645450778,0 29.236124573,-19.6451755489999,0 29.2368082860001,-19.6446995709999,0 29.237605048,-19.6441215469999,0 29.2383881850001,-19.6435806389999,0 29.2399457770001,-19.642468392,0 29.240884591,-19.641831736,0 29.241686028,-19.641249711,0 29.242959747,-19.6404185979999,0 29.2431316280001,-19.640168333,0 29.243414522,-19.6398980229999,0 29.243777745,-19.6394279969999,0 29.2439504540001,-19.639229105,0 29.2441447300001,-19.6387585629999,0 29.244539527,-19.6377822229999,0 29.2451081990001,-19.636474004,0 29.2453826610001,-19.635816097,0 29.2458024110001,-19.6348836239999,0 29.246215624,-19.6339764959999,0 29.2464409580001,-19.633360291,0 29.2468617440001,-19.632409579,0 29.247314943,-19.631431676,0 29.24772027,-19.6303922649999,0 29.2480831310001,-19.6295437819999,0 29.2484193250001,-19.628802981,0 29.248781036,-19.628052848,0 29.2489554150001,-19.627561183,0 29.2490227800001,-19.627198338,0 29.2490383140001,-19.627134467,0 29.249055873,-19.6268244849999,0 29.249083985,-19.6256901959999,0 29.2491046270001,-19.624579506,0 29.2491049030001,-19.62360302,0 29.249151612,-19.6225447059999,0 29.249478167,-19.621587055,0 29.249724998,-19.6205510779999,0 29.250109896,-19.619359099,0 29.2504054680001,-19.618293227,0 29.250835947,-19.616813839,0 29.2512052180001,-19.6154602739999,0 29.2517152130001,-19.613642194,0 29.2522386910001,-19.611860227,0 29.2526816980001,-19.6103365459999,0 29.2530471210001,-19.609022673,0 29.2533270590001,-19.607911149,0 29.253469091,-19.607512269,0 29.2537576710001,-19.607081932,0 29.253976411,-19.6067443229999,0 29.254423107,-19.6062726559999,0 29.254910215,-19.6059446899999,0 29.255696669,-19.6056469709999,0 29.2558359120001,-19.605549991,0 29.2565540570001,-19.605446629,0 29.257283683,-19.605390407,0 29.258197496,-19.6052549,0 29.2598465300001,-19.6050300169999,0 29.261274498,-19.604869821,0 29.262773861,-19.604644433,0 29.2643156510001,-19.6044368399999,0 29.265669938,-19.604498314,0 29.2668002990001,-19.6045800369999,0 29.268817308,-19.6047269799999,0 29.2703227640001,-19.604707328,0 29.271665711,-19.604082371,0 29.2724877590001,-19.60336084,0 29.2732747040001,-19.6024802969999,0 29.274098418,-19.6015998689999,0 29.275166998,-19.6004128979999,0 29.276315497,-19.5992184369999,0 29.277320205,-19.59802124,0 29.2783724270001,-19.596917311,0 29.279112486,-19.5960905809999,0 29.279613297,-19.59559626,0 29.2807710140001,-19.594871703,0 29.2817903130001,-19.594308165,0 29.2827048980001,-19.5938173279999,0 29.2835926510001,-19.593279863,0 29.284361726,-19.592839102,0 29.284404344,-19.592787643,0 29.2849312210001,-19.592246044,0 29.285728318,-19.590759063,0 29.2862287240001,-19.5898629389999,0 29.2869096740001,-19.588408649,0 29.2868136050001,-19.5879928169999,0 29.2866395990001,-19.5872495089999,0 29.286648396,-19.586465909,0 29.286634486,-19.585641342,0 29.28659939,-19.584848822,0 29.2866566870001,-19.583814065,0 29.2865727430001,-19.583231548,0 29.286419568,-19.582879518,0 29.286375435,-19.582543471,0 29.2861852460001,-19.582275484,0 29.2860825590001,-19.5819629539999,0 29.285918246,-19.581802819,0 29.28564748,-19.581564869,0</coordinates></LineString></MultiGeometry>
  </Placemark>
  <Placemark>
	<name>T9</name>
	<Style><LineStyle><color>ff0000ff</color></LineStyle><PolyStyle><fill>0</fill></PolyStyle></Style>
	<ExtendedData><SchemaData schemaUrl="#SR_roads">
		<SimpleData name="tessellate">-1</SimpleData>
		<SimpleData name="extrude">0</SimpleData>
		<SimpleData name="visibility">-1</SimpleData>
	</SchemaData></ExtendedData>
      <MultiGeometry><LineString><coordinates>29.266083691,-19.6045174249999,0 29.2663578130001,-19.604960272,0 29.266512904,-19.605365317,0 29.26708381,-19.605954562,0 29.2698239400001,-19.608316026,0 29.2717209080001,-19.610046019,0 29.273269113,-19.611294135,0 29.274877922,-19.6127204049999,0 29.275259738,-19.613148252,0 29.2751344100001,-19.6132067459999,0 29.2751103570001,-19.613341358,0 29.2750227830001,-19.613533575,0 29.275116918,-19.613799344,0 29.275565785,-19.6149366989999,0 29.275905449,-19.6159466309999,0 29.2762038130001,-19.617074819,0 29.2762934560001,-19.6178901169999,0 29.2764627130001,-19.618729818,0 29.2771129720001,-19.6187478909999,0 29.2778118800001,-19.6186505809999,0 29.278240199,-19.6186682109999,0 29.2785491440001,-19.6186477649999,0 29.278806381,-19.6187430039999,0 29.278932341,-19.618914837,0 29.2791344280001,-19.619123101,0 29.2792823630001,-19.6192546189999,0 29.2793667810001,-19.619404295,0 29.280937984,-19.61846968,0 29.282168314,-19.617558672,0 29.2828132220001,-19.617069844,0 29.282973047,-19.616925383,0 29.283371894,-19.616737277,0 29.2841005380001,-19.616484037,0 29.2853000800001,-19.615911952,0 29.287017298,-19.614504606,0 29.289554095,-19.612247236,0 29.2901973100001,-19.611754498,0 29.290954803,-19.610895338,0 29.2912286710001,-19.610415772,0 29.2916114500001,-19.609997988,0 29.291740283,-19.609931447,0 29.291913427,-19.6101869389999,0 29.2922890070001,-19.610547564,0 29.2926912770001,-19.610937089,0 29.2931820050001,-19.611456868,0 29.2937504230001,-19.6121463539999,0 29.2941170010001,-19.6126198809999,0 29.2945352890001,-19.6131296569999,0 29.2948201,-19.6135800059999,0 29.2952597950001,-19.6143306719999,0 29.295651341,-19.614896886,0 29.295835153,-19.615544212,0 29.29670241,-19.6159481469999,0 29.2968578740001,-19.61610086,0 29.2972444430001,-19.6163735109999,0 29.297658345,-19.616598224,0 29.2979303380001,-19.61676159,0 29.2983157310001,-19.617012383,0 29.2988755490001,-19.6169673389999,0 29.299052605,-19.616893424,0 29.299332216,-19.61686451,0 29.299477535,-19.616791269,0 29.2998163720001,-19.616952506,0 29.300309333,-19.617096928,0 29.3006577410001,-19.617139707,0 29.3009173660001,-19.617139703,0 29.301050221,-19.6171700199999,0 29.3019644660001,-19.616632543,0 29.3028364640001,-19.616112766,0 29.303703511,-19.6155908709999,0 29.3041503900001,-19.615405111,0 29.304685951,-19.6154231409999,0 29.305308126,-19.615912959,0 29.3054995100001,-19.6162681979999,0 29.30574762,-19.616616237,0 29.305737385,-19.6170977269999,0 29.3060254270001,-19.617551396,0 29.3061656270001,-19.617780314,0 29.3062020200001,-19.618410798,0 29.3064062880001,-19.6189744379999,0 29.3064588040001,-19.619340474,0 29.306563795,-19.619766695,0 29.306242153,-19.6204288669999,0 29.3060874300001,-19.620942208,0 29.305877923,-19.621276199,0 29.3057690390001,-19.6216845769999,0 29.3056016460001,-19.622083421,0 29.3054643300001,-19.622770123,0 29.305259511,-19.623340237,0 29.305109481,-19.623848847,0 29.304797181,-19.6243578149999,0 29.304647512,-19.6246888169999,0 29.304637272,-19.6249187289999,0 29.304770803,-19.625668962,0 29.304806926,-19.626161907,0 29.304727853,-19.626529701,0 29.3047918630001,-19.6273070939999,0 29.3048955870001,-19.6276802739999,0 29.3050314820001,-19.6284084159999,0 29.305103865,-19.6290171979999,0 29.3050512740001,-19.62962055,0 29.304971712,-19.6301748619999,0 29.305001723,-19.630602139,0 29.3052095570001,-19.630988825,0 29.305483904,-19.631381059,0 29.3055118280001,-19.631706127,0 29.3055829240001,-19.632053584,0 29.3057342160001,-19.632053082,0 29.3067051650001,-19.6316519179999,0 29.307471005,-19.6312236479999,0 29.307844448,-19.6306067249999,0 29.308095048,-19.629659002,0 29.30852213,-19.628650439,0 29.309351125,-19.627744312,0 29.3107903980001,-19.626152142,0 29.3116845700001,-19.6248260049999,0 29.311953632,-19.624648747,0 29.312264859,-19.6242415849999,0 29.312269374,-19.623960019,0 29.3124110580001,-19.623474228,0 29.3126981620001,-19.6231628049999,0 29.3131918980001,-19.622891151,0 29.3138254290001,-19.6224189669999,0 29.314326065,-19.6219731379999,0 29.3146781890001,-19.621547837,0 29.3149371800001,-19.62078653,0 29.3151322320001,-19.620075769,0 29.3153035600001,-19.619536582,0 29.3151688260001,-19.619161988,0 29.314912968,-19.6188395569999,0 29.314763681,-19.618557807,0 29.314717914,-19.61835603,0 29.3147735420001,-19.6182723709999,0 29.3147860120001,-19.6181877619999,0 29.314793125,-19.6180964609999,0 29.3148457310001,-19.6180211189999,0 29.314910266,-19.617971387,0 29.3149196890001,-19.6179558969999,0 29.3149769980001,-19.617912955,0 29.315017352,-19.6178412209999,0</coordinates></LineString></MultiGeometry>
  </Placemark>
  <Placemark>
	<name>T10</name>
	<Style><LineStyle><color>ff0000ff</color></LineStyle><PolyStyle><fill>0</fill></PolyStyle></Style>
	<ExtendedData><SchemaData schemaUrl="#SR_roads">
		<SimpleData name="tessellate">-1</SimpleData>
		<SimpleData name="extrude">0</SimpleData>
		<SimpleData name="visibility">-1</SimpleData>
	</SchemaData></ExtendedData>
      <MultiGeometry><LineString><coordinates>29.253161108,-19.663291805,0 29.2532254610001,-19.663310438,0 29.2533466040001,-19.6632998219999,0 29.253482037,-19.663298659,0 29.2536635750001,-19.6632680929999,0 29.2538089730001,-19.663182785,0 29.2539757070001,-19.663125376,0 29.25408142,-19.663051496,0 29.2541509480001,-19.662981321,0 29.2541881250001,-19.6629096419999,0 29.2536999280001,-19.661924572,0 29.253647604,-19.66161163,0 29.253768241,-19.6613919869999,0 29.2549999120001,-19.660447154,0 29.255777515,-19.6599293699999,0 29.256304125,-19.6595638479999,0 29.2568135540001,-19.659240622,0 29.257926619,-19.658561362,0 29.2585638350001,-19.658132794,0 29.2591487440001,-19.65775331,0 29.2596937370001,-19.6574331089999,0 29.2600399670001,-19.65718815,0 29.2604738800001,-19.656624198,0 29.260857093,-19.656196294,0 29.261159736,-19.6558084659999,0 29.261515379,-19.655374341,0 29.261798011,-19.6549779869999,0 29.262100811,-19.6546197069999,0 29.26247131,-19.654336849,0 29.2636584430001,-19.653379182,0 29.2643728200001,-19.6528831809999,0 29.2653895380001,-19.6521825999999,0 29.2661311960001,-19.651598393,0 29.2666478800001,-19.6512052849999,0 29.26703107,-19.650908139,0 29.267516344,-19.6505044359999,0 29.2679929,-19.649962801,0 29.268373464,-19.6495391739999,0 29.2686444190001,-19.6493334689999,0 29.268848475,-19.6492041669999,0 29.2688701210001,-19.6491697119999,0 29.2691189650001,-19.6489372039999,0 29.2691560690001,-19.648861094,0 29.269281392,-19.6486066219999,0 29.2692923390001,-19.648548911,0 29.269325828,-19.6484387689999,0 29.2698824030001,-19.6480042379999,0 29.270278493,-19.647751101,0 29.270421309,-19.647600068,0 29.270638639,-19.647645961,0 29.270845976,-19.647535634,0 29.270968596,-19.647429761,0 29.271041166,-19.647329359,0 29.2710833590001,-19.647254421,0 29.2714448100001,-19.6470988039999,0 29.2716852820001,-19.6468909659999,0 29.2720266550001,-19.646742457,0 29.272291338,-19.646603365,0 29.2739357950001,-19.6459243649999,0 29.2739667120001,-19.6457022779999,0 29.2742217660001,-19.645420187,0 29.2746424760001,-19.6452362389999,0 29.2753890020001,-19.644874316,0 29.2757224900001,-19.644810003,0 29.276343167,-19.645317946,0 29.2771935370001,-19.6458025549999,0 29.278070972,-19.64629566,0 29.278590764,-19.646527627,0 29.279270441,-19.646902385,0 29.281364481,-19.6481170879999,0 29.283043652,-19.649048888,0 29.2844468210001,-19.649866688,0 29.2852686870001,-19.650335538,0 29.2866001350001,-19.6511436159999,0 29.2875948500001,-19.6516366609999,0 29.2886178300001,-19.6521371979999,0 29.2894393990001,-19.652612915,0 29.2910228020001,-19.653531726,0 29.292193588,-19.654286972,0 29.2936536410001,-19.6551945859999,0 29.2947441260001,-19.6558650169999,0 29.29558172,-19.656490687,0 29.2967248530001,-19.65725121,0 29.297493419,-19.6579091209999,0 29.2985763660001,-19.659007657,0 29.2992588180001,-19.6603705119999,0 29.302104252,-19.6621190769999,0 29.303361357,-19.663247612,0 29.3036738100001,-19.6635202159999,0 29.3037583170001,-19.663824782,0 29.3037078300001,-19.6641783609999,0 29.3036981860001,-19.664721047,0 29.303432362,-19.66547854,0 29.3032081480001,-19.6661147039999,0 29.303051112,-19.6667522009999,0 29.3029426050001,-19.6669477999999,0 29.303022701,-19.667583715,0 29.303540893,-19.6683676669999,0 29.3041142870001,-19.6693288819999,0 29.3047524410001,-19.670657295,0 29.3051598240001,-19.67149821,0 29.3051883300001,-19.671846629,0 29.305417181,-19.672153099,0 29.305660167,-19.6726141959999,0 29.305664264,-19.6728053359999,0 29.3055283140001,-19.6731607289999,0 29.30510772,-19.673806358,0 29.3046339220001,-19.6745536239999,0 29.3042938800001,-19.6750858529999,0 29.303886823,-19.6758362489999,0 29.3037722870001,-19.676220881,0 29.303607648,-19.676626347,0 29.303582619,-19.6772487979999,0 29.303618328,-19.6776075669999,0 29.303638945,-19.678877391,0 29.3036692320001,-19.6794007829999,0 29.3036184500001,-19.6799485979999,0 29.303481424,-19.6803282019999,0 29.303394887,-19.680749088,0 29.303535219,-19.681275139,0 29.304369208,-19.6822754899999,0 29.3052343310001,-19.6834456,0 29.306002834,-19.6841432379999,0 29.3072104120001,-19.6849043559999,0 29.3079812450001,-19.6851012019999,0 29.3093767120001,-19.6855477579999,0 29.310831847,-19.686133351,0 29.311906274,-19.686685762,0 29.312804332,-19.68697223,0 29.313661013,-19.687100893,0 29.314484771,-19.6870816699999,0 29.3149204750001,-19.687495203,0 29.3151905,-19.6882138619999,0 29.31550636,-19.688974446,0 29.3157662400001,-19.6897475829999,0 29.315788312,-19.690390814,0 29.3156314890001,-19.690867938,0 29.3150069100001,-19.691078172,0 29.314317552,-19.691419125,0 29.313637601,-19.69213396,0 29.3132681430001,-19.692988703,0 29.313096262,-19.693715507,0 29.313045447,-19.6947287509999,0 29.3124442330001,-19.69539773,0 29.312090116,-19.69576889,0 29.3112546450001,-19.6963858849999,0 29.31018814,-19.6977308639999,0 29.309338939,-19.6987829089999,0 29.3087990710001,-19.7000192359999,0 29.3084364850001,-19.7008837409999,0 29.3083865890001,-19.7012747869999,0 29.308567141,-19.7014801129999,0 29.308784159,-19.701731722,0 29.3101047880001,-19.702018743,0 29.311470114,-19.702301059,0 29.312514187,-19.702614933,0 29.3128242810001,-19.702722969,0 29.313271254,-19.7026572899999,0 29.313944534,-19.7022520699999,0 29.314650612,-19.701761016,0 29.314946591,-19.7015698339999,0 29.3152557110001,-19.701585031,0 29.315521527,-19.7016685629999,0 29.3160343100001,-19.701699118,0 29.316648835,-19.701845829,0 29.3175298170001,-19.7019986289999,0 29.318669344,-19.7028327689999,0 29.319577891,-19.7034920989999,0 29.320585405,-19.7041758409999,0 29.3207729920001,-19.7051354669999,0 29.320895767,-19.706083113,0 29.3210707490001,-19.7070209849999,0 29.321532334,-19.7074227049999,0 29.322114847,-19.707779893,0 29.3232011150001,-19.7079276329999,0 29.3237655190001,-19.7079553479999,0 29.324405188,-19.7083710819999,0 29.325192488,-19.708815295,0 29.3256494130001,-19.709158944,0</coordinates></LineString></MultiGeometry>
  </Placemark>
  <Placemark>
	<name>T4</name>
	<Style><LineStyle><color>ff0000ff</color></LineStyle><PolyStyle><fill>0</fill></PolyStyle></Style>
	<ExtendedData><SchemaData schemaUrl="#SR_roads">
		<SimpleData name="tessellate">-1</SimpleData>
		<SimpleData name="extrude">0</SimpleData>
		<SimpleData name="visibility">-1</SimpleData>
	</SchemaData></ExtendedData>
      <MultiGeometry><LineString><coordinates>29.1843274420001,-19.5286452739999,0 29.18430686,-19.528765205,0 29.1841409800001,-19.5291899069999,0 29.183842139,-19.530135542,0 29.183642209,-19.530811345,0 29.1835187510001,-19.531121318,0 29.183520071,-19.5314458729999,0 29.183533062,-19.5314519369999,0 29.1835088010001,-19.531837999,0 29.1836071940001,-19.532490622,0 29.183668891,-19.533058293,0 29.183784245,-19.5340873019999,0 29.183884791,-19.5349297019999,0 29.184027723,-19.535708359,0 29.18415134,-19.5361339359999,0 29.184881982,-19.537592547,0 29.185472205,-19.538668373,0 29.185835178,-19.539157862,0 29.1869907070001,-19.540645242,0 29.1878293030001,-19.541715105,0 29.188079826,-19.542180705,0 29.188419674,-19.5428343369999,0 29.1886643200001,-19.543286091,0 29.188878303,-19.54404656,0 29.189047037,-19.5445800649999,0 29.1891692570001,-19.545035163,0 29.1892879860001,-19.545352936,0 29.18950562,-19.545581672,0 29.1896116550001,-19.545820072,0 29.189802804,-19.546726368,0 29.189921013,-19.5474489329999,0 29.1900365840001,-19.548419663,0 29.19001508,-19.549656985,0 29.1899562770001,-19.550608409,0 29.1898759580001,-19.5517856389999,0 29.189940124,-19.5521782279999,0 29.1900075490001,-19.552622195,0 29.1901331830001,-19.553125351,0 29.1903744860001,-19.554239427,0 29.1906011450001,-19.555300621,0 29.1905878060001,-19.5556390959999,0 29.190445635,-19.5571901859999,0 29.1904443390001,-19.5579533879999,0 29.1904268800001,-19.55880781,0 29.190490406,-19.5593114869999,0 29.1907035830001,-19.559855225,0 29.191079812,-19.5604621869999,0 29.191750864,-19.5611387119999,0 29.1923511050001,-19.561633275,0 29.1926520150001,-19.5618845459999,0 29.193250634,-19.5632549279999,0 29.1937572050001,-19.564539782,0 29.1940236840001,-19.565243263,0 29.1940606140001,-19.565608588,0 29.194017901,-19.566158,0 29.1939653420001,-19.566665405,0 29.1936649560001,-19.567685522,0 29.193487707,-19.5683738659999,0 29.1930815110001,-19.569367773,0 29.1927945840001,-19.5697943989999,0 29.192084232,-19.570877261,0 29.1917356390001,-19.57138377,0 29.1914259210001,-19.5718453449999,0 29.191222263,-19.5722659369999,0 29.191017086,-19.5727062839999,0 29.190842522,-19.573254096,0 29.1904173680001,-19.574779582,0 29.190208157,-19.5760449699999,0 29.1900029980001,-19.576829244,0 29.1898925780001,-19.57726666,0 29.1897013630001,-19.5777395609999,0 29.1895348360001,-19.578080105,0 29.189095415,-19.5784728959999,0 29.1887656050001,-19.579067487,0 29.1883189530001,-19.579976321,0 29.1881681260001,-19.580390016,0 29.1879573420001,-19.5811572989999,0 29.1876255970001,-19.5825135269999,0 29.1873216540001,-19.5834944609999,0 29.1870558960001,-19.584351289,0 29.1868040910001,-19.585126433,0 29.18672222,-19.58659742,0 29.1867374360001,-19.5874467249999,0 29.1869403060001,-19.588357712,0 29.187211234,-19.589067671,0 29.1875303520001,-19.589693241,0 29.187878561,-19.5904020099999,0 29.188388777,-19.5913508369999,0 29.1888575800001,-19.592172772,0 29.1892193890001,-19.592663444,0 29.1896117360001,-19.592788174,0 29.1899710110001,-19.5933599329999,0 29.190301575,-19.5939510269999,0 29.190492825,-19.594271878,0 29.1911478800001,-19.595669959,0 29.191692985,-19.596588556,0 29.1918657570001,-19.596996132,0 29.1923035860001,-19.598010528,0 29.192534862,-19.598914468,0 29.1926410400001,-19.5992577339999,0 29.192632734,-19.600054626,0 29.192710296,-19.600619372,0 29.1925247770001,-19.601180407,0 29.1923104860001,-19.601711657,0 29.1919858650001,-19.602485209,0 29.1917812880001,-19.60305707,0 29.191602942,-19.6036084789999,0 29.1914452010001,-19.6045488899999,0 29.1913734870001,-19.605223135,0 29.191367227,-19.6054942269999,0 29.1914761730001,-19.605940263,0 29.191675439,-19.606314846,0 29.1920266700001,-19.606675851,0 29.1926274160001,-19.60697156,0 29.194284399,-19.607531867,0 29.1956080840001,-19.6080092079999,0 29.1967338580001,-19.6084925499999,0 29.19786184,-19.6090393649999,0 29.198581623,-19.60941592,0 29.1991882250001,-19.609805932,0 29.199611092,-19.6103645439999,0 29.2001558150001,-19.611293797,0 29.200350649,-19.611676549,0 29.200625044,-19.6121373739999,0 29.2011053650001,-19.6129453399999,0 29.2013385830001,-19.6135749489999,0 29.2017424160001,-19.6147563499999,0 29.2018671620001,-19.615482248,0 29.201952782,-19.6167043899999,0 29.2020547540001,-19.6173984719999,0 29.2020903980001,-19.6177318389999,0 29.2022600650001,-19.6179200079999,0 29.2023563720001,-19.617989626,0 29.202734018,-19.618231412,0 29.2031299970001,-19.618831428,0 29.203363411,-19.619394169,0 29.203597007,-19.619710367,0 29.2040871170001,-19.620975244,0 29.204727549,-19.6224795439999,0 29.205473541,-19.623862872,0 29.205937131,-19.624828995,0 29.2069745640001,-19.626795882,0 29.2079097170001,-19.628603923,0 29.208822965,-19.6304716239999,0 29.2099532130001,-19.632566426,0 29.2107557860001,-19.633860194,0 29.21136698,-19.6348953359999,0 29.2122150050001,-19.635956958,0 29.2129344100001,-19.636732503,0 29.2139342100001,-19.6378587849999,0 29.214862116,-19.638738654,0 29.2156199890001,-19.6394570639999,0 29.2160157500001,-19.6396959159999,0 29.216075131,-19.6396957869999,0 29.2164938440001,-19.639869979,0 29.217282488,-19.639789895,0 29.218219396,-19.639779806,0 29.21925795,-19.639866184,0 29.2201739230001,-19.639975383,0 29.222578432,-19.6402842219999,0 29.2244936270001,-19.640451293,0 29.226606151,-19.6405722219999,0 29.228303543,-19.640535042,0 29.22901245,-19.640516818,0 29.2295903940001,-19.640727866,0 29.2299870440001,-19.640952345,0 29.2303175390001,-19.6412672929999,0 29.2303257770001,-19.641283772,0 29.230599526,-19.641683257,0 29.231147149,-19.642187742,0 29.2316212130001,-19.642746824,0 29.231668364,-19.6428394499999,0 29.23213774,-19.643319555,0 29.23261827,-19.643643513,0 29.233402078,-19.644182674,0 29.234671249,-19.644948024,0 29.2356604430001,-19.6455104409999,0 29.2365955180001,-19.64606505,0 29.237207067,-19.6464021299999,0 29.2380258580001,-19.646861283,0 29.238947107,-19.6474240969999,0 29.2392233520001,-19.647654443,0 29.2398497560001,-19.6481382609999,0 29.240292369,-19.6485781709999,0 29.241017915,-19.649318614,0 29.2417832740001,-19.650232539,0 29.2419247330001,-19.650496339,0 29.2424474220001,-19.651360557,0 29.2429372940001,-19.6519052999999,0 29.2432124800001,-19.6522052979999,0 29.2441121040001,-19.6529572609999,0 29.2444690690001,-19.653265451,0 29.2447732970001,-19.6537948819999,0 29.2451246220001,-19.65422321,0 29.245974453,-19.654998915,0 29.2468159090001,-19.6558618619999,0 29.2469871700001,-19.6560220169999,0 29.2473620770001,-19.6565175499999,0 29.247530845,-19.6568125919999,0 29.2476750210001,-19.657439729,0 29.2478734260001,-19.657893725,0 29.24835266,-19.658458819,0 29.2488688670001,-19.658824011,0 29.249228778,-19.6590805889999,0 29.24949268,-19.6592775469999,0 29.2497846420001,-19.6595081689999,0 29.250267971,-19.659981026,0 29.250635366,-19.660331426,0 29.251159101,-19.660822391,0 29.2519800970001,-19.661581181,0 29.252338778,-19.6619954239999,0 29.2527226930001,-19.6624487729999,0 29.252957068,-19.662873614,0 29.253139011,-19.663225735,0 29.25316953,-19.663309323,0 29.253214416,-19.663397554,0 29.253283443,-19.66351577,0</coordinates></LineString></MultiGeometry>
  </Placemark>
  <Placemark>
	<name>T6</name>
	<Style><LineStyle><color>ff0000ff</color></LineStyle><PolyStyle><fill>0</fill></PolyStyle></Style>
	<ExtendedData><SchemaData schemaUrl="#SR_roads">
		<SimpleData name="tessellate">-1</SimpleData>
		<SimpleData name="extrude">0</SimpleData>
		<SimpleData name="visibility">-1</SimpleData>
	</SchemaData></ExtendedData>
      <MultiGeometry><LineString><coordinates>29.2071969890001,-19.6272600099999,0 29.207103864,-19.6271544379999,0 29.20687379,-19.6269010949999,0 29.206520455,-19.626528551,0 29.206485678,-19.626486799,0 29.206246891,-19.626306697,0 29.2060232610001,-19.6261046299999,0 29.205733264,-19.625948176,0 29.205281078,-19.625796443,0 29.204971878,-19.625658949,0 29.204743632,-19.6256504419999,0 29.204454652,-19.6256745439999,0 29.204063182,-19.6257547449999,0 29.2035427180001,-19.625834895,0 29.2031144520001,-19.625850891,0 29.202789583,-19.6259807869999,0 29.2026119830001,-19.626158892,0 29.2024536960001,-19.626408405,0 29.2022802020001,-19.626640277,0 29.202098248,-19.626783307,0 29.2013774220001,-19.626990527,0 29.201076234,-19.627130402,0 29.2008186900001,-19.6272464539999,0 29.200580868,-19.62746909,0 29.200038562,-19.627709782,0 29.1997237630001,-19.627823172,0 29.1992928930001,-19.628112238,0 29.1987660550001,-19.6283666729999,0 29.1985192240001,-19.6285787409999,0 29.19799721,-19.629114689,0 29.1975596910001,-19.629406418,0 29.1971295870001,-19.629746719,0 29.1963715360001,-19.630410772,0 29.195884777,-19.630897287,0 29.1955369240001,-19.631183771,0 29.1953479410001,-19.6314698139999,0 29.195018873,-19.631729933,0 29.1947427640001,-19.631995345,0 29.1943541490001,-19.632349723,0 29.194429267,-19.63236717,0 29.1939983120001,-19.6326857029999,0 29.193895861,-19.6327297669999,0 29.1935005630001,-19.633225303,0 29.1933111770001,-19.633533556,0 29.193111824,-19.633860624,0 29.192335589,-19.634385182,0 29.191593547,-19.6351202399999,0 29.1911034460001,-19.6355186549999,0 29.190836254,-19.6358210829999,0 29.190619629,-19.6360845,0 29.1897901290001,-19.636810785,0 29.189236086,-19.6372215769999,0 29.1881355400001,-19.638221227,0 29.1870459960001,-19.63928089,0 29.1865633510001,-19.639750359,0 29.1861332830001,-19.6399659379999,0 29.185706667,-19.6402648229999,0 29.1852230040001,-19.6405675309999,0 29.1838621340001,-19.641310279,0 29.1835261620001,-19.641567906,0 29.182418984,-19.642439296,0 29.181673897,-19.6429852849999,0 29.1809920330001,-19.643494339,0 29.1806678190001,-19.6441237079999,0 29.1802358800001,-19.6449560579999,0 29.1798668800001,-19.6455854,0 29.179579742,-19.64596252,0 29.178971539,-19.6472347499999,0 29.178400105,-19.648750101,0 29.1783400940001,-19.6495474829999,0 29.1782352870001,-19.6506260039999,0 29.177670044,-19.651979468,0 29.177061232,-19.6526840829999,0 29.176491964,-19.6529281009999,0 29.176288796,-19.6530557209999,0 29.1759860840001,-19.653314345,0 29.1754968670001,-19.653746968,0 29.174653084,-19.654165356,0 29.17397816,-19.654851359,0 29.173240521,-19.6553142669999,0 29.172492715,-19.655927305,0 29.171855029,-19.6564369009999,0 29.1709771320001,-19.65709609,0 29.170379403,-19.65761719,0 29.1696644250001,-19.6579710409999,0 29.1690924490001,-19.658144528,0 29.168608826,-19.658235592,0 29.168187409,-19.6582121019999,0 29.1679760960001,-19.658147243,0 29.167940909,-19.658147364,0 29.167835325,-19.658147718,0 29.167747788,-19.658180693,0 29.1676867780001,-19.658221753,0 29.1676264720001,-19.6583117449999,0 29.1672646050001,-19.658669731,0 29.1662488200001,-19.659658108,0 29.1658006920001,-19.6599649939999,0 29.1652757870001,-19.660262104,0 29.163189257,-19.6604734269999,0 29.162823656,-19.660491476,0 29.1626987730001,-19.660508583,0 29.162539361,-19.660617251,0 29.162308518,-19.6607010989999,0 29.1620775760001,-19.6607515869999,0 29.161768995,-19.6608940639999,0 29.1615845050001,-19.6611205889999,0 29.1613380480001,-19.661293837,0 29.1610929,-19.661500389,0 29.160740694,-19.661697419,0 29.1603999110001,-19.661944142,0 29.159347981,-19.662903195,0 29.1589925270001,-19.663257761,0 29.1589270290001,-19.663512419,0 29.1587985940001,-19.6637641139999,0 29.158688842,-19.663989143,0 29.1586614080001,-19.6643073449999,0 29.158517381,-19.6650625619999,0 29.1585096090001,-19.665753606,0 29.1583305260001,-19.6660860219999,0 29.157859225,-19.6665017889999,0 29.1569385010001,-19.667405463,0 29.156027133,-19.668572975,0 29.155383709,-19.6693598099999,0 29.1552447710001,-19.669739083,0 29.1550612820001,-19.670232217,0 29.154853084,-19.670567521,0 29.1549190420001,-19.67155489,0 29.1549192580001,-19.6715905729999,0 29.155199313,-19.6720031949999,0 29.155934447,-19.6725068209999,0 29.156709144,-19.672992134,0 29.1574732490001,-19.673384953,0 29.158808204,-19.6744600009999,0 29.1610114550001,-19.675979652,0 29.1609979030001,-19.67613849,0 29.1609774180001,-19.6762301379999,0 29.1616961010001,-19.6764676389999,0 29.1619545230001,-19.676621826,0 29.16176131,-19.6773321539999,0 29.161625848,-19.678282561,0 29.161491959,-19.678305919,0 29.161268673,-19.6785927249999,0 29.1610655970001,-19.6789139119999,0 29.160938399,-19.6792118709999,0 29.16025195,-19.6801631919999,0 29.1598167700001,-19.681046285,0 29.1594908910001,-19.6814934349999,0 29.1587020640001,-19.6822572189999,0 29.1583507360001,-19.6826863649999,0 29.1581505350001,-19.683319108,0 29.157629453,-19.683987201,0 29.15813824,-19.6842564839999,0 29.1581595920001,-19.6851839939999,0 29.15824812,-19.685494306,0 29.1581536530001,-19.685708797,0 29.1580424630001,-19.686357554,0 29.158172369,-19.6868108429999,0 29.1583100530001,-19.687240269,0 29.158403096,-19.687312279,0 29.157574288,-19.6876357799999,0 29.156950086,-19.6878694279999,0 29.1564849800001,-19.687984667,0 29.1563488630001,-19.6880428479999,0 29.1561860750001,-19.6881610259999,0 29.1559540490001,-19.6882640269999,0 29.1556543950001,-19.6884009469999,0 29.155628499,-19.6884044779999,0 29.1553456040001,-19.688481172,0 29.154849616,-19.688722436,0 29.1545506150001,-19.688819085,0 29.1542650820001,-19.688900789,0 29.153649016,-19.689055692,0 29.152974488,-19.68945761,0 29.151849392,-19.689916017,0 29.151125674,-19.690156013,0 29.150521219,-19.69044701,0 29.149965497,-19.6905248589999,0 29.149798253,-19.6906473949999,0 29.1495987640001,-19.6906964089999,0 29.1494370780001,-19.690769345,0 29.149190875,-19.690797443,0 29.1485573940001,-19.69100053,0 29.148250956,-19.691118364,0 29.1469406270001,-19.691664048,0 29.146453665,-19.691892406,0 29.146159158,-19.691914005,0 29.1458477390001,-19.692019499,0 29.1454505730001,-19.6922359939999,0 29.14536975,-19.6924043989999,0 29.1451238940001,-19.6925176899999,0 29.1444344940001,-19.6928976679999,0 29.1438754750001,-19.6931171539999,0 29.14298983,-19.6934518329999,0 29.141841857,-19.6939349159999,0 29.140569347,-19.69443086,0 29.139250715,-19.694964055,0 29.137764858,-19.695568299,0 29.1368323300001,-19.695841829,0 29.136725184,-19.6958998759999,0 29.1365229620001,-19.696082943,0 29.1361626560001,-19.6962266629999,0 29.1354312560001,-19.6964786689999,0 29.1351882820001,-19.6965499239999,0 29.1346233620001,-19.696849103,0 29.134615717,-19.696837903,0 29.1344310000001,-19.6968342979999,0 29.134316153,-19.696923974,0 29.134100216,-19.697013361,0 29.1333579980001,-19.6973067969999,0 29.131532146,-19.6980828439999,0 29.1297276330001,-19.6987728149999,0 29.1286060520001,-19.69923677,0 29.126981538,-19.699889812,0 29.125387435,-19.700507891,0 29.1250457130001,-19.70064787,0 29.124910661,-19.700659661,0 29.1236314180001,-19.7002284919999,0 29.123036547,-19.7000082489999,0 29.122774628,-19.699854052,0 29.122438194,-19.699574549,0 29.122298868,-19.699396836,0 29.1221744060001,-19.699307188,0 29.1220491,-19.69929953,0 29.121936007,-19.6992839929999,0 29.1219149570001,-19.6992682809999,0 29.121851851,-19.699252572,0 29.121759373,-19.699256621,0 29.1216927050001,-19.69930405,0 29.1216538530001,-19.699244867,0 29.1216537880001,-19.699240909,0 29.121640859,-19.699225073,0 29.1215936440001,-19.6991853929999,0 29.121567833,-19.6991654889999,0 29.121550428,-19.6991455309999,0 29.121485839,-19.6991094979999,0 29.12133993,-19.699239238,0 29.1211852640001,-19.699297886,0 29.121077083,-19.69933678,0 29.1209431550001,-19.699417538,0 29.120883787,-19.699456901,0 29.1208725050001,-19.6997037729999,0 29.120845649,-19.699762848,0 29.1208967740001,-19.6999104729999,0 29.120838131,-19.69998136,0 29.1207182050001,-19.7000003049999,0 29.1203571510001,-19.7000113459999,0 29.1199916300001,-19.6999706309999,0 29.119727934,-19.699993149,0 29.11934754,-19.7002050729999,0 29.1191078820001,-19.7003268779999,0 29.1187176940001,-19.70054707,0 29.118571429,-19.7006339619999,0 29.118432563,-19.700732726,0 29.118256758,-19.7007400269999,0 29.1181489090001,-19.7007641869999,0 29.11794809,-19.700892605,0 29.117834523,-19.701018145,0 29.1177626890001,-19.701263264,0 29.11775943,-19.7013661729999,0 29.117630187,-19.7015348379999,0 29.117515903,-19.70171984,0 29.1174135260001,-19.7018075559999,0 29.117357701,-19.70193033,0 29.1173241750001,-19.7020124529999,0 29.11743934,-19.7022381959999,0 29.1174389180001,-19.702399871,0 29.1174140040001,-19.702484669,0 29.117353516,-19.702543437,0 29.1171308890001,-19.7026530469999,0 29.1169607960001,-19.702713128,0 29.1167217660001,-19.702975856,0 29.116482853,-19.7031690479999,0 29.116363084,-19.7032858279999,0 29.1162237040001,-19.703557363,0 29.116020377,-19.703890094,0 29.115825471,-19.7040079029999,0 29.1157047610001,-19.704150768,0 29.115563111,-19.7042740909999,0 29.1154845830001,-19.7043949179999,0 29.115336063,-19.704533963,0 29.1151602730001,-19.7046249119999,0 29.114838116,-19.704761306,0 29.1145402650001,-19.704884114,0 29.114092112,-19.705034677,0 29.113313657,-19.705351976,0 29.1129334560001,-19.705550936,0 29.112770109,-19.7055674439999,0 29.112578279,-19.705466331,0 29.112403503,-19.705356813,0 29.112238969,-19.705291151,0 29.112157123,-19.7052818549999,0 29.1120961180001,-19.70528955,0 29.112090606,-19.705291024,0 29.1120117920001,-19.70532272,0 29.11195751,-19.705350799,0 29.111682702,-19.705481667,0 29.1114699890001,-19.7055363959999,0 29.1113672320001,-19.70570485,0 29.111305767,-19.705870112,0 29.1112539860001,-19.7060760649999,0 29.1109912320001,-19.706236163,0 29.110859083,-19.7062557849999,0 29.1107858950001,-19.706290451,0 29.1105192710001,-19.7064038719999,0 29.1102999280001,-19.706566548,0 29.1099066400001,-19.7066910789999,0 29.1095598840001,-19.7067391059999,0 29.109359361,-19.70673721,0 29.1090343460001,-19.706759995,0 29.108718376,-19.706879322,0 29.1084620090001,-19.7069910179999,0 29.1080614170001,-19.707213214,0 29.1076960990001,-19.707384415,0 29.1073007330001,-19.7076089329999,0 29.107072619,-19.707702845,0 29.106941432,-19.707805202,0 29.106821931,-19.707796393,0 29.10665032,-19.707836943,0 29.1062562140001,-19.70790685,0 29.106103857,-19.7079852709999,0 29.1058189990001,-19.7081323739999,0 29.105721052,-19.7082388179999,0 29.105709704,-19.7082389129999,0 29.1056471040001,-19.7082889229999,0 29.105606761,-19.708254468,0 29.1056022780001,-19.7082522659999,0 29.105597779,-19.7082500559999,0 29.105543589,-19.7081990089999,0 29.105533914,-19.7081929779999,0 29.105475321,-19.708167599,0 29.10524503,-19.7081457429999,0 29.1050305100001,-19.7082389769999,0 29.104606393,-19.708051347,0 29.104389138,-19.7079145069999,0 29.104189854,-19.7079122439999,0 29.1040030670001,-19.7079208989999,0 29.1037987390001,-19.7078435769999,0 29.1035270490001,-19.707672018,0 29.1033068030001,-19.7074972959999,0 29.10307142,-19.707274114,0 29.1027402980001,-19.7070121699999,0 29.102591332,-19.706943477,0 29.1023479270001,-19.706876446,0 29.1021563730001,-19.706863166,0 29.1018769840001,-19.706835666,0 29.101771828,-19.706767327,0 29.1016753880001,-19.706761134,0 29.1015842360001,-19.706742854,0 29.1015147530001,-19.706697405,0 29.1013660520001,-19.7066495519999,0 29.101269976,-19.7066068309999,0 29.1012278170001,-19.70650274,0 29.101226497,-19.7064957119999,0 29.101169536,-19.7064211429999,0 29.101094383,-19.7063588689999,0 29.1009913710001,-19.70629079,0 29.1007641580001,-19.706435996,0 29.100670149,-19.7064432449999,0 29.1004900770001,-19.706452896,0 29.1001949280001,-19.706390663,0 29.09991897,-19.706326039,0 29.0995383660001,-19.7063185169999,0 29.0992837100001,-19.706319473,0 29.098972125,-19.706260953,0 29.098722292,-19.706257142,0 29.0983193540001,-19.7062525579999,0 29.097971462,-19.706139904,0 29.0976153890001,-19.7059964599999,0 29.097366064,-19.705965406,0 29.0969168720001,-19.705891946,0 29.096754338,-19.70573509,0 29.096648674,-19.7056375299999,0 29.0965484290001,-19.705589586,0 29.096280132,-19.7054722419999,0 29.095890883,-19.705338157,0 29.095562774,-19.705179178,0 29.095141144,-19.7048460089999,0 29.0949474760001,-19.7047143799999,0 29.094800641,-19.7046802429999,0 29.094619288,-19.704549847,0 29.0944234690001,-19.7043717869999,0 29.0940765940001,-19.7040044199999,0 29.093551608,-19.7035420309999,0 29.093178353,-19.703258337,0 29.092854854,-19.7028832019999,0 29.092739954,-19.7028358479999,0 29.0923459540001,-19.702528656,0 29.0920834110001,-19.702297393,0 29.0919396520001,-19.70219729,0 29.0918288340001,-19.702160369,0 29.0917056530001,-19.7021028259999,0 29.0913299200001,-19.7018281219999,0 29.0911425650001,-19.701602173,0 29.0909358920001,-19.7013226089999,0 29.0908401110001,-19.701235765,0 29.0906325330001,-19.701099999,0 29.090494963,-19.701096901,0 29.0903717030001,-19.7010599599999,0 29.0902451700001,-19.701000845,0 29.0900458610001,-19.7007982589999,0 29.089974834,-19.70065291,0 29.089896437,-19.700533607,0 29.0896067680001,-19.700199439,0 29.0894321380001,-19.699974007,0 29.0893209550001,-19.699861584,0 29.0891825950001,-19.6997815789999,0 29.089048452,-19.6997210449999,0 29.0887931550001,-19.699521357,0 29.088697301,-19.699410885,0 29.0885933100001,-19.699201611,0 29.0883464710001,-19.699148,0 29.088171538,-19.6990437879999,0 29.0880022710001,-19.698859092,0 29.0877472300001,-19.698513563,0 29.087527988,-19.698286142,0 29.087276843,-19.698104868,0 29.08729313,-19.697973336,0 29.0873032230001,-19.697827204,0 29.087265847,-19.6977600289999,0 29.087181969,-19.697714671,0 29.087097441,-19.6976680179999,0 29.087021517,-19.6976366239999,0 29.086946093,-19.697595287,0 29.0869363470001,-19.697579951,0 29.08681799,-19.6974719139999,0 29.0866644650001,-19.697388393,0 29.086533194,-19.6973649139999,0 29.08638705,-19.697171188,0 29.0863079590001,-19.696987146,0 29.086109831,-19.696969286,0 29.0858904070001,-19.6969355309999,0 29.085800856,-19.696727455,0 29.0857254840001,-19.6965866649999,0 29.085552218,-19.6965216719999,0 29.0854704920001,-19.6964745,0 29.0854238540001,-19.696457478,0 29.085316129,-19.696488487,0 29.0852052880001,-19.696403591,0 29.0850819930001,-19.696297075,0 29.084527898,-19.695792764,0 29.084291729,-19.695554871,0 29.0840040040001,-19.695371212,0 29.0838456560001,-19.695209404,0 29.0836524420001,-19.694978378,0 29.083409481,-19.694680761,0 29.0832398230001,-19.69448648,0 29.0830546280001,-19.69438177,0 29.082918336,-19.694222452,0 29.0826663690001,-19.694008293,0 29.082434157,-19.693702926,0 29.0822733270001,-19.6935217339999,0 29.082128531,-19.6933955219999,0 29.081899084,-19.693152561,0 29.0817258390001,-19.692988436,0 29.0816216200001,-19.692946828,0 29.0813318720001,-19.6928595479999,0 29.0810749400001,-19.6928028639999,0 29.080936527,-19.69278608,0 29.080661116,-19.692756543,0 29.080476548,-19.69262558,0 29.0804305460001,-19.692430719,0 29.080204225,-19.6919853909999,0 29.08008647,-19.6918268659999,0 29.0800002610001,-19.691746222,0 29.0797435800001,-19.6915332199999,0 29.079577207,-19.691516745,0 29.0793119590001,-19.6914339919999,0 29.0791119570001,-19.691260347,0 29.079004846,-19.6911473489999,0 29.078921069,-19.6909345789999,0 29.0788765660001,-19.690874698,0 29.078631362,-19.690896667,0 29.078412309,-19.69085997,0 29.0782515340001,-19.6906003789999,0 29.0782015610001,-19.690403848,0 29.077979728,-19.690193198,0 29.0776817250001,-19.689946246,0 29.077385728,-19.6896992329999,0 29.077047814,-19.6894243689999,0 29.076836679,-19.6892189389999,0 29.0766643490001,-19.689142591,0 29.076587988,-19.689131059,0 29.076327726,-19.689074841,0 29.076119417,-19.688906857,0 29.075922802,-19.688787255,0 29.0757551070001,-19.688516015,0 29.0757140530001,-19.6884648999999,0 29.0755071660001,-19.6883802429999,0 29.0753403870001,-19.6882348609999,0 29.0751913060001,-19.688061009,0 29.0750362910001,-19.687868856,0 29.0748540070001,-19.6877209799999,0 29.07460544,-19.687556268,0 29.074326204,-19.6874155369999,0 29.07409071,-19.687288184,0 29.073805888,-19.6870508429999,0 29.0736715460001,-19.6869486699999,0 29.073563999,-19.686802857,0 29.073422393,-19.686680859,0 29.0731999810001,-19.6865418429999,0 29.0730042750001,-19.6863910609999,0 29.072858388,-19.686266266,0 29.0725538820001,-19.6860300879999,0 29.0722501490001,-19.6857820439999,0 29.0719304580001,-19.685542032,0 29.071732024,-19.685357371,0 29.071511188,-19.685119921,0 29.071291505,-19.6849479809999,0 29.0710310870001,-19.6846591999999,0 29.070678773,-19.6842279209999,0 29.0706785850001,-19.6842655689999,0 29.0705330070001,-19.684177716,0 29.0703382510001,-19.6839327649999,0 29.070082423,-19.683632481,0 29.069777919,-19.683482049,0 29.0693693290001,-19.683234867,0 29.069232458,-19.683174595,0 29.0691579270001,-19.6831750479999,0 29.0690607170001,-19.6831553429999,0 29.0689751700001,-19.6831293719999,0 29.068829123,-19.683007888,0 29.0685423650001,-19.6828323039999,0 29.068241212,-19.6826210679999,0 29.0679062510001,-19.682348422,0 29.0674985650001,-19.682026687,0 29.0669135960001,-19.681613281,0 29.0668015210001,-19.68154542,0 29.06671986,-19.6814622749999,0 29.066561585,-19.6813909629999,0 29.0662392740001,-19.681132792,0 29.0660924110001,-19.681024242,0 29.065931809,-19.6808410789999,0 29.065923921,-19.6805665639999,0 29.0658918660001,-19.68044714,0 29.0658844370001,-19.6804305749999,0 29.0658121660001,-19.680314849,0 29.065698442,-19.680062783,0 29.0656635710001,-19.679834521,0 29.0655572640001,-19.67963556,0 29.065495454,-19.6794373769999,0 29.0654469730001,-19.679133248,0 29.0653824670001,-19.679034153,0 29.065272972,-19.6789604259999,0</coordinates></LineString></MultiGeometry>
  </Placemark>
  <Placemark>
	<name>Untitled Path</name>
	<Style><LineStyle><color>ff0000ff</color></LineStyle><PolyStyle><fill>0</fill></PolyStyle></Style>
	<ExtendedData><SchemaData schemaUrl="#SR_roads">
		<SimpleData name="tessellate">1</SimpleData>
		<SimpleData name="extrude">0</SimpleData>
		<SimpleData name="visibility">-1</SimpleData>
	</SchemaData></ExtendedData>
      <MultiGeometry><LineString><coordinates>29.130285594914,-19.5072822845048,0 29.1303835784737,-19.5079891696881,0 29.1310902404987,-19.5091821194793,0 29.1314561179807,-19.5103376685862,0 29.1319467605177,-19.5115428996525,0 29.1322226524745,-19.5122033435909,0 29.1322398757106,-19.5128471684517,0 29.131765764561,-19.5139171012676,0 29.1312919526529,-19.5147215417014,0 29.1310751424523,-19.5155812874087,0 29.1305738677722,-19.516903274023,0 29.1303834305268,-19.5181420815059,0 29.1302375394829,-19.5188969058382,0 29.1306986690436,-19.5198784482468,0 29.1316907111138,-19.5225120804481,0</coordinates></LineString></MultiGeometry>
  </Placemark>
  <Placemark>
	<name>Untitled Path</name>
	<Style><LineStyle><color>ff0000ff</color></LineStyle><PolyStyle><fill>0</fill></PolyStyle></Style>
	<ExtendedData><SchemaData schemaUrl="#SR_roads">
		<SimpleData name="tessellate">1</SimpleData>
		<SimpleData name="extrude">0</SimpleData>
		<SimpleData name="visibility">-1</SimpleData>
	</SchemaData></ExtendedData>
      <MultiGeometry><LineString><coordinates>29.1406617938206,-19.5311688003394,0 29.1404424972634,-19.531538483625,0 29.140074201608,-19.5317179690242,0 29.1392922813095,-19.5328578565254,0 29.138551495681,-19.5338140208653,0 29.1380070223361,-19.5347390955062,0 29.1376345857377,-19.535387440059,0 29.1377969287814,-19.5358187860164,0 29.1383395744564,-19.5365268756792,0 29.1388402265225,-19.537257352027,0 29.1393876911265,-19.5378376428886,0 29.13995240264,-19.5383071950675,0 29.1400895844947,-19.5387255937112,0 29.1402317629239,-19.5395118773935,0 29.1402120916168,-19.540151032356,0 29.1399436962573,-19.5406506294641,0 29.1395721213366,-19.5415941609848,0 29.1508905647521,-19.5464913371517,0 29.1515337227147,-19.5465905693219,0 29.1521333901934,-19.5468957628253,0 29.1526795085359,-19.5472564926149,0 29.1534016884405,-19.5473562951867,0 29.1538405702535,-19.5477099074497,0 29.1571690165668,-19.5493146317387,0 29.1573750195872,-19.548735603183,0 29.15755364588,-19.5485416737777,0 29.1578125623113,-19.548578808585,0 29.1581724425614,-19.5489156303863,0 29.1582683947237,-19.549272162774,0 29.1585733773054,-19.5494388766029,0 29.1591966931075,-19.5498652988821,0 29.1594611768887,-19.5503053581747,0 29.1598721774454,-19.5505297520966,0 29.1603285720478,-19.5508436591388,0 29.1607383169227,-19.55082153948,0 29.1612263739955,-19.5510998226262,0 29.1620695038801,-19.5514407407662,0 29.1663784098189,-19.5533618753412,0 29.1670516100638,-19.5537000193996,0 29.1675374545988,-19.5538039383481,0 29.1682642165478,-19.5541678787972,0 29.169009135861,-19.5542421682456,0 29.1694053577971,-19.5545066629488,0 29.1697551674164,-19.5548354229744,0 29.1701938023288,-19.5551642881451,0 29.1719867827401,-19.5558882074022,0 29.1739172606523,-19.5567934492691,0 29.1751668690817,-19.5573112685768,0 29.1756192204679,-19.5574150997492,0 29.1759872308397,-19.5577445114528,0 29.1766816368498,-19.5579800283451,0 29.1776448938606,-19.5580595825161,0 29.1780008718174,-19.5583504328088,0 29.1784637918926,-19.5587939046826,0 29.1791391993517,-19.5587732999104,0 29.179677431911,-19.5591120130608,0 29.1804223761654,-19.5586575048873,0 29.1812547818783,-19.5579697152578,0 29.1817744663241,-19.5580078541125,0 29.1821465563035,-19.55824457538,0 29.1825643239876,-19.5585443596086,0 29.1829650414734,-19.5587460368557,0 29.1831038859578,-19.559249665933,0 29.1830463788173,-19.5596456872468,0 29.1831778577228,-19.5603055424105,0 29.1830657023745,-19.5606813012137,0 29.1834006565783,-19.560948508747,0 29.1844109605783,-19.5613439173849,0 29.1852599285313,-19.5618015804815,0 29.1859971535734,-19.5622082193783,0 29.1867578581686,-19.5625452625419,0 29.1876658750317,-19.562939342947,0 29.1884056951018,-19.5632671293341,0 29.1889857135869,-19.5634977600601,0 29.1893742569182,-19.5633848082514,0 29.1897328499545,-19.5629603227156,0 29.1901667603009,-19.5630640996714,0 29.1908508025655,-19.5631741084851,0 29.1916110711731,-19.563379636499,0 29.1924365048544,-19.5635238490668,0 29.1929887163631,-19.563780765719,0 29.1934158767471,-19.5637378912581,0</coordinates></LineString></MultiGeometry>
  </Placemark>
  <Placemark>
	<name>Untitled Path</name>
	<Style><LineStyle><color>ff0000ff</color></LineStyle><PolyStyle><fill>0</fill></PolyStyle></Style>
	<ExtendedData><SchemaData schemaUrl="#SR_roads">
		<SimpleData name="tessellate">1</SimpleData>
		<SimpleData name="extrude">0</SimpleData>
		<SimpleData name="visibility">-1</SimpleData>
	</SchemaData></ExtendedData>
      <MultiGeometry><LineString><coordinates>29.169307070885,-19.5266462709667,0 29.1691802884016,-19.5268686329535,0 29.1689744292626,-19.5271246377232,0 29.1687993764059,-19.5274913260552,0 29.1688862586076,-19.5276296323363,0 29.1690732225878,-19.527882066903,0 29.1691614621082,-19.5281927321559,0 29.1690987797721,-19.5284771807899,0 29.16894429068,-19.5288410102541,0 29.1689931515312,-19.529260765277,0 29.1689061710138,-19.5295349905753,0 29.1687718147586,-19.5296750600269,0 29.1685264537471,-19.5298434359875,0 29.1684498199516,-19.5300555185538,0 29.16845089476,-19.5304385078459,0 29.1686085262853,-19.5308670222077,0 29.1688265087419,-19.5312367618118,0 29.1689559766864,-19.5316549140682,0 29.1690898476462,-19.532081023297,0 29.1692619980463,-19.5325345260554,0 29.1694546819092,-19.5329105636681,0 29.1695705839105,-19.53327852005,0 29.1697962859763,-19.5336333594789,0 29.1698793938089,-19.5338439446955,0 29.1698507368772,-19.5341648598162,0 29.1698018736701,-19.5345946668057,0 29.1696983399857,-19.5348912536651,0 29.1695656792042,-19.5351417476447,0 29.1693537450144,-19.5352755930269,0 29.1691126500982,-19.5355389031099,0 29.1689460804489,-19.535840093414,0 29.1688083432472,-19.5361515056197,0 29.1687521981031,-19.5364001260873,0 29.1685943110756,-19.536630168753,0 29.1684923975332,-19.5369858286106,0 29.1685889239627,-19.5373873933519,0 29.1685542980382,-19.5380216580891,0 29.1685408988395,-19.5384398566918,0 29.1684792293422,-19.5387108619985,0 29.168465978921,-19.5387105791673,0 29.1682639510771,-19.5388879759008,0 29.1680527823309,-19.5390481913985,0 29.1679098125495,-19.539326403834,0 29.1678225462142,-19.539823585139,0 29.1676157063206,-19.5401040482174,0 29.1674461485605,-19.5405174592397,0 29.1675130248991,-19.5410242056656,0 29.1673787549093,-19.5412351674045,0 29.1670705280439,-19.5414183842657,0 29.1668216756992,-19.5416899832829,0 29.1666095413227,-19.5421539369595,0 29.1666116586853,-19.5426030393595,0 29.1666550999824,-19.542929474241,0 29.166737930684,-19.5431959750163,0 29.1667009235719,-19.5435174970181,0 29.1666635588189,-19.5436971494077,0 29.1668732168532,-19.5438448341074,0 29.1669127354809,-19.5439130081665,0 29.1670220455381,-19.5440135285197,0 29.1672061592522,-19.5441443727098,0 29.1672706868665,-19.5442728079647,0 29.1672088527,-19.5444955684063,0 29.1670400177687,-19.5447209001683,0 29.1668651236918,-19.5449816328206,0 29.1668372324678,-19.5451201987678,0 29.166851022476,-19.5454519153352,0 29.1668984911581,-19.5457207408047,0 29.1670202921369,-19.5460616615858,0 29.1672972541693,-19.5465635530335,0 29.1674361604789,-19.546998543494,0 29.167637951443,-19.5477254117744,0 29.1678642024036,-19.5484586958982,0 29.1678902980426,-19.5486706844138,0 29.1678354589904,-19.5487979164121,0 29.1677275123913,-19.5489311395234,0 29.1676061708814,-19.549036111991,0 29.1674547401254,-19.5490983474209,0 29.1672252558037,-19.549205611102,0 29.1670876784653,-19.5492732935573,0 29.1670911314271,-19.5493873770875,0 29.167204808355,-19.5495005252852,0 29.1673156751399,-19.5495096715637,0 29.1674057954012,-19.5495404428712,0 29.1673631593284,-19.549662188788,0 29.1673669155098,-19.5498157157361,0 29.1674860155282,-19.5500315205371,0 29.16760091535,-19.5501237237335,0 29.1676287534019,-19.5503478431312,0 29.1676633552535,-19.5506055400947,0 29.167662553376,-19.5508899539383,0 29.1675963106368,-19.5510980144447,0 29.1675098442098,-19.551385621664,0 29.1675102093015,-19.5514118327795,0 29.1674820083683,-19.5516314822184,0 29.1674488407445,-19.5519253961914,0 29.167439587398,-19.5522023571946,0 29.1675187305689,-19.5525112203214,0 29.1674791159422,-19.5527519955234,0 29.1673838330242,-19.5529333181474,0 29.1674140691168,-19.5531345402972,0 29.1675007649986,-19.5532678719924,0 29.1674630533457,-19.5535317686652,0 29.1674746366085,-19.5537178316984,0 29.1675269525672,-19.5537811237225,0</coordinates></LineString></MultiGeometry>
  </Placemark>
  <Placemark>
	<name>Untitled Path</name>
	<Style><LineStyle><color>ff0000ff</color></LineStyle><PolyStyle><fill>0</fill></PolyStyle></Style>
	<ExtendedData><SchemaData schemaUrl="#SR_roads">
		<SimpleData name="tessellate">1</SimpleData>
		<SimpleData name="extrude">0</SimpleData>
		<SimpleData name="visibility">-1</SimpleData>
	</SchemaData></ExtendedData>
      <MultiGeometry><LineString><coordinates>29.1854961773935,-19.5098712135132,0 29.1833242091007,-19.5074512497133,0 29.1814175338977,-19.5054892157565,0 29.1800377996895,-19.5041560399806,0 29.1751741120068,-19.5007040349471,0 29.1726880513131,-19.5000013223666,0 29.1691401975401,-19.4988815842265,0 29.1602376975693,-19.4954406719623,0 29.1573700689747,-19.4955408238297,0 29.1561392612515,-19.4957904261013,0 29.1544989425217,-19.4965893340357,0 29.1519253965139,-19.4973634807802,0 29.1350748597392,-19.495088134533,0 29.1125065993863,-19.4912947951284,0 29.1118535581352,-19.4897436533917,0 29.1092057949612,-19.4904318036298,0</coordinates></LineString></MultiGeometry>
  </Placemark>
  <Placemark>
	<name>Untitled Path</name>
	<Style><LineStyle><color>ff0000ff</color></LineStyle><PolyStyle><fill>0</fill></PolyStyle></Style>
	<ExtendedData><SchemaData schemaUrl="#SR_roads">
		<SimpleData name="tessellate">1</SimpleData>
		<SimpleData name="extrude">0</SimpleData>
		<SimpleData name="visibility">-1</SimpleData>
	</SchemaData></ExtendedData>
      <MultiGeometry><LineString><coordinates>29.3514845891867,-19.6563008848355,0 29.3483504324191,-19.6549683748129,0 29.3472776081568,-19.6545354621637,0 29.3464003256818,-19.6547106851885,0 29.3458417195636,-19.6546635672142,0 29.3449383326602,-19.6550207170877,0 29.3435182561539,-19.65517387087,0 29.3426122561302,-19.6552627599334,0 29.341940696051,-19.6548728911947,0 29.3414382784831,-19.6542878864012,0 29.3404943811171,-19.653519876336,0</coordinates></LineString></MultiGeometry>
  </Placemark>
  <Placemark>
	<name>Untitled Path</name>
	<Style><LineStyle><color>ff0000ff</color></LineStyle><PolyStyle><fill>0</fill></PolyStyle></Style>
	<ExtendedData><SchemaData schemaUrl="#SR_roads">
		<SimpleData name="tessellate">1</SimpleData>
		<SimpleData name="extrude">0</SimpleData>
		<SimpleData name="visibility">-1</SimpleData>
	</SchemaData></ExtendedData>
      <MultiGeometry><LineString><coordinates>29.2356300602676,-19.6455822662565,0 29.2350219602266,-19.6468705598516,0 29.2341326774878,-19.6500452432422,0 29.2328614344751,-19.6545652717862,0 29.2322996512073,-19.6565191280067,0 29.2316456109798,-19.6583284389373,0 29.2311835096019,-19.6601892896129,0 29.2309319474288,-19.6610399122488,0</coordinates></LineString></MultiGeometry>
  </Placemark>
  <Placemark>
	<name>Untitled Path</name>
	<Style><LineStyle><color>ff0000ff</color></LineStyle><PolyStyle><fill>0</fill></PolyStyle></Style>
	<ExtendedData><SchemaData schemaUrl="#SR_roads">
		<SimpleData name="tessellate">1</SimpleData>
		<SimpleData name="extrude">0</SimpleData>
		<SimpleData name="visibility">-1</SimpleData>
	</SchemaData></ExtendedData>
      <MultiGeometry><LineString><coordinates>29.2752242845946,-19.6411083882089,0 29.274153411561,-19.6407756957094,0 29.2726375790806,-19.6402979475186,0 29.2713174367985,-19.6399520834651,0 29.2669595892622,-19.6388582426933,0 29.2644809040166,-19.6383852784909,0 29.2627182670499,-19.6378800466038,0 29.2609657086573,-19.6370621291532,0 29.2590841770259,-19.6362797753152,0 29.2580631995242,-19.6357135324537,0 29.2570949170299,-19.634792590417,0 29.2554534255203,-19.6335749209702,0 29.2537089603866,-19.6323198614623,0 29.2516669898016,-19.6307241852119,0</coordinates></LineString></MultiGeometry>
  </Placemark>
  <Placemark>
	<name>Untitled Path</name>
	<Style><LineStyle><color>ff0000ff</color></LineStyle><PolyStyle><fill>0</fill></PolyStyle></Style>
	<ExtendedData><SchemaData schemaUrl="#SR_roads">
		<SimpleData name="tessellate">1</SimpleData>
		<SimpleData name="extrude">0</SimpleData>
		<SimpleData name="visibility">-1</SimpleData>
	</SchemaData></ExtendedData>
      <MultiGeometry><LineString><coordinates>29.3348865078557,-19.696852616472,0 29.331770525076,-19.6907278102416,0</coordinates></LineString></MultiGeometry>
  </Placemark>
  <Placemark>
	<name>dam68</name>
	<Style><LineStyle><color>ff0000ff</color></LineStyle><PolyStyle><fill>0</fill></PolyStyle></Style>
      <MultiGeometry><LineString><coordinates>29.2306274421062,-19.6417068309961,0 29.2308825380665,-19.6417754746091,0 29.2314109511271,-19.6417068309961,0 29.2315931625273,-19.6413807734333,0 29.2316660470874,-19.6410032322703,0 29.2315567202473,-19.6408144613558,0 29.2315020568272,-19.6405913681706,0 29.2315749413873,-19.6401795030144,0 29.2317753739275,-19.6394415753005,0 29.2318847007677,-19.6387379666472,0 29.2317389316475,-19.6381544839619,0 29.2316113836673,-19.6376911285543,0 29.2314838356872,-19.6373135787151,0 29.231338066567,-19.6367815751621,0 29.2312105185869,-19.6365241534554,0 29.2311558551668,-19.6362667313359,0 29.2309918649066,-19.6357862089423,0 29.2309918649066,-19.6353914930432,0 29.2310465283267,-19.6351683923233,0 29.2308643169265,-19.6346878666431,0 29.2307549900864,-19.6343446331342,0 29.2305727786862,-19.6338641049892,0 29.2303723461459,-19.6335208697197,0 29.2301719136057,-19.63321195735,0 29.2298621542253,-19.6328343969802,0 29.2292790777447,-19.6326284545862,0 29.228696001264,-19.6325254832901,0 29.2284044630237,-19.6323881881261,0 29.2281129247834,-19.6322508928446,0 29.2277302808429,-19.6320792735778,0 29.2274751848826,-19.6319934638756,0 29.2273476369025,-19.6319763019297,0</coordinates></LineString></MultiGeometry>
  </Placemark>
  <Placemark>
	<name>43DAM</name>
	<Style><LineStyle><color>ff0000ff</color></LineStyle><PolyStyle><fill>0</fill></PolyStyle></Style>
      <MultiGeometry><LineString><coordinates>29.1443541394962,-19.6187246299587,0 29.1422629250976,-19.6178710413009,0 29.1393352249395,-19.6172144315567,0 29.1359195747551,-19.6167548031399,0 29.1336192389166,-19.615835542364,0 29.1302035887322,-19.6133403794761,0 29.1268336185123,-19.6110126920738,0 29.1257771813899,-19.6102762367301,0 29.1255128823868,-19.6101291186485,0 29.1250572734734,-19.6100006274719,0 29.1239923878913,-19.6097628413411,0 29.1236690087289,-19.6097883600901,0 29.1233853379658,-19.6095505314593,0 29.123051998775,-19.6091711477704,0 29.1228773412714,-19.6088028678443,0 29.1225926143632,-19.6086876873728,0 29.1223892651117,-19.6083658611945,0 29.1216993168445,-19.6080216135617,0 29.1214545268166,-19.6075003079017,0 29.1211536732626,-19.6073581200676,0</coordinates></LineString></MultiGeometry>
  </Placemark>
  <Placemark>
	<name>JOIN</name>
	<Style><LineStyle><color>ff0000ff</color></LineStyle><PolyStyle><fill>0</fill></PolyStyle></Style>
      <MultiGeometry><LineString><coordinates>29.1558209651153,-19.630083493574,0 29.156239207995,-19.631330949887,0 29.1569362794612,-19.6323157769751,0</coordinates></LineString></MultiGeometry>
  </Placemark>
  <Placemark>
	<name>DIP</name>
	<Style><LineStyle><color>ff0000ff</color></LineStyle><PolyStyle><fill>0</fill></PolyStyle></Style>
      <MultiGeometry><LineString><coordinates>29.1524575952908,-19.6195371764902,0 29.1514991220248,-19.6206944326378,0 29.1500352719458,-19.6225328933574,0 29.1490593718931,-19.6239117250951,0 29.1486411290134,-19.6248965976642,0</coordinates></LineString></MultiGeometry>
  </Placemark>
  <Placemark>
	<name>003</name>
	<Style><LineStyle><color>ff0000ff</color></LineStyle><PolyStyle><fill>0</fill></PolyStyle></Style>
      <MultiGeometry><LineString><coordinates>29.1524706653808,-19.6195289689688,0 29.1525665127074,-19.6193155732972,0 29.1524619519875,-19.6190611396261,0 29.1523661046609,-19.6188313282222,0 29.1523835314476,-19.6187328375199,0 29.1525316591341,-19.6185112332192,0 29.1525229457408,-19.618281421029,0</coordinates></LineString></MultiGeometry>
  </Placemark>
  <Placemark>
	<name>TRP</name>
	<Style><LineStyle><color>ff0000ff</color></LineStyle><PolyStyle><fill>0</fill></PolyStyle></Style>
      <MultiGeometry><LineString><coordinates>29.1545495503279,-19.6286364423735,0 29.1548378765131,-19.6275048906499,0 29.1551742570625,-19.6265996435328,0</coordinates></LineString></MultiGeometry>
  </Placemark>
  <Placemark>
	<name>7</name>
	<Style><LineStyle><color>ff0000ff</color></LineStyle><PolyStyle><fill>0</fill></PolyStyle></Style>
      <MultiGeometry><LineString><coordinates>29.1652836939315,-19.6244043980932,0 29.1661967268513,-19.6245854503983,0 29.1674461403206,-19.6245401873411,0 29.1679507111447,-19.6243591349851,0 29.168983879975,-19.6244270296425,0 29.1702813478085,-19.6245854503983,0 29.1714106253672,-19.6247438709978,0 29.1720113049197,-19.6248570284733,0</coordinates></LineString></MultiGeometry>
  </Placemark>
  <Placemark>
	<name>16</name>
	<Style><LineStyle><color>ff0000ff</color></LineStyle><PolyStyle><fill>0</fill></PolyStyle></Style>
      <MultiGeometry><LineString><coordinates>29.1223861636877,-19.6377875740242,0 29.1192145756504,-19.6377875740242,0 29.1161390963415,-19.6386927580873,0 29.1132558344893,-19.6404125937481,0</coordinates></LineString></MultiGeometry>
  </Placemark>
  <Placemark>
	<name>15</name>
	<Style><LineStyle><color>ff0000ff</color></LineStyle><PolyStyle><fill>0</fill></PolyStyle></Style>
      <MultiGeometry><LineString><coordinates>29.1255577517251,-19.6317227091837,0 29.1240200120706,-19.631179575786,0 29.1224822724161,-19.6310890533745,0 29.1212328589469,-19.6306364405518,0 29.1203678803913,-19.6299122573827,0 29.1190223581936,-19.6290975474153,0 29.1171962923539,-19.6284638812507,0 29.1152741177858,-19.6280112610314,0 29.1142169217734,-19.627558639537,0</coordinates></LineString></MultiGeometry>
  </Placemark>
</Folder>
</Document></kml>
