Site,Plot,Subplot,Quadrat,Date_observed,Spp_name,Grazing_value,DPM Height,
A,1,Z1,Q1,2024-04-20,Digitaria eriantha,High,19,
A,1,Z1,Q1,2024-04-20,Urochloa mosambicensis,Moderate,18.9,
A,1,Z1,Q1,2024-04-20,Hyperrhenia filipendula,Moderate,11.6,
A,1,Z1,Q1,2024-04-20,,,11.3,
A,1,Z1,Q2,2024-04-20,Aristida adscensionis,Low,18.7,
A,1,Z1,Q2,2024-04-20,Urochloa mosambicensis,Moderate,18.5,
A,1,Z1,Q2,2024-04-20,Heteropogon contortus,Moderate,19.2,
A,1,Z1,Q2,2024-04-20,Digitaria eriantha,High,19.5,
A,1,Z1,Q2,2024-04-20,Sporobolus africanus,Low,,
A,1,Z1,Q3,2024-04-20,Setaria sphacelata,High,19.3,
A,1,Z1,Q3,2024-04-20,Heteropogon contortus,Moderate,18.3,
A,1,Z1,Q3,2024-04-20,Cymbopogon excavatus,Low,18.9,
A,1,Z1,Q3,2024-04-20,,,19.6,
A,1,Z1,Q4,2024-04-20,Aristida adscensionis,Low,9.1,
A,1,Z1,Q4,2024-04-20,Urochloa mosambicensis,Moderate,9,
A,1,Z1,Q4,2024-04-20,Heteropogon contortus,Moderate,9.1,
A,1,Z1,Q4,2024-04-20,Hyperrhenia filipendula,Moderate,8.1,
A,1,Z1,Q4,2024-04-20,Digitaria eriantha,High,,
A,1,Z1,Q4,2024-04-20,Setaria sphacelata,High,,
A,1,Z1,Q4,2024-04-20,Eragrostis superba,Moderate,,
A,1,Z1,Q5,2024-04-20,Themeda triandra ,High,14.2,
A,1,Z1,Q5,2024-04-20,Urochloa mosambicensis,Moderate,20,
A,1,Z1,Q5,2024-04-20,Digitaria eriantha,High,19.7,
A,1,Z1,Q5,2024-04-20,Setaria sphacelata,High,19.6,
A,1,Z2,Q1,2024-04-20,Digitaria eriantha,High,19,
A,1,Z2,Q1,2024-04-20,Urochloa mosambicensis,Moderate,18.9,
A,1,Z2,Q1,2024-04-20,Hyperrhenia filipendula,Moderate,11.6,
A,1,Z2,Q1,2024-04-20,,,11.3,
A,1,Z2,Q2,2024-04-20,Hyperrhenia filipendula,Moderate,44.6,
A,1,Z2,Q2,2024-04-20,Setaria sphacelata,High,39.6,
A,1,Z2,Q2,2024-04-20,,,38.2,
A,1,Z2,Q2,2024-04-20,,,32.5,
A,1,Z2,Q3,2024-04-20,Bothriochloa insculpta,Moderate,18.2,
A,1,Z2,Q3,2024-04-20,Urochloa mosambicensis,Moderate,20.2,
A,1,Z2,Q3,2024-04-20,Hyperrhenia filipendula,Moderate,26.8,
A,1,Z2,Q3,2024-04-20,,,29.9,
A,1,Z2,Q4,2024-04-20,Urochloa mosambicensis,Moderate,18,
A,1,Z2,Q4,2024-04-20,Hyperrhenia filipendula,Moderate,19.9,
A,1,Z2,Q4,2024-04-20,Setaria sphacelata,High,19.9,
A,1,Z2,Q4,2024-04-20,Heteropogon contortus,Moderate,21,
A,1,Z2,Q4,2024-04-20,Eragrostis gummiflua,Low,,
A,1,Z2,Q5,2024-04-20,Hyperrhenia filipendula,Moderate,21.1,
A,1,Z2,Q5,2024-04-20,Setaria sphacelata,High,21.1,
A,1,Z2,Q5,2024-04-20,,,20.4,
A,1,Z2,Q5,2024-04-20,,,20.2,
A,1,Z3,Q1,2024-04-20,Setaria sphacelata,High,23.7,
A,1,Z3,Q1,2024-04-20,Aristida adscensionis,Low,23,
A,1,Z3,Q1,2024-04-20,Digitaria eriantha,High,22.4,
A,1,Z3,Q1,2024-04-20,,,21.7,
A,1,Z3,Q2,2024-04-20,,,0,
A,1,Z3,Q2,2024-04-20,,,0,
A,1,Z3,Q2,2024-04-20,,,0,
A,1,Z3,Q2,2024-04-20,,,0,
A,1,Z3,Q3,2024-04-20,Heteropogon contortus,Moderate,28.9,
A,1,Z3,Q3,2024-04-20,Digitaria eriantha,High,30.7,
A,1,Z3,Q3,2024-04-20,Hyperrhenia filipendula,Moderate,31.7,
A,1,Z3,Q3,2024-04-20,,,30.9,
A,1,Z3,Q4,2024-04-20,Pogonarthria squarrosa ,Low,16.3,
A,1,Z3,Q4,2024-04-20,Cymbopogon excavatus,Low,18.7,
A,1,Z3,Q4,2024-04-20,Urochloa mosambicensis,Moderate,18.1,
A,1,Z3,Q4,2024-04-20,Hyperrhenia filipendula,Moderate,19.9,
A,1,Z3,Q5,2024-04-20,Panicum maximum,High,27.1,
A,1,Z3,Q5,2024-04-20,Heteropogon contortus,Moderate,27.8,
A,1,Z3,Q5,2024-04-20,,,28.6,
A,1,Z3,Q5,2024-04-20,,,30,
A,1,Z4,Q1,2024-04-20,Bothriochloa insculpta,Moderate,17.4,
A,1,Z4,Q1,2024-04-20,Cymbopogon excavatus,Low,12.9,
A,1,Z4,Q1,2024-04-20,Urochloa mosambicensis,Moderate,16.6,
A,1,Z4,Q1,2024-04-20,Aristida adscensionis,Low,18.5,
A,1,Z4,Q1,2024-04-20,Aristida diffusa,Low,,
A,1,Z4,Q2,2024-04-20,Hyperrhenia filipendula,Moderate,21.7,
A,1,Z4,Q2,2024-04-20,Urochloa mosambicensis,Moderate,20.8,
A,1,Z4,Q2,2024-04-20,Heteropogon contortus,Moderate,13.5,
A,1,Z4,Q2,2024-04-20,Digitaria eriantha,High,13.3,
A,1,Z4,Q3,2024-04-20,Setaria sphacelata,High,17.6,
A,1,Z4,Q3,2024-04-20,Bothriochloa insculpta,Moderate,17.4,
A,1,Z4,Q3,2024-04-20,Urochloa mosambicensis,Moderate,15.4,
A,1,Z4,Q3,2024-04-20,Hyperrhenia filipendula,Moderate,17.2,
A,1,Z4,Q4,2024-04-20,Heteropogon contortus,Moderate,30.6,
A,1,Z4,Q4,2024-04-20,Urochloa mosambicensis,Moderate,29.7,
A,1,Z4,Q4,2024-04-20,Hyperrhenia filipendula,Moderate,29.4,
A,1,Z4,Q4,2024-04-20,,,28.4,
A,1,Z4,Q5,2024-04-20,Heteropogon contortus,Moderate,28.1,
A,1,Z4,Q5,2024-04-20,Urochloa mosambicensis,Moderate,26.8,
A,1,Z4,Q5,2024-04-20,Hyperrhenia hirta,Moderate,26.2,
A,1,Z4,Q5,2024-04-20,,,25.1,
A,2,Z1,Q1,2024-04-20,Heteropogon contortus,Moderate,21.7,
A,2,Z1,Q1,2024-04-20,Andropogon eucomus,Low,18.7,
A,2,Z1,Q1,2024-04-20,Bothriochloa insculpta,Moderate,15.9,
A,2,Z1,Q1,2024-04-20,,,17.6,
A,2,Z1,Q2,2024-04-20,Bothriochloa insculpta,Moderate,23.3,
A,2,Z1,Q2,2024-04-20,Aristida adscensionis,Low,18.9,
A,2,Z1,Q2,2024-04-20,Cymbopogon excavatus,Low,21.1,
A,2,Z1,Q2,2024-04-20,Loudetia simplex,Moderate,22.4,
A,2,Z1,Q2,2024-04-20,Cymbopogon plurinodis,Low,,
A,2,Z1,Q3,2024-04-20,Bothriochloa insculpta,Moderate,29.3,
A,2,Z1,Q3,2024-04-20,Urochloa mosambicensis,Moderate,32.5,
A,2,Z1,Q3,2024-04-20,Eragrostis gummiflua,Low,32.4,
A,2,Z1,Q3,2024-04-20,,,31.1,
A,2,Z1,Q4,2024-04-20,Loudetia simplex,Moderate,14.6,
A,2,Z1,Q4,2024-04-20,Bothriochloa insculpta,Moderate,14.2,
A,2,Z1,Q4,2024-04-20,Eragrostis gummiflua,Low,15.3,
A,2,Z1,Q4,2024-04-20,Hyperrhenia filipendula,Moderate,16.7,
A,2,Z1,Q5,2024-04-20,Bothriochloa insculpta,Moderate,20.2,
A,2,Z1,Q5,2024-04-20,Hyperrhenia filipendula,Moderate,22.4,
A,2,Z1,Q5,2024-04-20,Setaria pumila ,Moderate,23.3,
A,2,Z1,Q5,2024-04-20,,,21.5,
A,2,Z2,Q1,2024-04-21,Heteropogon contortus,Moderate,17.6,
A,2,Z2,Q1,2024-04-21,Bothriochloa insculpta,Moderate,18.6,
A,2,Z2,Q1,2024-04-21,Loudetia simplex,Moderate,17.2,
A,2,Z2,Q1,2024-04-21,Eragrostis gummiflua,Low,19.4,
A,2,Z2,Q1,2024-04-21,Hyperrhenia filipendula,Moderate,,
A,2,Z2,Q2,2024-04-21,Hyperrhenia filipendula,Moderate,41.4,
A,2,Z2,Q2,2024-04-21,,,41.4,
A,2,Z2,Q2,2024-04-21,,,33.5,
A,2,Z2,Q2,2024-04-21,,,25.5,
A,2,Z2,Q3,2024-04-21,Heteropogon contortus,Moderate,23.3,
A,2,Z2,Q3,2024-04-21,Hyperrhenia filipendula,Moderate,18.8,
A,2,Z2,Q3,2024-04-21,Urochloa mosambicensis,Moderate,23.7,
A,2,Z2,Q3,2024-04-21,,,27.4,
A,2,Z2,Q4,2024-04-21,Heteropogon contortus,Moderate,14.1,
A,2,Z2,Q4,2024-04-21,Hyperrhenia filipendula,Moderate,20.5,
A,2,Z2,Q4,2024-04-21,,,15.5,
A,2,Z2,Q4,2024-04-21,,,13.9,
A,2,Z2,Q5,2024-04-21,Hyperrhenia filipendula,Moderate,11.8,
A,2,Z2,Q5,2024-04-21,Urochloa mosambicensis,Moderate,17.9,
A,2,Z2,Q5,2024-04-21,,,23.4,
A,2,Z2,Q5,2024-04-21,,,22.1,
A,2,Z3,Q1,2024-04-21,Bothriochloa insculpta,Moderate,21.1,
A,2,Z3,Q1,2024-04-21,Eragrostis gummiflua,Low,22.1,
A,2,Z3,Q1,2024-04-21,Hyperrhenia filipendula,Moderate,23.6,
A,2,Z3,Q1,2024-04-21,,,22.3,
A,2,Z3,Q2,2024-04-21,Heteropogon contortus,Moderate,13.7,
A,2,Z3,Q2,2024-04-21,Bothriochloa insculpta,Moderate,10.5,
A,2,Z3,Q2,2024-04-21,,,10.3,
A,2,Z3,Q2,2024-04-21,,,10.7,
A,2,Z3,Q3,2024-04-21,Bothriochloa insculpta,Moderate,29.3,
A,2,Z3,Q3,2024-04-21,Eragrostis gummiflua,Low,32.5,
A,2,Z3,Q3,2024-04-21,Urochloa mosambicensis,Moderate,32.4,
A,2,Z3,Q3,2024-04-21,,,31.1,
A,2,Z3,Q4,2024-04-21,Bothriochloa insculpta,Moderate,23.4,
A,2,Z3,Q4,2024-04-21,Urochloa mosambicensis,Moderate,23.8,
A,2,Z3,Q4,2024-04-21,Heteropogon contortus,Moderate,22.7,
A,2,Z3,Q4,2024-04-21,,,23.7,
A,2,Z3,Q5,2024-04-21,Eragrostis gummiflua,Low,10.2,
A,2,Z3,Q5,2024-04-21,Bothriochloa insculpta,Moderate,13.9,
A,2,Z3,Q5,2024-04-21,Cymbopogon excavatus,Low,11,
A,2,Z3,Q5,2024-04-21,Eragrostis superba,Moderate,10.9,
A,2,Z4,Q1,2024-04-21,Aristida adscensionis,Low,12.5,
A,2,Z4,Q1,2024-04-21,Hyperrhenia filipendula,Moderate,12.3,
A,2,Z4,Q1,2024-04-21,Setaria pumila ,Moderate,17,
A,2,Z4,Q1,2024-04-21,,,16.3,
A,2,Z4,Q2,2024-04-21,Hyperrhenia filipendula,Moderate,17.2,
A,2,Z4,Q2,2024-04-21,Urochloa mosambicensis,Moderate,9.6,
A,2,Z4,Q2,2024-04-21,,,27.7,
A,2,Z4,Q2,2024-04-21,,,34.9,
A,2,Z4,Q3,2024-04-21,Heteropogon contortus,Moderate,13.1,
A,2,Z4,Q3,2024-04-21,Cymbopogon excavatus,Low,16.9,
A,2,Z4,Q3,2024-04-21,Urochloa mosambicensis,Moderate,18.2,
A,2,Z4,Q3,2024-04-21,Hyperrhenia filipendula,Moderate,21.2,
A,2,Z4,Q4,2024-04-21,Urochloa mosambicensis,Moderate,39.1,
A,2,Z4,Q4,2024-04-21,Hyperrhenia filipendula,Moderate,43,
A,2,Z4,Q4,2024-04-21,,,34.6,
A,2,Z4,Q4,2024-04-21,,,30.8,
A,2,Z4,Q5,2024-04-21,Urochloa mosambicensis,Moderate,29,
A,2,Z4,Q5,2024-04-21,Hyperrhenia filipendula,Moderate,31.6,
A,2,Z4,Q5,2024-04-21,,,32.6,
A,2,Z4,Q5,2024-04-21,,,33.3,
A,3,Z1,Q1,2024-04-19,Aristida diffusa,Low,38,
A,3,Z1,Q1,2024-04-19,Aristida congesta C,Low,29.8,
A,3,Z1,Q1,2024-04-19,Melinis repens,Low,22,
A,3,Z1,Q1,2024-04-19,Urochloa mosambicensis,Moderate,23.9,
A,3,Z1,Q2,2024-04-19,Hyperrhenia filipendula,Moderate,11.8,
A,3,Z1,Q2,2024-04-19,,,17.1,
A,3,Z1,Q2,2024-04-19,,,15.3,
A,3,Z1,Q2,2024-04-19,,,15.7,
A,3,Z1,Q3,2024-04-19,Bothriochloa insculpta,Moderate,15.4,
A,3,Z1,Q3,2024-04-19,Urochloa mosambicensis,Moderate,16.8,
A,3,Z1,Q3,2024-04-19,Cymbopogon excavatus,Low,16.7,
A,3,Z1,Q3,2024-04-19,,,16.7,
A,3,Z1,Q4,2024-04-19,Hyperrhenia filipendula,Moderate,21.9,
A,3,Z1,Q4,2024-04-19,Bothriochloa insculpta,Moderate,21.8,
A,3,Z1,Q4,2024-04-19,Urochloa mosambicensis,Moderate,20.9,
A,3,Z1,Q4,2024-04-19,,,18.4,
A,3,Z1,Q5,2024-04-19,Urochloa mosambicensis,Moderate,17.6,
A,3,Z1,Q5,2024-04-19,Hyperrhenia filipendula,Moderate,15.9,
A,3,Z1,Q5,2024-04-19,Heteropogon contortus,Moderate,15.3,
A,3,Z1,Q5,2024-04-19,Aristida adscensionis,Low,15.4,
A,3,Z2,Q1,2024-04-19,Urochloa mosambicensis,Moderate,31.7,
A,3,Z2,Q1,2024-04-19,Loudetia simplex,Low,31.7,
A,3,Z2,Q1,2024-04-19,Bothriochloa insculpta,Moderate,28.7,
A,3,Z2,Q1,2024-04-19,,,25.3,
A,3,Z2,Q2,2024-04-19,Bothriochloa insculpta,Moderate,3.6,
A,3,Z2,Q2,2024-04-19,Cymbopogon excavatus,Low,11.2,
A,3,Z2,Q2,2024-04-19,Aristida adscensionis,Low,12.5,
A,3,Z2,Q2,2024-04-19,,,12.7,
A,3,Z2,Q3,2024-04-19,Bothriochloa insculpta,Moderate,51.3,
A,3,Z2,Q3,2024-04-19,Hyperrhenia hirta,Moderate,36,
A,3,Z2,Q3,2024-04-19,,,43.7,
A,3,Z2,Q3,2024-04-19,,,46.1,
A,3,Z2,Q4,2024-04-19,Bothriochloa insculpta,Moderate,5.9,
A,3,Z2,Q4,2024-04-19,Hyperrhenia hirta,Moderate,8.7,
A,3,Z2,Q4,2024-04-19,Digitaria eriantha,High,12.6,
A,3,Z2,Q4,2024-04-19,Eragrostis gummiflua,Low,12.7,
A,3,Z2,Q5,2024-04-19,Urochloa mosambicensis,Moderate,11.8,
A,3,Z2,Q5,2024-04-19,Bothriochloa insculpta,Moderate,15.7,
A,3,Z2,Q5,2024-04-19,Eragrostis gummiflua,Low,18.6,
A,3,Z2,Q5,2024-04-19,,,20.6,
A,3,Z3,Q1,2024-04-19,Heteropogon contortus,Moderate,10.7,
A,3,Z3,Q1,2024-04-19,Aristida adscensionis,Low,16.9,
A,3,Z3,Q1,2024-04-19,Melinis repens,Low,13.6,
A,3,Z3,Q1,2024-04-19,Eragrostis rigidior,Moderate,13.5,
A,3,Z3,Q2,2024-04-19,Cynodon dactylon,High,31.8,
A,3,Z3,Q2,2024-04-19,Urochloa mosambicensis,Moderate,29,
A,3,Z3,Q2,2024-04-19,Setaria pumila ,Moderate,26.4,
A,3,Z3,Q2,2024-04-19,,,25.9,
A,3,Z3,Q3,2024-04-19,Heteropogon contortus,Moderate,26.8,
A,3,Z3,Q3,2024-04-19,Aristida adscensionis,Low,19.2,
A,3,Z3,Q3,2024-04-19,Urochloa mosambicensis,Moderate,17.8,
A,3,Z3,Q3,2024-04-19,Cymbopogon excavatus,Low,16.9,
A,3,Z3,Q3,2024-04-19,Digitaria eriantha,High,,
A,3,Z3,Q4,2024-04-19,Aristida adscensionis,Low,6.8,
A,3,Z3,Q4,2024-04-19,Urochloa mosambicensis,Moderate,11.5,
A,3,Z3,Q4,2024-04-19,Hyperrhenia filipendula,Moderate,17.8,
A,3,Z3,Q4,2024-04-19,Setaria incrassata,High,14.2,
A,3,Z3,Q4,2024-04-19,Eragrostis superba,Moderate,,
A,3,Z3,Q5,2024-04-19,Urochloa mosambicensis,Moderate,31.7,
A,3,Z3,Q5,2024-04-19,Hyperrhenia filipendula,Moderate,19.9,
A,3,Z3,Q5,2024-04-19,Hyperrhenia hirta,Moderate,18.7,
A,3,Z3,Q5,2024-04-19,Pogonarthria squarrosa ,Low,18.5,
A,3,Z4,Q1,2024-04-19,Heteropogon contortus,Moderate,14.9,
A,3,Z4,Q1,2024-04-19,Aristida adscensionis,Low,17.3,
A,3,Z4,Q1,2024-04-19,,,19.4,
A,3,Z4,Q1,2024-04-19,,,16.1,
A,3,Z4,Q2,2024-04-19,Heteropogon contortus,Moderate,8.5,
A,3,Z4,Q2,2024-04-19,Melinis repens,Low,9.7,
A,3,Z4,Q2,2024-04-19,Digitaria eriantha,High,11.6,
A,3,Z4,Q2,2024-04-19,Setaria incrassata,High,10.6,
A,3,Z4,Q3,2024-04-19,Heteropogon contortus,Moderate,6,
A,3,Z4,Q3,2024-04-19,Urochloa mosambicensis,Moderate,10.9,
A,3,Z4,Q3,2024-04-19,Themeda triandra,High,11.4,
A,3,Z4,Q3,2024-04-19,,,13.2,
A,3,Z4,Q4,2024-04-19,Urochloa mosambicensis,Moderate,42.7,
A,3,Z4,Q4,2024-04-19,Melinis repens,Low,41.3,
A,3,Z4,Q4,2024-04-19,Cymbopogon excavatus,Low,37.6,
A,3,Z4,Q4,2024-04-19,,,36.9,
A,3,Z4,Q5,2024-04-19,Heteropogon contortus,Moderate,6.4,
A,3,Z4,Q5,2024-04-19,Aristida adscensionis,Low,18,
A,3,Z4,Q5,2024-04-19,Urochloa mosambicensis,Moderate,21,
A,3,Z4,Q5,2024-04-19,Hyperrhenia filipendula,Moderate,23.8,
A,3,Z4,Q5,2024-04-19,Pogonarthria squarrosa ,Low,,
A,4,Z1,Q1,2024-04-22,Bothriochloa insculpta,Moderate,19.7,
A,4,Z1,Q1,2024-04-22,,,22.4,
A,4,Z1,Q1,2024-04-22,,,22.6,
A,4,Z1,Q1,2024-04-22,,,25,
A,4,Z1,Q2,2024-04-22,Brachiaria serrata,Moderate,21,
A,4,Z1,Q2,2024-04-22,Eragrostis gummiflua,Low,20.5,
A,4,Z1,Q2,2024-04-22,Bothriochloa insculpta,Moderate,20.4,
A,4,Z1,Q2,2024-04-22,,,20.5,
A,4,Z1,Q3,2024-04-22,Heteropogon contortus,Moderate,22.5,
A,4,Z1,Q3,2024-04-22,Themeda triandra,High,22.5,
A,4,Z1,Q3,2024-04-22,,,22.5,
A,4,Z1,Q3,2024-04-22,,,22.5,
A,4,Z1,Q4,2024-04-22,Bothriochloa insculpta,Moderate,24.1,
A,4,Z1,Q4,2024-04-22,Cymbopogon excavatus,Low,32,
A,4,Z1,Q4,2024-04-22,,,34.3,
A,4,Z1,Q4,2024-04-22,,,32.5,
A,4,Z1,Q5,2024-04-22,Bothriochloa insculpta,Moderate,35.6,
A,4,Z1,Q5,2024-04-22,Urochloa mosambicensis,Moderate,27.9,
A,4,Z1,Q5,2024-04-22,,,33.3,
A,4,Z1,Q5,2024-04-22,,,37,
A,4,Z2,Q1,2024-04-22,Bothriochloa insculpta,Moderate,20.5,
A,4,Z2,Q1,2024-04-22,Digitaria eriantha,High,21.7,
A,4,Z2,Q1,2024-04-22,,,22,
A,4,Z1,Q1,2024-04-22,,,21.4,
A,4,Z2,Q2,2024-04-22,Aristida adscensionis,Low,18.7,
A,4,Z2,Q2,2024-04-22,Cymbopogon excavatus,Low,19.2,
A,4,Z2,Q2,2024-04-22,Heteropogon contortus,Moderate,18.9,
A,4,Z2,Q2,2024-04-22,Digitaria eriantha,High,18.5,
A,4,Z2,Q3,2024-04-22,Aristida adscensionis,Low,20.5,
A,4,Z2,Q3,2024-04-22,Heteropogon contortus,Moderate,20.7,
A,4,Z2,Q3,2024-04-22,,,20.5,
A,4,Z2,Q3,2024-04-22,,,21.4,
A,4,Z2,Q4,2024-04-22,Cymbopogon excavatus,Low,36.4,
A,4,Z2,Q4,2024-04-22,Heteropogon contortus,Moderate,36.6,
A,4,Z2,Q4,2024-04-22,Andropogon eucomus,Low,32.1,
A,4,Z2,Q4,2024-04-22,,,30.6,
A,4,Z2,Q5,2024-04-22,Aristida adscensionis,Low,23,
A,4,Z2,Q5,2024-04-22,Themeda triandra,High,23.1,
A,4,Z2,Q5,2024-04-22,,,21.7,
A,4,Z2,Q5,2024-04-22,,,21.1,
A,4,Z3,Q1,2024-04-22,Loudetia simplex,Low,20.2,
A,4,Z3,Q1,2024-04-22,Bothriochloa insculpta,Moderate,20.1,
A,4,Z3,Q1,2024-04-22,,,20.1,
A,4,Z3,Q1,2024-04-22,,,20.4,
A,4,Z3,Q2,2024-04-22,Bothriochloa insculpta,Moderate,20.2,
A,4,Z3,Q2,2024-04-22,Aristida adscensionis,Low,20.3,
A,4,Z3,Q2,2024-04-22,,,20.6,
A,4,Z3,Q2,2024-04-22,,,20,
A,4,Z3,Q3,2024-04-22,Bothriochloa insculpta,Moderate,12.7,
A,4,Z3,Q3,2024-04-22,Andropogon eucomus,Low,17.2,
A,4,Z3,Q3,2024-04-22,,,16.1,
A,4,Z3,Q3,2024-04-22,,,17.3,
A,4,Z3,Q4,2024-04-22,Urochloa mosambicensis,Moderate,3.7,
A,4,Z3,Q4,2024-04-22,Digitaria eriantha,High,9.5,
A,4,Z3,Q4,2024-04-22,Andropogon eucomus,Low,13,
A,4,Z3,Q4,2024-04-22,Bothriochloa insculpta,Moderate,11.4,
A,4,Z3,Q5,2024-04-22,Bothriochloa insculpta,Moderate,19.6,
A,4,Z3,Q5,2024-04-22,Aristida adscensionis,Low,20,
A,4,Z3,Q5,2024-04-22,,,20.1,
A,4,Z3,Q5,2024-04-22,,,20.1,
A,4,Z4,Q1,2024-04-22,Bothriochloa insculpta,Moderate,18.3,
A,4,Z4,Q1,2024-04-22,Heteropogon contortus,Moderate,18.9,
A,4,Z4,Q1,2024-04-22,Melinis repens,Low,19,
A,4,Z4,Q1,2024-04-22,,,18.9,
A,4,Z4,Q2,2024-04-22,Andropogon eucomus,Low,17.9,
A,4,Z4,Q2,2024-04-22,Urochloa mosambicensis,Moderate,19.1,
A,4,Z4,Q2,2024-04-22,Cymbopogon excavatus,Low,19.4,
A,4,Z4,Q2,2024-04-22,,,19.4,
A,4,Z4,Q3,2024-04-22,Heteropogon contortus,Moderate,23,
A,4,Z4,Q3,2024-04-22,Themeda triandra,High,22.2,
A,4,Z4,Q3,2024-04-22,Eragrostis superba,Moderate,21.3,
A,4,Z4,Q3,2024-04-22,,,20.8,
A,4,Z4,Q4,2024-04-22,Bothriochloa insculpta,Moderate,19.9,
A,4,Z4,Q4,2024-04-22,Heteropogon contortus,Moderate,19.9,
A,4,Z4,Q4,2024-04-22,Digitaria eriantha,High,19.5,
A,4,Z4,Q4,2024-04-22,,,19.2,
A,4,Z4,Q5,2024-04-22,Heteropogon contortus,Moderate,25.7,
A,4,Z4,Q5,2024-04-22,Themeda triandra,High,17.1,
A,4,Z4,Q5,2024-04-22,Eragrostis superba,Moderate,17.8,
A,4,Z4,Q5,2024-04-22,Digitaria eriantha,High,22.1,
A,5,Z1,Q1,2024-04-18,Hyperrhenia hirta,Moderate,12.1,
A,5,Z1,Q1,2024-04-18,Urochloa mosambicensis,Moderate,13.8,
A,5,Z1,Q1,2024-04-18,Hyperrhenia filipendula,Moderate,13.7,
A,5,Z1,Q1,2024-04-18,Bothriochloa insculpta,Moderate,14.2,
A,5,Z1,Q1,2024-04-18,Heteropogon contortus,Moderate,,
A,5,Z1,Q1,2024-04-18,Aristida adscensionis,Low,,
A,5,Z1,Q2,2024-04-18,Urochloa mosambicensis,Moderate,25.6,
A,5,Z1,Q2,2024-04-18,Aristida adscensionis,Low,20.8,
A,5,Z1,Q2,2024-04-18,,,22.3,
A,5,Z1,Q2,2024-04-18,,,22.7,
A,5,Z1,Q3,2024-04-18,Cymbopogon excavatus,Low,28.2,
A,5,Z1,Q3,2024-04-18,Bothriochloa insculpta,Moderate,28.8,
A,5,Z1,Q3,2024-04-18,Urochloa mosambicensis,Moderate,31.2,
A,5,Z1,Q3,2024-04-18,,,28.8,
A,5,Z1,Q4,2024-04-18,Hyperrhenia hirta,Moderate,21,
A,5,Z1,Q4,2024-04-18,Heteropogon contortus,Moderate,17.1,
A,5,Z1,Q4,2024-04-18,Urochloa mosambicensis,Moderate,21.7,
A,5,Z1,Q4,2024-04-18,,,23,
A,5,Z1,Q5,2024-04-18,Urochloa mosambicensis,Moderate,17.1,
A,5,Z1,Q5,2024-04-18,Hyperrhenia filipendula,Moderate,14.7,
A,5,Z1,Q5,2024-04-18,Bothriochloa insculpta,Moderate,21.1,
A,5,Z1,Q5,2024-04-18,,,21.4,
A,5,Z2,Q1,2024-04-18,Urochloa mosambicensis,Moderate,22.6,
A,5,Z2,Q1,2024-04-18,Heteropogon contortus,Moderate,16.8,
A,5,Z2,Q1,2024-04-18,Aristida adscensionis,Low,14.9,
A,5,Z2,Q1,2024-04-18,Setaria sphacelata ,High,13.6,
A,5,Z2,Q2,2024-04-18,Urochloa mosambicensis,Moderate,10.6,
A,5,Z2,Q2,2024-04-18,Bothriochloa insculpta,Moderate,14.8,
A,5,Z2,Q2,2024-04-18,Heteropogon contortus,Moderate,17,
A,5,Z2,Q2,2024-04-18,Aristida adscensionis,Low,19.8,
A,5,Z2,Q2,2024-04-18,Melinis repens ,Low,,
A,5,Z2,Q3,2024-04-18,Panicum maximum,High,10.8,
A,5,Z2,Q3,2024-04-18,Hyperrhenia filipendula,Moderate,9.2,
A,5,Z2,Q3,2024-04-18,,,11.4,
A,5,Z2,Q3,2024-04-18,,,10.3,
A,5,Z2,Q4,2024-04-18,Heteropogon contortus,Moderate,17.7,
A,5,Z2,Q4,2024-04-18,Hyperrhenia filipendula,Moderate,17.5,
A,5,Z2,Q4,2024-04-18,Cymbopogon excavatus,Low,17.4,
A,5,Z2,Q4,2024-04-18,,,16.4,
A,5,Z2,Q5,2024-04-18,Urochloa mosambicensis,Moderate,15.1,
A,5,Z2,Q5,2024-04-18,Cymbopogon excavatus,Low,17.3,
A,5,Z2,Q5,2024-04-18,,,20.1,
A,5,Z2,Q5,2024-04-18,,,22.7,
A,5,Z3,Q1,2024-04-18,Bothriochloa insculpta,Moderate,29.8,
A,5,Z3,Q1,2024-04-18,Urochloa mosambicensis,Moderate,26.7,
A,5,Z3,Q1,2024-04-18,,,22.3,
A,5,Z3,Q1,2024-04-18,,,22.3,
A,5,Z3,Q2,2024-04-18,Bothriochloa insculpta,Moderate,36.3,
A,5,Z3,Q2,2024-04-18,Heteropogon contortus,Moderate,34.5,
A,5,Z3,Q2,2024-04-18,Eragrostis gummiflua,Low,34.2,
A,5,Z3,Q2,2024-04-18,Andropogon eucomus,Low,34.5,
A,5,Z3,Q3,2024-04-18,Aristida adscensionis,Low,20.4,
A,5,Z3,Q3,2024-04-18,Bothriochloa insculpta,Moderate,17.1,
A,5,Z3,Q3,2024-04-18,,,19.3,
A,5,Z3,Q3,2024-04-18,,,18.6,
A,5,Z3,Q4,2024-04-18,Bothriochloa insculpta,Moderate,17.1,
A,5,Z3,Q4,2024-04-18,Aristida adscensionis,Low,17,
A,5,Z3,Q4,2024-04-18,Cymbopogon excavatus,Low,20.2,
A,5,Z3,Q4,2024-04-18,Eragrostis superba,Moderate,22.5,
A,5,Z3,Q5,2024-04-18,Heteropogon contortus,Moderate,8.7,
A,5,Z3,Q5,2024-04-18,Bothriochloa insculpta,Moderate,11.6,
A,5,Z3,Q5,2024-04-18,Hyperrhenia hirta,Moderate,11.3,
A,5,Z3,Q5,2024-04-18,,,10.3,
A,5,Z4,Q1,2024-04-18,Bothriochloa insculpta,Moderate,13.2,
A,5,Z4,Q1,2024-04-18,Heteropogon contortus,Moderate,17.8,
A,5,Z4,Q1,2024-04-18,Aristida adscensionis,Low,18.3,
A,5,Z4,Q1,2024-04-18,Cymbopogon excavatus,Low,17.6,
A,5,Z4,Q2,2024-04-18,Eragrostis gummiflua,Low,19.1,
A,5,Z4,Q2,2024-04-18,Bothriochloa insculpta,Moderate,16,
A,5,Z4,Q2,2024-04-18,Cymbopogon excavatus,Low,17.5,
A,5,Z4,Q2,2024-04-18,,,18.1,
A,5,Z4,Q3,2024-04-18,Bothriochloa insculpta,Moderate,20.8,
A,5,Z4,Q3,2024-04-18,Aristida adscensionis,Low,18.1,
A,5,Z4,Q3,2024-04-18,Urochloa mosambicensis,Moderate,23.3,
A,5,Z4,Q3,2024-04-18,Hyperrhenia filipendula,Moderate,24.5,
A,5,Z4,Q4,2024-04-18,Bothriochloa insculpta,Moderate,35.3,
A,5,Z4,Q4,2024-04-18,Cymbopogon excavatus,Low,24.2,
A,5,Z4,Q4,2024-04-18,,,19,
A,5,Z4,Q4,2024-04-18,,,23.6,
A,5,Z4,Q5,2024-04-18,Heteropogon contortus,Moderate,18.8,
A,5,Z4,Q5,2024-04-18,Bothriochloa insculpta,Moderate,15.6,
A,5,Z4,Q5,2024-04-18,Urochloa mosambicensis,Moderate,18.3,
A,5,Z4,Q5,2024-04-18,,,18.6,
A,1,Z1,Q1,2024-04-05,Eragrostis superba,Moderate,6.4,
A,1,Z1,Q1,2024-04-05,Heteropogon contortus,Moderate,2.8,
A,1,Z1,Q1,2024-04-05,Cymbopogon excavatus,Low,5.8,
B,1,Z1,Q1,2024-04-05,,,2.6,
B,1,Z1,Q2,2024-04-05,Eragrostis gummiflua,Low,5.1,
B,1,Z1,Q2,2024-04-05,Heteropogon contortus,Moderate,4.2,
B,1,Z1,Q2,2024-04-05,Cymbopogon excavatus,Low,6.7,
B,1,Z1,Q2,2024-04-05,,,6.2,
B,1,Z1,Q3,2024-04-05,Cymbopogon excavatus,Low,6.1,
B,1,Z1,Q3,2024-04-05,Heteropogon contortus,Moderate,3.7,
B,1,Z1,Q3,2024-04-05,Melinis repens,Low,3.2,
B,1,Z1,Q3,2024-04-05,Aristida congesta C,Low,2.4,
B,1,Z1,Q4,2024-04-05,Eragrostis gummiflua,Low,8.5,
B,1,Z1,Q4,2024-04-05,Eragrostis rigidior,Moderate,3.1,
B,1,Z1,Q4,2024-04-05,Melinis repens,Low,4.4,
B,1,Z1,Q4,2024-04-05,Heteropogon contortus,Moderate,4.2,
B,1,Z1,,2024-04-05,,,,
B,1,Z1,Q5,2024-04-05,Aristida congesta C,Low,6.7,
B,1,Z1,Q5,2024-04-05,Heteropogon contortus,Moderate,6,
B,1,Z1,Q5,2024-04-05,,,6.7,
B,1,Z1,Q5,2024-04-05,,,5.3,
B,1,Z2,Q1,2024-04-05,Cymbopogon excavatus,Low,2.2,
B,1,Z2,Q1,2024-04-05,Eragrostis rigidior,Moderate,8,
B,1,Z2,Q1,2024-04-05,Heteropogon contortus,Moderate,14,
B,1,Z2,Q1,2024-04-05,Aristida  canescens,Low,20,
B,1,Z2,Q2,2024-04-05,Aristida congesta C,Low,7,
B,1,Z2,Q2,2024-04-05,Eragrostis rigidior,Moderate,8.2,
B,1,Z2,Q2,2024-04-05,Heteropogon contortus,Moderate,5.9,
B,1,Z2,Q2,2024-04-05,Aristida  canescens,Low,6.6,
B,1,Z2,Q3,2024-04-05,Bothriochloa insculpta,Moderate,2.6,
B,1,Z2,Q3,2024-04-05,Melinis repens,Low,6,
B,1,Z2,Q3,2024-04-05,Heteropogon contortus,Moderate,7.6,
B,1,Z2,Q3,2024-04-05,,,6.6,
B,1,Z2,Q4,2024-04-05,Cymbopogon excavatus,Low,11.4,
B,1,Z2,Q4,2024-04-05,Bothriochloa insculpta,Moderate,22.9,
B,1,Z2,Q4,2024-04-05,,,6.3,
B,1,Z2,Q4,2024-04-05,,,31,
B,1,Z2,Q5,2024-04-05,Heteropogon contortus,Moderate,5.6,
B,1,Z2,Q5,2024-04-05,Melinis repens,Low,7.2,
B,1,Z2,Q5,2024-04-05,Bothriochloa insculpta,Moderate,5.2,
B,1,Z2,Q5,2024-04-05,,,7.5,
B,1,Z3,Q1,2024-04-06,Aristida congesta B,Low,4,
B,1,Z3,Q1,2024-04-06,Eragrostis rigidior,Moderate,4.7,
B,1,Z3,Q1,2024-04-06,Eragrostis superba,Moderate,4.7,
B,1,Z3,Q1,2024-04-06,Cymbopogon excavatus,Low,10.5,
B,1,Z3,Q1,2024-04-06,Hyperrhenia filipendula,Moderate,,
B,1,Z3,Q1,2024-04-06,Heteropogon contortus,Moderate,,
B,1,Z3,Q2,2024-04-06,Eragrostis gummiflua,Low,10.7,
B,1,Z3,Q2,2024-04-06,Heteropogon contortus,Moderate,11.9,
B,1,Z3,Q2,2024-04-06,Eragrostis superba,Moderate,10.6,
B,1,Z3,Q2,2024-04-06,,,9.7,
B,1,Z3,Q3,2024-04-06,Aristida congesta B,Low,7.3,
B,1,Z3,Q3,2024-04-06,Eragrostis superba,Moderate,8.8,
B,1,Z3,Q3,2024-04-06,Heteropogon contortus,Moderate,12.3,
B,1,Z3,Q3,2024-04-06,Eragrostis gummiflua,Low,5.6,
B,1,Z3,Q3,2024-04-06,Aristida adscensionis,Moderate,,
B,1,Z3,Q3,2024-04-06,Bothriochloa insculpta,Moderate,,
B,1,Z3,Q4,2024-04-06,Aristida congesta B,Low,5.3,
B,1,Z3,Q4,2024-04-06,Heteropogon contortus,Moderate,5.9,
B,1,Z3,Q4,2024-04-06,Eragrostis gummiflua,Low,5.3,
B,1,Z3,Q4,2024-04-06,Aristida adscensionis,Low,5.2,
B,1,Z3,Q4,2024-04-06,Melinis repens,Low,,
B,1,Z3,Q4,2024-04-06,Themeda triandra,High,,
B,1,Z3,Q4,2024-04-06,Setaria sphacelata,High,,
B,1,Z3,Q5,2024-04-06,Heteropogon contortus,Moderate,5.1,
B,1,Z3,Q5,2024-04-06,Cymbopogon excavatus,Low,5.5,
B,1,Z3,Q5,2024-04-06,,,5.9,
B,1,Z3,Q5,2024-04-06,,,6.5,
B,1,Z4,Q1,2024-04-06,Eragrostis gummiflua,Low,2.8,
B,1,Z4,Q1,2024-04-06,Heteropogon contortus,Moderate,5.7,
B,1,Z4,Q1,2024-04-06,Cymbopogon excavatus,Low,8.2,
B,1,Z4,Q1,2024-04-06,Melinis repens,Low,7.1,
B,1,Z4,Q1,2024-04-06,Bothriochloa insculpta,Moderate,,
B,1,Z4,Q2,2024-04-06,Heteropogon contortus,Moderate,3.8,
B,1,Z4,Q2,2024-04-06,Cymbopogon excavatus,Low,7,
B,1,Z4,Q2,2024-04-06,,,5.8,
B,1,Z4,Q2,2024-04-06,,,5.8,
B,1,Z4,Q3,2024-04-06,Cymbopogon excavatus,Low,16.4,
B,1,Z4,Q3,2024-04-06,Eragrostis superba,Moderate,17.6,
B,1,Z4,Q3,2024-04-06,Eragrostis gummiflua,Low,14.9,
B,1,Z4,Q3,2024-04-06,Aristida congesta B,Low,13.4,
B,1,Z4,Q3,2024-04-06,Heteropogon contortus,Moderate,,
B,1,Z4,Q4,2024-04-06,Heteropogon contortus,Moderate,4,
B,1,Z4,Q4,2024-04-06,Cymbopogon excavatus,Low,3.4,
B,1,Z4,Q4,2024-04-06,Melinis repens,Low,4.8,
B,1,Z4,Q4,2024-04-06,Bothriochloa insculpta,Moderate,4.9,
B,1,Z4,Q5,2024-04-06,Heteropogon contortus,Moderate,1.9,
B,1,Z4,Q5,2024-04-06,Eragrostis gummiflua,Low,4.2,
B,1,Z4,Q5,2024-04-06,Eragrostis superba,Moderate,6.7,
B,1,Z4,Q5,2024-04-06,,,7,
B,2,Z1,Q1,2024-04-07,Brachiaria serrata,Moderate,7.9,
B,2,Z1,Q1,2024-04-07,Heteropogon contortus,Moderate,8.2,
B,2,Z1,Q1,2024-04-07,Aristida adscensionis,Low,8.9,
B,2,Z1,Q1,2024-04-07,Bothriochloa insculpta,Moderate,9.8,
B,2,Z1,Q2,2024-04-07,Heteropogon contortus,Moderate,18.5,
B,2,Z1,Q2,2024-04-07,Cymbopogon excavatus,Low,18.5,
B,2,Z1,Q2,2024-04-07,Aristida adscensionis,Low,16.1,
B,2,Z1,Q2,2024-04-07,Themeda triandra,High,17.4,
B,2,Z1,Q3,2024-04-07,Heteropogon contortus,Moderate,10.7,
B,2,Z1,Q3,2024-04-07,Cymbopogon excavatus,Low,11,
B,2,Z1,Q3,2024-04-07,,,14.8,
B,2,Z1,Q3,2024-04-07,,,14.9,
B,2,Z1,Q4,2024-04-07,Heteropogon contortus,Moderate,9.5,
B,2,Z1,Q4,2024-04-07,Cymbopogon excavatus,Low,10.4,
B,2,Z1,Q4,2024-04-07,Aristida adscensionis,Low,13.2,
B,2,Z1,Q4,2024-04-07,Eragrostis rigidior,Moderate,12.3,
B,2,Z1,Q5,2024-04-07,Cymbopogon excavatus,Low,17.1,
B,2,Z1,Q5,2024-04-07,Aristida adscensionis,Low,17.2,
B,2,Z1,Q5,2024-04-07,Melinis repens,Low,18.8,
B,2,Z1,Q5,2024-04-07,,,15.6,
B,2,Z2,Q1,2024-04-07,Cymbopogon excavatus,Low,16.8,
B,2,Z2,Q1,2024-04-07,Hyperrhenia filipendula,Moderate,13.3,
B,2,Z2,Q1,2024-04-07,Heteropogon contortus,Moderate,11,
B,2,Z2,Q1,2024-04-07,Melinis repens,Low,22.9,
B,2,Z2,Q1,2024-04-07,Bothriochloa insculpta,Moderate,,
B,2,Z2,Q2,2024-04-07,Heteropogon contortus,Moderate,3.4,
B,2,Z2,Q2,2024-04-07,Melinis repens,Low,5.7,
B,2,Z2,Q2,2024-04-07,Panicum maximum,High,7.4,
B,2,Z2,Q2,2024-04-07,,,12,
B,2,Z2,Q3,2024-04-07,Eragrostis gummiflua,Low,9.6,
B,2,Z2,Q3,2024-04-07,Heteropogon contortus,Moderate,9.4,
B,2,Z2,Q3,2024-04-07,Cymbopogon excavatus,Low,9.7,
B,2,Z2,Q3,2024-04-07,Bothriochloa insculpta,Moderate,9.4,
B,2,Z2,Q4,2024-04-07,Eragrostis gummiflua,Low,9.3,
B,2,Z2,Q4,2024-04-07,Heteropogon contortus,Moderate,8.3,
B,2,Z2,Q4,2024-04-07,Cymbopogon excavatus,Low,7.8,
B,2,Z2,Q4,2024-04-07,Bothriochloa insculpta,Moderate,7.5,
B,2,Z2,Q4,2024-04-07,Eragrostis rigidior,Moderate,,
B,2,Z2,Q4,2024-04-07,Melinis repens,Low,,
B,2,Z2,Q5,2024-04-07,Cymbopogon excavatus,Low,9.3,
B,2,Z2,Q5,2024-04-07,Eragrostis gummiflua,Low,15.3,
B,2,Z2,Q5,2024-04-07,Heteropogon contortus,Moderate,11,
B,2,Z2,Q5,2024-04-07,Urochloa mosambicensis,Moderate,6.1,
B,2,Z3,Q1,2024-04-13,Heteropogon contortus,Moderate,6.3,
B,2,Z3,Q1,2024-04-13,Aristida adscensionis,Low,5.7,
B,2,Z3,Q1,2024-04-13,Bothriochloa insculpta,Moderate,10.9,
B,2,Z3,Q1,2024-04-13,,,11.1,
B,2,Z3,Q2,2024-04-13,Heteropogon contortus,Moderate,2.1,
B,2,Z3,Q2,2024-04-13,Cymbopogon excavatus,Low,4.6,
B,2,Z3,Q2,2024-04-13,,,6.9,
B,2,Z3,Q2,2024-04-13,,,10.6,
B,2,Z3,Q3,2024-04-13,Eragrostis gummiflua,Low,25.2,
B,2,Z3,Q3,2024-04-13,Heteropogon contortus,Moderate,24.3,
B,2,Z3,Q3,2024-04-13,Cymbopogon excavatus,Moderate,24,
B,2,Z3,Q3,2024-04-13,Aristida adscensionis,Low,28.7,
B,2,Z3,Q3,2024-04-13,Melinis repens,Low,,
B,2,Z3,Q3,2024-04-13,Digitaria eriantha,High,,
B,2,Z3,Q4,2024-04-13,Heteropogon contortus,Moderate,6,
B,2,Z3,Q4,2024-04-13,Cymbopogon excavatus,Low,4.5,
B,2,Z3,Q4,2024-04-13,Setaria pumila ,Moderate,4.7,
B,2,Z3,Q4,2024-04-13,,,3.8,
B,2,Z3,Q5,2024-04-13,Aristida adscensionis,Low,10.6,
B,2,Z3,Q5,2024-04-13,Heteropogon contortus,Moderate,13,
B,2,Z3,Q5,2024-04-13,Digitaria eriantha,High,12.3,
B,2,Z3,Q5,2024-04-13,,,,
B,2,Z4,Q1,2024-04-13,Heteropogon contortus,Moderate,16.8,
B,2,Z4,Q1,2024-04-13,Cymbopogon excavatus,,19.1,
B,2,Z4,Q1,2024-04-13,,,16.8,
B,2,Z4,Q1,2024-04-13,,,17.2,
B,2,Z4,Q2,2024-04-13,Heteropogon contortus,Moderate,12.2,
B,2,Z4,Q2,2024-04-13,Cymbopogon excavatus,Low,19.4,
B,2,Z4,Q2,2024-04-13,,,14.9,
B,2,Z4,Q2,2024-04-13,,,13.2,
B,2,Z4,Q3,2024-04-13,Heteropogon contortus,Moderate,9.3,
B,2,Z4,Q3,2024-04-13,Cymbopogon excavatus,Low,10.1,
B,2,Z4,Q3,2024-04-13,Eragrostis rigidior,Moderate,10.8,
B,2,Z4,Q3,2024-04-13,Aristida  canescens,Low,10,
B,2,Z4,Q3,2024-04-13,Setaria incrassata,High,,
B,2,Z4,Q3,2024-04-13,Eragrostis gummiflua,Low,,
B,2,Z4,Q4,2024-04-13,Heteropogon contortus,Moderate,9.8,
B,2,Z4,Q4,2024-04-13,Aristida congesta B,Low,7.6,
B,2,Z4,Q4,2024-04-13,,,10,
B,2,Z4,Q4,2024-04-13,,,9,
B,2,Z4,Q4,2024-04-13,Heteropogon contortus,Moderate,9.8,
B,2,Z4,Q4,2024-04-13,Aristida congesta B,Low,7.6,
B,2,Z4,Q4,2024-04-13,,,10,
B,2,Z4,Q4,2024-04-13,,,9,
B,2,Z4,Q5,2024-04-13,Heteropogon contortus,Moderate,8.6,
B,2,Z4,Q5,2024-04-13,Eragrostis gummiflua,Low,5.2,
B,2,Z4,Q5,2024-04-13,,,5.4,
B,2,Z4,Q5,2024-04-13,,,4,
B,3,Z1,Q1,2024-04-13,Cymbopogon excavatus,Low,6.8,
B,3,Z1,Q1,2024-04-13,Cynodon dactylon,High,8.1,
B,3,Z1,Q1,2024-04-13,Eragrostis superba,Moderate,8.7,
B,3,Z1,Q1,2024-04-13,Themeda triandra,High,10.5,
B,3,Z1,Q1,2024-04-13,Bothriochloa insculpta,Moderate,,
B,3,Z1,Q2,2024-04-13,Cymbopogon plurinodis,Low,9.5,
B,3,Z1,Q2,2024-04-13,Cymbopogon excavatus,Low,9.9,
B,3,Z1,Q2,2024-04-13,Setaria incrassata,High,9.1,
B,3,Z1,Q2,2024-04-13,Eragrostis superba,Moderate,10.2,
B,3,Z1,Q2,2024-04-13,Digitaria eriantha,High,,
B,3,Z1,Q2,2024-04-13,Heteropogon contortus,Moderate,,
B,3,Z1,Q2,2024-04-13,Melinis repens,Low,,
B,3,Z1,Q3,2024-04-13,Heteropogon contortus,Moderate,7.5,
B,3,Z1,Q3,2024-04-13,Melinis repens,Low,6.8,
B,3,Z1,Q3,2024-04-13,Aristida adscensionis,Low,7.3,
B,3,Z1,Q3,2024-04-13,Bothriochloa insculpta,Moderate,8.6,
B,3,Z1,Q4,2024-04-13,Cynodon dactylon,High,14.1,
B,3,Z1,Q4,2024-04-13,Melinis repens,Low,10.9,
B,3,Z1,Q4,2024-04-13,Aristida adscensionis,Low,10.1,
B,3,Z1,Q4,2024-04-13,Cymbopogon excavatus,Low,10.4,
B,3,Z1,Q4,2024-04-13,Cymbopogon plurinodis,Low,,
B,3,Z1,Q5,2024-04-13,Heteropogon contortus,Moderate,15.4,
B,3,Z1,Q5,2024-04-13,Melinis repens,Low,16.2,
B,3,Z1,Q5,2024-04-13,Aristida adscensionis,Low,17.1,
B,3,Z1,Q5,2024-04-13,Bothriochloa insculpta,Moderate,16.9,
B,3,Z1,Q5,2024-04-13,Cymbopogon plurinodis,Low,,
B,3,Z2,Q1,2024-04-13,Cynodon dactylon,High,10.2,
B,3,Z2,Q1,2024-04-13,Themeda triandra,High,15.3,
B,3,Z2,Q1,2024-04-13,Melinis repens,Low,16.6,
B,3,Z2,Q1,2024-04-13,Eragrostis gummiflua,Low,17.2,
B,3,Z2,Q2,2024-04-13,Themeda triandra,High,16.9,
B,3,Z2,Q2,2024-04-13,Hyperrhenia filipendula,Moderate,17.3,
B,3,Z2,Q2,2024-04-13,Cymbopogon excavatus,Low,15,
B,3,Z2,Q2,2024-04-13,Setaria pumila ,Moderate,13.6,
B,3,Z2,Q2,2024-04-13,Sporobolus africanus,Low,,
B,3,Z2,Q3,2024-04-13,Heteropogon contortus,Moderate,17.3,
B,3,Z2,Q3,2024-04-13,Melinis repens,Low,15.8,
B,3,Z2,Q3,2024-04-13,Aristida adscensionis,Low,14.8,
B,3,Z2,Q3,2024-04-13,Cymbopogon plurinodis,Low,14.6,
B,3,Z2,Q4,2024-04-13,Cymbopogon excavatus,Low,24.7,
B,3,Z2,Q4,2024-04-13,Heteropogon contortus,Moderate,26.3,
B,3,Z2,Q4,2024-04-13,Melinis repens,Low,19.7,
B,3,Z2,Q4,2024-04-13,Eragrostis gummiflua,Low,21.3,
B,3,Z2,Q5,2024-04-13,Heteropogon contortus,Moderate,7.5,
B,3,Z2,Q5,2024-04-13,Cymbopogon excavatus,Low,8.5,
B,3,Z2,Q5,2024-04-13,Eragrostis gummiflua,Low,12.4,
B,3,Z2,Q5,2024-04-13,,,13.5,
B,3,Z3,Q1,2024-04-13,Eragrostis superba,Moderate,7.9,
B,3,Z3,Q1,2024-04-13,Heteropogon contortus,Moderate,10.7,
B,3,Z3,Q1,2024-04-13,Melinis repens,Low,10.2,
B,3,Z3,Q1,2024-04-13,Eragrostis gummiflua,Low,9.6,
B,3,Z3,Q2,2024-04-13,Digitaria eriantha,High,3.2,
B,3,Z3,Q2,2024-04-13,Heteropogon contortus,Moderate,2.8,
B,3,Z3,Q2,2024-04-13,Melinis repens,Low,5.7,
B,3,Z3,Q2,2024-04-13,Eragrostis gummiflua,Low,10.1,
B,3,Z3,Q3,2024-04-13,Heteropogon contortus,Moderate,7.3,
B,3,Z3,Q3,2024-04-13,Setaria sphacelata,High,9.7,
B,3,Z3,Q3,2024-04-13,Themeda triandra,High,11.3,
B,3,Z3,Q3,2024-04-13,Digitaria eriantha,high,11.9,
B,3,Z3,Q4,2024-04-13,Heteropogon contortus,Moderate,13,
B,3,Z3,Q4,2024-04-13,Cymbopogon plurinodis,Low,16.9,
B,3,Z3,Q4,2024-04-13,Cymbopogon excavatus,Low,16.7,
B,3,Z3,Q4,2024-04-13,,,16.2,
B,3,Z3,Q5,2024-04-13,Heteropogon contortus,Moderate,5.9,
B,3,Z3,Q5,2024-04-13,Aristida adscensionis,Low,9.5,
B,3,Z3,Q5,2024-04-13,Eragrostis superba,Moderate,10.8,
B,3,Z3,Q5,2024-04-13,Eragrostis gummiflua,Low,10.1,
B,3,Z4,Q1,2024-04-13,Heteropogon contortus,Moderate,8.4,
B,3,Z4,Q1,2024-04-13,Aristida adscensionis,Low,7.2,
B,3,Z4,Q1,2024-04-13,Digitaria eriantha,High,10.7,
B,3,Z4,Q1,2024-04-13,Eragrostis gummiflua,Low,10.1,
B,3,Z4,Q1,2024-04-13,Cymbopogon plurinodis,Low,,
B,3,Z4,Q2,2024-04-13,Heteropogon contortus,Moderate,13.1,
B,3,Z4,Q2,2024-04-13,Aristida adscensionis,Low,12.6,
B,3,Z4,Q2,2024-04-13,Digitaria eriantha,High,14.6,
B,3,Z4,Q2,2024-04-13,,,13.1,
B,3,Z4,Q3,2024-04-13,Heteropogon contortus,Moderate,15,
B,3,Z4,Q3,2024-04-13,Aristida adscensionis,Low,14.5,
B,3,Z4,Q3,2024-04-13,Setaria pumila ,Moderate,14.1,
B,3,Z4,Q3,2024-04-13,,,15,
B,3,Z4,Q4,2024-04-13,Heteropogon contortus,Moderate,7.9,
B,3,Z4,Q4,2024-04-13,Melinis repens,Low,10,
B,3,Z4,Q4,2024-04-13,Eragrostis gummiflua,Low,10.3,
B,3,Z4,Q4,2024-04-13,,,10.1,
B,3,Z4,Q5,2024-04-13,Heteropogon contortus,Moderate,6,
B,3,Z4,Q5,2024-04-13,Digitaria eriantha,High,7.8,
B,3,Z4,Q5,2024-04-13,Eragrostis gummiflua,Low,6.6,
B,3,Z4,Q5,2024-04-13,,,8.1,
B,4,Z1,Q1,2024-04-13,Cymbopogon excavatus,Low,17.7,
B,4,Z1,Q1,2024-04-13,Eragrostis superba,Moderate,17.6,
B,4,Z1,Q1,2024-04-13,Heteropogon contortus,Moderate,20,
B,4,Z1,Q1,2024-04-13,,,15.4,
B,4,Z1,Q2,2024-04-13,Eragrostis gummiflua,Low,11.8,
B,4,Z1,Q2,2024-04-13,Heteropogon contortus,Moderate,13,
B,4,Z1,Q2,2024-04-13,Aristida adscensionis,Low,11.2,
B,4,Z1,Q2,2024-04-13,Digitaria eriantha,High,13.4,
B,4,Z1,Q2,2024-04-13,Eragrostis superba,Moderate,,
B,4,Z1,Q2,2024-04-13,Cymbopogon plurinodis,Low,,
B,4,Z1,Q3,2024-04-13,Heteropogon contortus,Moderate,10.2,
B,4,Z1,Q3,2024-04-13,Eragrostis rigidior,Low,9,
B,4,Z1,Q3,2024-04-13,Melinis repens,Low,9,
B,4,Z1,Q3,2024-04-13,Bothriochloa insculpta,Moderate,10.2,
B,4,Z1,Q4,2024-04-13,Heteropogon contortus,Moderate,7.8,
B,4,Z1,Q4,2024-04-13,Eragrostis superba,Moderate,7.4,
B,4,Z1,Q4,2024-04-13,Aristida congesta C,Low,8,
B,4,Z1,Q4,2024-04-13,Themeda triandra,High,10,
B,4,Z1,Q5,2024-04-13,Heteropogon contortus,Moderate,17.3,
B,4,Z1,Q5,2024-04-13,Aristida adscensionis,Low,12.7,
B,4,Z1,Q5,2024-04-13,Melinis repens,Low,13.3,
B,4,Z1,Q5,2024-04-13,Aristida diffusa,Low,12.7,
B,4,Z1,Q5,2024-04-13,Hyperrhenia filipendula,Moderate,,
B,4,Z1,Q5,2024-04-13,Setaria pumila ,Moderate,,
B,4,Z2,Q1,2024-04-13,Cymbopogon excavatus,Low,3.7,
B,4,Z2,Q1,2024-04-13,Heteropogon contortus,Moderate,3.3,
B,4,Z2,Q1,2024-04-13,Melinis repens,Low,8.4,
B,4,Z2,Q1,2024-04-13,,,12.3,
B,4,Z2,Q2,2024-04-13,Cymbopogon excavatus,Low,17.7,
B,4,Z2,Q2,2024-04-13,Heteropogon contortus,Moderate,17.1,
B,4,Z2,Q2,2024-04-13,Eragrostis gummiflua,Low,13.3,
B,4,Z2,Q2,2024-04-13,Setaria pumila ,Moderate,12.7,
B,4,Z2,Q3,2024-04-13,Cymbopogon excavatus,Low,4.1,
B,4,Z2,Q3,2024-04-13,Heteropogon contortus,Moderate,10.4,
B,4,Z2,Q3,2024-04-13,Aristida diffusa,Low,8.8,
B,4,Z2,Q3,2024-04-13,,,6.9,
B,4,Z2,Q4,2024-04-13,Eragrostis gummiflua,Low,6.4,
B,4,Z2,Q4,2024-04-13,Cymbopogon excavatus,Low,6.6,
B,4,Z2,Q4,2024-04-13,Heteropogon contortus,Moderate,7.3,
B,4,Z2,Q4,2024-04-13,Melinis repens,Low,7.6,
B,4,Z2,Q4,2024-04-13,Eragrostis rigidior,Moderate,,
B,4,Z2,Q4,2024-04-13,Aristida  canescens,Low,,
B,4,Z2,Q5,2024-04-13,Cymbopogon excavatus,Low,21.1,
B,4,Z2,Q5,2024-04-13,Heteropogon contortus,Moderate,15.1,
B,4,Z2,Q5,2024-04-13,Eragrostis superba,Moderate,12.2,
B,4,Z2,Q5,2024-04-13,,,14.9,
B,4,Z3,Q1,2024-04-13,Heteropogon contortus,Moderate,18.3,
B,4,Z3,Q1,2024-04-13,Melinis repens,Low,26,
B,4,Z3,Q1,2024-04-13,Hyperrhenia filipendula,Moderate,24.6,
B,4,Z3,Q1,2024-04-13,Themeda triandra,High,21,
B,4,Z3,Q2,2024-04-13,Heteropogon contortus,Moderate,18.8,
B,4,Z3,Q2,2024-04-13,Melinis repens,Low,11.2,
B,4,Z3,Q2,2024-04-13,Eragrostis rigidior,Moderate,2,
B,4,Z3,Q2,2024-04-13,,,3.3,
B,4,Z3,Q3,2024-04-13,Heteropogon contortus,Moderate,4.4,
B,4,Z3,Q3,2024-04-13,Digitaria eriantha,High,4.2,
B,4,Z3,Q3,2024-04-13,,,4.1,
B,4,Z3,Q3,2024-04-13,,,5,
B,4,Z3,Q4,2024-04-13,Heteropogon contortus,Moderate,14.1,
B,4,Z3,Q4,2024-04-13,Melinis repens,Low,23.2,
B,4,Z3,Q4,2024-04-13,Hyperrhenia filipendula,Moderate,19.2,
B,4,Z3,Q4,2024-04-13,Themeda triandra,High,11.4,
B,4,Z3,Q4,2024-04-13,Eragrostis superba,Moderate,,
B,4,Z3,Q5,2024-04-13,Digitaria eriantha,High,7.3,
B,4,Z3,Q5,2024-04-13,Heteropogon contortus,Moderate,7.7,
B,4,Z3,Q5,2024-04-13,Melinis repens,Low,7.8,
B,4,Z3,Q5,2024-04-13,Aristida adscensionis,Low,9.4,
B,4,Z4,Q1,2024-04-13,Eragrostis rigidior,Moderate,10.7,
B,4,Z4,Q1,2024-04-13,Heteropogon contortus,Moderate,33.7,
B,4,Z4,Q1,2024-04-13,Digitaria eriantha,High,29.4,
B,4,Z4,Q1,2024-04-13,Cymbopogon excavatus,Low,20.7,
B,4,Z4,Q1,2024-04-13,Eragrostis superba,Moderate,,
B,4,Z4,Q2,2024-04-13,Heteropogon contortus,Moderate,17.1,
B,4,Z4,Q2,2024-04-13,Melinis repens,Low,17.2,
B,4,Z4,Q2,2024-04-13,Aristida adscensionis,Low,16.3,
B,4,Z4,Q2,2024-04-13,Setaria pumila ,Moderate,14.7,
B,4,Z4,Q3,2024-04-13,Heteropogon contortus,Moderate,16,
B,4,Z4,Q3,2024-04-13,Aristida adscensionis,Low,15,
B,4,Z4,Q3,2024-04-13,Setaria pumila ,Moderate,18.1,
B,4,Z4,Q3,2024-04-13,Eragrostis superba,Moderate,19.4,
B,4,Z4,Q4,2024-04-13,Cymbopogon excavatus,Low,7.8,
B,4,Z4,Q4,2024-04-13,Melinis repens,Low,7.6,
B,4,Z4,Q4,2024-04-13,Heteropogon contortus,Moderate,7.5,
B,4,Z4,Q4,2024-04-13,Eragrostis gummiflua,Low,7.6,
B,4,Z4,Q5,2024-04-13,Cymbopogon excavatus,Low,33.7,
B,4,Z4,Q5,2024-04-13,Melinis repens,Low,31.6,
B,4,Z4,Q5,2024-04-13,Heteropogon contortus,Moderate,31,
B,4,Z4,Q5,2024-04-13,Eragrostis gummiflua,Low,26.4,
B,5,Z1,Q1,2024-04-14,Cynodon dactylon,High,13.2,
B,5,Z1,Q1,2024-04-14,Heteropogon contortus,Moderate,10.8,
B,5,Z1,Q1,2024-04-14,Setaria pumila ,Moderate,11.6,
B,5,Z1,Q1,2024-04-14,Aristida congesta B,Low,11,
B,5,Z1,Q2,2024-04-14,Heteropogon contortus,Moderate,14.5,
B,5,Z1,Q2,2024-04-14,Melinis repens,Low,14.6,
B,5,Z1,Q2,2024-04-14,Hyperrhenia filipendula,Moderate,14,
B,5,Z1,Q2,2024-04-14,Themeda triandra,High,14.9,
B,5,Z1,Q2,2024-04-14,Setaria pumila ,Moderate,,
B,5,Z1,Q3,2024-04-14,Cynodon dactylon,High,4.3,
B,5,Z1,Q3,2024-04-14,Heteropogon contortus,Moderate,5.5,
B,5,Z1,Q3,2024-04-14,Cymbopogon excavatus,Low,10.1,
B,5,Z1,Q3,2024-04-14,,,9.7,
B,5,Z1,Q4,2024-04-14,Cynodon dactylon,High,13.9,
B,5,Z1,Q4,2024-04-14,Cymbopogon excavatus,Low,8.2,
B,5,Z1,Q4,2024-04-14,Setaria pumila ,Moderate,8.5,
B,5,Z1,Q4,2024-04-14,,,9.1,
B,5,Z1,Q5,2024-04-14,Bothriochloa insculpta,Moderate,9.7,
B,5,Z1,Q5,2024-04-14,Heteropogon contortus,Moderate,8.6,
B,5,Z1,Q5,2024-04-14,,,7.1,
B,5,Z1,Q5,2024-04-14,,,7.5,
B,5,Z2,Q1,2024-04-14,Cynodon dactylon,High,12.5,
B,5,Z2,Q1,2024-04-14,Heteropogon contortus,Moderate,10,
B,5,Z2,Q1,2024-04-14,Aristida congesta B,Low,10.1,
B,5,Z2,Q1,2024-04-14,Melinis repens,Low,9.9,
B,5,Z2,Q1,2024-04-14,Eragrostis gummiflua,Low,,
B,5,Z2,Q1,2024-04-14,Eragrostis superba,Moderate,,
B,5,Z2,Q2,2024-04-14,Cynodon dactylon,High,5,
B,5,Z2,Q2,2024-04-14,Heteropogon contortus,Moderate,3.4,
B,5,Z2,Q2,2024-04-14,Setaria pumila ,Moderate,4.1,
B,5,Z2,Q2,2024-04-14,,,4.2,
B,5,Z2,Q3,2024-04-14,Heteropogon contortus,Moderate,6,
B,5,Z2,Q3,2024-04-14,Eragrostis superba,Moderate,7.1,
B,5,Z2,Q3,2024-04-14,Bothriochloa insculpta,Moderate,6.4,
B,5,Z2,Q3,2024-04-14,Themeda triandra,High,5.8,
B,5,Z2,Q4,2024-04-14,Setaria pumila ,Moderate,20.4,
B,5,Z2,Q4,2024-04-14,Heteropogon contortus,Moderate,11.8,
B,5,Z2,Q4,2024-04-14,Brachiaria serrata,Moderate,8.8,
B,5,Z2,Q4,2024-04-14,Aristida congesta B,Low,9.7,
B,5,Z2,Q5,2024-04-14,Eragrostis superba,Moderate,6.9,
B,5,Z2,Q5,2024-04-14,Setaria pumila ,Moderate,10.1,
B,5,Z2,Q5,2024-04-14,Heteropogon contortus,Moderate,10.4,
B,5,Z2,Q5,2024-04-14,Cymbopogon excavatus,Low,10.4,
B,5,Z3,Q1,2024-04-14,Heteropogon contortus,Moderate,8.6,
B,5,Z3,Q1,2024-04-14,Setaria pumila ,Moderate,6.3,
B,5,Z3,Q1,2024-04-14,,,6,
B,5,Z3,Q1,2024-04-14,,,6.1,
B,5,Z3,Q2,2024-04-14,Cynodon dactylon,High,6.3,
B,5,Z3,Q2,2024-04-14,Heteropogon contortus,Moderate,17.1,
B,5,Z3,Q2,2024-04-14,Eragrostis superba,Moderate,16.8,
B,5,Z3,Q2,2024-04-14,Setaria pumila ,Moderate,8.5,
B,5,Z3,Q2,2024-04-14,Sporobolus africanus,Low,,
B,5,Z3,Q2,2024-04-14,Aristida congesta B,Low,,
B,5,Z3,Q3,2024-04-14,Cymbopogon plurinodis,Low,12.1,
B,5,Z3,Q3,2024-04-14,Cynodon dactylon,High,9.5,
B,5,Z3,Q3,2024-04-14,Heteropogon contortus,Moderate,9.7,
B,5,Z3,Q3,2024-04-14,Eragrostis superba,Moderate,9.6,
B,5,Z3,Q3,2024-04-14,Aristida congesta B,Low,,
B,5,Z3,Q3,2024-04-14,Eragrostis gummiflua,Low,,
B,5,Z3,Q4,2024-04-14,Heteropogon contortus,Moderate,7.5,
B,5,Z3,Q4,2024-04-14,Setaria pumila ,Moderate,6,
B,5,Z3,Q4,2024-04-14,,,2,
B,5,Z3,Q4,2024-04-14,,,3.9,
B,5,Z3,Q5,2024-04-14,Aristida congesta B,Low,5.7,
B,5,Z3,Q5,2024-04-14,Heteropogon contortus,Moderate,5.3,
B,5,Z3,Q5,2024-04-14,Eragrostis gummiflua,Low,8.4,
B,5,Z3,Q5,2024-04-14,,,6.5,
B,5,Z4,Q1,2024-04-14,Cynodon dactylon,High,8.6,
B,5,Z4,Q1,2024-04-14,Heteropogon contortus,Moderate,9.2,
B,5,Z4,Q1,2024-04-14,Setaria pumila ,Moderate,13.2,
B,5,Z4,Q1,2024-04-14,Aristida congesta B,Low,13.2,
B,5,Z4,Q1,2024-04-14,Melinis repens,Low,,
B,5,Z4,Q2,2024-04-14,Bothriochloa insculpta,Moderate,10.7,
B,5,Z4,Q2,2024-04-14,Heteropogon contortus,Moderate,3.1,
B,5,Z4,Q2,2024-04-14,Eragrostis superba,Moderate,8.5,
B,5,Z4,Q2,2024-04-14,,,6.5,
B,5,Z4,Q3,2024-04-14,Cynodon dactylon,Moderate,13.6,
B,5,Z4,Q3,2024-04-14,Eragrostis rigidior,Moderate,12.1,
B,5,Z4,Q3,2024-04-14,Digitaria eriantha,High,9.4,
B,5,Z4,Q3,2024-04-14,Sporobolus africanus,Low,10.1,
B,5,Z4,Q4,2024-04-14,Heteropogon contortus,Moderate,9.3,
B,5,Z4,Q4,2024-04-14,Eragrostis superba,Moderate,10,
B,5,Z4,Q4,2024-04-14,Bothriochloa insculpta,Moderate,12,
B,5,Z4,Q4,2024-04-14,Themeda triandra,High,12.5,
B,5,Z4,Q4,2024-04-14,Setaria pumila ,Moderate,,
B,5,Z4,Q4,2024-04-14,Cynodon dactylon,High,,
B,5,Z4,Q5,2024-04-14,Heteropogon contortus,Moderate,8.8,
B,5,Z4,Q5,2024-04-14,Eragrostis superba,Moderate,7.7,
B,5,Z4,Q5,2024-04-14,Bothriochloa insculpta,Moderate,6.4,
B,5,Z4,Q5,2024-04-14,Aristida adscensionis,Low,7,
B,5,Z4,Q5,2024-04-14,Aristida congesta B,Low,,
C,1,Z1,Q1,2024-04-12,,,0,
C,1,Z1,Q1,2024-04-12,,,0,
C,1,Z1,Q1,2024-04-12,,,0,
C,1,Z1,Q1,2024-04-12,,,0,
C,1,Z1,Q2,2024-04-12,Cynodon dactylon,High,5.8,
C,1,Z1,Q2,2024-04-12,Aristida adscensionis,Low,6.8,
C,1,Z1,Q2,2024-04-12,,,6.8,
C,1,Z1,Q2,2024-04-12,,,6.1,
C,1,Z1,Q3,2024-04-12,Heteropogon contortus,Moderate,2.5,
C,1,Z1,Q3,2024-04-12,Brachiaria brizantha,Moderate,2.4,
C,1,Z1,Q3,2024-04-12,,,2.7,
C,1,Z1,Q3,2024-04-12,,,2.5,
C,1,Z1,Q4,2024-04-12,Setaria incrassata,High,4.6,
C,1,Z1,Q4,2024-04-12,Heteropogon contortus,Moderate,4.2,
C,1,Z1,Q4,2024-04-12,,,4.4,
C,1,Z1,Q4,2024-04-12,,,4.6,
C,1,Z1,Q5,2024-04-12,Heteropogon contortus,Moderate,2,
C,1,Z1,Q5,2024-04-12,,,2.4,
C,1,Z1,Q5,2024-04-12,,,2.4,
C,1,Z1,Q5,2024-04-12,,,2.3,
C,1,Z2,Q1,2024-04-12,Setaria incrassata,High,4.1,
C,1,Z2,Q1,2024-04-12,Heteropogon contortus,Moderate,2.9,
C,1,Z2,Q1,2024-04-12,,,3.3,
C,1,Z2,Q1,2024-04-12,,,4.8,
C,1,Z2,Q2,2024-04-12,Eragrostis gummiflua,Low,2.2,
C,1,Z2,Q2,2024-04-12,Heteropogon contortus,Moderate,4,
C,1,Z2,Q2,2024-04-12,,,2.4,
C,1,Z2,Q2,2024-04-12,,,4.1,
C,1,Z2,Q3,2024-04-12,Sporobolus africanus,Low,3.3,
C,1,Z2,Q3,2024-04-12,Aristida  canescens,Low,3.9,
C,1,Z2,Q3,2024-04-12,Brachiaria brizantha,Moderate,3.6,
C,1,Z2,Q3,2024-04-12,Eragrostis gummiflua,Low,3.5,
C,1,Z2,Q3,2024-04-12,Heteropogon contortus,Moderate,,
C,1,Z2,Q4,2024-04-12,Heteropogon contortus,Moderate,5.3,
C,1,Z2,Q4,2024-04-12,Panicum maximum,High,5,
C,1,Z2,Q4,2024-04-12,,,5,
C,1,Z2,Q4,2024-04-12,,,4.7,
C,1,Z2,Q5,2024-04-12,Hyperrhenia filipendula,Moderate,1.9,
C,1,Z2,Q5,2024-04-12,,,2.1,
C,1,Z2,Q5,2024-04-12,,,2.8,
C,1,Z2,Q5,2024-04-12,,,2,
C,1,Z3,Q1,2024-04-12,Setaria incrassata,High,3.9,
C,1,Z3,Q1,2024-04-12,Melinis repens,Low,3.9,
C,1,Z3,Q1,2024-04-12,,,4,
C,1,Z3,Q1,2024-04-12,,,4.1,
C,1,Z3,Q2,2024-04-12,Heteropogon contortus,Moderate,2.2,
C,1,Z3,Q2,2024-04-12,,,3,
C,1,Z3,Q2,2024-04-12,,,2.6,
C,1,Z3,Q2,2024-04-12,,,2.8,
C,1,Z3,Q3,2024-04-12,Heteropogon contortus,Moderate,3.5,
C,1,Z3,Q3,2024-04-12,Melinis repens,Low,3.8,
C,1,Z3,Q3,2024-04-12,,,3.2,
C,1,Z3,Q3,2024-04-12,,,3.1,
C,1,Z3,Q4,2024-04-12,Eragrostis gummiflua,Low,4.4,
C,1,Z3,Q4,2024-04-12,Panicum maximum,High,4.1,
C,1,Z3,Q4,2024-04-12,Digitaria eriantha,High,3.2,
C,1,Z3,Q4,2024-04-12,,,2.1,
C,1,Z3,Q5,2024-04-12,Eragrostis gummiflua,Low,3.6,
C,1,Z3,Q5,2024-04-12,Heteropogon contortus,Moderate,3.1,
C,1,Z3,Q5,2024-04-12,Setaria incrassata,High,3.1,
C,1,Z3,Q5,2024-04-12,,,3.3,
C,1,Z4,Q1,2024-04-12,Heteropogon contortus,Moderate,2.6,
C,1,Z4,Q1,2024-04-12,Melinis repens,Low,3.5,
C,1,Z4,Q1,2024-04-12,,,3,
C,1,Z4,Q1,2024-04-12,,,2.8,
C,1,Z4,Q2,2024-04-12,Heteropogon contortus,Moderate,4.9,
C,1,Z4,Q2,2024-04-12,Setaria incrassata,High,5,
C,1,Z4,Q2,2024-04-12,,,4.4,
C,1,Z4,Q2,2024-04-12,,,4.4,
C,1,Z4,Q3,2024-04-12,Heteropogon contortus,Moderate,3.7,
C,1,Z4,Q3,2024-04-12,Digitaria eriantha,High,3.7,
C,1,Z4,Q3,2024-04-12,,,3.5,
C,1,Z4,Q3,2024-04-12,,,3.4,
C,1,Z4,Q4,2024-04-12,Heteropogon contortus,Moderate,4.4,
C,1,Z4,Q4,2024-04-12,,,3.8,
C,1,Z4,Q4,2024-04-12,,,3.3,
C,1,Z4,Q4,2024-04-12,,,3.6,
C,1,Z4,Q5,2024-04-12,Eragrostis gummiflua,Low,2.5,
C,1,Z4,Q5,2024-04-12,,,2.3,
C,1,Z4,Q5,2024-04-12,,,2.3,
C,1,Z4,Q5,2024-04-12,,,2.2,
C,2,Z1,Q1,2024-04-12,Panicum maximum,High,4.4,
C,2,Z1,Q1,2024-04-12,,,3.9,
C,2,Z1,Q1,2024-04-12,,,6.2,
C,2,Z1,Q1,2024-04-12,,,3.5,
C,2,Z1,Q2,2024-04-12,Panicum maximum,High,8.1,
C,2,Z1,Q2,2024-04-12,Eragrostis superba,Moderate,7.3,
C,2,Z1,Q2,2024-04-12,Heteropogon contortus,Moderate,6.9,
C,2,Z1,Q2,2024-04-12,,,6.2,
C,2,Z1,Q3,2024-04-12,Panicum maximum,High,4,
C,2,Z1,Q3,2024-04-12,,,4.3,
C,2,Z1,Q3,2024-04-12,,,4,
C,2,Z1,Q3,2024-04-12,,,4.1,
C,2,Z1,Q4,2024-04-12,Panicum maximum,High,1.9,
C,2,Z1,Q4,2024-04-12,,,2.5,
C,2,Z1,Q4,2024-04-12,,,2.5,
C,2,Z1,Q4,2024-04-12,,,2.6,
C,2,Z1,Q5,2024-04-12,Eragrostis rigidior,Moderate,2.2,
C,2,Z1,Q5,2024-04-12,Eragrostis gummiflua,Low,2.3,
C,2,Z1,Q5,2024-04-12,,,2,
C,2,Z1,Q5,2024-04-12,,,3,
C,2,Z2,Q1,2024-04-12,Panicum maximum,High,4.3,
C,2,Z2,Q1,2024-04-12,,,5,
C,2,Z2,Q1,2024-04-12,,,5.3,
C,2,Z2,Q1,2024-04-12,,,5,
C,2,Z2,Q2,2024-04-12,Panicum maximum,High,4.3,
C,2,Z2,Q2,2024-04-12,,,5,
C,2,Z2,Q2,2024-04-12,,,5.3,
C,2,Z2,Q2,2024-04-12,,,5,
C,2,Z2,Q2,2024-04-12,Panicum maximum,High,4.2,
C,2,Z2,Q2,2024-04-12,,,3.6,
C,2,Z2,Q2,2024-04-12,,,4,
C,2,Z2,Q2,2024-04-12,,,3.7,
C,2,Z2,Q4,2024-04-12,,,0,
C,2,Z2,Q4,2024-04-12,,,0,
C,2,Z2,Q4,2024-04-12,,,0,
C,2,Z2,Q4,2024-04-12,,,0,
C,2,Z2,Q5,2024-04-12,Panicum maximum,High,6.7,
C,2,Z2,Q5,2024-04-12,,,6.9,
C,2,Z2,Q5,2024-04-12,,,6.4,
C,2,Z2,Q5,2024-04-12,,,6.4,
C,2,Z3,Q1,2024-04-12,Digitaria eriantha,High,5.3,
C,2,Z3,Q1,2024-04-12,Heteropogon contortus,Moderate,5.1,
C,2,Z3,Q1,2024-04-12,Eragrostis rigidior,Moderate,6.1,
C,2,Z3,Q1,2024-04-12,,,6.2,
C,2,Z3,Q2,2024-04-12,Eragrostis rigidior,Moderate,1.7,
C,2,Z3,Q2,2024-04-12,,,2.8,
C,2,Z3,Q2,2024-04-12,,,2.8,
C,2,Z3,Q2,2024-04-12,,,2.8,
C,2,Z3,Q3,2024-04-12,Panicum maximum,High,20.7,
C,2,Z3,Q3,2024-04-12,,,19.4,
C,2,Z3,Q3,2024-04-12,,,26.5,
C,2,Z3,Q3,2024-04-12,,,24,
C,2,Z3,Q4,2024-04-12,Panicum maximum,High,10.3,
C,2,Z3,Q4,2024-04-12,,,7.8,
C,2,Z3,Q4,2024-04-12,,,6.8,
C,2,Z3,Q4,2024-04-12,,,7.8,
C,2,Z3,Q5,2024-04-12,Eragrostis viscosa,Low,1.9,
C,2,Z3,Q5,2024-04-12,Eragrostis gummiflua,Low,1.8,
C,2,Z3,Q5,2024-04-12,,,1.7,
C,2,Z3,Q5,2024-04-12,,,2,
C,2,Z4,Q1,2024-04-12,Panicum maximum,High,3,
C,2,Z4,Q1,2024-04-12,,,3.1,
C,2,Z4,Q1,2024-04-12,,,2.8,
C,2,Z4,Q1,2024-04-12,,,3.3,
C,2,Z4,Q2,2024-04-12,Brachiaria brizantha,Moderate,8,
C,2,Z4,Q2,2024-04-12,Eragrostis rigidior,Moderate,7.2,
C,2,Z4,Q2,2024-04-12,,,8.4,
C,2,Z4,Q2,2024-04-12,,,9.1,
C,2,Z4,Q3,2024-04-12,Panicum maximum,High,4.7,
C,2,Z4,Q3,2024-04-12,,,4.9,
C,2,Z4,Q3,2024-04-12,,,5.3,
C,2,Z4,Q3,2024-04-12,,,6.1,
C,2,Z4,Q4,2024-04-12,Panicum maximum,High,3.8,
C,2,Z4,Q4,2024-04-12,,,4,
C,2,Z4,Q4,2024-04-12,,,3.9,
C,2,Z4,Q4,2024-04-12,,,3.3,
C,2,Z4,Q5,2024-04-12,,,0,
C,2,Z4,Q5,2024-04-12,,,0,
C,2,Z4,Q5,2024-04-12,,,0,
C,2,Z4,Q5,2024-04-12,,,0,
C,3,Z1,Q1,2024-04-15,Heteropogon contortus,Moderate,12.2,
C,3,Z1,Q1,2024-04-15,Eragrostis rigidior,Moderate,11.8,
C,3,Z1,Q1,2024-04-15,Pogonarthria squarrosa ,Low,11.2,
C,3,Z1,Q1,2024-04-15,,,10.6,
C,3,Z1,Q2,2024-04-15,Heteropogon contortus,Moderate,8.8,
C,3,Z1,Q2,2024-04-15,Digitaria eriantha,High,8.6,
C,3,Z1,Q2,2024-04-15,Brachiaria brizantha,Moderate,8.4,
C,3,Z1,Q2,2024-04-15,,,8.3,
C,3,Z1,Q3,2024-04-15,Heteropogon contortus,Moderate,4.9,
C,3,Z1,Q3,2024-04-15,Panicum maximum,High,4.3,
C,3,Z1,Q3,2024-04-15,Digitaria eriantha,High,4,
C,3,Z1,Q3,2024-04-15,Melinis repens,Low,5.9,
C,3,Z1,Q4,2024-04-15,Heteropogon contortus,Moderate,4.2,
C,3,Z1,Q4,2024-04-15,,,4,
C,3,Z1,Q4,2024-04-15,,,4.3,
C,3,Z1,Q4,2024-04-15,,,5.1,
C,3,Z1,Q5,2024-04-15,Heteropogon contortus,Moderate,2.2,
C,3,Z1,Q5,2024-04-15,Panicum maximum,High,3.6,
C,3,Z1,Q5,2024-04-15,,,3.8,
C,3,Z1,Q5,2024-04-15,,,3.5,
C,3,Z2,Q1,2024-04-15,Digitaria eriantha,High,2.4,
C,3,Z2,Q1,2024-04-15,Pogonarthria squarrosa ,Low,3.2,
C,3,Z2,Q1,2024-04-15,Brachiaria brizantha,Moderate,3.2,
C,3,Z2,Q1,2024-04-15,Setaria incrassata,High,3.3,
C,3,Z2,Q2,2024-04-15,Digitaria eriantha,High,4.1,
C,3,Z2,Q2,2024-04-15,Pogonarthria squarrosa ,Low,4.4,
C,3,Z2,Q2,2024-04-15,Brachiaria brizantha,Moderate,5.1,
C,3,Z2,Q2,2024-04-15,,,5.1,
C,3,Z2,Q3,2024-04-15,Panicum maximum,High,12.8,
C,3,Z2,Q3,2024-04-15,,,8.3,
C,3,Z2,Q3,2024-04-15,,,7.2,
C,3,Z2,Q3,2024-04-15,,,6.6,
C,3,Z2,Q4,2024-04-15,Heteropogon contortus,Moderate,4.4,
C,3,Z2,Q4,2024-04-15,,,4.6,
C,3,Z2,Q4,2024-04-15,,,4,
C,3,Z2,Q4,2024-04-15,,,3.7,
C,3,Z2,Q5,2024-04-15,Pogonarthria squarrosa ,Low,5.3,
C,3,Z2,Q5,2024-04-15,Brachiaria brizantha,Moderate,5.2,
C,3,Z2,Q5,2024-04-15,Heteropogon contortus,Moderate,4.4,
C,3,Z2,Q5,2024-04-15,,,4.4,
C,3,Z3,Q1,2024-04-15,Pogonarthria squarrosa ,Low,2.2,
C,3,Z3,Q1,2024-04-15,Setaria incrassata,High,2.4,
C,3,Z3,Q1,2024-04-15,Heteropogon contortus,Moderate,3.8,
C,3,Z3,Q1,2024-04-15,,,4.7,
C,3,Z3,Q2,2024-04-15,Pogonarthria squarrosa ,Low,5.9,
C,3,Z3,Q2,2024-04-15,Heteropogon contortus,Moderate,5.4,
C,3,Z3,Q2,2024-04-15,Eragrostis rigidior,Moderate,4.9,
C,3,Z3,Q2,2024-04-15,,,4.7,
C,3,Z3,Q3,2024-04-15,Pogonarthria squarrosa ,Low,2,
C,3,Z3,Q3,2024-04-15,Eragrostis rigidior,Moderate,2.5,
C,3,Z3,Q3,2024-04-15,Digitaria eriantha,High,3.5,
C,3,Z3,Q3,2024-04-15,,,4.9,
C,3,Z3,Q4,2024-04-15,Heteropogon contortus,Moderate,3.4,
C,3,Z3,Q4,2024-04-15,Pogonarthria squarrosa ,Low,2.9,
C,3,Z3,Q4,2024-04-15,Melinis repens,Low,3,
C,3,Z3,Q4,2024-04-15,,,2.2,
C,3,Z3,Q5,2024-04-15,Cynodon dactylon,High,2.9,
C,3,Z3,Q5,2024-04-15,Hyperrhenia filipendula,Moderate,2,
C,3,Z3,Q5,2024-04-15,,,4.1,
C,3,Z3,Q5,2024-04-15,,,2.9,
C,3,Z4,Q1,2024-04-15,Pogonarthria squarrosa ,Low,2.4,
C,3,Z4,Q1,2024-04-15,Heteropogon contortus,Moderate,3.5,
C,3,Z4,Q1,2024-04-15,Hyperrhenia filipendula,Moderate,4.2,
C,3,Z4,Q1,2024-04-15,,,4,
C,3,Z4,Q2,2024-04-15,Melinis repens,Low,4.4,
C,3,Z4,Q2,2024-04-15,Eragrostis rigidior,Moderate,5.2,
C,3,Z4,Q2,2024-04-15,Digitaria eriantha,High,6.5,
C,3,Z4,Q2,2024-04-15,Brachiaria brizantha,Moderate,5.5,
C,3,Z4,Q3,2024-04-15,Pogonarthria squarrosa ,Low,4.9,
C,3,Z4,Q3,2024-04-15,Eragrostis rigidior,Moderate,6.9,
C,3,Z4,Q3,2024-04-15,Digitaria eriantha,High,4.9,
C,3,Z4,Q3,2024-04-15,,,4.5,
C,3,Z4,Q4,2024-04-15,Heteropogon contortus,Moderate,5.3,
C,3,Z4,Q4,2024-04-15,Digitaria eriantha,High,5.5,
C,3,Z4,Q4,2024-04-15,Brachiaria brizantha,Moderate,5.3,
C,3,Z4,Q4,2024-04-15,,,4.6,
C,3,Z4,Q5,2024-04-15,Eragrostis rigidior,Moderate,4,
C,3,Z4,Q5,2024-04-15,Digitaria eriantha,High,5.5,
C,3,Z4,Q5,2024-04-15,Brachiaria brizantha,Moderate,4.4,
C,3,Z4,Q5,2024-04-15,Pogonarthria squarrosa ,Low,4.1,
C,3,Z4,Q5,2024-04-15,Eragrostis gummiflua,Low,,
C,4,Z1,Q1,2024-04-15,Heteropogon contortus,Moderate,3.4,
C,4,Z1,Q1,2024-04-15,Eragrostis rigidior,Moderate,5.8,
C,4,Z1,Q1,2024-04-15,,,4.8,
C,4,Z1,Q1,2024-04-15,,,4.4,
C,4,Z1,Q2,2024-04-15,Pogonarthria squarrosa ,Low,3.2,
C,4,Z1,Q2,2024-04-15,Heteropogon contortus,Moderate,3.8,
C,4,Z1,Q2,2024-04-15,Panicum maximum,High,3.7,
C,4,Z1,Q2,2024-04-15,,,4.3,
C,4,Z1,Q3,2024-04-15,Eragrostis rigidior,Moderate,2.7,
C,4,Z1,Q3,2024-04-15,Digitaria eriantha,High,4.8,
C,4,Z1,Q3,2024-04-15,,,4.6,
C,4,Z1,Q3,2024-04-15,,,4.7,
C,4,Z1,Q4,2024-04-15,Pogonarthria squarrosa ,Low,2.9,
C,4,Z1,Q4,2024-04-15,Heteropogon contortus,Moderate,3.8,
C,4,Z1,Q4,2024-04-15,,,3.7,
C,4,Z1,Q4,2024-04-15,,,3.6,
C,4,Z1,Q5,2024-04-15,Heteropogon contortus,Moderate,4.2,
C,4,Z1,Q5,2024-04-15,Panicum maximum,High,6.4,
C,4,Z1,Q5,2024-04-15,Digitaria eriantha,High,7.1,
C,4,Z1,Q5,2024-04-15,,,6.8,
C,4,Z2,Q1,2024-04-15,Heteropogon contortus,Moderate,3,
C,4,Z2,Q1,2024-04-15,Aristida congesta C,Low,3.1,
C,4,Z2,Q1,2024-04-15,,,2.9,
C,4,Z2,Q1,2024-04-15,,,2.8,
C,4,Z2,Q2,2024-04-15,Pogonarthria squarrosa ,Low,8,
C,4,Z2,Q2,2024-04-15,Heteropogon contortus,Moderate,7.1,
C,4,Z2,Q2,2024-04-15,Panicum maximum,High,6.6,
C,4,Z2,Q2,2024-04-15,Digitaria eriantha,High,5.8,
C,4,Z2,Q2,2024-04-15,Eragrostis gummiflua,Low,,
C,4,Z2,Q2,2024-04-15,Eragrostis superba,Moderate,,
C,4,Z2,Q3,2024-04-15,Heteropogon contortus,Moderate,6.6,
C,4,Z2,Q3,2024-04-15,Digitaria eriantha,Moderate,6.2,
C,4,Z2,Q3,2024-04-15,Eragrostis rigidior,Moderate,6.3,
C,4,Z2,Q3,2024-04-15,Setaria incrassata,High,6.5,
C,4,Z2,Q4,2024-04-15,Pogonarthria squarrosa ,Low,3.6,
C,4,Z2,Q4,2024-04-15,Heteropogon contortus,Moderate,3.7,
C,4,Z2,Q4,2024-04-15,Panicum maximum,High,5.3,
C,4,Z2,Q4,2024-04-15,Aristida congesta B,Low,4.5,
C,4,Z2,Q5,2024-04-15,Pogonarthria squarrosa ,Low,6.6,
C,4,Z2,Q5,2024-04-15,Heteropogon contortus,Moderate,5.8,
C,4,Z2,Q5,2024-04-15,,,5,
C,4,Z2,Q5,2024-04-15,,,5,
C,4,Z3,Q1,2024-04-15,Heteropogon contortus,Moderate,5.4,
C,4,Z3,Q1,2024-04-15,Eragrostis gummiflua,Low,5,
C,4,Z3,Q1,2024-04-15,Digitaria eriantha,High,4.8,
C,4,Z3,Q1,2024-04-15,Eragrostis rigidior,Moderate,5,
C,4,Z3,Q2,2024-04-15,Heteropogon contortus,Moderate,5.4,
C,4,Z3,Q2,2024-04-15,Eragrostis gummiflua,Low,5.4,
C,4,Z3,Q2,2024-04-15,Pogonarthria squarrosa ,Low,5.5,
C,4,Z3,Q2,2024-04-15,Panicum maximum,High,5.4,
C,4,Z3,Q3,2024-04-15,Heteropogon contortus,Moderate,4,
C,4,Z3,Q3,2024-04-15,Melinis repens,Low,7.8,
C,4,Z3,Q3,2024-04-15,Aristida adscensionis,Low,4.7,
C,4,Z3,Q4,2024-04-15,Panicum maximum,High,2.3,
C,4,Z3,Q4,2024-04-15,Digitaria eriantha,High,2.7,
C,4,Z3,Q4,2024-04-15,Eragrostis gummiflua,Low,2.8,
C,4,Z3,Q4,2024-04-15,,,2.5,
C,4,Z3,Q5,2024-04-15,Heteropogon contortus,Moderate,6.7,
C,4,Z3,Q5,2024-04-15,Panicum maximum,High,5.5,
C,4,Z3,Q5,2024-04-15,,,5.4,
C,4,Z3,Q5,2024-04-15,,,5.3,
C,4,Z4,Q1,2024-04-15,Hyperrhenia filipendula,Moderate,22,
C,4,Z4,Q1,2024-04-15,Eragrostis gummiflua,Low,19,
C,4,Z4,Q1,2024-04-15,Pogonarthria squarrosa ,Low,14.3,
C,4,Z4,Q1,2024-04-15,Panicum maximum,High,14.1,
C,4,Z4,Q1,2024-04-15,Heteropogon contortus,Moderate,,
C,4,Z4,Q1,2024-04-15,Aristida adscensionis,Low,,
C,4,Z4,Q1,2024-04-15,Eragrostis superba,Moderate,,
C,4,Z4,Q2,2024-04-15,Setaria incrassata,High,18.3,
C,4,Z4,Q2,2024-04-15,Hyperrhenia filipendula,Moderate,20.9,
C,4,Z4,Q2,2024-04-15,,,30,
C,4,Z4,Q2,2024-04-15,,,18.8,
C,4,Z4,Q3,2024-04-15,Eragrostis gummiflua,Low,8.7,
C,4,Z4,Q3,2024-04-15,Heteropogon contortus,Moderate,7.6,
C,4,Z4,Q3,2024-04-15,Aristida adscensionis,Low,5.8,
C,4,Z4,Q3,2024-04-15,,,5.4,
C,4,Z4,Q4,2024-04-15,Heteropogon contortus,Moderate,1.7,
C,4,Z4,Q4,2024-04-15,Aristida adscensionis,Low,1.4,
C,4,Z4,Q4,2024-04-15,,,1.6,
C,4,Z4,Q4,2024-04-15,,,2.1,
C,4,Z4,Q5,2024-04-15,Aristida adscensionis,Low,3.9,
C,4,Z4,Q5,2024-04-15,Brachiaria brizantha,Moderate,2.9,
C,4,Z4,Q5,2024-04-15,Chloris virgata,Moderate,2.9,
C,4,Z4,Q5,2024-04-15,,,3.2,
C,5,Z1,Q1,2024-04-15,Eragrostis gummiflua,Low,6.7,
C,5,Z1,Q1,2024-04-15,Digitaria eriantha,High,6,
C,5,Z1,Q1,2024-04-15,,,5.5,
C,5,Z1,Q1,2024-04-15,,,5.1,
C,5,Z1,Q2,2024-04-15,Digitaria eriantha,High,5,
C,5,Z1,Q2,2024-04-15,Heteropogon contortus,Moderate,5.3,
C,5,Z1,Q2,2024-04-15,,,5.2,
C,5,Z1,Q2,2024-04-15,,,5,
C,5,Z1,Q3,2024-04-15,Pogonarthria squarrosa ,Low,4.9,
C,5,Z1,Q3,2024-04-15,Heteropogon contortus,Moderate,5.2,
C,5,Z1,Q3,2024-04-15,Digitaria eriantha,High,5.2,
C,5,Z1,Q3,2024-04-15,Eragrostis rigidior,Moderate,4.2,
C,5,Z1,Q4,2024-04-15,Pogonarthria squarrosa ,Low,9.8,
C,5,Z1,Q4,2024-04-15,Digitaria eriantha,High,8.4,
C,5,Z1,Q4,2024-04-15,,,7.1,
C,5,Z1,Q4,2024-04-15,,,7.5,
C,5,Z1,Q5,2024-04-15,Panicum maximum,High,12.5,
C,5,Z1,Q5,2024-04-15,Melinis repens,Low,5.5,
C,5,Z1,Q5,2024-04-15,,,8.4,
C,5,Z1,Q5,2024-04-15,,,5.9,
C,5,Z2,Q1,2024-04-16,Heteropogon contortus,Moderate,7.5,
C,5,Z2,Q1,2024-04-16,,,7.4,
C,5,Z2,Q1,2024-04-16,,,7.3,
C,5,Z2,Q1,2024-04-16,,,7.1,
C,5,Z2,Q2,2024-04-16,Heteropogon contortus,Moderate,2.3,
C,5,Z2,Q2,2024-04-16,Brachiaria brizantha,,1.9,
C,5,Z2,Q2,2024-04-16,,,2.3,
C,5,Z2,Q2,2024-04-16,,,2.6,
C,5,Z2,Q3,2024-04-16,Pogonarthria squarrosa ,Low,5.6,
C,5,Z2,Q3,2024-04-16,Perotis patens,Low,5.3,
C,5,Z2,Q3,2024-04-16,Digitaria eriantha,High,5.1,
C,5,Z2,Q3,2024-04-16,,,5,
C,5,Z2,Q4,2024-04-16,Heteropogon contortus,Moderate,5.6,
C,5,Z2,Q4,2024-04-16,Pogonarthria squarrosa ,Low,6,
C,5,Z2,Q4,2024-04-16,Diheteropogon amplectens,Moderate,6,
C,5,Z2,Q4,2024-04-16,Perotis patens,Low,5.8,
C,5,Z2,Q5,2024-04-16,Panicum maximum,High,6.7,
C,5,Z2,Q5,2024-04-16,Digitaria eriantha,High,6.6,
C,5,Z2,Q5,2024-04-16,,,6.5,
C,5,Z2,Q5,2024-04-16,,,6.3,
C,5,Z3,Q1,2024-04-16,Eragrostis gummiflua,Low,3.1,
C,5,Z3,Q1,2024-04-16,Panicum maximum,High,3.1,
C,5,Z3,Q1,2024-04-16,Heteropogon contortus,Moderate,3.1,
C,5,Z3,Q1,2024-04-16,Aristida adscensionis,Low,2.4,
C,5,Z3,Q1,2024-04-16,Digitaria eriantha,High,,
C,5,Z3,Q2,2024-04-16,Eragrostis gummiflua,Low,5.9,
C,5,Z3,Q2,2024-04-16,Aristida adscensionis,Low,5.5,
C,5,Z3,Q2,2024-04-16,Digitaria eriantha,High,5.2,
C,5,Z3,Q2,2024-04-16,Eragrostis viscosa,Low,4.9,
C,5,Z3,Q2,2024-04-16,Brachiaria brizantha,Moderate,,
C,5,Z3,Q2,2024-04-16,Pogonarthria squarrosa ,Low,,
C,5,Z3,Q3,2024-04-16,,,0,
C,5,Z3,Q3,2024-04-16,,,0,
C,5,Z3,Q3,2024-04-16,,,0,
C,5,Z3,Q3,2024-04-16,,,0,
C,5,Z3,Q4,2024-04-16,Panicum maximum,High,8.8,
C,5,Z3,Q4,2024-04-16,Digitaria eriantha,High,5.4,
C,5,Z3,Q4,2024-04-16,,,4.2,
C,5,Z3,Q4,2024-04-16,,,5.7,
C,5,Z3,Q5,2024-04-16,Panicum maximum,High,4.2,
C,5,Z3,Q5,2024-04-16,,,5.3,
C,5,Z3,Q5,2024-04-16,,,7.7,
C,5,Z3,Q5,2024-04-16,,,7.4,
C,5,Z4,Q1,2024-04-16,Eragrostis gummiflua,Low,3.3,
C,5,Z4,Q1,2024-04-16,Pogonarthria squarrosa ,Low,2.9,
C,5,Z4,Q1,2024-04-16,Eragrostis superba,Moderate,3.5,
C,5,Z4,Q1,2024-04-16,,,3.1,
C,5,Z4,Q2,2024-04-16,Digitaria eriantha,High,7.8,
C,5,Z4,Q2,2024-04-16,Heteropogon contortus,Moderate,7.1,
C,5,Z4,Q2,2024-04-16,Eragrostis rigidior,Moderate,6.6,
C,5,Z4,Q2,2024-04-16,,,6.2,
C,5,Z4,Q3,2024-04-16,Eragrostis gummiflua,Low,3.3,
C,5,Z4,Q3,2024-04-16,Digitaria eriantha,High,3.2,
C,5,Z4,Q3,2024-04-16,Heteropogon contortus,Moderate,3.2,
C,5,Z4,Q3,2024-04-16,Brachiaria brizantha,Moderate,3.1,
C,5,Z4,Q4,2024-04-16,Panicum maximum,High,4,
C,5,Z4,Q4,2024-04-16,,,4.7,
C,5,Z4,Q4,2024-04-16,,,4.6,
C,5,Z4,Q4,2024-04-16,,,5,
C,5,Z4,Q5,2024-04-16,Heteropogon contortus,Moderate,6.6,
C,5,Z4,Q5,2024-04-16,Pogonarthria squarrosa ,Low,4.8,
C,5,Z4,Q5,2024-04-16,Aristida adscensionis,Low,3.8,
C,5,Z4,Q5,2024-04-16,Brachiaria brizantha,Moderate,4,
D,1,Z1,Q1,2024-04-23,Brachiaria nigropedata,High,1.8,
D,1,Z1,Q1,2024-04-23,Eragrostis rigidior,Moderate,2.9,
D,1,Z1,Q1,2024-04-23,Heteropogon contortus,Moderate,2.9,
D,1,Z1,Q1,2024-04-23,,,2.7,
D,1,Z1,Q2,2024-04-23,,,0,
D,1,Z1,Q2,2024-04-23,,,0,
D,1,Z1,Q2,2024-04-23,,,0,
D,1,Z1,Q2,2024-04-23,,,0,
D,1,Z1,Q3,2024-04-23,Eragrostis rigidior,Moderate,6.8,
D,1,Z1,Q3,2024-04-23,Heteropogon contortus,Moderate,6.6,
D,1,Z1,Q3,2024-04-23,,,5.5,
D,1,Z1,Q3,2024-04-23,,,5,
D,1,Z1,Q4,2024-04-23,Brachiaria nigropedata,High,2.6,
D,1,Z1,Q3,2024-04-23,Chloris virgata,Moderate,2.6,
D,1,Z1,Q4,2024-04-23,,,2.6,
D,1,Z1,Q4,2024-04-23,,,2.6,
D,1,Z1,Q5,2024-04-23,Eragrostis rigidior,Moderate,17.3,
D,1,Z1,Q5,2024-04-23,Sporobolus ioclados,Moderate,12.7,
D,1,Z1,Q5,2024-04-23,,,12.8,
D,1,Z1,Q5,2024-04-23,,,12.3,
D,1,Z2,Q1,2024-04-23,Chloris virgata,Moderate,7.5,
D,1,Z2,Q1,2024-04-23,Aristida adscensionis,Low,5.8,
D,1,Z2,Q1,2024-04-23,,,5.8,
D,1,Z2,Q1,2024-04-23,,,6.6,
D,1,Z2,Q2,2024-04-23,Eragrostis rigidior,Moderate,8,
D,1,Z2,Q2,2024-04-23,Sporobolus ioclados,Moderate,11.5,
D,1,Z2,Q2,2024-04-23,,,17.2,
D,1,Z2,Q2,2024-04-23,,,15.6,
D,1,Z2,Q3,2024-04-23,Chloris virgata,Moderate,6.2,
D,1,Z2,Q3,2024-04-23,Brachiaria nigropedata,High,5.8,
D,1,Z2,Q3,2024-04-23,,,5.6,
D,1,Z2,Q3,2024-04-23,,,5.8,
D,1,Z2,Q4,2024-04-23,Enteropogon macrostachyus,High,6.9,
D,1,Z2,Q4,2024-04-23,Aristida adscensionis,Low,7,
D,1,Z2,Q4,2024-04-23,Digitaria eriantha,High,6.6,
D,1,Z2,Q4,2024-04-24,,,6.5,
D,1,Z2,Q5,2024-04-24,Heteropogon contortus,Moderate,3.2,
D,1,Z2,Q5,2024-04-24,Themeda triandra,High,8.9,
D,1,Z2,Q5,2024-04-24,,,8.4,
D,1,Z2,Q5,2024-04-24,,,8.5,
D,1,Z3,Q1,2024-04-24,Aristida diffusa,Low,11.7,
D,1,Z3,Q1,2024-04-24,Chloris virgata,Moderate,9,
D,1,Z3,Q1,2024-04-24,,,11.4,
D,1,Z3,Q1,2024-04-24,,,10.9,
D,1,Z3,Q2,2024-04-24,Aristida adscensionis,Low,6.6,
D,1,Z3,Q2,2024-04-24,Panicum maximum,High,5.6,
D,1,Z3,Q2,2024-04-24,,,5.6,
D,1,Z3,Q2,2024-04-24,,,6.1,
D,1,Z3,Q3,2024-04-24,Heteropogon contortus,Moderate,2.2,
D,1,Z3,Q3,2024-04-24,Aristida adscensionis,Low,2.3,
D,1,Z3,Q3,2024-04-24,Digitaria eriantha,High,2.1,
D,1,Z3,Q3,2024-04-24,,,3.3,
D,1,Z3,Q4,2024-04-24,,,0,
D,1,Z3,Q4,2024-04-24,,,0,
D,1,Z3,Q4,2024-04-24,,,0,
D,1,Z3,Q4,2024-04-24,,,0,
D,1,Z3,Q5,2024-04-24,Aristida diffusa,Low,2.3,
D,1,Z3,Q5,2024-04-24,Aristida adscensionis,Low,2.3,
D,1,Z3,Q5,2024-04-24,,,2.3,
D,1,Z3,Q5,2024-04-24,,,2.3,
D,1,Z4,Q1,2024-04-24,Heteropogon contortus,Moderate,3,
D,1,Z4,Q1,2024-04-24,Setaria pumila ,Moderate,3,
D,1,Z4,Q1,2024-04-24,,,3,
D,1,Z4,Q1,2024-04-24,,,3,
D,1,Z4,Q2,2024-04-24,Enteropogon macrostachyus,High,9.9,
D,1,Z4,Q2,2024-04-24,Andropogon eucomus,Low,10.5,
D,1,Z4,Q2,2024-04-24,Aristida adscensionis,Low,11.1,
D,1,Z4,Q2,2024-04-24,,,11.6,
D,1,Z4,Q3,2024-04-24,Andropogon eucomus,Low,10,
D,1,Z4,Q3,2024-04-24,Heteropogon contortus,Moderate,13.2,
D,1,Z4,Q3,2024-04-24,Eragrostis rigidior,Moderate,11.8,
D,1,Z4,Q3,2024-04-24,,,12.4,
D,1,Z4,Q4,2024-04-24,Chloris virgata,Moderate,7.2,
D,1,Z4,Q4,2024-04-24,,,7.5,
D,1,Z4,Q4,2024-04-24,,,7.5,
D,1,Z4,Q4,2024-04-24,,,5.4,
D,1,Z4,Q5,2024-04-24,Chloris virgata,Moderate,4.6,
D,1,Z4,Q5,2024-04-24,Eragrostis rigidior,Moderate,4.1,
D,1,Z4,Q5,2024-04-24,Brachiaria nigropedata,High,3.8,
D,1,Z4,Q5,2024-04-24,,,3.8,
D,2,Z1,Q1,2024-04-24,Panicum maximum,High,3.2,
D,2,Z1,Q1,2024-04-24,,,3.3,
D,2,Z1,Q1,2024-04-24,,,3,
D,2,Z1,Q1,2024-04-24,,,3,
D,2,Z1,Q2,2024-04-24,Andropogon eucomus,Low,18.5,
D,2,Z1,Q2,2024-04-24,Enteropogon macrostachyus,High,17.5,
D,2,Z1,Q2,2024-04-24,,,19.2,
D,2,Z1,Q2,2024-04-24,,,15,
D,2,Z1,Q3,2024-04-24,Heteropogon contortus,Moderate,8,
D,2,Z1,Q3,2024-04-24,Aristida adscensionis,Low,6.4,
D,2,Z1,Q3,2024-04-24,Enteropogon macrostachyus,High,9.8,
D,2,Z1,Q3,2024-04-24,,,10.3,
D,2,Z1,Q4,2024-04-24,Brachiaria nigropedata,High,3.4,
D,2,Z1,Q4,2024-04-24,Heteropogon contortus,Moderate,5.5,
D,2,Z1,Q4,2024-04-24,Aristida adscensionis,Low,6.1,
D,2,Z1,Q4,2024-04-24,Enteropogon macrostachyus,High,6.6,
D,2,Z1,Q5,2024-04-24,Eragrostis rigidior,Moderate,11.7,
D,2,Z1,Q5,2024-04-24,Chloris virgata,Moderate,6.5,
D,2,Z1,Q5,2024-04-24,Setaria incrassata,High,8.6,
D,2,Z1,Q5,2024-04-24,,,8.7,
D,2,Z2,Q1,2024-04-24,Heteropogon contortus,Moderate,5,
D,2,Z2,Q1,2024-04-24,Aristida adscensionis,Low,5.1,
D,2,Z2,Q1,2024-04-24,Aristida diffusa,Low,5.1,
D,2,Z2,Q1,2024-04-24,,,5.7,
D,2,Z2,Q2,2024-04-24,Enteropogon macrostachyus,High,14.1,
D,2,Z2,Q2,2024-04-24,Aristida adscensionis,Low,9.2,
D,2,Z2,Q2,2024-04-24,,,9.2,
D,2,Z2,Q2,2024-04-24,,,9.2,
D,2,Z2,Q3,2024-04-24,Panicum maximum,High,7.5,
D,2,Z2,Q3,2024-04-24,Brachiaria nigropedata,High,9.6,
D,2,Z2,Q3,2024-04-24,Eragrostis rigidior,Moderate,11.4,
D,2,Z2,Q3,2024-04-24,Chloris virgata,Moderate,8.9,
D,2,Z2,Q4,2024-04-24,Heteropogon contortus,Moderate,20.4,
D,2,Z2,Q4,2024-04-24,Brachiaria nigropedata,High,15.5,
D,2,Z2,Q4,2024-04-24,,,13.4,
D,2,Z2,Q4,2024-04-24,,,13.2,
D,2,Z2,Q5,2024-04-24,Enteropogon macrostachyus,High,8.5,
D,2,Z2,Q5,2024-04-24,Brachiaria nigropedata,High,8.5,
D,2,Z2,Q5,2024-04-24,,,6.6,
D,2,Z2,Q5,2024-04-24,,,6.5,
D,2,Z3,Q1,2024-04-24,Heteropogon contortus,Moderate,9.1,
D,2,Z3,Q1,2024-04-24,Andropogon eucomus,Low,6.6,
D,2,Z3,Q1,2024-04-24,Aristida adscensionis,Low,5.2,
D,2,Z3,Q1,2024-04-24,Eragrostis rigidior,Moderate,5.2,
D,2,Z3,Q1,2024-04-24,Eragrostis gummiflua,Low,,
D,2,Z3,Q2,2024-04-24,Heteropogon contortus,Moderate,7.2,
D,2,Z3,Q2,2024-04-24,Andropogon eucomus,Low,6.8,
D,2,Z3,Q2,2024-04-24,Eragrostis rigidior,Moderate,6.8,
D,2,Z3,Q2,2024-04-24,,,20.5,
D,2,Z3,Q3,2024-04-24,Andropogon eucomus,Low,11.9,
D,2,Z3,Q3,2024-04-24,Setaria incrassata,High,17.2,
D,2,Z3,Q3,2024-04-24,,,13.9,
D,2,Z3,Q3,2024-04-24,,,12.9,
D,2,Z3,Q4,2024-04-24,Heteropogon contortus,Moderate,7.5,
D,2,Z3,Q4,2024-04-24,Enteropogon macrostachyus,High,6,
D,2,Z3,Q4,2024-04-24,,,5.9,
D,2,Z3,Q4,2024-04-24,,,7.7,
D,2,Z3,Q5,2024-04-24,Heteropogon contortus,Moderate,2.4,
D,2,Z3,Q5,2024-04-24,,,2.4,
D,2,Z3,Q5,2024-04-24,,,5.9,
D,2,Z3,Q5,2024-04-24,,,4.9,
D,2,Z4,Q1,2024-04-24,Enteropogon macrostachyus,High,7.1,
D,2,Z4,Q1,2024-04-24,Panicum maximum,High,6.6,
D,2,Z4,Q1,2024-04-24,Heteropogon contortus,Moderate,7.3,
D,2,Z4,Q1,2024-04-24,,,8.4,
D,2,Z4,Q2,2024-04-24,Andropogon eucomus,Low,17.8,
D,2,Z4,Q2,2024-04-24,Heteropogon contortus,Moderate,16.8,
D,2,Z4,Q2,2024-04-24,Aristida adscensionis,Low,17.4,
D,2,Z4,Q2,2024-04-24,,,18.8,
D,2,Z4,Q3,2024-04-24,Heteropogon contortus,Moderate,14.8,
D,2,Z4,Q3,2024-04-24,Aristida adscensionis,Low,16.1,
D,2,Z4,Q3,2024-04-24,Chloris virgata,Moderate,16.9,
D,2,Z4,Q3,2024-04-24,,,16.8,
D,2,Z4,Q4,2024-04-24,Panicum maximum,High,21.3,
D,2,Z4,Q4,2024-04-24,Heteropogon contortus,Moderate,18.3,
D,2,Z4,Q4,2024-04-24,,,11.9,
D,2,Z4,Q4,2024-04-24,,,12.8,
D,2,Z4,Q5,2024-04-24,Heteropogon contortus,Moderate,20.4,
D,2,Z4,Q5,2024-04-24,Chloris virgata,Moderate,17.1,
D,2,Z4,Q5,2024-04-24,,,17.9,
D,2,Z4,Q5,2024-04-24,,,16.2,
D,3,Z1,Q1,2024-04-25,Heteropogon contortus,Moderate,33.5,
D,3,Z1,Q1,2024-04-25,Chloris virgata,Moderate,33.6,
D,3,Z1,Q1,2024-04-25,Sporobolus ioclados,Moderate,26.4,
D,3,Z1,Q1,2024-04-25,,,24.4,
D,3,Z1,Q2,2024-04-25,Aristida adscensionis,Low,14.9,
D,3,Z1,Q2,2024-04-25,,,14.5,
D,3,Z1,Q2,2024-04-25,,,14.5,
D,3,Z1,Q2,2024-04-25,,,14.6,
D,3,Z1,Q3,2024-04-25,Heteropogon contortus,Low,8.3,
D,3,Z1,Q3,2024-04-25,Setaria incrassata,High,7.3,
D,3,Z1,Q3,2024-04-25,,,6,
D,3,Z1,Q3,2024-04-25,,,6,
D,3,Z1,Q4,2024-04-25,Heteropogon contortus,Moderate,3.7,
D,3,Z1,Q4,2024-04-25,Aristida adscensionis,Low,3.6,
D,3,Z1,Q4,2024-04-25,Chloris virgata,Moderate,3.8,
D,3,Z1,Q4,2024-04-25,Brachiaria nigropedata,High,3.8,
D,3,Z1,Q4,2024-04-25,Aristida diffusa,Low,,
D,3,Z1,Q5,2024-04-25,Enteropogon macrostachyus,High,5,
D,3,Z1,Q5,2024-04-25,Heteropogon contortus,Moderate,4.8,
D,3,Z1,Q5,2024-04-25,Setaria incrassata,High,8.1,
D,3,Z1,Q5,2024-04-25,,,8.7,
D,3,Z2,Q1,2024-04-25,Andropogon eucomus,Low,13.1,
D,3,Z2,Q1,2024-04-25,Heteropogon contortus,Moderate,14.4,
D,3,Z2,Q1,2024-04-25,,,11.9,
D,3,Z2,Q1,2024-04-25,,,11.5,
D,3,Z2,Q2,2024-04-25,Heteropogon contortus,Moderate,30.2,
D,3,Z2,Q2,2024-04-25,Enteropogon macrostachyus,High,21.3,
D,3,Z2,Q2,2024-04-25,,,21.3,
D,3,Z2,Q2,2024-04-25,,,20.4,
D,3,Z2,Q3,2024-04-25,Panicum maximum,High,6.1,
D,3,Z2,Q3,2024-04-25,,,6.1,
D,3,Z2,Q3,2024-04-25,,,6.1,
D,3,Z2,Q3,2024-04-25,,,6.1,
D,3,Z2,Q4,2024-04-25,Enteropogon macrostachyus,High,5.5,
D,3,Z2,Q4,2024-04-25,Aristida adscensionis,Low,5.9,
D,3,Z2,Q4,2024-04-25,Heteropogon contortus,Moderate,5.6,
D,3,Z2,Q4,2024-04-25,Chloris virgata,Moderate,4.8,
D,3,Z2,Q5,2024-04-25,Enteropogon macrostachyus,High,5.8,
D,3,Z2,Q5,2024-04-25,Aristida adscensionis,Low,8.5,
D,3,Z2,Q5,2024-04-25,Heteropogon contortus,Moderate,8.7,
D,3,Z2,Q5,2024-04-25,,,8.3,
D,3,Z3,Q1,2024-04-25,Aristida diffusa,Low,16.5,
D,3,Z3,Q1,2024-04-25,,,16.4,
D,3,Z3,Q1,2024-04-25,,,15.6,
D,3,Z3,Q1,2024-04-25,,,15.7,
D,3,Z3,Q2,2024-04-25,Aristida diffusa,Low,17.5,
D,3,Z3,Q2,2024-04-25,Heteropogon contortus,Moderate,16.3,
D,3,Z3,Q2,2024-04-25,Aristida adscensionis,Low,15.7,
D,3,Z3,Q2,2024-04-25,,,15.6,
D,3,Z3,Q3,2024-04-25,Andropogon eucomus,Low,7.5,
D,3,Z3,Q3,2024-04-25,Heteropogon contortus,Moderate,5.5,
D,3,Z3,Q3,2024-04-25,Brachiaria nigropedata,High,10.6,
D,3,Z3,Q3,2024-04-25,Eragrostis gummiflua ,Low,9.5,
D,3,Z3,Q4,2024-04-25,Enteropogon macrostachyus,High,11.7,
D,3,Z3,Q4,2024-04-25,Setaria pumila ,Moderate,11,
D,3,Z3,Q4,2024-04-25,,,10.7,
D,3,Z3,Q4,2024-04-25,,,9.7,
D,3,Z3,Q5,2024-04-25,,,0,
D,3,Z3,Q5,2024-04-25,,,0,
D,3,Z3,Q5,2024-04-25,,,0,
D,3,Z3,Q5,2024-04-25,,,0,
D,3,Z4,Q1,2024-04-25,Panicum maximum,High,7.8,
D,3,Z4,Q1,2024-04-25,Enteropogon macrostachyus,High,7.5,
D,3,Z4,Q1,2024-04-25,Aristida adscensionis,Low,7.5,
D,3,Z4,Q1,2024-04-25,,,9.1,
D,3,Z4,Q2,2024-04-25,Heteropogon contortus,Moderate,1.9,
D,3,Z4,Q2,2024-04-25,Aristida adscensionis,Low,4.4,
D,3,Z4,Q2,2024-04-25,Brachiaria nigropedata,High,4.8,
D,3,Z4,Q2,2024-04-25,,,4.1,
D,3,Z4,Q3,2024-04-25,Themeda triandra,High,10,
D,3,Z4,Q3,2024-04-25,Heteropogon contortus,Moderate,4.3,
D,3,Z4,Q3,2024-04-25,Andropogon eucomus,Low,7.7,
D,3,Z4,Q3,2024-04-25,,,7.7,
D,3,Z4,Q4,2024-04-25,Heteropogon contortus,Moderate,8.3,
D,3,Z4,Q4,2024-04-25,Digitaria eriantha,High,7.6,
D,3,Z4,Q4,2024-04-25,,,6.7,
D,3,Z4,Q4,2024-04-25,,,7.3,
D,3,Z4,Q5,2024-04-25,,,0,
D,3,Z4,Q5,2024-04-25,,,0,
D,3,Z4,Q5,2024-04-25,,,0,
D,3,Z4,Q5,2024-04-25,,,0,
D,4,Z1,Q1,2024-04-25,Enteropogon macrostachyus,High,12.5,
D,4,Z1,Q1,2024-04-25,Heteropogon contortus,Moderate,11.2,
D,4,Z1,Q1,2024-04-25,,,11,
D,4,Z1,Q1,2024-04-25,,,10,
D,4,Z1,Q2,2024-04-25,Sporobolus ioclados,Moderate,2.5,
D,4,Z1,Q2,2024-04-25,Setaria incrassata,High,5.2,
D,4,Z1,Q2,2024-04-25,Heteropogon contortus,Moderate,6.3,
D,4,Z1,Q2,2024-04-25,Brachiaria nigropedata,High,5.9,
D,4,Z1,Q2,2024-04-25,Melinis repens,Low,,
D,4,Z1,Q3,2024-04-25,Enteropogon macrostachyus,High,2.6,
D,4,Z1,Q3,2024-04-25,Sporobolus ioclados,Moderate,2.6,
D,4,Z1,Q3,2024-04-25,Heteropogon contortus,Moderate,2.6,
D,4,Z1,Q3,2024-04-25,Aristida adscensionis,Low,5.1,
D,4,Z1,Q4,2024-04-25,Enteropogon macrostachyus,High,2.4,
D,4,Z1,Q4,2024-04-25,Heteropogon contortus,Moderate,2,
D,4,Z1,Q4,2024-04-25,,,5.1,
D,4,Z1,Q4,2024-04-25,,,4.2,
D,4,Z1,Q5,2024-04-25,Themeda triandra ,High,11.9,
D,4,Z1,Q5,2024-04-25,Aristida adscensionis,Low,11.1,
D,4,Z1,Q5,2024-04-25,Enteropogon macrostachyus,High,10.7,
D,4,Z1,Q5,2024-04-25,Melinis repens,Low,10.2,
D,4,Z1,Q5,2024-04-25,Eragrostis gummiflua ,Low,,
D,4,Z2,Q1,2024-04-25,Enteropogon macrostachyus,High,7,
D,4,Z2,Q1,2024-04-25,Aristida adscensionis,Low,7.5,
D,4,Z2,Q1,2024-04-25,,,7.7,
D,4,Z2,Q1,2024-04-25,,,7.8,
D,4,Z2,Q2,2024-04-25,Enteropogon macrostachyus,High,3.8,
D,4,Z2,Q2,2024-04-25,Aristida adscensionis,Low,4.4,
D,4,Z2,Q2,2024-04-25,Heteropogon contortus,Moderate,4.2,
D,4,Z2,Q2,2024-04-25,,,4.6,
D,4,Z2,Q3,2024-04-25,Enteropogon macrostachyus,High,8.2,
D,4,Z2,Q3,2024-04-25,Digitaria eriantha,High,8.2,
D,4,Z2,Q3,2024-04-25,Setaria incrassata,High,6.7,
D,4,Z2,Q3,2024-04-25,Sporobolus ioclados,Moderate,6,
D,4,Z2,Q4,2024-04-25,Heteropogon contortus,Moderate,9.5,
D,4,Z2,Q4,2024-04-25,Aristida diffusa ,Low,8.8,
D,4,Z2,Q4,2024-04-25,,,8.6,
D,4,Z2,Q4,2024-04-25,,,8.4,
D,4,Z2,Q5,2024-04-25,Heteropogon contortus,Moderate,5.6,
D,4,Z2,Q5,2024-04-25,Sporobolus ioclados,Moderate,7,
D,4,Z2,Q5,2024-04-25,Aristida diffusa ,Low,6.8,
D,4,Z2,Q5,2024-04-25,Eragrostis rigidior,Moderate,6.4,
D,4,Z2,Q5,2024-04-25,Andropogon eucomus,Low,,
D,4,Z3,Q1,2024-04-26,Heteropogon contortus,Moderate,10.5,
D,4,Z3,Q1,2024-04-25,Setaria incrassata,High,8.1,
D,4,Z3,Q1,2024-04-25,Andropogon eucomus,Low,8.1,
D,4,Z3,Q1,2024-04-25,,,7.8,
D,4,Z3,Q2,2024-04-25,Enteropogon macrostachyus,High,11.5,
D,4,Z3,Q2,2024-04-25,Heteropogon contortus,Moderate,11.5,
D,4,Z3,Q2,2024-04-25,Andropogon eucomus,Low,13.8,
D,4,Z3,Q2,2024-04-25,,,14.9,
D,4,Z3,Q3,2024-04-25,Enteropogon macrostachyus,High,11.9,
D,4,Z3,Q3,2024-04-25,Eragrostis superba,Moderate,18.5,
D,4,Z3,Q3,2024-04-25,Aristida adscensionis,Low,17.7,
D,4,Z3,Q3,2024-04-25,,,18.4,
D,4,Z3,Q4,2024-04-25,Heteropogon contortus,Moderate,4.6,
D,4,Z3,Q4,2024-04-25,Aristida adscensionis,Low,3.2,
D,4,Z3,Q4,2024-04-25,Pogonarthria squarrosa ,Low,3.6,
D,4,Z3,Q4,2024-04-25,,,4,
D,4,Z3,Q5,2024-04-25,Digitaria eriantha,High,11.7,
D,4,Z3,Q5,2024-04-25,Enteropogon macrostachyus,High,12.9,
D,4,Z3,Q5,2024-04-25,Panicum maximum,High,13,
D,4,Z3,Q5,2024-04-25,Aristida adscensionis,Low,14.1,
D,4,Z3,Q5,2024-04-25,Heteropogon contortus,Moderate,,
D,4,Z4,Q1,2024-04-26,Pogonarthria squarrosa ,Low,11.4,
D,4,Z4,Q1,2024-04-26,Digitaria eriantha,High,10,
D,4,Z4,Q1,2024-04-26,Heteropogon contortus,Moderate,10.6,
D,4,Z4,Q1,2024-04-26,Sporobolus ioclados,Moderate,10.1,
D,4,Z4,Q2,2024-04-26,Heteropogon contortus,Moderate,23,
D,4,Z4,Q2,2024-04-26,Eragrostis superba,Moderate,28.2,
D,4,Z4,Q2,2024-04-26,Eragrostis gummiflua,Low,29.2,
D,4,Z4,Q2,2024-04-26,Enteropogon macrostachyus,High,29,
D,4,Z4,Q3,2024-04-26,Enteropogon macrostachyus,High,6.2,
D,4,Z4,Q3,2024-04-26,Heteropogon contortus,Moderate,6.2,
D,4,Z4,Q3,2024-04-26,Sporobolus ioclados,Moderate,6.2,
D,4,Z4,Q3,2024-04-26,Brachiaria nigropedata,High,6,
D,4,Z4,Q4,2024-04-26,Heteropogon contortus,Moderate,6.8,
D,4,Z4,Q4,2024-04-26,Enteropogon macrostachyus,High,6.6,
D,4,Z4,Q4,2024-04-26,Sporobolus ioclados,Moderate,4.9,
D,4,Z4,Q4,2024-04-26,Aristida diffusa,Low,5.3,
D,4,Z4,Q5,2024-04-26,Themeda triandra ,High,7.5,
D,4,Z4,Q5,2024-04-26,Heteropogon contortus,Moderate,7.4,
D,4,Z4,Q5,2024-04-26,,,8.9,
D,4,Z4,Q5,2024-04-26,,,9.8,
D,5,Z1,Q1,2024-04-26,Andropogon eucomus,Low,17.2,
D,5,Z1,Q1,2024-04-26,Enteropogon macrostachyus,High,16.6,
D,5,Z1,Q1,2024-04-26,Heteropogon contortus,Moderate,16.7,
D,5,Z1,Q1,2024-04-26,,,16,
D,5,Z1,Q2,2024-04-26,Aristida diffusa,Low,10,
D,5,Z1,Q2,2024-04-26,Heteropogon contortus,Moderate,9.3,
D,5,Z1,Q2,2024-04-26,,,10.9,
D,5,Z1,Q2,2024-04-26,,,10.7,
D,5,Z1,Q3,2024-04-26,Enteropogon macrostachyus,High,16,
D,5,Z1,Q3,2024-04-26,Hyperrhenia hirta,Low,15.2,
D,5,Z1,Q3,2024-04-26,,,13.4,
D,5,Z1,Q3,2024-04-26,,,17.2,
D,5,Z1,Q4,2024-04-26,Enteropogon macrostachyus,High,9.5,
D,5,Z1,Q4,2024-04-26,Heteropogon contortus,Moderate,13.8,
D,5,Z1,Q4,2024-04-26,,,14.5,
D,5,Z1,Q4,2024-04-26,,,17.8,
D,5,Z1,Q5,2024-04-26,Enteropogon macrostachyus,High,13.3,
D,5,Z1,Q5,2024-04-26,Heteropogon contortus,Moderate,13.9,
D,5,Z1,Q5,2024-04-26,Setaria incrassata,High,17.1,
D,5,Z1,Q5,2024-04-26,,,17.3,
D,5,Z2,Q1,2024-04-26,Heteropogon contortus,Moderate,7.7,
D,5,Z2,Q1,2024-04-26,Aristida congesta B,Low,7.6,
D,5,Z2,Q1,2024-04-26,Eragrostis rigidior,Moderate,7.8,
D,5,Z2,Q1,2024-04-26,Eragrostis gummiflua,Low,7.8,
D,5,Z2,Q2,2024-04-26,Aristida diffusa ,Low,4.5,
D,5,Z2,Q2,2024-04-26,Enteropogon macrostachyus,High,4.2,
D,5,Z2,Q2,2024-04-26,Heteropogon contortus,Moderate,4.6,
D,5,Z2,Q2,2024-04-26,Brachiaria nigropedata,High,4.9,
D,5,Z2,Q3,2024-04-26,Enteropogon macrostachyus,High,2.9,
D,5,Z2,Q3,2024-04-26,Brachiaria nigropedata,High,2.7,
D,5,Z2,Q3,2024-04-26,Sporobolus ioclados,Moderate,2.7,
D,5,Z2,Q3,2024-04-26,Aristida diffusa,Low,2.7,
D,5,Z2,Q3,2024-04-26,Perotis patens,Low,,
D,5,Z2,Q4,2024-04-26,Brachiaria nigropedata,High,6.5,
D,5,Z2,Q4,2024-04-26,Enteropogon macrostachyus,Moderate,6.4,
D,5,Z2,Q4,2024-04-26,Aristida diffusa,Low,7.5,
D,5,Z2,Q4,2024-04-26,Aristida adscensionis,Low,7.9,
D,5,Z2,Q5,2024-04-26,Brachiaria nigropedata,High,8.2,
D,5,Z2,Q5,2024-04-26,Eragrostis rigidior,Moderate,7.7,
D,5,Z2,Q5,2024-04-26,,,7.3,
D,5,Z2,Q5,2024-04-26,,,6,
D,5,Z3,Q1,2024-04-26,Heteropogon contortus,Moderate,5.7,
D,5,Z3,Q1,2024-04-26,Enteropogon macrostachyus,High,6.8,
D,5,Z3,Q1,2024-04-26,Sporobolus ioclados,Moderate,7.4,
D,5,Z3,Q1,2024-04-26,Aristida adscensionis,Low,7.7,
D,5,Z3,Q1,2024-04-26,Themeda triandra,High,,
D,5,Z3,Q2,2024-04-26,Heteropogon contortus,Moderate,1.8,
D,5,Z3,Q2,2024-04-26,Aristida diffusa,Low,1.8,
D,5,Z3,Q2,2024-04-26,,,1.8,
D,5,Z3,Q2,2024-04-26,,,1.8,
D,5,Z3,Q3,2024-04-26,Cymbopogon excavatus,Low,8.1,
D,5,Z3,Q3,2024-04-26,Cynodon dactylon,High,9.6,
D,5,Z3,Q3,2024-04-26,,,10,
D,5,Z3,Q3,2024-04-26,,,11.4,
D,5,Z3,Q4,2024-04-26,Enteropogon macrostachyus,High,7,
D,5,Z3,Q4,2024-04-26,Heteropogon contortus,Moderate,9.9,
D,5,Z3,Q4,2024-04-26,Hyperrhenia hirta,Moderate,10.9,
D,5,Z3,Q4,2024-04-26,,,11.4,
D,5,Z3,Q5,2024-04-26,Enteropogon macrostachyus,High,6.3,
D,5,Z3,Q5,2024-04-26,Eragrostis rigidior,Moderate,7.4,
D,5,Z3,Q5,2024-04-26,Heteropogon contortus,Moderate,8,
D,5,Z3,Q5,2024-04-26,,,8.8,
D,5,Z4,Q1,2024-04-26,Sporobolus ioclados,Moderate,1.5,
D,5,Z4,Q1,2024-04-26,Aristida diffusa,Low,1.5,
D,5,Z4,Q1,2024-04-26,Cymbopogon excavatus,Low,6,
D,5,Z4,Q1,2024-04-26,,,6,
D,5,Z4,Q2,2024-04-26,Aristida diffusa,Low,11,
D,5,Z4,Q2,2024-04-26,Heteropogon contortus,Moderate,11.4,
D,5,Z4,Q2,2024-04-26,Panicum maximum,High,10.9,
D,5,Z4,Q2,2024-04-26,,,11,
D,5,Z4,Q3,2024-04-26,Cymbopogon excavatus,Low,11.6,
D,5,Z4,Q3,2024-04-26,,,11.6,
D,5,Z4,Q3,2024-04-26,,,17.8,
D,5,Z4,Q3,2024-04-26,,,20,
D,5,Z4,Q4,2024-04-26,Enteropogon macrostachyus,High,14,
D,5,Z4,Q4,2024-04-26,Eragrostis gummiflua,Low,14.6,
D,5,Z4,Q4,2024-04-26,Aristida diffusa,Low,10.5,
D,5,Z4,Q4,2024-04-26,,,12,
D,5,Z4,Q5,2024-04-26,Heteropogon contortus,Moderate,10.3,
D,5,Z4,Q5,2024-04-26,Enteropogon macrostachyus,High,9.7,
D,5,Z4,Q5,2024-04-26,Eragrostis cylindriflora,Moderate,9.1,
D,5,Z4,Q5,2024-04-26,,,8.4,
E,1,Z1,Q1,2024-04-19,Heteropogon contortus,Moderate,3.9,
E,1,Z1,Q1,2024-04-19,Aristida adscensionis,Low,4.2,
E,1,Z1,Q1,2024-04-19,,,9.5,
E,1,Z1,Q1,2024-04-19,,,7.8,
E,1,Z1,Q2,2024-04-19,Heteropogon contortus,Moderate,22,
E,1,Z1,Q2,2024-04-19,Brachiaria nigropedata,High,17,
E,1,Z1,Q2,2024-04-19,,,14.3,
E,1,Z1,Q2,2024-04-19,,,13.6,
E,1,Z1,Q3,2024-04-19,Brachiaria nigropedata,High,6.6,
E,1,Z1,Q3,2024-04-19,Heteropogon contortus,Moderate,5.8,
E,1,Z1,Q3,2024-04-19,Eragrostis superba,Moderate,6.2,
E,1,Z1,Q3,2024-04-19,Eragrostis gummiflua,Low,6.2,
E,1,Z1,Q4,2024-04-19,Heteropogon contortus,Moderate,3.2,
E,1,Z1,Q4,2024-04-19,Panicum maximum,High,3.2,
E,1,Z1,Q4,2024-04-19,,,3.2,
E,1,Z1,Q4,2024-04-19,,,3.2,
E,1,Z1,Q5,2024-04-19,Brachiaria nigropedata,High,2.5,
E,1,Z1,Q5,2024-04-19,Aristida adscensionis,Low,3.9,
E,1,Z1,Q5,2024-04-19,Eragrostis gummiflua,Low,3.6,
E,1,Z1,Q5,2024-04-19,Heteropogon contortus,Moderate,3.9,
E,1,Z1,Q5,2024-04-19,Eragrostis rigidior,Moderate,,
E,1,Z2,Q1,2024-04-19,Panicum maximum,High,10.3,
E,1,Z2,Q1,2024-04-19,Eragrostis gummiflua,Low,10.1,
E,1,Z2,Q1,2024-04-19,Aristida adscensionis,Low,9.5,
E,1,Z2,Q1,2024-04-19,Pogonarthria squarrosa ,Low,9,
E,1,Z2,Q2,2024-04-19,Digitaria eriantha,High,10.2,
E,1,Z2,Q2,2024-04-19,Eragrostis rigidior,Moderate,12.4,
E,1,Z2,Q2,2024-04-19,,,19.2,
E,1,Z2,Q2,2024-04-19,,,18.7,
E,1,Z2,Q3,2024-04-19,Digitaria eriantha,High,11.2,
E,1,Z2,Q3,2024-04-19,Heteropogon contortus,Moderate,10.4,
E,1,Z2,Q3,2024-04-19,,,10.7,
E,1,Z2,Q3,2024-04-19,,,9.9,
E,1,Z2,Q4,2024-04-19,Andropogon eucomus,Low,8.6,
E,1,Z2,Q4,2024-04-19,Aristida adscensionis,Low,9.2,
E,1,Z2,Q4,2024-04-19,Pogonarthria squarrosa ,Low,10.2,
E,1,Z2,Q4,2024-04-19,,,10.5,
E,1,Z2,Q5,2024-04-19,Digitaria eriantha,High,2.5,
E,1,Z2,Q5,2024-04-19,,,4.1,
E,1,Z2,Q5,2024-04-19,,,4.6,
E,1,Z2,Q5,2024-04-19,,,4.8,
E,1,Z3,Q1,2024-04-19,Panicum maximum,High,6.7,
E,1,Z3,Q1,2024-04-19,,,10.6,
E,1,Z3,Q1,2024-04-19,,,9.9,
E,1,Z3,Q1,2024-04-19,,,9.1,
E,1,Z3,Q2,2024-04-19,Panicum maximum,High,3.2,
E,1,Z3,Q2,2024-04-19,Heteropogon contortus,Moderate,9.7,
E,1,Z3,Q2,2024-04-19,Eragrostis rigidior,Moderate,9,
E,1,Z3,Q2,2024-04-19,,,7.6,
E,1,Z3,Q3,2024-04-19,Digitaria eriantha,High,8.9,
E,1,Z3,Q3,2024-04-19,Eragrostis rigidior,Moderate,12.6,
E,1,Z3,Q3,2024-04-19,Brachiaria nigropedata,High,12.7,
E,1,Z3,Q3,2024-04-19,,,11.1,
E,1,Z3,Q4,2024-04-19,Heteropogon contortus,Moderate,13.5,
E,1,Z3,Q4,2024-04-19,Digitaria eriantha,High,12,
E,1,Z3,Q4,2024-04-19,Eragrostis gummiflua,Low,11.1,
E,1,Z3,Q4,2024-04-19,Aristida adscensionis,Low,10.7,
E,1,Z3,Q5,2024-04-19,Brachiaria nigropedata,High,2.1,
E,1,Z3,Q5,2024-04-19,Aristida adscensionis,Low,5.6,
E,1,Z3,Q5,2024-04-19,Enteropogon macrostachyus,High,5.7,
E,1,Z3,Q5,2024-04-19,,,0,
E,1,Z4,Q1,2024-04-19,Digitaria eriantha,High,6.2,
E,1,Z4,Q1,2024-04-19,,,4.9,
E,1,Z4,Q1,2024-04-19,,,5.1,
E,1,Z4,Q1,2024-04-19,,,8.3,
E,1,Z4,Q2,2024-04-19,Digitaria eriantha,High,6.8,
E,1,Z4,Q2,2024-04-19,Aristida adscensionis,Low,5.7,
E,1,Z4,Q2,2024-04-19,Pogonarthria squarrosa ,Low,3.9,
E,1,Z4,Q2,2024-04-19,Chloris virgata,Moderate,3.8,
E,1,Z4,Q3,2024-04-19,Digitaria eriantha,High,11.9,
E,1,Z4,Q3,2024-04-19,Aristida adscensionis,Low,14.2,
E,1,Z4,Q3,2024-04-19,,,12.1,
E,1,Z4,Q3,2024-04-19,,,12,
E,1,Z4,Q4,2024-04-19,Digitaria eriantha,High,10.9,
E,1,Z4,Q4,2024-04-19,Eragrostis gummiflua,Low,6,
E,1,Z4,Q4,2024-04-19,Andropogon eucomus,Low,12.4,
E,1,Z4,Q4,2024-04-19,Eragrostis superba,Moderate,11.5,
E,1,Z4,Q4,2024-04-19,Digitaria eriantha,High,7.3,
E,1,Z4,Q5,2024-04-19,Panicum maximum,High,17.7,
E,1,Z4,Q5,2024-04-17,,,18,
E,1,Z4,Q5,2024-04-17,,,16.5,
E,1,Z4,Q5,2024-04-17,,,0,
E,2,Z1,Q1,2024-04-17,Panicum maximum,High,8.3,
E,2,Z1,Q1,2024-04-17,,,8.7,
E,2,Z1,Q1,2024-04-17,,,8.1,
E,2,Z1,Q1,2024-04-17,,,8.1,
E,2,Z1,Q2,2024-04-17,Heteropogon contortus,Moderate,4.1,
E,2,Z1,Q2,2024-04-17,Enteropogon macrostachyus,High,3.4,
E,2,Z1,Q2,2024-04-17,,,3.4,
E,2,Z1,Q2,2024-04-17,,,5.1,
E,2,Z1,Q3,2024-04-17,Urochloa mosambicensis,Moderate,5.6,
E,2,Z1,Q3,2024-04-17,Eragrostis gummiflua,Low,4.6,
E,2,Z1,Q3,2024-04-17,Aristida adscensionis,Low,0,
E,2,Z1,Q3,2024-04-17,,,7.3,
E,2,Z1,Q4,2024-04-17,,,0,
E,2,Z1,Q4,2024-04-17,,,0,
E,2,Z1,Q4,2024-04-17,,,0,
E,2,Z1,Q4,2024-04-17,,,0,
E,2,Z1,Q5,2024-04-17,Panicum maximum,High,4.7,
E,2,Z1,Q5,2024-04-17,Heteropogon contortus,Moderate,4.6,
E,2,Z1,Q5,2024-04-17,Enteropogon macrostachyus,High,4.4,
E,2,Z1,Q5,2024-04-17,,,4.7,
E,2,Z2,Q1,2024-04-17,Urochloa mosambicensis,Moderate,11.3,
E,2,Z2,Q1,2024-04-17,Enteropogon macrostachyus,High,11.1,
E,2,Z2,Q1,2024-04-17,Eragrostis gummiflua,Low,10.9,
E,2,Z2,Q1,2024-04-17,Heteropogon contortus,Moderate,10.7,
E,2,Z2,Q2,2024-04-17,Enteropogon macrostachyus,High,11.3,
E,2,Z2,Q2,2024-04-17,Eragrostis gummiflua,Low,12.9,
E,2,Z2,Q2,2024-04-17,Eragrostis rigidior,Moderate,12.5,
E,2,Z2,Q2,2024-04-17,,,12.7,
E,2,Z2,Q3,2024-04-17,Heteropogon contortus,Moderate,10.9,
E,2,Z2,Q3,2024-04-17,Enteropogon macrostachyus,High,10.7,
E,2,Z2,Q3,2024-04-17,,,11.3,
E,2,Z2,Q3,2024-04-17,,,12.7,
E,2,Z2,Q4,2024-04-17,Enteropogon macrostachyus,High,12.3,
E,2,Z2,Q4,2024-04-17,Panicum maximum,High,11.9,
E,2,Z2,Q4,2024-04-17,Aristida adscensionis,Low,11.4,
E,2,Z2,Q4,2024-04-17,,,11.2,
E,2,Z2,Q5,2024-04-17,Heteropogon contortus,Moderate,10.8,
E,2,Z2,Q5,2024-04-17,Urochloa mosambicensis,Moderate,10.6,
E,2,Z2,Q5,2024-04-17,,,4.6,
E,2,Z2,Q5,2024-04-17,,,4.7,
E,2,Z3,Q1,2024-04-17,Panicum maximum,High,4.2,
E,2,Z3,Q1,2024-04-17,Heteropogon contortus,Moderate,4,
E,2,Z3,Q1,2024-04-17,,,5.8,
E,2,Z3,Q1,2024-04-17,,,5.5,
E,2,Z3,Q2,2024-04-17,Heteropogon contortus,High,2.5,
E,2,Z3,Q2,2024-04-17,Eragrostis rigidior,Moderate,3.5,
E,2,Z3,Q2,2024-04-17,,,0,
E,2,Z3,Q2,2024-04-17,,,0,
E,2,Z3,Q3,2024-04-17,Panicum maximum,High,7.6,
E,2,Z3,Q3,2024-04-17,Enteropogon macrostachyus,High,8.3,
E,2,Z3,Q3,2024-04-17,,,7.6,
E,2,Z3,Q3,2024-04-17,,,9.2,
E,2,Z3,Q4,2024-04-17,Panicum maximum,High,8.7,
E,2,Z3,Q4,2024-04-17,,,4,
E,2,Z3,Q4,2024-04-17,,,15.1,
E,2,Z3,Q4,2024-04-17,,,15.3,
E,2,Z3,Q5,2024-04-17,Enteropogon macrostachyus,High,6.3,
E,2,Z3,Q5,2024-04-17,Panicum maximum,High,6.1,
E,2,Z3,Q5,2024-04-17,,,5.7,
E,2,Z3,Q5,2024-04-17,,,6.7,
E,2,Z4,Q1,2024-04-17,Enteropogon macrostachyus,High,10.2,
E,2,Z4,Q1,2024-04-17,Panicum maximum,High,11.2,
E,2,Z4,Q1,2024-04-17,,,10.7,
E,2,Z4,Q1,2024-04-17,,,12.6,
E,2,Z4,Q2,2024-04-17,Enteropogon macrostachyus,High,5.3,
E,2,Z4,Q2,2024-04-17,Panicum maximum,High,6.1,
E,2,Z4,Q2,2024-04-17,,,9.3,
E,2,Z4,Q2,2024-04-17,,,10.8,
E,2,Z4,Q3,2024-04-17,Heteropogon contortus,Moderate,23.3,
E,2,Z4,Q3,2024-04-17,Panicum maximum,High,19,
E,2,Z4,Q3,2024-04-17,,,16.7,
E,2,Z4,Q3,2024-04-17,,,19.9,
E,2,Z4,Q4,2024-04-17,Pogonarthria squarrosa ,Low,17,
E,2,Z4,Q4,2024-04-17,Aristida adscensionis,Low,15.1,
E,2,Z4,Q4,2024-04-17,Heteropogon contortus,Moderate,13.7,
E,2,Z4,Q4,2024-04-17,Eragrostis rigidior,Moderate,17.9,
E,2,Z4,Q5,2024-04-17,Aristida adscensionis,Low,12,
E,2,Z4,Q5,2024-04-17,Heteropogon contortus,Moderate,11.4,
E,2,Z4,Q5,2024-04-17,Eragrostis rigidior,Moderate,10.9,
E,2,Z4,Q5,2024-04-17,Setaria incrassata,High,10.3,
E,2,Z4,Q5,2024-04-17,Eragrostis gummiflua,Low,,
E,3,Z1,Q1,2024-04-17,Heteropogon contortus,Moderate,3.3,
E,3,Z1,Q1,2024-04-17,Urochloa mosambicensis,Moderate,9.5,
E,3,Z1,Q1,2024-04-17,,,10,
E,3,Z1,Q1,2024-04-17,,,15.9,
E,3,Z1,Q2,2024-04-17,Panicum maximum,High,4.4,
E,3,Z1,Q2,2024-04-17,Aristida adscensionis,Low,3.6,
E,3,Z1,Q2,2024-04-17,Heteropogon contortus,Moderate,3.3,
E,3,Z1,Q2,2024-04-17,Eragrostis rigidior,Moderate,5.2,
E,3,Z1,Q3,2024-04-17,Panicum maximum,High,11.4,
E,3,Z1,Q3,2024-04-17,Heteropogon contortus,Moderate,9,
E,3,Z1,Q3,2024-04-17,,,8.5,
E,3,Z1,Q3,2024-04-17,,,8.5,
E,3,Z1,Q4,2024-04-17,Panicum maximum,High,6.7,
E,3,Z1,Q4,2024-04-17,Digitaria eriantha,High,8.5,
E,3,Z1,Q4,2024-04-17,,,9.4,
E,3,Z1,Q4,2024-04-17,,,7,
E,3,Z1,Q5,2024-04-17,Urochloa mosambicensis,Moderate,3,
E,3,Z1,Q5,2024-04-17,Aristida adscensionis,Low,4.2,
E,3,Z1,Q5,2024-04-17,Heteropogon contortus,Moderate,4.2,
E,3,Z1,Q5,2024-04-17,Cymbopogon excavatus,Low,4.6,
E,3,Z1,Q5,2024-04-17,Eragrostis gummiflua,Low,,
E,3,Z2,Q1,2024-04-17,Urochloa mosambicensis,,2,
E,3,Z2,Q1,2024-04-17,,,2,
E,3,Z2,Q1,2024-04-17,,,2,
E,3,Z2,Q1,2024-04-17,,,2,
E,3,Z2,Q2,2024-04-17,Aristida diffusa,,9.7,
E,3,Z2,Q2,2024-04-17,Panicum maximum,,8.9,
E,3,Z2,Q2,2024-04-17,Aristida adscensionis,,8.4,
E,3,Z2,Q2,2024-04-17,Eragrostis rigidior,,7.8,
E,3,Z2,Q3,2024-04-17,Panicum maximum,,11.5,
E,3,Z2,Q3,2024-04-17,,,11.9,
E,3,Z2,Q3,2024-04-17,,,11.5,
E,3,Z2,Q3,2024-04-17,,,11.2,
E,3,Z2,Q4,2024-04-17,Panicum maximum,,24.4,
E,3,Z2,Q4,2024-04-17,Enteropogon macrostachyus,,15,
E,3,Z2,Q4,2024-04-17,,,12,
E,3,Z2,Q4,2024-04-17,,,14.6,
E,3,Z2,Q5,2024-04-17,Panicum maximum,,5.8,
E,3,Z2,Q5,2024-04-17,,,3.7,
E,3,Z2,Q5,2024-04-17,,,5.6,
E,3,Z2,Q5,2024-04-17,,,5.5,
E,3,Z3,Q1,2024-04-17,Eragrostis rigidior,Moderate,3,
E,3,Z3,Q1,2024-04-17,Heteropogon contortus,Moderate,4.4,
E,3,Z3,Q1,2024-04-17,Cymbopogon excavatus,Low,9.6,
E,3,Z3,Q1,2024-04-17,,,10.4,
E,3,Z3,Q2,2024-04-17,Heteropogon contortus,Moderate,12,
E,3,Z3,Q2,2024-04-17,Urochloa mosambicensis,Moderate,12.1,
E,3,Z3,Q2,2024-04-17,Panicum maximum,High,12.7,
E,3,Z3,Q2,2024-04-17,,,10.5,
E,3,Z3,Q3,2024-04-17,Eragrostis rigidior,Moderate,0,
E,3,Z3,Q3,2024-04-17,Heteropogon contortus,Moderate,1.7,
E,3,Z3,Q3,2024-04-17,Panicum maximum,High,1.8,
E,3,Z3,Q3,2024-04-17,Eragrostis superba,Moderate,5.2,
E,3,Z3,Q3,2024-04-17,Eragrostis gummiflua,Low,,
E,3,Z3,Q3,2024-04-17,Aristida adscensionis,Low,,
E,3,Z3,Q3,2024-04-17,Pogonarthria squarrosa ,Low,,
E,3,Z3,Q4,2024-04-17,Eragrostis rigidior,Moderate,6.5,
E,3,Z3,Q4,2024-04-17,Heteropogon contortus,Moderate,4.3,
E,3,Z3,Q4,2024-04-17,Eragrostis gummiflua,Low,7.1,
E,3,Z3,Q4,2024-04-17,Aristida adscensionis,Low,8.3,
E,3,Z3,Q5,2024-04-17,Heteropogon contortus,Moderate,5.3,
E,3,Z3,Q5,2024-04-17,Eragrostis gummiflua,Low,4.6,
E,3,Z3,Q5,2024-04-17,,,4.1,
E,3,Z3,Q5,2024-04-17,,,4.5,
E,3,Z4,Q1,2024-04-17,Cymbopogon excavatus,Low,4.5,
E,3,Z4,Q1,2024-04-17,Heteropogon contortus,Moderate,4.5,
E,3,Z4,Q1,2024-04-17,Urochloa mosambicensis,Moderate,9.9,
E,3,Z4,Q1,2024-04-17,,,12.9,
E,3,Z4,Q2,2024-04-17,Panicum maximum,High,11.7,
E,3,Z4,Q2,2024-04-17,,,10.8,
E,3,Z4,Q2,2024-04-17,,,8.4,
E,3,Z4,Q2,2024-04-17,,,9.9,
E,3,Z4,Q3,2024-04-17,Heteropogon contortus,Moderate,18.2,
E,3,Z4,Q3,2024-04-17,,,22.3,
E,3,Z4,Q3,2024-04-17,,,17.6,
E,3,Z4,Q3,2024-04-17,,,17.5,
E,3,Z4,Q4,2024-04-17,Panicum maximum,High,4.3,
E,3,Z4,Q4,2024-04-17,Eragrostis rigidior,Moderate,4.5,
E,3,Z4,Q4,2024-04-17,Eragrostis gummiflua,Low,6.8,
E,3,Z4,Q4,2024-04-17,,,6.2,
E,3,Z4,Q5,2024-04-17,Panicum maximum,High,8.5,
E,3,Z4,Q5,2024-04-17,Eragrostis rigidior,Moderate,8.3,
E,3,Z4,Q5,2024-04-17,,,7.4,
E,3,Z4,Q5,2024-04-17,,,7.9,
E,4,Z1,Q1,2024-04-16,Heteropogon contortus,High,5.4,
E,4,Z1,Q1,2024-04-16,,,6.1,
E,4,Z1,Q1,2024-04-16,,,6.7,
E,4,Z1,Q1,2024-04-16,,,6.6,
E,4,Z1,Q2,2024-04-16,Panicum maximum,High,7,
E,4,Z1,Q2,2024-04-16,,,7.6,
E,4,Z1,Q2,2024-04-16,,,5.7,
E,4,Z1,Q2,2024-04-16,,,5.6,
E,4,Z1,Q3,2024-04-16,Digitaria eriantha,High,2.7,
E,4,Z1,Q3,2024-04-16,Heteropogon contortus,Moderate,2.6,
E,4,Z1,Q3,2024-04-16,Eragrostis gummiflua,Low,2.6,
E,4,Z1,Q3,2024-04-16,Aristida adscensionis,Low,2.6,
E,4,Z1,Q4,2024-04-16,Heteropogon contortus,Moderate,8.3,
E,4,Z1,Q4,2024-04-16,,,8.1,
E,4,Z1,Q4,2024-04-16,,,8,
E,4,Z1,Q4,2024-04-16,,,7.7,
E,4,Z1,Q5,2024-04-16,Enteropogon macrostachyus,High,13.3,
E,4,Z1,Q5,2024-04-16,,,15.4,
E,4,Z1,Q5,2024-04-16,,,13.9,
E,4,Z1,Q5,2024-04-16,,,13.6,
E,4,Z2,Q1,2024-04-16,Heteropogon contortus,Moderate,5.2,
E,4,Z2,Q1,2024-04-16,Aristida adscensionis,Low,14.8,
E,4,Z2,Q1,2024-04-16,,,14.6,
E,4,Z2,Q1,2024-04-16,,,14.4,
E,4,Z2,Q2,2024-04-16,Heteropogon contortus,Moderate,3,
E,4,Z2,Q2,2024-04-16,Eragrostis gummiflua,Low,3.6,
E,4,Z2,Q2,2024-04-16,Aristida adscensionis,Low,3.8,
E,4,Z2,Q2,2024-04-16,Eragrostis rigidior,Moderate,5.6,
E,4,Z2,Q3,2024-04-16,Heteropogon contortus,Moderate,8.1,
E,4,Z2,Q3,2024-04-16,,,6.5,
E,4,Z2,Q3,2024-04-16,,,6.3,
E,4,Z2,Q3,2024-04-16,,,6.1,
E,4,Z2,Q4,2024-04-16,Heteropogon contortus,Moderate,6.5,
E,4,Z2,Q4,2024-04-16,,,6.6,
E,4,Z2,Q4,2024-04-16,,,9.4,
E,4,Z2,Q4,2024-04-16,,,10.3,
E,4,Z2,Q5,2024-04-16,Heteropogon contortus,Moderate,10.4,
E,4,Z2,Q5,2024-04-16,Cymbopogon excavatus,Low,7.4,
E,4,Z2,Q5,2024-04-16,,,7.6,
E,4,Z2,Q5,2024-04-16,,,6.8,
E,4,Z3,Q1,2024-04-16,Panicum maximum,High,9.8,
E,4,Z3,Q1,2024-04-16,,,11.7,
E,4,Z3,Q1,2024-04-16,,,11.3,
E,4,Z3,Q1,2024-04-16,,,12.3,
E,4,Z3,Q2,2024-04-16,Pogonarthria squarrosa ,Low,13.2,
E,4,Z3,Q2,2024-04-16,Panicum maximum,High,5.6,
E,4,Z3,Q2,2024-04-16,Aristida adscensionis,Low,2.8,
E,4,Z3,Q2,2024-04-16,,,5,
E,4,Z3,Q3,2024-04-16,Heteropogon contortus,Moderate,20.3,
E,4,Z3,Q3,2024-04-16,,,16,
E,4,Z3,Q3,2024-04-16,,,16.9,
E,4,Z3,Q3,2024-04-16,,,14.9,
E,4,Z3,Q4,2024-04-16,Heteropogon contortus,Moderate,7.1,
E,4,Z3,Q4,2024-04-16,Eragrostis gummiflua,Low,6.9,
E,4,Z3,Q4,2024-04-16,Eragrostis rigidior,Moderate,7.1,
E,4,Z3,Q4,2024-04-16,,,7.2,
E,4,Z3,Q5,2024-04-16,Panicum maximum,High,6.6,
E,4,Z3,Q5,2024-04-16,,,3.5,
E,4,Z3,Q5,2024-04-16,,,6.3,
E,4,Z3,Q5,2024-04-16,,,12.9,
E,4,Z4,Q1,2024-04-16,Heteropogon contortus,Moderate,8.1,
E,4,Z4,Q1,2024-04-16,Enteropogon macrostachyus,High,7.5,
E,4,Z4,Q1,2024-04-16,Urochloa mosambicensis,Moderate,6.8,
E,4,Z4,Q1,2024-04-16,,,6.3,
E,4,Z4,Q2,2024-04-16,Eragrostis rigidior,Moderate,3.1,
E,4,Z4,Q2,2024-04-16,,,2.4,
E,4,Z4,Q2,2024-04-16,,,0,
E,4,Z4,Q2,2024-04-16,,,0,
E,4,Z4,Q3,2024-04-16,Panicum maximum,High,6.1,
E,4,Z4,Q3,2024-04-16,Heteropogon contortus,Moderate,5.3,
E,4,Z4,Q3,2024-04-16,Eragrostis rigidior,Moderate,7.3,
E,4,Z4,Q3,2024-04-16,,,10.2,
E,4,Z4,Q4,2024-04-16,Heteropogon contortus,Moderate,13.5,
E,4,Z4,Q4,2024-04-16,,,15.7,
E,4,Z4,Q4,2024-04-16,,,18.8,
E,4,Z4,Q4,2024-04-16,,,19,
E,4,Z4,Q5,2024-04-16,Enteropogon macrostachyus,High,7,
E,4,Z4,Q5,2024-04-16,Urochloa mosambicensis,Moderate,5.3,
E,4,Z4,Q5,2024-04-16,Heteropogon contortus,Moderate,5.5,
E,4,Z4,Q5,2024-04-16,,,6,
E,5,Z1,Q1,2024-04-19,Eragrostis rigidior,Moderate,5.8,
E,5,Z1,Q1,2024-04-19,Brachiaria nigropedata,High,5.8,
E,5,Z1,Q1,2024-04-19,Heteropogon contortus,Moderate,9.8,
E,5,Z1,Q1,2024-04-19,Enteropogon macrostachyus,High,8.5,
E,5,Z1,Q1,2024-04-19,Pogonarthria squarrosa ,Low,,
E,5,Z1,Q2,2024-04-19,Digitaria eriantha,High,15.3,
E,5,Z1,Q2,2024-04-19,Panicum maximum,High,15.8,
E,5,Z1,Q2,2024-04-19,Heteropogon contortus,Moderate,13.8,
E,5,Z1,Q2,2024-04-19,Eragrostis gummiflua,Low,14.5,
E,5,Z1,Q3,2024-04-19,Enteropogon macrostachyus,High,8.7,
E,5,Z1,Q3,2024-04-19,Panicum maximum,High,11.4,
E,5,Z1,Q3,2024-04-19,,,13.4,
E,5,Z1,Q3,2024-04-19,,,11.4,
E,5,Z1,Q4,2024-04-19,Aristida adscensionis,Low,8.7,
E,5,Z1,Q4,2024-04-19,Heteropogon contortus,Moderate,8.5,
E,5,Z1,Q4,2024-04-19,Cymbopogon excavatus,Low,8.5,
E,5,Z1,Q4,2024-04-19,,,8.3,
E,5,Z1,Q5,2024-04-19,Heteropogon contortus,Moderate,10,
E,5,Z1,Q5,2024-04-19,Eragrostis rigidior,Moderate,10.6,
E,5,Z1,Q5,2024-04-19,,,10.4,
E,5,Z1,Q5,2024-04-19,,,10.5,
E,5,Z2,Q1,2024-04-19,Panicum maximum,High,8.9,
E,5,Z2,Q1,2024-04-19,,,9.1,
E,5,Z2,Q1,2024-04-19,,,9.7,
E,5,Z2,Q1,2024-04-19,,,10.3,
E,5,Z2,Q2,2024-04-19,Panicum maximum,High,10.8,
E,5,Z2,Q2,2024-04-19,Enteropogon macrostachyus,High,10.8,
E,5,Z2,Q2,2024-04-19,Heteropogon contortus,Moderate,8.9,
E,5,Z2,Q2,2024-04-19,,,7.7,
E,5,Z2,Q3,2024-04-19,Brachiaria nigropedata,High,12.2,
E,5,Z2,Q3,2024-04-19,Heteropogon contortus,Moderate,11.3,
E,5,Z2,Q3,2024-04-19,Digitaria eriantha,High,10.5,
E,5,Z2,Q3,2024-04-19,,,10.5,
E,5,Z2,Q4,2024-04-19,Eragrostis rigidior,Moderate,12.9,
E,5,Z2,Q4,2024-04-19,Heteropogon contortus,Moderate,15,
E,5,Z2,Q4,2024-04-19,Pogonarthria squarrosa ,Low,14.3,
E,5,Z2,Q4,2024-04-19,Aristida adscensionis,Low,5.6,
E,5,Z2,Q5,2024-04-19,Enteropogon macrostachyus,High,10.7,
E,5,Z2,Q5,2024-04-19,Heteropogon contortus,Moderate,10.6,
E,5,Z2,Q5,2024-04-19,Aristida adscensionis,Low,10.4,
E,5,Z2,Q5,2024-04-19,,,10.1,
E,5,Z3,Q1,2024-04-19,Aristida adscensionis,Low,10.6,
E,5,Z3,Q1,2024-04-19,Digitaria eriantha,High,10.2,
E,5,Z3,Q1,2024-04-19,Eragrostis gummiflua,Low,10.5,
E,5,Z3,Q1,2024-04-19,,,10.4,
E,5,Z3,Q2,2024-04-19,Eragrostis gummiflua,Low,5.1,
E,5,Z3,Q2,2024-04-19,Eragrostis rigidior,Moderate,13.2,
E,5,Z3,Q2,2024-04-19,Heteropogon contortus,Moderate,11.4,
E,5,Z3,Q2,2024-04-19,Digitaria eriantha,High,19.9,
E,5,Z3,Q2,2024-04-19,Pogonarthria squarrosa ,Low,,
E,5,Z3,Q3,2024-04-19,Heteropogon contortus,Moderate,6.8,
E,5,Z3,Q3,2024-04-19,Digitaria eriantha,High,8.1,
E,5,Z3,Q3,2024-04-19,Panicum maximum,High,8.1,
E,5,Z3,Q3,2024-04-19,,,8.8,
E,5,Z3,Q4,2024-04-19,Aristida adscensionis,Low,6.3,
E,5,Z3,Q4,2024-04-19,Eragrostis gummiflua,Low,6,
E,5,Z3,Q4,2024-04-19,Eragrostis rigidior,Moderate,8.3,
E,5,Z3,Q4,2024-04-19,Heteropogon contortus,Moderate,7.2,
E,5,Z3,Q4,2024-04-19,Enteropogon macrostachyus,High,,
E,5,Z3,Q5,2024-04-19,Aristida adscensionis,Low,2.8,
E,5,Z3,Q5,2024-04-19,Heteropogon contortus,Moderate,2.8,
E,5,Z3,Q5,2024-04-19,,,2.8,
E,5,Z3,Q5,2024-04-19,,,2.8,
E,5,Z4,Q1,2024-04-19,Heteropogon contortus,Moderate,13.2,
E,5,Z4,Q1,2024-04-19,Enteropogon macrostachyus,High,12,
E,5,Z4,Q1,2024-04-19,,,11.4,
E,5,Z4,Q1,2024-04-19,,,11.6,
E,5,Z4,Q2,2024-04-19,Pogonarthria squarrosa ,Low,8.3,
E,5,Z4,Q2,2024-04-19,Brachiaria nigropedata,High,8.4,
E,5,Z4,Q2,2024-04-19,,,9.1,
E,5,Z4,Q2,2024-04-19,,,10,
E,5,Z4,Q3,2024-04-19,Brachiaria nigropedata,High,13.2,
E,5,Z4,Q3,2024-04-19,Digitaria eriantha,High,12.7,
E,5,Z4,Q3,2024-04-19,Panicum maximum,High,12.2,
E,5,Z4,Q3,2024-04-19,,,12.3,
E,5,Z4,Q4,2024-04-19,Enteropogon macrostachyus,High,11.6,
E,5,Z4,Q4,2024-04-19,Digitaria eriantha,High,12.2,
E,5,Z4,Q4,2024-04-19,Sporobolus africanus,Low,12.3,
E,5,Z4,Q4,2024-04-19,,,13.1,
E,5,Z4,Q5,2024-04-19,Enteropogon macrostachyus,High,5.1,
E,5,Z4,Q5,2024-04-19,Aristida adscensionis,Low,12.8,
E,5,Z4,Q5,2024-04-19,Sporobolus ioclados,Moderate,12.5,
E,5,Z4,Q5,2024-04-19,,,12.1,
F,1,Z1,Q1,2024-04-08,Heteropogon contortus,Moderate,4,
F,1,Z1,Q1,2024-04-08,Eragrostis rigidior,Moderate,5.6,
F,1,Z1,Q1,2024-04-08,,,3.8,
F,1,Z1,Q1,2024-04-08,,,13.6,
F,1,Z1,Q2,2024-04-08,Heteropogon contortus,Moderate,3.4,
F,1,Z1,Q2,2024-04-08,Eragrostis rigidior,Moderate,20.7,
F,1,Z1,Q2,2024-04-08,Eragrostis gummiflua,Low,7.8,
F,1,Z1,Q2,2024-04-08,,,3.6,
F,1,Z1,Q3,2024-04-08,Aristida congesta C,Low,3.5,
F,1,Z1,Q3,2024-04-08,Heteropogon contortus,Moderate,4.7,
F,1,Z1,Q3,2024-04-08,Eragrostis rigidior,Moderate,4.8,
F,1,Z1,Q3,2024-04-08,Eragrostis gummiflua,Low,5.2,
F,1,Z1,Q4,2024-04-08,Aristida adscensionis,Low,9,
F,1,Z1,Q4,2024-04-08,Eragrostis rigidior,Low,12.7,
F,1,Z1,Q4,2024-04-08,Eragrostis gummiflua,Low,12.8,
F,1,Z1,Q4,2024-04-08,Eragrostis superba,Moderate,12.7,
F,1,Z1,Q5,2024-04-08,Eragrostis rigidior,Moderate,5.5,
F,1,Z1,Q5,2024-04-08,Eragrostis gummiflua,Low,5.9,
F,1,Z1,Q5,2024-04-08,Eragrostis superba,Moderate,7.9,
F,1,Z1,Q5,2024-04-08,,,7.5,
F,1,Z2,Q1,2024-04-08,Heteropogon contortus,Moderate,4.9,
F,1,Z2,Q1,2024-04-08,Eragrostis rigidior,Moderate,7.8,
F,1,Z2,Q1,2024-04-08,Eragrostis gummiflua,Low,7.5,
F,1,Z2,Q1,2024-04-08,Digitaria eriantha,High,13.3,
F,1,Z2,Q2,2024-04-08,Heteropogon contortus,Moderate,19.7,
F,1,Z2,Q2,2024-04-08,Eragrostis rigidior,Moderate,10.5,
F,1,Z2,Q2,2024-04-08,Eragrostis gummiflua,Low,20,
F,1,Z2,Q2,2024-04-08,Panicum maximum,High,22.5,
F,1,Z2,Q3,2024-04-08,Aristida junciformis,Low,9.8,
F,1,Z2,Q3,2024-04-08,Digitaria eriantha,High,8.7,
F,1,Z2,Q3,2024-04-08,Heteropogon contortus,Moderate,8.9,
F,1,Z2,Q3,2024-04-08,,,8.2,
F,1,Z2,Q4,2024-04-08,Heteropogon contortus,Moderate,8.6,
F,1,Z2,Q4,2024-04-08,Eragrostis rigidior,Moderate,8.6,
F,1,Z2,Q4,2024-04-08,Eragrostis superba,Moderate,8.3,
F,1,Z2,Q4,2024-04-08,Panicum maximum,High,7.7,
F,1,Z2,Q5,2024-04-08,Eragrostis rigidior,Moderate,15.3,
F,1,Z2,Q5,2024-04-08,Eragrostis gummiflua,Low,14.7,
F,1,Z2,Q5,2024-04-08,,,13.6,
F,1,Z2,Q5,2024-04-08,,,13.8,
F,1,Z3,Q1,2024-04-09,Heteropogon contortus,Moderate,5.4,
F,1,Z3,Q1,2024-04-09,Eragrostis rigidior,Moderate,5.1,
F,1,Z3,Q1,2024-04-09,Eragrostis gummiflua,Low,4.6,
F,1,Z3,Q1,2024-04-09,Loudetia simplex,Moderate,12.8,
F,1,Z3,Q2,2024-04-09,Eragrostis gummiflua,Low,3.4,
F,1,Z3,Q2,2024-04-09,Aristida  canescens,Low,4.8,
F,1,Z3,Q2,2024-04-09,,,5.4,
F,1,Z3,Q2,2024-04-09,,,7.8,
F,1,Z3,Q3,2024-04-09,Eragrostis gummiflua,Low,2.2,
F,1,Z3,Q3,2024-04-09,,,2.1,
F,1,Z3,Q3,2024-04-09,,,2,
F,1,Z3,Q3,2024-04-09,,,2.4,
F,1,Z3,Q4,2024-04-09,Digitaria eriantha,High,2.4,
F,1,Z3,Q4,2024-04-09,Brachiaria brizantha,Moderate,4,
F,1,Z3,Q4,2024-04-09,Eragrostis rigidior,Moderate,4.5,
F,1,Z3,Q4,2024-04-09,Heteropogon contortus,Moderate,4.5,
F,1,Z3,Q5,2024-04-09,Eragrostis rigidior,Moderate,3.4,
F,1,Z3,Q5,2024-04-09,Eragrostis gummiflua,Low,4.3,
F,1,Z3,Q5,2024-04-09,,,4.8,
F,1,Z3,Q5,2024-04-09,,,5,
F,1,Z4,Q1,2024-04-09,Eragrostis gummiflua,Low,1.6,
F,1,Z4,Q1,2024-04-09,Digitaria eriantha,High,3.3,
F,1,Z4,Q1,2024-04-09,Heteropogon contortus,Moderate,3.7,
F,1,Z4,Q1,2024-04-09,,,4.4,
F,1,Z4,Q2,2024-04-09,Eragrostis gummiflua,Low,4.6,
F,1,Z4,Q2,2024-04-09,Eragrostis rigidior,Moderate,4.7,
F,1,Z4,Q2,2024-04-09,Heteropogon contortus,Moderate,5.1,
F,1,Z4,Q2,2024-04-09,Aristida congesta C,Low,5.2,
F,1,Z4,Q3,2024-04-09,Eragrostis gummiflua,Low,8.7,
F,1,Z4,Q3,2024-04-09,Aristida diffusa,Low,6.6,
F,1,Z4,Q3,2024-04-09,,,4.8,
F,1,Z4,Q3,2024-04-09,,,5.1,
F,1,Z4,Q4,2024-04-09,Aristida congesta B,Low,7.7,
F,1,Z4,Q4,2024-04-09,Heteropogon contortus,Moderate,6.6,
F,1,Z4,Q4,2024-04-09,Eragrostis rigidior,Moderate,7.9,
F,1,Z4,Q4,2024-04-09,Eragrostis gummiflua,Low,7.8,
F,1,Z4,Q4,2024-04-09,Eragrostis superba,Moderate,,
F,1,Z4,Q5,2024-04-09,Eragrostis gummiflua,Low,3.6,
F,1,Z4,Q5,2024-04-09,Urochloa panicoides,Low,3.5,
F,1,Z4,Q5,2024-04-09,Aristida diffusa,Low,3.6,
F,1,Z4,Q5,2024-04-09,,,3.6,
F,2,Z1,Q1,2024-04-09,Aristida congesta B,Low,5.3,
F,2,Z1,Q1,2024-04-09,Heteropogon contortus,Moderate,5.1,
F,2,Z1,Q1,2024-04-09,Eragrostis rigidior,Moderate,5,
F,2,Z1,Q1,2024-04-09,Digitaria eriantha,High,4.8,
F,2,Z1,Q2,2024-04-09,Panicum maximum,High,5.6,
F,2,Z1,Q2,2024-04-09,,,5.6,
F,2,Z1,Q2,2024-04-09,,,5.6,
F,2,Z1,Q2,2024-04-09,,,5.7,
F,2,Z1,Q3,2024-04-09,Cynodon dactylon ,High,8.4,
F,2,Z1,Q3,2024-04-09,Aristida congesta C,Low,5.6,
F,2,Z1,Q3,2024-04-09,Eragrostis rigidior,Moderate,6.4,
F,2,Z1,Q3,2024-04-09,,,5.1,
F,2,Z1,Q4,2024-04-09,Cynodon dactylon ,High,9.7,
F,2,Z1,Q4,2024-04-09,Aristida congesta C,Moderate,13.2,
F,2,Z1,Q4,2024-04-09,Digitaria eriantha,High,19.7,
F,2,Z1,Q4,2024-04-09,,,22.1,
F,2,Z1,Q5,2024-04-09,Panicum maximum,High,13.1,
F,2,Z1,Q5,2024-04-09,Eragrostis rigidior,Moderate,7,
F,2,Z1,Q5,2024-04-09,,,6.5,
F,2,Z1,Q5,2024-04-09,,,7.4,
F,2,Z2,Q1,2024-04-09,Eragrostis rigidior,Moderate,6.9,
F,2,Z2,Q1,2024-04-09,Digitaria eriantha,High,6.3,
F,2,Z2,Q1,2024-04-09,,,6.7,
F,2,Z2,Q1,2024-04-09,,,6.4,
F,2,Z2,Q2,2024-04-09,Digitaria eriantha,High,4.7,
F,2,Z2,Q2,2024-04-09,Eragrostis rigidior,Moderate,4.2,
F,2,Z2,Q2,2024-04-09,Eragrostis gummiflua,Low,5.9,
F,2,Z2,Q2,2024-04-09,,,4.6,
F,2,Z2,Q3,2024-04-09,Eragrostis rigidior,Moderate,7.4,
F,2,Z2,Q3,2024-04-09,Digitaria eriantha,High,7,
F,2,Z2,Q3,2024-04-09,Eragrostis gummiflua,Low,11.8,
F,2,Z2,Q3,2024-04-09,Pogonarthria squarrosa ,Low,8.9,
F,2,Z2,Q4,2024-04-09,Eragrostis gummiflua,Low,1.9,
F,2,Z2,Q4,2024-04-09,Digitaria eriantha,High,3.5,
F,2,Z2,Q4,2024-04-09,Cynodon dactylon,High,4,
F,2,Z2,Q4,2024-04-09,,,3.8,
F,2,Z2,Q5,2024-04-09,Eragrostis gummiflua,Low,3.9,
F,2,Z2,Q5,2024-04-09,Eragrostis rigidior,Moderate,5.1,
F,2,Z2,Q5,2024-04-09,Urochloa panicoides,Low,6.7,
F,2,Z2,Q5,2024-04-09,,,8.9,
F,2,Z3,Q1,2024-04-10,Digitaria eriantha,High,2.7,
F,2,Z3,Q1,2024-04-10,Cynodon dactylon,High,2.3,
F,2,Z3,Q1,2024-04-10,Perotis patens,Low,2.4,
F,2,Z3,Q1,2024-04-10,,,2.4,
F,2,Z3,Q2,2024-04-10,,,0,
F,2,Z3,Q2,2024-04-10,,,0,
F,2,Z3,Q2,2024-04-10,,,0,
F,2,Z3,Q2,2024-04-10,,,0,
F,2,Z3,Q3,2024-04-10,Digitaria eriantha,High,17,
F,2,Z3,Q3,2024-04-10,Cynodon dactylon,High,13.7,
F,2,Z3,Q3,2024-04-10,Eragrostis rigidior,Moderate,11.9,
F,2,Z3,Q3,2024-04-10,,,11.9,
F,2,Z3,Q4,2024-04-10,Digitaria eriantha,High,5.2,
F,2,Z3,Q4,2024-04-10,Eragrostis rigidior,Moderate,5.5,
F,2,Z3,Q4,2024-04-10,,,6.1,
F,2,Z3,Q4,2024-04-10,,,6.9,
F,2,Z3,Q5,2024-04-10,Aristida  canescens,Low,4.6,
F,2,Z3,Q5,2024-04-10,Digitaria eriantha,High,4,
F,2,Z3,Q5,2024-04-10,Setaria incrassata,High,3.9,
F,2,Z3,Q5,2024-04-10,,,4.5,
F,2,Z4,Q1,2024-04-10,Digitaria eriantha,High,12.4,
F,2,Z4,Q1,2024-04-10,Cynodon dactylon,High,11.8,
F,2,Z4,Q1,2024-04-10,Eragrostis rigidior,Moderate,12,
F,2,Z4,Q1,2024-04-10,,,12,
F,2,Z4,Q2,2024-04-10,Heteropogon contortus,Moderate,5.6,
F,2,Z4,Q2,2024-04-10,Cynodon dactylon,High,6.4,
F,2,Z4,Q2,2024-04-10,Eragrostis rigidior,Moderate,6.7,
F,2,Z4,Q2,2024-04-10,Aristida  canescens,Low,6.8,
F,2,Z4,Q3,2024-04-10,Enteropogon macrostachyus,High,6.6,
F,2,Z4,Q3,2024-04-10,Panicum maximum,High,6.9,
F,2,Z4,Q3,2024-04-10,,,8.5,
F,2,Z4,Q3,2024-04-10,,,8.3,
F,2,Z4,Q4,2024-04-10,Heteropogon contortus,Moderate,13.7,
F,2,Z4,Q4,2024-04-10,Cynodon dactylon,High,13.9,
F,2,Z4,Q4,2024-04-10,Eragrostis rigidior,Moderate,14.5,
F,2,Z4,Q4,2024-04-10,Aristida  canescens,Low,13.9,
F,2,Z4,Q5,2024-04-10,Digitaria eriantha,High,13.1,
F,2,Z4,Q5,2024-04-10,Cynodon dactylon,High,12.9,
F,2,Z4,Q5,2024-04-10,Eragrostis rigidior,Moderate,12.6,
F,2,Z4,Q5,2024-04-10,,,12.1,
F,3,Z1,Q1,2024-04-10,Digitaria eriantha,High,2.7,
F,3,Z1,Q1,2024-04-10,Cynodon dactylon,High,2.3,
F,3,Z1,Q1,2024-04-10,Perotis patens,Low,2.4,
F,3,Z1,Q1,2024-04-10,,,2.4,
F,3,Z1,Q2,2024-04-10,,,0,
F,3,Z1,Q2,2024-04-10,,,0,
F,3,Z1,Q2,2024-04-10,,,0,
F,3,Z1,Q2,2024-04-10,,,0,
F,3,Z1,Q3,2024-04-10,Digitaria eriantha,High,17,
F,3,Z1,Q3,2024-04-10,Cynodon dactylon,High,13.7,
F,3,Z1,Q3,2024-04-10,Eragrostis rigidior,Moderate,11.9,
F,3,Z1,Q3,2024-04-10,,,11.9,
F,3,Z1,Q4,2024-04-10,Digitaria eriantha,High,5.2,
F,3,Z1,Q4,2024-04-10,Eragrostis rigidior,Moderate,5.5,
F,3,Z1,Q4,2024-04-10,,,6.1,
F,3,Z1,Q4,2024-04-10,,,6.9,
F,3,Z1,Q5,2024-04-10,Aristida  canescens,Low,4.6,
F,3,Z1,Q5,2024-04-10,Digitaria eriantha,High,4,
F,3,Z1,Q5,2024-04-10,Setaria incrassata,High,3.9,
F,3,Z1,Q5,2024-04-10,,,4.5,
F,3,Z2,Q1,2024-04-10,Eragrostis rigidior,Moderate,9.1,
F,3,Z2,Q1,2024-04-10,,,7,
F,3,Z2,Q1,2024-04-10,,,9,
F,3,Z2,Q1,2024-04-10,,,8,
F,3,Z2,Q2,2024-04-10,Eragrostis rigidior,Moderate,2.6,
F,3,Z2,Q2,2024-04-10,,,1.9,
F,3,Z2,Q2,2024-04-10,,,2,
F,3,Z2,Q2,2024-04-10,,,2.1,
F,3,Z2,Q3,2024-04-10,Aristida  canescens,Low,4.9,
F,3,Z2,Q3,2024-04-10,Digitaria eriantha,High,3.8,
F,3,Z2,Q3,2024-04-10,Eragrostis gummiflua,Low,3.4,
F,3,Z2,Q3,2024-04-10,Eragrostis rigidior,Moderate,3.5,
F,3,Z2,Q4,2024-04-10,,,0,
F,3,Z2,Q4,2024-04-10,,,0,
F,3,Z2,Q4,2024-04-10,,,0,
F,3,Z2,Q4,2024-04-10,,,0,
F,3,Z2,Q5,2024-04-10,Aristida  canescens,Low,1.9,
F,3,Z2,Q5,2024-04-10,Eragrostis rigidior,Moderate,3.6,
F,3,Z2,Q5,2024-04-10,,,2.9,
F,3,Z2,Q5,2024-04-10,,,3,
F,3,Z3,Q1,2024-04-10,Cynodon dactylon,High,4.8,
F,3,Z3,Q1,2024-04-10,Pogonarthria squarrosa ,Low,6.6,
F,3,Z3,Q1,2024-04-10,,,6.8,
F,3,Z3,Q1,2024-04-10,,,7,
F,3,Z3,Q2,2024-04-10,Digitaria eriantha,High,18.3,
F,3,Z3,Q2,2024-04-10,Eragrostis rigidior,Moderate,16.2,
F,3,Z3,Q2,2024-04-10,,,12.4,
F,3,Z3,Q2,2024-04-10,,,12.2,
F,3,Z3,Q3,2024-04-10,Cynodon dactylon,High,12.2,
F,3,Z3,Q3,2024-04-10,Digitaria eriantha,High,11.4,
F,3,Z3,Q3,2024-04-10,Eragrostis rigidior,Moderate,10.7,
F,3,Z3,Q3,2024-04-10,,,9.4,
F,3,Z3,Q4,2024-04-10,Cynodon dactylon,High,12.1,
F,3,Z3,Q4,2024-04-10,Digitaria eriantha,High,11.2,
F,3,Z3,Q4,2024-04-10,,,12.5,
F,3,Z3,Q4,2024-04-10,,,12.5,
F,3,Z3,Q5,2024-04-10,Cynodon dactylon,High,7.9,
F,3,Z3,Q5,2024-04-10,Digitaria eriantha,High,6.2,
F,3,Z3,Q5,2024-04-10,Chloris virgata,Moderate,5.6,
F,3,Z3,Q5,2024-04-10,,,5.4,
F,3,Z4,Q1,2024-04-10,Cynodon dactylon,High,5.2,
F,3,Z4,Q1,2024-04-10,Digitaria eriantha,High,5.1,
F,3,Z4,Q1,2024-04-10,Eragrostis rigidior,Moderate,5.1,
F,3,Z4,Q1,2024-04-10,,,5,
F,3,Z4,Q2,2024-04-10,Aristida  canescens,Low,6.6,
F,3,Z4,Q2,2024-04-10,Digitaria eriantha,High,7.4,
F,3,Z4,Q2,2024-04-10,,,7.2,
F,3,Z4,Q2,2024-04-10,,,7.1,
F,3,Z4,Q3,2024-04-10,Cynodon dactylon,High,7.2,
F,3,Z4,Q3,2024-04-10,Digitaria eriantha,High,7.6,
F,3,Z4,Q3,2024-04-10,,,7.6,
F,3,Z4,Q3,2024-04-10,,,7.4,
F,3,Z4,Q4,2024-04-10,Cynodon dactylon,High,7.9,
F,3,Z4,Q4,2024-04-10,Digitaria eriantha,High,8.2,
F,3,Z4,Q4,2024-04-10,Eragrostis rigidior,Moderate,9.1,
F,3,Z4,Q4,2024-04-10,Pogonarthria squarrosa ,Low,9,
F,3,Z4,Q5,2024-04-10,Cynodon dactylon,High,9.2,
F,3,Z4,Q5,2024-04-10,Digitaria eriantha,High,9.5,
F,3,Z4,Q5,2024-04-10,Eragrostis rigidior,Moderate,9.9,
F,3,Z4,Q5,2024-04-10,Chloris virgata,Moderate,10.3,
F,4,Z1,Q1,2024-04-10,Heteropogon contortus,Moderate,6.3,
F,4,Z1,Q1,2024-04-10,Digitaria eriantha,High,6.8,
F,4,Z1,Q1,2024-04-10,Eragrostis rigidior,Moderate,7.8,
F,4,Z1,Q1,2024-04-10,,,7.8,
F,4,Z1,Q2,2024-04-10,Eragrostis gummiflua,Low,6.5,
F,4,Z1,Q2,2024-04-10,,,6,
F,4,Z1,Q2,2024-04-10,,,5.3,
F,4,Z1,Q2,2024-04-10,,,5.1,
F,4,Z1,Q3,2024-04-10,Cynodon dactylon,High,7.7,
F,4,Z1,Q3,2024-04-10,Digitaria eriantha,High,7.5,
F,4,Z1,Q3,2024-04-10,,,7.3,
F,4,Z1,Q3,2024-04-10,,,7.1,
F,4,Z1,Q4,2024-04-10,Digitaria eriantha,High,9.2,
F,4,Z1,Q4,2024-04-10,Aristida  canescens,Low,9.7,
F,4,Z1,Q4,2024-04-10,,,7.6,
F,4,Z1,Q4,2024-04-10,,,8.5,
F,4,Z1,Q5,2024-04-10,Pogonarthria squarrosa ,Low,7.3,
F,4,Z1,Q5,2024-04-10,,,7.3,
F,4,Z1,Q5,2024-04-10,,,8.1,
F,4,Z1,Q5,2024-04-10,,,7.8,
F,4,Z2,Q1,2024-04-10,Eragrostis rigidior,Moderate,11.4,
F,4,Z2,Q1,2024-04-10,,,10.8,
F,4,Z2,Q1,2024-04-10,,,13,
F,4,Z2,Q1,2024-04-10,,,13.1,
F,4,Z2,Q2,2024-04-10,Aristida  canescens,Low,4.5,
F,4,Z2,Q2,2024-04-10,Cynodon dactylon,High,4.8,
F,4,Z2,Q2,2024-04-10,Eragrostis gummiflua,Low,6,
F,4,Z2,Q2,2024-04-10,Brachiaria brizantha,Moderate,5.8,
F,4,Z2,Q3,2024-04-10,Eragrostis rigidior,Moderate,12.4,
F,4,Z2,Q3,2024-04-10,Panicum maximum,High,7.7,
F,4,Z2,Q3,2024-04-10,,,6.2,
F,4,Z2,Q3,2024-04-10,,,6.9,
F,4,Z2,Q4,2024-04-10,Heteropogon contortus,Moderate,2.1,
F,4,Z2,Q4,2024-04-10,,,2,
F,4,Z2,Q4,2024-04-10,,,2.1,
F,4,Z2,Q4,2024-04-10,,,1.9,
F,4,Z2,Q5,2024-04-10,Aristida  canescens,Low,2,
F,4,Z2,Q5,2024-04-10,Eragrostis rigidior,Moderate,3.3,
F,4,Z2,Q5,2024-04-10,Pogonarthria squarrosa ,Low,3,
F,4,Z2,Q5,2024-04-10,,,2.8,
F,4,Z3,Q1,2024-04-11,Cynodon dactylon,High,6.2,
F,4,Z3,Q1,2024-04-11,Eragrostis rigidior,Moderate,3.6,
F,4,Z3,Q1,2024-04-11,Pogonarthria squarrosa ,Low,4,
F,4,Z3,Q1,2024-04-11,,,15.3,
F,4,Z3,Q2,2024-04-11,Cynodon dactylon,High,1.8,
F,4,Z3,Q2,2024-04-11,Digitaria eriantha,High,1.9,
F,4,Z3,Q2,2024-04-11,,,3.8,
F,4,Z3,Q2,2024-04-11,,,3.1,
F,4,Z3,Q3,2024-04-11,Digitaria eriantha,High,10.8,
F,4,Z3,Q3,2024-04-11,Heteropogon contortus,Moderate,5.6,
F,4,Z3,Q3,2024-04-11,,,10.2,
F,4,Z3,Q3,2024-04-11,,,9.3,
F,4,Z3,Q4,2024-04-11,Eragrostis viscosa,Low,3.5,
F,4,Z3,Q4,2024-04-11,Digitaria eriantha,High,5.3,
F,4,Z3,Q4,2024-04-11,,,4.5,
F,4,Z3,Q4,2024-04-11,,,2.5,
F,4,Z3,Q5,2024-04-11,Cynodon dactylon,High,6.7,
F,4,Z3,Q5,2024-04-11,Digitaria eriantha,High,6.9,
F,4,Z3,Q5,2024-04-11,Eragrostis rigidior,Moderate,7.2,
F,4,Z3,Q5,2024-04-11,Aristida  canescens,Low,9.8,
F,4,Z4,Q1,2024-04-11,Aristida  canescens,Low,3.1,
F,4,Z4,Q1,2024-04-11,Cynodon dactylon,High,2.9,
F,4,Z4,Q1,2024-04-11,Eragrostis rigidior,Low,2.5,
F,4,Z4,Q1,2024-04-11,,,3,
F,4,Z4,Q2,2024-04-11,Aristida  canescens,Low,4,
F,4,Z4,Q2,2024-04-11,Panicum maximum,High,4.8,
F,4,Z4,Q2,2024-04-11,Cymbopogon excavatus,Low,5.5,
F,4,Z4,Q2,2024-04-11,,,6.5,
F,4,Z4,Q3,2024-04-11,Aristida  canescens,Low,3.6,
F,4,Z4,Q3,2024-04-11,Digitaria eriantha,High,5.6,
F,4,Z4,Q3,2024-04-11,Eragrostis gummiflua,Low,7.9,
F,4,Z4,Q3,2024-04-11,,,5.6,
F,4,Z4,Q4,2024-04-11,Cynodon dactylon,High,13.7,
F,4,Z4,Q4,2024-04-11,Heteropogon contortus,Moderate,10.2,
F,4,Z4,Q4,2024-04-11,Pogonarthria squarrosa ,Low,6.4,
F,4,Z4,Q4,2024-04-11,,,15.3,
F,4,Z4,Q5,2024-04-11,Cynodon dactylon,High,4.5,
F,4,Z4,Q5,2024-04-11,Eragrostis rigidior,Moderate,5.9,
F,4,Z4,Q5,2024-04-11,,,5.5,
F,4,Z4,Q5,2024-04-11,,,5,
F,5,Z1,Q1,2024-04-11,Cynodon dactylon,High,7.4,
F,5,Z1,Q1,2024-04-11,Digitaria eriantha,High,6.5,
F,5,Z1,Q1,2024-04-11,,,6.3,
F,5,Z1,Q1,2024-04-11,,,7.9,
F,5,Z1,Q2,2024-04-11,Cynodon dactylon,High,3.8,
F,5,Z1,Q2,2024-04-11,Digitaria eriantha,High,3.8,
F,5,Z1,Q2,2024-04-11,Eragrostis rigidior,Moderate,6.3,
F,5,Z1,Q2,2024-04-11,,,5.8,
F,5,Z1,Q3,2024-04-11,Cynodon dactylon,High,9.4,
F,5,Z1,Q3,2024-04-11,Digitaria eriantha,Moderate,12.3,
F,5,Z1,Q3,2024-04-11,Eragrostis rigidior,Moderate,10.9,
F,5,Z1,Q3,2024-04-11,,,11.2,
F,5,Z1,Q4,2024-04-11,Cynodon dactylon,High,8.6,
F,5,Z1,Q4,2024-04-11,Digitaria eriantha,High,7.7,
F,5,Z1,Q4,2024-04-11,,,10.2,
F,5,Z1,Q4,2024-04-11,,,9.7,
F,5,Z1,Q5,2024-04-11,Cynodon dactylon,High,7.5,
F,5,Z1,Q5,2024-04-11,Digitaria eriantha,Moderate,8.2,
F,5,Z1,Q5,2024-04-11,,,7.4,
F,5,Z1,Q5,2024-04-11,,,7.2,
F,5,Z2,Q1,2024-04-11,Urochloa mosambicensis,Moderate,5.2,
F,5,Z2,Q1,2024-04-11,Digitaria eriantha,High,5,
F,5,Z2,Q1,2024-04-11,,,5.1,
F,5,Z2,Q1,2024-04-11,,,5.1,
F,5,Z2,Q2,2024-04-11,Cynodon dactylon,High,11.5,
F,5,Z2,Q2,2024-04-11,Digitaria eriantha,High,9.4,
F,5,Z2,Q2,2024-04-11,Eragrostis rigidior,Moderate,7.1,
F,5,Z2,Q2,2024-04-11,Pogonarthria squarrosa ,Low,9.4,
F,5,Z2,Q3,2024-04-11,Cynodon dactylon,High,10.6,
F,5,Z2,Q3,2024-04-11,Digitaria eriantha,High,9.3,
F,5,Z2,Q3,2024-04-11,,,8.4,
F,5,Z2,Q3,2024-04-11,,,8.6,
F,5,Z2,Q4,2024-04-11,Cynodon dactylon,High,4.2,
F,5,Z2,Q4,2024-04-11,Digitaria eriantha,High,4.1,
F,5,Z2,Q4,2024-04-11,Eragrostis rigidior,Moderate,4.2,
F,5,Z2,Q4,2024-04-11,Aristida  canescens,Low,4.6,
F,5,Z2,Q5,2024-04-11,Digitaria eriantha,High,5.5,
F,5,Z2,Q5,2024-04-11,Eragrostis rigidior,Moderate,5,
F,5,Z2,Q5,2024-04-11,,,5.3,
F,5,Z2,Q5,2024-04-11,,,5.2,
F,5,Z3,Q1,2024-04-11,Cynodon dactylon,High,9.4,
F,5,Z3,Q1,2024-04-11,Digitaria eriantha,High,8.7,
F,5,Z3,Q1,2024-04-11,Eragrostis rigidior,Moderate,8.6,
F,5,Z3,Q1,2024-04-11,,,9.7,
F,5,Z3,Q2,2024-04-11,Cynodon dactylon,High,10.6,
F,5,Z3,Q2,2024-04-11,Digitaria eriantha,High,8.2,
F,5,Z3,Q2,2024-04-11,,,8.8,
F,5,Z3,Q2,2024-04-11,,,8.4,
F,5,Z3,Q3,2024-04-11,Cynodon dactylon,High,8.8,
F,5,Z3,Q3,2024-04-11,Digitaria eriantha,High,9,
F,5,Z3,Q3,2024-04-11,Eragrostis rigidior,Moderate,9.8,
F,5,Z3,Q3,2024-04-11,Setaria incrassata,High,8,
F,5,Z3,Q3,2024-04-11,Heteropogon contortus,Moderate,,
F,5,Z3,Q4,2024-04-11,Cynodon dactylon,High,6.8,
F,5,Z3,Q4,2024-04-11,Digitaria eriantha,High,7.2,
F,5,Z3,Q4,2024-04-11,Eragrostis rigidior,Moderate,8.6,
F,5,Z3,Q4,2024-04-11,,,8.9,
F,5,Z3,Q5,2024-04-11,Cynodon dactylon,High,9.2,
F,5,Z3,Q5,2024-04-11,Digitaria eriantha,High,11.1,
F,5,Z3,Q5,2024-04-11,Eragrostis rigidior,Moderate,12.4,
F,5,Z3,Q5,2024-04-11,,,12.4,
F,5,Z4,Q1,2024-04-11,Cynodon dactylon,High,3.4,
F,5,Z4,Q1,2024-04-11,Digitaria eriantha,High,3.1,
F,5,Z4,Q1,2024-04-11,Eragrostis rigidior,Moderate,2.2,
F,5,Z4,Q1,2024-04-11,,,2.6,
F,5,Z4,Q2,2024-04-11,Cynodon dactylon,High,11,
F,5,Z4,Q2,2024-04-11,Digitaria eriantha,High,9.7,
F,5,Z4,Q2,2024-04-11,,,7.1,
F,5,Z4,Q2,2024-04-11,,,9.2,
F,5,Z4,Q3,2024-04-11,Cynodon dactylon,High,3.9,
F,5,Z4,Q3,2024-04-11,Digitaria eriantha,High,7.9,
F,5,Z4,Q3,2024-04-11,,,5.1,
F,5,Z4,Q3,2024-04-11,,,4,
F,5,Z4,Q4,2024-04-11,Cynodon dactylon,High,10.5,
F,5,Z4,Q4,2024-04-11,Digitaria eriantha,High,10.1,
F,5,Z4,Q4,2024-04-11,Heteropogon contortus,Moderate,10,
F,5,Z4,Q4,2024-04-11,,,14.3,
F,5,Z4,Q5,2024-04-11,Digitaria eriantha,High,10.5,
F,5,Z4,Q5,2024-04-11,Eragrostis rigidior,Moderate,8.5,
F,5,Z4,Q5,2024-04-11,Aristida  canescens,Low,8.3,
F,5,Z4,Q5,2024-04-11,Eragrostis viscosa,Low,8.4,
F,5,Z4,Q5,2024-04-11,Brachiaria brizantha,Moderate,,
