Date,Site,Plot,Subplot,Quadrat,Spp_name,Number,Grazing_value,DPM Height,Grazing activity,Quadrat under canopy,Biomass intensity,Dung presence,Longest_grass(m),Fencing,Treatment,
07/04/2025,A,5,Z3,4,A. adscensions,1,,9.4,N,N,7,N,,Fenced,,
07/04/2025,A,5,Z3,4,Pinhole,22,,9.7,,,,,,Fenced,,
07/04/2025,A,5,Z3,4,Eragrostsis gummiflua,1,,11.1,,,,,,Fenced,,
07/04/2025,A,5,Z3,4,,,,12.1,,,,,,Fenced,,
07/04/2025,A,5,Z3,1,Pinhole,6,,17,N,Y,3,N,,Fenced,,
07/04/2025,A,5,Z3,1,,,,2.7,,,,,,Fenced,,
07/04/2025,A,5,Z3,1,,,,2.8,,,,,,Fenced,,
07/04/2025,A,5,Z3,1,,,,2.8,,,,,,Fenced,,
07/04/2025,A,5,Z3,2,Urochloa mosambicensis,1,,26.8,N,Y,7,N,,Fenced,,
07/04/2025,A,5,Z3,2,Hyperrhenia filipendula,1,,19.4,,,,,,Fenced,,
07/04/2025,A,5,Z3,2,Pinhole,11,,17.3,,,,,,Fenced,,
07/04/2025,A,5,Z3,2,E.gummiflua,1,,16.8,,,,,,Fenced,,
07/04/2025,A,5,Z3,5,Urochloa mosambicensis,1,,7.4,N,N,4,N,,Fenced,,
07/04/2025,A,5,Z3,5,A.excavatus,1,,9.8,,,,,,Fenced,,
07/04/2025,A,5,Z3,5,Pinhole,6,,13,,,,,,Fenced,,
07/04/2025,A,5,Z3,3,,,,14.3,,,,,,Fenced,,
07/04/2025,A,5,Z3,3,,,,,,,,,,Fenced,,
07/04/2025,A,5,Z3,3,,,,,,,,,,Fenced,,
07/04/2025,A,5,Z3,3,,,,,,,,,,Fenced,,
07/04/2025,A,5,Z1,3,Urochloa mosambicensis,3,,22.3,N,N,7.5,N,,Fenced,,
07/04/2025,A,5,Z1,3,Pinhole,10,,20.3,,,,,,Fenced,,
07/04/2025,A,5,Z1,3,,,,20.6,,,,,,Fenced,,
07/04/2025,A,5,Z1,3,,,,19.7,,,,,,Fenced,,
07/04/2025,A,5,Z1,4,Hyperrhenia filipendula,1,,18.7,N,N,3,N,,Fenced,,
07/04/2025,A,5,Z1,4,Urochloa mosambicensis,1,,16.1,,,,,,Fenced,,
07/04/2025,A,5,Z1,4,,,,19.2,,,,,,Fenced,,
07/04/2025,A,5,Z1,4,,,,14.8,,,,,,Fenced,,
07/04/2025,A,5,Z1,1,Hyperrhenia filipendula,1,,16,N,N,4,N,,Fenced,,
07/04/2025,A,5,Z1,1,Themeda triandra,2,,12,,,,,,Fenced,,
07/04/2025,A,5,Z1,1,Urochloa mosambicensis,2,,15,,,,,,Fenced,,
07/04/2025,A,5,Z1,1,Pinhole,4,,17.8,,,,,,Fenced,,
07/04/2025,A,5,Z1,5,Hyperrhenia filipendula,4,,,,,,,,Fenced,,
07/04/2025,A,5,Z1,5,Urochloa mosambicensis,2,,2.8,N,N,2,N,,Fenced,,
07/04/2025,A,5,Z1,5,,,,6.9,,,,,,Fenced,,
07/04/2025,A,5,Z1,5,,,,6.3,,,,,,Fenced,,
07/04/2025,A,5,Z1,5,,,,6.4,,,,,,Fenced,,
07/04/2025,A,5,Z1,2,Heteropogon  contortus,1,,24,N,N,2.5,N,,Fenced,,
07/04/2025,A,5,Z1,2,Urochloa mosambicensis,3,,16,,,,,,Fenced,,
07/04/2025,A,5,Z1,2,,,,14.7,,,,,,Fenced,,
07/04/2025,A,5,Z1,2,,,,14.8,,,,,,Fenced,,
08/04/2025,F,5,Z2,1,Aristida ads,1,,6.8,N,N,3,N,,Fenced,,
08/04/2025,F,5,Z2,1,Mopane grass,1,,3.4,,,,,,Fenced,,
08/04/2025,F,5,Z2,1,Setaria incressata,5,,5.7,,,,,,Fenced,,
08/04/2025,F,5,Z2,1,,,,7.3,,,,,,Fenced,,
08/04/2025,F,5,Z2,2,Digitaria erianthra,2,,8.5,,,,,,Fenced,,
08/04/2025,F,5,Z2,2,Pogonarthria squarrosa,4,,7.3,,,,,,Fenced,,
08/04/2025,F,5,Z2,2,Cynadon dactylon,5,,7.2,,,,,,Fenced,,
08/04/2025,F,5,Z2,2,,,,7,,,,,,Fenced,,
08/04/2025,F,5,Z2,3,Digitaria erianthra,8,,6.6,N,Y,3.5,N,,Fenced,,
08/04/2025,F,5,Z2,3,Heteropogon  contortus,1,,6.9,,,,,,Fenced,,
08/04/2025,F,5,Z2,3,Cynadon dactylon,5,,6.9,,,,,,Fenced,,
08/04/2025,F,5,Z2,3,,,,6.7,,,,,,Fenced,,
08/04/2025,F,5,Z2,4,Chloris virgata,4,,8.6,N,Y,3.5,N,,Fenced,,
08/04/2025,F,5,Z2,4,Eragrostsis gummiflua,3,,7.4,,,,,,Fenced,,
08/04/2025,F,5,Z2,4,Setaria incressata,3,,7.9,,,,,,Fenced,,
08/04/2025,F,5,Z2,4,Cynadon dactylon,2,,4.7,,,,,,Fenced,,
08/04/2025,F,5,Z2,5,Digitaria erianthra,3,,7.6,Y,N,4,N,,Fenced,,
08/04/2025,F,5,Z2,5,Pogonarthria squarrosa,14,,5.8,,,,,,Fenced,,
08/04/2025,F,5,Z2,5,,,,6.4,,,,,,Fenced,,
08/04/2025,F,5,Z2,5,,,,7.1,,,,,,Fenced,,
08/04/2025,F,5,Z1,1,Eragrostis rigidior,4,,10.5,,,,,,Fenced,,
08/04/2025,F,5,Z1,1,Digitaria erianthra,4,,8.7,,,,,,Fenced,,
08/04/2025,F,5,Z1,1,Cynadon dactylon,13,,8.8,,,,,,Fenced,,
08/04/2025,F,5,Z1,1,Setaria incressata,1,,8.9,,,,,,Fenced,,
08/04/2025,F,5,Z1,1,Egyptium gigantum,5,,,,,,,,Fenced,,
08/04/2025,F,5,Z1,2,Eragrostis rigidior,4,,4.9,N,N,7,N,,Fenced,,
08/04/2025,F,5,Z1,2,Eragrostis gummiflua,2,,4.7,,,,,,Fenced,,
08/04/2025,F,5,Z1,2,Setaria incressata,1,,5.2,,,,,,Fenced,,
08/04/2025,F,5,Z1,2,Cynadon dactylon,4,,5.3,,,,,,Fenced,,
08/04/2025,F,5,Z1,2,Digitaria erianthra,4,,,,,,,,Fenced,,
08/04/2025,F,5,Z1,2,Egyptium gigantum,1,,,,,,,,Fenced,,
08/04/2025,F,5,Z1,3,Eragrostis rigidior,3,,7,N,N,5,N,,Fenced,,
08/04/2025,F,5,Z1,3,Setaria incressata,5,,6.7,,,,,,Fenced,,
08/04/2025,F,5,Z1,3,Cynadon dactylon,2,,6.9,,,,,,Fenced,,
08/04/2025,F,5,Z1,3,Digitaria erianthra,4,,7.2,,,,,,Fenced,,
08/04/2025,F,5,Z1,4,Cynadon dactylon,16,,5.6,Y,N,7,N,,Fenced,,
08/04/2025,F,5,Z1,4,Digitaria erianthra,2,,5,,,,,,Fenced,,
08/04/2025,F,5,Z1,4,,,,6.7,,,,,,Fenced,,
08/04/2025,F,5,Z1,4,,,,7.2,,,,,,Fenced,,
08/04/2025,F,5,Z1,5,Cynadon dactylon,8,,6.9,N,N,7.5,N,,Fenced,,
08/04/2025,F,5,Z1,5,Digitaria erianthra,13,,7,,,,,,Fenced,,
08/04/2025,F,5,Z1,5,Setaria incressata,3,,7.1,,,,,,Fenced,,
08/04/2025,F,5,Z1,5,,,,7.2,,,,,,Fenced,,
08/04/2025,F,5,Z3,3,Setaria incressata,4,,8,N,N,3,N,,Unfenced,,
08/04/2025,F,5,Z3,3,Mopane grass,1,,8.3,,,,,,Unfenced,,
08/04/2025,F,5,Z3,3,Cynadon dactylon,2,,8,,,,,,Unfenced,,
08/04/2025,F,5,Z3,3,,,,7.7,,,,,,Unfenced,,
08/04/2025,F,5,Z3,4,Cynadon dactylon,3,,6.7,N,N,5,N,,Unfenced,,
08/04/2025,F,5,Z3,4,Digitaria erianthra,12,,5.6,,,,,,Unfenced,,
08/04/2025,F,5,Z3,4,Setaria incressata,2,,5.5,,,,,,Unfenced,,
08/04/2025,F,5,Z3,4,Chloris virgata,1,,5.9,,,,,,Unfenced,,
08/04/2025,F,5,Z3,5,Cynadon dactylon,27,,10.5,N,N,8,N,,Unfenced,,
08/04/2025,F,5,Z3,5,Eragrostis rigidior,1,,9.6,,,,,,Unfenced,,
08/04/2025,F,5,Z3,5,Digitaria erianthra,1,,9,,,,,,Unfenced,,
08/04/2025,F,5,Z3,5,,,,10.2,,,,,,Unfenced,,
08/04/2025,F,5,Z3,1,Digitaria erianthra,4,,9.3,N,N,8,N,,Unfenced,,
08/04/2025,F,5,Z3,1,Cynadon dactylon,13,,9.4,,,,,,Unfenced,,
08/04/2025,F,5,Z3,1,Eragrostis rigidior,1,,9,,,,,,Unfenced,,
08/04/2025,F,5,Z3,1,,,,8.4,,,,,,Unfenced,,
08/04/2025,F,5,Z3,2,Cynadon dactylon,12,,11.3,N,N,8.5,N,,Unfenced,,
08/04/2025,F,5,Z3,2,Digitaria erianthra,4,,17,,,,,,Unfenced,,
08/04/2025,F,5,Z3,2,Setaria incressata,3,,17.5,,,,,,Unfenced,,
08/04/2025,F,5,Z3,2,,,,17.5,,,,,,Unfenced,,
08/04/2025,F,5,Z4,2,Digitaria erianthra,12,,13.1,N,Y,7,N,,Unfenced,,
08/04/2025,F,5,Z4,2,Cynadon dactylon,6,,12.6,,,,,,Unfenced,,
08/04/2025,F,5,Z4,2,Setaria incressata,1,,12.4,,,,,,Unfenced,,
08/04/2025,F,5,Z4,2,,,,13.9,,,,,,Unfenced,,
08/04/2025,F,5,Z4,1,Digitaria erianthra,5,,7,N,N,6,N,,Unfenced,,
08/04/2025,F,5,Z4,1,Eragrostis rigidior,1,,5.7,,,,,,Unfenced,,
08/04/2025,F,5,Z4,1,Cynadon dactylon,7,,4.8,,,,,,Unfenced,,
08/04/2025,F,5,Z4,1,,,,4.4,,,,,,Unfenced,,
08/04/2025,F,5,Z4,3,Setaria incressata,11,,10.3,N,N,5,N,,Unfenced,,
08/04/2025,F,5,Z4,3,Eragrostis rigidior,2,,9.8,,,,,,Unfenced,,
08/04/2025,F,5,Z4,3,Cynadon dactylon,5,,9.5,,,,,,Unfenced,,
08/04/2025,F,5,Z4,3,,,,11.2,,,,,,Unfenced,,
08/04/2025,F,5,Z4,4,Cynadon dactylon,3,,4.4,N,Y,2,N,,Unfenced,,
08/04/2025,F,5,Z4,4,Digitaria erianthra,6,,4.7,,,,,,Unfenced,,
08/04/2025,F,5,Z4,4,,,,4.8,,,,,,Unfenced,,
08/04/2025,F,5,Z4,4,,,,4.6,,,,,,Unfenced,,
08/04/2025,F,5,Z4,5,Digitaria erianthra,6,,5.3,N,Y,4,N,,Unfenced,,
08/04/2025,F,5,Z4,5,Eragrostis rigidior,2,,5.3,,,,,,Unfenced,,
08/04/2025,F,5,Z4,5,Setaria incressata,3,,5.4,,,,,,Unfenced,,
08/04/2025,F,5,Z4,5,Aristida ads,1,,6.6,,,,,,Unfenced,,
08/04/2025,F,4,Z2,1,Eragrostis rigidior,3,,9.8,N,N,4,N,,Fenced,,
08/04/2025,F,4,Z2,1,,,,10.2,,,,,,Fenced,,
08/04/2025,F,4,Z2,1,,,,8.8,,,,,,Fenced,,
08/04/2025,F,4,Z2,1,,,,7.8,,,,,,Fenced,,
08/04/2025,F,4,Z2,4,Pogonarthria squarrosa,6,,3.6,N,Y,2.5,N,,Fenced,,
08/04/2025,F,4,Z2,4,Setaria incressata,2,,3.4,,,,,,Fenced,,
08/04/2025,F,4,Z2,4,,,,4.5,,,,,,Fenced,,
08/04/2025,F,4,Z2,4,,,,5.1,,,,,,Fenced,,
08/04/2025,F,4,Z2,3,Chloris virgata,2,,4.7,N,Y,1,N,,Fenced,,
08/04/2025,F,4,Z2,3,,,,4.3,,,,,,Fenced,,
08/04/2025,F,4,Z2,3,,,,4.1,,,,,,Fenced,,
08/04/2025,F,4,Z2,3,,,,4.2,,,,,,Fenced,,
08/04/2025,F,4,Z2,2,Bracharia negropedata,1,,6.4,N,N,2.5,N,,Fenced,,
08/04/2025,F,4,Z2,2,Eragrostis rigidior,1,,5.6,,,,,,Fenced,,
08/04/2025,F,4,Z2,2,Cynadon dactylon,1,,5.3,,,,,,Fenced,,
08/04/2025,F,4,Z2,2,Eragrostis gummiflua,4,,5.7,,,,,,Fenced,,
08/04/2025,F,4,Z2,5,Bracharia negropedata,1,,5.4,N,N,3,N,,Fenced,,
08/04/2025,F,4,Z2,5,Eragrostis rigidior,5,,4.3,,,,,,Fenced,,
08/04/2025,F,4,Z2,5,Digitaria erianthra,4,,8.1,,,,,,Fenced,,
08/04/2025,F,4,Z2,5,,,,8.5,,,,,,Fenced,,
08/04/2025,F,4,Z3,2,Cynadon dactylon,6,,4.5,N,N,3,N,,Unfenced,,
08/04/2025,F,4,Z3,2,Setaria incressata,3,,4.1,,,,,,Unfenced,,
08/04/2025,F,4,Z3,2,Aristida ads,1,,4,,,,,,Unfenced,,
08/04/2025,F,4,Z3,2,,,,3.7,,,,,,Unfenced,,
08/04/2025,F,4,Z3,5,Digitaria erianthra,10,,4.7,Y,N,6,N,,Unfenced,,
08/04/2025,F,4,Z3,5,Eragrostis viscosa,2,,5.3,,,,,,Unfenced,,
08/04/2025,F,4,Z3,5,Eragrostis rigidior,1,,5.4,,,,,,Unfenced,,
08/04/2025,F,4,Z3,5,Cynadon dactylon,2,,5.4,,,,,,Unfenced,,
08/04/2025,F,4,Z3,3,Digitaria erianthra,11,,6,N,Y,3,N,,Unfenced,,
08/04/2025,F,4,Z3,3,Heteropogon  contortus,1,,5.1,,,,,,Unfenced,,
08/04/2025,F,4,Z3,3,,,,5,,,,,,Unfenced,,
08/04/2025,F,4,Z3,3,,,,4.9,,,,,,Unfenced,,
08/04/2025,F,4,Z3,4,Aristida ads,1,,6,Y,Y,3.5,N,,Unfenced,,
08/04/2025,F,4,Z3,4,Digitaria erianthra,15,,6.1,,,,,,Unfenced,,
08/04/2025,F,4,Z3,4,Eragrostis viscosa,1,,5.9,,,,,,Unfenced,,
08/04/2025,F,4,Z3,4,,,,6.2,,,,,,Unfenced,,
08/04/2025,F,4,Z3,1,Eragrostis rigidior,5,,9.3,N,N,5,N,,Unfenced,,
08/04/2025,F,4,Z3,1,Digitaria erianthra,4,,7.1,,,,,,Unfenced,,
08/04/2025,F,4,Z3,1,Eragrostis viscosa,6,,6,,,,,,Unfenced,,
08/04/2025,F,4,Z3,1,Cynadon dactylon,3,,5.7,,,,,,Unfenced,,
08/04/2025,F,4,Z1,1,Setaria incressata,4,,5.5,,,,,,Fenced,,
08/04/2025,F,4,Z1,1,Eragrostis viscosa,7,,5.2,,,,,,Fenced,,
08/04/2025,F,4,Z1,1,,,,4.8,,,,,,Fenced,,
08/04/2025,F,4,Z1,1,,,,4.4,,,,,,Fenced,,
08/04/2025,F,4,Z1,2,Bracharia negropedata,1,,8.5,N,Y,2,N,,Fenced,,
08/04/2025,F,4,Z1,2,Heteropogon  contortus,1,,10.8,,,,,,Fenced,,
08/04/2025,F,4,Z1,2,,,,8.7,,,,,,Fenced,,
08/04/2025,F,4,Z1,2,,,,9.5,,,,,,Fenced,,
08/04/2025,F,4,Z1,3,Aristida ads,3,,8.5,N,Y,5,N,,Fenced,,
08/04/2025,F,4,Z1,3,Setaria incressata,8,,10.8,,,,,,Fenced,,
08/04/2025,F,4,Z1,3,,,,10.2,,,,,,Fenced,,
08/04/2025,F,4,Z1,3,,,,10,,,,,,Fenced,,
08/04/2025,F,4,Z1,4,Setaria incressata,8,,8,N,Y,4,N,,Fenced,,
08/04/2025,F,4,Z1,4,Digitaria erianthra,4,,9.2,,,,,,Fenced,,
08/04/2025,F,4,Z1,4,,,,10,,,,,,Fenced,,
08/04/2025,F,4,Z1,4,,,,8.9,,,,,,Fenced,,
08/04/2025,F,4,Z1,5,Pogonarthria squarrosa,7,,1.9,N,N,2,N,,Fenced,,
08/04/2025,F,4,Z1,5,Eragrostis viscosa,1,,3.3,,,,,,Fenced,,
08/04/2025,F,4,Z1,5,,,,3.3,,,,,,Fenced,,
08/04/2025,F,4,Z1,5,,,,3.9,,,,,,Fenced,,
08/04/2025,F,4,Z4,2,Panicum maximum,3,,12,N,N,8,N,,Unfenced,,
08/04/2025,F,4,Z4,2,Mopane grass,1,,15.3,,,,,,Unfenced,,
08/04/2025,F,4,Z4,2,,,,14,,,,,,Unfenced,,
08/04/2025,F,4,Z4,2,,,,16.5,N,Y,4.5,N,,Unfenced,,
08/04/2025,F,4,Z4,5,Heteropogon  contortus,1,,6.3,,,,,,Unfenced,,
08/04/2025,F,4,Z4,5,Digitaria erianthra,1,,6.9,,,,,,Unfenced,,
08/04/2025,F,4,Z4,5,Aristida ads,1,,7.9,,,,,,Unfenced,,
08/04/2025,F,4,Z4,5,Setaria incressata,4,,7.7,,,,,,Unfenced,,
08/04/2025,F,4,Z4,5,Cynadon dactylon,2,,,,,,,,Unfenced,,
08/04/2025,F,4,Z4,3,Digitaria erianthra,1,,2.6,N,Y,1.5,N,,Unfenced,,
08/04/2025,F,4,Z4,3,Eragrostis viscosa,2,,2.7,,,,,,Unfenced,,
08/04/2025,F,4,Z4,3,Pogonarthria squarrosa,1,,3.3,,,,,,Unfenced,,
08/04/2025,F,4,Z4,3,,,,4.1,,,,,,Unfenced,,
08/04/2025,F,4,Z4,4,Digitaria erianthra,6,,3.4,N,N,3,N,,Unfenced,,
08/04/2025,F,4,Z4,4,Cynadon dactylon,6,,4.8,,,,,,Unfenced,,
08/04/2025,F,4,Z4,4,Pogonarthria squarrosa,1,,6.9,,,,,,Unfenced,,
08/04/2025,F,4,Z4,4,Heteropogon  contortus,1,,7.2,,,,,,Unfenced,,
08/04/2025,F,4,Z4,4,Setaria incressata,1,,,,,,,,Unfenced,,
08/04/2025,F,4,Z4,1,Setaria incressata,4,,5.8,N,N,4,N,,Unfenced,,
08/04/2025,F,4,Z4,1,Aristida ads,2,,5.6,,,,,,Unfenced,,
08/04/2025,F,4,Z4,1,,,,7.7,,,,,,Unfenced,,
08/04/2025,F,4,Z4,1,,,,9,,,,,,Unfenced,,
09/04/2025,F,3,Z1,2,Digitaria erianthra,3,,6.3,N,Y,1,4,,Fenced,,
09/04/2025,F,3,Z1,2,,,,1.7,,,,,,Fenced,,
09/04/2025,F,3,Z1,2,,,,1.7,,,,,,Fenced,,
09/04/2025,F,3,Z1,2,,,,3.7,,,,,,Fenced,,
09/04/2025,F,3,Z1,1,Eragrostis viscosa,16,,6.4,N,N,3,N,,Fenced,,
09/04/2025,F,3,Z1,1,Pogonarthria squarrosa,2,,5.2,,,,,,Fenced,,
09/04/2025,F,3,Z1,1,,,,4.2,,,,,,Fenced,,
09/04/2025,F,3,Z1,1,,,,4.2,,,,,,Fenced,,
09/04/2025,F,3,Z1,3,Eragrostis viscosa,5,,10.6,N,N,4,N,,Fenced,,
09/04/2025,F,3,Z1,3,Eragrostis rigidior,2,,7.2,,,,,,Fenced,,
09/04/2025,F,3,Z1,3,Digitaria erianthra,4,,7.2,,,,,,Fenced,,
09/04/2025,F,3,Z1,3,Cynadon dactylon,3,,7.1,,,,,,Fenced,,
09/04/2025,F,3,Z1,4,Cynadon dactylon,2,,5.1,N,N,3,N,,Fenced,,
09/04/2025,F,3,Z1,4,Digitaria erianthra,6,,5.5,,,,,,Fenced,,
09/04/2025,F,3,Z1,4,Eragrostis viscosa,3,,5.6,,,,,,Fenced,,
09/04/2025,F,3,Z1,4,,,,8.9,,,,,,Fenced,,
09/04/2025,F,3,Z1,5,Setaria incressata,2,,5.4,N,Y,1.5,N,,Fenced,,
09/04/2025,F,3,Z1,5,Digitaria erianthra,2,,5.8,,,,,,Fenced,,
09/04/2025,F,3,Z1,5,,,,6.1,,,,,,Fenced,,
09/04/2025,F,3,Z1,5,,,,6.5,,,,,,Fenced,,
09/04/2025,F,3,Z2,2,Eragrostis viscosa,9,,7.2,N,Y,2,N,,Fenced,,
09/04/2025,F,3,Z2,2,Pogonarthria squarrosa,2,,7.9,,,,,,Fenced,,
09/04/2025,F,3,Z2,2,Eragrostis rigidior,2,,7.8,,,,,,Fenced,,
09/04/2025,F,3,Z2,2,,,,7.5,,,,,,Fenced,,
09/04/2025,F,3,Z2,1,Eragrostis viscosa,18,,8.3,N,N,2.5,N,,Fenced,,
09/04/2025,F,3,Z2,1,Setaria incressata,1,,6.4,,,,,,Fenced,,
09/04/2025,F,3,Z2,1,Eragrostis rigidior,1,,6.8,,,,,,Fenced,,
09/04/2025,F,3,Z2,1,,,,7.1,,,,,,Fenced,,
09/04/2025,F,3,Z2,5,Eragrostis viscosa,8,,6.5,N,N,2.5,N,,Fenced,,
09/04/2025,F,3,Z2,5,Eragrostis rigidior,2,,6.2,,,,,,Fenced,,
09/04/2025,F,3,Z2,5,Perotis petens,1,,5.9,,,,,,Fenced,,
09/04/2025,F,3,Z2,5,,,,6.2,,,,,,Fenced,,
09/04/2025,F,3,Z2,3,Eragrostis viscosa,8,,6.9,N,N,3,N,,Fenced,,
09/04/2025,F,3,Z2,3,Digitaria erianthra,5,,6.4,,,,,,Fenced,,
09/04/2025,F,3,Z2,3,Eragrostis rigidior,3,,7,,,,,,Fenced,,
09/04/2025,F,3,Z2,3,Eragrostis gummiflua,4,,6.8,,,,,,Fenced,,
09/04/2025,F,3,Z2,4,Setaria incressata,4,,6.8,N,Y,1,N,,Fenced,,
09/04/2025,F,3,Z2,4,Eragrostis rigidior,1,,6.5,,,,,,Fenced,,
09/04/2025,F,3,Z2,4,,,,6.3,,,,,,Fenced,,
09/04/2025,F,3,Z2,4,,,,6,,,,,,Fenced,,
09/04/2025,F,3,Z4,1,Eragrostis rigidior,2,,6.4,N,N,2,N,,Unfenced,,
09/04/2025,F,3,Z4,1,Cynadon dactylon,7,,6.6,,,,,,Unfenced,,
09/04/2025,F,3,Z4,1,Digitaria erianthra,7,,6.4,,,,,,Unfenced,,
09/04/2025,F,3,Z4,1,,,,6.6,,,,,,Unfenced,,
09/04/2025,F,3,Z4,4,Cynadon dactylon,4,,7.4,N,N,5,N,,Unfenced,,
09/04/2025,F,3,Z4,4,Eragrostis rigidior,3,,8.7,,,,,,Unfenced,,
09/04/2025,F,3,Z4,4,Digitaria erianthra,2,,8.9,,,,,,Unfenced,,
09/04/2025,F,3,Z4,4,,,,9.6,,,,,,Unfenced,,
09/04/2025,F,3,Z4,3,Cynadon dactylon,13,,4.7,N,N,4.5,N,,Unfenced,,
09/04/2025,F,3,Z4,3,Digitaria erianthra,7,,6.8,,,,,,Unfenced,,
09/04/2025,F,3,Z4,3,Setaria incressata,4,,8.6,,,,,,Unfenced,,
09/04/2025,F,3,Z4,3,,,,9.1,,,,,,Unfenced,,
09/04/2025,F,3,Z4,5,Cynadon dactylon,12,,11.6,N,N,5,N,,Unfenced,,
09/04/2025,F,3,Z4,5,Eragrostis rigidior,1,,9.7,,,,,,Unfenced,,
09/04/2025,F,3,Z4,5,Pogonarthria squarrosa,1,,8.3,,,,,,Unfenced,,
09/04/2025,F,3,Z4,5,Digitaria erianthra,5,,8.1,,,,,,Unfenced,,
09/04/2025,F,3,Z4,2,Mopane grass,1,,5.1,N,Y,2.5,N,,Unfenced,,
09/04/2025,F,3,Z4,2,Digitaria erianthra,3,,5.3,,,,,,Unfenced,,
09/04/2025,F,3,Z4,2,Setaria incressata,1,,9.4,,,,,,Unfenced,,
09/04/2025,F,3,Z4,2,,,,9,,,,,,Unfenced,,
09/04/2025,F,3,Z3,1,Cynadon dactylon,8,,7.2,N,N,3.5,N,,Unfenced,,
09/04/2025,F,3,Z3,1,Pogonarthria squarrosa,2,,7.1,,,,,,Unfenced,,
09/04/2025,F,3,Z3,1,Eragrostis viscosa,5,,7.2,,,,,,Unfenced,,
09/04/2025,F,3,Z3,1,Setaria incressata,3,,7.5,,,,,,Unfenced,,
09/04/2025,F,3,Z3,2,Eragrostis rigidior,2,,7,N,Y,1.5,N,,Unfenced,,
09/04/2025,F,3,Z3,2,Digitaria erianthra,1,,5.5,,,,,,Unfenced,,
09/04/2025,F,3,Z3,2,,,,3.9,,,,,,Unfenced,,
09/04/2025,F,3,Z3,2,,,,3.4,,,,,,Unfenced,,
09/04/2025,F,3,Z3,3,Cynadon dactylon,6,,3.6,N,N,2,N,,Unfenced,,
09/04/2025,F,3,Z3,3,Digitaria erianthra,3,,3.6,,,,,,Unfenced,,
09/04/2025,F,3,Z3,3,,,,4.6,,,,,,Unfenced,,
09/04/2025,F,3,Z3,3,,,,4.5,,,,,,Unfenced,,
09/04/2025,F,3,Z3,5,Cynadon dactylon,4,,6.8,N,Y,6.5,N,,Unfenced,,
09/04/2025,F,3,Z3,5,Digitaria erianthra,3,,9.6,,,,,,Unfenced,,
09/04/2025,F,3,Z3,5,Setaria incressata,7,,9.6,,,,,,Unfenced,,
09/04/2025,F,3,Z3,5,Eragrostis viscosa,1,,9.8,,,,,,Unfenced,,
09/04/2025,F,3,Z3,4,Cynadon dactylon,6,,19.4,N,Y,7,N,,Unfenced,,
09/04/2025,F,3,Z3,4,Digitaria erianthra,3,,8.5,,,,,,Unfenced,,
09/04/2025,F,3,Z3,4,,,,10.7,,,,,,Unfenced,,
09/04/2025,F,3,Z3,4,,,,11.7,,,,,,Unfenced,,
09/04/2025,F,2,Z4,4,Cynadon dactylon,5,,8.5,N,Y,3.5,N,,Unfenced,,
09/04/2025,F,2,Z4,4,Eragrostis rigidior,1,,7.9,,,,,,Unfenced,,
09/04/2025,F,2,Z4,4,Digitaria erianthra,2,,8,,,,,,Unfenced,,
09/04/2025,F,2,Z4,4,Setaria incressata,2,,8.1,,,,,,Unfenced,,
09/04/2025,F,2,Z4,2,Aristida ads,2,,3.9,Y,N,4,N,,Unfenced,,
09/04/2025,F,2,Z4,2,Digitaria erianthra,11,,4.2,,,,,,Unfenced,,
09/04/2025,F,2,Z4,2,Cynadon dactylon,5,,4.6,,,,,,Unfenced,,
09/04/2025,F,2,Z4,2,Heteropogon  contortus,1,,4.3,,,,,,Unfenced,,
09/04/2025,F,2,Z4,5,Cynadon dactylon,4,,2.2,N,Y,1,N,,Unfenced,,
09/04/2025,F,2,Z4,5,Eragrostis viscosa,11,,2,,,,,,Unfenced,,
09/04/2025,F,2,Z4,5,Pogonarthria squarrosa,2,,2.1,,,,,,Unfenced,,
09/04/2025,F,2,Z4,5,,,,2,,,,,,Unfenced,,
09/04/2025,F,2,Z4,4,Cynadon dactylon,6,,6.9,N,Y,2,N,,Unfenced,,
09/04/2025,F,2,Z4,4,Eragrostis viscosa,8,,6.1,,,,,,Unfenced,,
09/04/2025,F,2,Z4,4,,,,6.4,,,,,,Unfenced,,
09/04/2025,F,2,Z4,4,,,,6.3,,,,,,Unfenced,,
09/04/2025,F,2,Z4,3,Mopane grass,3,,2.9,N,Y,1.5,N,,Unfenced,,
09/04/2025,F,2,Z4,3,,,,2.6,,,,,,Unfenced,,
09/04/2025,F,2,Z4,3,,,,2.8,,,,,,Unfenced,,
09/04/2025,F,2,Z4,3,,,,2.9,,,,,,Unfenced,,
09/04/2025,F,2,Z3,4,Cynadon dactylon,3,,2.3,N,Y,1.5,N,,Unfenced,,
09/04/2025,F,2,Z3,4,Digitaria erianthra,2,,2.3,,,,,,Unfenced,,
09/04/2025,F,2,Z3,4,Heteropogon  contortus,2,,3.7,,,,,,Unfenced,,
09/04/2025,F,2,Z3,4,Mopane grass,1,,4,,,,,,Unfenced,,
09/04/2025,F,2,Z3,5,Digitaria erianthra,3,,4.7,Y,Y,4,N,,Unfenced,,
09/04/2025,F,2,Z3,5,Cynadon dactylon,5,,3.9,,,,,,Unfenced,,
09/04/2025,F,2,Z3,5,Eragrostis rigidior,3,,4.4,,,,,,Unfenced,,
09/04/2025,F,2,Z3,5,,,,4.5,,,,,,Unfenced,,
09/04/2025,F,2,Z3,3,Mopane grass,6,,4.3,Y,Y,2,N,,Unfenced,,
09/04/2025,F,2,Z3,3,Eragrostis rigidior,,,4.6,,,,,,Unfenced,,
09/04/2025,F,2,Z3,3,Cynadon dactylon,,,4.7,,,,,,Unfenced,,
09/04/2025,F,2,Z3,3,,,,5,,,,,,Unfenced,,
09/04/2025,F,2,Z3,2,Chloris virgata,1,,6.1,Y,N,7,N,,Unfenced,,
09/04/2025,F,2,Z3,2,Digitaria erianthra,10,,6.3,,,,,,Unfenced,,
09/04/2025,F,2,Z3,2,Mopane grass,2,,7.8,,,,,,Unfenced,,
09/04/2025,F,2,Z3,2,Heteropogon  contortus,3,,9.4,,,,,,Unfenced,,
09/04/2025,F,2,Z3,2,Cynadon dactylon,6,,,,,,,,Unfenced,,
09/04/2025,F,2,Z3,1,Cynadon dactylon,8,,4.2,Y,N,4,N,,Unfenced,,
09/04/2025,F,2,Z3,1,Eragrostis rigidior,3,,4.1,,,,,,Unfenced,,
09/04/2025,F,2,Z3,1,Egyptium gigantum,2,,5,,,,,,Unfenced,,
09/04/2025,F,2,Z3,1,Digitaria erianthra,5,,5.4,,,,,,Unfenced,,
09/04/2025,F,2,Z1,4,Cynadon dactylon,6,,6.3,N,N,3.5,N,,Fenced,,
09/04/2025,F,2,Z1,4,Eragrostis curvula,1,,11.5,,,,,,Fenced,,
09/04/2025,F,2,Z1,4,Eragrostis rigidior,2,,9.2,,,,,,Fenced,,
09/04/2025,F,2,Z1,4,,,,8.8,,,,,,Fenced,,
09/04/2025,F,2,Z1,3,Chloris virgata,1,,12,N,N,6,N,,Fenced,,
09/04/2025,F,2,Z1,3,Eragrostis rigidior,3,,10.7,,,,,,Fenced,,
09/04/2025,F,2,Z1,3,Cynadon dactylon,10,,10.7,,,,,,Fenced,,
09/04/2025,F,2,Z1,3,Eragrostis viscosa,6,,10.4,,,,,,Fenced,,
09/04/2025,F,2,Z1,3,Setaria incressata,2,,,,,,,,Fenced,,
09/04/2025,F,2,Z1,5,Eragrostis rigidior,6,,8.1,N,Y,8,N,,Fenced,,
09/04/2025,F,2,Z1,5,Chloris virgata,2,,14.1,,,,,,Fenced,,
09/04/2025,F,2,Z1,5,Cynadon dactylon,3,,13.4,,,,,,Fenced,,
09/04/2025,F,2,Z1,5,Setaria incressata,4,,13.3,,,,,,Fenced,,
09/04/2025,F,2,Z1,5,Mopane grass,1,,,,,,,,Fenced,,
09/04/2025,F,2,Z1,2,Mopane grass,4,,11,N,Y,7,N,,Fenced,,
09/04/2025,F,2,Z1,2,Eragrostis rigidior,2,,12.4,,,,,,Fenced,,
09/04/2025,F,2,Z1,2,Panicum maximum,2,,11.7,,,,,,Fenced,,
09/04/2025,F,2,Z1,2,,,,10.9,,,,,,Fenced,,
09/04/2025,F,2,Z1,1,Mopane grass,2,,3.8,N,Y,3,N,,Fenced,,
09/04/2025,F,2,Z1,1,Eragrostis rigidior,2,,3.9,,,,,,Fenced,,
09/04/2025,F,2,Z1,1,Digitaria erianthra,3,,4,,,,,,Fenced,,
09/04/2025,F,2,Z1,1,Setaria incressata,1,,4,,,,,,Fenced,,
09/04/2025,F,2,Z2,2,Digitaria erianthra,9,,7.5,N,Y,4.5,N,,Fenced,,
09/04/2025,F,2,Z2,2,Setaria incressata,4,,7.1,,,,,,Fenced,,
09/04/2025,F,2,Z2,2,Mopane grass,1,,7.2,,,,,,Fenced,,
09/04/2025,F,2,Z2,2,,,,7.2,,,,,,Fenced,,
09/04/2025,F,2,Z2,5,Eragrostis rigidior,8,,7.5,N,N,6,N,,Fenced,,
09/04/2025,F,2,Z2,5,Egyptium gigantum,1,,7.9,,,,,,Fenced,,
09/04/2025,F,2,Z2,5,Mopane grass,1,,7.1,,,,,,Fenced,,
09/04/2025,F,2,Z2,5,Digitaria erianthra,2,,8.8,,,,,,Fenced,,
09/04/2025,F,2,Z2,4,Chloris virgata,1,,17.5,N,N,8,N,,Fenced,,
09/04/2025,F,2,Z2,4,Aristida ads,2,,20.7,,,,,,Fenced,,
09/04/2025,F,2,Z2,4,Cynadon dactylon,8,,20.5,,,,,,Fenced,,
09/04/2025,F,2,Z2,4,Eragrostis rigidior,1,,19.7,,,,,,Fenced,,
09/04/2025,F,2,Z2,4,Heteropogon  contortus,1,,,,,,,,Fenced,,
09/04/2025,F,2,Z2,4,Perotis petens,1,,,,,,,,Fenced,,
09/04/2025,F,2,Z2,3,Egyptium gigantum,1,,10.9,N,N,3.5,N,,Fenced,,
09/04/2025,F,2,Z2,3,Pogonarthria squarrosa,3,,7.6,,,,,,Fenced,,
09/04/2025,F,2,Z2,3,Digitaria erianthra,10,,7.3,,,,,,Fenced,,
09/04/2025,F,2,Z2,3,,,,8,,,,,,Fenced,,
09/04/2025,F,2,Z2,1,Digitaria erianthra,9,,9.1,N,Y,4,N,,Fenced,,
09/04/2025,F,2,Z2,1,Setaria incressata,2,,7.7,,,,,,Fenced,,
09/04/2025,F,2,Z2,1,Aristida ads,3,,7.4,,,,,,Fenced,,
09/04/2025,F,2,Z2,1,,,,8,,,,,,Fenced,,
09/04/2025,F,1,Z1,1,Digitaria erianthra,17,,4.9,N,Y,"1,5",N,,Fenced,,
09/04/2025,F,1,Z1,1,Aristida ads,3,,4.5,,,,,,Fenced,,
09/04/2025,F,1,Z1,1,,,,5.4,,,,,,Fenced,,
09/04/2025,F,1,Z1,1,,,,4.7,,,,,,Fenced,,
09/04/2025,F,1,Z1,4,Heteropogon  contortus,1,,6.9,N,Y,6,N,,Fenced,,
09/04/2025,F,1,Z1,4,Digitaria erianthra,12,,7.5,,,,,,Fenced,,
09/04/2025,F,1,Z1,4,Eragrostis rigidior,2,,7.8,,,,,,Fenced,,
09/04/2025,F,1,Z1,4,,,,8.4,,,,,,Fenced,,
09/04/2025,F,1,Z1,5,Digitaria erianthra,4,,5.2,N,Y,3.5,N,,Fenced,,
09/04/2025,F,1,Z1,5,Eragrostis rigidior,1,,6.1,,,,,,Fenced,,
09/04/2025,F,1,Z1,5,Pogonarthria squarrosa,1,,5.4,,,,,,Fenced,,
09/04/2025,F,1,Z1,5,,,,5.4,,,,,,Fenced,,
09/04/2025,F,1,Z1,2,Eragrostis superba,1,,4.6,N,Y,6,N,,Fenced,,
09/04/2025,F,1,Z1,2,Pogonarthria squarrosa,1,,4.8,,,,,,Fenced,,
09/04/2025,F,1,Z1,2,Eragrostis rigidior,4,,7.5,,,,,,Fenced,,
09/04/2025,F,1,Z1,2,Digitaria erianthra,1,,7.2,,,,,,Fenced,,
09/04/2025,F,1,Z1,3,Heteropogon  contortus,1,,7.5,N,N,4.5,N,,Fenced,,
09/04/2025,F,1,Z1,3,Eragrostis rigidior,1,,7.4,,,,,,Fenced,,
09/04/2025,F,1,Z1,3,Eragrostis superba,2,,7,,,,,,Fenced,,
09/04/2025,F,1,Z1,3,Eragrostis viscosa,1,,6.8,,,,,,Fenced,,
09/04/2025,F,1,Z1,3,Digitaria erianthra,1,,,,,,,,Fenced,,
09/04/2025,F,1,Z2,3,Digitaria erianthra,2,,10.4,N,Y,2,N,,Fenced,,
09/04/2025,F,1,Z2,3,Heteropogon  contortus,2,,10.3,,,,,,Fenced,,
09/04/2025,F,1,Z2,3,Aristida ads,1,,9.4,,,,,,Fenced,,
09/04/2025,F,1,Z2,3,,,,9.1,,,,,,Fenced,,
09/04/2025,F,1,Z2,2,Digitaria erianthra,1,,5.2,N,Y,2.5,N,,Fenced,,
09/04/2025,F,1,Z2,2,Heteropogon  contortus,2,,7.1,,,,,,Fenced,,
09/04/2025,F,1,Z2,2,Pogonarthria squarrosa,1,,7.7,,,,,,Fenced,,
09/04/2025,F,1,Z2,2,Eragrostis rigidior,2,,12,,,,,,Fenced,,
09/04/2025,F,1,Z2,5,Eragrostis rigidior,4,,4.2,N,Y,2.5,N,,Fenced,,
09/04/2025,F,1,Z2,5,Eragrostis superba,1,,4.6,,,,,,Fenced,,
09/04/2025,F,1,Z2,5,,,,5.9,,,,,,Fenced,,
09/04/2025,F,1,Z2,5,,,,6.4,,,,,,Fenced,,
09/04/2025,F,1,Z2,4,Bracharia negropedata,1,,2.4,N,Y,3,N,,Fenced,,
09/04/2025,F,1,Z2,4,Digitaria erianthra,4,,4.5,,,,,,Fenced,,
09/04/2025,F,1,Z2,4,Eragrostis viscosa,2,,5.1,,,,,,Fenced,,
09/04/2025,F,1,Z2,4,Eragrostis rigidior,1,,5.2,,,,,,Fenced,,
09/04/2025,F,1,Z2,4,Aristida congesta B,1,,,,,,,,Fenced,,
09/04/2025,F,1,Z2,4,Aristida ads,2,,,,,,,,Fenced,,
09/04/2025,F,1,Z2,1,Digitaria erianthra,7,,11.2,N,Y,6,N,,Fenced,,
09/04/2025,F,1,Z2,1,Heteropogon  contortus,3,,9,,,,,,Fenced,,
09/04/2025,F,1,Z2,1,Eragrostis superba,1,,9.1,,,,,,Fenced,,
09/04/2025,F,1,Z2,1,Eragrostis rigidior,1,,9.2,,,,,,Fenced,,
09/04/2025,F,1,Z2,1,Aristida ads,1,,,,,,,,Fenced,,
09/04/2025,F,1,Z3,2,Eragrostis superba,3,,8.3,N,Y,3,N,,Unfenced,,
09/04/2025,F,1,Z3,2,Eragrostis gummiflua,2,,7.4,,,,,,Unfenced,,
09/04/2025,F,1,Z3,2,,,,7.2,,,,,,Unfenced,,
09/04/2025,F,1,Z3,2,,,,7,,,,,,Unfenced,,
09/04/2025,F,1,Z3,3,Eragrostis gummiflua,13,,2.1,N,Y,5,N,,Unfenced,,
09/04/2025,F,1,Z3,3,,,,2.6,,,,,,Unfenced,,
09/04/2025,F,1,Z3,3,,,,3.2,,,,,,Unfenced,,
09/04/2025,F,1,Z3,3,,,,3.1,,,,,,Unfenced,,
09/04/2025,F,1,Z3,4,Eragrostis rigidior,1,,4.3,N,N,2,N,,Unfenced,,
09/04/2025,F,1,Z3,4,Aristida ads,1,,4,,,,,,Unfenced,,
09/04/2025,F,1,Z3,4,Bracharia negropedata,2,,3.5,,,,,,Unfenced,,
09/04/2025,F,1,Z3,4,Digitaria erianthra,3,,3.5,,,,,,Unfenced,,
09/04/2025,F,1,Z3,5,Eragrostis viscosa,8,,6.1,N,N,6,N,,Unfenced,,
09/04/2025,F,1,Z3,5,Eragrostis superba,3,,5.9,,,,,,Unfenced,,
09/04/2025,F,1,Z3,5,Eragrostis rigidior,3,,5.3,,,,,,Unfenced,,
09/04/2025,F,1,Z3,5,,,,4.9,,,,,,Unfenced,,
09/04/2025,F,1,Z3,1,Aristida diffusa,5,,0,N,Y,2.5,N,,Unfenced,,
09/04/2025,F,1,Z3,1,Aristida ads,2,,1.7,,,,,,Unfenced,,
09/04/2025,F,1,Z3,1,Mopane grass,2,,1.8,,,,,,Unfenced,,
09/04/2025,F,1,Z3,1,Heteropogon  contortus,2,,3.4,,,,,,Unfenced,,
09/04/2025,F,1,Z3,1,Eragrostis superba,3,,,,,,,,Unfenced,,
09/04/2025,F,1,Z4,2,Eragrostis superba,3,,2.2,N,Y,4,N,,Unfenced,,
09/04/2025,F,1,Z4,2,Pogonarthria squarrosa,1,,2.1,,,,,,Unfenced,,
09/04/2025,F,1,Z4,2,Heteropogon  contortus,1,,2.3,,,,,,Unfenced,,
09/04/2025,F,1,Z4,2,,,,4.4,,,,,,Unfenced,,
09/04/2025,F,1,Z4,1,Digitaria erianthra,4,,11.4,N,N,3.5,N,,Unfenced,,
09/04/2025,F,1,Z4,1,Eragrostis gummiflua,16,,9.8,,,,,,Unfenced,,
09/04/2025,F,1,Z4,1,Eragrostis viscosa,,,9.3,,,,,,Unfenced,,
09/04/2025,F,1,Z4,1,,,,9,,,,,,Unfenced,,
09/04/2025,F,1,Z4,5,Eragrostis viscosa,8,,3.6,N,Y,3.5,N,,Unfenced,,
09/04/2025,F,1,Z4,5,Eragrostis gummiflua,10,,4.4,,,,,,Unfenced,,
09/04/2025,F,1,Z4,5,,,,4.7,,,,,,Unfenced,,
09/04/2025,F,1,Z4,5,,,,4.8,,,,,,Unfenced,,
09/04/2025,F,1,Z4,3,Eragrostis gummiflua,21,,3.4,N,N,3.5,N,,Unfenced,,
09/04/2025,F,1,Z4,3,Eragrostis viscosa,3,,3.2,,,,,,Unfenced,,
09/04/2025,F,1,Z4,3,,,,4.4,,,,,,Unfenced,,
09/04/2025,F,1,Z4,3,,,,5.2,,,,,,Unfenced,,
09/04/2025,F,1,Z4,4,Eragrostis superba,1,,5.1,N,N,5,N,,Unfenced,,
09/04/2025,F,1,Z4,4,Eragrostis rigidior,1,,4.8,,,,,,Unfenced,,
09/04/2025,F,1,Z4,4,Eragrostis viscosa,1,,5,,,,,,Unfenced,,
09/04/2025,F,1,Z4,4,Eragrostis gummiflua,13,,4.2,,,,,,Unfenced,,
09/04/2025,F,1,Z4,4,Aristida diffusa,1,,,,,,,,Unfenced,,
10/04/2025,D,5,Z3,2,Aristida ads,2.4,,2.4,N,Y,0.5,N,,Fenced,THF,
10/04/2025,D,5,Z3,2,,,,2.4,,,,,,Fenced,THF,
10/04/2025,D,5,Z3,2,,,,2.4,,,,,,Fenced,THF,
10/04/2025,D,5,Z3,2,,,,2.4,,,,,,Fenced,THF,
10/04/2025,D,5,Z3,1,Aristida ads,8,,4.9,N,Y,6,N,,Fenced,THF,
10/04/2025,D,5,Z3,1,Eragrostis gummiflua,1,,4,,,,,,Fenced,THF,
10/04/2025,D,5,Z3,1,Setaria incressata,9,,4.3,,,,,,Fenced,THF,
10/04/2025,D,5,Z3,1,Mopane grass,2,,4.8,,,,,,Fenced,THF,
10/04/2025,D,5,Z3,1,Heteropogon  contortus,1,,,,,,,,Fenced,THF,
10/04/2025,D,5,Z3,3,Heteropogon  contortus,7,,4,,,,,,Fenced,THF,
10/04/2025,D,5,Z3,3,Cymbopogon excavatus,1,,6.1,,,,,,Fenced,THF,
10/04/2025,D,5,Z3,3,,,,5.3,,,,,,Fenced,THF,
10/04/2025,D,5,Z3,3,,,,8.3,,,,,,Fenced,THF,
10/04/2025,D,5,Z3,4,Heteropogon  contortus,17,,10.5,N,N,4,N,,Fenced,THF,
10/04/2025,D,5,Z3,4,Eragrostis rigidior,2,,10.8,,,,,,Fenced,THF,
10/04/2025,D,5,Z3,4,,,,10.9,,,,,,Fenced,THF,
10/04/2025,D,5,Z3,4,,,,11.5,,,,,,Fenced,THF,
10/04/2025,D,5,Z3,5,Eragrostis rigidior,4,,26.6,N,Y,3.5,N,,Fenced,THF,
10/04/2025,D,5,Z3,5,Mopane grass,3,,20.2,,,,,,Fenced,THF,
10/04/2025,D,5,Z3,5,Heteropogon  contortus,1,,15.2,,,,,,Fenced,THF,
10/04/2025,D,5,Z3,5,Eragrostis viscosa,7,,13.5,,,,,,Fenced,THF,
10/04/2025,D,5,Z3,5,Aristida ads,1,,,,,,,,Fenced,THF,
10/04/2025,D,5,Z1,2,Setaria incressata,6,,3.7,N,Y,3.5,N,,Fenced,THF,
10/04/2025,D,5,Z1,2,Heteropogon  contortus,5,,3.4,,,,,,Fenced,THF,
10/04/2025,D,5,Z1,2,Bracharia brizantha,2,,4.2,,,,,,Fenced,THF,
10/04/2025,D,5,Z1,2,Aristida ads,4,,4.6,,,,,,Fenced,THF,
10/04/2025,D,5,Z1,2,D. gigantum,1,,,,,,,,Fenced,THF,
10/04/2025,D,5,Z1,1,Heteropogon  contortus,3,,10.7,,,,,,Fenced,THF,
10/04/2025,D,5,Z1,1,Bracharia negropedata,3,,16.6,,,,,,Fenced,THF,
10/04/2025,D,5,Z1,1,Aristida ads,4,,21.6,,,,,,Fenced,THF,
10/04/2025,D,5,Z1,1,,,,21.9,,,,,,Fenced,THF,
10/04/2025,D,5,Z1,4,Heteropogon  contortus,2,,10.7,N,N,5.5,N,,Fenced,THF,
10/04/2025,D,5,Z1,4,Eragrostis viscosa,6,,16.6,,,,,,Fenced,THF,
10/04/2025,D,5,Z1,4,Mopane grass,4,,21.6,,,,,,Fenced,THF,
10/04/2025,D,5,Z1,4,,,,21.9,,,,,,Fenced,THF,
10/04/2025,D,5,Z1,3,Pogonarthria squarrosa,26,,7.5,N,N,4,N,,Fenced,THF,
10/04/2025,D,5,Z1,3,Setaria incressata,2,,9.5,,,,,,Fenced,THF,
10/04/2025,D,5,Z1,3,Eragrostis viscosa,4,,10.6,,,,,,Fenced,THF,
10/04/2025,D,5,Z1,3,Diheteropogon anplactence,1,,9.6,,,,,,Fenced,THF,
10/04/2025,D,5,Z1,5,Enteropogon macrostachyus,8,,14.9,N,N,5,N,,Fenced,THF,
10/04/2025,D,5,Z1,5,Heteropogon contortus,4,,15.5,,,,,,Fenced,THF,
10/04/2025,D,5,Z1,5,Cymbopogon nardus,3,,15.5,,,,,,Fenced,THF,
10/04/2025,D,5,Z1,5,Aristida ads,2,,16.5,,,,,,Fenced,THF,
10/04/2025,D,5,Z1,5,Panicum maximum,1,,,,,,,,Fenced,THF,
10/04/2025,D,5,Z1,5,Bracharia brizantha,1,,,,,,,,Fenced,THF,
10/04/2025,D,5,Z2,1,Heteropogon contortus,18,,11.7,N,N,6,N,,Unfenced,THF,
10/04/2025,D,5,Z2,1,Bracharia brizantha,3,,11.4,,,,,,Unfenced,THF,
10/04/2025,D,5,Z2,1,Eragrostis viscosa,3,,8,,,,,,Unfenced,THF,
10/04/2025,D,5,Z2,1,Eragrostis rigidior,1,,8,,,,,,Unfenced,THF,
10/04/2025,D,5,Z2,1,Eragrostis gummiflua,5,,,,,,,,Unfenced,THF,
10/04/2025,D,5,Z2,1,Setaria incressata,3,,,,,,,,Unfenced,THF,
10/04/2025,D,5,Z2,1,Digitaria erianthra,3,,,,,,,,Unfenced,THF,
10/04/2025,D,5,Z2,2,Bracharia brizantha,5,,5.4,N,Y,4,N,,Unfenced,THF,
10/04/2025,D,5,Z2,2,Eragrostis viscosa,10,,5,,,,,,Unfenced,THF,
10/04/2025,D,5,Z2,2,Aristida diffusa,3,,7.5,,,,,,Unfenced,THF,
10/04/2025,D,5,Z2,2,Mopane grass,3,,5,,,,,,Unfenced,THF,
10/04/2025,D,5,Z2,5,Eragrostis rigidior,8,,6.6,N,N,3.5,N,,Unfenced,THF,
10/04/2025,D,5,Z2,5,Bracharia brizantha,12,,6.1,,,,,,Unfenced,THF,
10/04/2025,D,5,Z2,5,Mopane grass,3,,5.9,,,,,,Unfenced,THF,
10/04/2025,D,5,Z2,5,,,,5.9,,,,,,Unfenced,THF,
10/04/2025,D,5,Z2,4,Mopane grass,3,,10.5,N,Y,5,N,,Unfenced,THF,
10/04/2025,D,5,Z2,4,Setaria incressata,2,,7.9,,,,,,Unfenced,THF,
10/04/2025,D,5,Z2,4,Bracharia brizantha,3,,8.7,,,,,,Unfenced,THF,
10/04/2025,D,5,Z2,4,Aristida ads,3,,8.3,,,,,,Unfenced,THF,
10/04/2025,D,5,Z2,4,Eragrostis cylindiflora,2,,,,,,,,Unfenced,THF,
10/04/2025,D,5,Z2,3,Eragrostis cylindiflora,1,,2.3,N,N,3,N,,Unfenced,THF,
10/04/2025,D,5,Z2,3,Eragrostis viscosa,12,,2.3,,,,,,Unfenced,THF,
10/04/2025,D,5,Z2,3,Aristida diffusa,1,,3.9,,,,,,Unfenced,THF,
10/04/2025,D,5,Z2,3,Perotis petens,8,,4.7,,,,,,Unfenced,THF,
10/04/2025,D,5,Z2,3,Mopane grass,3,,,,,,,,Unfenced,THF,
10/04/2025,D,5,Z4,4,Mopane grass,3,,4.7,N,Y,3.5,N,,Unfenced,THF,
10/04/2025,D,5,Z4,4,Setaria incressata,1,,6.4,,,,,,Unfenced,THF,
10/04/2025,D,5,Z4,4,Eragrostis rigidior,1,,8.8,,,,,,Unfenced,THF,
10/04/2025,D,5,Z4,4,,,,9.3,,,,,,Unfenced,THF,
10/04/2025,D,5,Z4,3,Mopane grass,2,,14.1,N,Y,5,N,,Unfenced,THF,
10/04/2025,D,5,Z4,3,Diheteropogon anplactence,3,,14.5,,,,,,Unfenced,THF,
10/04/2025,D,5,Z4,3,,,,13.3,,,,,,Unfenced,THF,
10/04/2025,D,5,Z4,3,,,,13.8,,,,,,Unfenced,THF,
10/04/2025,D,5,Z4,5,Mopane grass,9,,5.6,N,N,4,N,,Unfenced,THF,
10/04/2025,D,5,Z4,5,Heteropogon contortus,8,,9.6,,,,,,Unfenced,THF,
10/04/2025,D,5,Z4,5,Eragrostis gummiflua,2,,10.8,,,,,,Unfenced,THF,
10/04/2025,D,5,Z4,5,Eragrostis viscosa,1,,9.2,,,,,,Unfenced,THF,
10/04/2025,D,5,Z4,1,Eragrostis viscosa,2,,6.8,N,N,2,N,,Unfenced,THF,
10/04/2025,D,5,Z4,1,Cymbopogon nardus,1,,5.8,,,,,,Unfenced,THF,
10/04/2025,D,5,Z4,1,Aristida ads,2,,5,,,,,,Unfenced,THF,
10/04/2025,D,5,Z4,1,Bracharia brizantha,3,,7.8,,,,,,Unfenced,THF,
10/04/2025,D,5,Z4,1,Mopane grass,1,,7.8,,,,,,Unfenced,THF,
10/04/2025,D,5,Z4,1,Eragrostis gummiflua,4,,,,,,,,Unfenced,THF,
10/04/2025,D,5,Z4,2,Eragrostis superba,1,,7.8,N,N,3,N,,Unfenced,THF,
10/04/2025,D,5,Z4,2,Eragrostis viscosa,12,,5.7,,,,,,Unfenced,THF,
10/04/2025,D,5,Z4,2,Heteropogon contortus,2,,6.5,,,,,,Unfenced,THF,
10/04/2025,D,5,Z4,2,Aristida congesta B,5,,7.7,,,,,,Unfenced,THF,
10/04/2025,D,5,Z4,2,Aristida diffusa,1,,,,,,,,Unfenced,THF,
10/04/2025,D,5,Z4,2,Mopane grass,1,,,,,,,,Unfenced,THF,
10/04/2025,D,4,Z1,3,Heteropogon contortus,2,,2,N,N,2,N,,Fenced,TFB,
10/04/2025,D,4,Z1,3,Aristida ads,4,,2,,,,,,Fenced,TFB,
10/04/2025,D,4,Z1,3,Pogonarthria squarrosa,11,,2,,,,,,Fenced,TFB,
10/04/2025,D,4,Z1,3,Setaria incressata,2,,2,,,,,,Fenced,TFB,
10/04/2025,D,4,Z1,3,Perotis petens,1,,2,,,,,,Fenced,TFB,
10/04/2025,D,4,Z1,5,Heteropogon contortus,6,,10.1,N,Y,4,N,,Fenced,TFB,
10/04/2025,D,4,Z1,5,Setaria incressata,3,,7.5,,,,,,Fenced,TFB,
10/04/2025,D,4,Z1,5,Eragrostis gummiflua,12,,8,,,,,,Fenced,TFB,
10/04/2025,D,4,Z1,5,Eragrostis viscosa,1,,7,,,,,,Fenced,TFB,
10/04/2025,D,4,Z1,5,Aristida ads,1,,,,,,,,Fenced,TFB,
10/04/2025,D,4,Z1,2,Bracharia brizantha,2,,2.9,N,N,3.5,N,,Fenced,TFB,
10/04/2025,D,4,Z1,2,Aristida ads,1,,4,,,,,,Fenced,TFB,
10/04/2025,D,4,Z1,2,Eragrostis gummiflua,8,,5.1,,,,,,Fenced,TFB,
10/04/2025,D,4,Z1,2,Setaria incressata,6,,5.2,,,,,,Fenced,TFB,
10/04/2025,D,4,Z1,2,Mopane grass,4,,,,,,,,Fenced,TFB,
10/04/2025,D,4,Z1,1,Setaria incressata,10,,3.2,N,N,4,N,,Fenced,TFB,
10/04/2025,D,4,Z1,1,Panicum maximum,4,,4.6,,,,,,Fenced,TFB,
10/04/2025,D,4,Z1,1,Aristida ads,3,,5.6,,,,,,Fenced,TFB,
10/04/2025,D,4,Z1,1,,,,6.1,,,,,,Fenced,TFB,
10/04/2025,D,4,Z1,4,Panicum maximum,1,,35.9,N,N,5,N,,Fenced,TFB,
10/04/2025,D,4,Z1,4,Bracharia negropedata,4,,27.1,,,,,,Fenced,TFB,
10/04/2025,D,4,Z1,4,Cymbopogon nardus,7,,24.3,,,,,,Fenced,TFB,
10/04/2025,D,4,Z1,4,Heteropogon contortus,1,,24.6,,,,,,Fenced,TFB,
10/04/2025,D,4,Z1,4,Setaria incressata,3,,,,,,,,Fenced,TFB,
10/04/2025,D,4,Z3,4,Pogonarthria squarrosa,8,,1.7,N,N,1,N,,Fenced,TFB,
10/04/2025,D,4,Z3,4,Setaria incressata,1,,1.7,,,,,,Fenced,TFB,
10/04/2025,D,4,Z3,4,Mopane grass,3,,1.8,,,,,,Fenced,TFB,
10/04/2025,D,4,Z3,4,Eragrostis gummiflua,2,,2.8,,,,,,Fenced,TFB,
10/04/2025,D,4,Z3,3,Eragrostis superba,2,,27.9,N,N,2.5,N,,Fenced,TFB,
10/04/2025,D,4,Z3,3,Sporobolus africanus,1,,18.9,,,,,,Fenced,TFB,
10/04/2025,D,4,Z3,3,Mopane grass,2,,17.6,,,,,,Fenced,TFB,
10/04/2025,D,4,Z3,3,Eragrostis gummiflua,1,,13.8,,,,,,Fenced,TFB,
10/04/2025,D,4,Z3,3,Chloris virgata,2,,,,,,,,Fenced,TFB,
10/04/2025,D,4,Z3,5,Setaria incressata,6,,18.5,N,N,5.5,N,,Fenced,TFB,
10/04/2025,D,4,Z3,5,Heteropogon contortus,4,,17.4,,,,,,Fenced,TFB,
10/04/2025,D,4,Z3,5,Diheteropogon anplactence,1,,17,,,,,,Fenced,TFB,
10/04/2025,D,4,Z3,5,Mopane grass,1,,19.6,,,,,,Fenced,TFB,
10/04/2025,D,4,Z3,2,Eragrostis gummiflua,5,,5.1,N,N,6,,,Fenced,TFB,
10/04/2025,D,4,Z3,2,Mopane grass,4,,16.1,,,,,,Fenced,TFB,
10/04/2025,D,4,Z3,2,Diheteropogon anplactence,3,,25.4,,,,,,Fenced,TFB,
10/04/2025,D,4,Z3,2,Heteropogon contortus,2,,28.9,,,,,,Fenced,TFB,
10/04/2025,D,4,Z3,1,Heteropogon contortus,2,,9.6,,,,,,Fenced,TFB,
10/04/2025,D,4,Z3,1,Diheteropogon anplactence,1,,8.9,,,,,,Fenced,TFB,
10/04/2025,D,4,Z3,1,Setaria incressata,5,,8.9,,,,,,Fenced,TFB,
10/04/2025,D,4,Z3,1,Aristida ads,2,,10.2,,,,,,Fenced,TFB,
10/04/2025,D,4,Z4,2,Heteropogon contortus,3,,5.1,N,N,4.5,N,,Unfenced,TFB,
10/04/2025,D,4,Z4,2,Eragrostis gummiflua,4,,6.9,,,,,,Unfenced,TFB,
10/04/2025,D,4,Z4,2,Setaria incressata,2,,12,,,,,,Unfenced,TFB,
10/04/2025,D,4,Z4,2,Eragrostis superba,1,,13.5,,,,,,Unfenced,TFB,
10/04/2025,D,4,Z4,3,Mopane grass,3,,17.3,N,N,6,N,,Unfenced,TFB,
10/04/2025,D,4,Z4,3,Bracharia brizantha,8,,17.4,,,,,,Unfenced,TFB,
10/04/2025,D,4,Z4,3,Aristida ads,3,,18.3,,,,,,Unfenced,TFB,
10/04/2025,D,4,Z4,3,Panicum maximum,4,,19.5,,,,,,Unfenced,TFB,
10/04/2025,D,4,Z4,3,Heteropogon contortus,2,,,,,,,,Unfenced,TFB,
10/04/2025,D,4,Z4,4,Aristida diffusa,3,,6.3,N,Y,3,N,,Unfenced,TFB,
10/04/2025,D,4,Z4,4,Bracharia brizantha,3,,5.3,,,,,,Unfenced,TFB,
10/04/2025,D,4,Z4,4,Setaria incressata,2,,4.9,,,,,,Unfenced,TFB,
10/04/2025,D,4,Z4,4,Pogonarthria squarrosa,3,,8.3,,,,,,Unfenced,TFB,
10/04/2025,D,4,Z4,4,Mopane grass,12,,,,,,,,Unfenced,TFB,
10/04/2025,D,4,Z4,4,Heteropogon contortus,1,,,,,,,,Unfenced,TFB,
10/04/2025,D,4,Z4,5,Melenis repens,1,,8.9,N,N,4,Y,,Unfenced,TFB,
10/04/2025,D,4,Z4,5,Bracharia brizantha,1,,12,,,,,,Unfenced,TFB,
10/04/2025,D,4,Z4,5,Cymbopogon nardus,1,,11.6,,,,,,Unfenced,TFB,
10/04/2025,D,4,Z4,5,Heteropogon contortus,5,,11.9,,,,,,Unfenced,TFB,
10/04/2025,D,4,Z4,5,Panicum maximum,1,,,,,,,,Unfenced,TFB,
10/04/2025,D,4,Z4,1,Digitaria erianthra,4,,4.6,N,Y,3.5,N,,Unfenced,TFB,
10/04/2025,D,4,Z4,1,Heteropogon contortus,3,,5.8,,,,,,Unfenced,TFB,
10/04/2025,D,4,Z4,1,Mopane grass,2,,7.7,,,,,,Unfenced,TFB,
10/04/2025,D,4,Z4,1,Pogonarthria squarrosa,2,,7.3,,,,,,Unfenced,TFB,
10/04/2025,D,4,Z4,1,Eragrostis gummiflua,2,,,,,,,,Unfenced,TFB,
10/04/2025,D,4,Z4,1,Aristida diffusa,1,,,,,,,,Unfenced,TFB,
10/04/2025,D,4,Z4,1,Panicum maximum,1,,,,,,,,Unfenced,TFB,
10/04/2025,D,4,Z2,2,Heteropogon contortus,2,,6.8,N,N,3,N,,Unfenced,TFB,
10/04/2025,D,4,Z2,2,Setaria incressata,4,,6.4,,,,,,Unfenced,TFB,
10/04/2025,D,4,Z2,2,Aristida ads,2,,5.9,,,,,,Unfenced,TFB,
10/04/2025,D,4,Z2,2,Bracharia negropedata,3,,6.3,,,,,,Unfenced,TFB,
10/04/2025,D,4,Z2,2,Pogonarthria squarrosa,1,,,,,,,,Unfenced,TFB,
10/04/2025,D,4,Z2,2,Mopane grass,2,,,,,,,,Unfenced,TFB,
10/04/2025,D,4,Z2,1,Mopane grass,4,,4.1,N,N,3.5,N,,Unfenced,TFB,
10/04/2025,D,4,Z2,1,Panicum maximum,3,,15.3,,,,,,Unfenced,TFB,
10/04/2025,D,4,Z2,1,Aristida ads,3,,17.8,,,,,,Unfenced,TFB,
10/04/2025,D,4,Z2,1,Heteropogon contortus,2,,13.9,,,,,,Unfenced,TFB,
10/04/2025,D,4,Z2,4,Setaria incressata,2,,6,N,Y,2,N,,Unfenced,TFB,
10/04/2025,D,4,Z2,4,Aristida diffusa,1,,5.1,,,,,,Unfenced,TFB,
10/04/2025,D,4,Z2,4,Mopane grass,2,,4.6,,,,,,Unfenced,TFB,
10/04/2025,D,4,Z2,4,Aristida ads,1,,4.6,,,,,,Unfenced,TFB,
10/04/2025,D,4,Z2,4,Eragrostis gummiflua,2,,,,,,,,Unfenced,TFB,
10/04/2025,D,4,Z2,3,Eragrostis viscosa,2,,2.8,N,Y,2,N,,Unfenced,TFB,
10/04/2025,D,4,Z2,3,Aristida ads,5,,7.1,,,,,,Unfenced,TFB,
10/04/2025,D,4,Z2,3,Heteropogon contortus,1,,7.3,,,,,,Unfenced,TFB,
10/04/2025,D,4,Z2,3,Eragrostis cylindiflora,1,,7.6,,,,,,Unfenced,TFB,
10/04/2025,D,4,Z2,3,Panicum maximum,1,,,,,,,,Unfenced,TFB,
10/04/2025,D,4,Z2,5,Heteropogon contortus,3,,34.5,N,Y,4.5,N,,Unfenced,TFB,
10/04/2025,D,4,Z2,5,Setaria incressata,1,,21,,,,,,Unfenced,TFB,
10/04/2025,D,4,Z2,5,Eragrostis viscosa,6,,15.4,,,,,,Unfenced,TFB,
10/04/2025,D,4,Z2,5,Aristida diffusa,3,,12.8,,,,,,Unfenced,TFB,
10/04/2025,D,4,Z2,5,Aristida ads,4,,,,,,,,Unfenced,TFB,
10/04/2025,D,4,Z2,5,Diheteropogon anplactence,1,,,,,,,,Unfenced,TFB,
10/04/2025,D,4,Z2,5,Eragrostis gummiflua,2,,,,,,,,Unfenced,TFB,
10/04/2025,D,4,Z2,5,Mopane grass,2,,,,,,,,Unfenced,TFB,
10/04/2025,D,3,Z3,2,Bracharia serrata,11,,9.8,N,Y,6,N,,Fenced,TF,
10/04/2025,D,3,Z3,2,Eragrostis rigidior,5,,9.7,,,,,,Fenced,TF,
10/04/2025,D,3,Z3,2,Aristida ads,8,,9.5,,,,,,Fenced,TF,
10/04/2025,D,3,Z3,2,Setaria incressata,2,,9.2,,,,,,Fenced,TF,
10/04/2025,D,3,Z3,2,Heteropogon contortus,2,,,,,,,,Fenced,TF,
10/04/2025,D,3,Z3,3,Heteropogon contortus,4,,14.9,N,Y,7.5,N,,Fenced,TF,
10/04/2025,D,3,Z3,3,Mopane grass,4,,14.8,,,,,,Fenced,TF,
10/04/2025,D,3,Z3,3,Eragrostis cylindiflora,2,,14.4,,,,,,Fenced,TF,
10/04/2025,D,3,Z3,3,Panicum maximum,3,,15.6,,,,,,Fenced,TF,
10/04/2025,D,3,Z3,3,Diheteropogon anplactence,3,,,,,,,,Fenced,TF,
10/04/2025,D,3,Z3,3,Eragrostis viscosa,4,,,,,,,,Fenced,TF,
10/04/2025,D,3,Z3,4,Eragrostis cylindiflora,6,,12.8,N,Y,3,N,,Fenced,TF,
10/04/2025,D,3,Z3,4,Mopane grass,4,,8.6,,,,,,Fenced,TF,
10/04/2025,D,3,Z3,4,Heteropogon contortus,3,,10.8,,,,,,Fenced,TF,
10/04/2025,D,3,Z3,4,,,,9.4,,,,,,Fenced,TF,
10/04/2025,D,3,Z3,5,Bracharia serrata,5,,14.2,N,Y,5,N,,Fenced,TF,
10/04/2025,D,3,Z3,5,Setaria incressata,6,,16.1,,,,,,Fenced,TF,
10/04/2025,D,3,Z3,5,Aristida ads,4,,15.9,,,,,,Fenced,TF,
10/04/2025,D,3,Z3,5,Eragrostis cylindiflora,3,,15.7,,,,,,Fenced,TF,
10/04/2025,D,3,Z3,5,Heteropogon contortus,4,,,,,,,,Fenced,TF,
10/04/2025,D,3,Z3,5,Mopane grass,3,,,,,,,,Fenced,TF,
10/04/2025,D,3,Z3,5,Bracharia negropedata,3,,,,,,,,Fenced,TF,
10/04/2025,D,3,Z3,1,Bracharia serrata,10,,4.3,N,Y,7.5,N,,Fenced,TF,
10/04/2025,D,3,Z3,1,Unkown1,8,,4,,,,,,Fenced,TF,
10/04/2025,D,3,Z3,1,Setaria incressata,4,,3.8,,,,,,Fenced,TF,
10/04/2025,D,3,Z3,1,,,,4.2,,,,,,Fenced,TF,
10/04/2025,D,3,Z1,2,Unkown1,5,,5.6,N,Y,5,N,,Fenced,TF,
10/04/2025,D,3,Z1,2,Bracharia serrata,6,,5.1,,,,,,Fenced,TF,
10/04/2025,D,3,Z1,2,Eragrostis gummiflua,22,,6.8,,,,,,Fenced,TF,
10/04/2025,D,3,Z1,2,Chloris virgata,1,,9.1,,,,,,Fenced,TF,
10/04/2025,D,3,Z1,2,Eragrostis cylindiflora,1,,,,,,,,Fenced,TF,
10/04/2025,D,3,Z1,2,Aristida ads,2,,,,,,,,Fenced,TF,
10/04/2025,D,3,Z1,1,Bracharia serrata,21,,25.6,N,Y,8,N,,Fenced,TF,
10/04/2025,D,3,Z1,1,Heteropogon contortus,5,,26.8,,,,,,Fenced,TF,
10/04/2025,D,3,Z1,1,Chloris virgata,2,,19.2,,,,,,Fenced,TF,
10/04/2025,D,3,Z1,1,Setaria incressata,3,,14.5,,,,,,Fenced,TF,
10/04/2025,D,3,Z1,1,Bracharia brizantha,3,,,,,,,,Fenced,TF,
10/04/2025,D,3,Z1,5,Panicum maximum,4,,4.7,N,Y,6,N,,Fenced,TF,
10/04/2025,D,3,Z1,5,Setaria incressata,4,,5.4,,,,,,Fenced,TF,
10/04/2025,D,3,Z1,5,Bracharia brizantha,5,,5.1,,,,,,Fenced,TF,
10/04/2025,D,3,Z1,5,Eragrostis cylindiflora,2,,6.4,,,,,,Fenced,TF,
10/04/2025,D,3,Z1,5,Mopane grass,3,,,,,,,,Fenced,TF,
10/04/2025,D,3,Z1,5,Heteropogon contortus,3,,,,,,,,Fenced,TF,
10/04/2025,D,3,Z1,4,Setaria incressata,2,,3.8,N,N,2,N,,Fenced,TF,
10/04/2025,D,3,Z1,4,Mopane grass,3,,3,,,,,,Fenced,TF,
10/04/2025,D,3,Z1,4,Bracharia brizantha,1,,3,,,,,,Fenced,TF,
10/04/2025,D,3,Z1,4,Eragrostis gummiflua,8,,5.4,,,,,,Fenced,TF,
10/04/2025,D,3,Z1,3,Heteropogon contortus,2,,20,N,N,3.5,N,,Fenced,TF,
10/04/2025,D,3,Z1,3,Aristida ads,4,,13.3,,,,,,Fenced,TF,
10/04/2025,D,3,Z1,3,Setaria incressata,5,,11.8,,,,,,Fenced,TF,
10/04/2025,D,3,Z1,3,Mopane grass,4,,,,,,,,Fenced,TF,
10/04/2025,D,3,Z1,3,Bracharia brizantha,2,,,,,,,,Fenced,TF,
10/04/2025,D,3,Z2,2,Bracharia brizantha,3,,10.2,N,Y,3,N,,Unfenced,TF,
10/04/2025,D,3,Z2,2,Setaria incressata,6,,10,,,,,,Unfenced,TF,
10/04/2025,D,3,Z2,2,Heteropogon contortus,2,,10,,,,,,Unfenced,TF,
10/04/2025,D,3,Z2,2,Mopane grass,3,,10.2,,,,,,Unfenced,TF,
10/04/2025,D,3,Z2,1,Heteropogon contortus,14,,11.1,N,Y,4,N,,Unfenced,TF,
10/04/2025,D,3,Z2,1,Eragrostis rigidior,1,,11.7,,,,,,Unfenced,TF,
10/04/2025,D,3,Z2,1,Eragrostis viscosa,1,,7.3,,,,,,Unfenced,TF,
10/04/2025,D,3,Z2,1,Diheteropogon anplactence,1,,8,,,,,,Unfenced,TF,
10/04/2025,D,3,Z2,4,Mopane grass,6,,7.6,N,Y,3,N,,Unfenced,TF,
10/04/2025,D,3,Z2,4,Bracharia serrata,2,,8.2,,,,,,Unfenced,TF,
10/04/2025,D,3,Z2,4,Setaria incressata,4,,7.8,,,,,,Unfenced,TF,
10/04/2025,D,3,Z2,4,Aristida diffusa,2,,7.1,,,,,,Unfenced,TF,
10/04/2025,D,3,Z2,4,Heteropogon contortus,3,,,,,,,,Unfenced,TF,
10/04/2025,D,3,Z2,3,,0,,0,N,Y,0,N,,Unfenced,TF,
10/04/2025,D,3,Z2,3,,0,,0,,,,,,Unfenced,TF,
10/04/2025,D,3,Z2,3,,0,,0,,,,,,Unfenced,TF,
10/04/2025,D,3,Z2,3,,0,,0,,,,,,Unfenced,TF,
10/04/2025,D,3,Z2,5,Aristida ads,18,,8.7,N,N,5,N,,Unfenced,TF,
10/04/2025,D,3,Z2,5,Mopane grass,3,,6.7,,,,,,Unfenced,TF,
10/04/2025,D,3,Z2,5,Setaria incressata,1,,8.5,,,,,,Unfenced,TF,
10/04/2025,D,3,Z2,5,Heteropogon contortus,2,,8.1,,,,,,Unfenced,TF,
10/04/2025,D,3,Z2,5,Aristida diffusa,2,,,,,,,,Unfenced,TF,
10/04/2025,D,3,Z4,4,Bracharia brizantha,3,,7.6,N,Y,1,N,,Unfenced,TF,
10/04/2025,D,3,Z4,4,Heteropogon contortus,2,,7.3,,,,,,Unfenced,TF,
10/04/2025,D,3,Z4,4,Setaria incressata,2,,7.1,,,,,,Unfenced,TF,
10/04/2025,D,3,Z4,4,Aristida diffusa,2,,7.3,,,,,,Unfenced,TF,
10/04/2025,D,3,Z4,2,Heteropogon contortus,4,,7.2,N,Y,7.5,N,,Unfenced,TF,
10/04/2025,D,3,Z4,2,Eragrostis gummiflua,5,,9.8,,,,,,Unfenced,TF,
10/04/2025,D,3,Z4,2,Bracharia brizantha,6,,8.9,,,,,,Unfenced,TF,
10/04/2025,D,3,Z4,2,Eragrostis viscosa,7,,8.5,,,,,,Unfenced,TF,
10/04/2025,D,3,Z4,2,Setaria incressata,5,,,,,,,,Unfenced,TF,
10/04/2025,D,3,Z4,2,Aristida ads,2,,,,,,,,Unfenced,TF,
10/04/2025,D,3,Z4,1,Mopane grass,4,,3,N,Y,3,N,,Unfenced,TF,
10/04/2025,D,3,Z4,1,Panicum maximum,1,,3,,,,,,Unfenced,TF,
10/04/2025,D,3,Z4,1,Aristida ads,2,,3.8,,,,,,Unfenced,TF,
10/04/2025,D,3,Z4,1,Setaria incressata,2,,3.9,,,,,,Unfenced,TF,
10/04/2025,D,3,Z4,1,Eragrostis gummiflua,1,,,,,,,,Unfenced,TF,
10/04/2025,D,3,Z4,3,Heteropogon contortus,3,,8,N,Y,5,N,,Unfenced,TF,
10/04/2025,D,3,Z4,3,Setaria incressata,1,,6.5,,,,,,Unfenced,TF,
10/04/2025,D,3,Z4,3,Mopane grass,5,,9,,,,,,Unfenced,TF,
10/04/2025,D,3,Z4,3,Panicum maximum,6,,9.4,,,,,,Unfenced,TF,
10/04/2025,D,3,Z4,3,Aristida ads,2,,,,,,,,Unfenced,TF,
10/04/2025,D,3,Z4,3,Bracharia brizantha,4,,,,,,,,Unfenced,TF,
10/04/2025,D,3,Z4,5,Eragrostis cylindiflora,2,,7.8,N,N,5.5,N,,Unfenced,TF,
10/04/2025,D,3,Z4,5,Heteropogon contortus,10,,8.8,,,,,,Unfenced,TF,
10/04/2025,D,3,Z4,5,Aristida ads,5,,26.7,,,,,,Unfenced,TF,
10/04/2025,D,3,Z4,5,Setaria incressata,2,,22,,,,,,Unfenced,TF,
10/04/2025,D,3,Z4,5,Chloris virgata,1,,,,,,,,Unfenced,TF,
11/04/2025,D,2,Z1,1,Bracharia brizantha,6,,3.9,N,Y,4,N,0.5,Fenced,F,
11/04/2025,D,2,Z1,1,Setaria incressata,4,,5.2,,,,,,Fenced,F,
11/04/2025,D,2,Z1,1,,,,6.6,,,,,,Fenced,F,
11/04/2025,D,2,Z1,1,,,,5.8,,,,,,Fenced,F,
11/04/2025,D,2,Z1,4,Bracharia serrata,10,,18.2,N,Y,7.5,N,0.8,Fenced,F,
11/04/2025,D,2,Z1,4,Heteropogon contortus,9,,15.4,,,,,,Fenced,F,
11/04/2025,D,2,Z1,4,Digitaria erianthra,5,,14.1,,,,,,Fenced,F,
11/04/2025,D,2,Z1,4,Bracharia brizantha,5,,14.8,,,,,,Fenced,F,
11/04/2025,D,2,Z1,4,Aristida ads,3,,,,,,,,Fenced,F,
11/04/2025,D,2,Z1,3,Heteropogon contortus,4,,22.5,N,N,7,N,1.1,Fenced,F,
11/04/2025,D,2,Z1,3,Setaria incressata,5,,20.6,,,,,,Fenced,F,
11/04/2025,D,2,Z1,3,Eragrostis viscosa,7,,19.3,,,,,,Fenced,F,
11/04/2025,D,2,Z1,3,Eragrostis rigidior,3,,18.5,,,,,,Fenced,F,
11/04/2025,D,2,Z1,3,Aristida ads,3,,,,,,,,Fenced,F,
11/04/2025,D,2,Z1,2,Diheteropogon anplactence,6,,16.7,N,Y,3.5,N,0.9,Fenced,F,
11/04/2025,D,2,Z1,2,Bracharia brizantha,5,,16,,,,,,Fenced,F,
11/04/2025,D,2,Z1,2,Setaria incressata,1,,13.7,,,,,,Fenced,F,
11/04/2025,D,2,Z1,2,Aristida ads,4,,12.1,,,,,,Fenced,F,
11/04/2025,D,2,Z1,5,Setaria incressata,8,,10.5,N,Y,9,N,0.9,Fenced,F,
11/04/2025,D,2,Z1,5,Bracharia brizantha,9,,15.3,,,,,,Fenced,F,
11/04/2025,D,2,Z1,5,Aristida ads,3,,13.6,,,,,,Fenced,F,
11/04/2025,D,2,Z1,5,,,,14.9,,,,,,Fenced,F,
11/04/2025,D,2,Z3,4,Mopane grass,2,,1.6,N,Y,1.5,N,0.85,Fenced,F,
11/04/2025,D,2,Z3,4,Eragrostis viscosa,1,,2.2,,,,,,Fenced,F,
11/04/2025,D,2,Z3,4,Heteropogon contortus,2,,1.6,,,,,,Fenced,F,
11/04/2025,D,2,Z3,4,Setaria incressata,1,,4.5,,,,,,Fenced,F,
11/04/2025,D,2,Z3,4,Digitaria erianthra,4,,,,,,,,Fenced,F,
11/04/2025,D,2,Z3,4,Eragrostis rigidior,1,,,,,,,,Fenced,F,
11/04/2025,D,2,Z3,3,Diheteropogon anplactence,2,,3.7,N,Y,4,N,0.8,Fenced,F,
11/04/2025,D,2,Z3,3,Panicum maximum,3,,3.4,,,,,,Fenced,F,
11/04/2025,D,2,Z3,3,,,,3.4,,,,,,Fenced,F,
11/04/2025,D,2,Z3,3,,,,3.2,,,,,,Fenced,F,
11/04/2025,D,2,Z3,2,Heteropogon contortus,5,,2.7,N,Y,4,N,1,Fenced,F,
11/04/2025,D,2,Z3,2,Bracharia brizantha,3,,4.4,,,,,,Fenced,F,
11/04/2025,D,2,Z3,2,Mopane grass,5,,4.6,,,,,,Fenced,F,
11/04/2025,D,2,Z3,2,,,,5.2,,,,,,Fenced,F,
11/04/2025,D,2,Z3,1,Bracharia brizantha,12,,4.6,N,Y,4,N,0.5,Fenced,F,
11/04/2025,D,2,Z3,1,Heteropogon contortus,3,,4.8,,,,,,Fenced,F,
11/04/2025,D,2,Z3,1,Setaria incressata,3,,4.6,,,,,,Fenced,F,
11/04/2025,D,2,Z3,1,,,,4.9,,,,,,Fenced,F,
11/04/2025,D,2,Z3,5,Setaria incressata,15,,5.9,N,Y,5,N,0.45,Fenced,F,
11/04/2025,D,2,Z3,5,Bracharia brizantha,4,,5.1,,,,,,Fenced,F,
11/04/2025,D,2,Z3,5,,,,6,,,,,,Fenced,F,
11/04/2025,D,2,Z3,5,,,,6.9,,,,,,Fenced,F,
11/04/2025,D,2,Z4,2,Eragrostis cylindiflora,5,,13.9,N,Y,6,N,0.85,Unfenced,F,
11/04/2025,D,2,Z4,2,Bracharia brizantha,4,,13.7,,,,,,Unfenced,F,
11/04/2025,D,2,Z4,2,Diheteropogon anplactence,8,,13.6,,,,,,Unfenced,F,
11/04/2025,D,2,Z4,2,Aristida ads,6,,24.5,,,,,,Unfenced,F,
11/04/2025,D,2,Z4,2,Setaria incressata,5,,,,,,,,Unfenced,F,
11/04/2025,D,2,Z4,2,Heteropogon contortus,8,,,,,,,,Unfenced,F,
11/04/2025,D,2,Z4,2,Panicum maximum,6,,,,,,,,Unfenced,F,
11/04/2025,D,2,Z4,1,Heteropogon contortus,2,,2.8,N,Y,2,N,0.7,Unfenced,F,
11/04/2025,D,2,Z4,1,Bracharia brizantha,8,,3.4,,,,,,Unfenced,F,
11/04/2025,D,2,Z4,1,Panicum maximum,2,,4.4,,,,,,Unfenced,F,
11/04/2025,D,2,Z4,1,,,,3.7,,,,,,Unfenced,F,
11/04/2025,D,2,Z4,3,Eragrostis rigidior,8,,7.5,N,Y,8,N,1,Unfenced,F,
11/04/2025,D,2,Z4,3,Heteropogon contortus,3,,8.6,,,,,,Unfenced,F,
11/04/2025,D,2,Z4,3,Bracharia brizantha,6,,8.7,,,,,,Unfenced,F,
11/04/2025,D,2,Z4,3,Eragrostis cylindiflora,5,,8.5,,,,,,Unfenced,F,
11/04/2025,D,2,Z4,3,Aristida ads,5,,,,,,,,Unfenced,F,
11/04/2025,D,2,Z4,3,Diheteropogon anplactence,5,,,,,,,,Unfenced,F,
11/04/2025,D,2,Z4,3,Setaria incressata,5,,,,,,,,Unfenced,F,
11/04/2025,D,2,Z4,3,Panicum maximum,4,,,,,,,,Unfenced,F,
11/04/2025,D,2,Z4,4,Heteropogon contortus,15,,12.5,N,Y,7.5,N,0.9,Unfenced,F,
11/04/2025,D,2,Z4,4,Chloris virgata,5,,11.7,,,,,,Unfenced,F,
11/04/2025,D,2,Z4,4,Setaria incressata,3,,9.8,,,,,,Unfenced,F,
11/04/2025,D,2,Z4,4,Bracharia brizantha,11,,11,,,,,,Unfenced,F,
11/04/2025,D,2,Z4,4,Panicum maximum,6,,,,,,,,Unfenced,F,
11/04/2025,D,2,Z4,4,Eragrostis cylindiflora,2,,,,,,,,Unfenced,F,
11/04/2025,D,2,Z4,4,Mopane grass,2,,,,,,,,Unfenced,F,
11/04/2025,D,2,Z4,4,Aristida ads,2,,,,,,,,Unfenced,F,
11/04/2025,D,2,Z4,5,Bracharia brizantha,5,,13.6,N,N,8,N,0.8,Unfenced,F,
11/04/2025,D,2,Z4,5,Setaria incressata,8,,13.4,,,,,,Unfenced,F,
11/04/2025,D,2,Z4,5,Eragrostis rigidior,12,,11.2,,,,,,Unfenced,F,
11/04/2025,D,2,Z4,5,Eragrostis cylindiflora,3,,11.6,,,,,,Unfenced,F,
11/04/2025,D,2,Z2,4,Heteropogon contortus,2,,8.4,N,Y,3,N,1.3,Unfenced,F,
11/04/2025,D,2,Z2,4,Bracharia brizantha,3,,7.5,,,,,,Unfenced,F,
11/04/2025,D,2,Z2,4,Eragrostis rigidior,1,,6.9,,,,,,Unfenced,F,
11/04/2025,D,2,Z2,4,Setaria incressata,3,,4,,,,,,Unfenced,F,
11/04/2025,D,2,Z2,4,Eragrostis cylindiflora,2,,,,,,,,Unfenced,F,
11/04/2025,D,2,Z2,4,Aristida ads,4,,,,,,,,Unfenced,F,
11/04/2025,D,2,Z2,3,Bracharia brizantha,4,,14.5,N,N,7,N,0.9,Unfenced,F,
11/04/2025,D,2,Z2,3,Eragrostis rigidior,4,,18.8,,,,,,Unfenced,F,
11/04/2025,D,2,Z2,3,Setaria incressata,11,,17.6,,,,,,Unfenced,F,
11/04/2025,D,2,Z2,3,Digitaria erianthra,6,,15.9,,,,,,Unfenced,F,
11/04/2025,D,2,Z2,3,Chloris virgata,3,,,,,,,,Unfenced,F,
11/04/2025,D,2,Z2,1,Heteropogon contortus,3,,6.1,N,Y,8,N,1,Unfenced,F,
11/04/2025,D,2,Z2,1,Chloris virgata,2,,9.4,,,,,,Unfenced,F,
11/04/2025,D,2,Z2,1,Setaria incressata,4,,10.3,,,,,,Unfenced,F,
11/04/2025,D,2,Z2,1,Bracharia serrata,9,,9.2,,,,,,Unfenced,F,
11/04/2025,D,2,Z2,1,Aristida ads,6,,,,,,,,Unfenced,F,
11/04/2025,D,2,Z2,1,Eragrostis cylindiflora,8,,,,,,,,Unfenced,F,
11/04/2025,D,2,Z2,1,Eragrostis rigidior,6,,,,,,,,Unfenced,F,
11/04/2025,D,2,Z2,2,Heteropogon contortus,3,,6.4,N,Y,7,N,0.8,Unfenced,F,
11/04/2025,D,2,Z2,2,Mopane grass,5,,6.1,,,,,,Unfenced,F,
11/04/2025,D,2,Z2,2,Setaria incressata,5,,5.7,,,,,,Unfenced,F,
11/04/2025,D,2,Z2,2,Bracharia serrata,10,,6.3,,,,,,Unfenced,F,
11/04/2025,D,2,Z2,2,Bracharia brizantha,6,,,,,,,,Unfenced,F,
11/04/2025,D,2,Z2,2,Eragrostis cylindiflora,5,,,,,,,,Unfenced,F,
11/04/2025,D,2,Z2,2,Aristida ads,5,,,,,,,,Unfenced,F,
11/04/2025,D,2,Z2,5,Eragrostis cylindiflora,11,,6.9,N,Y,5.5,N,0.75,Unfenced,F,
11/04/2025,D,2,Z2,5,Bracharia brizantha,10,,6.3,,,,,,Unfenced,F,
11/04/2025,D,2,Z2,5,Eragrostis rigidior,4,,7.3,,,,,,Unfenced,F,
11/04/2025,D,2,Z2,5,Setaria incressata,3,,7,,,,,,Unfenced,F,
11/04/2025,D,2,Z2,5,Panicum maximum,3,,,,,,,,Unfenced,F,
11/04/2025,D,1,Z2,1,E.V,8,,3.1,N,N,7,N,0.5,Unfenced,C,
11/04/2025,D,1,Z2,1,Chloris virgata,7,,4.8,,,,,,Unfenced,C,
11/04/2025,D,1,Z2,1,E.R,6,,4.6,,,,,,Unfenced,C,
11/04/2025,D,1,Z2,1,Digitaria erianthra,7,,4.8,,,,,,Unfenced,C,
11/04/2025,D,1,Z2,2,E.S,3,,9.7,N,Y,6,N,1.1,Unfenced,C,
11/04/2025,D,1,Z2,2,Mopane grass,2,,18.6,,,,,,Unfenced,C,
11/04/2025,D,1,Z2,2,BB,3,,16.6,,,,,,Unfenced,C,
11/04/2025,D,1,Z2,2,Setaria incressata,6,,14.3,,,,,,Unfenced,C,
11/04/2025,D,1,Z2,4,Mopane grass,10,,11.8,N,Y,3,N,0.6,Unfenced,C,
11/04/2025,D,1,Z2,4,BB,2,,10.9,,,,,,Unfenced,C,
11/04/2025,D,1,Z2,4,Chloris virgata,4,,10.6,,,,,,Unfenced,C,
11/04/2025,D,1,Z2,4,,,,9.8,,,,,,Unfenced,C,
11/04/2025,D,1,Z2,3,BB,10,,12.5,N,N,8.5,N,1.1,Unfenced,C,
11/04/2025,D,1,Z2,3,Setaria incressata,5,,9.3,,,,,,Unfenced,C,
11/04/2025,D,1,Z2,3,Panicum maximum,4,,7.2,,,,,,Unfenced,C,
11/04/2025,D,1,Z2,3,Chloris virgata,1,,9.4,,,,,,Unfenced,C,
11/04/2025,D,1,Z2,5,Themeda triandra,4,,9,N,Y,8,N,1,Unfenced,C,
11/04/2025,D,1,Z2,5,Heteropogon contortus,2,,9.8,,,,,,Unfenced,C,
11/04/2025,D,1,Z2,5,Panicum maximum,5,,10.6,,,,,,Unfenced,C,
11/04/2025,D,1,Z2,5,Aristida ads,4,,11.3,,,,,,Unfenced,C,
11/04/2025,D,1,Z2,5,Setaria incressata,5,,,,,,,,Unfenced,C,
11/04/2025,D,1,Z2,5,BB,,,,,,,,,Unfenced,C,
11/04/2025,D,1,Z4,4,Aristida ads,4,,11.8,N,N,3,N,1.1,Unfenced,C,
11/04/2025,D,1,Z4,4,E.R,3,,8.8,,,,,,Unfenced,C,
11/04/2025,D,1,Z4,4,Mopane grass,3,,7.6,,,,,,Unfenced,C,
11/04/2025,D,1,Z4,4,Panicum maximum,3,,7.6,,,,,,Unfenced,C,Too many forbs
11/04/2025,D,1,Z4,4,E.C,2,,,,,,,,Unfenced,C,
11/04/2025,D,1,Z4,3,Heteropogon contortus,4,,5,N,N,5,N,0.9,Unfenced,C,Moribund plenty one side of the quadrat
11/04/2025,D,1,Z4,3,Diheteropogon anplactence,3,,11.8,,,,,,Unfenced,C,
11/04/2025,D,1,Z4,3,E.V,4,,11.4,,,,,,Unfenced,C,
11/04/2025,D,1,Z4,3,Pogonarthria squarrosa,1,,11.2,,,,,,Unfenced,C,
11/04/2025,D,1,Z4,3,BB,2,,,,,,,,Unfenced,C,
11/04/2025,D,1,Z4,3,Digitaria erianthra,3,,,,,,,,Unfenced,C,
11/04/2025,D,1,Z4,5,Chloris virgata,3,,3.7,N,Y,4.5,N,0.85,Unfenced,C,
11/04/2025,D,1,Z4,5,E.V,13,,4.9,,,,,,Unfenced,C,
11/04/2025,D,1,Z4,5,Setaria incressata,12,,5.8,,,,,,Unfenced,C,
11/04/2025,D,1,Z4,5,EG,3,,5.7,,,,,,Unfenced,C,
11/04/2025,D,1,Z4,5,Panicum maximum,2,,,,,,,,Unfenced,C,
11/04/2025,D,1,Z4,1,Heteropogon contortus,7,,33.9,N,Y,5,N,1,Unfenced,C,
11/04/2025,D,1,Z4,1,Setaria incressata,6,,25,,,,,,Unfenced,C,
11/04/2025,D,1,Z4,1,E.V,3,,19.9,,,,,,Unfenced,C,
11/04/2025,D,1,Z4,1,BB,4,,16.3,,,,,,Unfenced,C,
11/04/2025,D,1,Z4,2,Heteropogon contortus,3,,8.1,N,Y,4,N,1,Unfenced,C,
11/04/2025,D,1,Z4,2,E.R,2,,8.1,,,,,,Unfenced,C,
11/04/2025,D,1,Z4,2,Setaria incressata,5,,7,,,,,,Unfenced,C,
11/04/2025,D,1,Z4,2,E.V,4,,7.7,,,,,,Unfenced,C,
11/04/2025,D,1,Z4,2,E.C,1,,,,,,,,Unfenced,C,
11/04/2025,D,1,Z4,2,Panicum maximum,3,,,,,,,,Unfenced,C,
11/04/2025,D,1,Z4,2,BB,4,,,,,,,,Unfenced,C,
11/04/2025,D,1,Z3,3,Mopane grass,4,,3,N,Y,5,N,0.6,Fenced,C,
11/04/2025,D,1,Z3,3,E.C,5,,3.3,,,,,,Fenced,C,
11/04/2025,D,1,Z3,3,Setaria incressata,7,,4.9,,,,,,Fenced,C,
11/04/2025,D,1,Z3,3,Aristida ads,2,,7.2,,,,,,Fenced,C,
11/04/2025,D,1,Z3,4,Heteropogon contortus,3,,6.8,N,Y,2,N,0.6,Fenced,C,
11/04/2025,D,1,Z3,4,Chloris virgata,3,,6.8,,,,,,Fenced,C,
11/04/2025,D,1,Z3,4,BS,3,,4.5,,,,,,Fenced,C,
11/04/2025,D,1,Z3,4,,,,4.5,,,,,,Fenced,C,
11/04/2025,D,1,Z3,1,AD,4,,10.9,N,N,7,N,0.9,Fenced,C,
11/04/2025,D,1,Z3,1,Aristida ads,2,,8.5,,,,,,Fenced,C,
11/04/2025,D,1,Z3,1,Setaria incressata,5,,9.2,,,,,,Fenced,C,
11/04/2025,D,1,Z3,1,BB,7,,10.3,,,,,,Fenced,C,
11/04/2025,D,1,Z3,1,Heteropogon contortus,1,,,,,,,,Fenced,C,
11/04/2025,D,1,Z3,5,Aristida ads,4,,6,N,Y,3,N,0.65,Fenced,C,
11/04/2025,D,1,Z3,5,Chloris virgata,6,,5.1,,,,,,Fenced,C,
11/04/2025,D,1,Z3,5,AD,1,,0,,,,,,Fenced,C,
11/04/2025,D,1,Z3,5,BB,,,4.5,,,,,,Fenced,C,
11/04/2025,D,1,Z3,2,Mopane grass,1,,4.4,N,N,5,N,0.9,Fenced,C,Too many forbs
11/04/2025,D,1,Z3,2,Chloris virgata,2,,4.2,,,,,,Fenced,C,
11/04/2025,D,1,Z3,2,Setaria incressata,4,,4.3,,,,,,Fenced,C,
11/04/2025,D,1,Z3,2,Panicum maximum,4,,5.2,,,,,,Fenced,C,
11/04/2025,D,1,Z3,2,ECurv,3,,,,,,,,Fenced,C,
11/04/2025,D,1,Z1,3,Setaria incressata,3,,8.7,N,N,5,N,1,Fenced,C,
11/04/2025,D,1,Z1,3,BB,4,,8,,,,,,Fenced,C,
11/04/2025,D,1,Z1,3,E.R,5,,9.6,,,,,,Fenced,C,
11/04/2025,D,1,Z1,3,E.V,5,,9.4,,,,,,Fenced,C,
11/04/2025,D,1,Z1,3,E.C,3,,,,,,,,Fenced,C,
11/04/2025,D,1,Z1,3,Chloris virgata,6,,,,,,,,Fenced,C,
11/04/2025,D,1,Z1,2,ECurv,7,,6.6,N,Y,6.5,N,0.7,Fenced,C,
11/04/2025,D,1,Z1,2,E.R,8,,6.8,,,,,,Fenced,C,
11/04/2025,D,1,Z1,2,E.V,4,,6.2,,,,,,Fenced,C,
11/04/2025,D,1,Z1,2,Chloris virgata,6,,7,,,,,,Fenced,C,
11/04/2025,D,1,Z1,2,Perotis petens,2,,,,,,,,Fenced,C,
11/04/2025,D,1,Z1,1,E.V,4,,6.8,N,Y,5,N,0.6,Fenced,C,
11/04/2025,D,1,Z1,1,Chloris virgata,3,,5.3,,,,,,Fenced,C,
11/04/2025,D,1,Z1,1,Panicum maximum,5,,5.2,,,,,,Fenced,C,
11/04/2025,D,1,Z1,1,Pogonarthria squarrosa,6,,5.7,,,,,,Fenced,C,
11/04/2025,D,1,Z1,1,BB,2,,,,,,,,Fenced,C,
11/04/2025,D,1,Z1,1,Heteropogon contortus,1,,,,,,,,Fenced,C,
11/04/2025,D,1,Z1,1,Aristida ads,2,,,,,,,,Fenced,C,
11/04/2025,D,1,Z1,4,BB,5,,4.1,N,Y,5,N,1,Fenced,C,
11/04/2025,D,1,Z1,4,Panicum maximum,3,,4.1,,,,,,Fenced,C,
11/04/2025,D,1,Z1,4,D.E,2,,6.1,,,,,,Fenced,C,
11/04/2025,D,1,Z1,4,Mopane grass,2,,6.2,,,,,,Fenced,C,
11/04/2025,D,1,Z1,5,Mopane grass,2,,34.7,N,Y,7,N,1.1,Fenced,C,
11/04/2025,D,1,Z1,5,E.R,3,,25.4,,,,,,Fenced,C,
11/04/2025,D,1,Z1,5,Setaria incressata,7,,20.3,,,,,,Fenced,C,
11/04/2025,D,1,Z1,5,Diheteropogon anplactence,2,,15,,,,,,Fenced,C,
11/04/2025,D,1,Z1,5,Aristida ads,3,,15,,,,,,Fenced,C,
11/04/2025,D,1,Z1,5,Chloris virgata,2,,,,,,,,Fenced,C,
11/04/2025,D,1,Z3,5,BB,,,,,,,,,Fenced,C,
12/04/2025,B,5,Z1,1,Heteropogon contortus,13,,21.1,N,N,8.5,N,1.1,Fenced,THF,
12/04/2025,B,5,Z1,1,CD,11,,22.9,,,,,,Fenced,THF,
12/04/2025,B,5,Z1,1,E.S,2,,17.7,,,,,,Fenced,THF,
12/04/2025,B,5,Z1,1,E.G,5,,21.5,,,,,,Fenced,THF,
12/04/2025,B,5,Z1,1,E.R,2,,,,,,,,Fenced,THF,
12/04/2025,B,5,Z1,1,ACB,1,,,,,,,,Fenced,THF,
12/04/2025,B,5,Z1,4,Heteropogon contortus,10,,27.3,N,N,9.5,N,1,Fenced,THF,
12/04/2025,B,5,Z1,4,CD,9,,36.8,,,,,,Fenced,THF,
12/04/2025,B,5,Z1,4,Digitaria erianthra,2,,36.1,,,,,,Fenced,THF,
12/04/2025,B,5,Z1,4,PH,6,,26.9,,,,,,Fenced,THF,
12/04/2025,B,5,Z1,3,CEx,1,,14.2,N,Y,5,N,0.45,Fenced,THF,
12/04/2025,B,5,Z1,3,Digitaria erianthra,8,,9.1,,,,,,Fenced,THF,
12/04/2025,B,5,Z1,3,,,,6.6,,,,,,Fenced,THF,
12/04/2025,B,5,Z1,3,,,,19.7,,,,,,Fenced,THF,
12/04/2025,B,5,Z1,5,Heteropogon contortus,13,,28.3,N,N,6,N,1.2,Fenced,THF,
12/04/2025,B,5,Z1,5,PH,8,,21.5,,,,,,Fenced,THF,
12/04/2025,B,5,Z1,5,CEx,3,,24.7,,,,,,Fenced,THF,
12/04/2025,B,5,Z1,5,,,,28,,,,,,Fenced,THF,
12/04/2025,B,5,Z1,2,Heteropogon contortus,3,,14.6,N,Y,5,N,0.55,Fenced,THF,
12/04/2025,B,5,Z1,2,E.S,2,,13.8,,,,,,Fenced,THF,
12/04/2025,B,5,Z1,2,Digitaria erianthra,3,,18.7,,,,,,Fenced,THF,
12/04/2025,B,5,Z1,2,Hyperthelia dissoluta,1,,4.1,,,,,,Fenced,THF,
12/04/2025,B,5,Z3,1,Heteropogon contortus,13,,5.9,N,Y,3,N,1.1,Fenced,THF,
12/04/2025,B,5,Z3,1,Sporobolus africanus,2,,8.2,,,,,,Fenced,THF,
12/04/2025,B,5,Z3,1,,,,6.2,,,,,,Fenced,THF,
12/04/2025,B,5,Z3,1,,,,2.5,,,,,,Fenced,THF,
12/04/2025,B,5,Z3,2,Heteropogon contortus,4,,32.3,N,N,9,N,1.2,Fenced,THF,
12/04/2025,B,5,Z3,2,CD,24,,35.6,,,,,,Fenced,THF,
12/04/2025,B,5,Z3,2,Bracharia serrata,3,,41.5,,,,,,Fenced,THF,
12/04/2025,B,5,Z3,2,ACB,4,,26.4,,,,,,Fenced,THF,
12/04/2025,B,5,Z3,2,SSp,1,,,,,,,,Fenced,THF,
12/04/2025,B,5,Z3,3,CEx,4,,15.4,N,N,7,N,1.1,Fenced,THF,
12/04/2025,B,5,Z3,3,CD,8,,25.1,,,,,,Fenced,THF,
12/04/2025,B,5,Z3,3,Heteropogon contortus,5,,31.4,,,,,,Fenced,THF,
12/04/2025,B,5,Z3,3,,,,17.7,,,,,,Fenced,THF,
12/04/2025,B,5,Z3,4,Heteropogon contortus,2,,2.9,N,Y,2,N,0.45,Fenced,THF,
12/04/2025,B,5,Z3,4,Digitaria erianthra,11,,6.6,,,,,,Fenced,THF,
12/04/2025,B,5,Z3,4,,,,3.4,,,,,,Fenced,THF,
12/04/2025,B,5,Z3,4,,,,2.4,,,,,,Fenced,THF,
12/04/2025,B,5,Z3,5,Heteropogon contortus,9,,29.9,N,N,7.5,N,1,Fenced,THF,
12/04/2025,B,5,Z3,5,Digitaria erianthra,4,,26.6,,,,,,Fenced,THF,
12/04/2025,B,5,Z3,5,ACB,2,,26.8,,,,,,Fenced,THF,
12/04/2025,B,5,Z3,5,,,,28.4,,,,,,Fenced,THF,
12/04/2025,B,5,Z4,2,E.S,2,,10.9,Y,N,8,N,1,Unfenced,THF,
12/04/2025,B,5,Z4,2,PH,25,,9.2,,,,,,Unfenced,THF,
12/04/2025,B,5,Z4,2,,,,11.9,,,,,,Unfenced,THF,
12/04/2025,B,5,Z4,2,,,,11.8,,,,,,Unfenced,THF,
12/04/2025,B,5,Z4,1,Heteropogon contortus,7,,7.5,N,N,4.5,N,0.75,Unfenced,THF,
12/04/2025,B,5,Z4,1,CD,5,,15.5,,,,,,Unfenced,THF,
12/04/2025,B,5,Z4,1,ACB,1,,9,,,,,,Unfenced,THF,
12/04/2025,B,5,Z4,1,Digitaria erianthra,1,,11.8,,,,,,Unfenced,THF,
12/04/2025,B,5,Z4,5,Heteropogon contortus,4,,10.4,Y,N,5,N,0.75,Unfenced,THF,
12/04/2025,B,5,Z4,5,ACB,2,,10.7,,,,,,Unfenced,THF,
12/04/2025,B,5,Z4,5,Digitaria erianthra,3,,17.4,,,,,,Unfenced,THF,
12/04/2025,B,5,Z4,5,PH,13,,11.5,,,,,,Unfenced,THF,
12/04/2025,B,5,Z4,5,E.S,1,,,,,,,,Unfenced,THF,
12/04/2025,B,5,Z4,3,Sporobolus africanus,3,,6,Y,N,4.5,N,0.75,Unfenced,THF,
12/04/2025,B,5,Z4,3,CD,12,,8.8,,,,,,Unfenced,THF,
12/04/2025,B,5,Z4,3,Digitaria erianthra,10,,11.4,,,,,,Unfenced,THF,
12/04/2025,B,5,Z4,3,,,,8.7,,,,,,Unfenced,THF,
12/04/2025,B,5,Z4,4,Heteropogon contortus,1,,6.9,Y,N,8,Y,0.45,Unfenced,THF,
12/04/2025,B,5,Z4,4,Digitaria erianthra,11,,9.2,,,,,,Unfenced,THF,
12/04/2025,B,5,Z4,4,CD,10,,15.1,,,,,,Unfenced,THF,
12/04/2025,B,5,Z4,4,PH,7,,10.9,,,,,,Unfenced,THF,
12/04/2025,B,5,Z2,3,Heteropogon contortus,10,,6,Y,N,7,N,0.25,Unfenced,THF,
12/04/2025,B,5,Z2,3,PH,13,,6.7,,,,,,Unfenced,THF,
12/04/2025,B,5,Z2,3,Digitaria erianthra,2,,1.9,,,,,,Unfenced,THF,
12/04/2025,B,5,Z2,3,,,,5.9,,,,,,Unfenced,THF,
12/04/2025,B,5,Z2,4,CEx,1,,5.4,Y,N,4,N,1,Unfenced,THF,
12/04/2025,B,5,Z2,4,Heteropogon contortus,5,,8.6,,,,,,Unfenced,THF,
12/04/2025,B,5,Z2,4,Digitaria erianthra,4,,2.1,,,,,,Unfenced,THF,
12/04/2025,B,5,Z2,4,E.R,1,,21.7,,,,,,Unfenced,THF,
12/04/2025,B,5,Z2,4,Bracharia serrata,1,,,,,,,,Unfenced,THF,
12/04/2025,B,5,Z2,5,CEx,5,,12.9,N,Y,5,N,0.7,Unfenced,THF,
12/04/2025,B,5,Z2,5,E.S,2,,19.8,,,,,,Unfenced,THF,
12/04/2025,B,5,Z2,5,Heteropogon contortus,2,,10.9,,,,,,Unfenced,THF,
12/04/2025,B,5,Z2,5,,,,15.6,,,,,,Unfenced,THF,
12/04/2025,B,5,Z2,2,Heteropogon contortus,5,,18.6,N,N,6,N,1.1,Unfenced,THF,
12/04/2025,B,5,Z2,2,SSp,2,,10.2,,,,,,Unfenced,THF,
12/04/2025,B,5,Z2,2,CD,5,,13.1,,,,,,Unfenced,THF,
12/04/2025,B,5,Z2,2,,,,44.3,,,,,,Unfenced,THF,
12/04/2025,B,5,Z2,5,Heteropogon contortus,9,,6.2,Y,N,6.5,N,0.7,Unfenced,THF,
12/04/2025,B,5,Z2,5,Digitaria erianthra,11,,9.8,,,,,,Unfenced,THF,
12/04/2025,B,5,Z2,5,CD,10,,6.8,,,,,,Unfenced,THF,
12/04/2025,B,5,Z2,5,PH,2,,6.3,,,,,,Unfenced,THF,
12/04/2025,B,5,Z2,5,ACB,2,,,,,,,,Unfenced,THF,
12/04/2025,B,4,Z3,1,CNs,2,,3.6,Y,N,5.5,N,1.2,Unfenced,TFB,
12/04/2025,B,4,Z3,1,Hfili,6,,9.2,,,,,,Unfenced,TFB,
12/04/2025,B,4,Z3,1,Heteropogon contortus,3,,5.3,,,,,,Unfenced,TFB,
12/04/2025,B,4,Z3,1,,,,26.4,,,,,,Unfenced,TFB,
12/04/2025,B,4,Z3,4,Hyperthelia dissoluta,7,,7.3,Y,N,3.5,N,1.8,Unfenced,TFB,
12/04/2025,B,4,Z3,4,Digitaria erianthra,4,,5.5,,,,,,Unfenced,TFB,
12/04/2025,B,4,Z3,4,Heteropogon contortus,1,,26.9,,,,,,Unfenced,TFB,
12/04/2025,B,4,Z3,4,,,,7.7,,,,,,Unfenced,TFB,
12/04/2025,B,4,Z3,3,Heteropogon contortus,8,,6.6,Y,N,2.5,Y,1,Unfenced,TFB,
12/04/2025,B,4,Z3,3,Digitaria erianthra,6,,3.8,,,,,,Unfenced,TFB,
12/04/2025,B,4,Z3,3,CEx,1,,2.9,,,,,,Unfenced,TFB,
12/04/2025,B,4,Z3,3,,,,27.8,,,,,,Unfenced,TFB,
12/04/2025,B,4,Z3,2,CEx,6,,35.2,N,N,10,N,1.1,Unfenced,TFB,
12/04/2025,B,4,Z3,2,ACB,1,,31.2,,,,,,Unfenced,TFB,
12/04/2025,B,4,Z3,2,Heteropogon contortus,3,,43,,,,,,Unfenced,TFB,
12/04/2025,B,4,Z3,2,E.S,1,,14.2,,,,,,Unfenced,TFB,
12/04/2025,B,4,Z3,5,ACB,2,,,,,,,,Unfenced,TFB,
12/04/2025,B,4,Z3,5,Heteropogon contortus,13,,7.1,Y,Y,4.5,N,0.8,Unfenced,TFB,
12/04/2025,B,4,Z3,5,CEx,2,,6.8,,,,,,Unfenced,TFB,
12/04/2025,B,4,Z3,5,Digitaria erianthra,1,,5.2,,,,,,Unfenced,TFB,
12/04/2025,B,4,Z3,5,Aristida ads,2,,2.8,,,,,,Unfenced,TFB,
12/04/2025,B,4,Z3,5,Melenis repens,1,,,,,,,,Unfenced,TFB,
12/04/2025,B,4,Z4,1,E.S,3,,2.7,Y,N,2,N,0.3,Unfenced,TFB,
12/04/2025,B,4,Z4,1,Heteropogon contortus,8,,2.2,,,,,,Unfenced,TFB,
12/04/2025,B,4,Z4,1,Bracharia serrata,2,,4.8,,,,,,Unfenced,TFB,
12/04/2025,B,4,Z4,1,,,,32.6,,,,,,Unfenced,TFB,
12/04/2025,B,4,Z4,3,Heteropogon contortus,7,,23.9,N,N,7,N,1.1,Unfenced,TFB,
12/04/2025,B,4,Z4,3,ACB,1,,23.6,,,,,,Unfenced,TFB,
12/04/2025,B,4,Z4,3,CEx,1,,12.4,,,,,,Unfenced,TFB,
12/04/2025,B,4,Z4,3,CEx,6,,29.1,,,,,,Unfenced,TFB,
12/04/2025,B,4,Z4,5,Heteropogon contortus,13,,9.1,N,N,6,N,1.3,Unfenced,TFB,
12/04/2025,B,4,Z4,5,Digitaria erianthra,1,,26.1,,,,,,Unfenced,TFB,
12/04/2025,B,4,Z4,5,,,,22.8,,,,,,Unfenced,TFB,
12/04/2025,B,4,Z4,5,,,,29.3,,,,,,Unfenced,TFB,
12/04/2025,B,4,Z4,4,Heteropogon contortus,10,,6.2,N,Y,6,N,0.75,Unfenced,TFB,
12/04/2025,B,4,Z4,4,CEx,3,,8.2,,,,,,Unfenced,TFB,
12/04/2025,B,4,Z4,4,Aristida ads,1,,14,,,,,,Unfenced,TFB,
12/04/2025,B,4,Z4,4,,,,20.1,,,,,,Unfenced,TFB,
12/04/2025,B,4,Z4,2,Heteropogon contortus,13,,6.6,Y,N,4,N,0.2,Unfenced,TFB,
12/04/2025,B,4,Z4,2,ACB,3,,6.9,,,,,,Unfenced,TFB,
12/04/2025,B,4,Z4,2,Melenis repens,2,,11,,,,,,Unfenced,TFB,
12/04/2025,B,4,Z4,2,Digitaria erianthra,9,,6.1,,,,,,Unfenced,TFB,
12/04/2025,B,4,Z1,3,CEx,3,,19.2,N,N,7.5,N,0.75,Fenced,TFB,
12/04/2025,B,4,Z1,3,Heteropogon contortus,11,,20.4,,,,,,Fenced,TFB,
12/04/2025,B,4,Z1,3,Aristida ads,3,,23.2,,,,,,Fenced,TFB,
12/04/2025,B,4,Z1,3,Melenis repens,3,,19.5,,,,,,Fenced,TFB,
12/04/2025,B,4,Z1,2,Heteropogon contortus,7,,21.8,N,N,5,N,0.8,Fenced,TFB,
12/04/2025,B,4,Z1,2,Digitaria erianthra,13,,14.2,,,,,,Fenced,TFB,
12/04/2025,B,4,Z1,2,Aristida ads,1,,22.1,,,,,,Fenced,TFB,
12/04/2025,B,4,Z1,2,,,,20.6,,,,,,Fenced,TFB,
12/04/2025,B,4,Z1,1,Heteropogon contortus,8,,25.6,N,Y,5,N,1.3,Fenced,TFB,
12/04/2025,B,4,Z1,1,CEx,2,,26.6,,,,,,Fenced,TFB,
12/04/2025,B,4,Z1,1,SSp,1,,22.8,,,,,,Fenced,TFB,
12/04/2025,B,4,Z1,1,E.S,1,,34,,,,,,Fenced,TFB,
12/04/2025,B,4,Z1,5,CEx,3,,13,N,N,6,Y,0.8,Fenced,TFB,
12/04/2025,B,4,Z1,5,Heteropogon contortus,4,,16.7,,,,,,Fenced,TFB,
12/04/2025,B,4,Z1,5,E.S,1,,15.1,,,,,,Fenced,TFB,
12/04/2025,B,4,Z1,5,E.R,1,,27.3,,,,,,Fenced,TFB,
12/04/2025,B,4,Z1,5,Bracharia serrata,4,,,,,,,,Fenced,TFB,
12/04/2025,B,4,Z1,4,Themeda triandra,2,,18.4,N,N,6,Y,0.65,Fenced,TFB,
12/04/2025,B,4,Z1,4,Heteropogon contortus,7,,19,,,,,,Fenced,TFB,
12/04/2025,B,4,Z1,4,Digitaria erianthra,5,,14.8,,,,,,Fenced,TFB,
12/04/2025,B,4,Z1,4,,,,16,,,,,,Fenced,TFB,
12/04/2025,B,4,Z2,1,Heteropogon contortus,3,,10.8,N,N,2,N,1.2,Fenced,TFB,
12/04/2025,B,4,Z2,1,Perotis petens,2,,2.4,,,,,,Fenced,TFB,
12/04/2025,B,4,Z2,1,Bracharia serrata,3,,2.4,,,,,,Fenced,TFB,
12/04/2025,B,4,Z2,1,E.R,1,,2.9,,,,,,Fenced,TFB,
12/04/2025,B,4,Z2,4,E.S,1,,38.2,N,N,4,N,1.6,Fenced,TFB,
12/04/2025,B,4,Z2,4,CEx,1,,26.4,,,,,,Fenced,TFB,
12/04/2025,B,4,Z2,4,Heteropogon contortus,6,,21.2,,,,,,Fenced,TFB,
12/04/2025,B,4,Z2,4,,,,14.2,,,,,,Fenced,TFB,
12/04/2025,B,4,Z2,3,Heteropogon contortus,4,,3.2,N,Y,2,N,1,Fenced,TFB,
12/04/2025,B,4,Z2,3,Digitaria erianthra,2,,4.5,,,,,,Fenced,TFB,
12/04/2025,B,4,Z2,3,Aristida ads,1,,8.2,,,,,,Fenced,TFB,
12/04/2025,B,4,Z2,3,Bracharia serrata,8,,6.5,,,,,,Fenced,TFB,
12/04/2025,B,4,Z2,5,Bracharia serrata,1,,30.6,N,N,5,N,1,Fenced,TFB,
12/04/2025,B,4,Z2,5,CEx,5,,18.5,,,,,,Fenced,TFB,
12/04/2025,B,4,Z2,5,,,,14.6,,,,,,Fenced,TFB,
12/04/2025,B,4,Z2,5,,,,25.8,,,,,,Fenced,TFB,
12/04/2025,B,4,Z2,2,Aristida ads,1,,22.4,N,N,6,N,1.1,Fenced,TFB,
12/04/2025,B,4,Z2,2,Heteropogon contortus,6,,24.1,,,,,,Fenced,TFB,
12/04/2025,B,4,Z2,2,CEx,4,,22.2,,,,,,Fenced,TFB,
12/04/2025,B,4,Z2,2,U.mossambicensis,2,,27.5,,,,,,Fenced,TFB,
12/04/2025,B,3,Z4,3,Heteropogon contortus,9,,11.2,Y,Y,5,N,1,Unfenced,TF,
12/04/2025,B,3,Z4,3,Aristida ads,6,,8.2,,,,,,Unfenced,TF,
12/04/2025,B,3,Z4,3,CEx,1,,11.8,,,,,,Unfenced,TF,
12/04/2025,B,3,Z4,3,,,,7.5,,,,,,Unfenced,TF,
12/04/2025,B,3,Z4,2,Aristida ads,11,,10.4,N,N,7,N,1.1,Unfenced,TF,
12/04/2025,B,3,Z4,2,Heteropogon contortus,1,,18.6,,,,,,Unfenced,TF,
12/04/2025,B,3,Z4,2,CNs,1,,18,,,,,,Unfenced,TF,
12/04/2025,B,3,Z4,2,,,,22.8,,,,,,Unfenced,TF,
12/04/2025,B,3,Z4,5,Digitaria erianthra,16,,13.8,Y,N,7,N,0.5,Unfenced,TF,
12/04/2025,B,3,Z4,5,CNs,1,,8.4,,,,,,Unfenced,TF,
12/04/2025,B,3,Z4,5,Heteropogon contortus,1,,6.2,,,,,,Unfenced,TF,
12/04/2025,B,3,Z4,5,,,,5.2,,,,,,Unfenced,TF,
12/04/2025,B,3,Z4,4,Heteropogon contortus,16,,11.4,Y,N,7,N,0.6,Unfenced,TF,
12/04/2025,B,3,Z4,4,E.R,1,,15.4,,,,,,Unfenced,TF,
12/04/2025,B,3,Z4,4,PH,1,,11.9,,,,,,Unfenced,TF,
12/04/2025,B,3,Z4,4,,,,22,,,,,,Unfenced,TF,
12/04/2025,B,3,Z4,1,Aristida ads,3,,8,Y,N,4.5,N,0.7,Unfenced,TF,
12/04/2025,B,3,Z4,1,Heteropogon contortus,10,,2.8,,,,,,Unfenced,TF,
12/04/2025,B,3,Z4,1,E.R,1,,12,,,,,,Unfenced,TF,
12/04/2025,B,3,Z4,1,,,,10.3,,,,,,Unfenced,TF,
12/04/2025,B,3,Z3,4,Heteropogon contortus,18,,23.3,Y,N,8,N,0.7,Unfenced,TF,
12/04/2025,B,3,Z3,4,CNs,1,,13,,,,,,Unfenced,TF,
12/04/2025,B,3,Z3,4,E.R,1,,12.8,,,,,,Unfenced,TF,
12/04/2025,B,3,Z3,4,,,,14.1,,,,,,Unfenced,TF,
12/04/2025,B,3,Z3,3,Hfili,1,,8.5,Y,N,8,N,0.85,Unfenced,TF,
12/04/2025,B,3,Z3,3,Heteropogon contortus,15,,6.7,,,,,,Unfenced,TF,
12/04/2025,B,3,Z3,3,Aristida ads,2,,6.5,,,,,,Unfenced,TF,
12/04/2025,B,3,Z3,3,,,,6.1,,,,,,Unfenced,TF,
12/04/2025,B,3,Z3,2,A.D,1,,8.3,Y,Y,6,N,0.8,Unfenced,TF,
12/04/2025,B,3,Z3,2,Aristida ads,1,,4.2,,,,,,Unfenced,TF,
12/04/2025,B,3,Z3,2,Themeda triandra,1,,9.6,,,,,,Unfenced,TF,
12/04/2025,B,3,Z3,2,Bracharia serrata,3,,3.4,,,,,,Unfenced,TF,
12/04/2025,B,3,Z3,2,Heteropogon contortus,4,,7.8,,,,,,Unfenced,TF,
12/04/2025,B,3,Z3,5,E.R,3,,14.1,Y,N,7.5,N,0.7,Unfenced,TF,
12/04/2025,B,3,Z3,5,Aristida ads,4,,9.8,,,,,,Unfenced,TF,
12/04/2025,B,3,Z3,5,Heteropogon contortus,11,,7.3,,,,,,Unfenced,TF,
12/04/2025,B,3,Z3,5,CNs,1,,,,,,,,Unfenced,TF,
12/04/2025,B,3,Z3,1,Heteropogon contortus,15,,6.8,Y,N,4.5,N,0.7,Unfenced,TF,
12/04/2025,B,3,Z3,1,Digitaria erianthra,3,,8.2,,,,,,Unfenced,TF,
12/04/2025,B,3,Z3,1,E.S,1,,7.9,,,,,,Unfenced,TF,
12/04/2025,B,3,Z3,1,Aristida ads,1,,4.9,,,,,,Unfenced,TF,
12/04/2025,B,3,Z1,2,Melenis repens,1,,26.1,N,N,8,N,1,Fenced,TF,
12/04/2025,B,3,Z1,2,CEx,4,,20.2,,,,,,Fenced,TF,
12/04/2025,B,3,Z1,2,,,,10.2,,,,,,Fenced,TF,
12/04/2025,B,3,Z1,2,,,,25,,,,,,Fenced,TF,
12/04/2025,B,3,Z1,5,CNs,3,,14.6,N,N,8,N,1,Fenced,TF,
12/04/2025,B,3,Z1,5,Heteropogon contortus,16,,20,,,,,,Fenced,TF,
12/04/2025,B,3,Z1,5,CEx,1,,29.3,,,,,,Fenced,TF,
12/04/2025,B,3,Z1,5,Aristida ads,1,,44.2,,,,,,Fenced,TF,
12/04/2025,B,3,Z1,5,,,,,,,,,,Fenced,TF,
12/04/2025,B,3,Z1,1,CD,3,,41.9,N,N,9,N,0.9,Fenced,TF,
12/04/2025,B,3,Z1,1,Themeda triandra,5,,26.1,,,,,,Fenced,TF,
12/04/2025,B,3,Z1,1,Heteropogon contortus,3,,27.8,,,,,,Fenced,TF,
12/04/2025,B,3,Z1,1,E.S,1,,46,,,,,,Fenced,TF,
12/04/2025,B,3,Z1,4,ACB,1,,25.8,N,N,7,Y,0.6,Fenced,TF,
12/04/2025,B,3,Z1,4,Digitaria erianthra,4,,10.9,,,,,,Fenced,TF,
12/04/2025,B,3,Z1,4,Heteropogon contortus,10,,6.3,,,,,,Fenced,TF,
12/04/2025,B,3,Z1,4,,,,25.1,,,,,,Fenced,TF,
12/04/2025,B,3,Z1,3,Melenis repens,4,,12,N,Y,8,N,0.9,Fenced,TF,
12/04/2025,B,3,Z1,3,Aristida ads,3,,15.7,,,,,,Fenced,TF,
12/04/2025,B,3,Z1,3,PH,5,,11.8,,,,,,Fenced,TF,
12/04/2025,B,3,Z1,3,,,,16.2,,,,,,Fenced,TF,
12/04/2025,B,3,Z2,2,Aristida ads,3,,15.6,N,N,8,N,1,Fenced,TF,
12/04/2025,B,3,Z2,2,CEx,6,,22.2,,,,,,Fenced,TF,
12/04/2025,B,3,Z2,2,Melenis repens,1,,26.8,,,,,,Fenced,TF,
12/04/2025,B,3,Z2,2,E.S,1,,17.3,,,,,,Fenced,TF,
12/04/2025,B,3,Z2,2,ECurv,2,,,,,,,,Fenced,TF,
12/04/2025,B,3,Z2,1,SSp,1,,39,N,Y,9,N,1.2,Fenced,TF,
12/04/2025,B,3,Z2,1,Themeda triandra,2,,28.8,,,,,,Fenced,TF,
12/04/2025,B,3,Z2,1,Heteropogon contortus,7,,17.1,,,,,,Fenced,TF,
12/04/2025,B,3,Z2,1,CEx,2,,41.5,,,,,,Fenced,TF,
12/04/2025,B,3,Z2,4,CEx,4,,33.2,N,N,9,N,1.3,Fenced,TF,
12/04/2025,B,3,Z2,4,Melenis repens,1,,28,,,,,,Fenced,TF,
12/04/2025,B,3,Z2,4,Heteropogon contortus,4,,14.9,,,,,,Fenced,TF,
12/04/2025,B,3,Z2,4,,,,42.7,,,,,,Fenced,TF,
12/04/2025,B,3,Z2,5,Heteropogon contortus,7,,47.7,N,N,9.5,N,1.3,Fenced,TF,
12/04/2025,B,3,Z2,5,CNs,2,,35.5,,,,,,Fenced,TF,
12/04/2025,B,3,Z2,5,,,,25.2,,,,,,Fenced,TF,
12/04/2025,B,3,Z2,5,,,,51,,,,,,Fenced,TF,
12/04/2025,B,3,Z2,3,ACB,1,,15.7,N,N,8,N,1,Fenced,TF,
12/04/2025,B,3,Z2,3,Digitaria erianthra,6,,32.3,,,,,,Fenced,TF,
12/04/2025,B,3,Z2,3,Heteropogon contortus,14,,15.6,,,,,,Fenced,TF,
12/04/2025,B,3,Z2,3,CNs,2,,22.7,,,,,,Fenced,TF,
14/04/2025,A,5,Z4,2,PH,5,,19,,,,,,,,
14/04/2025,A,5,Z4,2,CD,1,,16.8,N,N,7,N,1,Unfenced,THF,
14/04/2025,A,5,Z4,2,E.G,1,,16.7,,,,,,Unfenced,THF,
14/04/2025,A,5,Z4,2,,,,16.6,,,,,,Unfenced,THF,
14/04/2025,A,5,Z4,1,U.mossambicensis,2,,0,N,N,4.5,N,0.75,Unfenced,THF,
14/04/2025,A,5,Z4,1,CEx,1,,14.3,,,,,,Unfenced,THF,
14/04/2025,A,5,Z4,1,PH,2,,14.7,,,,,,Unfenced,THF,
14/04/2025,A,5,Z4,1,Heteropogon contortus,2,,13.7,,,,,,Unfenced,THF,
14/04/2025,A,5,Z4,4,PH,2,,21.8,N,N,6,N,0.3,Unfenced,THF,
14/04/2025,A,5,Z4,4,CEx,2,,16.5,,,,,,Unfenced,THF,
14/04/2025,A,5,Z4,4,U.mossambicensis,1,,20.7,,,,,,Unfenced,THF,
14/04/2025,A,5,Z4,4,,,,21.2,,,,,,Unfenced,THF,
14/04/2025,A,5,Z4,3,U.mossambicensis,3,,13.5,N,Y,4.5,N,1,Unfenced,THF,
14/04/2025,A,5,Z4,3,Aristida ads,2,,13.2,,,,,,Unfenced,THF,
14/04/2025,A,5,Z4,3,PH,9,,13.9,,,,,,Unfenced,THF,
14/04/2025,A,5,Z4,3,,,,11.7,,,,,,Unfenced,THF,
14/04/2025,A,5,Z4,5,U.mossambicensis,2,,0,N,N,1.5,N,1.1,Unfenced,THF,
14/04/2025,A,5,Z4,5,PH,3,,23.6,,,,,,Unfenced,THF,
14/04/2025,A,5,Z4,5,Aristida diffusa,1,,17.3,,,,,,Unfenced,THF,
14/04/2025,A,5,Z4,5,Setaria incressata,1,,16.5,,,,,,Unfenced,THF,
14/04/2025,A,5,Z2,2,Aristida ads,1,,22.7,N,N,4,N,1.2,Unfenced,THF,
14/04/2025,A,5,Z2,2,U.mossambicensis,2,,17.4,,,,,,Unfenced,THF,
14/04/2025,A,5,Z2,2,PH,5,,18.4,,,,,,Unfenced,THF,
14/04/2025,A,5,Z2,2,Heteropogon contortus,2,,20.6,,,,,,Unfenced,THF,
14/04/2025,A,5,Z2,1,Hfili,3,,19.6,N,N,6,N,2,Unfenced,THF,
14/04/2025,A,5,Z2,1,Panicum maximum,1,,37.9,,,,,,Unfenced,THF,
14/04/2025,A,5,Z2,1,U.mossambicensis,5,,36.2,,,,,,Unfenced,THF,
14/04/2025,A,5,Z2,1,Heteropogon contortus,1,,33.7,,,,,,Unfenced,THF,
14/04/2025,A,5,Z2,4,CEx,2,,32.9,N,N,7,N,0.35,Unfenced,THF,
14/04/2025,A,5,Z2,4,Aristida ads,2,,18.7,,,,,,Unfenced,THF,
14/04/2025,A,5,Z2,4,U.mossambicensis,2,,18.4,,,,,,Unfenced,THF,
14/04/2025,A,5,Z2,4,Hfili,2,,17.7,,,,,,Unfenced,THF,
14/04/2025,A,5,Z2,3,Panicum maximum,2,,23.9,N,Y,3,N,1,Unfenced,THF,
14/04/2025,A,5,Z2,3,U.mossambicensis,3,,12.9,,,,,,Unfenced,THF,
14/04/2025,A,5,Z2,3,,,,16.8,,,,,,Unfenced,THF,
14/04/2025,A,5,Z2,3,,,,14.9,,,,,,Unfenced,THF,
14/04/2025,A,5,Z2,5,CEx,1,,27.1,N,N,5.5,N,1.2,Unfenced,THF,
14/04/2025,A,5,Z2,5,Wireleaf,1,,23.6,,,,,,Unfenced,THF,
14/04/2025,A,5,Z2,5,U.mossambicensis,4,,24.1,,,,,,Unfenced,THF,
14/04/2025,A,5,Z2,5,,,,21.8,,,,,,Unfenced,THF,
14/04/2025,A,2,Z1,2,CEx,2,,23.4,N,N,4.5,N,1,Fenced,F,
14/04/2025,A,2,Z1,2,PH,10,,20.2,,,,,,Fenced,F,
14/04/2025,A,2,Z1,2,Aristida ads,1,,13.6,,,,,,Fenced,F,
14/04/2025,A,2,Z1,2,E.G,2,,17.2,,,,,,Fenced,F,
14/04/2025,A,2,Z1,2,E.S,1,,,,,,,,Fenced,F,
14/04/2025,A,2,Z1,1,Andropogon eucomas,1,,29.8,N,N,7.5,N,1,Fenced,F,
14/04/2025,A,2,Z1,1,PH,8,,22.7,,,,,,Fenced,F,
14/04/2025,A,2,Z1,1,Heteropogon contortus,1,,19.6,,,,,,Fenced,F,
14/04/2025,A,2,Z1,1,E.G,1,,19.5,,,,,,Fenced,F,
14/04/2025,A,2,Z1,4,Andropogon eucomas,2,,15.1,,,,,,Fenced,F,
14/04/2025,A,2,Z1,4,PH,11,,14.2,N,N,3,N,1.1,Fenced,F,
14/04/2025,A,2,Z1,4,,,,13.8,,,,,,Fenced,F,
14/04/2025,A,2,Z1,4,,,,13.8,,,,,,Fenced,F,
14/04/2025,A,2,Z1,5,Digitaria erianthra,3,,19.1,N,Y,5,N,0.75,Fenced,F,
14/04/2025,A,2,Z1,5,Bracharia serrata,1,,16.6,,,,,,Fenced,F,
14/04/2025,A,2,Z1,5,PH,9,,18.1,,,,,,Fenced,F,
14/04/2025,A,2,Z1,5,Andropogon eucomas,2,,6.1,,,,,,Fenced,F,
14/04/2025,A,2,Z1,5,Setaria incressata,7,,,,,,,,Fenced,F,
14/04/2025,A,2,Z1,3,U.mossambicensis,4,,29.6,N,N,5,N,0.9,Fenced,F,
14/04/2025,A,2,Z1,3,PH,2,,25.5,,,,,,Fenced,F,
14/04/2025,A,2,Z1,3,,,,23.9,,,,,,Fenced,F,
14/04/2025,A,2,Z1,3,,,,23,,,,,,Fenced,F,
14/04/2025,A,2,Z2,2,H.Dissoluta,1,,17.1,N,N,3,N,2,Fenced,F,
14/04/2025,A,2,Z2,2,Hfili,1,,48.1,,,,,,Fenced,F,
14/04/2025,A,2,Z2,2,Andropogon eucomas,2,,43.6,,,,,,Fenced,F,
14/04/2025,A,2,Z2,2,,,,40.2,,,,,,Fenced,F,
14/04/2025,A,2,Z2,3,U.mossambicensis,4,,21.1,N,N,5,N,1.4,Fenced,F,
14/04/2025,A,2,Z2,3,H.hirta,4,,28.1,,,,,,Fenced,F,
14/04/2025,A,2,Z2,3,H.Dissoluta,3,,26.6,,,,,,Fenced,F,
14/04/2025,A,2,Z2,3,Heteropogon contortus,3,,11.6,,,,,,Fenced,F,
14/04/2025,A,2,Z2,4,H.hirta,2,,23.3,N,N,4,N,1.5,Fenced,F,
14/04/2025,A,2,Z2,4,Heteropogon contortus,1,,5.5,,,,,,Fenced,F,
14/04/2025,A,2,Z2,4,Setaria incressata,6,,14.1,,,,,,Fenced,F,
14/04/2025,A,2,Z2,4,Bracharia serrata,3,,13.4,,,,,,Fenced,F,
14/04/2025,A,2,Z2,5,H.Dissoluta,3,,66.7,N,Y,6.5,N,2,Fenced,F,
14/04/2025,A,2,Z2,5,H.hirta,1,,29.4,,,,,,Fenced,F,
14/04/2025,A,2,Z2,5,U.mossambicensis,3,,20.7,,,,,,Fenced,F,
14/04/2025,A,2,Z2,5,,,,21.9,,,,,,Fenced,F,
14/04/2025,A,2,Z2,1,Andropogon eucomas,1,,25.3,N,Y,4,N,0.5,Fenced,F,
14/04/2025,A,2,Z2,1,PH,2,,18.8,,,,,,Fenced,F,
14/04/2025,A,2,Z2,1,Wireleaf,4,,18.5,,,,,,Fenced,F,
14/04/2025,A,2,Z2,1,,,,16.5,,,,,,Fenced,F,
14/04/2025,A,2,Z3,1,H.Dissoluta,2,,16.9,N,N,5.5,N,1.9,Unfenced,F,
14/04/2025,A,2,Z3,1,PH,5,,22.6,,,,,,Unfenced,F,
14/04/2025,A,2,Z3,1,E.G,1,,20,,,,,,Unfenced,F,
14/04/2025,A,2,Z3,1,,,,19.2,,,,,,Unfenced,F,
14/04/2025,A,2,Z3,2,Heteropogon contortus,1,,15.8,N,N,4,N,0.8,Unfenced,F,
14/04/2025,A,2,Z3,2,E.S,1,,11.1,,,,,,Unfenced,F,
14/04/2025,A,2,Z3,2,Aristida diffusa,3,,10.6,,,,,,Unfenced,F,
14/04/2025,A,2,Z3,2,PH,8,,13.3,,,,,,Unfenced,F,
14/04/2025,A,2,Z3,3,U.mossambicensis,2,,28.6,N,N,8,N,1.1,Unfenced,F,
14/04/2025,A,2,Z3,3,Andropogon eucomas,1,,24,,,,,,Unfenced,F,
14/04/2025,A,2,Z3,3,PH,12,,20.4,,,,,,Unfenced,F,
14/04/2025,A,2,Z3,3,,,,14.9,,,,,,Unfenced,F,
14/04/2025,A,2,Z3,5,CEx,3,,18.4,N,N,6.5,N,1.2,Unfenced,F,
14/04/2025,A,2,Z3,5,E.S,2,,14.1,,,,,,Unfenced,F,
14/04/2025,A,2,Z3,5,PH,12,,16.9,,,,,,Unfenced,F,
14/04/2025,A,2,Z3,5,,,,16.2,,,,,,Unfenced,F,
14/04/2025,A,2,Z3,4,U.mossambicensis,5,,30.1,N,Y,6,N,1.5,Unfenced,F,
14/04/2025,A,2,Z3,4,Hfili,3,,23.6,,,,,,Unfenced,F,
14/04/2025,A,2,Z3,4,Andropogon eucomas,1,,21.6,,,,,,Unfenced,F,
14/04/2025,A,2,Z3,4,PH,8,,17.6,,,,,,Unfenced,F,
14/04/2025,A,2,Z4,2,H.Dissoluta,5,,17.5,N,N,7.5,N,2,Unfenced,F,
14/04/2025,A,2,Z4,2,U.mossambicensis,3,,34.7,,,,,,Unfenced,F,
14/04/2025,A,2,Z4,2,,,,44.3,,,,,,Unfenced,F,
14/04/2025,A,2,Z4,2,,,,40.8,,,,,,Unfenced,F,
14/04/2025,A,2,Z4,1,Aristida ads,3,,17.3,N,N,6,N,1.7,Unfenced,F,
14/04/2025,A,2,Z4,1,H.Dissoluta,8,,17.5,,,,,,Unfenced,F,
14/04/2025,A,2,Z4,1,Hfili,4,,25,,,,,,Unfenced,F,
14/04/2025,A,2,Z4,1,,,,20.5,,,,,,Unfenced,F,
14/04/2025,A,2,Z4,4,U.mossambicensis,4,,65.6,N,N,8,N,2,Unfenced,F,
14/04/2025,A,2,Z4,4,H.Dissoluta,3,,43.3,,,,,,Unfenced,F,
14/04/2025,A,2,Z4,4,Hfili,4,,35.5,,,,,,Unfenced,F,
14/04/2025,A,2,Z4,4,Andropogon eucomas,3,,28.8,,,,,,Unfenced,F,
14/04/2025,A,2,Z4,5,H.Dissoluta,4,,47,N,Y,8,N,2.2,Unfenced,F,
14/04/2025,A,2,Z4,5,Hfili,5,,45.1,,,,,,Unfenced,F,
14/04/2025,A,2,Z4,5,U.mossambicensis,2,,37.2,,,,,,Unfenced,F,
14/04/2025,A,2,Z4,5,Heteropogon contortus,3,,44.5,,,,,,Unfenced,F,
14/04/2025,A,2,Z4,3,Cymbopogon nardus,1,,53.7,N,N,5,N,1.2,Unfenced,F,
14/04/2025,A,2,Z4,3,Andropogon eucomas,3,,39.4,,,,,,Unfenced,F,
14/04/2025,A,2,Z4,3,U.mossambicensis,1,,28.3,,,,,,Unfenced,F,
14/04/2025,A,2,Z4,3,Heteropogon contortus,3,,30.7,,,,,,Unfenced,F,
14/04/2025,A,2,Z4,3,H.Dissoluta,3,,,,,,,,Unfenced,F,
14/04/2025,A,2,Z4,3,SSp,1,,,,,,,,Unfenced,F,
14/04/2025,A,3,Z3,2,SSp,4,,26.6,N,Y,8,N,1.5,Fenced,TF,
14/04/2025,A,3,Z3,2,Digitaria erianthra,4,,17.5,,,,,,Fenced,TF,
14/04/2025,A,3,Z3,2,U.mossambicensis,3,,19,,,,,,Fenced,TF,
14/04/2025,A,3,Z3,2,C.D,12,,18.7,,,,,,Fenced,TF,
14/04/2025,A,3,Z3,1,Heteropogon contortus,6,,27.5,N,N,8,N,1,Fenced,TF,
14/04/2025,A,3,Z3,1,Melenis repens,5,,24.8,,,,,,Fenced,TF,
14/04/2025,A,3,Z3,1,Aristida diffusa,6,,26.7,,,,,,Fenced,TF,
14/04/2025,A,3,Z3,1,Panicum maximum,2,,22.2,,,,,,Fenced,TF,
14/04/2025,A,3,Z3,5,H.Dissoluta,3,,19,N,N,5,N,1.4,Fenced,TF,
14/04/2025,A,3,Z3,5,Hfili,4,,24.7,,,,,,Fenced,TF,
14/04/2025,A,3,Z3,5,Heteropogon contortus,4,,21.9,,,,,,Fenced,TF,
14/04/2025,A,3,Z3,5,U.mossambicensis,4,,24.9,,,,,,Fenced,TF,
14/04/2025,A,3,Z3,3,Heteropogon contortus,8,,24.9,N,N,4,N,1,Fenced,TF,
14/04/2025,A,3,Z3,3,Themeda triandra,2,,22.3,,,,,,Fenced,TF,
14/04/2025,A,3,Z3,3,CEx,1,,25.6,,,,,,Fenced,TF,
14/04/2025,A,3,Z3,3,Digitaria erianthra,4,,21.5,,,,,,Fenced,TF,
14/04/2025,A,3,Z3,3,Panicum maximum,2,,,,,,,,Fenced,TF,
14/04/2025,A,3,Z3,4,H.Dissoluta,3,,33.7,N,N,6.5,N,2,Fenced,TF,
14/04/2025,A,3,Z3,4,Aristida ads,3,,26.8,,,,,,Fenced,TF,
14/04/2025,A,3,Z3,4,Hfili,1,,33.4,,,,,,Fenced,TF,
14/04/2025,A,3,Z3,4,CEx,1,,32,,,,,,Fenced,TF,
14/04/2025,A,3,Z1,2,H.hirta,1,,46.7,N,Y,1.5,N,1.5,Fenced,TF,
14/04/2025,A,3,Z1,2,,,,0,,,,,,Fenced,TF,
14/04/2025,A,3,Z1,2,,,,0,,,,,,Fenced,TF,
14/04/2025,A,3,Z1,2,,,,0,,,,,,Fenced,TF,
14/04/2025,A,3,Z1,3,PH,6,,20.6,N,N,4,N,1,Fenced,TF,
14/04/2025,A,3,Z1,3,CEx,1,,16.1,,,,,,Fenced,TF,
14/04/2025,A,3,Z1,3,,,,15.6,,,,,,Fenced,TF,
14/04/2025,A,3,Z1,3,,,,14.4,,,,,,Fenced,TF,
14/04/2025,A,3,Z1,4,Andropogon eucomas,3,,18.1,N,N,5.5,N,1.2,Fenced,TF,
14/04/2025,A,3,Z1,4,PF,5,,14.3,,,,,,Fenced,TF,
14/04/2025,A,3,Z1,4,U.mossambicensis,2,,12.7,,,,,,Fenced,TF,
14/04/2025,A,3,Z1,4,,,,12.4,,,,,,Fenced,TF,
14/04/2025,A,3,Z1,1,U.mossambicensis,6,,20.9,N,N,7.5,N,1.2,Fenced,TF,
14/04/2025,A,3,Z1,1,Aristida congesta C,4,,25.5,,,,,,Fenced,TF,
14/04/2025,A,3,Z1,1,Themeda triandra,3,,28.6,,,,,,Fenced,TF,
14/04/2025,A,3,Z1,1,,,,1.3,,,,,,Fenced,TF,
14/04/2025,A,3,Z1,5,H.Dissoluta,3,,56.5,N,N,7,N,2.5,Fenced,TF,
14/04/2025,A,3,Z1,5,Hfili,5,,11.2,,,,,,Fenced,TF,
14/04/2025,A,3,Z1,5,Heteropogon contortus,4,,61.9,,,,,,Fenced,TF,
14/04/2025,A,3,Z1,5,,,,9.7,,,,,,Fenced,TF,
14/04/2025,A,3,Z2,1,CEx,2,,32.7,N,N,1.5,N,1.1,Unfenced,TF,
14/04/2025,A,3,Z2,1,U.mossambicensis,1,,3.8,,,,,,Unfenced,TF,
14/04/2025,A,3,Z2,1,,,,3.8,,,,,,Unfenced,TF,
14/04/2025,A,3,Z2,1,,,,8.1,,,,,,Unfenced,TF,
14/04/2025,A,3,Z2,5,PH,8,,17.3,Y,N,4.5,N,1,Unfenced,TF,
14/04/2025,A,3,Z2,5,Wireleaf,1,,11.5,,,,,,Unfenced,TF,
14/04/2025,A,3,Z2,5,Setaria incressata,3,,14.4,,,,,,Unfenced,TF,
14/04/2025,A,3,Z2,5,,,,14.2,,,,,,Unfenced,TF,
14/04/2025,A,3,Z2,4,PH,3,,12.3,N,N,4.5,N,1,Unfenced,TF,
14/04/2025,A,3,Z2,4,Digitaria erianthra,16,,10.5,,,,,,Unfenced,TF,
14/04/2025,A,3,Z2,4,E.G,1,,14.3,,,,,,Unfenced,TF,
14/04/2025,A,3,Z2,4,,,,13.2,,,,,,Unfenced,TF,
14/04/2025,A,3,Z2,3,H.hirta,5,,26.2,N,N,6,N,1.8,Unfenced,TF,
14/04/2025,A,3,Z2,3,Wireleaf,2,,6.4,,,,,,Unfenced,TF,
14/04/2025,A,3,Z2,3,,,,4.3,,,,,,Unfenced,TF,
14/04/2025,A,3,Z2,3,,,,18.6,,,,,,Unfenced,TF,
14/04/2025,A,3,Z2,2,Aristida congesta C,15,,15.2,N,N,3,N,0.6,Unfenced,TF,
14/04/2025,A,3,Z2,2,PH,6,,14.4,,,,,,Unfenced,TF,
14/04/2025,A,3,Z2,2,,,,11.7,,,,,,Unfenced,TF,
14/04/2025,A,3,Z2,2,,,,12.7,,,,,,Unfenced,TF,
14/04/2025,A,3,Z4,4,U.mossambicensis,3,,23,N,Y,6,N,1.3,Unfenced,TF,
14/04/2025,A,3,Z4,4,CEx,9,,25.7,,,,,,Unfenced,TF,
14/04/2025,A,3,Z4,4,Bracharia serrata,2,,29.4,,,,,,Unfenced,TF,
14/04/2025,A,3,Z4,4,,,,5.4,,,,,,Unfenced,TF,
14/04/2025,A,3,Z4,1,U.mossambicensis,3,,17.3,N,Y,1.5,N,1,Unfenced,TF,
14/04/2025,A,3,Z4,1,Aristida congesta C,1,,5.1,,,,,,Unfenced,TF,
14/04/2025,A,3,Z4,1,H.Dissoluta,1,,5.1,,,,,,Unfenced,TF,
14/04/2025,A,3,Z4,1,,,,0,,,,,,Unfenced,TF,
14/04/2025,A,3,Z4,2,SSp,2,,12.9,N,N,6,N,1,Unfenced,TF,
14/04/2025,A,3,Z4,2,Heteropogon contortus,2,,10.3,,,,,,Unfenced,TF,
14/04/2025,A,3,Z4,2,Bracharia serrata,5,,17.4,,,,,,Unfenced,TF,
14/04/2025,A,3,Z4,2,,,,11.4,,,,,,Unfenced,TF,
14/04/2025,A,3,Z4,3,U.mossambicensis,3,,11.5,Y,N,2,N,1,Unfenced,TF,
14/04/2025,A,3,Z4,3,Heteropogon contortus,1,,19.3,,,,,,Unfenced,TF,
14/04/2025,A,3,Z4,3,,,,20.4,,,,,,Unfenced,TF,
14/04/2025,A,3,Z4,3,,,,49.9,,,,,,Unfenced,TF,
14/04/2025,A,3,Z4,5,H.Dissoluta,6,,50.3,N,N,5,N,2.5,Unfenced,TF,
14/04/2025,A,3,Z4,5,Aristida congesta C,1,,29.9,,,,,,Unfenced,TF,
14/04/2025,A,3,Z4,5,U.mossambicensis,3,,24.7,,,,,,Unfenced,TF,
14/04/2025,A,3,Z4,5,,,,23.8,,,,,,Unfenced,TF,
14/04/2025,A,4,Z3,2,Hfili,3,,18,N,N,7,N,1.2,Fenced,TFB,
14/04/2025,A,4,Z3,2,PH,8,,23.6,,,,,,Fenced,TFB,
14/04/2025,A,4,Z3,2,Setaria incressata,1,,20.9,,,,,,Fenced,TFB,
14/04/2025,A,4,Z3,2,,,,21.1,,,,,,Fenced,TFB,
14/04/2025,A,4,Z3,1,H.Dissoluta,1,,16,N,N,6.5,N,1.1,Fenced,TFB,
14/04/2025,A,4,Z3,1,PH,12,,17.4,,,,,,Fenced,TFB,
14/04/2025,A,4,Z3,1,,,,19.1,,,,,,Fenced,TFB,
14/04/2025,A,4,Z3,1,,,,18.2,,,,,,Fenced,TFB,
14/04/2025,A,4,Z3,5,PH,12,,12.1,N,Y,7,N,0.8,Fenced,TFB,
14/04/2025,A,4,Z3,5,Heteropogon contortus,1,,13.4,,,,,,Fenced,TFB,
14/04/2025,A,4,Z3,5,Andropogon eucomas,1,,13.9,,,,,,Fenced,TFB,
14/04/2025,A,4,Z3,5,,,,16.7,,,,,,Fenced,TFB,
14/04/2025,A,4,Z3,3,CEx,3,,26.4,N,Y,6.5,N,0.5,Fenced,TFB,
14/04/2025,A,4,Z3,3,PH,5,,22.7,,,,,,Fenced,TFB,
14/04/2025,A,4,Z3,3,,,,23.9,,,,,,Fenced,TFB,
14/04/2025,A,4,Z3,3,,,,12.2,,,,,,Fenced,TFB,
14/04/2025,A,4,Z3,4,Digitaria erianthra,6,,14.3,N,Y,7,N,0.9,Fenced,TFB,
14/04/2025,A,4,Z3,4,PH,3,,17.2,,,,,,Fenced,TFB,
14/04/2025,A,4,Z3,4,,,,15.8,,,,,,Fenced,TFB,
14/04/2025,A,4,Z3,4,,,,15.9,,,,,,Fenced,TFB,
14/04/2025,A,4,Z1,2,U.mossambicensis,1,,13.3,N,N,5,N,0.6,Fenced,TFB,
14/04/2025,A,4,Z1,2,Diheteropogon anplactence,3,,12.8,,,,,,Fenced,TFB,
14/04/2025,A,4,Z1,2,PH,13,,13.8,,,,,,Fenced,TFB,
14/04/2025,A,4,Z1,2,Heteropogon contortus,1,,12.2,,,,,,Fenced,TFB,
14/04/2025,A,4,Z1,2,E.G,3,,,,,,,,Fenced,TFB,
14/04/2025,A,4,Z1,5,PH,14,,36,N,N,8,N,1,Fenced,TFB,
14/04/2025,A,4,Z1,5,,,,37.4,,,,,,Fenced,TFB,
14/04/2025,A,4,Z1,5,,,,37.2,,,,,,Fenced,TFB,
14/04/2025,A,4,Z1,5,,,,31.4,,,,,,Fenced,TFB,
14/04/2025,A,4,Z1,1,Heteropogon contortus,1,,28.7,N,Y,6.5,N,1.5,Fenced,TFB,
14/04/2025,A,4,Z1,1,U.mossambicensis,1,,16.6,,,,,,Fenced,TFB,
14/04/2025,A,4,Z1,1,PH,10,,24.4,,,,,,Fenced,TFB,
14/04/2025,A,4,Z1,1,,,,23.4,,,,,,Fenced,TFB,
14/04/2025,A,4,Z1,4,U.mossambicensis,5,,18.1,N,N,8,N,1,Fenced,TFB,
14/04/2025,A,4,Z1,4,Andropogon eucomas,3,,21.1,,,,,,Fenced,TFB,
14/04/2025,A,4,Z1,4,PH,9,,24.2,,,,,,Fenced,TFB,
14/04/2025,A,4,Z1,4,,,,18.2,,,,,,Fenced,TFB,
14/04/2025,A,4,Z2,1,Digitaria erianthra,4,,13.3,N,N,5.5,N,1,Unfenced,TFB,
14/04/2025,A,4,Z2,1,Aristida ads,1,,18.5,,,,,,Unfenced,TFB,
14/04/2025,A,4,Z2,1,PH,8,,15.1,,,,,,Unfenced,TFB,
14/04/2025,A,4,Z2,1,,,,15.2,,,,,,Unfenced,TFB,
14/04/2025,A,4,Z2,2,Hfili,3,,16.6,N,Y,3,N,0.75,Unfenced,TFB,
14/04/2025,A,4,Z2,2,CEx,1,,15.2,,,,,,Unfenced,TFB,
14/04/2025,A,4,Z2,2,Wireleaf,3,,13.3,,,,,,Unfenced,TFB,
14/04/2025,A,4,Z2,2,Heteropogon contortus,3,,13.6,,,,,,Unfenced,TFB,
14/04/2025,A,4,Z2,2,U.mossambicensis,1,,,,,,,,Unfenced,TFB,
14/04/2025,A,4,Z2,4,Setaria incressata,12,,13.4,N,Y,6,N,1.3,Unfenced,TFB,
14/04/2025,A,4,Z2,4,CEx,1,,14,,,,,,Unfenced,TFB,
14/04/2025,A,4,Z2,4,H.hirta,1,,15.1,,,,,,Unfenced,TFB,
14/04/2025,A,4,Z2,4,Heteropogon contortus,3,,15.9,,,,,,Unfenced,TFB,
14/04/2025,A,4,Z2,4,Diheteropogon anplactence,1,,,,,,,,Unfenced,TFB,
14/04/2025,A,4,Z2,5,Heteropogon contortus,2,,26.8,N,Y,6.5,N,1,Unfenced,TFB,
14/04/2025,A,4,Z2,5,Digitaria erianthra,5,,17.6,,,,,,Unfenced,TFB,
14/04/2025,A,4,Z2,5,,,,16.8,,,,,,Unfenced,TFB,
14/04/2025,A,4,Z2,5,,,,15.1,,,,,,Unfenced,TFB,
14/04/2025,A,4,Z2,3,Heteropogon contortus,4,,15.8,N,Y,7,N,1.3,Unfenced,TFB,
14/04/2025,A,4,Z2,3,Digitaria erianthra,3,,12.2,,,,,,Unfenced,TFB,
14/04/2025,A,4,Z2,3,Diheteropogon anplactence,2,,17.4,,,,,,Unfenced,TFB,
14/04/2025,A,4,Z2,3,Panicum maximum,7,,17.7,,,,,,Unfenced,TFB,
14/04/2025,A,4,Z4,1,U.mossambicensis,1,,20.3,N,Y,4,N,1,Unfenced,TFB,
14/04/2025,A,4,Z4,1,Digitaria erianthra,6,,16.9,,,,,,Unfenced,TFB,
14/04/2025,A,4,Z4,1,PH,9,,18.4,,,,,,Unfenced,TFB,
14/04/2025,A,4,Z4,1,Heteropogon contortus,3,,18,,,,,,Unfenced,TFB,
14/04/2025,A,4,Z4,1,Melenis repens,4,,,,,,,,Unfenced,TFB,
14/04/2025,A,4,Z4,4,PH,9,,24.8,N,N,6,N,1.2,Unfenced,TFB,
14/04/2025,A,4,Z4,4,Heteropogon contortus,5,,23.7,,,,,,Unfenced,TFB,
14/04/2025,A,4,Z4,4,Digitaria erianthra,4,,21.8,,,,,,Unfenced,TFB,
14/04/2025,A,4,Z4,4,,,,20.4,,,,,,Unfenced,TFB,
14/04/2025,A,4,Z4,2,Heteropogon contortus,9,,11.6,N,N,4,N,1,Unfenced,TFB,
14/04/2025,A,4,Z4,2,E.S,1,,15.9,,,,,,Unfenced,TFB,
14/04/2025,A,4,Z4,2,ACC,5,,19.6,,,,,,Unfenced,TFB,
14/04/2025,A,4,Z4,2,,,,8.4,,,,,,Unfenced,TFB,
14/04/2025,A,4,Z4,5,Heteropogon contortus,4,,11.5,N,Y,7,N,1.1,Unfenced,TFB,
14/04/2025,A,4,Z4,5,Digitaria erianthra,20,,14.9,,,,,,Unfenced,TFB,
14/04/2025,A,4,Z4,5,E.S,1,,15.4,,,,,,Unfenced,TFB,
14/04/2025,A,4,Z4,5,,,,16.3,,,,,,Unfenced,TFB,
14/04/2025,A,4,Z4,3,U.mossambicensis,3,,22.1,N,N,6,N,1.1,Unfenced,TFB,
14/04/2025,A,4,Z4,3,Digitaria erianthra,13,,19.4,,,,,,Unfenced,TFB,
14/04/2025,A,4,Z4,3,Heteropogon contortus,4,,18.3,,,,,,Unfenced,TFB,
14/04/2025,A,4,Z4,3,,,,16.7,,,,,,Unfenced,TFB,
15/04/2025,E,4,Z3,1,E.curvula,2,,9.6,N,Y,6.5,N,0.75,Fenced,TTTTTT,
15/04/2025,E,4,Z3,1,Panicum maximum,4,,13.7,,,,,,Fenced,TTTTTT,
15/04/2025,E,4,Z3,1,Chloris virgata,3,,13.3,,,,,,Fenced,TTTTTT,
15/04/2025,E,4,Z3,1,D.gigantum,2,,13.4,,,,,,Fenced,TTTTTT,
15/04/2025,E,4,Z3,1,Setaria incressata,1,,,,,,,,Fenced,TTTTTT,
15/04/2025,E,4,Z3,2,Sporobolus africanus,1,,0,N,Y,0.5,N,0.25,Fenced,TTTTTT,
15/04/2025,E,4,Z3,2,,,,0,,,,,,Fenced,TTTTTT,
15/04/2025,E,4,Z3,2,,,,0,,,,,,Fenced,TTTTTT,
15/04/2025,E,4,Z3,2,,,,1.6,,,,,,Fenced,TTTTTT,
15/04/2025,E,4,Z3,3,Heteropogon contortus,3,,11.4,N,Y,1,N,1,Fenced,TTTTTT,
15/04/2025,E,4,Z3,3,,,,8.8,,,,,,Fenced,TTTTTT,
15/04/2025,E,4,Z3,3,,,,0,,,,,,Fenced,TTTTTT,
15/04/2025,E,4,Z3,3,,,,0,,,,,,Fenced,TTTTTT,
15/04/2025,E,4,Z3,5,Heteropogon contortus,3,,8.4,N,Y,2,N,1,Fenced,TTTTTT,
15/04/2025,E,4,Z3,5,Mopane grass,2,,6.2,,,,,,Fenced,TTTTTT,
15/04/2025,E,4,Z3,5,Setaria incressata,1,,7.8,,,,,,Fenced,TTTTTT,
15/04/2025,E,4,Z3,5,E.V,2,,0,,,,,,Fenced,TTTTTT,
15/04/2025,E,4,Z3,5,BB,2,,,,,,,,Fenced,TTTTTT,
15/04/2025,E,4,Z3,4,Heteropogon contortus,2,,3.3,N,N,2.5,N,0.6,Fenced,TTTTTT,
15/04/2025,E,4,Z3,4,BB,1,,4.1,,,,,,Fenced,TTTTTT,
15/04/2025,E,4,Z3,4,E.G,10,,3.4,,,,,,Fenced,TTTTTT,
15/04/2025,E,4,Z3,4,E.V,3,,3.2,,,,,,Fenced,TTTTTT,
15/04/2025,E,4,Z1,3,Digitaria erianthra,2,,1.7,N,Y,2.5,N,0.8,Fenced,TTTTTT,
15/04/2025,E,4,Z1,3,Panicum maximum,1,,1.7,,,,,,Fenced,TTTTTT,
15/04/2025,E,4,Z1,3,E.V,3,,3.7,,,,,,Fenced,TTTTTT,
15/04/2025,E,4,Z1,3,E.G,20,,3.5,,,,,,Fenced,TTTTTT,
15/04/2025,E,4,Z1,4,Aristida ads,1,,2.5,N,Y,1.5,N,0.9,Fenced,TTTTTT,
15/04/2025,E,4,Z1,4,E.cylindriflora,1,,0,,,,,,Fenced,TTTTTT,
15/04/2025,E,4,Z1,4,Heteropogon contortus,4,,0,,,,,,Fenced,TTTTTT,
15/04/2025,E,4,Z1,4,,,,2.3,,,,,,Fenced,TTTTTT,
15/04/2025,E,4,Z1,1,Heteropogon contortus,5,,4.4,N,Y,3,N,1.1,Fenced,TTTTTT,
15/04/2025,E,4,Z1,1,B.N,2,,7.5,,,,,,Fenced,TTTTTT,
15/04/2025,E,4,Z1,1,Panicum maximum,2,,6.9,,,,,,Fenced,TTTTTT,
15/04/2025,E,4,Z1,1,Setaria incressata,2,,7.6,,,,,,Fenced,TTTTTT,
15/04/2025,E,4,Z1,2,B.N,3,,11.7,N,N,8,N,0.8,Fenced,TTTTTT,
15/04/2025,E,4,Z1,2,E.curvula,2,,8.2,,,,,,Fenced,TTTTTT,
15/04/2025,E,4,Z1,2,Panicum maximum,5,,13.1,,,,,,Fenced,TTTTTT,
15/04/2025,E,4,Z1,2,Setaria incressata,3,,37.2,,,,,,Fenced,TTTTTT,
15/04/2025,E,4,Z1,5,CEx,2,,15.5,N,Y,1.5,N,0.75,Fenced,TTTTTT,
15/04/2025,E,4,Z1,5,,,,0,,,,,,Fenced,TTTTTT,
15/04/2025,E,4,Z1,5,,,,0,,,,,,Fenced,TTTTTT,
15/04/2025,E,4,Z1,5,,,,0,,,,,,Fenced,TTTTTT,
15/04/2025,E,4,Z2,2,E.V,5,,0,N,Y,2,N,0.3,Unfenced,TTTTTT,
15/04/2025,E,4,Z2,2,Panicum maximum,8,,2.1,,,,,,Unfenced,TTTTTT,
15/04/2025,E,4,Z2,2,E.G,3,,6.8,,,,,,Unfenced,TTTTTT,
15/04/2025,E,4,Z2,2,,,,5.3,,,,,,Unfenced,TTTTTT,
15/04/2025,E,4,Z2,1,Heteropogon contortus,3,,2.9,N,Y,5.5,N,0.8,Unfenced,TTTTTT,Too many forbs
15/04/2025,E,4,Z2,1,,,,2.9,,,,,,Unfenced,TTTTTT,
15/04/2025,E,4,Z2,1,,,,0,,,,,,Unfenced,TTTTTT,
15/04/2025,E,4,Z2,1,,,,0,,,,,,Unfenced,TTTTTT,
15/04/2025,E,4,Z2,5,Heteropogon contortus,4,,2.5,N,Y,2.5,N,1,Unfenced,TTTTTT,
15/04/2025,E,4,Z2,5,E.V,4,,2.2,,,,,,Unfenced,TTTTTT,
15/04/2025,E,4,Z2,5,Mopane grass,1,,0,,,,,,Unfenced,TTTTTT,
15/04/2025,E,4,Z2,5,,,,4.5,,,,,,Unfenced,TTTTTT,
15/04/2025,E,4,Z2,4,Mopane grass,1,,4,N,N,5,N,0.25,Unfenced,TTTTTT,Too many forbs
15/04/2025,E,4,Z2,4,,,,4,,,,,,Unfenced,TTTTTT,
15/04/2025,E,4,Z2,4,,,,0,,,,,,Unfenced,TTTTTT,
15/04/2025,E,4,Z2,4,,,,0,,,,,,Unfenced,TTTTTT,
15/04/2025,E,4,Z2,3,Heteropogon contortus,1,,0,N,Y,0.5,N,0.1,Unfenced,TTTTTT,
15/04/2025,E,4,Z2,3,Setaria incressata,1,,0,,,,,,Unfenced,TTTTTT,
15/04/2025,E,4,Z2,3,Panicum maximum,1,,0,,,,,,Unfenced,TTTTTT,
15/04/2025,E,4,Z2,3,,,,1.6,,,,,,Unfenced,TTTTTT,
15/04/2025,E,4,Z4,4,Heteropogon contortus,8,,8.6,N,Y,5.5,N,1.2,Unfenced,TTTTTT,
15/04/2025,E,4,Z4,4,CEx,2,,8,,,,,,Unfenced,TTTTTT,
15/04/2025,E,4,Z4,4,,,,13.5,,,,,,Unfenced,TTTTTT,
15/04/2025,E,4,Z4,4,,,,15.9,,,,,,Unfenced,TTTTTT,
15/04/2025,E,4,Z4,3,Panicum maximum,1,,13.7,N,Y,0.5,N,1.2,Unfenced,TTTTTT,
15/04/2025,E,4,Z4,3,Heteropogon contortus,2,,3.3,,,,,,Unfenced,TTTTTT,
15/04/2025,E,4,Z4,3,,,,3.2,,,,,,Unfenced,TTTTTT,
15/04/2025,E,4,Z4,3,,,,3.7,,,,,,Unfenced,TTTTTT,
15/04/2025,E,4,Z4,2,E.curvula,8,,2.1,N,N,5,N,0.25,Unfenced,TTTTTT,
15/04/2025,E,4,Z4,2,Panicum maximum,6,,2.2,,,,,,Unfenced,TTTTTT,
15/04/2025,E,4,Z4,2,B.N,2,,2.7,,,,,,Unfenced,TTTTTT,
15/04/2025,E,4,Z4,2,Chloris virgata,1,,2.1,,,,,,Unfenced,TTTTTT,
15/04/2025,E,4,Z4,5,B.N,3,,5,N,Y,4.5,N,1.1,Unfenced,TTTTTT,
15/04/2025,E,4,Z4,5,Panicum maximum,1,,12.6,,,,,,Unfenced,TTTTTT,
15/04/2025,E,4,Z4,5,E.V,5,,12.5,,,,,,Unfenced,TTTTTT,
15/04/2025,E,4,Z4,5,Mopane grass,1,,12.5,,,,,,Unfenced,TTTTTT,
15/04/2025,E,4,Z4,1,Heteropogon contortus,3,,5.1,N,Y,3,N,0.9,Unfenced,TTTTTT,
15/04/2025,E,4,Z4,1,,,,5.6,,,,,,Unfenced,TTTTTT,
15/04/2025,E,4,Z4,1,,,,4.3,,,,,,Unfenced,TTTTTT,
15/04/2025,E,4,Z4,1,,,,5,,,,,,Unfenced,TTTTTT,
15/04/2025,E,3,Z1,4,E.curvula,4,,2.1,N,Y,0.5,N,0.25,Fenced,TTTTTT,Too many forbs
15/04/2025,E,3,Z1,4,,,,0,,,,,,Fenced,TTTTTT,
15/04/2025,E,3,Z1,4,,,,0,,,,,,Fenced,TTTTTT,
15/04/2025,E,3,Z1,4,,,,0,,,,,,Fenced,TTTTTT,
15/04/2025,E,3,Z1,5,Heteropogon contortus,5,,2.3,N,Y,3,N,0.85,Fenced,TTTTTT,
15/04/2025,E,3,Z1,5,E.V,12,,2.6,,,,,,Fenced,TTTTTT,
15/04/2025,E,3,Z1,5,B.N,2,,2.8,,,,,,Fenced,TTTTTT,
15/04/2025,E,3,Z1,5,Setaria incressata,2,,5.3,,,,,,Fenced,TTTTTT,
15/04/2025,E,3,Z1,1,Heteropogon contortus,2,,14.8,N,Y,6,N,1,Fenced,TTTTTT,
15/04/2025,E,3,Z1,1,Digitaria erianthra,26,,10.6,,,,,,Fenced,TTTTTT,
15/04/2025,E,3,Z1,1,,,,9.8,,,,,,Fenced,TTTTTT,
15/04/2025,E,3,Z1,1,,,,8.5,,,,,,Fenced,TTTTTT,
15/04/2025,E,3,Z1,2,Heteropogon contortus,10,,2.7,N,Y,3,N,0.9,Fenced,TTTTTT,
15/04/2025,E,3,Z1,2,Panicum maximum,1,,3.4,,,,,,Fenced,TTTTTT,
15/04/2025,E,3,Z1,2,E.G,3,,2.9,,,,,,Fenced,TTTTTT,
15/04/2025,E,3,Z1,2,,,,4.1,,,,,,Fenced,TTTTTT,
15/04/2025,E,3,Z1,3,E.cylindriflora,7,,2,N,Y,1,N,0.5,Fenced,TTTTTT,
15/04/2025,E,3,Z1,3,Heteropogon contortus,1,,2,,,,,,Fenced,TTTTTT,
15/04/2025,E,3,Z1,3,Chloris virgata,1,,0,,,,,,Fenced,TTTTTT,
15/04/2025,E,3,Z1,3,,,,0,,,,,,Fenced,TTTTTT,
15/04/2025,E,3,Z3,1,Heteropogon contortus,2,,2.9,N,Y,1,N,0.9,Fenced,TTTTTT,
15/04/2025,E,3,Z3,1,CEx,1,,3.6,,,,,,Fenced,TTTTTT,
15/04/2025,E,3,Z3,1,,,,0,,,,,,Fenced,TTTTTT,
15/04/2025,E,3,Z3,1,,,,4.2,,,,,,Fenced,TTTTTT,
15/04/2025,E,3,Z3,4,Aristida congesta B,1,,10.1,N,N,4,N,1,Fenced,TTTTTT,
15/04/2025,E,3,Z3,4,Heteropogon contortus,2,,6.3,,,,,,Fenced,TTTTTT,
15/04/2025,E,3,Z3,4,E.R,2,,4.5,,,,,,Fenced,TTTTTT,
15/04/2025,E,3,Z3,4,E.V,2,,5.6,,,,,,Fenced,TTTTTT,
15/04/2025,E,3,Z3,4,E.cylindriflora,3,,,,,,,,Fenced,TTTTTT,
15/04/2025,E,3,Z3,4,E.G,14,,,,,,,,Fenced,TTTTTT,
15/04/2025,E,3,Z3,4,Mopane grass,1,,,,,,,,Fenced,TTTTTT,
15/04/2025,E,3,Z3,5,Heteropogon contortus,3,,3.7,N,Y,2,N,0.6,Fenced,TTTTTT,
15/04/2025,E,3,Z3,5,E.G,12,,9.1,,,,,,Fenced,TTTTTT,
15/04/2025,E,3,Z3,5,,,,5.2,,,,,,Fenced,TTTTTT,
15/04/2025,E,3,Z3,5,,,,0,,,,,,Fenced,TTTTTT,
15/04/2025,E,3,Z3,2,B.N,1,,13.5,N,N,4,N,0.95,Fenced,TTTTTT,
15/04/2025,E,3,Z3,2,Heteropogon contortus,1,,10.5,,,,,,Fenced,TTTTTT,
15/04/2025,E,3,Z3,2,,,,11,,,,,,Fenced,TTTTTT,
15/04/2025,E,3,Z3,2,,,,0,,,,,,Fenced,TTTTTT,
15/04/2025,E,3,Z3,3,E.S,1,,10.4,N,N,1.5,N,1,Fenced,TTTTTT,
15/04/2025,E,3,Z3,3,E.V,3,,6.1,,,,,,Fenced,TTTTTT,
15/04/2025,E,3,Z3,3,ECurv,2,,0,,,,,,Fenced,TTTTTT,
15/04/2025,E,3,Z3,3,Chloris virgata,1,,9.2,,,,,,Fenced,TTTTTT,
15/04/2025,E,3,Z3,3,E.G,10,,,,,,,,Fenced,TTTTTT,
15/04/2025,E,3,Z4,2,B.N,1,,9.2,N,Y,1,N,1.1,Unfenced,TTTTTT,
15/04/2025,E,3,Z4,2,E.R,1,,7.1,,,,,,Unfenced,TTTTTT,
15/04/2025,E,3,Z4,2,,,,0,,,,,,Unfenced,TTTTTT,
15/04/2025,E,3,Z4,2,,,,0,,,,,,Unfenced,TTTTTT,
15/04/2025,E,3,Z4,3,Mopane grass,1,,1.7,N,Y,2.5,Y,1,Unfenced,TTTTTT,
15/04/2025,E,3,Z4,3,Heteropogon contortus,3,,2.7,,,,,,Unfenced,TTTTTT,
15/04/2025,E,3,Z4,3,E.R,1,,10.2,,,,,,Unfenced,TTTTTT,
15/04/2025,E,3,Z4,3,,,,1.9,,,,,,Unfenced,TTTTTT,
15/04/2025,E,3,Z4,4,Heteropogon contortus,3,,2.5,N,Y,1.5,N,0.2,Unfenced,TTTTTT,
15/04/2025,E,3,Z4,4,Aristida ads,3,,0,,,,,,Unfenced,TTTTTT,
15/04/2025,E,3,Z4,4,,,,0,,,,,,Unfenced,TTTTTT,
15/04/2025,E,3,Z4,4,,,,0,,,,,,Unfenced,TTTTTT,
15/04/2025,E,3,Z4,5,Heteropogon contortus,3,,2.2,N,Y,2.5,N,0.3,Unfenced,TTTTTT,
15/04/2025,E,3,Z4,5,E.V,4,,2.4,,,,,,Unfenced,TTTTTT,
15/04/2025,E,3,Z4,5,E.G,11,,2.1,,,,,,Unfenced,TTTTTT,
15/04/2025,E,3,Z4,5,,,,2.8,,,,,,Unfenced,TTTTTT,
15/04/2025,E,3,Z4,1,Panicum maximum,3,,3.1,N,Y,3,N,1.3,Unfenced,TTTTTT,
15/04/2025,E,3,Z4,1,Cymbopogon nardus,3,,3,,,,,,Unfenced,TTTTTT,
15/04/2025,E,3,Z4,1,B.N,4,,4.4,,,,,,Unfenced,TTTTTT,
15/04/2025,E,3,Z4,1,,,,4.5,,,,,,Unfenced,TTTTTT,
15/04/2025,E,3,Z2,3,,0,,0,N,Y,0,N,0,Unfenced,TTTTTT,
15/04/2025,E,3,Z2,3,,0,,0,,,,,,Unfenced,TTTTTT,
15/04/2025,E,3,Z2,3,,0,,0,,,,,,Unfenced,TTTTTT,
15/04/2025,E,3,Z2,3,,0,,0,,,,,,Unfenced,TTTTTT,
15/04/2025,E,3,Z2,2,Diheteropogon anplactence,2,,3.1,N,Y,2.5,N,1,Unfenced,TTTTTT,
15/04/2025,E,3,Z2,2,Panicum maximum,3,,3.5,,,,,,Unfenced,TTTTTT,
15/04/2025,E,3,Z2,2,,,,4.8,,,,,,Unfenced,TTTTTT,
15/04/2025,E,3,Z2,2,,,,3.1,,,,,,Unfenced,TTTTTT,
15/04/2025,E,3,Z2,5,Heteropogon contortus,3,,8.1,N,Y,1.5,N,0.25,Unfenced,TTTTTT,
15/04/2025,E,3,Z2,5,B.N,2,,4.9,,,,,,Unfenced,TTTTTT,
15/04/2025,E,3,Z2,5,E.G,2,,4.2,,,,,,Unfenced,TTTTTT,
15/04/2025,E,3,Z2,5,E.V,3,,0,,,,,,Unfenced,TTTTTT,
15/04/2025,E,3,Z2,4,Mopane grass,3,,23,N,Y,2.5,N,0.9,Unfenced,TTTTTT,
15/04/2025,E,3,Z2,4,Digitaria erianthra,1,,13.5,,,,,,Unfenced,TTTTTT,
15/04/2025,E,3,Z2,4,Heteropogon contortus,1,,10.2,,,,,,Unfenced,TTTTTT,
15/04/2025,E,3,Z2,4,,,,0,,,,,,Unfenced,TTTTTT,
15/04/2025,E,3,Z2,1,ECurv,5,,2.6,N,N,1,N,0.45,Unfenced,TTTTTT,
15/04/2025,E,3,Z2,1,B.N,2,,2.1,,,,,,Unfenced,TTTTTT,
15/04/2025,E,3,Z2,1,,,,2.1,,,,,,Unfenced,TTTTTT,
15/04/2025,E,3,Z2,1,,,,2.1,,,,,,Unfenced,TTTTTT,
15/04/2025,E,2,Z3,2,Aristida diffusa,1,,7,N,N,2.5,N,0.45,Fenced,TF,
15/04/2025,E,2,Z3,2,E.R,3,,1.4,,,,,,Fenced,TF,
15/04/2025,E,2,Z3,2,Panicum maximum,4,,1.5,,,,,,Fenced,TF,
15/04/2025,E,2,Z3,2,,,,1.8,,,,,,Fenced,TF,
15/04/2025,E,2,Z3,1,Heteropogon contortus,1,,2.7,N,Y,0.5,N,0.8,Fenced,TF,
15/04/2025,E,2,Z3,1,Panicum maximum,4,,3.4,,,,,,Fenced,TF,
15/04/2025,E,2,Z3,1,,,,0,,,,,,Fenced,TF,
15/04/2025,E,2,Z3,1,,,,0,,,,,,Fenced,TF,
15/04/2025,E,2,Z3,4,E.V,4,,5.3,N,N,3,N,0.45,Fenced,TF,
15/04/2025,E,2,Z3,4,Aristida ads,1,,8.3,,,,,,Fenced,TF,
15/04/2025,E,2,Z3,4,Panicum maximum,1,,10,,,,,,Fenced,TF,
15/04/2025,E,2,Z3,4,,,,9.4,,,,,,Fenced,TF,
15/04/2025,E,2,Z3,3,Panicum maximum,5,,6.9,N,Y,3,N,1.1,Fenced,TF,
15/04/2025,E,2,Z3,3,,,,2.5,,,,,,Fenced,TF,
15/04/2025,E,2,Z3,3,,,,6.2,,,,,,Fenced,TF,
15/04/2025,E,2,Z3,3,,,,2.5,,,,,,Fenced,TF,
15/04/2025,E,2,Z3,5,Mopane grass,5,,14.1,N,Y,3,N,1.4,Fenced,TF,
15/04/2025,E,2,Z3,5,Panicum maximum,3,,14.4,,,,,,Fenced,TF,
15/04/2025,E,2,Z3,5,,,,18.1,,,,,,Fenced,TF,
15/04/2025,E,2,Z3,5,,,,19.8,,,,,,Fenced,TF,
15/04/2025,E,2,Z1,2,Panicum maximum,1,,4.9,N,Y,4,N,1.2,Fenced,TF,
15/04/2025,E,2,Z1,2,Mopane grass,3,,3.5,,,,,,Fenced,TF,
15/04/2025,E,2,Z1,2,Heteropogon contortus,2,,7.1,,,,,,Fenced,TF,
15/04/2025,E,2,Z1,2,E.V,2,,5.4,,,,,,Fenced,TF,
15/04/2025,E,2,Z1,1,Panicum maximum,3,,4.6,N,N,5,N,1.8,Fenced,TF,
15/04/2025,E,2,Z1,1,,,,16.8,,,,,,Fenced,TF,
15/04/2025,E,2,Z1,1,,,,12.4,,,,,,Fenced,TF,
15/04/2025,E,2,Z1,1,,,,9.7,,,,,,Fenced,TF,
15/04/2025,E,2,Z1,5,Panicum maximum,2,,19.1,N,Y,4,N,1.6,Fenced,TF,
15/04/2025,E,2,Z1,5,Mopane grass,3,,14.7,,,,,,Fenced,TF,
15/04/2025,E,2,Z1,5,E.V,4,,11.6,,,,,,Fenced,TF,
15/04/2025,E,2,Z1,5,,,,11.6,,,,,,Fenced,TF,
15/04/2025,E,2,Z1,4,Panicum maximum,13,,7.3,N,N,4.5,N,0.7,Fenced,TF,
15/04/2025,E,2,Z1,4,ECurv,5,,5.6,,,,,,Fenced,TF,
15/04/2025,E,2,Z1,4,,,,5.3,,,,,,Fenced,TF,
15/04/2025,E,2,Z1,4,,,,6.1,,,,,,Fenced,TF,
15/04/2025,E,2,Z1,3,Panicum maximum,3,,5.4,N,N,4,N,1,Fenced,TF,
15/04/2025,E,2,Z1,3,ECurv,4,,5.3,,,,,,Fenced,TF,
15/04/2025,E,2,Z1,3,Chloris virgata,3,,23.7,,,,,,Fenced,TF,
15/04/2025,E,2,Z1,3,,,,18.9,,,,,,Fenced,TF,
15/04/2025,E,2,Z4,2,Mopane grass,3,,3.4,N,Y,3,N,0.45,Unfenced,TF,
15/04/2025,E,2,Z4,2,E.R,4,,2.6,,,,,,Unfenced,TF,
15/04/2025,E,2,Z4,2,B.N,1,,5,,,,,,Unfenced,TF,
15/04/2025,E,2,Z4,2,,,,4.5,,,,,,Unfenced,TF,
15/04/2025,E,2,Z4,5,Heteropogon contortus,4,,2.3,N,N,4,N,1,Unfenced,TF,
15/04/2025,E,2,Z4,5,CEx,1,,5.2,,,,,,Unfenced,TF,
15/04/2025,E,2,Z4,5,E.G,4,,4.2,,,,,,Unfenced,TF,
15/04/2025,E,2,Z4,5,,,,4.4,,,,,,Unfenced,TF,
15/04/2025,E,2,Z4,3,Panicum maximum,3,,6,N,N,4.5,N,1,Unfenced,TF,
15/04/2025,E,2,Z4,3,Heteropogon contortus,5,,11.9,,,,,,Unfenced,TF,
15/04/2025,E,2,Z4,3,Mopane grass,1,,10.3,,,,,,Unfenced,TF,
15/04/2025,E,2,Z4,3,Setaria incressata,2,,11.9,,,,,,Unfenced,TF,
15/04/2025,E,2,Z4,4,E.R,1,,4,N,N,3,N,1,Unfenced,TF,
15/04/2025,E,2,Z4,4,Heteropogon contortus,2,,3.5,,,,,,Unfenced,TF,
15/04/2025,E,2,Z4,4,Panicum maximum,3,,3.4,,,,,,Unfenced,TF,
15/04/2025,E,2,Z4,4,,,,3.8,,,,,,Unfenced,TF,
15/04/2025,E,2,Z4,1,Mopane grass,6,,13.3,N,Y,5,N,1.1,Unfenced,TF,
15/04/2025,E,2,Z4,1,Heteropogon contortus,3,,10.7,,,,,,Unfenced,TF,
15/04/2025,E,2,Z4,1,Panicum maximum,3,,10,,,,,,Unfenced,TF,
15/04/2025,E,2,Z4,1,,,,12.4,,,,,,Unfenced,TF,
15/04/2025,E,2,Z2,3,Heteropogon contortus,2,,11.9,N,Y,4.5,Y,1.1,Unfenced,TF,
15/04/2025,E,2,Z2,3,Diheteropogon anplactence,2,,11.5,,,,,,Unfenced,TF,
15/04/2025,E,2,Z2,3,,,,8.5,,,,,,Unfenced,TF,
15/04/2025,E,2,Z2,3,,,,9.4,,,,,,Unfenced,TF,
15/04/2025,E,2,Z2,4,Mopane grass,6,,23.3,N,Y,4,N,1.1,Unfenced,TF,
15/04/2025,E,2,Z2,4,Heteropogon contortus,1,,17.2,,,,,,Unfenced,TF,
15/04/2025,E,2,Z2,4,,,,14.7,,,,,,Unfenced,TF,
15/04/2025,E,2,Z2,4,,,,13.7,,,,,,Unfenced,TF,
15/04/2025,E,2,Z2,5,Heteropogon contortus,5,,3.3,N,Y,2,N,1,Unfenced,TF,
15/04/2025,E,2,Z2,5,ECurv,2,,2.9,,,,,,Unfenced,TF,
15/04/2025,E,2,Z2,5,,,,2.4,,,,,,Unfenced,TF,
15/04/2025,E,2,Z2,5,,,,3.8,,,,,,Unfenced,TF,
15/04/2025,E,2,Z2,1,Panicum maximum,5,,2,N,N,3.5,Y,0.65,Unfenced,TF,
15/04/2025,E,2,Z2,1,Mopane grass,2,,2.8,,,,,,Unfenced,TF,
15/04/2025,E,2,Z2,1,BB,1,,6.3,,,,,,Unfenced,TF,
15/04/2025,E,2,Z2,1,,,,7,,,,,,Unfenced,TF,
15/04/2025,E,2,Z2,2,Panicum maximum,1,,2.6,N,Y,2,N,1,Unfenced,TF,
15/04/2025,E,2,Z2,2,Aristida ads,1,,5.6,,,,,,Unfenced,TF,
15/04/2025,E,2,Z2,2,Mopane grass,1,,2.9,,,,,,Unfenced,TF,
15/04/2025,E,2,Z2,2,,,,4.6,,,,,,Unfenced,TF,
16/04/2025,E,1,Z1,1,Panicum maximum,4,,6.4,N,Y,4,N,1.1,Fenced,C,
16/04/2025,E,1,Z1,1,Heteropogon contortus,5,,4.8,,,,,,Fenced,C,
16/04/2025,E,1,Z1,1,BB,2,,4.7,,,,,,Fenced,C,
16/04/2025,E,1,Z1,1,Digitaria erianthra,1,,5.3,,,,,,Fenced,C,
16/04/2025,E,1,Z1,1,Mopane grass,2,,,,,,,,Fenced,C,
16/04/2025,E,1,Z1,4,Aristida ads,2,,0,N,Y,1,N,0.8,Fenced,C,
16/04/2025,E,1,Z1,4,E.cylindriflora,1,,3.5,,,,,,Fenced,C,
16/04/2025,E,1,Z1,4,Heteropogon contortus,2,,0,,,,,,Fenced,C,
16/04/2025,E,1,Z1,4,,,,2.9,,,,,,Fenced,C,
16/04/2025,E,1,Z1,3,Heteropogon contortus,1,,1.6,N,Y,1,N,1.4,Fenced,C,
16/04/2025,E,1,Z1,3,E.R,1,,4.1,,,,,,Fenced,C,
16/04/2025,E,1,Z1,3,,,,4.7,,,,,,Fenced,C,
16/04/2025,E,1,Z1,3,,,,5.4,,,,,,Fenced,C,
16/04/2025,E,1,Z1,5,E.V,1,,6,N,Y,3,N,0.1,Fenced,C,
16/04/2025,E,1,Z1,5,E.G,13,,5.4,,,,,,Fenced,C,
16/04/2025,E,1,Z1,5,Bracharia serrata,1,,5,,,,,,Fenced,C,
16/04/2025,E,1,Z1,5,,,,4.6,,,,,,Fenced,C,
16/04/2025,E,1,Z1,2,Heteropogon contortus,1,,4.3,N,Y,2,N,1,Fenced,C,
16/04/2025,E,1,Z1,2,Mopane grass,1,,0,,,,,,Fenced,C,
16/04/2025,E,1,Z1,2,,,,4.6,,,,,,Fenced,C,
16/04/2025,E,1,Z1,2,,,,4.9,,,,,,Fenced,C,
16/04/2025,E,1,Z3,1,Panicum maximum,2,,0,N,Y,1.5,N,0.45,Fenced,C,
16/04/2025,E,1,Z3,1,,,,5.4,,,,,,Fenced,C,
16/04/2025,E,1,Z3,1,,,,4.2,,,,,,Fenced,C,
16/04/2025,E,1,Z3,1,,,,3.4,,,,,,Fenced,C,
16/04/2025,E,1,Z3,4,Heteropogon contortus,3,,10.1,N,Y,3,N,0.3,Fenced,C,
16/04/2025,E,1,Z3,4,Digitaria erianthra,4,,8.9,,,,,,Fenced,C,
16/04/2025,E,1,Z3,4,,,,8.1,,,,,,Fenced,C,
16/04/2025,E,1,Z3,4,,,,7,,,,,,Fenced,C,
16/04/2025,E,1,Z3,2,Heteropogon contortus,3,,6.3,N,Y,4,N,1,Fenced,C,
16/04/2025,E,1,Z3,2,ECurv,3,,4.9,,,,,,Fenced,C,
16/04/2025,E,1,Z3,2,,,,0,,,,,,Fenced,C,
16/04/2025,E,1,Z3,2,,,,5.6,,,,,,Fenced,C,
16/04/2025,E,1,Z3,5,Mopane grass,2,,9.2,N,Y,3,N,1.5,Fenced,C,
16/04/2025,E,1,Z3,5,ECurv,3,,5.4,,,,,,Fenced,C,
16/04/2025,E,1,Z3,5,,,,11.8,,,,,,Fenced,C,
16/04/2025,E,1,Z3,5,,,,9.8,,,,,,Fenced,C,
16/04/2025,E,1,Z3,3,Heteropogon contortus,1,,3.5,N,Y,0.5,N,1,Fenced,C,
16/04/2025,E,1,Z3,3,,,,0,,,,,,Fenced,C,
16/04/2025,E,1,Z3,3,,,,0,,,,,,Fenced,C,
16/04/2025,E,1,Z3,3,,,,0,,,,,,Fenced,C,
16/04/2025,E,1,Z4,2,Aristida ads,1,,3.1,N,Y,1,N,0.8,Unfenced,C,
16/04/2025,E,1,Z4,2,Heteropogon contortus,1,,0,,,,,,Unfenced,C,
16/04/2025,E,1,Z4,2,Setaria incressata,1,,2.7,,,,,,Unfenced,C,
16/04/2025,E,1,Z4,2,,,,2.7,,,,,,Unfenced,C,
16/04/2025,E,1,Z4,1,Digitaria erianthra,3,,3.6,N,Y,0.5,N,1.2,Unfenced,C,
16/04/2025,E,1,Z4,1,,,,3.4,,,,,,Unfenced,C,
16/04/2025,E,1,Z4,1,,,,2.8,,,,,,Unfenced,C,
16/04/2025,E,1,Z4,1,,,,0,,,,,,Unfenced,C,
16/04/2025,E,1,Z4,5,Panicum maximum,4,,3.4,N,N,2.5,N,1.7,Unfenced,C,
16/04/2025,E,1,Z4,5,Setaria incressata,1,,2.7,,,,,,Unfenced,C,
16/04/2025,E,1,Z4,5,,,,2.8,,,,,,Unfenced,C,
16/04/2025,E,1,Z4,5,,,,0,,,,,,Unfenced,C,
16/04/2025,E,1,Z4,3,Digitaria erianthra,3,,2.5,N,N,3,N,0.35,Unfenced,C,
16/04/2025,E,1,Z4,3,Mopane grass,1,,4,,,,,,Unfenced,C,
16/04/2025,E,1,Z4,3,ACC,1,,4.2,,,,,,Unfenced,C,
16/04/2025,E,1,Z4,3,E.G,7,,3.6,,,,,,Unfenced,C,
16/04/2025,E,1,Z4,4,Digitaria erianthra,9,,8.2,N,N,3,N,1,Unfenced,C,
16/04/2025,E,1,Z4,4,E.S,1,,8.6,,,,,,Unfenced,C,
16/04/2025,E,1,Z4,4,E.G,7,,9.2,,,,,,Unfenced,C,
16/04/2025,E,1,Z4,4,,,,9.6,,,,,,Unfenced,C,
16/04/2025,E,1,Z2,2,E.S,1,,2.6,N,Y,1.5,N,0.65,Unfenced,C,
16/04/2025,E,1,Z2,2,Heteropogon contortus,1,,3.1,,,,,,Unfenced,C,
16/04/2025,E,1,Z2,2,,,,3.2,,,,,,Unfenced,C,
16/04/2025,E,1,Z2,2,,,,3.2,,,,,,Unfenced,C,
16/04/2025,E,1,Z2,3,Heteropogon contortus,2,,2.4,N,Y,2.5,N,0.5,Unfenced,C,
16/04/2025,E,1,Z2,3,Digitaria erianthra,1,,6.6,,,,,,Unfenced,C,
16/04/2025,E,1,Z2,3,Setaria incressata,1,,0,,,,,,Unfenced,C,
16/04/2025,E,1,Z2,3,,,,2.4,,,,,,Unfenced,C,
16/04/2025,E,1,Z2,5,Digitaria erianthra,4,,4.1,N,Y,3,N,0.45,Unfenced,C,
16/04/2025,E,1,Z2,5,Heteropogon contortus,2,,3.3,,,,,,Unfenced,C,
16/04/2025,E,1,Z2,5,,,,3.2,,,,,,Unfenced,C,
16/04/2025,E,1,Z2,5,,,,4.8,,,,,,Unfenced,C,
16/04/2025,E,1,Z2,1,BB,1,,3.8,N,Y,1.5,N,1,Unfenced,C,
16/04/2025,E,1,Z2,1,Heteropogon contortus,1,,4.8,,,,,,Unfenced,C,
16/04/2025,E,1,Z2,1,Mopane grass,1,,4.4,,,,,,Unfenced,C,
16/04/2025,E,1,Z2,1,E.G,2,,3.9,,,,,,Unfenced,C,
16/04/2025,E,1,Z2,1,E.R,1,,,,,,,,Unfenced,C,
16/04/2025,E,1,Z2,4,Aristida ads,1,,3.2,N,Y,2,N,0.55,Unfenced,C,
16/04/2025,E,1,Z2,4,CEx,2,,4.2,,,,,,Unfenced,C,
16/04/2025,E,1,Z2,4,Heteropogon contortus,1,,4.3,,,,,,Unfenced,C,
16/04/2025,E,1,Z2,4,Digitaria erianthra,3,,3.6,,,,,,Unfenced,C,
16/04/2025,E,5,Z3,2,E.R,1,,3.5,N,N,4.5,N,1.1,Fenced,THF,
16/04/2025,E,5,Z3,2,Digitaria erianthra,1,,4.2,,,,,,Fenced,THF,
16/04/2025,E,5,Z3,2,Diheteropogon anplactence,3,,4.2,,,,,,Fenced,THF,
16/04/2025,E,5,Z3,2,E.V,1,,4.1,,,,,,Fenced,THF,
16/04/2025,E,5,Z3,3,Heteropogon contortus,5,,6.8,N,Y,3,N,1,Fenced,THF,
16/04/2025,E,5,Z3,3,BB,1,,4.7,,,,,,Fenced,THF,
16/04/2025,E,5,Z3,3,,,,3.9,,,,,,Fenced,THF,
16/04/2025,E,5,Z3,3,,,,3.5,,,,,,Fenced,THF,
16/04/2025,E,5,Z3,5,E.V,3,,0,N,Y,1,N,0.15,Fenced,THF,
16/04/2025,E,5,Z3,5,,,,0,,,,,,Fenced,THF,
16/04/2025,E,5,Z3,5,,,,2.3,,,,,,Fenced,THF,
16/04/2025,E,5,Z3,5,,,,2.6,,,,,,Fenced,THF,
16/04/2025,E,5,Z3,1,Themeda triandra,1,,3.2,N,Y,6,N,1.3,Fenced,THF,
16/04/2025,E,5,Z3,1,Digitaria erianthra,6,,6.3,,,,,,Fenced,THF,
16/04/2025,E,5,Z3,1,BB,2,,8.7,,,,,,Fenced,THF,
16/04/2025,E,5,Z3,1,E.G,7,,9.6,,,,,,Fenced,THF,
16/04/2025,E,5,Z3,4,Mopane grass,4,,4.6,N,Y,2.5,N,0.6,Fenced,THF,
16/04/2025,E,5,Z3,4,Heteropogon contortus,4,,3.2,,,,,,Fenced,THF,
16/04/2025,E,5,Z3,4,E.V,6,,6.6,,,,,,Fenced,THF,
16/04/2025,E,5,Z3,4,Aristida ads,2,,5.6,,,,,,Fenced,THF,
16/04/2025,E,5,Z1,2,Digitaria erianthra,10,,6,N,N,5.5,N,1,Fenced,THF,
16/04/2025,E,5,Z1,2,P. squarrossa ,3,,7.1,,,,,,Fenced,THF,
16/04/2025,E,5,Z1,2,Panicum maximum,3,,7.3,,,,,,Fenced,THF,
16/04/2025,E,5,Z1,2,Heteropogon contortus,2,,10.1,,,,,,Fenced,THF,
16/04/2025,E,5,Z1,2,E.G,5,,,,,,,,Fenced,THF,
16/04/2025,E,5,Z1,1,CEx,2,,26.2,N,N,6,N,1,Fenced,THF,
16/04/2025,E,5,Z1,1,E.R,1,,23.9,,,,,,Fenced,THF,
16/04/2025,E,5,Z1,1,Heteropogon contortus,4,,19.8,,,,,,Fenced,THF,
16/04/2025,E,5,Z1,1,Panicum maximum,1,,17.3,,,,,,Fenced,THF,
16/04/2025,E,5,Z1,1,BB,2,,,,,,,,Fenced,THF,
16/04/2025,E,5,Z1,4,Heteropogon contortus,3,,4.4,N,N,4.5,N,1.3,Fenced,THF,
16/04/2025,E,5,Z1,4,Digitaria erianthra,4,,6,,,,,,Fenced,THF,
16/04/2025,E,5,Z1,4,Aristida ads,4,,9.2,,,,,,Fenced,THF,
16/04/2025,E,5,Z1,4,E.G,4,,8,,,,,,Fenced,THF,
16/04/2025,E,5,Z1,5,Heteropogon contortus,5,,3.9,N,Y,5,N,1.3,Fenced,THF,
16/04/2025,E,5,Z1,5,E.R,1,,14.4,,,,,,Fenced,THF,
16/04/2025,E,5,Z1,5,Digitaria erianthra,1,,6.3,,,,,,Fenced,THF,
16/04/2025,E,5,Z1,5,,,,9.6,,,,,,Fenced,THF,
16/04/2025,E,5,Z1,3,Mopane grass,5,,6.1,N,Y,3.5,N,1,Fenced,THF,
16/04/2025,E,5,Z1,3,,,,6.7,,,,,,Fenced,THF,
16/04/2025,E,5,Z1,3,,,,5.5,,,,,,Fenced,THF,
16/04/2025,E,5,Z1,3,,,,5.3,,,,,,Fenced,THF,
16/04/2025,E,5,Z4,1,Heteropogon contortus,2,,6.1,N,N,2,Y,1.1,Unfenced,THF,
16/04/2025,E,5,Z4,1,Themeda triandra,1,,5.5,,,,,,Unfenced,THF,
16/04/2025,E,5,Z4,1,Mopane grass,1,,0,,,,,,Unfenced,THF,
16/04/2025,E,5,Z4,1,,,,6.4,,,,,,Unfenced,THF,
16/04/2025,E,5,Z4,2,B.N,1,,7.6,N,N,2,N,1.1,Unfenced,THF,
16/04/2025,E,5,Z4,2,E.S,1,,8.4,,,,,,Unfenced,THF,
16/04/2025,E,5,Z4,2,Pogonarthria squarrosa,1,,7.4,,,,,,Unfenced,THF,
16/04/2025,E,5,Z4,2,,,,6.5,,,,,,Unfenced,THF,
16/04/2025,E,5,Z4,3,Mopane grass,2,,6.4,N,Y,1,Y,0.7,Unfenced,THF,
16/04/2025,E,5,Z4,3,B.N,1,,0,,,,,,Unfenced,THF,
16/04/2025,E,5,Z4,3,Heteropogon contortus,2,,0,,,,,,Unfenced,THF,
16/04/2025,E,5,Z4,3,,,,13.7,,,,,,Unfenced,THF,
16/04/2025,E,5,Z4,5,Mopane grass,5,,19.8,N,Y,2,N,1.1,Unfenced,THF,
16/04/2025,E,5,Z4,5,Aristida ads,1,,13.9,,,,,,Unfenced,THF,
16/04/2025,E,5,Z4,5,,,,0,,,,,,Unfenced,THF,
16/04/2025,E,5,Z4,5,,,,2.7,,,,,,Unfenced,THF,
16/04/2025,E,5,Z4,4,CEx,9,,2.7,N,Y,4.5,N,1.3,Unfenced,THF,
16/04/2025,E,5,Z4,4,Heteropogon contortus,3,,8.7,,,,,,Unfenced,THF,
16/04/2025,E,5,Z4,4,B.N,2,,10.7,,,,,,Unfenced,THF,
16/04/2025,E,5,Z4,4,Sporobolus africanus,1,,10.3,,,,,,Unfenced,THF,
16/04/2025,E,5,Z4,4,Digitaria erianthra,1,,,,,,,,Unfenced,THF,
16/04/2025,E,5,Z2,3,Heteropogon contortus,3,,16.1,N,N,3.5,N,1,Unfenced,THF,
16/04/2025,E,5,Z2,3,BB,3,,10.4,,,,,,Unfenced,THF,
16/04/2025,E,5,Z2,3,,,,8.6,,,,,,Unfenced,THF,
16/04/2025,E,5,Z2,3,,,,10.1,,,,,,Unfenced,THF,
16/04/2025,E,5,Z2,5,Themeda triandra,1,,12.3,N,Y,3,N,1.1,Unfenced,THF,
16/04/2025,E,5,Z2,5,Heteropogon contortus,7,,26,,,,,,Unfenced,THF,
16/04/2025,E,5,Z2,5,,,,23.7,,,,,,Unfenced,THF,
16/04/2025,E,5,Z2,5,,,,21.9,,,,,,Unfenced,THF,
16/04/2025,E,5,Z2,4,ACC,4,,5,N,N,3,N,0.55,Unfenced,THF,
16/04/2025,E,5,Z2,4,Heteropogon contortus,2,,6.7,,,,,,Unfenced,THF,
16/04/2025,E,5,Z2,4,E.R,3,,9.6,,,,,,Unfenced,THF,
16/04/2025,E,5,Z2,4,Mopane grass,5,,8.8,,,,,,Unfenced,THF,
16/04/2025,E,5,Z2,1,BB,6,,39.2,N,N,8,N,1.5,Unfenced,THF,
16/04/2025,E,5,Z2,1,CEx,2,,35.1,,,,,,Unfenced,THF,
16/04/2025,E,5,Z2,1,E.S,1,,8,,,,,,Unfenced,THF,
16/04/2025,E,5,Z2,1,,,,39,,,,,,Unfenced,THF,
16/04/2025,E,5,Z2,2,Heteropogon contortus,4,,4.3,N,Y,1.5,N,0.6,Unfenced,THF,
16/04/2025,E,5,Z2,2,Mopane grass,2,,3,,,,,,Unfenced,THF,
16/04/2025,E,5,Z2,2,CEx,1,,3,,,,,,Unfenced,THF,
16/04/2025,E,5,Z2,2,,,,3.4,,,,,,Unfenced,THF,
2025-04-16,A,1,Z3,2,Panicum maximum,8,,4.9,N,Y,3,N,1.2,Unfenced,C,
2025-04-16,A,1,Z3,2,Chloris virgata,2,,6.8,,,,,,Unfenced,C,
2025-04-16,A,1,Z3,2,E.cylindriflora,1,,6.2,,,,,,Unfenced,C,
2025-04-16,A,1,Z3,2,,,,1.6,,,,,,Unfenced,C,
2025-04-16,A,1,Z3,3,CEx,5,,17.3,N,Y,3.5,N,1.1,Unfenced,C,
2025-04-16,A,1,Z3,3,Digitaria erianthra,4,,16.7,,,,,,Unfenced,C,
2025-04-16,A,1,Z3,3,,,,16.9,,,,,,Unfenced,C,
2025-04-16,A,1,Z3,3,,,,14.2,,,,,,Unfenced,C,
2025-04-16,A,1,Z3,4,U.mossambicensis,10,,13,N,N,3.5,N,1.3,Unfenced,C,
2025-04-16,A,1,Z3,4,Heteropogon contortus,2,,20.7,,,,,,Unfenced,C,
2025-04-16,A,1,Z3,4,CEx,1,,20.8,,,,,,Unfenced,C,
2025-04-16,A,1,Z3,4,,,,22.3,,,,,,Unfenced,C,
2025-04-16,A,1,Z3,1,SSp,1,,28.9,N,Y,6.5,N,1.2,Unfenced,C,
2025-04-16,A,1,Z3,1,Themeda triandra,5,,23.2,,,,,,Unfenced,C,
2025-04-16,A,1,Z3,1,Digitaria erianthra,3,,19,,,,,,Unfenced,C,
2025-04-16,A,1,Z3,1,Aristida ads,1,,16.1,,,,,,Unfenced,C,
2025-04-16,A,1,Z3,1,Bracharia serrata,1,,,,,,,,Unfenced,C,
2025-04-16,A,1,Z3,5,Heteropogon contortus,10,,15.5,N,N,7.5,N,1.2,Unfenced,C,
2025-04-16,A,1,Z3,5,Digitaria erianthra,3,,19.8,,,,,,Unfenced,C,
2025-04-16,A,1,Z3,5,Setaria incressata,2,,20,,,,,,Unfenced,C,
2025-04-16,A,1,Z3,5,,,,20.5,,,,,,Unfenced,C,
2025-04-16,A,1,Z4,2,Heteropogon contortus,10,,55.3,N,N,7,N,0.6,Unfenced,C,
2025-04-16,A,1,Z4,2,U.mossambicensis,2,,38.3,,,,,,Unfenced,C,
2025-04-16,A,1,Z4,2,,,,34.7,,,,,,Unfenced,C,
2025-04-16,A,1,Z4,2,,,,30.5,,,,,,Unfenced,C,
2025-04-16,A,1,Z4,1,H.hirta,1,,24.6,N,N,5,N,1.5,Unfenced,C,
2025-04-16,A,1,Z4,1,Pinhole,3,,16.7,,,,,,Unfenced,C,
2025-04-16,A,1,Z4,1,Digitaria erianthra,1,,15.2,,,,,,Unfenced,C,
2025-04-16,A,1,Z4,1,U.mossambicensis,3,,18.5,,,,,,Unfenced,C,
2025-04-16,A,1,Z4,4,U.mossambicensis,2,,20.4,N,N,6,N,1.2,Unfenced,C,
2025-04-16,A,1,Z4,4,Heteropogon contortus,6,,16.5,,,,,,Unfenced,C,
2025-04-16,A,1,Z4,4,Wireleaf,3,,16.8,,,,,,Unfenced,C,
2025-04-16,A,1,Z4,4,SSp,1,,13.9,,,,,,Unfenced,C,
2025-04-16,A,1,Z4,5,H.hirta,4,,24.5,N,Y,7.5,N,1.4,Unfenced,C,
2025-04-16,A,1,Z4,5,U.mossambicensis,1,,28.6,,,,,,Unfenced,C,
2025-04-16,A,1,Z4,5,Mopane grass,1,,28,,,,,,Unfenced,C,
2025-04-16,A,1,Z4,5,,,,26.5,,,,,,Unfenced,C,
2025-04-16,A,1,Z4,3,U.mossambicensis,3,,41.7,N,Y,7.5,N,1.2,Unfenced,C,
2025-04-16,A,1,Z4,3,Heteropogon contortus,3,,34.5,,,,,,Unfenced,C,
2025-04-16,A,1,Z4,3,Pinhole,3,,26.7,,,,,,Unfenced,C,
2025-04-16,A,1,Z3,3,Bracharia serrata,2,,25.3,,,,,,Unfenced,C,
2025-04-16,A,1,Z3,3,Diheteropogon anplactence,1,,,,,,,,Unfenced,C,
2025-04-16,A,1,Z3,3,Themeda triandra,1,,,,,,,,Unfenced,C,
2025-04-16,A,1,Z2,3,U.mossambicensis,8,,29.9,N,Y,7,N,1.4,Fenced,C,
2025-04-16,A,1,Z2,3,Pinhole,2,,31.3,,,,,,Fenced,C,
2025-04-16,A,1,Z2,3,Heteropogon contortus,6,,28.1,,,,,,Fenced,C,
2025-04-16,A,1,Z2,3,,,,28,,,,,,Fenced,C,
2025-04-16,A,1,Z2,4,Andropogon eucomas,3,,21.3,N,N,8,N,1.5,Fenced,C,
2025-04-16,A,1,Z2,4,Hfili,3,,21.6,,,,,,Fenced,C,
2025-04-16,A,1,Z2,4,SSp,3,,19.1,,,,,,Fenced,C,
2025-04-16,A,1,Z2,4,Heteropogon contortus,1,,20,,,,,,Fenced,C,
2025-04-16,A,1,Z2,4,Bracharia serrata,4,,,,,,,,Fenced,C,
2025-04-16,A,1,Z2,1,U.mossambicensis,2,,20.7,N,N,2.5,N,1.8,Fenced,C,
2025-04-16,A,1,Z2,1,CEx,5,,19,,,,,,Fenced,C,
2025-04-16,A,1,Z2,1,SSp,1,,17.5,,,,,,Fenced,C,
2025-04-16,A,1,Z2,1,,,,3.5,,,,,,Fenced,C,
2025-04-16,A,1,Z2,5,H.Dissoluta,3,,28.2,N,Y,3,N,2,Fenced,C,
2025-04-16,A,1,Z2,5,Hfili,3,,24.9,,,,,,Fenced,C,
2025-04-16,A,1,Z2,5,SSp,2,,28,,,,,,Fenced,C,
2025-04-16,A,1,Z2,5,,,,32.1,,,,,,Fenced,C,
2025-04-16,A,1,Z2,2,Diheteropogon anplactence,4,,10.2,N,N,2,N,1.2,Fenced,C,
2025-04-16,A,1,Z2,2,Heteropogon contortus,2,,12.2,,,,,,Fenced,C,
2025-04-16,A,1,Z2,2,,,,13.7,,,,,,Fenced,C,
2025-04-16,A,1,Z2,2,,,,11.8,,,,,,Fenced,C,
2025-04-16,A,1,Z1,4,Heteropogon contortus,3,,7.4,N,N,3,N,1.1,Fenced,C,
2025-04-16,A,1,Z1,4,Aristida ads,3,,6.2,,,,,,Fenced,C,
2025-04-16,A,1,Z1,4,U.mossambicensis,1,,6.9,,,,,,Fenced,C,
2025-04-16,A,1,Z1,4,Digitaria erianthra,2,,12.8,,,,,,Fenced,C,
2025-04-16,A,1,Z1,4,Setaria incressata,3,,,,,,,,Fenced,C,
2025-04-16,A,1,Z1,3,Hfili,1,,26.5,N,N,4,N,1.1,Fenced,C,
2025-04-16,A,1,Z1,3,U.mossambicensis,5,,28.1,,,,,,Fenced,C,
2025-04-16,A,1,Z1,3,CEx,2,,25.9,,,,,,Fenced,C,
2025-04-16,A,1,Z1,3,SSp,1,,25.2,,,,,,Fenced,C,
2025-04-16,A,1,Z1,5,Cymbopogon plari,3,,0,N,N,0.5,N,1,Fenced,C,
2025-04-16,A,1,Z1,5,,,,0,,,,,,Fenced,C,
2025-04-16,A,1,Z1,5,,,,13.5,,,,,,Fenced,C,
2025-04-16,A,1,Z1,5,,,,15,,,,,,Fenced,C,
2025-04-16,A,1,Z1,2,Diheteropogon anplactence,2,,20,N,Y,4,Y,1.5,Fenced,C,
2025-04-16,A,1,Z1,2,Digitaria erianthra,4,,17.6,,,,,,Fenced,C,
2025-04-16,A,1,Z1,2,Heteropogon contortus,3,,14.1,,,,,,Fenced,C,
2025-04-16,A,1,Z1,2,,,,12.8,,,,,,Fenced,C,
2025-04-16,A,1,Z1,1,Diheteropogon anplactence,1,,77.2,N,Y,6,N,1.5,Fenced,C,
2025-04-16,A,1,Z1,1,H.Dissoluta,3,,24.2,,,,,,Fenced,C,
2025-04-16,A,1,Z1,1,Digitaria erianthra,2,,18.8,,,,,,Fenced,C,
2025-04-16,A,1,Z1,1,U.mossambicensis,3,,16.5,,,,,,Fenced,C,
17/04/2025,B,1,Z1,4,CEx,1,.,7.6,N,N,1,N,0.7,Fenced,C,
17/04/2025,B,1,Z1,4,Heteropogon contortus,5,,16.4,,,,,,Fenced,C,
17/04/2025,B,1,Z1,4,,,,19.5,,,,,,Fenced,C,
17/04/2025,B,1,Z1,4,,,,16.7,,,,,,Fenced,C,
17/04/2025,B,1,Z1,1,Heteropogon contortus,13,,19.2,N,N,7,N,0.9,Fenced,C,
17/04/2025,B,1,Z1,1,Digitaria erianthra,1,,21.1,,,,,,Fenced,C,
17/04/2025,B,1,Z1,1,,,,21.9,,,,,,Fenced,C,
17/04/2025,B,1,Z1,1,,,,21.4,,,,,,Fenced,C,
17/04/2025,B,1,Z1,2,Heteropogon contortus,23,,21.1,N,N,9,N,0.9,Fenced,C,
17/04/2025,B,1,Z1,2,E.R,2,,20.8,,,,,,Fenced,C,
17/04/2025,B,1,Z1,2,,,,20.6,,,,,,Fenced,C,
17/04/2025,B,1,Z1,2,,,,20.3,,,,,,Fenced,C,
17/04/2025,B,1,Z1,5,Heteropogon contortus,15,,12.1,N,N,6,N,1,Fenced,C,
17/04/2025,B,1,Z1,5,,,,16.4,,,,,,Fenced,C,
17/04/2025,B,1,Z1,5,,,,20.9,,,,,,Fenced,C,
17/04/2025,B,1,Z1,5,,,,21.7,,,,,,Fenced,C,
17/04/2025,B,1,Z1,3,Heteropogon contortus,5,,6.5,N,Y,3.5,N,0.65,Fenced,C,
17/04/2025,B,1,Z1,3,Digitaria erianthra,2,,4.9,,,,,,Fenced,C,
17/04/2025,B,1,Z1,3,E.S,3,,5.9,,,,,,Fenced,C,
17/04/2025,B,1,Z1,3,Pinhole,1,,7.5,,,,,,Fenced,C,
17/04/2025,B,1,Z1,3,CEx,1,,,,,,,,Fenced,C,
17/04/2025,B,1,Z3,1,CEx,1,,23.3,N,N,3,N,0.8,Fenced,C,
17/04/2025,B,1,Z3,1,Hfili,1,,19.4,,,,,,Fenced,C,
17/04/2025,B,1,Z3,1,E.S,2,,23.7,,,,,,Fenced,C,
17/04/2025,B,1,Z3,1,E.G,3,,0,,,,,,Fenced,C,
17/04/2025,B,1,Z3,4,Heteropogon contortus,17,,13.9,N,Y,7,N,1,Fenced,C,
17/04/2025,B,1,Z3,4,CEx,2,,15.1,,,,,,Fenced,C,
17/04/2025,B,1,Z3,4,SSp,1,,16,,,,,,Fenced,C,
17/04/2025,B,1,Z3,4,,,,15.9,,,,,,Fenced,C,
17/04/2025,B,1,Z3,3,Heteropogon contortus,10,,21.8,N,N,5,N,0.9,Fenced,C,
17/04/2025,B,1,Z3,3,E.S,2,,23.2,,,,,,Fenced,C,
17/04/2025,B,1,Z3,3,,,,17.8,,,,,,Fenced,C,
17/04/2025,B,1,Z3,3,,,,16.6,,,,,,Fenced,C,
17/04/2025,B,1,Z3,5,Heteropogon contortus,13,,10.5,N,Y,5,N,0.9,Fenced,C,
17/04/2025,B,1,Z3,5,CEx,1,,8.7,,,,,,Fenced,C,
17/04/2025,B,1,Z3,5,,,,9.5,,,,,,Fenced,C,
17/04/2025,B,1,Z3,5,,,,11.9,,,,,,Fenced,C,
17/04/2025,B,1,Z3,2,Heteropogon contortus,11,,23.7,N,Y,4.5,N,0.9,Fenced,C,
17/04/2025,B,1,Z3,2,Themeda triandra,2,,20.3,,,,,,Fenced,C,
17/04/2025,B,1,Z3,2,,,,21.6,,,,,,Fenced,C,
17/04/2025,B,1,Z3,2,,,,21,,,,,,Fenced,C,
17/04/2025,B,1,Z4,2,CEx,1,,1.9,N,Y,2,N,0.75,Unfenced,C,
17/04/2025,B,1,Z4,2,Heteropogon contortus,1,,15.3,,,,,,Unfenced,C,
17/04/2025,B,1,Z4,2,E.V,1,,11.6,,,,,,Unfenced,C,
17/04/2025,B,1,Z4,2,SSp,1,,10,,,,,,Unfenced,C,
17/04/2025,B,1,Z4,2,,,,,,,,,,Unfenced,C,
17/04/2025,B,1,Z4,1,Pinhole,21,,6.4,Y,Y,6,N,0.5,Unfenced,C,
17/04/2025,B,1,Z4,1,Melenis repens,2,,9.1,,,,,,Unfenced,C,
17/04/2025,B,1,Z4,1,E.cylindriflora,1,,8.6,,,,,,Unfenced,C,
17/04/2025,B,1,Z4,1,Heteropogon contortus,3,,8.9,,,,,,Unfenced,C,
17/04/2025,B,1,Z4,4,Pinhole,10,,3.8,Y,N,7,N,0.7,Unfenced,C,
17/04/2025,B,1,Z4,4,Heteropogon contortus,7,,6.2,,,,,,Unfenced,C,
17/04/2025,B,1,Z4,4,Themeda triandra,1,,7.7,,,,,,Unfenced,C,
17/04/2025,B,1,Z4,4,,,,8,,,,,,Unfenced,C,
17/04/2025,B,1,Z4,3,Heteropogon contortus,8,,9.2,N,Y,7,N,1,Unfenced,C,
17/04/2025,B,1,Z4,3,Aristida ads,6,,10.8,,,,,,Unfenced,C,
17/04/2025,B,1,Z4,3,E.R,1,,14.9,,,,,,Unfenced,C,
17/04/2025,B,1,Z4,3,E.G,7,,14.7,,,,,,Unfenced,C,
17/04/2025,B,1,Z4,3,E.S,1,,,,,,,,Unfenced,C,
17/04/2025,B,1,Z4,5,Heteropogon contortus,15,,17.1,N,Y,6.5,N ,1,Unfenced,C,
17/04/2025,B,1,Z4,5,E.R,1,,16.3,,,,,,Unfenced,C,
17/04/2025,B,1,Z4,5,E.S,1,,15.4,,,,,,Unfenced,C,
17/04/2025,B,1,Z4,5,,,,13.3,,,,,,Unfenced,C,
17/04/2025,B,1,Z2,2,CEx,2,,9.6,Y,N,4,N,0.9,Unfenced,C,
17/04/2025,B,1,Z2,2,Heteropogon contortus,9,,11,,,,,,Unfenced,C,
17/04/2025,B,1,Z2,2,Digitaria erianthra,7,,10.7,,,,,,Unfenced,C,
17/04/2025,B,1,Z2,2,E.G,1,,11.7,,,,,,Unfenced,C,
17/04/2025,B,1,Z2,3,Themeda triandra,1,,8.9,N,Y,8,N,0.9,Unfenced,C,
17/04/2025,B,1,Z2,3,Pinhole,3,,21.1,,,,,,Unfenced,C,
17/04/2025,B,1,Z2,3,Aristida ads,1,,22.2,,,,,,Unfenced,C,
17/04/2025,B,1,Z2,3,,,,19.9,,,,,,Unfenced,C,
17/04/2025,B,1,Z2,5,Heteropogon contortus,13,,11.8,Y,N,5.5,N,0.4,Unfenced,C,
17/04/2025,B,1,Z2,5,Pinhole,6,,11.3,,,,,,Unfenced,C,
17/04/2025,B,1,Z2,5,Melenis repens,3,,10.5,,,,,,Unfenced,C,
17/04/2025,B,1,Z2,5,,,,10,,,,,,Unfenced,C,
17/04/2025,B,1,Z2,1,Heteropogon contortus,2,,11.9,N,N,3.5,N,0.9,Unfenced,C,
17/04/2025,B,1,Z2,1,E.R,3,,18.1,,,,,,Unfenced,C,
17/04/2025,B,1,Z2,1,E.S,2,,13.9,,,,,,Unfenced,C,
17/04/2025,B,1,Z2,1,CEx,1,,0,,,,,,Unfenced,C,
17/04/2025,B,1,Z2,1,Aristida diffusa,1,,,,,,,,Unfenced,C,
17/04/2025,B,1,Z2,4,Melenis repens,7,,5.9,Y,N,5,N,0.1,Unfenced,C,
17/04/2025,B,1,Z2,4,E.R,2,,6.5,,,,,,Unfenced,C,
17/04/2025,B,1,Z2,4,Pinhole,13,,5.6,,,,,,Unfenced,C,
17/04/2025,B,1,Z2,4,Cynodon dactylon,1,,5.5,,,,,,Unfenced,C,
17/04/2025,B,2,Z1,1,ACB,9,,7.4,N,N,8,N,0.7,Fenced,F,
17/04/2025,B,2,Z1,1,Melenis repens,2,,8,,,,,,Fenced,F,
17/04/2025,B,2,Z1,1,Bracharia serrata,6,,9.3,,,,,,Fenced,F,
17/04/2025,B,2,Z1,1,Cymbopogon plari,2,,10.3,,,,,,Fenced,F,
17/04/2025,B,2,Z1,1,Heteropogon contortus,2,,,,,,,,Fenced,F,
17/04/2025,B,2,Z1,1,Pinhole,8,,,,,,,,Fenced,F,
17/04/2025,B,2,Z1,2,ACB,4,,19.7,N,Y,7.5,N,1.2,Fenced,F,
17/04/2025,B,2,Z1,2,CEx,4,,20.2,,,,,,Fenced,F,
17/04/2025,B,2,Z1,2,Heteropogon contortus,5,,20.8,,,,,,Fenced,F,
17/04/2025,B,2,Z1,2,Sporobolus africanus,1,,22.5,,,,,,Fenced,F,
17/04/2025,B,2,Z1,5,ACB,3,,12.6,N,N,6,N,0.7,Fenced,F,
17/04/2025,B,2,Z1,5,CEx,3,,22.1,,,,,,Fenced,F,
17/04/2025,B,2,Z1,5,Cymbopogon plari,2,,20.2,,,,,,Fenced,F,
17/04/2025,B,2,Z1,5,Melenis repens,3,,20.8,,,,,,Fenced,F,
17/04/2025,B,2,Z1,4,ACB,1,,18.5,N,N,9,N,1,Fenced,F,
17/04/2025,B,2,Z1,4,Heteropogon contortus,11,,21.7,,,,,,Fenced,F,
17/04/2025,B,2,Z1,4,Cymbopogon plari,1,,19.8,,,,,,Fenced,F,
17/04/2025,B,2,Z1,4,Digitaria erianthra,4,,20.1,,,,,,Fenced,F,
17/04/2025,B,2,Z1,3,CEx,5,,6,N,Y,7.5,N,1,Fenced,F,
17/04/2025,B,2,Z1,3,Heteropogon contortus,6,,12,,,,,,Fenced,F,
17/04/2025,B,2,Z1,3,Digitaria erianthra,4,,11.4,,,,,,Fenced,F,
17/04/2025,B,2,Z1,3,E.G,1,,12.3,,,,,,Fenced,F,
17/04/2025,B,2,Z3,1,ACB,2,,21.3,N,N,5,N,0.75,Fenced,F,
17/04/2025,B,2,Z1,1,Heteropogon contortus,7,,17.8,,,,,,Fenced,F,
17/04/2025,B,2,Z1,1,Pinhole,1,,14,,,,,,Fenced,F,
17/04/2025,B,2,Z1,1,Melenis repens,1,,11.2,,,,,,Fenced,F,
17/04/2025,B,2,Z1,1,ECurv,1,,,,,,,,Fenced,F,
17/04/2025,B,2,Z1,4,Cymbopogon plari,1,,8.2,N,Y,6.5,N,1.1,Fenced,F,
17/04/2025,B,2,Z1,4,CEx,3,,12.8,,,,,,Fenced,F,
17/04/2025,B,2,Z1,4,SSp,1,,14.5,,,,,,Fenced,F,
17/04/2025,B,2,Z1,4,,,,18.4,,,,,,Fenced,F,
17/04/2025,B,2,Z1,3,CEx,2,,28.4,N,N,7.5,N,1.1,Fenced,F,
17/04/2025,B,2,Z1,3,E.S,2,,28.2,,,,,,Fenced,F,
17/04/2025,B,2,Z1,3,Heteropogon contortus,5,,30,,,,,,Fenced,F,
17/04/2025,B,2,Z1,3,E.G,2,,27.6,,,,,,Fenced,F,
17/04/2025,B,2,Z1,5,CEx,2,,,,,,,,Fenced,F,
17/04/2025,B,2,Z1,5,Melenis repens,1,,26.5,N,N,6.5,N,1,Fenced,F,
17/04/2025,B,2,Z1,5,ACB,1,,21.8,,,,,,Fenced,F,
17/04/2025,B,2,Z1,5,Heteropogon contortus,4,,22,,,,,,Fenced,F,
17/04/2025,B,2,Z1,5,Digitaria erianthra,3,,22.7,,,,,,Fenced,F,
17/04/2025,B,2,Z1,5,Pinhole,6,,,,,,,,Fenced,F,
17/04/2025,B,2,Z1,2,Diheteropogon anplactence,1,,6.8,N,N,4,N,0.7,Fenced,F,
17/04/2025,B,2,Z1,2,Heteropogon contortus,7,,11.6,,,,,,Fenced,F,
17/04/2025,B,2,Z1,2,CEx,2,,12.5,,,,,,Fenced,F,
17/04/2025,B,2,Z1,2,,,,0,,,,,,Fenced,F,
17/04/2025,B,2,Z4,2,CEx,4,,10.5,N,Y,6,N,0.9,Unfenced,F,
17/04/2025,B,2,Z4,2,Heteropogon contortus,8,,15.6,,,,,,Unfenced,F,
17/04/2025,B,2,Z4,2,,,,12.9,,,,,,Unfenced,F,
17/04/2025,B,2,Z4,2,,,,13.7,,,,,,Unfenced,F,
17/04/2025,B,2,Z4,5,Heteropogon contortus,2,,0,Y,N,4,N,0.15,Unfenced,F,Too many forbs
17/04/2025,B,2,Z4,5,,,,0,,,,,,Unfenced,F,
17/04/2025,B,2,Z4,5,,,,0,,,,,,Unfenced,F,
17/04/2025,B,2,Z4,5,,,,0,,,,,,Unfenced,F,
17/04/2025,B,2,Z4,3,CEx,1,,16.7,Y,Y,5,N,1,Unfenced,F,
17/04/2025,B,2,Z4,3,Setaria pumila,1,,16.2,,,,,,Unfenced,F,
17/04/2025,B,2,Z4,3,Aristida ads,1,,13.6,,,,,,Unfenced,F,
17/04/2025,B,2,Z4,3,E.S,1,,11.6,,,,,,Unfenced,F,
17/04/2025,B,2,Z4,3,Heteropogon contortus,3,,,,,,,,Unfenced,F,
17/04/2025,B,2,Z4,3,Pinhole,1,,,,,,,,Unfenced,F,
17/04/2025,B,2,Z4,3,E.G,4,,,,,,,,Unfenced,F,
17/04/2025,B,2,Z4,4,Heteropogon contortus,4,,15.1,Y,N,2,N,0.7,Unfenced,F,
17/04/2025,B,2,Z4,4,ACB,1,,11.6,,,,,,Unfenced,F,
17/04/2025,B,2,Z4,4,,,,12.1,,,,,,Unfenced,F,
17/04/2025,B,2,Z4,4,,,,11.6,,,,,,Unfenced,F,
17/04/2025,B,2,Z4,1,CEx,2,,16.9,Y,N,6,N,0.5,Unfenced,F,
17/04/2025,B,2,Z4,1,Setaria incressata,1,,18.3,,,,,,Unfenced,F,
17/04/2025,B,2,Z4,1,Heteropogon contortus,1,,18.2,,,,,,Unfenced,F,
17/04/2025,B,2,Z4,1,,,,16.1,,,,,,Unfenced,F,
17/04/2025,B,2,Z2,3,Pinhole,11,,9.8,Y,N,7,N,0.35,Unfenced,F,
17/04/2025,B,2,Z2,3,Heteropogon contortus,9,,8,,,,,,Unfenced,F,
17/04/2025,B,2,Z2,3,E.G,8,,9.5,,,,,,Unfenced,F,
17/04/2025,B,2,Z2,3,,,,10.1,,,,,,Unfenced,F,
17/04/2025,B,2,Z2,4,Heteropogon contortus,14,,4.6,Y,N,5,N,0.7,Unfenced,F,
17/04/2025,B,2,Z2,4,E.S,1,,5.4,,,,,,Unfenced,F,
17/04/2025,B,2,Z2,4,E.G,2,,6.6,,,,,,Unfenced,F,
17/04/2025,B,2,Z2,4,,,,7,,,,,,Unfenced,F,
17/04/2025,B,2,Z2,1,Hfili,3,,23.2,Y,Y,5,N,0.9,Unfenced,F,
17/04/2025,B,2,Z2,1,Digitaria erianthra,12,,4.6,,,,,,Unfenced,F,
17/04/2025,B,2,Z2,1,CEx,2,,5,,,,,,Unfenced,F,
17/04/2025,B,2,Z2,1,Pogonarthria squarrosa,1,,4.3,,,,,,Unfenced,F,
17/04/2025,B,2,Z2,2,Heteropogon contortus,2,,0,Y,Y,1,N,0.9,Unfenced,F,
17/04/2025,B,2,Z2,2,,,,5.6,,,,,,Unfenced,F,
17/04/2025,B,2,Z2,2,,,,4.8,,,,,,Unfenced,F,
17/04/2025,B,2,Z2,2,,,,12.1,,,,,,Unfenced,F,
17/04/2025,B,2,Z2,5,CEx,6,,18.4,Y,N,7.5,N,1,Unfenced,F,
17/04/2025,B,2,Z2,5,Heteropogon contortus,5,,20.5,,,,,,Unfenced,F,
17/04/2025,B,2,Z2,5,B.N,1,,14.4,,,,,,Unfenced,F,
17/04/2025,B,2,Z2,5,E.G,1,,15.9,,,,,,Unfenced,F,
24/04/2025,C,2,Z3,3,Panicum maximum,4,,19.7,N,N,5,N,2.2,Fenced,TF,
24/04/2025,C,2,Z3,3,,,,80.8,,,,,,Fenced,TF,
24/04/2025,C,2,Z3,3,,,,67.4,,,,,,Fenced,TF,
24/04/2025,C,2,Z3,3,,,,40.2,,,,,,Fenced,TF,
24/04/2025,C,2,Z3,4,Panicum maximum,6,,21.9,N,Y,6,N,1.3,Fenced,TF,
24/04/2025,C,2,Z3,4,,,,22.6,,,,,,Fenced,TF,
24/04/2025,C,2,Z3,4,,,,14.8,,,,,,Fenced,TF,
24/04/2025,C,2,Z3,4,,,,17,,,,,,Fenced,TF,
24/04/2025,C,2,Z3,1,Digitaria erianthra,10,,11.1,N,Y,6.5,N,1,Fenced,TF,
24/04/2025,C,2,Z3,1,Heteropogon contortus,2,,7.4,,,,,,Fenced,TF,
24/04/2025,C,2,Z3,1,,,,6.8,,,,,,Fenced,TF,
24/04/2025,C,2,Z3,1,,,,7.4,,,,,,Fenced,TF,
24/04/2025,C,2,Z3,2,E.R,1,,4.1,N,N,1.5,N,1,Fenced,TF,
24/04/2025,C,2,Z3,2,E.G,2,,6.1,,,,,,Fenced,TF,
24/04/2025,C,2,Z3,2,Digitaria erianthra,4,,4.9,,,,,,Fenced,TF,
24/04/2025,C,2,Z3,2,,,,4.2,,,,,,Fenced,TF,
24/04/2025,C,2,Z3,5,E.R,2,,4.5,N,Y,4,N,0.85,Fenced,TF,
24/04/2025,C,2,Z3,5,E.G,19,,4.9,,,,,,Fenced,TF,
24/04/2025,C,2,Z3,5,D. velutina,5,,4.6,,,,,,Fenced,TF,
24/04/2025,C,2,Z3,5,,,,4.5,,,,,,Fenced,TF,
24/04/2025,C,2,Z1,3,Setaria incressata,3,,4.5,N,Y,1,N,1.1,Fenced,TF,
24/04/2025,C,2,Z1,3,Panicum maximum,5,,6.1,,,,,,Fenced,TF,
24/04/2025,C,2,Z1,3,,,,5.1,,,,,,Fenced,TF,
24/04/2025,C,2,Z1,3,,,,5.1,,,,,,Fenced,TF,
24/04/2025,C,2,Z1,4,E.curvula,6,,12,N,Y,2.5,N,1.1,Fenced,TF,
24/04/2025,C,2,Z1,4,Panicum maximum,2,,7.3,,,,,,Fenced,TF,
24/04/2025,C,2,Z1,4,,,,5.4,,,,,,Fenced,TF,
24/04/2025,C,2,Z1,4,,,,4.9,,,,,,Fenced,TF,
24/04/2025,C,2,Z1,5,E.V,27,,8,N,N,3,N,1,Fenced,TF,
24/04/2025,C,2,Z1,5,Digitaria erianthra,3,,9.3,,,,,,Fenced,TF,
24/04/2025,C,2,Z1,5,E.G,3,,7.7,,,,,,Fenced,TF,
24/04/2025,C,2,Z1,5,,,,7.2,,,,,,Fenced,TF,
24/04/2025,C,2,Z1,1,Panicum maximum,7,,6.3,N,Y,5,N,1.2,Fenced,TF,
24/04/2025,C,2,Z1,1,,,,6.1,,,,,,Fenced,TF,
24/04/2025,C,2,Z1,1,,,,7.9,,,,,,Fenced,TF,
24/04/2025,C,2,Z1,1,,,,8.2,,,,,,Fenced,TF,
24/04/2025,C,2,Z1,2,Panicum maximum,2,,7,N,Y,1.5,N,1,Fenced,TF,
24/04/2025,C,2,Z1,2,D. velutina,1,,6.3,,,,,,Fenced,TF,
24/04/2025,C,2,Z1,2,,,,5.8,,,,,,Fenced,TF,
24/04/2025,C,2,Z1,2,,,,5.4,,,,,,Fenced,TF,
24/04/2025,C,2,Z2,2,Panicum maximum,5,,20,N,Y,5,N,1.5,Unfenced,TF,
24/04/2025,C,2,Z2,2,Setaria incressata,2,,18.8,,,,,,Unfenced,TF,
24/04/2025,C,2,Z2,2,,,,17.1,,,,,,Unfenced,TF,
24/04/2025,C,2,Z2,2,,,,22.5,,,,,,Unfenced,TF,
24/04/2025,C,2,Z2,1,E.R,1,,7,N,N,3.5,N,0.75,Unfenced,TF,Herbs present
24/04/2025,C,2,Z2,1,BB,3,,6.2,,,,,,Unfenced,TF,
24/04/2025,C,2,Z2,1,,,,6.2,,,,,,Unfenced,TF,
24/04/2025,C,2,Z2,1,,,,6.2,,,,,,Unfenced,TF,
24/04/2025,C,2,Z2,3,Panicum maximum,1,,14,N,Y,3,N,1.1,Unfenced,TF,
24/04/2025,C,2,Z2,3,D. velutina,1,,12.8,,,,,,Unfenced,TF,
24/04/2025,C,2,Z2,3,Aristida ads,1,,11.7,,,,,,Unfenced,TF,
24/04/2025,C,2,Z2,3,,,,10,,,,,,Unfenced,TF,
24/04/2025,C,2,Z2,4,Heteropogon contortus,1,,9.8,N,Y,2,N,1.4,Unfenced,TF,
24/04/2025,C,2,Z2,4,Panicum maximum,2,,6.5,,,,,,Unfenced,TF,
24/04/2025,C,2,Z2,4,D. velutina,2,,5.2,,,,,,Unfenced,TF,
24/04/2025,C,2,Z2,4,E.G,5,,6.2,,,,,,Unfenced,TF,
24/04/2025,C,2,Z2,5,Panicum maximum,3,,6.5,N,Y,4,N,1.3,Unfenced,TF,
24/04/2025,C,2,Z2,5,E.G,10,,6,,,,,,Unfenced,TF,
24/04/2025,C,2,Z2,5,,,,6.4,,,,,,Unfenced,TF,
24/04/2025,C,2,Z2,5,,,,6.7,,,,,,Unfenced,TF,
24/04/2025,C,2,Z4,1,Panicum maximum,6,,17.5,N,Y,2,N,1.6,Unfenced,TF,
24/04/2025,C,2,Z4,1,,,,15.7,,,,,,Unfenced,TF,
24/04/2025,C,2,Z4,1,,,,13.8,,,,,,Unfenced,TF,
24/04/2025,C,2,Z4,1,,,,13.3,,,,,,Unfenced,TF,
24/04/2025,C,2,Z4,2,E.R,2,,15.2,N,N,5,N,0.8,Unfenced,TF,
24/04/2025,C,2,Z4,2,BB,4,,8.9,,,,,,Unfenced,TF,
24/04/2025,C,2,Z4,2,,,,14.3,,,,,,Unfenced,TF,
24/04/2025,C,2,Z4,2,,,,11.3,,,,,,Unfenced,TF,
24/04/2025,C,2,Z4,5,Panicum maximum,3,,9.9,N,Y,1.5,N,1.7,Unfenced,TF,
24/04/2025,C,2,Z4,5,D.egyptium,1,,9.2,,,,,,Unfenced,TF,
24/04/2025,C,2,Z4,5,,,,12,,,,,,Unfenced,TF,
24/04/2025,C,2,Z4,5,,,,12.1,,,,,,Unfenced,TF,
24/04/2025,C,2,Z4,3,B.N,1,,2.7,N,N,3,Y,1.2,Unfenced,TF,Kudu dung
24/04/2025,C,2,Z4,3,Panicum maximum,2,,3.9,,,,,,Unfenced,TF,
24/04/2025,C,2,Z4,3,,,,5.5,,,,,,Unfenced,TF,
24/04/2025,C,2,Z4,3,,,,5.3,,,,,,Unfenced,TF,
24/04/2025,C,2,Z4,4,Setaria incressata,5,,9.3,N,Y,4,N,1.1,Unfenced,TF,
24/04/2025,C,2,Z4,4,D. velutina,4,,18.7,,,,,,Unfenced,TF,
24/04/2025,C,2,Z4,4,,,,13.4,,,,,,Unfenced,TF,
24/04/2025,C,2,Z4,4,,,,11.9,,,,,,Unfenced,TF,
24/04/2025,C,4,Z3,1,Pogonarthria squarrosa,2,,5.8,N,N,6,N,1.3,Unfenced,TTTTTT,
24/04/2025,C,4,Z3,1,E.R,2,,10.6,,,,,,Unfenced,TTTTTT,
24/04/2025,C,4,Z3,1,Heteropogon contortus,4,,8.5,,,,,,Unfenced,TTTTTT,
24/04/2025,C,4,Z3,1,Hfili,3,,8.6,,,,,,Unfenced,TTTTTT,
24/04/2025,C,4,Z3,1,E.G,2,,,,,,,,Unfenced,TTTTTT,
24/04/2025,C,4,Z3,1,Setaria incressata,1,,,,,,,,Unfenced,TTTTTT,
24/04/2025,C,4,Z3,1,Digitaria erianthra,1,,,,,,,,Unfenced,TTTTTT,
24/04/2025,C,4,Z3,5,Panicum maximum,6,,5.7,N,Y,6,N,0.9,Unfenced,TTTTTT,
24/04/2025,C,4,Z3,5,D. velutina,4,,5.8,,,,,,Unfenced,TTTTTT,
24/04/2025,C,4,Z3,5,,,,5.7,,,,,,Unfenced,TTTTTT,
24/04/2025,C,4,Z3,5,,,,5.2,,,,,,Unfenced,TTTTTT,
24/04/2025,C,4,Z3,2,Heteropogon contortus,16,,10.5,N,N,5,N,1,Unfenced,TTTTTT,
24/04/2025,C,4,Z3,2,Pogonarthria squarrosa,2,,12,,,,,,Unfenced,TTTTTT,
24/04/2025,C,4,Z3,2,E.G,2,,11.4,,,,,,Unfenced,TTTTTT,
24/04/2025,C,4,Z3,2,Melenis repens,1,,10.4,,,,,,Unfenced,TTTTTT,
24/04/2025,C,4,Z3,3,Aristida ads,1,,5,N,Y,5,N,0.5,Unfenced,TTTTTT,
24/04/2025,C,4,Z3,3,E.G,7,,3.9,,,,,,Unfenced,TTTTTT,
24/04/2025,C,4,Z3,3,,,,3.3,,,,,,Unfenced,TTTTTT,
24/04/2025,C,4,Z3,3,,,,3.3,,,,,,Unfenced,TTTTTT,
24/04/2025,C,4,Z3,4,BB,2,,10.9,N,Y,3,N,0.9,Unfenced,TTTTTT,
24/04/2025,C,4,Z3,4,Setaria incressata,2,,11.2,,,,,,Unfenced,TTTTTT,
24/04/2025,C,4,Z3,4,D. velutina,4,,9.1,,,,,,Unfenced,TTTTTT,
24/04/2025,C,4,Z3,4,,,,7.6,,,,,,Unfenced,TTTTTT,
24/04/2025,C,4,Z4,1,Pogonarthria squarrosa,8,,8.4,N,N,5.5,N,1,Unfenced,TTTTTT,
24/04/2025,C,4,Z4,1,Hfili,2,,11,,,,,,Unfenced,TTTTTT,
24/04/2025,C,4,Z4,1,E.S,1,,11.1,,,,,,Unfenced,TTTTTT,
24/04/2025,C,4,Z4,1,E.G,4,,11.5,,,,,,Unfenced,TTTTTT,
24/04/2025,C,4,Z4,1,Aristida ads,3,,,,,,,,Unfenced,TTTTTT,
24/04/2025,C,4,Z4,2,H.Dissoluta,5,,5,N,N,5.5,N,1.8,Unfenced,TTTTTT,
24/04/2025,C,4,Z4,2,Pogonarthria squarrosa,2,,6.1,,,,,,Unfenced,TTTTTT,
24/04/2025,C,4,Z4,2,Aristida ads,3,,24.3,,,,,,Unfenced,TTTTTT,
24/04/2025,C,4,Z4,2,Heteropogon contortus,2,,21.4,,,,,,Unfenced,TTTTTT,
24/04/2025,C,4,Z4,2,Setaria incressata,4,,,,,,,,Unfenced,TTTTTT,
24/04/2025,C,4,Z4,5,Aristida ads,3,,15,Y,N,3,Y,1,Unfenced,TTTTTT,
24/04/2025,C,4,Z4,5,Pogonarthria squarrosa,2,,0,,,,,,Unfenced,TTTTTT,
24/04/2025,C,4,Z4,5,Diheteropogon anplactence,3,,8.9,,,,,,Unfenced,TTTTTT,
24/04/2025,C,4,Z4,5,B.N,1,,9.2,,,,,,Unfenced,TTTTTT,
24/04/2025,C,4,Z4,3,Aristida ads,7,,2.3,N,Y,4.5,N,1,Unfenced,TTTTTT,
24/04/2025,C,4,Z4,3,Panicum maximum,1,,4.3,,,,,,Unfenced,TTTTTT,
24/04/2025,C,4,Z4,3,Heteropogon contortus,1,,5,,,,,,Unfenced,TTTTTT,
24/04/2025,C,4,Z4,3,E.G,21,,5.5,,,,,,Unfenced,TTTTTT,
24/04/2025,C,4,Z4,3,Melenis repens,1,,5.5,,,,,,Unfenced,TTTTTT,
24/04/2025,C,4,Z4,3,Setaria incressata,1,,,,,,,,Unfenced,TTTTTT,
24/04/2025,C,4,Z4,4,BB,2,,1.6,Y,N,4.5,N,1,Unfenced,TTTTTT,
24/04/2025,C,4,Z4,4,B.N,1,,8.5,,,,,,Unfenced,TTTTTT,
24/04/2025,C,4,Z4,4,,,,7.2,,,,,,Unfenced,TTTTTT,
24/04/2025,C,4,Z4,4,,,,6.6,,,,,,Unfenced,TTTTTT,
24/04/2025,C,4,Z2,2,BB,5,,11,,,,,,Fenced,TTTTTT,
24/04/2025,C,4,Z2,2,Pogonarthria squarrosa,5,,6.6,N,N,5,N,1.5,Fenced,TTTTTT,
24/04/2025,C,4,Z2,2,E.G,2,,8.2,,,,,,Fenced,TTTTTT,
24/04/2025,C,4,Z2,2,Melenis repens,2,,9.8,,,,,,Fenced,TTTTTT,
24/04/2025,C,4,Z2,2,Heteropogon contortus,1,,,,,,,,Fenced,TTTTTT,
24/04/2025,C,4,Z2,2,E.S,1,,,,,,,,Fenced,TTTTTT,
24/04/2025,C,4,Z2,2,Digitaria erianthra,1,,,,,,,,Fenced,TTTTTT,
24/04/2025,C,4,Z2,5,Pogonarthria squarrosa,10,,2.1,N,N,4,N,1.1,Fenced,TTTTTT,
24/04/2025,C,4,Z2,5,Heteropogon contortus,2,,8.6,,,,,,Fenced,TTTTTT,
24/04/2025,C,4,Z2,5,E.R,1,,10.8,,,,,,Fenced,TTTTTT,
24/04/2025,C,4,Z2,5,BB,1,,13.2,,,,,,Fenced,TTTTTT,
24/04/2025,C,4,Z2,1,Aristida ads,3,,12.6,N,Y,4.5,N,1.1,Fenced,TTTTTT,
24/04/2025,C,4,Z2,1,Heteropogon contortus,4,,12.2,,,,,,Fenced,TTTTTT,
24/04/2025,C,4,Z2,1,BB,3,,6.7,,,,,,Fenced,TTTTTT,
24/04/2025,C,4,Z2,1,,,,6.6,,,,,,Fenced,TTTTTT,
24/04/2025,C,4,Z2,4,Heteropogon contortus,2,,18.6,N,N,4,N,1.1,Fenced,TTTTTT,
24/04/2025,C,4,Z2,4,Panicum maximum,2,,15.1,,,,,,Fenced,TTTTTT,
24/04/2025,C,4,Z2,4,B.S,3,,14.1,,,,,,Fenced,TTTTTT,
24/04/2025,C,4,Z2,4,Digitaria erianthra,2,,14.4,,,,,,Fenced,TTTTTT,
24/04/2025,C,4,Z2,3,Heteropogon contortus,6,,17.7,N,Y,5,N,1.1,Fenced,TTTTTT,
24/04/2025,C,4,Z2,3,Setaria incressata,1,,19.4,,,,,,Fenced,TTTTTT,
24/04/2025,C,4,Z2,3,Panicum maximum,1,,17.8,,,,,,Fenced,TTTTTT,
24/04/2025,C,4,Z2,3,D. velutina,1,,15.6,,,,,,Fenced,TTTTTT,
24/04/2025,C,4,Z1,2,Heteropogon contortus,50,,14.6,N,N,6,N,1.3,Fenced,TTTTTT,
24/04/2025,C,4,Z1,2,Pogonarthria squarrosa,4,,19.7,,,,,,Fenced,TTTTTT,
24/04/2025,C,4,Z1,2,Melenis repens,3,,20,,,,,,Fenced,TTTTTT,
24/04/2025,C,4,Z1,2,E.G,2,,17.6,,,,,,Fenced,TTTTTT,
24/04/2025,C,4,Z1,1,Heteropogon contortus,1,,2.5,N,Y,3,N,1.1,Fenced,TTTTTT,
24/04/2025,C,4,Z1,1,Aristida ads,1,,2.5,,,,,,Fenced,TTTTTT,
24/04/2025,C,4,Z1,1,,,,2.5,,,,,,Fenced,TTTTTT,
24/04/2025,C,4,Z1,1,,,,2.5,,,,,,Fenced,TTTTTT,
24/04/2025,C,4,Z1,5,BB,6,,30.9,N,Y,6,N,1.2,Fenced,TTTTTT,
24/04/2025,C,4,Z1,5,E.R,2,,32.4,,,,,,Fenced,TTTTTT,
24/04/2025,C,4,Z1,5,Pogonarthria squarrosa,2,,27.8,,,,,,Fenced,TTTTTT,
24/04/2025,C,4,Z1,5,E.G,1,,25.1,,,,,,Fenced,TTTTTT,
24/04/2025,C,4,Z1,4,Pogonarthria squarrosa,5,,4.1,N,N,3,N,1.2,Fenced,TTTTTT,
24/04/2025,C,4,Z1,4,Heteropogon contortus,1,,4.4,,,,,,Fenced,TTTTTT,
24/04/2025,C,4,Z1,4,Bracharia serrata,1,,6.5,,,,,,Fenced,TTTTTT,
24/04/2025,C,4,Z1,4,,,,6.6,,,,,,Fenced,TTTTTT,
24/04/2025,C,4,Z1,3,Digitaria erianthra,5,,8.3,N,Y,3,N,1.1,Fenced,TTTTTT,
24/04/2025,C,4,Z1,3,E.R,1,,4.3,,,,,,Fenced,TTTTTT,
24/04/2025,C,4,Z1,3,,,,3.9,,,,,,Fenced,TTTTTT,
24/04/2025,C,4,Z1,3,,,,20.3,,,,,,Fenced,TTTTTT,
24/04/2025,C,1,Z2,3,Pogonarthria squarrosa,5,,30.6,N,Y,3.6,N,1.5,Fenced,C,
24/04/2025,C,1,Z2,3,Heteropogon contortus,1,,21.3,,,,,,Fenced,C,
24/04/2025,C,1,Z2,3,,,,17.2,,,,,,Fenced,C,
24/04/2025,C,1,Z2,3,,,,15.3,,,,,,Fenced,C,
24/04/2025,C,1,Z2,5,Hfili,1,,5.2,N,Y,2.5,N,1.6,Fenced,C,
24/04/2025,C,1,Z2,5,Pogonarthria squarrosa,22,,4.8,,,,,,Fenced,C,
24/04/2025,C,1,Z2,5,,,,5.3,,,,,,Fenced,C,
24/04/2025,C,1,Z2,5,,,,5.2,,,,,,Fenced,C,
24/04/2025,C,1,Z2,2,Pogonarthria squarrosa,5,,4.1,N,Y,2.5,N,0.35,Fenced,C,
24/04/2025,C,1,Z2,2,E.G,2,,2.9,,,,,,Fenced,C,
24/04/2025,C,1,Z2,2,Setaria incressata,3,,2.8,,,,,,Fenced,C,
24/04/2025,C,1,Z2,2,,,,4.1,,,,,,Fenced,C,
24/04/2025,C,1,Z2,1,Setaria incressata,4,,11.2,N,Y,5,N,1.2,Fenced,C,
24/04/2025,C,1,Z2,1,Heteropogon contortus,4,,12.4,,,,,,Fenced,C,
24/04/2025,C,1,Z2,1,Digitaria erianthra,5,,12.1,,,,,,Fenced,C,
24/04/2025,C,1,Z2,1,,,,8.4,,,,,,Fenced,C,
24/04/2025,C,1,Z2,4,Setaria incressata,6,,4,N,Y,2,N,1.3,Fenced,C,
24/04/2025,C,1,Z2,4,,,,4.5,,,,,,Fenced,C,
24/04/2025,C,1,Z2,4,,,,3.6,,,,,,Fenced,C,
24/04/2025,C,1,Z2,4,,,,3.6,,,,,,Fenced,C,
24/04/2025,C,1,Z1,3,B.N,1,,5.2,N,Y,1,N,1.3,Fenced,C,
24/04/2025,C,1,Z1,3,Panicum maximum,1,,5.2,,,,,,Fenced,C,
24/04/2025,C,1,Z1,3,,,,4.8,,,,,,Fenced,C,
24/04/2025,C,1,Z1,3,,,,5.2,,,,,,Fenced,C,
24/04/2025,C,1,Z1,5,Pogonarthria squarrosa,15,,1.7,N,Y,1,Y,0.15,Fenced,C,
24/04/2025,C,1,Z1,5,,,,1.7,,,,,,Fenced,C,
24/04/2025,C,1,Z1,5,,,,1.7,,,,,,Fenced,C,
24/04/2025,C,1,Z1,5,,,,1.7,,,,,,Fenced,C,
24/04/2025,C,1,Z1,2,Pogonarthria squarrosa,4,,16.3,N,Y,4,N,1,Fenced,C,
24/04/2025,C,1,Z1,2,Digitaria erianthra,6,,13.1,,,,,,Fenced,C,
24/04/2025,C,1,Z1,2,,,,10.8,,,,,,Fenced,C,
24/04/2025,C,1,Z1,2,,,,9.4,,,,,,Fenced,C,
24/04/2025,C,1,Z1,1,Setaria incressata,1,,6.8,N,Y,2,N,1,Fenced,C,
24/04/2025,C,1,Z1,1,Digitaria erianthra,1,,6,,,,,,Fenced,C,
24/04/2025,C,1,Z1,1,Pogonarthria squarrosa,5,,5,,,,,,Fenced,C,
24/04/2025,C,1,Z1,1,Heteropogon contortus,2,,4.7,,,,,,Fenced,C,
24/04/2025,C,1,Z1,4,Setaria incressata,6,,4,N,Y,3,N,1,Fenced,C,
24/04/2025,C,1,Z1,4,Melenis repens,1,,5.3,,,,,,Fenced,C,
24/04/2025,C,1,Z1,4,Heteropogon contortus,2,,4.5,,,,,,Fenced,C,
24/04/2025,C,1,Z1,4,,,,5.2,,,,,,Fenced,C,
24/04/2025,C,1,Z3,2,Aristida ads,1,,4.3,N,Y,2,N,1.2,Unfenced,C,
24/04/2025,C,1,Z3,2,Digitaria erianthra,1,,4.2,,,,,,Unfenced,C,
24/04/2025,C,1,Z3,2,Pogonarthria squarrosa,3,,4.2,,,,,,Unfenced,C,
24/04/2025,C,1,Z3,2,Heteropogon contortus,2,,4.7,,,,,,Unfenced,C,
24/04/2025,C,1,Z3,5,Setaria incressata,3,,2.2,N,Y,1,N,0.15,Unfenced,C,
24/04/2025,C,1,Z3,5,E.G,1,,2.2,,,,,,Unfenced,C,
24/04/2025,C,1,Z3,5,,,,2.2,,,,,,Unfenced,C,
24/04/2025,C,1,Z3,5,,,,0,,,,,,Unfenced,C,
24/04/2025,C,1,Z3,3,Heteropogon contortus,3,,5.2,N,Y,4,N,1.5,Unfenced,C,
24/04/2025,C,1,Z3,3,Setaria incressata,4,,6.5,,,,,,Unfenced,C,
24/04/2025,C,1,Z3,3,D. velutina,4,,6.7,,,,,,Unfenced,C,
24/04/2025,C,1,Z3,3,,,,6.7,,,,,,Unfenced,C,
24/04/2025,C,1,Z3,4,Digitaria erianthra,5,,2.7,N,Y,3.5,N,1,Unfenced,C,
24/04/2025,C,1,Z3,4,Panicum maximum,1,,3.5,,,,,,Unfenced,C,
24/04/2025,C,1,Z3,4,E.G,2,,3.5,,,,,,Unfenced,C,
24/04/2025,C,1,Z3,4,Pogonarthria squarrosa,2,,3.3,,,,,,Unfenced,C,
24/04/2025,C,1,Z3,4,Setaria incressata,2,,,,,,,,Unfenced,C,
24/04/2025,C,1,Z1,1,Aristida ads,3,,1.8,N,Y,1.5,N,0.6,Unfenced,C,
24/04/2025,C,1,Z1,1,Setaria incressata,2,,1.8,,,,,,Unfenced,C,
24/04/2025,C,1,Z1,1,,,,1.8,,,,,,Unfenced,C,
24/04/2025,C,1,Z1,1,,,,2.2,,,,,,Unfenced,C,
24/04/2025,C,1,Z4,2,Setaria incressata,4,,3.8,N,Y,4,N,1.1,Unfenced,C,
24/04/2025,C,1,Z4,2,Digitaria erianthra,1,,3.7,,,,,,Unfenced,C,
24/04/2025,C,1,Z4,2,,,,3.6,,,,,,Unfenced,C,
24/04/2025,C,1,Z4,2,,,,5.4,,,,,,Unfenced,C,
24/04/2025,C,1,Z4,5,Aristida ads,6,,4.7,N,Y,3.5,Y,1.2,Unfenced,C,
24/04/2025,C,1,Z4,5,Setaria incressata,2,,4.4,,,,,,Unfenced,C,
24/04/2025,C,1,Z4,5,E.G,2,,4,,,,,,Unfenced,C,
24/04/2025,C,1,Z4,5,Pogonarthria squarrosa,8,,3.8,,,,,,Unfenced,C,
24/04/2025,C,1,Z4,3,Heteropogon contortus,2,,5.8,N,Y,2,Y,1.4,Unfenced,C,
24/04/2025,C,1,Z4,3,Digitaria erianthra,3,,2.7,,,,,,Unfenced,C,
24/04/2025,C,1,Z4,3,,,,4.5,,,,,,Unfenced,C,
24/04/2025,C,1,Z4,3,,,,4.5,,,,,,Unfenced,C,
24/04/2025,C,1,Z4,4,Panicum maximum,3,,8.6,N,Y,2.5,N,1.6,Unfenced,C,
24/04/2025,C,1,Z4,4,Heteropogon contortus,3,,7.8,,,,,,Unfenced,C,
24/04/2025,C,1,Z4,4,,,,8,,,,,,Unfenced,C,
24/04/2025,C,1,Z4,4,,,,9.8,,,,,,Unfenced,C,
24/04/2025,C,1,Z4,1,Panicum maximum,1,,2.4,N,Y,1.5,N,0.7,Unfenced,C,
24/04/2025,C,1,Z4,1,Aristida ads,2,,2.5,,,,,,Unfenced,C,
24/04/2025,C,1,Z4,1,Digitaria erianthra,1,,0,,,,,,Unfenced,C,
24/04/2025,C,1,Z4,1,Setaria incressata,5,,2.5,,,,,,Unfenced,C,
25/04/2025,C,5,Z1,4,Pogonarthria squarrosa,4,,13.4,N,N,6,N,1.1,Fenced,THF,
25/04/2025,C,5,Z1,4,Digitaria erianthra,14,,15,,,,,,Fenced,THF,
25/04/2025,C,5,Z1,4,Heteropogon contortus,1,,15.1,,,,,,Fenced,THF,
25/04/2025,C,5,Z1,4,,,,15.1,,,,,,Fenced,THF,
25/04/2025,C,5,Z1,3,Heteropogon contortus,3,,19,N,N,6,N,1,Fenced,THF,
25/04/2025,C,5,Z1,3,Digitaria erianthra,3,,17.3,,,,,,Fenced,THF,
25/04/2025,C,5,Z1,3,Melenis repens,1,,17.8,,,,,,Fenced,THF,
25/04/2025,C,5,Z1,3,E.R,1,,17.7,,,,,,Fenced,THF,
25/04/2025,C,5,Z1,3,Pogonarthria squarrosa,14,,,,,,,,Fenced,THF,
25/04/2025,C,5,Z1,1,Digitaria erianthra,15,,10.1,N,N,6.5,N,0.9,Fenced,THF,
25/04/2025,C,5,Z1,1,E.V,27,,11.2,,,,,,Fenced,THF,
25/04/2025,C,5,Z1,1,E.G,11,,10,,,,,,Fenced,THF,
25/04/2025,C,5,Z1,1,,,,9.8,,,,,,Fenced,THF,
25/04/2025,C,5,Z1,2,Panicum maximum,2,,5.4,N,Y,3,N,1.7,Fenced,THF,
25/04/2025,C,5,Z1,2,D. velutina,4,,4.6,,,,,,Fenced,THF,
25/04/2025,C,5,Z1,2,,,,6.5,,,,,,Fenced,THF,
25/04/2025,C,5,Z1,2,,,,2.3,,,,,,Fenced,THF,
25/04/2025,C,5,Z1,5,Panicum maximum,4,,10,N,Y,5,N,1.5,Fenced,THF,
25/04/2025,C,5,Z1,5,Melenis repens,1,,11.2,,,,,,Fenced,THF,
25/04/2025,C,5,Z1,5,D. velutina,2,,12.6,,,,,,Fenced,THF,
25/04/2025,C,5,Z1,5,BB,3,,12.9,,,,,,Fenced,THF,
25/04/2025,C,5,Z1,5,Digitaria erianthra,2,,,,,,,,Fenced,THF,
25/04/2025,C,5,Z1,5,Heteropogon contortus,2,,,,,,,,Fenced,THF,
25/04/2025,C,5,Z1,5,,,,,,,,,,Fenced,THF,
25/04/2025,C,5,Z2,4,Pogonarthria squarrosa,11,,24.6,N,N,5,N,1.2,Fenced,THF,
25/04/2025,C,5,Z2,4,Melenis repens,1,,26.2,,,,,,Fenced,THF,
25/04/2025,C,5,Z2,4,Andropogon eucomas,2,,24.7,,,,,,Fenced,THF,
25/04/2025,C,5,Z2,4,Heteropogon contortus,2,,23.2,,,,,,Fenced,THF,
25/04/2025,C,5,Z2,3,Pogonarthria squarrosa,5,,10,N,N,2,N,1.1,Fenced,THF,
25/04/2025,C,5,Z2,3,E.R,1,,14.6,,,,,,Fenced,THF,
25/04/2025,C,5,Z2,3,Heteropogon contortus,1,,18.1,,,,,,Fenced,THF,
25/04/2025,C,5,Z2,3,Digitaria erianthra,1,,14.7,,,,,,Fenced,THF,
25/04/2025,C,5,Z2,5,Panicum maximum,3,,6.5,N,Y,2,N,1.3,Fenced,THF,
25/04/2025,C,5,Z2,5,D. velutina,4,,6,,,,,,Fenced,THF,
25/04/2025,C,5,Z2,5,,,,5.5,,,,,,Fenced,THF,
25/04/2025,C,5,Z2,5,,,,4.8,,,,,,Fenced,THF,
25/04/2025,C,5,Z2,2,Panicum maximum,6,,2.5,N,Y,2,N,1,Fenced,THF,
25/04/2025,C,5,Z2,2,D. velutina,3,,2.5,,,,,,Fenced,THF,
25/04/2025,C,5,Z2,2,Heteropogon contortus,3,,8.1,,,,,,Fenced,THF,
25/04/2025,C,5,Z2,2,,,,7.1,,,,,,Fenced,THF,
25/04/2025,C,5,Z2,1,Panicum maximum,3,,15.3,N,Y,2,N,1.6,Fenced,THF,
25/04/2025,C,5,Z2,1,D. velutina,5,,15.4,,,,,,Fenced,THF,
25/04/2025,C,5,Z2,1,,,,13.3,,,,,,Fenced,THF,
25/04/2025,C,5,Z2,1,,,,0,,,,,,Fenced,THF,
25/04/2025,C,5,Z4,3,Digitaria erianthra,3,,10.1,N,N,4.9,N,1,Unfenced,THF,
25/04/2025,C,5,Z4,3,BB,2,,12,,,,,,Unfenced,THF,
25/04/2025,C,5,Z4,3,E.G,4,,9.6,,,,,,Unfenced,THF,
25/04/2025,C,5,Z4,3,,,,9,,,,,,Unfenced,THF,
25/04/2025,C,5,Z4,5,Heteropogon contortus,2,,2.6,N,Y,5,N,1.2,Unfenced,THF,
25/04/2025,C,5,Z4,5,Aristida ads,4,,5.4,,,,,,Unfenced,THF,
25/04/2025,C,5,Z4,5,E.G,6,,4.8,,,,,,Unfenced,THF,
25/04/2025,C,5,Z4,5,B.N,1,,6.4,,,,,,Unfenced,THF,
25/04/2025,C,5,Z4,5,BB,1,,,,,,,,Unfenced,THF,
25/04/2025,C,5,Z4,2,Aristida ads,3,,7.3,N,Y,3.5,N,1.1,Unfenced,THF,
25/04/2025,C,5,Z4,2,Digitaria erianthra,2,,10.5,,,,,,Unfenced,THF,
25/04/2025,C,5,Z4,2,Heteropogon contortus,1,,10,,,,,,Unfenced,THF,
25/04/2025,C,5,Z4,2,,,,10.5,,,,,,Unfenced,THF,
25/04/2025,C,5,Z4,1,E.S,1,,8.9,N,N,3.5,N,1.1,Unfenced,THF,
25/04/2025,C,5,Z4,1,Aristida ads,2,,9.8,,,,,,Unfenced,THF,
25/04/2025,C,5,Z4,1,Pogonarthria squarrosa,2,,10.9,,,,,,Unfenced,THF,
25/04/2025,C,5,Z4,1,Heteropogon contortus,1,,12.3,,,,,,Unfenced,THF,
25/04/2025,C,5,Z4,4,Panicum maximum,1,,4.5,N,Y,2,N,1.1,Unfenced,THF,
25/04/2025,C,5,Z4,4,D. velutina,12,,4.6,,,,,,Unfenced,THF,
25/04/2025,C,5,Z4,4,,,,5.9,,,,,,Unfenced,THF,
25/04/2025,C,5,Z4,4,,,,5.7,,,,,,Unfenced,THF,
25/04/2025,C,5,Z3,2,B.N,5,,17.7,N,Y,6,N,1.6,Unfenced,THF,
25/04/2025,C,5,Z3,2,Pogonarthria squarrosa,5,,15.5,,,,,,Unfenced,THF,
25/04/2025,C,5,Z3,2,E.G,1,,23.5,,,,,,Unfenced,THF,
25/04/2025,C,5,Z3,2,E.V,10,,22.4,,,,,,Unfenced,THF,
25/04/2025,C,5,Z3,1,Heteropogon contortus,1,,9.1,N,Y,2.5,N,1,Unfenced,THF,
25/04/2025,C,5,Z3,1,D. velutina,4,,7.4,,,,,,Unfenced,THF,
25/04/2025,C,5,Z3,1,B.N,1,,8.5,,,,,,Unfenced,THF,
25/04/2025,C,5,Z3,1,E.R,1,,10.9,,,,,,Unfenced,THF,
25/04/2025,C,5,Z3,1,E.G,4,,,,,,,,Unfenced,THF,
25/04/2025,C,5,Z3,5,Panicum maximum,3,,8.7,N,Y,2.5,N,1.4,Unfenced,THF,
25/04/2025,C,5,Z3,5,D. velutina,2,,6.3,,,,,,Unfenced,THF,
25/04/2025,C,5,Z3,5,,,,7.3,,,,,,Unfenced,THF,
25/04/2025,C,5,Z3,5,,,,7.3,,,,,,Unfenced,THF,
25/04/2025,C,5,Z3,4,Panicum maximum,2,,13.7,N,Y,4,N,1.4,Unfenced,THF,
25/04/2025,C,5,Z3,4,D. velutina,4,,11.9,,,,,,Unfenced,THF,
25/04/2025,C,5,Z3,4,,,,12.1,,,,,,Unfenced,THF,
25/04/2025,C,5,Z3,4,,,,13.7,,,,,,Unfenced,THF,
25/04/2025,C,5,Z3,3,BB,1,,0,N,Y,2,N,1,Unfenced,THF,
25/04/2025,C,5,Z3,3,D. velutina,3,,0,,,,,,Unfenced,THF,
25/04/2025,C,5,Z3,3,,,,4.4,,,,,,Unfenced,THF,
25/04/2025,C,5,Z3,3,,,,10.3,,,,,,Unfenced,THF,
25/04/2025,C,3,Z3,4,H.Dissoluta,1,,8.7,N,Y,6,N,1.2,Unfenced,TTTTTT,
25/04/2025,C,3,Z3,4,Heteropogon contortus,6,,11.1,,,,,,Unfenced,TTTTTT,
25/04/2025,C,3,Z3,4,Melenis repens,3,,14.2,,,,,,Unfenced,TTTTTT,
25/04/2025,C,3,Z3,4,E.V,2,,10.2,,,,,,Unfenced,TTTTTT,
25/04/2025,C,3,Z3,4,Pogonarthria squarrosa,2,,,,,,,,Unfenced,TTTTTT,
25/04/2025,C,3,Z3,4,Digitaria erianthra,1,,,,,,,,Unfenced,TTTTTT,
25/04/2025,C,3,Z3,1,Heteropogon contortus,4,,4.7,N,N,2,N,1,Unfenced,TTTTTT,
25/04/2025,C,3,Z3,1,Pogonarthria squarrosa,1,,6.7,,,,,,Unfenced,TTTTTT,
25/04/2025,C,3,Z3,1,Digitaria erianthra,1,,4.9,,,,,,Unfenced,TTTTTT,
25/04/2025,C,3,Z3,1,,,,0,,,,,,Unfenced,TTTTTT,
25/04/2025,C,3,Z3,5,Aristida ads,4,,3,N,Y,4.5,N,1.1,Unfenced,TTTTTT,
25/04/2025,C,3,Z3,5,Cynodon dactylon,5,,4.1,,,,,,Unfenced,TTTTTT,
25/04/2025,C,3,Z3,5,Setaria incressata,4,,5.6,,,,,,Unfenced,TTTTTT,
25/04/2025,C,3,Z3,5,Pogonarthria squarrosa,2,,4.3,,,,,,Unfenced,TTTTTT,
25/04/2025,C,3,Z3,2,Heteropogon contortus,2,,4.3,N,N,4,N,1.2,Unfenced,TTTTTT,
25/04/2025,C,3,Z3,2,Pogonarthria squarrosa,2,,4.2,,,,,,Unfenced,TTTTTT,
25/04/2025,C,3,Z3,2,Aristida ads,1,,4.2,,,,,,Unfenced,TTTTTT,
25/04/2025,C,3,Z3,2,E.R,1,,7.1,,,,,,Unfenced,TTTTTT,
25/04/2025,C,3,Z3,2,Setaria incressata,1,,,,,,,,Unfenced,TTTTTT,
25/04/2025,C,3,Z3,3,Pogonarthria squarrosa,5,,4.5,N,N,4.5,N,1,Unfenced,TTTTTT,
25/04/2025,C,3,Z3,3,E.R,3,,7.1,,,,,,Unfenced,TTTTTT,
25/04/2025,C,3,Z3,3,E.G,7,,6.8,,,,,,Unfenced,TTTTTT,
25/04/2025,C,3,Z3,3,Digitaria erianthra,1,,6.9,,,,,,Unfenced,TTTTTT,
25/04/2025,C,3,Z4,1,H.Dissoluta,3,,6.8,N,Y,3,Y,1,Unfenced,TTTTTT,
25/04/2025,C,3,Z4,1,E.G,4,,4.7,,,,,,Unfenced,TTTTTT,
25/04/2025,C,3,Z4,1,Pogonarthria squarrosa,3,,6.5,,,,,,Unfenced,TTTTTT,
25/04/2025,C,3,Z4,1,E.R,1,,6.3,,,,,,Unfenced,TTTTTT,
25/04/2025,C,3,Z4,1,E.V,6,,,,,,,,Unfenced,TTTTTT,
25/04/2025,C,3,Z4,2,Digitaria erianthra,6,,5.6,Y,Y,4.5,Y,0.4,Unfenced,TTTTTT,
25/04/2025,C,3,Z4,2,Pogonarthria squarrosa,4,,5.6,,,,,,Unfenced,TTTTTT,
25/04/2025,C,3,Z4,2,,,,5.4,,,,,,Unfenced,TTTTTT,
25/04/2025,C,3,Z4,2,,,,5.1,,,,,,Unfenced,TTTTTT,
25/04/2025,C,3,Z4,5,Pogonarthria squarrosa,7,,10.3,Y,N,3,Y,0.75,Unfenced,TTTTTT,
25/04/2025,C,3,Z4,5,BB,1,,8.4,,,,,,Unfenced,TTTTTT,
25/04/2025,C,3,Z4,5,Digitaria erianthra,1,,8.1,,,,,,Unfenced,TTTTTT,
25/04/2025,C,3,Z4,5,E.R,1,,7.7,,,,,,Unfenced,TTTTTT,
25/04/2025,C,3,Z4,3,E.R,3,,6.6,N,N,3.5,N,0.8,Unfenced,TTTTTT,Forbs present
25/04/2025,C,3,Z4,3,Pogonarthria squarrosa,1,,6.4,,,,,,Unfenced,TTTTTT,
25/04/2025,C,3,Z4,3,Digitaria erianthra,4,,6.8,,,,,,Unfenced,TTTTTT,
25/04/2025,C,3,Z4,3,,,,7.2,,,,,,Unfenced,TTTTTT,
25/04/2025,C,3,Z4,4,Heteropogon contortus,2,,15.9,N,Y,7,N,1.3,Unfenced,TTTTTT,
25/04/2025,C,3,Z4,4,Aristida ads,4,,14.4,,,,,,Unfenced,TTTTTT,
25/04/2025,C,3,Z4,4,Digitaria erianthra,8,,22.6,,,,,,Unfenced,TTTTTT,
25/04/2025,C,3,Z4,4,Pogonarthria squarrosa,2,,20.1,,,,,,Unfenced,TTTTTT,
25/04/2025,C,3,Z1,1,E.G,8,,6.3,N,N,3.5,N,1.2,Fenced,TTTTTT,
25/04/2025,C,3,Z1,1,E.S,1,,7.1,,,,,,Fenced,TTTTTT,
25/04/2025,C,3,Z1,1,Pogonarthria squarrosa,3,,9.2,,,,,,Fenced,TTTTTT,
25/04/2025,C,3,Z1,1,Panicum maximum,3,,10.7,,,,,,Fenced,TTTTTT,
25/04/2025,C,3,Z1,1,E.V,2,,,,,,,,Fenced,TTTTTT,
25/04/2025,C,3,Z1,1,Digitaria erianthra,2,,,,,,,,Fenced,TTTTTT,
25/04/2025,C,3,Z1,2,Digitaria erianthra,3,,9.1,N,Y,3.5,N,0.5,Fenced,TTTTTT,
25/04/2025,C,3,Z1,2,,,,7.9,,,,,,Fenced,TTTTTT,
25/04/2025,C,3,Z1,2,,,,6.8,,,,,,Fenced,TTTTTT,
25/04/2025,C,3,Z1,2,,,,7.3,,,,,,Fenced,TTTTTT,
25/04/2025,C,3,Z1,5,Heteropogon contortus,2,,12.8,N,N,5,N,1.1,Fenced,TTTTTT,
25/04/2025,C,3,Z1,5,Panicum maximum,2,,9.5,,,,,,Fenced,TTTTTT,
25/04/2025,C,3,Z1,5,,,,13.1,,,,,,Fenced,TTTTTT,
25/04/2025,C,3,Z1,5,,,,31,,,,,,Fenced,TTTTTT,
25/04/2025,C,3,Z1,4,D. velutina,2,,20.7,N,Y,4,N,1,Fenced,TTTTTT,
25/04/2025,C,3,Z1,4,Heteropogon contortus,7,,17.1,,,,,,Fenced,TTTTTT,
25/04/2025,C,3,Z1,4,Panicum maximum,1,,14.7,,,,,,Fenced,TTTTTT,
25/04/2025,C,3,Z1,4,,,,13.3,,,,,,Fenced,TTTTTT,
25/04/2025,C,3,Z1,3,BB,10,,12.8,N,Y,7,N,1.2,Fenced,TTTTTT,
25/04/2025,C,3,Z1,3,Heteropogon contortus,2,,19,,,,,,Fenced,TTTTTT,
25/04/2025,C,3,Z1,3,E.V,6,,15.8,,,,,,Fenced,TTTTTT,
25/04/2025,C,3,Z1,3,Bracharia serrata,3,,14.5,,,,,,Fenced,TTTTTT,
25/04/2025,C,3,Z2,2,Digitaria erianthra,5,,18.1,N,Y,3.5,N,1,Fenced,TTTTTT,
25/04/2025,C,3,Z2,2,Melenis repens,1,,21.1,,,,,,Fenced,TTTTTT,
25/04/2025,C,3,Z2,2,,,,17.3,,,,,,Fenced,TTTTTT,
25/04/2025,C,3,Z2,2,,,,15,,,,,,Fenced,TTTTTT,
25/04/2025,C,3,Z2,1,Heteropogon contortus,2,,16,N,Y,6,N,1.3,Fenced,TTTTTT,
25/04/2025,C,3,Z2,1,Pogonarthria squarrosa,9,,14.4,,,,,,Fenced,TTTTTT,
25/04/2025,C,3,Z2,1,D. velutina,6,,16.2,,,,,,Fenced,TTTTTT,
25/04/2025,C,3,Z2,1,,,,17.2,,,,,,Fenced,TTTTTT,
25/04/2025,C,3,Z2,4,BB,1,,5.5,N,Y,2.5,N,1.8,Fenced,TTTTTT,
25/04/2025,C,3,Z2,4,Bracharia serrata,1,,4.3,,,,,,Fenced,TTTTTT,
25/04/2025,C,3,Z2,4,,,,0,,,,,,Fenced,TTTTTT,
25/04/2025,C,3,Z2,4,,,,0,,,,,,Fenced,TTTTTT,
25/04/2025,C,3,Z2,5,Heteropogon contortus,3,,13.6,N,N,6,N,1.2,Fenced,TTTTTT,
25/04/2025,C,3,Z2,5,Pogonarthria squarrosa,7,,22.9,,,,,,Fenced,TTTTTT,
25/04/2025,C,3,Z2,5,BB,3,,20.4,,,,,,Fenced,TTTTTT,
25/04/2025,C,3,Z2,5,Aristida ads,2,,20.8,,,,,,Fenced,TTTTTT,
25/04/2025,C,3,Z2,3,Panicum maximum,4,,4.5,N,Y,3.5,N,1,Fenced,TTTTTT,
25/04/2025,C,3,Z2,3,Heteropogon contortus,1,,4.7,,,,,,Fenced,TTTTTT,
25/04/2025,C,3,Z2,3,,,,4,,,,,,Fenced,TTTTTT,
25/04/2025,C,3,Z2,3,,,,4.2,,,,,,Fenced,TTTTTT,
25/04/2025,C,3,Z2,,,,,,,,,,,Fenced,TTTTTT,
25/04/2025,C,3,Z2,,,,,,,,,,,Fenced,TTTTTT,
25/04/2025,C,3,Z2,,,,,,,,,,,Fenced,TTTTTT,
25/04/2025,C,3,Z2,,,,,,,,,,,Fenced,TTTTTT,
25/04/2025,C,3,Z2,,,,,,,,,,,Fenced,TTTTTT,
25/04/2025,C,3,Z2,,,,,,,,,,,Fenced,TTTTTT,
25/04/2025,C,3,Z2,,,,,,,,,,,Fenced,TTTTTT,
25/04/2025,C,3,Z2,,,,,,,,,,,Fenced,TTTTTT,
25/04/2025,C,3,Z2,,,,,,,,,,,Fenced,TTTTTT,
25/04/2025,C,3,Z2,,,,,,,,,,,Fenced,TTTTTT,
25/04/2025,C,3,Z2,,,,,,,,,,,Fenced,TTTTTT,
25/04/2025,C,3,Z2,,,,,,,,,,,Fenced,TTTTTT,
25/04/2025,C,3,Z2,,,,,,,,,,,Fenced,TTTTTT,
25/04/2025,C,3,Z2,,,,,,,,,,,Fenced,TTTTTT,
25/04/2025,C,3,Z2,,,,,,,,,,,Fenced,TTTTTT,
