Site,Spp_name,Max_Height,Stem_count
A,Vachellia Karroo,3.2,3
A,Fluegga Virosa,1,4
A,Peltophorum Africanum,0.8,2
A,Peltophorum Africanum,1.3,1
A,Combretum Hereroense,1.3,1
A,Vachellia Nilotica,1.5,2
A,Warburgia Salutaris,1,5
A,Berchemia Zeyheri,0.7,6
A,Senegalia Rehmanniana,0.4,2
A,Combretum Hereroense,1.5,1
A,Warburgia Salutaris,0.5,2
A,Senegalia Rehmanniana,3,2
A,Senegalia Rehmanniana,6,2
A,Ziziphus Mucronata,0.5,1
A,Gardenia Spathulifolia,0.3,1
A,Combretum Hereroense,1.5,2
A,Gymnosporia Senegalensis,0.8,1
A,Dichrostachys Cinerea,0.3,2
A,Fluegga Virosa,1.1,3
A,Combretum Imberbe,2.5,2
A,Senegalia Rehmanniana,1.6,1
A,Fluegga Virosa,1,8
A,Vachellia Gerrardii,1.5,4
A,Ziziphus Mucronata,1,1
A,Berchemia Zeyheri,2,19
A,Vachellia Karroo,0.3,3
A,Vachellia Karroo,3.1,2
A,Vachellia Karroo,1.3,3
A,Vachellia Gerrardii,1,1
A,Dichrostachys Cinerea,1,4
A,Fluegga Virosa,1,5
A,Senegalia Rehmanniana,0.7,1
A,Dichrostachys Cinerea,0.5,1
A,Ziziphus Mucronata,0.5,2
A,Vachellia Karroo,3,1
A,Piliostigma Thonningii,0.7,1
A,Warburgia Salutaris,1,1
A,Vachellia Gerrardii,3,1
A,Vachellia Gerrardii,2,1
A,Dichrostachys Cinerea,1.5,1
A,Carissa Bispinosa,1.5,1
A,Combretum Imberbe,1.4,2
A,Vachellia Karroo,0.8,1
A,Combretum Imberbe,0.7,1
A,Vachellia Karroo,1.3,1
A,Warburgia Salutaris,0.8,1
A,Senegalia Rehmanniana,0.9,4
A,Gardenia Spathulifolia,0.4,1
A,Piliostigma Thonningii,1.5,2
A,Vachellia Gerrardii,1.2,2
A,Vachellia Karroo,1.6,2
A,Ziziphus Mucronata,1.5,1
A,Bolusanthus Speciosus,2,4
A,Diplorhynchus Condylocarpon,1.8,2
A,Fluegga Virosa,1,9
A,Warburgia Salutaris,1.3,6
A,Ziziphus Mucronata,1.1,1
A,Ziziphus Mucronata,3,1
A,Combretum Hereroense,1.1,2
A,Vachellia Karroo,1.7,3
A,Warburgia Salutaris,1.3,4
A,Rhus Lancea,3.5,2
A,Fluegga Virosa,1.2,4
A,Bolusanthus Speciosus,2,3
A,Dichrostachys Cinerea,0.6,3
A,Euclea Divinorum,3,6
A,Vachellia Nilotica,3,1
A,Bolusanthus Speciosus,3,3
A,Dichrostachys Cinerea,2.2,2
A,Warburgia Salutaris,2.2,3
A,Warburgia Salutaris,1.9,2
A,Ziziphus Mucronata,3.2,1
A,Peltophorum Africanum,1.4,1
A,Diospyros Lycioides,1.4,4
A,Euclea Divinorum,1,2
A,Fluegga Virosa,1.5,1
A,Vachellia Gerrardii,2.1,3
A,Carissa Bispinosa,2.1,6
A,Vachellia Nilotica,2.2,1
A,Allophylus Africanus,2.5,1
A,Bolusanthus Speciosus,3,12
A,Zanthoxylum Capense,0.5,1
A,Warburgia Salutaris,1.5,1
A,Combretum Hereroense,0.8,2
A,Rhus Leptodictya,2,3
A,Vachellia Gerrardii,3.5,2
A,Warburgia Salutaris,2,1
A,Dichrostachys Cinerea,1.3,4
A,Dichrostachys Cinerea,3,1
A,Fluegga Virosa,3,2
A,Allophylus Africanus,2.5,2
A,Ziziphus Mucronata,1,2
A,Fluegga Virosa,1.5,2
A,Warburgia Salutaris,2.5,2
A,Vachellia Gerrardii,3.8,1
A,Ziziphus Mucronata,1.3,2
A,Dichrostachys Cinerea,1.8,1
A,Piliostigma Thonningii,1,5
A,Vachellia Gerrardii,1.1,1
A,Peltophorum Africanum,1.7,3
A,Combretum Hereroense,6.1,5
A,Ziziphus Mucronata,2.5,1
A,Dichrostachys Cinerea,2.5,1
A,Carissa Bispinosa,1,1
A,Dichrostachys Cinerea,1.2,2
A,Senegalia Rehmanniana,1.5,3
A,Combretum Apiculatum,1.5,1
A,Vachellia Gerrardii,2.8,1
A,Vachellia Gerrardii,1.4,1
A,Piliostigma Thonningii,1,3
A,Combretum Hereroense,0.6,1
A,Vachellia Gerrardii,0.7,1
A,Vachellia Gerrardii,0.25,1
A,Carissa Bispinosa,1.5,3
A,Ziziphus Mucronata,0.2,3
A,Combretum Hereroense,2.3,2
A,Peltophorum Africanum,3.2,1
A,Bolusanthus Speciosus,2,2
A,Warburgia Salutaris,2.5,1
A,Ziziphus Mucronata,2,1
A,Euclea Divinorum,2.6,6
A,Grewia Decomovulata,2,1
A,Grewia Monticola,2,1
A,Vachellia Karroo,0.25,1
A,Ziziphus Mucronata,0.6,1
A,Vachellia Karroo,2.4,1
A,Vachellia Karroo,2,1
A,Carissa Bispinosa,2.3,5
A,Carissa Bispinosa,1.4,4
A,Fluegga Virosa,1,1
A,Ziziphus Mucronata,0.8,1
A,Fluegga Virosa,1,3
A,Senegalia Rehmanniana,1.8,1
A,Dichrostachys Cinerea,1,2
A,Euclea Divinorum,1.3,3
A,Carissa Bispinosa,0.8,1
A,Combretum Hereroense,0.7,1
A,Fluegga Virosa,1.5,4
A,Fluegga Virosa,0.9,6
A,Combretum Hereroense,1.7,1
A,Vachellia Karroo,2.8,2
A,Warburgia Salutaris,1,4
A,Grewia Monticola,1.5,1
A,Grewia Decomovulata,2.9,1
A,Ziziphus Mucronata,3,2
A,Grewia Monticola,2,5
A,Vachellia Nilotica,2,1
A,Fluegga Virosa,1.7,2
A,Dichrostachys Cinerea,2,1
A,Dichrostachys Cinerea,2,2
A,Ziziphus Mucronata,2,2
A,Fluegga Virosa,1.5,8
A,Bolusanthus Speciosus,3,6
A,Allophylus Africanus,2,1
A,Fluegga Virosa,1,2
A,Berchemia Zeyheri,1,5
A,Grewia Decomovulata,1,6
A,Euclea Divinorum,2.5,4
A,Diospyros Lycioides,2,1
A,Diospyros Lycioides,1.4,1
A,Berchemia Zeyheri,2,1
A,Fluegga Virosa,2.5,1
A,Grewia Monticola,2.8,1
A,Dichrostachys Cinerea,1.5,6
A,Ziziphus Mucronata,2.5,2
A,Rhus Leptodictya,1,1
A,Rhus Leptodictya,0.3,1
A,Euclea Divinorum,0.9,1
A,Vachellia Gerrardii,1.8,6
A,Zanthoxylum Capense,0.3,2
A,Rhus Leptodictya,0.5,1
A,Umtshutshwane,1.1,2
A,Berchemia Zeyheri,0.7,2
A,Rhus Leptodictya,1,4
A,Combretum Hereroense,0.25,1
A,Vachellia Nilotica,0.5,1
A,Vachellia Nilotica,1,1
A,Dichrostachys Cinerea,1.6,4
A,Ziziphus Mucronata,1.6,2
A,Gymnosporia Senegalensis,1,1
A,Combretum Hereroense,2.9,2
A,Senegalia Ataxacantha,1,2
A,Dichrostachys Cinerea,2,3
A,Vachellia Gerrardii,2.1,1
A,Bolusanthus Speciosus,0.7,1
A,Peltophorum Africanum,1,2
A,Ozoroa Insignis,1.4,6
A,Ziziphus Mucronata,3.3,2
A,Ziziphus Mucronata,2,3
A,Combretum Hereroense,1.4,6
A,Ziziphus Mucronata,0.6,4
A,Gymnosporia Senegalensis,1.5,1
A,Warburgia Salutaris,0.7,4
A,Vachellia Nilotica,0.8,3
A,Combretum Hereroense,0.8,1
A,Elaeodendron Papillosum,0.4,1
A,Fluegga Virosa,0.9,2
A,Combretum Hereroense,3,1
A,Diospyros Lycioides,1.8,1
A,Allophylus Africanus,1.8,4
A,Vachellia Gerrardii,2.3,1
A,Peltophorum Africanum,1.8,1
A,Vachellia Karroo,1.8,1
A,Peltophorum Africanum,1.3,3
A,Combretum Hereroense,1.2,1
A,Combretum Apiculatum,0.9,1
A,Carissa Bispinosa,1.3,3
A,Gymnosporia Senegalensis,2,2
A,Vachellia Gerrardii,0.8,1
A,Vachellia Gerrardii,1.5,1
A,Combretum Hereroense,0.4,1
A,Combretum Hereroense,2.2,5
A,Combretum Hereroense,2,3
A,Combretum Hereroense,2.3,3
A,Dichrostachys Cinerea,1.8,3
A,Vachellia Gerrardii,0.9,2
A,Combretum Hereroense,2.3,5
A,Bolusanthus Speciosus,2.8,7
A,Dichrostachys Cinerea,1.1,1
A,Vachellia Gerrardii,2.1,2
A,Vachellia Karroo,0.5,1
A,Vachellia Karroo,2.3,2
A,Combretum Hereroense,1,1
A,Bolusanthus Speciosus,2.5,6
A,Combretum Hereroense,2,5
A,Bolusanthus Speciosus,2.1,3
A,Allophylus Africanus,1,2
A,Combretum Apiculatum,0.3,1
A,Vachellia Gerrardii,2.4,6
A,Vachellia Gerrardii,2.6,2
A,Ziziphus Mucronata,0.2,1
A,Vachellia Karroo,4.3,2
A,Dichrostachys Cinerea,1.3,2
A,Vachellia Gerrardii,1.2,1
A,Ziziphus Mucronata,3,3
A,Bolusanthus Speciosus,1.8,2
A,Bolusanthus Speciosus,1,1
A,Diospyros Lycioides,1,1
A,Combretum Imberbe,1.3,1
A,Dichrostachys Cinerea,1.5,2
A,Senegalia Rehmanniana,1.5,1
A,Peltophorum Africanum,1,4
A,Combretum Imberbe,2,1
A,Fluegga Virosa,1.1,2
A,Dichrostachys Cinerea,1,1
A,Vachellia Karroo,1,2
A,Vachellia Gerrardii,1.3,2
A,Vachellia Gerrardii,1.9,1
A,Senegalia Rehmanniana,1,1
A,Senegalia Rehmanniana,0.3,1
A,Combretum Hereroense,1.4,1
A,Vachellia Gerrardii,2.5,1
A,Peltophorum Africanum,1,1
A,Vachellia Karroo,1.4,1
A,Vachellia Karroo,0.7,1
A,Lippia Javanica,0.7,5
A,Gardenia Spathulifolia,0.6,3
A,Dichrostachys Cinerea,1.2,3
A,Vachellia Gerrardii,2,2
A,Combretum Imberbe,2.1,1
A,Warburgia Salutaris,0.9,1
A,Ozoroa Insignis,1.8,1
A,Combretum Hereroense,2.1,1
A,Peltophorum Africanum,0.6,2
A,Gymnosporia Senegalensis,2.4,2
A,Ziziphus Mucronata,1.4,1
A,Vachellia Karroo,1.7,1
A,Vachellia Gerrardii,1.7,1
A,Combretum Hereroense,1.1,1
A,Euclea Divinorum,0.4,2
A,Combretum Apiculatum,0.25,1
A,Vachellia Nilotica,2.1,1
A,Fluegga Virosa,2.2,5
A,Dovyalis Caffra,0.4,1
A,Dichrostachys Cinerea,1.1,3
A,Dichrostachys Cinerea,1.6,2
A,Berchemia Zeyheri,2.3,2
A,Berchemia Zeyheri,1.7,1
A,Berchemia Zeyheri,0.6,2
A,Ziziphus Mucronata,2.2,1
A,Euclea Divinorum,1.5,2
A,Grewia Decomovulata,1.2,1
A,Grewia Decomovulata,3,1
A,Peltophorum Africanum,0.3,1
A,Ziziphus Mucronata,1.8,1
A,Fluegga Virosa,2,7
A,Euclea Divinorum,1.8,3
A,Gymnosporia Senegalensis,1.9,1
A,Euclea Divinorum,1.8,1
A,Vachellia Nilotica,3.2,1
A,Gymnosporia Senegalensis,3,1
A,Vachellia Nilotica,5,1
A,Vachellia Nilotica,3,2
A,Carissa Bispinosa,1.8,3
A,Vachellia Gerrardii,1.8,7
A,Allophylus Africanus,2.3,4
A,Dichrostachys Cinerea,4.5,6
A,Allophylus Africanus,1.1,2
A,Dichrostachys Cinerea,1.3,3
A,Vachellia Karroo,1.2,1
A,Vachellia Gerrardii,3.1,1
A,Ziziphus Mucronata,1.9,1
A,Vachellia Nilotica,1.5,1
A,Ziziphus Mucronata,2.3,1
A,Vachellia Gerrardii,1.3,1
A,Carissa Bispinosa,1.3,2
A,Vachellia Karroo,0.2,1
A,Ziziphus Mucronata,0.7,1
A,Carissa Bispinosa,0.65,1
A,Dichrostachys Cinerea,1.2,1
A,Ziziphus Mucronata,1.7,1
A,Vachellia Gerrardii,2.4,1
A,Dichrostachys Cinerea,0.4,2
A,Vachellia Nilotica,0.4,1
A,Gymnosporia Senegalensis,0.8,3
A,Euclea Divinorum,1.7,3
A,Dichrostachys Cinerea,1.2,4
A,Bolusanthus Speciosus,3,11
A,Euclea Divinorum,2.2,1
A,Fluegga Virosa,1.3,4
A,Allophylus Africanus,1.7,2
A,Ziziphus Mucronata,2.3,2
A,Rhus Leptodictya,2.1,1
A,Berchemia Zeyheri,1,1
A,Lippia Javanica,1,6
A,Vachellia Karroo,1,1
A,Combretum Zeyheri,1.2,4
A,Euclea Divinorum,2.3,1
A,Carissa Bispinosa,2.4,5
A,Euclea Divinorum,3,1
A,Vachellia Karroo,2.5,1
A,Ziziphus Mucronata,0.9,1
A,Dichrostachys Cinerea,0.7,2
A,Peltophorum Africanum,0.8,1
A,Combretum Hereroense,1.6,3
A,Ozoroa Insignis,1,1
A,Vachellia Nilotica,1.6,1
A,Carissa Bispinosa,1.4,1
A,Gardenia Spathulifolia,0.5,1
A,Carissa Bispinosa,1,2
A,Dovyalis Caffra,2.2,2
A,Carissa Bispinosa,1.6,3
A,Dichrostachys Cinerea,1.7,3
A,Lantana Rugosa,0.6,3
A,Vachellia Gerrardii,3,2
A,Combretum Imberbe,1.2,1
A,Vachellia Gerrardii,1.6,1
A,Warburgia Salutaris,2.1,1
A,Vachellia Gerrardii,0.3,1
A,Dichrostachys Cinerea,1.5,4
A,Vachellia Karroo,0.5,3
A,Grewia Monticola,2.1,1
A,Gardenia Spathulifolia,0.7,1
A,Dichrostachys Cinerea,2,4
A,Dichrostachys Cinerea,3,5
A,Carissa Bispinosa,2.3,3
A,Ziziphus Mucronata,1.2,1
A,Berchemia Zeyheri,1.5,4
A,Warburgia Salutaris,3,1
A,Ziziphus Mucronata,3,4
A,Zanthoxylum Capense,0.7,2
A,Dichrostachys Cinerea,0.7,1
A,Vachellia Gerrardii,1.8,1
A,Dichrostachys Cinerea,0.8,1
A,Ziziphus Mucronata,1.7,2
A,Euclea Divinorum,0.8,1
A,Euclea Divinorum,2.5,2
A,Vachellia Gerrardii,1,3
A,Carissa Bispinosa,0.6,2
A,Dichrostachys Cinerea,3.7,4
A,Rhus Leptodictya,1.7,4
A,Vachellia Karroo,1.1,1
A,Rhus Leptodictya,4,8
A,Dichrostachys Cinerea,1,10
A,Combretum Imberbe,3.5,2
A,Berchemia Zeyheri,10,1
A,Combretum Apiculatum,0.6,1
A,Fluegga Virosa,2.5,4
A,Euclea Divinorum,0.6,1
A,Dichrostachys Cinerea,0.4,1
A,Fluegga Virosa,0.4,1
A,Dichrostachys Cinerea,1.4,2
A,Combretum Hereroense,2,1
A,Terminalia Sericea,2,2
A,Dichrostachys Cinerea,2,6
A,Combretum Hereroense,3.2,2
A,Warburgia Salutaris,1.8,1
A,Allophylus Africanus,1.8,3
A,Dichrostachys Cinerea,2.5,4
A,Warburgia Salutaris,2.3,5
A,Grewia Monticola,1.5,4
A,Carissa Bispinosa,1.8,1
A,Fluegga Virosa,1.2,2
A,Carissa Bispinosa,1.1,1
A,Ziziphus Mucronata,1.5,4
A,Combretum Hereroense,2,2
A,Diplorhynchus Condylocarpon,0.7,3
A,Gymnosporia Senegalensis,2.5,2
A,Lannea Discolor,1.3,3
A,Allophylus Africanus,1.3,3
A,Combretum Imberbe,4,1
A,Fluegga Virosa,2,4
A,Vachellia Gerrardii,0.3,2
A,Berchemia Zeyheri,1.8,1
A,Ziziphus Mucronata,2.2,4
A,Bolusanthus Speciosus,2.4,5
A,Warburgia Salutaris,2.8,2
A,Dichrostachys Cinerea,1.1,2
A,Allophylus Africanus,1,1
A,Grewia Monticola,1.8,1
A,Ziziphus Mucronata,1.8,3
A,Dichrostachys Cinerea,1.9,3
A,Warburgia Salutaris,1.7,4
A,Combretum Hereroense,5,10
A,Dichrostachys Cinerea,2.7,1
A,Carissa Bispinosa,1,4
A,Diospyros Lycioides,1.3,4
A,Berchemia Zeyheri,1.2,3
A,Vachellia Gerrardii,0.4,2
A,Warburgia Salutaris,1.1,1
A,Combretum Hereroense,1.8,1
A,Combretum Hereroense,2.1,2
A,Combretum Hereroense,1.8,2
A,Combretum Apiculatum,1,1
A,Bolusanthus Speciosus,1,4
A,Ziziphus Mucronata,0.4,1
A,Peltophorum Africanum,1.9,2
A,Vachellia Gerrardii,0.4,1
A,Allophylus Africanus,2.2,4
A,Dichrostachys Cinerea,2.1,4
A,Vachellia Nilotica,1.1,2
A,Bolusanthus Speciosus,2.5,5
A,Carissa Bispinosa,1.1,2
A,Rhus Longipes,1.1,4
A,Combretum Hereroense,0.5,1
A,Combretum Hereroense,0.7,2
A,Bolusanthus Speciosus,1.8,3
A,Allophylus Africanus,1.5,1
A,Warburgia Salutaris,1.6,2
A,Combretum Hereroense,1.6,1
A,Combretum Apiculatum,0.4,1
A,Bolusanthus Speciosus,1.8,1
A,Grewia Monticola,1.2,3
A,Gymnosporia Senegalensis,1.4,2
A,Warburgia Salutaris,1.3,2
A,Carissa Bispinosa,1.7,1
A,Bolusanthus Speciosus,1.5,1
A,Allophylus Africanus,1.2,5
A,Peltophorum Africanum,0.4,2
A,Dovyalis Caffra,1,1
A,Ziziphus Mucronata,1.2,2
A,Diplorhynchus Condylocarpon,1,3
A,Peltophorum Africanum,1.9,4
A,Carissa Bispinosa,1.7,4
A,Bolusanthus Speciosus,1.7,6
A,Combretum Hereroense,0.45,1
A,Warburgia Salutaris,2.2,12
A,Bolusanthus Speciosus,1,2
A,Bolusanthus Speciosus,2.2,3
A,Allophylus Africanus,2.3,2
A,Fluegga Virosa,0.8,1
A,Dichrostachys Cinerea,1,5
A,Vachellia Karroo,1.5,1
A,Terminalia Sericea,0.8,1
A,Carissa Bispinosa,1.5,2
A,Combretum Imberbe,1.1,1
A,Combretum Imberbe,1.8,1
A,Diospyros Lycioides,0.8,1
A,Diospyros Lycioides,1.1,4
A,Combretum Imberbe,0.6,1
A,Azanza Garckeana,0.8,3
A,Bolusanthus Speciosus,2.3,1
A,Carissa Bispinosa,2.1,10
A,Albizia Harveyi,0.3,2
A,Dichrostachys Cinerea,3.1,2
A,Allophylus Africanus,2.1,7
A,Peltophorum Africanum,2,3
A,Dichrostachys Cinerea,1.6,5
A,Ozoroa Insignis,1.2,1
A,Zanthoxylum Capense,1.3,1
A,Bolusanthus Speciosus,3,5
A,Warburgia Salutaris,1.4,4
A,Dichrostachys Cinerea,2.6,1
A,Combretum Hereroense,0.5,2
A,Senegalia Ataxacantha,1.5,3
A,Bolusanthus Speciosus,1.8,6
A,Bolusanthus Speciosus,4.5,3
A,Gymnosporia Senegalensis,0.9,2
A,Vachellia Nilotica,0.45,1
A,Combretum Apiculatum,0.35,1
A,Ozoroa Insignis,2,6
A,Combretum Hereroense,2.5,4
A,Ziziphus Mucronata,1.3,1
A,Warburgia Salutaris,0.45,2
A,Berchemia Zeyheri,0.8,5
A,Lippia Javanica,0.8,1
A,Vachellia Gerrardii,1.5,2
A,Senegalia Ataxacantha,1.2,4
A,Euclea Divinorum,1.8,4
A,Carissa Bispinosa,2,3
A,Bolusanthus Speciosus,1.3,3
A,Ozoroa Insignis,1.5,1
A,Combretum Hereroense,0.9,1
A,Diplorhynchus Condylocarpon,1.1,1
A,Senegalia Ataxacantha,2.1,4
A,Bolusanthus Speciosus,2.2,6
A,Combretum Hereroense,1,2
A,Peltophorum Africanum,1.1,2
A,Berchemia Zeyheri,2,2
A,Berchemia Zeyheri,1.5,2
A,Combretum Hereroense,2.5,1
A,Vachellia Gerrardii,0.9,1
A,Vachellia Karroo,0.9,2
A,Dichrostachys Cinerea,0.9,2
A,Gymnosporia Senegalensis,1.3,1
A,Ziziphus Mucronata,2.1,1
A,Combretum Apiculatum,2.1,1
A,Bolusanthus Speciosus,2,5
A,Combretum Hereroense,3,5
A,Dichrostachys Cinerea,2.8,2
A,Peltophorum Africanum,1.5,3
A,Vachellia Nilotica,0.6,2
A,Combretum Hereroense,1.5,3
A,Carissa Bispinosa,0.7,2
A,Ozoroa Insignis,0.45,1
A,Peltophorum Africanum,0.7,1
A,Peltophorum Africanum,1.2,2
A,Combretum Hereroense,2.2,1
A,Peltophorum Africanum,2.3,1
A,Rhus Longipes,1.2,4
A,Bolusanthus Speciosus,2.6,6
A,Warburgia Salutaris,2.4,6
A,Combretum Hereroense,3.8,2
A,Grewia Flavescens,0.4,2
A,Dalbergia Melanoxylon,0.25,1
A,Combretum Apiculatum,3,2
A,Bolusanthus Speciosus,1.9,4
A,Euclea Divinorum,1.7,1
A,Warburgia Salutaris,1.7,1
A,Lannea Discolor,0.9,1
A,Carissa Bispinosa,2,1
A,Carissa Bispinosa,2.1,3
A,Diospyros Lycioides,1.3,1
A,Senegalia Ataxacantha,1.1,3
A,Peltophorum Africanum,2.2,5
A,Ozoroa Insignis,2,2
A,Euclea Divinorum,1,1
A,Peltophorum Africanum,2,2
A,Bolusanthus Speciosus,2.4,11
A,Peltophorum Africanum,2.1,2
A,Vachellia Gerrardii,0.6,1
A,Dichrostachys Cinerea,1.5,7
A,Warburgia Salutaris,2,2
A,Grewia Flavescens,1.9,3
A,Bolusanthus Speciosus,1.3,6
A,Senegalia Ataxacantha,1.5,2
A,Combretum Hereroense,2.2,3
A,Terminalia Prunioides,0.5,2
A,Lippia Javanica,0.4,4
A,Bolusanthus Speciosus,0.4,1
A,Gymnosporia Senegalensis,0.7,2
A,Combretum Apiculatum,0.5,1
A,Vachellia Nilotica,0.7,2
A,Bolusanthus Speciosus,2.2,7
A,Gardenia Spathulifolia,1.1,2
A,Peltophorum Africanum,2.2,3
A,Lannea Discolor,1.2,1
A,Vachellia Gerrardii,1.9,3
A,Bolusanthus Speciosus,2.1,4
A,Bolusanthus Speciosus,2.5,4
A,Combretum Imberbe,1,1
A,Ormocarpum Trichocarpum,0.4,1
A,Combretum Hereroense,1.1,3
A,Peltophorum Africanum,1.4,3
A,Allophylus Africanus,0.4,4
A,Combretum Imberbe,0.2,1
A,Combretum Hereroense,1.2,3
A,Combretum Hereroense,0.1,1
A,Ozoroa Insignis,0.3,2
A,Bolusanthus Speciosus,1,3
A,Vachellia Gerrardii,2.8,3
A,Euclea Divinorum,1.1,2
A,Berchemia Zeyheri,0.25,4
A,Gymnosporia Senegalensis,1.6,3
A,Vachellia Nilotica,0.3,2
A,Lannea Discolor,1,1
A,Gymnosporia Senegalensis,1,2
A,Combretum Hereroense,1.4,4
A,Dichrostachys Cinerea,1.4,1
A,Euclea Divinorum,0.5,1
A,Senegalia Ataxacantha,1.1,2
A,Combretum Apiculatum,0.1,2
A,Bolusanthus Speciosus,2.5,8
A,Senegalia Ataxacantha,2,4
A,Combretum Hereroense,0.3,1
A,Bolusanthus Speciosus,0.8,1
A,Combretum Hereroense,0.6,2
A,Senegalia Ataxacantha,1.4,4
A,Combretum Hereroense,1.2,2
A,Lippia Javanica,1,3
A,Bolusanthus Speciosus,5.2,1
A,Carissa Bispinosa,3,1
A,Ziziphus Mucronata,1.6,1
A,Vachellia Nilotica,0.2,1
A,Berchemia Zeyheri,1,3
A,Vachellia Karroo,0.9,1
A,Combretum Hereroense,1.3,3
A,Combretum Hereroense,2.2,2
A,Combretum Hereroense,1.4,2
A,Vachellia Karroo,0.4,1
A,Combretum Hereroense,0.35,1
A,Peltophorum Africanum,1.8,4
A,Vachellia Gerrardii,0.5,1
A,Gymnosporia Senegalensis,1.1,1
A,Vachellia Karroo,0.35,1
A,Warburgia Salutaris,0.7,1
A,Peltophorum Africanum,0.8,3
A,Combretum Hereroense,1.3,2
A,Peltophorum Africanum,1.2,4
A,Bolusanthus Speciosus,1.5,2
A,Combretum Hereroense,0.45,6
A,Lannea Discolor,1,2
A,Berchemia Zeyheri,1.5,1
A,Ziziphus Mucronata,0.7,2
A,Combretum Hereroense,2.1,5
A,Vachellia Karroo,0.45,1
A,Carissa Bispinosa,0.7,4
A,Ozoroa Insignis,0.4,1
A,Zanthoxylum Capense,0.5,2
A,Berchemia Zeyheri,1.1,2
A,Euclea Divinorum,1.3,1
A,Cassia Abbreviata,0.4,1
A,Gymnosporia Senegalensis,0.4,1
A,Dovyalis Caffra,0.3,1
A,Carissa Bispinosa,1,3
A,Dichrostachys Cinerea,2.6,2
A,Combretum Imberbe,0.8,3
A,Carissa Bispinosa,1.8,5
A,Warburgia Salutaris,1.4,1
A,Vachellia Nilotica,1,4
A,Vachellia Karroo,0.65,3
A,Vachellia Karroo,1.4,3
A,Combretum Apiculatum,0.8,1
A,Combretum Hereroense,3.5,1
A,Gymnosporia Senegalensis,0.9,1
A,Diplorhynchus Condylocarpon,1.1,4
A,Bolusanthus Speciosus,1.4,4
A,Combretum Hereroense,1.6,2
A,Diplorhynchus Condylocarpon,1.5,1
A,Combretum Hereroense,2.3,4
A,Peltophorum Africanum,1.4,4
A,Combretum Hereroense,0.45,2
A,Vachellia Gerrardii,0.35,2
A,Peltophorum Africanum,0.6,3
A,Ziziphus Mucronata,1.5,2
A,Combretum Imberbe,1.3,2
A,Vachellia Gerrardii,0.45,1
A,Dichrostachys Cinerea,0.8,2
A,Warburgia Salutaris,2.7,1
A,Ozoroa Insignis,2.7,1
A,Carissa Bispinosa,1.4,3
A,Vachellia Gerrardii,0.6,3
A,Carissa Bispinosa,2.1,2
A,Cassia Abbreviata,0.6,1
A,Fluegga Virosa,0.8,4
A,Peltophorum Africanum,1.6,6
A,Piliostigma Thonningii,1,1
A,Combretum Imberbe,2.5,4
A,Peltophorum Africanum,1.6,7
A,Gymnosporia Senegalensis,2.2,2
A,Warburgia Salutaris,0.7,2
A,Combretum Imberbe,2.8,3
A,Peltophorum Africanum,2.1,7
A,Peltophorum Africanum,2.1,4
A,Bolusanthus Speciosus,1.9,8
A,Combretum Imberbe,1.5,1
A,Combretum Imberbe,2.3,1
A,Vachellia Nilotica,0.7,1
A,Carissa Bispinosa,0.5,5
A,Vachellia Gerrardii,2.3,2
A,Ozoroa Insignis,0.6,1
A,Vachellia Nilotica,1,3
A,Vachellia Gerrardii,1.6,4
A,Piliostigma Thonningii,0.4,2
A,Dichrostachys Cinerea,0.8,3
A,Bolusanthus Speciosus,1.6,6
A,Grewia Decomovulata,0.8,1
A,Grewia Decomovulata,1.2,2
A,Vachellia Gerrardii,1.8,2
A,Grewia Monticola,0.6,1
A,Dalbergia Melanoxylon,0.6,1
A,Berchemia Zeyheri,0.9,1
A,Lippia Javanica,0.8,8
A,Combretum Hereroense,1,4
A,Euclea Divinorum,0.6,3
A,Combretum Hereroense,2.5,3
A,Bolusanthus Speciosus,1.2,5
A,Peltophorum Africanum,1.1,3
A,Bolusanthus Speciosus,2,11
A,Warburgia Salutaris,1.2,2
A,Fluegga Virosa,1.2,3
A,Berchemia Zeyheri,1.4,3
A,Combretum Imberbe,1.3,7
A,Combretum Hereroense,1.8,4
A,Fluegga Virosa,0.6,2
A,Dichrostachys Cinerea,1,3
A,Bolusanthus Speciosus,1.1,4
A,Cassia Abbreviata,1,4
A,Fluegga Virosa,0.6,1
A,Combretum Imberbe,0.8,1
A,Combretum Hereroense,3,2
A,Combretum Hereroense,3,3
A,Vachellia Nilotica,2.8,3
A,Vachellia Nilotica,2.5,1
A,Gymnosporia Senegalensis,1.5,4
A,Combretum Hereroense,2.8,3
A,Bolusanthus Speciosus,2.5,2
A,Combretum Imberbe,3,3
A,Vachellia Nilotica,3.4,3
A,Carissa Bispinosa,2,2
A,Vachellia Nilotica,1.8,1
A,Vachellia Gerrardii,2.4,2
A,Combretum Imberbe,2,3
A,Allophylus Africanus,2,2
A,Combretum Hereroense,4,5
A,Combretum Hereroense,3.5,2
A,Carissa Bispinosa,3,10
A,Dichrostachys Cinerea,2.5,6
A,Combretum Apiculatum,2,1
A,Carissa Bispinosa,3,3
A,Combretum Apiculatum,1.8,2
A,Bolusanthus Speciosus,2.5,3
A,Bolusanthus Speciosus,1.5,3
A,Dichrostachys Cinerea,1.8,2
A,Peltophorum Africanum,1.5,1
A,Combretum Apiculatum,2.3,2
A,Ziziphus Mucronata,2.5,4
A,Combretum Hereroense,1.5,5
A,Combretum Hereroense,3,4
A,Bolusanthus Speciosus,2.3,6
A,Dichrostachys Cinerea,0.3,4
A,Vachellia Nilotica,0.7,3
A,Vachellia Karroo,0.7,3
A,Ormocarpum Trichocarpum,0.2,2
A,Vachellia Karroo,0.7,2
A,Vachellia Gerrardii,0.6,5
A,Combretum Hereroense,0.8,1
A,Combretum Apiculatum,0.3,4
A,Combretum Hereroense,0.6,1
A,Vachellia Karroo,0.3,2
A,Vachellia Karroo,0.8,3
A,Combretum Apiculatum,0.5,3
A,Vachellia Gerrardii,0.4,3
A,Combretum Hereroense,0.6,3
A,Combretum Hereroense,0.3,4
A,Vachellia Gerrardii,0.15,3
A,Vachellia Karroo,0.6,3
A,Combretum Hereroense,0.4,2
A,Warburgia Salutaris,0.6,4
A,Combretum Imberbe,0.7,4
A,Combretum Hereroense,0.7,2
A,Peltophorum Africanum,0.7,6
A,Vachellia Gerrardii,0.3,3
A,Combretum Apiculatum,0.6,2
A,Combretum Hereroense,0.5,2
A,Vachellia Karroo,0.6,2
A,Ormocarpum Trichocarpum,0.3,1
A,Combretum Hereroense,0.6,2
A,Combretum Apiculatum,0.6,5
A,Vachellia Gerrardii,0.9,4
A,Lannea Discolor,0.15,1
A,Combretum Apiculatum,0.7,2
A,Combretum Hereroense,0.9,4
A,Vachellia Gerrardii,0.2,3
A,Combretum Zeyheri,0.6,1
A,Bolusanthus Speciosus,0.7,2
A,Peltophorum Africanum,0.8,4
A,Vachellia Gerrardii,0.5,3
A,Peltophorum Africanum,0.15,1
A,Vachellia Gerrardii,0.9,3
A,Dichrostachys Cinerea,0.6,2
A,Allophylus Africanus,0.7,5
A,Berchemia Zeyheri,0.7,11
A,Peltophorum Africanum,0.65,5
A,Commiphora Africana,0.6,5
A,Fluegga Virosa,0.8,9
A,Combretum Apiculatum,0.7,1
A,Combretum Hereroense,0.8,2
A,Gymnosporia Senegalensis,0.5,3
A,Allophylus Africanus,0.6,5
A,Vachellia Nilotica,0.5,3
A,Allophylus Africanus,0.6,7
A,Bolusanthus Speciosus,0.5,4
A,Ziziphus Mucronata,0.7,5
A,Vachellia Gerrardii,0.2,2
A,Gymnosporia Senegalensis,0.5,6
A,Combretum Apiculatum,0.3,3
A,Gymnosporia Senegalensis,0.5,1
A,Combretum Apiculatum,0.8,2
A,Vachellia Nilotica,0.8,1
A,Senegalia Rehmanniana,0.9,2
A,Ormocarpum Trichocarpum,0.7,2
A,Vachellia Nilotica,0.7,5
A,Combretum Hereroense,0.5,3
A,Vachellia Nilotica,0.15,2
A,Gymnosporia Senegalensis,0.8,2
A,Grewia Monticola,0.9,2
A,Pterocarpus Rotundifolius,0.6,3
A,Cassia Abbreviata,0.7,1
A,Dichrostachys Cinerea,0.5,3
A,Senegalia Rehmanniana,0.8,5
A,Grewia Monticola,0.5,1
A,Lannea Discolor,0.6,1
A,Combretum Hereroense,0.75,1
A,Fluegga Virosa,0.8,3
A,Gymnosporia Senegalensis,0.55,5
A,Dichrostachys Cinerea,0.4,3
A,Combretum Hereroense,0.5,4
A,Peltophorum Africanum,0.65,2
A,Vachellia Karroo,0.2,2
A,Combretum Hereroense,3,3
A,Dichrostachys Cinerea,2,5
A,Gymnosporia Senegalensis,2,7
A,Combretum Hereroense,2.1,1
A,Combretum Hereroense,1.8,1
A,Bolusanthus Speciosus,1.8,8
A,Combretum Hereroense,2,2
A,Combretum Hereroense,3,1
A,Combretum Hereroense,3.6,1
A,Elaeodendron Papillosum,1.5,1
A,Dichrostachys Cinerea,3,6
A,Bolusanthus Speciosus,2.2,1
A,Combretum Hereroense,2,4
A,Peltophorum Africanum,3,4
A,Combretum Hereroense,3,7
A,Bolusanthus Speciosus,2,6
A,Combretum Hereroense,1.7,1
A,Bolusanthus Speciosus,3,4
A,Combretum Hereroense,3.5,1
A,Combretum Apiculatum,1.8,1
A,Vachellia Nilotica,1.5,3
A,Combretum Hereroense,2.5,4
A,Bolusanthus Speciosus,2.3,9
A,Combretum Hereroense,3.3,2
A,Dichrostachys Cinerea,2.5,5
A,Peltophorum Africanum,3.5,3
A,Bolusanthus Speciosus,3.5,7
A,Allophylus Africanus,3,3
A,Grewia Monticola,2.5,3
A,Cassia Abbreviata,1.5,1
A,Vachellia Nilotica,3.5,3
A,Euclea Divinorum,3,2
A,Fluegga Virosa,2,2
A,Combretum Hereroense,1.7,3
A,Bolusanthus Speciosus,5.5,4
A,Combretum Apiculatum,3,3
A,Berchemia Zeyheri,3,7
A,Dichrostachys Cinerea,1.7,1
A,Combretum Hereroense,1.5,5
A,Combretum Hereroense,1.5,1
A,Combretum Hereroense,2,1
A,Commiphora Africana,2,4
A,Grewia Monticola,2,2
A,Dichrostachys Cinerea,3,4
A,Gymnosporia Senegalensis,2,1
A,Combretum Hereroense,2,3
A,Combretum Apiculatum,3,1
A,Bolusanthus Speciosus,1.9,2
A,Combretum Hereroense,2.5,1
A,Combretum Apiculatum,1.5,4
A,Gymnosporia Senegalensis,1.7,1
A,Dichrostachys Cinerea,1.7,2
A,Senegalia Rehmanniana,1.7,3
A,Carissa Bispinosa,1.7,5
A,Grewia Decomovulata,4,7
A,Allophylus Africanus,0.5,3
A,Albizia Harveyi,0.6,3
A,Lannea Discolor,0.2,1
A,Allophylus Africanus,0.7,4
A,Lannea Discolor,0.5,2
A,Euclea Divinorum,0.6,2
A,Dichrostachys Cinerea,0.9,3
A,Combretum Hereroense,0.2,3
A,Dichrostachys Cinerea,0.7,3
A,Dichrostachys Cinerea,0.35,2
A,Combretum Hereroense,0.4,3
A,Vachellia Gerrardii,0.6,4
A,Grewia Monticola,0.5,2
A,Cassia Abbreviata,0.2,1
A,Vachellia Nilotica,0.5,4
A,Elaeodendron Papillosum,0.7,1
A,Vachellia Nilotica,0.6,3
A,Gymnosporia Senegalensis,0.7,3
A,Vachellia Karroo,0.6,1
A,Combretum Hereroense,0.8,3
A,Zanthoxylum Capense,0.3,3
A,Dichrostachys Cinerea,0.6,5
A,Combretum Apiculatum,0.2,2
A,Albizia Harveyi,0.6,4
A,Combretum Hereroense,0.3,3
A,Vachellia Nilotica,0.6,5
A,Gymnosporia Senegalensis,0.2,1
A,Elaeodendron Papillosum,0.2,1
A,Euclea Divinorum,0.3,3
A,Dichrostachys Cinerea,0.5,2
A,Senegalia Rehmanniana,0.9,6
A,Terminalia Prunioides,0.7,3
A,Ormocarpum Trichocarpum,0.2,5
A,Vachellia Nilotica,0.9,3
A,Combretum Apiculatum,0.6,3
A,Grewia Monticola,0.6,3
A,Combretum Apiculatum,0.9,2
A,Gardenia Spathulifolia,0.9,4
A,Ormocarpum Trichocarpum,0.5,1
A,Fluegga Virosa,0.5,2
A,Ormocarpum Trichocarpum,0.6,2
A,Dichrostachys Cinerea,0.3,3
A,Combretum Hereroense,0.7,5
A,Senegalia Rehmanniana,0.7,3
A,Euclea Divinorum,0.5,5
A,Vachellia Nilotica,0.6,4
A,Combretum Hereroense,0.3,2
A,Commiphora Africana,0.7,4
A,Pappea Capensis,0.5,5
A,Grewia Decomovulata,0.9,7
A,Combretum Hereroense,0.15,2
A,Euclea Divinorum,0.3,1
A,Vachellia Nilotica,0.6,1
A,Zanthoxylum Capense,0.5,6
A,Dichrostachys Cinerea,0.3,1
A,Diplorhynchus Condylocarpon,0.6,1
A,Bolusanthus Speciosus,0.2,1
A,Fluegga Virosa,0.8,6
A,Cassia Abbreviata,0.6,4
A,Warburgia Salutaris,0.7,11
A,Combretum Apiculatum,0.7,3
A,Vachellia Nilotica,0.3,3
A,Combretum Apiculatum,0.15,3
A,Bolusanthus Speciosus,0.3,2
A,Vachellia Karroo,0.6,4
A,Combretum Hereroense,0.3,1
A,Dichrostachys Cinerea,0.7,4
A,Ormocarpum Trichocarpum,0.6,1
A,Ormocarpum Trichocarpum,0.8,1
A,Peltophorum Africanum,0.7,2
A,Ormocarpum Trichocarpum,0.9,3
A,Fluegga Virosa,1.1,4
A,Combretum Hereroense,2,8
A,Vachellia Nilotica,3,3
A,Combretum Hereroense,4,8
A,Vachellia Nilotica,2.3,1
A,Vachellia Nilotica,4,1
A,Piliostigma Thonningii,1,2
A,Combretum Apiculatum,1,2
A,Combretum Hereroense,2,4
A,Fluegga Virosa,1.5,3
A,Warburgia Salutaris,1.6,4
A,Vachellia Nilotica,2.7,2
A,Vachellia Nilotica,4.5,1
A,Vachellia Nilotica,4.5,2
A,Fluegga Virosa,1.5,2
A,Combretum Hereroense,2.5,2
A,Combretum Hereroense,4,13
A,Vachellia Nilotica,1.8,2
A,Senegalia Rehmanniana,2,4
A,Carissa Bispinosa,1.5,7
A,Senegalia Ataxacantha,1.3,5
A,Senegalia Ataxacantha,1.3,4
A,Bolusanthus Speciosus,2,7
A,Combretum Imberbe,2,2
A,Euclea Divinorum,1.2,1
A,Allophylus Africanus,1,4
A,Combretum Apiculatum,1.6,1
A,Warburgia Salutaris,2,3
A,Vachellia Nilotica,2.4,1
A,Combretum Imberbe,2.5,5
A,Dichrostachys Cinerea,1,11
A,Bolusanthus Speciosus,2.7,3
A,Bolusanthus Speciosus,2.7,6
A,Combretum Hereroense,2.3,6
A,Combretum Hereroense,2.3,1
A,Euclea Divinorum,2,1
A,Vachellia Nilotica,2.8,4
A,Combretum Hereroense,3,7
A,Vachellia Nilotica,2,2
A,Allophylus Africanus,1.5,2
A,Combretum Hereroense,3,18
A,Combretum Hereroense,1,6
A,Vachellia Nilotica,3.5,1
A,Dichrostachys Cinerea,1.3,1
A,Vachellia Nilotica,2.8,1
A,Carissa Bispinosa,0.7,3
A,Euclea Divinorum,0.7,1
A,Grewia Monticola,0.25,6
A,Vachellia Nilotica,0.75,2
A,Allophylus Africanus,0.5,2
A,Zanthoxylum Capense,0.4,1
A,Diospyros Lycioides,0.3,1
A,Diospyros Lycioides,0.6,2
A,Fluegga Virosa,0.9,4
A,Fluegga Virosa,0.9,2
A,Vachellia Gerrardii,0.7,3
A,Gymnosporia Senegalensis,0.25,1
A,Pappea Capensis,0.4,6
A,Ormocarpum Trichocarpum,0.4,2
A,Berchemia Zeyheri,0.6,5
A,Vachellia Nilotica,0.7,4
A,Euclea Divinorum,0.25,2
A,Combretum Imberbe,0.5,2
A,Vachellia Karroo,0.85,2
A,Diospyros Lycioides,0.8,3
A,Fluegga Virosa,0.7,5
A,Diospyros Lycioides,0.5,1
A,Gardenia Spathulifolia,0.2,4
A,Vachellia Gerrardii,0.8,4
A,Ziziphus Mucronata,0.3,1
A,Ziziphus Mucronata,0.6,2
A,Berchemia Zeyheri,0.8,10
A,Vachellia Gerrardii,0.2,4
A,Peltophorum Africanum,0.05,2
A,Ziziphus Mucronata,0.9,2
A,Vachellia Karroo,0.5,4
A,Vachellia Karroo,0.8,5
A,Combretum Hereroense,0.7,3
A,Combretum Hereroense,0.7,1
A,Terminalia Sericea,1,8
A,Combretum Hereroense,1,1
A,Senegalia Rehmanniana,0.8,3
A,Fluegga Virosa,0.6,6
A,Vachellia Karroo,0.9,4
A,Gardenia Spathulifolia,0.4,3
A,Vachellia Karroo,0.5,2
A,Vachellia Gerrardii,0.7,4
A,Fluegga Virosa,0.8,5
A,Albizia Harveyi,0.7,2
A,Vachellia Karroo,0.45,2
A,Ziziphus Mucronata,0.5,3
A,Pappea Capensis,0.7,3
A,Combretum Hereroense,0.15,1
A,Combretum Apiculatum,0.3,2
A,Vachellia Nilotica,0.8,4
A,Berchemia Zeyheri,0.4,5
A,Berchemia Zeyheri,0.4,2
A,Combretum Apiculatum,0.9,3
A,Peltophorum Africanum,0.5,4
A,Gardenia Spathulifolia,0.7,2
A,Dichrostachys Cinerea,0.8,6
A,Combretum Hereroense,0.2,1
A,Combretum Apiculatum,0.5,2
A,Vachellia Karroo,0.3,1
A,Grewia Decomovulata,0.5,6
A,Vachellia Gerrardii,0.3,4
A,Dichrostachys Cinerea,0.9,4
A,Combretum Hereroense,0.9,2
A,Pappea Capensis,0.6,4
A,Euclea Divinorum,0.15,1
A,Vachellia Gerrardii,0.7,11
A,Sclerocarya Birrea,0.6,7
A,Dichrostachys Cinerea,0.5,5
A,Sclerocarya Birrea,0.1,3
A,Dichrostachys Cinerea,0.8,5
A,Vachellia Gerrardii,0.7,5
A,Sclerocarya Birrea,0.6,6
A,Sclerocarya Birrea,0.7,6
A,Fluegga Virosa,1,4
A,Ziziphus Mucronata,0.9,3
A,Allophylus Africanus,2.5,3
A,Combretum Hereroense,2.1,8
A,Combretum Hereroense,2.1,4
A,Berchemia Zeyheri,1.7,2
A,Pappea Capensis,1.1,1
A,Gardenia Spathulifolia,1.1,1
A,Fluegga Virosa,2,1
A,Vachellia Nilotica,1.2,1
A,Vachellia Gerrardii,1.1,2
A,Gardenia Spathulifolia,1.5,2
A,Combretum Hereroense,3.3,3
A,Combretum Hereroense,1.1,1
A,Vachellia Nilotica,1.3,1
A,Combretum Hereroense,3,4
A,Fluegga Virosa,4,2
A,Diospyros Lycioides,1,3
A,Combretum Apiculatum,1,3
A,Combretum Hereroense,1.7,2
A,Dichrostachys Cinerea,1.5,3
A,Combretum Apiculatum,1.7,1
A,Elaeodendron Papillosum,1.5,2
A,Commiphora Africana,2.4,3
A,Bolusanthus Speciosus,2.8,4
A,Gymnosporia Senegalensis,2,3
A,Peltophorum Africanum,3,3
A,Combretum Apiculatum,1.1,1
A,Combretum Apiculatum,2.5,1
A,Bolusanthus Speciosus,1.2,2
A,Peltophorum Africanum,2.8,4
A,Combretum Hereroense,1.5,2
A,Combretum Apiculatum,2,2
A,Combretum Hereroense,1.2,1
A,Dichrostachys Cinerea,3.5,5
A,Berchemia Zeyheri,1.5,3
A,Peltophorum Africanum,1.5,2
A,Bolusanthus Speciosus,1.7,3
A,Combretum Hereroense,3,2
A,Ormocarpum Trichocarpum,2,1
A,Combretum Hereroense,2,5
A,Combretum Imberbe,1.5,2
A,Vachellia Nilotica,1.7,1
A,Combretum Apiculatum,1.5,7
A,Grewia Monticola,4,1
A,Bolusanthus Speciosus,1.5,10
A,Vachellia Nilotica,4,2
A,Terminalia Prunioides,1,1
A,Combretum Hereroense,2.7,3
A,Fluegga Virosa,1.6,2
A,Fluegga Virosa,1.5,7
A,Carissa Bispinosa,1.5,5
A,Vachellia Nilotica,5,2
A,Combretum Hereroense,0.4,4
A,Berchemia Zeyheri,0.9,7
A,Dichrostachys Cinerea,0.8,4
A,Berchemia Zeyheri,0.5,6
A,Peltophorum Africanum,1,7
A,Diospyros Lycioides,0.2,1
A,Dichrostachys Cinerea,0.65,3
A,Combretum Hereroense,0.5,1
A,Carissa Bispinosa,0.6,5
A,Pappea Capensis,0.9,3
A,Diospyros Lycioides,0.7,4
A,Cassia Abbreviata,0.5,6
A,Fluegga Virosa,0.8,6
A,Grewia Decomovulata,0.3,5
A,Senegalia Ataxacantha,0.8,1
A,Combretum Apiculatum,0.1,5
A,Combretum Hereroense,0.6,5
A,Ziziphus Mucronata,0.3,3
A,Combretum Apiculatum,0.8,3
A,Dichrostachys Cinerea,0.2,2
A,Pappea Capensis,0.8,4
A,Sclerocarya Birrea,0.8,3
A,Combretum Hereroense,0.8,4
A,Diplorhynchus Condylocarpon,0.7,7
A,Vachellia Karroo,0.25,3
A,Vachellia Karroo,0.7,4
A,Cassia Abbreviata,0.6,2
A,Cassia Abbreviata,0.25,1
A,Ormocarpum Trichocarpum,0.2,3
A,Combretum Apiculatum,0.2,3
A,Gardenia Spathulifolia,0.2,5
A,Vachellia Nilotica,0.2,3
A,Vachellia Nilotica,0.9,4
A,Vachellia Nilotica,0.16,6
A,Vachellia Nilotica,0.05,1
A,Dichrostachys Cinerea,0.6,1
A,Vachellia Nilotica,0.2,2
A,Vachellia Nilotica,0.4,3
A,Combretum Hereroense,0.9,3
A,Gardenia Spathulifolia,0.8,5
A,Ziziphus Mucronata,0.55,3
A,Ormocarpum Trichocarpum,0.3,3
A,Ziziphus Mucronata,0.4,2
A,Ziziphus Mucronata,0.5,4
A,Dalbergia Melanoxylon,0.4,3
A,Dalbergia Melanoxylon,0.6,3
A,Dalbergia Melanoxylon,0.7,4
A,Vachellia Gerrardii,0.6,6
A,Peltophorum Africanum,0.5,3
A,Elaeodendron Papillosum,0.8,1
A,Euclea Divinorum,0.3,5
A,Combretum Hereroense,0.7,4
A,Vachellia Nilotica,0.3,1
A,Gardenia Spathulifolia,0.5,3
A,Ziziphus Mucronata,0.15,2
A,Vachellia Karroo,0.9,3
A,Vachellia Gerrardii,0.3,6
A,Ziziphus Mucronata,0.3,4
A,Dichrostachys Cinerea,0.6,4
A,Combretum Imberbe,0.9,3
A,Gymnosporia Senegalensis,0.7,4
A,Sclerocarya Birrea,0.5,5
A,Ormocarpum Trichocarpum,0.2,4
A,Gymnosporia Senegalensis,0.3,1
A,Dichrostachys Cinerea,0.6,6
A,Vachellia Nilotica,0.3,4
A,Fluegga Virosa,0.9,3
A,Lannea Discolor,0.6,3
A,Gymnosporia Senegalensis,0.6,1
A,Bolusanthus Speciosus,1.8,4
A,Pappea Capensis,2,1
A,Peltophorum Africanum,4,6
A,Dichrostachys Cinerea,4,1
A,Bolusanthus Speciosus,2.8,2
A,Combretum Hereroense,1,3
A,Bolusanthus Speciosus,4,3
A,Commiphora Africana,1,1
A,Ziziphus Mucronata,4,2
A,Combretum Hereroense,4.4,1
A,Grewia Monticola,1,2
A,Euclea Divinorum,1.5,3
A,Allophylus Africanus,1.2,4
A,Euclea Divinorum,1.2,3
A,Gymnosporia Senegalensis,1.8,1
A,Allophylus Africanus,3.5,3
A,Carissa Bispinosa,1.5,9
A,Dovyalis Caffra,1.1,3
A,Warburgia Salutaris,1.5,3
A,Dovyalis Caffra,1.5,1
A,Diplorhynchus Condylocarpon,3,2
A,Euclea Divinorum,1.4,2
A,Dichrostachys Cinerea,1.21,2
A,Carissa Bispinosa,2,5
A,Dovyalis Caffra,1,2
A,Dovyalis Caffra,2,1
A,Allophylus Africanus,2.4,5
A,Euclea Divinorum,1.5,1
A,Carissa Bispinosa,1.4,5
A,Bolusanthus Speciosus,2.1,7
A,Ozoroa Insignis,1.5,3
A,Albizia Versicolor,4,2
A,Combretum Hereroense,3,8
A,Combretum Apiculatum,2.2,2
A,Gymnosporia Senegalensis,1.8,4
A,Dichrostachys Cinerea,3,2
A,Ziziphus Mucronata,2.5,7
A,Vachellia Nilotica,2.2,2
A,Carissa Bispinosa,3,9
A,Grewia Decomovulata,1.5,12
A,Dichrostachys Cinerea,2.8,4
A,Dichrostachys Cinerea,2.8,1
A,Albizia Harveyi,0.5,2
A,Diplorhynchus Condylocarpon,0.7,5
A,Combretum Hereroense,0.4,1
A,Euclea Divinorum,0.8,3
A,Euclea Divinorum,0.5,2
A,Ozoroa Insignis,0.8,1
A,Dovyalis Caffra,0.3,2
A,Commiphora Africana,0.9,4
A,Piliostigma Thonningii,0.5,7
A,Vachellia Gerrardii,0.7,6
A,Dichrostachys Cinerea,0.9,5
A,Dovyalis Caffra,0.6,1
A,Gardenia Spathulifolia,0.55,4
A,Gardenia Spathulifolia,0.1,8
A,Terminalia Prunioides,0.4,2
A,Peltophorum Africanum,0.4,3
A,Vachellia Nilotica,0.9,1
A,Gymnosporia Senegalensis,0.6,6
A,Combretum Hereroense,0.6,4
A,Vachellia Nilotica,0.9,2
A,Grewia Monticola,0.7,3
A,Vachellia Gerrardii,0.8,6
A,Allophylus Africanus,0.9,2
A,Ormocarpum Trichocarpum,0.9,1
A,Gymnosporia Senegalensis,0.9,3
A,Dovyalis Caffra,0.8,2
A,Berchemia Zeyheri,0.9,4
A,Diplorhynchus Condylocarpon,0.4,2
A,Diplorhynchus Condylocarpon,0.4,5
A,Peltophorum Africanum,0.5,2
A,Combretum Apiculatum,0.4,3
A,Lannea Schweinfurthii,0.8,2
A,Lippia Javanica,0.7,4
A,Lippia Javanica,0.15,3
A,Bolusanthus Speciosus,3,7
A,Grewia Monticola,1.5,2
A,Combretum Hereroense,3.5,6
A,Gymnosporia Senegalensis,2.5,1
A,Dichrostachys Cinerea,2.5,9
A,Dichrostachys Cinerea,2.5,2
A,Dichrostachys Cinerea,2.5,3
A,Combretum Apiculatum,3.5,2
A,Combretum Apiculatum,3.5,4
A,Combretum Apiculatum,3.5,1
A,Vachellia Gerrardii,1.5,3
A,Vachellia Gerrardii,2,7
A,Vachellia Gerrardii,4.1,1
A,Combretum Apiculatum,2.8,2
A,Combretum Hereroense,1.8,3
A,Combretum Hereroense,1.7,2
A,Ziziphus Mucronata,3.5,3
A,Warburgia Salutaris,3,3
A,Vachellia Gerrardii,2.5,2
A,Dichrostachys Cinerea,2.8,7
A,Ziziphus Mucronata,2,5
A,Combretum Hereroense,2,6
A,Ximenia Caffra,2,3
A,Dichrostachys Cinerea,2.5,17
A,Dichrostachys Cinerea,3.5,2
A,Dichrostachys Cinerea,3.5,4
A,Warburgia Salutaris,2,9
A,Dichrostachys Cinerea,2.7,9
A,Combretum Hereroense,3.7,1
A,Bolusanthus Speciosus,3.1,5
A,Dichrostachys Cinerea,1.7,4
A,Grewia Monticola,3,5
A,Combretum Hereroense,2.5,9
A,Fluegga Virosa,2,3
A,Warburgia Salutaris,1.5,4
A,Ormocarpum Trichocarpum,1.5,1
A,Grewia Monticola,0.8,5
A,Diplorhynchus Condylocarpon,0.8,7
A,Elaeodendron Papillosum,0.9,1
A,Dichrostachys Cinerea,0.5,4
A,Ziziphus Mucronata,0.8,3
A,Diplorhynchus Condylocarpon,0.7,6
A,Vachellia Nilotica,0.5,2
A,Combretum Imberbe,0.8,4
A,Vachellia Gerrardii,0.8,2
A,Diplorhynchus Condylocarpon,0.6,5
A,Cassia Abbreviata,0.9,1
A,Dichrostachys Cinerea,0.9,1
A,Combretum Hereroense,1,2
A,Gardenia Spathulifolia,0.25,4
A,Vachellia Gerrardii,0.25,10
A,Dovyalis Caffra,0.6,4
A,Grewia Monticola,0.8,6
A,Peltophorum Africanum,0.85,8
A,Carissa Bispinosa,0.5,4
A,Gymnosporia Senegalensis,0.5,2
A,Albizia Harveyi,0.3,4
A,Cassia Abbreviata,0.3,2
A,Allophylus Africanus,0.2,2
A,Cassia Abbreviata,0.3,3
A,Elaeodendron Papillosum,0.3,2
A,Lannea Discolor,0.6,2
A,Cassia Abbreviata,0.8,2
A,Ormocarpum Trichocarpum,0.5,2
A,Ozoroa Insignis,0.7,2
A,Euclea Divinorum,0.7,2
A,Commiphora Africana,0.7,3
A,Combretum Hereroense,0.9,1
A,Vachellia Gerrardii,0.3,8
A,Combretum Zeyheri,0.6,3
A,Lannea Discolor,0.5,4
A,Fluegga Virosa,0.8,5
A,Combretum Zeyheri,0.15,5
A,Vachellia Gerrardii,2.5,3
A,Combretum Apiculatum,1.5,2
A,Vachellia Nilotica,1.7,2
A,Dichrostachys Cinerea,2.1,1
A,Peltophorum Africanum,2,1
A,Senegalia Ataxacantha,2.2,3
A,Combretum Apiculatum,2.5,2
A,Combretum Hereroense,4,6
A,Vachellia Gerrardii,2,5
A,Combretum Apiculatum,1.5,3
A,Allophylus Africanus,2,7
A,Diplorhynchus Condylocarpon,1.5,2
A,Peltophorum Africanum,3,5
A,Carissa Bispinosa,2.8,2
A,Allophylus Africanus,1.5,5
A,Bolusanthus Speciosus,1.7,2
A,Combretum Hereroense,5,3
A,Diplorhynchus Condylocarpon,2.8,1
A,Combretum Apiculatum,3,4
A,Allophylus Africanus,2.5,4
A,Pappea Capensis,1.7,1
A,Combretum Hereroense,5,5
A,Bolusanthus Speciosus,4,10
A,Bolusanthus Speciosus,2,12
A,Vachellia Gerrardii,2,3
A,Vachellia Gerrardii,4,1
A,Fluegga Virosa,1.7,3
A,Combretum Hereroense,0.25,3
A,Elaeodendron Papillosum,0.3,1
A,Allophylus Africanus,0.9,4
A,Carissa Bispinosa,0.3,1
A,Combretum Apiculatum,0.25,5
A,Lannea Discolor,0.3,2
A,Ozoroa Insignis,0.5,1
A,Diospyros Lycioides,1,4
A,Diplorhynchus Condylocarpon,0.9,5
A,Zanthoxylum Capense,0.1,1
A,Combretum Hereroense,0.1,1
A,Euclea Divinorum,0.1,2
A,Combretum Apiculatum,0.25,2
A,Ormocarpum Trichocarpum,0.15,2
A,Diplorhynchus Condylocarpon,0.3,6
A,Vachellia Gerrardii,0.1,1
A,Combretum Apiculatum,0.15,2
A,Ormocarpum Trichocarpum,0.3,2
A,Dichrostachys Cinerea,0.74,4
A,Dichrostachys Cinerea,0.15,2
A,Grewia Decomovulata,0.7,5
A,Albizia Harveyi,0.3,3
A,Bolusanthus Speciosus,0.9,2
A,Vachellia Nilotica,0.4,4
A,Gardenia Spathulifolia,0.35,5
A,Bolusanthus Speciosus,0.9,3
A,Lannea Discolor,0.55,3
A,Ormocarpum Trichocarpum,0.15,1
A,Ziziphus Mucronata,0.4,4
A,Fluegga Virosa,0.7,7
A,Dovyalis Caffra,0.6,7
A,Vachellia Gerrardii,0.6,9
A,Euclea Divinorum,0.7,3
A,Ozoroa Insignis,0.9,1
A,Diplorhynchus Condylocarpon,0.95,7
A,Lannea Discolor,0.6,6
A,Commiphora Africana,0.9,5
A,Ziziphus Mucronata,0.2,5
A,Pterocarpus Rotundifolius,1,4
A,Fluegga Virosa,0.8,2
A,Peltophorum Africanum,0.9,4
A,Vachellia Gerrardii,0.5,4
A,Peltophorum Africanum,0.5,5
A,Terminalia Prunioides,0.8,5
A,Bolusanthus Speciosus,1.5,4
A,Combretum Apiculatum,1.6,2
A,Combretum Apiculatum,1.6,3
A,Combretum Apiculatum,2.6,2
A,Combretum Apiculatum,3.4,4
A,Combretum Apiculatum,2.5,3
A,Dichrostachys Cinerea,2.5,11
A,Combretum Apiculatum,2.7,2
A,Combretum Apiculatum,2.7,3
A,Combretum Apiculatum,2.7,1
A,Carissa Bispinosa,1.8,2
A,Fluegga Virosa,1,6
A,Berchemia Zeyheri,3,2
A,Pappea Capensis,1.3,1
A,Ziziphus Mucronata,2,4
A,Combretum Apiculatum,1.7,2
A,Warburgia Salutaris,1.5,2
A,Warburgia Salutaris,1.5,7
A,Grewia Decomovulata,2,7
A,Fluegga Virosa,2,1
A,Grewia Monticola,2,3
A,Allophylus Africanus,2,3
A,Lannea Discolor,3.5,1
A,Fluegga Virosa,2.5,4
A,Elaeodendron Papillosum,1.2,1
A,Grewia Monticola,2.8,2
A,Dichrostachys Cinerea,2,9
A,Terminalia Prunioides,0.9,4
A,Senegalia Rehmanniana,0.65,3
A,Diplorhynchus Condylocarpon,0.9,8
A,Lannea Discolor,0.8,4
A,Dichrostachys Cinerea,0.45,3
A,Fluegga Virosa,0.95,8
A,Ziziphus Mucronata,0.7,4
A,Combretum Imberbe,0.6,2
A,Lannea Discolor,0.8,3
A,Diospyros Lycioides,0.9,2
A,Diplorhynchus Condylocarpon,0.7,9
A,Albizia Harveyi,0.6,2
A,Ormocarpum Trichocarpum,0.7,1
A,Vachellia Nilotica,0.8,2
A,Vachellia Gerrardii,0.9,5
A,Combretum Hereroense,0.55,2
A,Vachellia Gerrardii,0.7,2
A,Diplorhynchus Condylocarpon,0.8,8
A,Combretum Apiculatum,0.7,4
A,Ziziphus Mucronata,0.7,3
A,Gymnosporia Senegalensis,0.45,1
A,Fluegga Virosa,0.7,1
A,Bolusanthus Speciosus,0.7,4
A,Fluegga Virosa,0.9,5
A,Allophylus Africanus,0.8,5
A,Fluegga Virosa,1,5
A,Pappea Capensis,0.8,5
A,Gymnosporia Senegalensis,0.8,5
A,Combretum Hereroense,1.3,2
A,Combretum Hereroense,2.3,7
A,Combretum Hereroense,2.3,4
A,Combretum Hereroense,2.3,12
A,Combretum Apiculatum,1.3,1
A,Combretum Hereroense,1.7,4
A,Combretum Hereroense,1.3,1
A,Pterocarpus Rotundifolius,2,3
A,Dichrostachys Cinerea,1.8,6
A,Euclea Divinorum,2,2
A,Bolusanthus Speciosus,3,13
A,Gymnosporia Senegalensis,3.3,1
A,Warburgia Salutaris,2,8
A,Pterocarpus Rotundifolius,1.3,7
A,Gymnosporia Senegalensis,1.8,5
A,Gymnosporia Senegalensis,1.2,2
A,Gymnosporia Senegalensis,1.2,1
A,Ziziphus Mucronata,1.7,3
A,Ormocarpum Trichocarpum,1.2,1
A,Bolusanthus Speciosus,1.3,2
A,Peltophorum Africanum,1.5,4
A,Gymnosporia Senegalensis,4,1
A,Combretum Hereroense,1.7,8
A,Peltophorum Africanum,2.3,2
A,Combretum Hereroense,1.5,4
A,Combretum Hereroense,3.5,3
A,Combretum Hereroense,3.5,7
A,Senegalia Rehmanniana,2,2
A,Bolusanthus Speciosus,2.1,1
A,Bolusanthus Speciosus,2.1,5
A,Dichrostachys Cinerea,3.2,1
A,Pterocarpus Rotundifolius,2,4
A,Combretum Imberbe,1,3
A,Pterocarpus Rotundifolius,1.8,7
A,Pterocarpus Rotundifolius,1.8,6
A,Ormocarpum Trichocarpum,0.5,3
A,Peltophorum Africanum,0.8,5
A,Fluegga Virosa,0.3,3
A,Ormocarpum Trichocarpum,0.2,1
A,Dichrostachys Cinerea,0.3,6
A,Vachellia Gerrardii,0.8,3
A,Gardenia Spathulifolia,0.15,5
A,Combretum Imberbe,0.9,5
A,Euclea Divinorum,0.4,1
A,Peltophorum Africanum,0.4,1
A,Dovyalis Caffra,0.5,5
A,Peltophorum Africanum,0.3,3
A,Ozoroa Insignis,0.2,3
A,Dichrostachys Cinerea,0.4,4
A,Terminalia Sericea,0.6,1
A,Peltophorum Africanum,0.6,5
A,Vachellia Gerrardii,0.4,4
A,Gymnosporia Senegalensis,0.8,4
A,Gymnosporia Senegalensis,0.7,8
A,Peltophorum Africanum,0.6,10
A,Vachellia Nilotica,0.15,3
A,Vachellia Gerrardii,0.5,5
A,Diplorhynchus Condylocarpon,0.9,7
A,Ziziphus Mucronata,0.3,2
A,Ormocarpum Trichocarpum,0.6,3
A,Vachellia Gerrardii,0.15,4
A,Cassia Abbreviata,0.9,3
A,Gardenia Spathulifolia,0.5,5
A,Combretum Apiculatum,0.2,1
A,Cassia Abbreviata,0.1,1
A,Azanza Garckeana,0.9,3
A,Grewia Decomovulata,0.9,3
A,Gymnosporia Senegalensis,0.3,5
A,Fluegga Virosa,0.5,6
A,Combretum Imberbe,0.1,3
A,Ormocarpum Trichocarpum,0.1,2
A,Dichrostachys Cinerea,0.1,1
A,Cassia Abbreviata,0.3,4
A,Cassia Abbreviata,0.5,1
A,Grewia Monticola,0.8,2
A,Grewia Decomovulata,0.5,13
A,Fluegga Virosa,0.3,9
A,Fluegga Virosa,0.7,5
A,Warburgia Salutaris,0.8,15
A,Combretum Zeyheri,0.7,3
A,Albizia Harveyi,0.45,2
A,Gymnosporia Senegalensis,0.7,1
A,Cassia Abbreviata,0.5,7
A,Vachellia Gerrardii,0.35,3
A,Combretum Hereroense,4,1
A,Pterocarpus Rotundifolius,2,2
A,Fluegga Virosa,1.5,5
A,Ziziphus Mucronata,3,7
A,Bolusanthus Speciosus,2.1,6
A,Combretum Hereroense,3.7,5
A,Combretum Hereroense,3.7,3
A,Bolusanthus Speciosus,2,8
A,Pterocarpus Rotundifolius,2,1
A,Combretum Hereroense,3.1,1
A,Combretum Hereroense,2.2,4
A,Dichrostachys Cinerea,1.8,4
A,Bolusanthus Speciosus,2.5,9
A,Ziziphus Mucronata,2.8,1
A,Combretum Hereroense,3,6
A,Ziziphus Mucronata,4,1
A,Bolusanthus Speciosus,3.3,17
A,Pterocarpus Rotundifolius,1.5,3
A,Pterocarpus Rotundifolius,1.5,7
A,Pterocarpus Rotundifolius,1.5,13
A,Combretum Hereroense,2.2,8
A,Bolusanthus Speciosus,2.5,7
A,Gymnosporia Senegalensis,3,2
A,Berchemia Zeyheri,4,6
A,Gymnosporia Senegalensis,1.5,2
A,Combretum Hereroense,2.3,3
A,Combretum Hereroense,2.5,3
A,Fluegga Virosa,1.5,10
A,Combretum Hereroense,2.8,2
A,Combretum Hereroense,2.1,2
A,Combretum Hereroense,2.1,3
A,Allophylus Africanus,1.7,5
A,Terminalia Sericea,3.7,2
A,Combretum Imberbe,2.5,1
A,Combretum Hereroense,2.6,1
A,Fluegga Virosa,1.5,3
A,Vachellia Gerrardii,3,3
A,Combretum Imberbe,2.2,3
A,Combretum Imberbe,2.5,3
A,Combretum Hereroense,1.8,3
A,Warburgia Salutaris,1.8,3
A,Fluegga Virosa,1.9,1
A,Fluegga Virosa,1.9,5
A,Dichrostachys Cinerea,3.5,1
A,Bolusanthus Speciosus,1.5,5
A,Dichrostachys Cinerea,1.6,1
A,Vachellia Nilotica,5.5,1
A,Grewia Decomovulata,0.6,5
A,Lippia Javanica,0.8,6
A,Vachellia Nilotica,0.5,5
A,Vachellia Gerrardii,0.6,2
A,Combretum Apiculatum,0.1,4
A,Albizia Harveyi,0.8,3
A,Dichrostachys Cinerea,0.2,3
A,Vachellia Gerrardii,0.4,5
A,Combretum Imberbe,0.6,3
A,Combretum Hereroense,0.3,5
A,Grewia Decomovulata,0.7,11
A,Lippia Javanica,0.9,3
A,Piliostigma Thonningii,0.8,5
A,Vachellia Karroo,0.15,1
A,Dichrostachys Cinerea,0.9,6
A,Ziziphus Mucronata,0.4,3
A,Vachellia Gerrardii,0.5,13
A,Combretum Hereroense,0.9,5
A,Vachellia Gerrardii,0.5,6
A,Ziziphus Mucronata,0.6,5
A,Dichrostachys Cinerea,0.3,5
A,Combretum Hereroense,0.1,4
A,Elaeodendron Papillosum,0.25,1
A,Fluegga Virosa,0.5,4
A,Elaeodendron Papillosum,0.7,4
A,Euclea Divinorum,0.9,3
A,Terminalia Sericea,0.25,2
A,Indigofera Ormocarpoides,0.3,5
A,Allophylus Africanus,0.5,5
A,Grewia Decomovulata,0.3,6
A,Euclea Divinorum,0.3,2
A,Elaeodendron Papillosum,0.5,1
A,Sclerocarya Birrea,0.3,2
A,Piliostigma Thonningii,0.5,3
A,Albizia Harveyi,0.33,3
A,Indigofera Ormocarpoides,0.6,3
A,Ozoroa Insignis,0.65,6
A,Vachellia Gerrardii,0.65,3
A,Vachellia Karroo,0.4,4
A,Combretum Imberbe,0.6,5
A,Combretum Apiculatum,0.4,2
A,Fluegga Virosa,0.6,8
A,Sclerocarya Birrea,0.3,4
A,Combretum Apiculatum,0.8,4
A,Gardenia Spathulifolia,0.15,1
A,Ziziphus Mucronata,0.6,3
A,Combretum Imberbe,0.5,4
A,Grewia Decomovulata,0.8,3
A,Allophylus Africanus,0.2,5
A,Albizia Harveyi,0.2,1
A,Fluegga Virosa,0.9,8
A,Albizia Harveyi,0.5,5
A,Ziziphus Mucronata,0.5,5
A,Combretum Hereroense,2.7,2
A,Combretum Hereroense,3,5
A,Vachellia Gerrardii,1,2
A,Dichrostachys Cinerea,2,7
A,Combretum Hereroense,1,3
A,Combretum Hereroense,4.2,1
A,Allophylus Africanus,2.4,9
A,Peltophorum Africanum,2.5,8
A,Bolusanthus Speciosus,2.5,17
A,Combretum Hereroense,2.8,4
A,Pterocarpus Rotundifolius,2,6
A,Pterocarpus Rotundifolius,2,8
A,Diplorhynchus Condylocarpon,1.5,6
A,Combretum Hereroense,2.5,2
A,Dichrostachys Cinerea,1.5,9
A,Allophylus Africanus,3.4,5
A,Vachellia Gerrardii,2.2,1
A,Vachellia Nilotica,3.3,3
A,Vachellia Nilotica,5.7,1
A,Combretum Hereroense,2.3,1
A,Grewia Monticola,3,2
A,Vachellia Nilotica,1.3,3
A,Combretum Hereroense,2.5,6
A,Peltophorum Africanum,1.7,4
A,Combretum Hereroense,1.6,1
A,Dichrostachys Cinerea,1.8,7
A,Grewia Monticola,1.8,2
A,Grewia Monticola,1.8,6
A,Bolusanthus Speciosus,3,15
A,Vachellia Karroo,1,3
A,Grewia Decomovulata,1,2
A,Combretum Hereroense,1.5,7
A,Combretum Hereroense,2.3,2
A,Combretum Hereroense,1.1,2
A,Vachellia Gerrardii,1.7,3
A,Peltophorum Africanum,2,5
A,Bolusanthus Speciosus,1.2,4
A,Cassia Abbreviata,0.6,3
A,Euclea Divinorum,0.2,3
A,Combretum Apiculatum,0.3,5
A,Combretum Hereroense,0.2,2
A,Ormocarpum Trichocarpum,0.55,3
A,Vachellia Gerrardii,0.6,7
A,Ormocarpum Trichocarpum,0.15,3
A,Peltophorum Africanum,0.6,8
A,Combretum Imberbe,0.4,4
A,Vachellia Gerrardii,0.3,5
A,Fluegga Virosa,0.6,8
A,Combretum Apiculatum,0.4,4
A,Diospyros Lycioides,0.4,1
A,Combretum Imberbe,0.3,4
A,Grewia Monticola,0.4,6
A,Grewia Decomovulata,0.8,4
A,Zanthoxylum Capense,0.5,3
A,Ormocarpum Trichocarpum,0.7,3
A,Fluegga Virosa,0.9,13
A,Dichrostachys Cinerea,0.5,11
A,Combretum Hereroense,0.2,7
A,Combretum Hereroense,0.5,5
A,Ormocarpum Trichocarpum,0.7,4
A,Gardenia Spathulifolia,0.5,4
A,Grewia Monticola,1.2,2
A,Combretum Hereroense,1.8,7
A,Vachellia Nilotica,3,4
A,Vachellia Nilotica,4.3,1
A,Combretum Apiculatum,1.3,2
A,Pterocarpus Rotundifolius,2,9
A,Combretum Hereroense,1.3,3
A,Diplorhynchus Condylocarpon,2,3
A,Indigofera Ormocarpoides,2,2
A,Combretum Hereroense,1.4,2
A,Combretum Apiculatum,5,2
A,Dichrostachys Cinerea,2.4,6
A,Ziziphus Mucronata,2.7,2
A,Allophylus Africanus,2,5
A,Berchemia Zeyheri,1.7,3
A,Combretum Hereroense,1.5,3
A,Bolusanthus Speciosus,1.8,12
A,Vachellia Karroo,1,4
A,Ormocarpum Trichocarpum,1,1
A,Terminalia Sericea,3.5,3
A,Euclea Divinorum,2.5,10
A,Allophylus Africanus,2,4
A,Euclea Divinorum,1.5,4
A,Euclea Divinorum,2,3
A,Euclea Divinorum,1.2,2
A,Bolusanthus Speciosus,2.5,11
A,Vachellia Gerrardii,1.7,2
A,Combretum Imberbe,1.5,4
A,Vachellia Nilotica,1.1,1
A,Grewia Monticola,1.5,2
A,Vachellia Gerrardii,0.3,7
A,Euclea Divinorum,0.2,1
A,Combretum Imberbe,0.5,3
A,Terminalia Sericea,0.8,2
A,Fluegga Virosa,0.9,4
A,Dichrostachys Cinerea,0.4,5
A,Dichrostachys Cinerea,0.2,1
A,Peltophorum Africanum,0.7,4
A,Gymnosporia Senegalensis,0.7,7
A,Senegalia Ataxacantha,0.6,2
A,Lippia Javanica,0.6,3
A,Grewia Decomovulata,0.6,3
A,Rhus Leptodictya,0.7,3
A,Ziziphus Mucronata,0.8,5
A,Terminalia Sericea,0.2,1
A,Fluegga Virosa,0.5,5
A,Combretum Hereroense,0.4,5
A,Diplorhynchus Condylocarpon,0.5,7
A,Elaeodendron Papillosum,0.6,1
A,Peltophorum Africanum,0.3,2
A,Elaeodendron Papillosum,0.45,1
A,Allophylus Africanus,0.7,1
A,Dichrostachys Cinerea,0.2,5
A,Peltophorum Africanum,0.7,5
A,Gymnosporia Senegalensis,0.6,5
A,Gymnosporia Senegalensis,0.4,2
B,Vachellia Karroo,3.2,1
B,Combretum Hereroense,2.8,1
B,Vachellia Karroo,1.6,1
B,Vachellia Karroo,1,1
B,Fluegga Virosa,2.5,1
B,Peltophorum Africanum,4,2
B,Gardenia Spathulifolia,2.4,1
B,Senegalia Ataxacantha,1.2,1
B,Combretum Hereroense,4,1
B,Vachellia Nilotica,5,1
B,Peltophorum Africanum,4,1
B,Nuxia Oppositifolia,2.8,1
B,Peltophorum Africanum,4,3
B,Ziziphus Mucronata,2.3,1
B,Fluegga Virosa,1.8,1
B,Fluegga Virosa,2.3,1
B,Vachellia Karroo,3,1
B,Fluegga Virosa,1.7,4
B,Fluegga Virosa,2,3
B,Vachellia Nilotica,2.8,1
B,Peltophorum Africanum,2.4,1
B,Fluegga Virosa,2,2
B,Vachellia Karroo,3.4,1
B,Vachellia Karroo,6,1
B,Fluegga Virosa,2.8,6
B,Fluegga Virosa,1.7,5
B,Fluegga Virosa,3.5,8
B,Vachellia Karroo,0.5,1
B,Dichrostachys Cinerea,0.4,1
B,Vachellia Karroo,4.5,1
B,Allophylus Africanus,2,2
B,Vachellia Nilotica,1.5,1
B,Combretum Hereroense,0.7,3
B,Fluegga Virosa,0.8,6
B,Peltophorum Africanum,4.5,2
B,Fluegga Virosa,1.8,3
B,Vachellia Karroo,3.5,1
B,Vachellia Nilotica,0.4,2
B,Allophylus Africanus,0.35,5
B,Fluegga Virosa,0.7,4
B,Vachellia Karroo,4.3,1
B,Allophylus Africanus,1.7,4
B,Allophylus Africanus,1,2
B,Ziziphus Mucronata,0.4,2
B,Combretum Hereroense,0.5,2
B,Fluegga Virosa,0.5,2
B,Diospyros Lycioides,1,1
B,Dichrostachys Cinerea,2.5,1
B,Lippia Javanica,1.6,2
B,Dichrostachys Cinerea,0.7,1
B,Allophylus Africanus,1.8,1
B,Combretum Hereroense,1.4,1
B,Gymnosporia Senegalensis,2.5,5
B,Vachellia Karroo,3.5,2
B,Fluegga Virosa,2.4,5
B,Allophylus Africanus,0.5,5
B,Euclea Divinorum,0.3,2
B,Dichrostachys Cinerea,4,1
B,Ximenia Caffra,3.8,3
B,Diospyros Lycioides,2.5,1
B,Carissa Spinarum,1.5,2
B,Canthium Inerme,2.5,3
B,Grewia Decomovulata,3,4
B,Ziziphus Mucronata,6,1
B,Diospyros Lycioides,5,1
B,Zanthoxylum Capense,2.5,1
B,Ziziphus Mucronata,4.5,1
B,Dichrostachys Cinerea,2.4,1
B,Combretum Hereroense,2,2
B,Peltophorum Africanum,2,1
B,Vachellia Karroo,2.4,1
B,Vachellia Karroo,0.8,1
B,Vachellia Karroo,0.2,1
B,Gymnosporia Senegalensis,1.7,4
B,Vachellia Karroo,1.71,1
B,Peltophorum Africanum,3,3
B,Peltophorum Africanum,2.5,5
B,Vachellia Karroo,0.7,5
B,Dichrostachys Cinerea,0.8,6
B,Dichrostachys Cinerea,0.4,7
B,Vachellia Karroo,1.2,1
B,Peltophorum Africanum,1.7,2
B,Vachellia Nilotica,0.5,2
B,Vachellia Karroo,2.8,1
B,Senegalia Ataxacantha,0.8,2
B,Senegalia Ataxacantha,1.5,3
B,Vachellia Karroo,0.26,4
B,Gymnosporia Senegalensis,1.5,3
B,Peltophorum Africanum,3.5,2
B,Peltophorum Africanum,4.1,3
B,Senegalia Ataxacantha,2.2,2
B,Diospyros Lycioides,2,1
B,Allophylus Africanus,2.2,6
B,Vachellia Nilotica,1.8,1
B,Allophylus Africanus,1.5,13
B,Peltophorum Africanum,3.3,1
B,Ximenia Caffra,2.7,5
B,Peltophorum Africanum,2.7,1
B,Allophylus Africanus,0.7,3
B,Combretum Hereroense,1.5,1
B,Diospyros Lycioides,0.5,1
B,Peltophorum Africanum,2.9,2
B,Peltophorum Africanum,3.1,4
B,Allophylus Africanus,2.8,3
B,Gymnosporia Senegalensis,1.6,1
B,Vachellia Karroo,0.26,2
B,Dichrostachys Cinerea,0.5,4
B,Combretum Hereroense,2.6,1
B,Senegalia Ataxacantha,2,1
B,Peltophorum Africanum,0.8,3
B,Albizia Gummifera,0.4,10
B,Vachellia Nilotica,0.6,3
B,Senegalia Ataxacantha,1.5,4
B,Ziziphus Mucronata,3.3,4
B,Vachellia Karroo,0.14,4
B,Dichrostachys Cinerea,0.26,7
B,Senegalia Ataxacantha,1,6
B,Senegalia Ataxacantha,1,1
B,Senegalia Ataxacantha,1.6,1
B,Senegalia Ataxacantha,1.7,4
B,Senegalia Ataxacantha,1.68,1
B,Vachellia Karroo,0.24,1
B,Senegalia Ataxacantha,1.5,10
B,Vachellia Nilotica,0.32,6
B,Senegalia Ataxacantha,0.7,7
B,Vachellia Karroo,0.31,2
B,Vachellia Nilotica,0.44,7
B,Vachellia Karroo,1.5,1
B,Dichrostachys Cinerea,0.3,10
B,Vachellia Nilotica,0.45,4
B,Senegalia Ataxacantha,0.6,3
B,Senegalia Ataxacantha,1,4
B,Senegalia Ataxacantha,1.5,6
B,Senegalia Ataxacantha,0.5,1
B,Vachellia Karroo,0.2,3
B,Vachellia Nilotica,0.3,8
B,Vachellia Karroo,2,1
B,Senegalia Ataxacantha,0.7,2
B,Allophylus Africanus,1.4,5
B,Senegalia Ataxacantha,1.2,4
B,Senegalia Ataxacantha,1.1,4
B,Senegalia Ataxacantha,0.75,3
B,Gymnosporia Senegalensis,2.3,1
B,Gymnosporia Senegalensis,1.3,2
B,Combretum Apiculatum,0.6,2
B,Senegalia Ataxacantha,0.5,4
B,Allophylus Africanus,1.3,1
B,Combretum Apiculatum,0.24,8
B,Vachellia Karroo,0.14,2
B,Peltophorum Africanum,0.32,2
B,Senegalia Ataxacantha,1.42,3
B,Vachellia Nilotica,0.35,4
B,Peltophorum Africanum,3.6,1
B,Senegalia Ataxacantha,1.4,2
B,Fluegga Virosa,1.3,2
B,Allophylus Africanus,0.18,5
B,Albizia Gummifera,1.4,2
B,Terminalia Sericea,0.65,3
B,Senegalia Ataxacantha,0.86,4
B,Gymnosporia Senegalensis,0.6,3
B,Dichrostachys Cinerea,0.09,2
B,Fluegga Virosa,0.4,3
B,Allophylus Africanus,0.8,4
B,Combretum Hereroense,0.46,1
B,Ziziphus Mucronata,0.46,3
B,Senegalia Ataxacantha,0.14,2
B,Vachellia Karroo,4,1
B,Vachellia Nilotica,0.8,2
B,Vachellia Karroo,0.18,3
B,Combretum Hereroense,0.9,7
B,Senegalia Ataxacantha,0.4,4
B,Vachellia Nilotica,0.6,4
B,Senegalia Ataxacantha,0.7,3
B,Vachellia Nilotica,0.36,3
B,Vachellia Nilotica,0.46,3
B,Allophylus Africanus,0.42,4
B,Fluegga Virosa,0.4,1
B,Diospyros Lycioides,0.44,2
B,Senegalia Ataxacantha,1,2
B,Ziziphus Mucronata,0.38,3
B,Senegalia Ataxacantha,0.32,3
B,Vachellia Nilotica,0.26,3
B,Combretum Hereroense,0.5,3
B,Vachellia Karroo,1.1,2
B,Senegalia Ataxacantha,1.3,4
B,Dichrostachys Cinerea,0.6,3
B,Vachellia Nilotica,0.6,2
B,Ziziphus Mucronata,0.44,2
B,Vachellia Karroo,0.14,3
B,Combretum Hereroense,0.3,6
B,Allophylus Africanus,0.7,4
B,Ziziphus Mucronata,0.34,1
B,Allophylus Africanus,0.24,4
B,Allophylus Africanus,0.5,4
B,Senegalia Ataxacantha,1.6,4
B,Vachellia Karroo,5.5,1
B,Dichrostachys Cinerea,0.55,3
B,Allophylus Africanus,0.24,5
B,Senegalia Ataxacantha,0.3,2
B,Senegalia Ataxacantha,0.8,3
B,Fluegga Virosa,0.55,5
B,Gymnosporia Senegalensis,0.65,5
B,Allophylus Africanus,0.6,4
B,Ximenia Caffra,2,1
B,Diospyros Lycioides,0.48,1
B,Ziziphus Mucronata,0.45,1
B,Vachellia Karroo,3.3,1
B,Vachellia Nilotica,0.26,4
B,Vachellia Karroo,0.08,2
B,Combretum Hereroense,2.6,3
B,Combretum Hereroense,0.1,6
B,Senegalia Ataxacantha,0.1,3
B,Ziziphus Mucronata,1.5,2
B,Ziziphus Mucronata,1,2
B,Gymnosporia Senegalensis,1.6,2
B,Ziziphus Mucronata,3.4,2
B,Diospyros Lycioides,1.5,2
B,Ziziphus Mucronata,1.8,3
B,Allophylus Africanus,1.3,2
B,Euclea Divinorum,0.6,3
B,Vachellia Karroo,0.52,3
B,Fluegga Virosa,2.4,1
B,Gymnosporia Senegalensis,3,2
B,Ximenia Caffra,0.8,6
B,Senegalia Ataxacantha,0.2,2
B,Vachellia Karroo,4.5,12
B,Combretum Hereroense,0.12,1
B,Gymnosporia Senegalensis,1,1
B,Diospyros Lycioides,1.8,2
B,Diospyros Lycioides,0.2,1
B,Gymnosporia Senegalensis,0.32,2
B,Dichrostachys Cinerea,0.38,4
B,Senegalia Ataxacantha,1.5,5
B,Gardenia Spathulifolia,0.38,6
B,Vachellia Karroo,1.25,2
B,Peltophorum Africanum,0.46,3
B,Allophylus Africanus,0.5,3
B,Vachellia Karroo,0.3,2
B,Gymnosporia Senegalensis,1,3
B,Ziziphus Mucronata,3.3,3
B,Senegalia Ataxacantha,1.4,3
B,Allophylus Africanus,0.49,2
B,Vachellia Karroo,0.6,2
B,Combretum Hereroense,0.15,3
B,Vachellia Karroo,0.16,3
B,Combretum Hereroense,1.6,1
B,Senegalia Ataxacantha,1.3,6
B,Gymnosporia Senegalensis,2.2,10
B,Vachellia Nilotica,1,4
B,Combretum Hereroense,1,5
B,Vachellia Nilotica,0.24,3
B,Vachellia Karroo,0.36,3
B,Dichrostachys Cinerea,0.7,3
B,Allophylus Africanus,1.7,2
B,Fluegga Virosa,0.6,4
B,Ziziphus Mucronata,0.2,2
B,Volkameria Eriophylla,0.15,2
B,Lannea Discolor,2.4,1
B,Vachellia Nilotica,0.32,4
B,Vachellia Nilotica,0.32,3
B,Vachellia Nilotica,0.32,2
B,Vachellia Karroo,0.14,1
B,Dichrostachys Cinerea,0.26,2
B,Euclea Divinorum,1.2,1
B,Volkameria Eriophylla,0.6,3
B,Volkameria Eriophylla,0.6,2
B,Volkameria Eriophylla,0.6,1
B,Fluegga Virosa,0.44,3
B,Fluegga Virosa,0.44,2
B,Fluegga Virosa,0.44,4
B,Fluegga Virosa,0.44,6
B,Fluegga Virosa,0.44,1
B,Dichrostachys Cinerea,1.36,1
B,Allophylus Africanus,1.7,1
B,Fluegga Virosa,2.5,6
B,Ximenia Caffra,2.3,1
B,Diospyros Lycioides,4,1
B,Ziziphus Mucronata,6.5,1
B,Ziziphus Mucronata,5.5,1
B,Grewia Flavescens,2.6,1
B,Euclea Divinorum,2,3
B,Grewia Decomovulata,2.6,3
B,Grewia Decomovulata,2.6,2
B,Grewia Decomovulata,2.6,4
B,Peltophorum Africanum,5.8,3
B,Vachellia Karroo,6.7,1
B,Peltophorum Africanum,6.1,1
B,Peltophorum Africanum,3.3,2
B,Volkameria Eriophylla,0.7,1
B,Vachellia Karroo,0.4,3
B,Vachellia Karroo,0.4,2
B,Vachellia Karroo,0.4,4
B,Gymnosporia Senegalensis,1.2,2
B,Gymnosporia Senegalensis,1.2,3
B,Gymnosporia Senegalensis,1.2,1
B,Allophylus Africanus,1.2,4
B,Diospyros Lycioides,2,3
B,Vachellia Karroo,5,1
B,Vachellia Nilotica,1.3,1
B,Senegalia Ataxacantha,2,8
B,Combretum Hereroense,0.2,2
B,Fluegga Virosa,1.3,8
B,Vachellia Nilotica,0.45,5
B,Vachellia Nilotica,0.3,2
B,Allophylus Africanus,1.9,3
B,Fluegga Virosa,2.2,6
B,Vachellia Karroo,2.3,1
B,Ziziphus Mucronata,0.5,6
B,Lippia Javanica,1.1,4
B,Peltophorum Africanum,0.32,6
B,Fluegga Virosa,1,8
B,Vachellia Nilotica,1.9,2
B,Dichrostachys Cinerea,0.9,2
B,Dichrostachys Cinerea,0.6,15
B,Vachellia Nilotica,2.7,2
B,Vachellia Karroo,2.5,1
B,Dichrostachys Cinerea,2.5,2
B,Fluegga Virosa,1,3
B,Fluegga Virosa,1,5
B,Gymnosporia Senegalensis,1.3,3
B,Allophylus Africanus,1.9,2
B,Fluegga Virosa,2.8,2
B,Vachellia Karroo,1,2
B,Vachellia Gerrardii,4.2,1
B,Dichrostachys Cinerea,3.5,3
B,Allophylus Africanus,3.7,1
B,Gymnosporia Senegalensis,1.6,4
B,Gymnosporia Senegalensis,1.6,3
B,Vachellia Nilotica,0.36,2
B,Vachellia Nilotica,2.5,1
B,Ziziphus Mucronata,0.5,1
B,Allophylus Africanus,2.2,2
B,Allophylus Africanus,0.7,2
B,Vachellia Karroo,4.1,1
B,Dichrostachys Cinerea,0.6,4
B,Vachellia Karroo,1.3,1
B,Vachellia Karroo,2.5,2
B,Vachellia Karroo,1.8,1
B,Vachellia Nilotica,1.1,2
B,Peltophorum Africanum,2,2
B,Peltophorum Africanum,2.1,7
B,Senegalia Ataxacantha,2.3,3
B,Fluegga Virosa,2,10
B,Peltophorum Africanum,1.5,3
B,Dichrostachys Cinerea,1,4
B,Fluegga Virosa,1.5,10
B,Gardenia Spathulifolia,0.26,2
B,Vachellia Karroo,0.38,2
B,Ziziphus Mucronata,0.7,2
B,Ziziphus Mucronata,0.7,3
B,Fluegga Virosa,2.3,4
B,Allophylus Africanus,1.5,2
B,Allophylus Africanus,1,10
B,Gymnosporia Senegalensis,0.7,3
B,Gymnosporia Senegalensis,1.5,2
B,Vachellia Karroo,0.55,3
B,Dichrostachys Cinerea,1.5,3
B,Fluegga Virosa,1,4
B,Vachellia Karroo,0.25,3
B,Vachellia Nilotica,0.2,2
B,Vachellia Karroo,1.3,2
B,Dichrostachys Cinerea,2.2,1
B,Ziziphus Mucronata,3,1
B,Gymnosporia Senegalensis,3,1
B,Gymnosporia Senegalensis,4.5,1
B,Ziziphus Mucronata,6.2,2
B,Fluegga Virosa,2.2,10
B,Ziziphus Mucronata,6.2,1
B,Ziziphus Mucronata,2.7,1
B,Ziziphus Mucronata,1.5,3
B,Dichrostachys Cinerea,2.1,1
B,Diospyros Lycioides,2.2,1
B,Allophylus Africanus,2.3,3
B,Fluegga Virosa,2.3,6
B,Senegalia Ataxacantha,0.7,4
B,Vachellia Karroo,5.8,1
B,Peltophorum Africanum,2.5,2
B,Diospyros Lycioides,2.3,3
B,Euclea Divinorum,1.7,1
B,Vachellia Karroo,4.7,1
B,Gymnosporia Senegalensis,3.2,1
B,Allophylus Africanus,1,3
B,Vachellia Karroo,1.8,3
B,Peltophorum Africanum,5,1
B,Vachellia Karroo,4.75,1
B,Allophylus Africanus,0.85,6
B,Gardenia Spathulifolia,0.4,2
B,Vachellia Nilotica,1,1
B,Combretum Hereroense,0.28,3
B,Vachellia Karroo,0.15,2
B,Vachellia Nilotica,0.5,3
B,Senegalia Ataxacantha,1.5,2
B,Gymnosporia Senegalensis,1.5,5
B,Allophylus Africanus,1.5,3
B,Fluegga Virosa,2.6,4
B,Gymnosporia Senegalensis,2.1,1
B,Gymnosporia Senegalensis,2.1,2
B,Volkameria Eriophylla,1.6,1
B,Peltophorum Africanum,2,3
B,Allophylus Africanus,1.3,3
B,Fluegga Virosa,1.4,4
B,Ziziphus Mucronata,4,3
B,Gymnosporia Senegalensis,2.5,1
B,Allophylus Africanus,2.5,1
B,Senegalia Ataxacantha,1.7,2
B,Senegalia Ataxacantha,1.7,3
B,Carissa Bispinosa,1.5,1
B,Dichrostachys Cinerea,2.8,2
B,Ziziphus Mucronata,3.2,1
B,Ziziphus Mucronata,2,1
B,Fluegga Virosa,1.5,4
B,Fluegga Virosa,2.5,5
B,Fluegga Virosa,3.5,7
B,Fluegga Virosa,4.5,4
B,Vachellia Karroo,4.2,1
B,Ximenia Caffra,2.2,3
B,Vachellia Karroo,5.2,1
B,Vachellia Karroo,4.8,1
B,Vachellia Karroo,5.7,1
B,Dichrostachys Cinerea,0.35,2
B,Vachellia Karroo,0.33,2
B,Gymnosporia Senegalensis,1.5,1
B,Fluegga Virosa,1.8,4
B,Fluegga Virosa,2.8,3
B,Fluegga Virosa,3.8,4
B,Fluegga Virosa,4.8,3
B,Diospyros Lycioides,1.7,1
B,Vachellia Nilotica,0.2,3
B,Allophylus Africanus,1.4,1
B,Allophylus Africanus,1.4,3
B,Gardenia Spathulifolia,1.5,1
B,Gardenia Spathulifolia,1.5,2
B,Senegalia Ataxacantha,1.3,2
B,Dichrostachys Cinerea,0.5,3
B,Dichrostachys Cinerea,0.5,2
B,Combretum Hereroense,2,1
B,Vachellia Nilotica,0.15,2
B,Vachellia Karroo,0.15,3
B,Dichrostachys Cinerea,0.23,2
B,Fluegga Virosa,1.5,3
B,Gymnosporia Senegalensis,1.5,4
B,Vachellia Karroo,0.25,2
B,Dichrostachys Cinerea,0.28,3
B,Gardenia Spathulifolia,0.8,2
B,Diospyros Lycioides,0.46,2
B,Combretum Hereroense,2.5,1
B,Ziziphus Mucronata,2.4,1
B,Carissa Bispinosa,2.2,3
B,Ziziphus Mucronata,1.2,1
B,Gardenia Spathulifolia,0.7,1
B,Vachellia Karroo,0.8,2
B,Lippia Javanica,0.6,7
B,Vachellia Nilotica,3,1
B,Fluegga Virosa,3,2
B,Diospyros Lycioides,1.5,1
B,Fluegga Virosa,1.2,5
B,Fluegga Virosa,0.5,3
B,Diospyros Lycioides,0.6,1
B,Euclea Divinorum,0.45,2
B,Vachellia Karroo,0.3,4
B,Dichrostachys Cinerea,0.36,4
B,Allophylus Africanus,2,3
B,Gymnosporia Senegalensis,2,2
B,Gymnosporia Senegalensis,0.7,2
B,Vachellia Gerrardii,5,1
B,Senegalia Ataxacantha,2,3
B,Gymnosporia Senegalensis,1,4
B,Senegalia Ataxacantha,0.6,5
B,Diospyros Lycioides,0.5,2
B,Volkameria Eriophylla,0.4,1
B,Vachellia Nilotica,0.21,1
B,Vachellia Nilotica,0.13,1
B,Vachellia Nilotica,0.2,1
B,Vachellia Nilotica,0.1,1
B,Vachellia Karroo,0.25,1
B,Dichrostachys Cinerea,1.26,2
B,Vachellia Karroo,1.9,1
B,Fluegga Virosa,1.4,2
B,Combretum Hereroense,0.25,2
B,Lippia Javanica,0.65,3
B,Fluegga Virosa,1.4,5
B,Combretum Hereroense,0.7,1
B,Senegalia Ataxacantha,1.7,1
B,Senegalia Ataxacantha,0.6,4
B,Senegalia Ataxacantha,1.2,14
B,Vachellia Karroo,2.2,1
B,Combretum Hereroense,3.4,1
B,Combretum Hereroense,3.4,2
B,Senegalia Ataxacantha,1.4,7
B,Gymnosporia Senegalensis,2.3,2
B,Combretum Hereroense,2.5,2
B,Senegalia Ataxacantha,1.2,9
B,Senegalia Ataxacantha,1.2,5
B,Senegalia Ataxacantha,1.2,6
B,Gymnosporia Senegalensis,2,1
B,Combretum Hereroense,3,2
B,Combretum Hereroense,3,3
B,Combretum Hereroense,4.5,3
B,Combretum Hereroense,3.7,2
B,Allophylus Africanus,1.8,2
B,Diospyros Lycioides,1.1,2
B,Fluegga Virosa,1,7
B,Ziziphus Mucronata,5.5,4
B,Gymnosporia Senegalensis,3.3,5
B,Gymnosporia Senegalensis,3.3,9
B,Peltophorum Africanum,5.3,1
B,Allophylus Africanus,2.5,5
B,Gardenia Spathulifolia,1.7,2
B,Carissa Bispinosa,1.7,2
B,Ziziphus Mucronata,1.7,2
B,Fluegga Virosa,1.2,1
B,Combretum Hereroense,2,3
B,Peltophorum Africanum,4.5,1
B,Ziziphus Mucronata,3.5,1
B,Fluegga Virosa,1.1,2
B,Carissa Bispinosa,3.4,7
B,Gymnosporia Senegalensis,2.5,2
B,Gymnosporia Senegalensis,2.5,3
B,Fluegga Virosa,1,6
B,Carissa Bispinosa,3,9
B,Combretum Hereroense,3.5,1
B,Gymnosporia Senegalensis,1.7,3
B,Peltophorum Africanum,2.8,2
B,Allophylus Africanus,1.2,2
B,Diospyros Lycioides,3.2,1
B,Fluegga Virosa,1.3,7
B,Senegalia Ataxacantha,1.6,8
B,Combretum Hereroense,1,1
B,Allophylus Africanus,1.5,5
B,Senegalia Ataxacantha,3,13
B,Gymnosporia Senegalensis,1.5,9
B,Peltophorum Africanum,4.1,1
B,Combretum Hereroense,5.5,1
B,Gymnosporia Senegalensis,1.3,4
B,Fluegga Virosa,1.3,3
B,Boscia Angustifolia,1.2,2
B,Carissa Bispinosa,3.2,7
B,Ziziphus Mucronata,1.5,1
B,Carissa Bispinosa,2.3,6
B,Gymnosporia Senegalensis,2.5,4
B,Combretum Hereroense,3,1
B,Peltophorum Africanum,1.5,12
B,Combretum Hereroense,2.2,3
B,Allophylus Africanus,1,1
B,Carissa Bispinosa,3,1
B,Gymnosporia Senegalensis,1,7
B,Combretum Hereroense,1.1,1
B,Peltophorum Africanum,3.1,2
B,Peltophorum Africanum,3.1,5
B,Peltophorum Africanum,1.3,5
B,Gymnosporia Senegalensis,1.7,5
B,Gymnosporia Senegalensis,1.7,2
B,Gymnosporia Senegalensis,1.7,1
B,Fluegga Virosa,1,2
B,Combretum Hereroense,3.3,1
B,Peltophorum Africanum,1.7,6
B,Allophylus Africanus,5,5
B,Dichrostachys Cinerea,3.1,2
B,Gymnosporia Senegalensis,2,9
B,Diospyros Lycioides,1.7,3
B,Senegalia Ataxacantha,1.3,11
B,Fluegga Virosa,2.5,3
B,Dichrostachys Cinerea,1.5,1
B,Diospyros Lycioides,2.1,1
B,Gymnosporia Senegalensis,1.8,7
B,Gymnosporia Senegalensis,1.8,2
B,Fluegga Virosa,1.8,2
B,Dichrostachys Cinerea,1.7,1
B,Senegalia Ataxacantha,1.7,8
B,Allophylus Africanus,3,4
B,Fluegga Virosa,3.5,4
B,Fluegga Virosa,3.5,6
B,Fluegga Virosa,1.7,6
B,Fluegga Virosa,1.7,2
B,Allophylus Africanus,1.5,1
B,Fluegga Virosa,2,5
B,Fluegga Virosa,1.2,7
B,Fluegga Virosa,1.2,3
B,Grewia Decomovulata,1,15
B,Fluegga Virosa,2,9
B,Dichrostachys Cinerea,1,3
B,Euclea Divinorum,1.1,4
B,Rhus Lancea,6.6,4
B,Gymnosporia Senegalensis,3.5,3
B,Combretum Hereroense,1,2
B,Combretum Hereroense,4,2
B,Senegalia Ataxacantha,1,18
B,Peltophorum Africanum,1,5
B,Peltophorum Africanum,3,1
B,Senegalia Ataxacantha,1.8,5
B,Diospyros Lycioides,1.3,1
B,Combretum Hereroense,1,3
B,Vachellia Karroo,1.7,2
B,Gymnosporia Senegalensis,2,6
B,Senegalia Ataxacantha,1.6,7
B,Allophylus Africanus,1.8,10
B,Ziziphus Mucronata,1.7,1
B,Peltophorum Africanum,3.4,3
B,Diospyros Lycioides,3,3
B,Fluegga Virosa,2.5,14
B,Vachellia Karroo,1.4,1
B,Combretum Hereroense,2.3,1
B,Ziziphus Mucronata,2.5,2
B,Fluegga Virosa,1.5,8
B,Senegalia Ataxacantha,1,9
B,Fluegga Virosa,1.1,10
B,Dichrostachys Cinerea,1.5,4
B,Combretum Hereroense,5,4
B,Ziziphus Mucronata,2.2,2
B,Combretum Hereroense,1.5,2
B,Gymnosporia Senegalensis,1.4,1
B,Carissa Bispinosa,1.1,3
B,Carissa Bispinosa,1.1,1
B,Carissa Bispinosa,1.1,5
B,Euclea Divinorum,1,1
B,Carissa Bispinosa,2,8
B,Diospyros Lycioides,2,2
B,Dichrostachys Cinerea,2,1
B,Peltophorum Africanum,5,3
B,Gymnosporia Senegalensis,1.1,2
B,Allophylus Africanus,3,1
B,Diospyros Lycioides,1.6,1
B,Ziziphus Mucronata,1.6,1
B,Carissa Bispinosa,2,3
B,Gymnosporia Senegalensis,1.3,7
B,Allophylus Africanus,1.7,8
B,Gymnosporia Senegalensis,2.3,6
B,Diospyros Lycioides,1.7,2
B,Rhus Leptodictya,1.7,4
B,Peltophorum Africanum,5.2,2
B,Gymnosporia Senegalensis,2,3
B,Gymnosporia Senegalensis,1.5,10
B,Peltophorum Africanum,2.5,3
B,Gymnosporia Senegalensis,2,4
B,Gymnosporia Senegalensis,1.3,1
B,Allophylus Africanus,2,6
B,Ziziphus Mucronata,1,1
B,Allophylus Africanus,2,4
B,Combretum Hereroense,5,1
B,Grewia Monticola,2,1
B,Gymnosporia Senegalensis,2,5
B,Gymnosporia Senegalensis,3,3
B,Terminalia Sericea,1.4,1
B,Senegalia Ataxacantha,1,7
B,Dichrostachys Cinerea,1.7,6
B,Allophylus Africanus,3,3
B,Gymnosporia Senegalensis,1.9,1
B,Gymnosporia Senegalensis,2.8,1
B,Vachellia Karroo,4,2
B,Fluegga Virosa,3,9
B,Dichrostachys Cinerea,3,1
B,Allophylus Africanus,2.5,2
B,Dichrostachys Cinerea,2,2
B,Dichrostachys Cinerea,2,4
B,Dichrostachys Cinerea,2,3
B,Fluegga Virosa,1.6,8
B,Dichrostachys Cinerea,1.3,1
B,Gymnosporia Senegalensis,2,7
B,Dichrostachys Cinerea,4,2
B,Ziziphus Mucronata,6.7,1
B,Diospyros Lycioides,1.8,1
B,Dichrostachys Cinerea,1.3,2
B,Dichrostachys Cinerea,1.6,5
B,Vachellia Karroo,1.7,1
B,Fluegga Virosa,3,10
B,Fluegga Virosa,3,7
B,Fluegga Virosa,3,3
B,Fluegga Virosa,3,8
B,Vachellia Karroo,5,2
B,Fluegga Virosa,3,18
B,Ziziphus Mucronata,1,3
B,Fluegga Virosa,2.7,5
B,Allophylus Africanus,2.7,11
B,Diospyros Lycioides,3,2
B,Allophylus Africanus,2.5,7
B,Fluegga Virosa,2.1,6
B,Fluegga Virosa,2.1,5
B,Ziziphus Mucronata,5.3,3
B,Peltophorum Africanum,3.8,1
B,Gymnosporia Senegalensis,3.3,4
B,Diospyros Lycioides,5.5,1
B,Fluegga Virosa,1.5,5
B,Dichrostachys Cinerea,1,1
B,Combretum Hereroense,3.5,2
B,Allophylus Africanus,1.7,3
B,Combretum Hereroense,4.8,1
B,Allophylus Africanus,2,7
B,Vachellia Gerrardii,1.3,1
B,Allophylus Africanus,1.6,7
B,Terminalia Sericea,1,1
B,Bolusanthus Speciosus,2,6
B,Gymnosporia Senegalensis,1.8,1
B,Combretum Hereroense,1.7,3
B,Allophylus Africanus,1.2,1
B,Vachellia Karroo,2.7,1
B,Vachellia Karroo,3.4,2
B,Ziziphus Mucronata,2.3,2
B,Gymnosporia Senegalensis,3.3,1
B,Carissa Bispinosa,2.3,2
B,Allophylus Africanus,4.5,7
B,Ziziphus Mucronata,2.7,2
B,Allophylus Africanus,2.5,3
B,Allophylus Africanus,2.5,11
B,Vachellia Karroo,1,3
B,Gymnosporia Senegalensis,1.5,15
B,Allophylus Africanus,2.6,3
B,Allophylus Africanus,1.7,5
B,Gymnosporia Senegalensis,1.1,1
B,Vachellia Karroo,0.4,5
B,Vachellia Karroo,0.32,4
B,Vachellia Karroo,0.5,4
B,Vachellia Karroo,0.2,2
B,Diospyros Lycioides,0.7,1
B,Grewia Decomovulata,0.5,4
B,Fluegga Virosa,0.8,3
B,Allophylus Africanus,0.8,5
B,Dichrostachys Cinerea,0.3,4
B,Gymnosporia Senegalensis,0.4,1
B,Vachellia Karroo,0.3,5
B,Dichrostachys Cinerea,0.2,3
B,Vachellia Karroo,0.25,4
B,Vachellia Karroo,0.8,4
B,Dichrostachys Cinerea,0.15,1
B,Allophylus Africanus,0.4,5
B,Dichrostachys Cinerea,0.3,2
B,Carissa Bispinosa,0.3,11
B,Ziziphus Mucronata,0.4,5
B,Vachellia Nilotica,0.25,3
B,Vachellia Karroo,0.6,4
B,Senegalia Rehmanniana,0.6,4
B,Vachellia Karroo,0.9,3
B,Combretum Hereroense,0.6,8
B,Vachellia Karroo,0.6,3
B,Diospyros Lycioides,0.3,2
B,Vachellia Karroo,0.5,3
B,Dichrostachys Cinerea,0.7,6
B,Ziziphus Mucronata,0.3,3
B,Combretum Hereroense,0.7,8
B,Ziziphus Mucronata,0.5,3
B,Gymnosporia Senegalensis,0.3,2
B,Gymnosporia Senegalensis,0.25,5
B,Dichrostachys Cinerea,0.4,4
B,Vachellia Karroo,0.3,3
B,Vachellia Karroo,0.2,4
B,Vachellia Karroo,0.7,4
B,Albizia Harveyi,0.4,3
B,Albizia Harveyi,0.62,4
B,Vachellia Karroo,0.2,5
B,Dichrostachys Cinerea,0.4,6
B,Vachellia Nilotica,0.35,3
B,Vachellia Karroo,0.3,7
B,Diospyros Lycioides,0.35,2
B,Allophylus Africanus,0.6,3
B,Ziziphus Mucronata,0.3,4
B,Vachellia Nilotica,0.6,5
B,Combretum Apiculatum,1.8,3
B,Fluegga Virosa,1.1,5
B,Allophylus Africanus,3.5,7
B,Allophylus Africanus,1.5,4
B,Ziziphus Mucronata,5,2
B,Ziziphus Mucronata,5,1
B,Diospyros Lycioides,3,1
B,Allophylus Africanus,4,3
B,Vachellia Nilotica,2,1
B,Allophylus Africanus,1,4
B,Ziziphus Mucronata,3.1,1
B,Combretum Hereroense,7.1,1
B,Ziziphus Mucronata,2,2
B,Vachellia Karroo,7.6,1
B,Carissa Bispinosa,2,2
B,Peltophorum Africanum,2.5,4
B,Vachellia Karroo,1.1,1
B,Ziziphus Mucronata,2.5,1
B,Allophylus Africanus,1.7,9
B,Terminalia Sericea,4.3,1
B,Allophylus Africanus,1.7,7
B,Berchemia Zeyheri,1.5,5
B,Allophylus Africanus,2.1,3
B,Diospyros Lycioides,1.9,1
B,Diospyros Lycioides,1.5,3
B,Vachellia Nilotica,1.7,1
B,Fluegga Virosa,1.2,4
B,Allophylus Africanus,1.3,9
B,Fluegga Virosa,1.7,13
B,Ziziphus Mucronata,1.3,2
B,Ziziphus Mucronata,1.3,1
B,Diospyros Lycioides,1,2
B,Allophylus Africanus,2,5
B,Diospyros Lycioides,1,5
B,Lippia Javanica,0.7,10
B,Allophylus Africanus,0.3,4
B,Gymnosporia Senegalensis,0.7,4
B,Combretum Hereroense,0.9,6
B,Vachellia Karroo,0.08,1
B,Vachellia Karroo,0.15,1
B,Dichrostachys Cinerea,0.2,1
B,Vachellia Karroo,0.35,3
B,Ziziphus Mucronata,0.3,1
B,Diospyros Lycioides,0.7,2
B,Fluegga Virosa,0.5,5
B,Fluegga Virosa,0.5,4
B,Vachellia Karroo,0.3,6
B,Fluegga Virosa,0.6,8
B,Vachellia Karroo,0.3,1
B,Fluegga Virosa,0.7,6
B,Gymnosporia Senegalensis,0.2,1
B,Diospyros Lycioides,0.6,4
B,Gymnosporia Senegalensis,0.7,8
B,Lippia Javanica,0.6,8
B,Euclea Divinorum,0.2,1
B,Ziziphus Mucronata,0.6,5
B,Euclea Divinorum,0.3,1
B,Fluegga Virosa,0.2,3
B,Fluegga Virosa,0.9,8
B,Lippia Javanica,0.3,6
B,Vachellia Karroo,0.15,4
B,Fluegga Virosa,0.35,4
B,Allophylus Africanus,0.2,3
B,Vachellia Karroo,0.35,1
B,Allophylus Africanus,0.25,2
B,Gymnosporia Senegalensis,0.3,3
B,Vachellia Karroo,0.35,7
B,Ziziphus Mucronata,0.5,5
B,Peltophorum Africanum,0.3,1
B,Berchemia Zeyheri,0.6,9
B,Fluegga Virosa,0.6,9
B,Vachellia Nilotica,0.3,4
B,Vachellia Karroo,0.7,3
B,Vachellia Karroo,0.25,6
B,Combretum Hereroense,0.7,5
B,Gymnosporia Senegalensis,0.3,6
B,Vachellia Karroo,0.6,5
B,Lippia Javanica,0.5,10
B,Vachellia Karroo,0.35,6
B,Combretum Hereroense,0.15,6
B,Euclea Divinorum,0.25,2
B,Boscia Angustifolia,0.6,5
B,Allophylus Africanus,0.65,12
B,Allophylus Africanus,0.4,3
B,Ziziphus Mucronata,0.4,3
B,Pappea Capensis,0.3,2
B,Ziziphus Mucronata,0.6,3
B,Euclea Divinorum,0.6,2
B,Fluegga Virosa,0.6,7
B,Lippia Javanica,0.6,5
B,Zanthoxylum Capense,0.5,2
B,Fluegga Virosa,0.3,3
B,Boscia Angustifolia,0.5,5
B,Gymnosporia Senegalensis,0.6,6
B,Ziziphus Mucronata,0.6,1
B,Gymnosporia Senegalensis,0.2,3
B,Allophylus Africanus,0.3,3
B,Euclea Divinorum,0.2,2
B,Diospyros Lycioides,0.6,3
B,Grewia Monticola,0.3,6
B,Vachellia Karroo,0.35,4
B,Euclea Divinorum,0.3,3
B,Ziziphus Mucronata,0.3,5
B,Ziziphus Mucronata,0.1,1
B,Ziziphus Mucronata,0.5,4
B,Allophylus Africanus,0.4,6
B,Peltophorum Africanum,0.2,2
B,Lippia Javanica,0.5,7
B,Vachellia Karroo,0.6,6
B,Allophylus Africanus,0.2,1
B,Combretum Hereroense,0.5,8
B,Dichrostachys Cinerea,0.7,8
B,Dichrostachys Cinerea,0.4,3
B,Combretum Hereroense,0.4,6
B,Dichrostachys Cinerea,0.6,5
B,Peltophorum Africanum,0.9,5
B,Dichrostachys Cinerea,0.5,6
B,Peltophorum Africanum,0.6,3
B,Allophylus Africanus,0.4,2
B,Combretum Hereroense,0.9,3
B,Grewia Decomovulata,0.35,8
B,Gymnosporia Senegalensis,0.1,1
B,Fluegga Virosa,0.8,5
B,Allophylus Africanus,0.8,10
B,Combretum Hereroense,0.6,3
B,Gymnosporia Senegalensis,1.8,8
B,Combretum Hereroense,2.7,3
B,Combretum Imberbe,3,4
B,Combretum Hereroense,1.2,1
B,Fluegga Virosa,2,1
B,Vachellia Karroo,0.9,4
B,Gymnosporia Senegalensis,0.3,1
B,Gymnosporia Senegalensis,0.05,1
B,Allophylus Africanus,0.05,2
B,Vachellia Karroo,0.1,1
B,Allophylus Africanus,0.3,1
B,Combretum Hereroense,0.1,1
B,Vachellia Karroo,0.45,3
B,Diospyros Lycioides,0.9,1
B,Gymnosporia Senegalensis,0.5,4
B,Allophylus Africanus,0.6,7
B,Vachellia Karroo,0.5,5
B,Allophylus Africanus,0.8,7
B,Gymnosporia Senegalensis,0.6,5
B,Ziziphus Mucronata,0.3,6
B,Peltophorum Africanum,0.4,2
B,Grewia Decomovulata,0.3,6
B,Allophylus Africanus,0.9,4
B,Dichrostachys Cinerea,0.6,9
B,Vachellia Karroo,0.4,6
B,Diospyros Lycioides,0.4,5
B,Combretum Hereroense,0.2,4
B,Fluegga Virosa,0.9,9
B,Vachellia Karroo,0.9,2
B,Vachellia Nilotica,0.9,4
B,Ziziphus Mucronata,0.25,1
B,Allophylus Africanus,0.4,7
B,Senegalia Rehmanniana,0.7,5
B,Vachellia Nilotica,0.9,3
B,Diospyros Lycioides,0.3,3
B,Ziziphus Mucronata,0.7,4
B,Gymnosporia Senegalensis,0.25,1
B,Gymnosporia Senegalensis,0.9,3
B,Gymnosporia Senegalensis,0.2,2
B,Zanthoxylum Capense,0.5,1
B,Allophylus Africanus,0.6,6
B,Diospyros Lycioides,0.7,5
B,Fluegga Virosa,0.9,10
B,Fluegga Virosa,0.8,11
B,Euclea Divinorum,0.8,5
B,Fluegga Virosa,0.9,7
B,Dichrostachys Cinerea,0.58,4
B,Combretum Hereroense,0.4,5
B,Vachellia Nilotica,0.4,4
B,Berchemia Zeyheri,0.3,4
B,Allophylus Africanus,0.3,5
B,Ziziphus Mucronata,0.1,3
B,Lippia Javanica,0.6,2
B,Senegalia Rehmanniana,0.2,6
B,Allophylus Africanus,0.8,3
B,Allophylus Africanus,2.3,6
B,Peltophorum Africanum,3,6
B,Combretum Hereroense,2.1,2
B,Gymnosporia Senegalensis,1.4,5
B,Allophylus Africanus,1,7
B,Gymnosporia Senegalensis,3.2,3
B,Vachellia Karroo,3,7
B,Combretum Hereroense,5.8,2
B,Allophylus Africanus,2,1
B,Carissa Bispinosa,1,3
B,Ziziphus Mucronata,4,4
B,Carissa Bispinosa,2.5,4
B,Gymnosporia Senegalensis,2,15
B,Fluegga Virosa,1.7,7
B,Euclea Divinorum,2,2
B,Gymnosporia Senegalensis,1.7,7
B,Ziziphus Mucronata,3,2
B,Vachellia Karroo,2,2
B,Vachellia Karroo,2,3
B,Euclea Divinorum,1.7,2
B,Vachellia Karroo,6.8,1
B,Senegalia Ataxacantha,0.9,10
B,Vachellia Karroo,0.4,8
B,Lippia Javanica,0.8,12
B,Dichrostachys Cinerea,0.6,6
B,Allophylus Africanus,0.5,2
B,Dichrostachys Cinerea,0.8,4
B,Combretum Hereroense,0.7,4
B,Vachellia Karroo,0.1,3
B,Fluegga Virosa,0.9,4
B,Combretum Hereroense,0.7,3
B,Gymnosporia Senegalensis,0.8,3
B,Combretum Hereroense,0.3,3
B,Gardenia Spathulifolia,0.6,4
B,Fluegga Virosa,0.3,5
B,Dichrostachys Cinerea,0.3,8
B,Fluegga Virosa,0.9,3
B,Allophylus Africanus,0.4,1
B,Vachellia Karroo,0.5,8
B,Lippia Javanica,0.9,6
B,Ziziphus Mucronata,0.8,3
B,Lippia Javanica,0.8,5
B,Senegalia Rehmanniana,0.3,7
B,Lippia Javanica,0.3,5
B,Vachellia Nilotica,0.3,5
B,Vachellia Karroo,0.6,7
B,Combretum Hereroense,0.3,5
B,Ziziphus Mucronata,0.6,4
B,Allophylus Africanus,0.9,1
B,Dichrostachys Cinerea,0.3,6
B,Lippia Javanica,0.8,8
B,Allophylus Africanus,0.9,6
B,Lippia Javanica,0.65,5
B,Vachellia Karroo,0.9,1
B,Diospyros Lycioides,0.8,1
B,Fluegga Virosa,0.9,5
B,Combretum Hereroense,0.6,5
B,Allophylus Africanus,0.1,1
B,Combretum Apiculatum,0.3,4
B,Gardenia Spathulifolia,0.2,3
B,Combretum Zeyheri,0.2,1
B,Gardenia Spathulifolia,0.2,4
B,Fluegga Virosa,2.5,2
B,Fluegga Virosa,1.5,2
B,Ziziphus Mucronata,1,4
B,Vachellia Karroo,2.1,1
B,Ziziphus Mucronata,2.2,1
B,Vachellia Karroo,1.5,2
B,Fluegga Virosa,1.5,7
B,Combretum Hereroense,2.3,3
B,Ziziphus Mucronata,2,3
B,Diospyros Lycioides,1.6,5
B,Boscia Angustifolia,1,1
B,Diospyros Lycioides,2.3,1
B,Allophylus Africanus,3,6
B,Allophylus Africanus,2.5,4
B,Gymnosporia Senegalensis,0.5,2
B,Combretum Hereroense,0.15,3
B,Dichrostachys Cinerea,0.3,3
B,Dichrostachys Cinerea,0.7,4
B,Carissa Bispinosa,0.45,12
B,Vachellia Nilotica,0.7,9
B,Dichrostachys Cinerea,0.15,4
B,Gymnosporia Senegalensis,0.15,3
B,Dichrostachys Cinerea,0.25,5
B,Diospyros Lycioides,0.6,2
B,Vachellia Nilotica,0.05,1
B,Fluegga Virosa,0.3,4
B,Vachellia Karroo,0.1,4
B,Ziziphus Mucronata,0.4,4
B,Lippia Javanica,0.7,8
B,Diospyros Lycioides,0.2,5
B,Combretum Hereroense,0.2,5
B,Dichrostachys Cinerea,0.8,3
B,Fluegga Virosa,0.7,5
B,Allophylus Africanus,0.6,5
B,Combretum Hereroense,0.2,3
B,Ziziphus Mucronata,0.6,6
B,Diospyros Lycioides,0.3,1
B,Diospyros Lycioides,0.15,2
B,Lippia Javanica,0.9,3
B,Vachellia Karroo,0.4,7
B,Fluegga Virosa,0.6,5
B,Fluegga Virosa,0.25,6
B,Lippia Javanica,0.4,7
B,Dichrostachys Cinerea,0.15,3
B,Senegalia Rehmanniana,0.6,6
B,Vachellia Karroo,0.8,8
B,Vachellia Nilotica,0.3,6
B,Combretum Hereroense,0.05,2
B,Rhus Lancea,0.15,3
B,Allophylus Africanus,0.6,2
B,Diospyros Lycioides,0.4,2
B,Euclea Divinorum,0.1,1
B,Senegalia Rehmanniana,0.8,3
B,Senegalia Rehmanniana,0.5,3
B,Dichrostachys Cinerea,0.25,3
B,Lippia Javanica,0.9,5
B,Combretum Hereroense,0.5,7
B,Allophylus Africanus,0.7,5
B,Sclerocarya Birrea,0.4,4
B,Allophylus Africanus,0.25,4
B,Dichrostachys Cinerea,0.2,4
B,Vachellia Karroo,0.5,6
B,Vachellia Nilotica,0.3,7
B,Combretum Hereroense,0.15,1
B,Dichrostachys Cinerea,0.15,6
B,Lippia Javanica,0.9,8
B,Dichrostachys Cinerea,0.4,8
B,Terminalia Prunioides,0.5,6
B,Vachellia Nilotica,0.2,6
B,Vachellia Karroo,0.35,2
B,Combretum Hereroense,0.7,6
B,Fluegga Virosa,2.5,7
B,Carissa Bispinosa,2,5
B,Berchemia Zeyheri,2,1
B,Vachellia Karroo,5.3,1
B,Dichrostachys Cinerea,1.5,2
B,Combretum Hereroense,1.4,2
B,Ziziphus Mucronata,4,2
B,Vachellia Karroo,3,2
B,Vachellia Gerrardii,1.7,1
B,Ormocarpum Trichocarpum,1.5,1
B,Fluegga Virosa,1.5,12
B,Allophylus Africanus,2.1,7
B,Ziziphus Mucronata,1.2,2
B,Bolusanthus Speciosus,1,11
B,Diospyros Lycioides,3.5,1
B,Fluegga Virosa,1.7,1
B,Gymnosporia Senegalensis,1,8
B,Ziziphus Mucronata,4,1
B,Allophylus Africanus,3,7
B,Vachellia Karroo,0.5,2
B,Dichrostachys Cinerea,0.35,4
B,Vachellia Karroo,0.25,7
B,Vachellia Nilotica,0.25,5
B,Vachellia Karroo,0.4,1
B,Dichrostachys Cinerea,0.8,5
B,Ziziphus Mucronata,0.7,5
B,Vachellia Nilotica,0.5,6
B,Ziziphus Mucronata,0.21,3
B,Peltophorum Africanum,0.8,5
B,Lippia Javanica,0.6,6
B,Dichrostachys Cinerea,0.6,13
B,Combretum Hereroense,0.8,5
B,Gymnosporia Senegalensis,0.4,6
B,Dichrostachys Cinerea,0.2,2
B,Diospyros Lycioides,0.8,2
B,Lippia Javanica,0.7,5
B,Peltophorum Africanum,0.5,6
B,Gymnosporia Senegalensis,0.05,2
B,Gymnosporia Senegalensis,0.25,3
B,Ziziphus Mucronata,0.2,4
B,Ormocarpum Trichocarpum,0.4,5
B,Ormocarpum Trichocarpum,0.2,4
B,Ormocarpum Trichocarpum,0.3,4
B,Ormocarpum Trichocarpum,0.7,1
B,Grewia Decomovulata,0.3,4
B,Ormocarpum Trichocarpum,0.5,6
B,Ziziphus Mucronata,0.2,3
B,Vachellia Karroo,0.25,5
B,Bolusanthus Speciosus,0.9,14
B,Gymnosporia Senegalensis,0.8,6
B,Albizia Harveyi,0.3,1
B,Combretum Hereroense,0.35,4
B,Peltophorum Africanum,0.2,1
B,Combretum Apiculatum,0.08,2
B,Gymnosporia Senegalensis,0.6,4
B,Gymnosporia Senegalensis,0.15,1
B,Vachellia Karroo,0.3,10
B,Peltophorum Africanum,3.2,4
B,Bolusanthus Speciosus,6,4
B,Fluegga Virosa,2,6
B,Dichrostachys Cinerea,3,2
B,Fluegga Virosa,1.7,3
B,Dichrostachys Cinerea,1.4,4
B,Euclea Divinorum,1.5,1
B,Vachellia Karroo,6.3,1
B,Dichrostachys Cinerea,4,4
B,Dichrostachys Cinerea,4,3
B,Grewia Monticola,1.4,3
B,Fluegga Virosa,2,4
B,Vachellia Nilotica,4.2,2
B,Dichrostachys Cinerea,3.8,1
B,Diospyros Lycioides,1,3
B,Fluegga Virosa,4,2
B,Fluegga Virosa,2.5,4
B,Fluegga Virosa,2.5,15
B,Vachellia Karroo,5.5,4
B,Berchemia Zeyheri,1,4
B,Allophylus Africanus,1.4,4
B,Allophylus Africanus,1.3,5
B,Vachellia Nilotica,1.7,2
B,Combretum Hereroense,1.7,2
B,Ziziphus Mucronata,2.5,3
B,Diospyros Lycioides,1.3,3
B,Euclea Divinorum,2.5,2
B,Dichrostachys Cinerea,0.35,5
B,Rhus Lancea,0.2,2
B,Senegalia Rehmanniana,0.5,2
B,Allophylus Africanus,0.3,2
B,Lippia Javanica,0.4,6
B,Combretum Hereroense,0.9,4
B,Combretum Hereroense,0.3,4
B,Allophylus Africanus,0.9,5
B,Ziziphus Mucronata,0.7,10
B,Senegalia Rehmanniana,0.25,3
B,Vachellia Nilotica,0.4,3
B,Combretum Hereroense,0.4,6
B,Dichrostachys Cinerea,0.5,8
B,Dichrostachys Cinerea,0.9,4
B,Berchemia Zeyheri,0.7,4
B,Fluegga Virosa,0.7,1
B,Fluegga Virosa,0.7,7
B,Euclea Divinorum,0.6,1
B,Diospyros Lycioides,0.7,3
B,Dichrostachys Cinerea,0.9,5
B,Ziziphus Mucronata,0.25,4
B,Senegalia Rehmanniana,0.5,6
B,Carissa Bispinosa,0.9,3
B,Euclea Divinorum,0.7,1
B,Dichrostachys Cinerea,0.3,5
B,Grewia Decomovulata,0.25,5
B,Allophylus Africanus,0.45,4
B,Dichrostachys Cinerea,0.7,5
B,Ozoroa Insignis,0.7,3
B,Combretum Hereroense,0.6,3
B,Dichrostachys Cinerea,0.35,8
B,Vachellia Nilotica,0.8,4
B,Ziziphus Mucronata,0.9,1
B,Diospyros Lycioides,0.5,3
B,Fluegga Virosa,0.7,10
B,Fluegga Virosa,0.3,1
B,Gymnosporia Senegalensis,0.5,5
B,Ziziphus Mucronata,0.25,6
B,Allophylus Africanus,0.05,1
B,Vachellia Nilotica,0.4,8
B,Dichrostachys Cinerea,0.25,6
B,Ziziphus Mucronata,3.3,1
B,Euclea Divinorum,1,3
B,Grewia Decomovulata,2.5,1
B,Allophylus Africanus,2.3,5
B,Peltophorum Africanum,3,7
B,Vachellia Nilotica,1.2,1
B,Vachellia Karroo,6.2,1
B,Fluegga Virosa,2.2,2
B,Allophylus Africanus,1,9
B,Carissa Bispinosa,1.2,4
B,Allophylus Africanus,1.3,4
B,Dichrostachys Cinerea,3.5,2
B,Vachellia Karroo,6,3
B,Lippia Javanica,0.8,16
B,Vachellia Nilotica,0.5,7
B,Lippia Javanica,0.7,2
B,Ziziphus Mucronata,0.2,1
B,Vachellia Nilotica,0.4,6
B,Ormocarpum Trichocarpum,0.4,3
B,Allophylus Africanus,0.9,2
B,Ormocarpum Trichocarpum,0.25,4
B,Vachellia Karroo,0.8,9
B,Combretum Hereroense,0.6,4
B,Ormocarpum Trichocarpum,0.3,1
B,Vachellia Karroo,0.8,5
B,Combretum Hereroense,0.35,3
B,Combretum Hereroense,0.3,2
B,Ormocarpum Trichocarpum,0.1,3
B,Ormocarpum Trichocarpum,0.3,3
B,Euclea Divinorum,0.1,2
B,Ozoroa Insignis,0.9,2
B,Gymnosporia Senegalensis,0.4,3
B,Ziziphus Mucronata,0.7,1
B,Diospyros Lycioides,0.6,6
B,Combretum Apiculatum,0.3,2
B,Ziziphus Mucronata,0.8,6
B,Senegalia Rehmanniana,0.35,3
B,Combretum Hereroense,0.8,4
B,Ziziphus Mucronata,0.35,3
B,Grewia Decomovulata,0.9,4
B,Fluegga Virosa,0.35,1
B,Senegalia Rehmanniana,0.25,8
B,Dichrostachys Cinerea,0.9,3
B,Fluegga Virosa,0.5,6
B,Euclea Divinorum,0.9,3
B,Ziziphus Mucronata,0.3,2
B,Diospyros Lycioides,0.8,4
B,Dichrostachys Cinerea,0.4,5
B,Vachellia Nilotica,1.3,2
B,Vachellia Nilotica,1.9,1
B,Allophylus Africanus,2.7,3
B,Grewia Flavescens,1.7,6
B,Allophylus Africanus,2.4,5
B,Rhus Lancea,3.6,3
B,Allophylus Africanus,2.1,5
B,Combretum Imberbe,4,4
B,Vachellia Karroo,2.4,2
B,Rhus Lancea,4,1
B,Rhus Lancea,4.1,1
B,Allophylus Africanus,2.1,2
B,Grewia Flavescens,2.3,1
B,Vachellia Karroo,2.6,1
B,Vachellia Karroo,3.1,1
B,Vachellia Karroo,5.6,1
B,Lannea Discolor,1.1,1
B,Rhus Lancea,3.8,1
B,Allophylus Africanus,2.4,2
B,Allophylus Africanus,4,2
B,Allophylus Africanus,4.1,3
B,Combretum Hereroense,1.8,1
B,Allophylus Africanus,2.6,5
B,Dichrostachys Cinerea,2.7,1
B,Fluegga Virosa,1.6,3
B,Vachellia Karroo,7.3,1
B,Vachellia Nilotica,1.6,2
B,Ziziphus Mucronata,3.4,5
B,Vachellia Nilotica,0.5,4
B,Vachellia Karroo,1,4
B,Grewia Flavescens,0.3,2
B,Gymnosporia Senegalensis,0.5,3
B,Boscia Angustifolia,0.5,4
B,Lippia Javanica,0.3,4
B,Ozoroa Insignis,1,2
B,Fluegga Virosa,0.55,3
B,Ziziphus Mucronata,0.45,3
B,Vachellia Nilotica,1.2,2
B,Vachellia Nilotica,1,3
B,Dichrostachys Cinerea,0.8,2
B,Vachellia Karroo,5.1,1
B,Ziziphus Mucronata,1.8,2
B,Euclea Divinorum,1.6,1
B,Vachellia Nilotica,1,2
B,Fluegga Virosa,2,8
B,Vachellia Nilotica,3,2
B,Allophylus Africanus,2.3,2
B,Vachellia Nilotica,2,2
B,Rhus Lancea,3,5
B,Berchemia Zeyheri,0.6,2
B,Vachellia Karroo,7.5,1
B,Combretum Hereroense,3.3,3
B,Vachellia Karroo,3.6,1
B,Diospyros Lycioides,4.3,1
B,Dichrostachys Cinerea,3.5,1
B,Allophylus Africanus,3.3,1
B,Euclea Divinorum,1,2
B,Grewia Decomovulata,1,3
B,Grewia Decomovulata,2,4
B,Berchemia Zeyheri,0.3,2
B,Peltophorum Africanum,3.7,1
B,Gardenia Spathulifolia,0.6,2
B,Clerodendrum Glabrum,1.5,1
B,Rhus Lancea,4.3,4
B,Vachellia Nilotica,1.4,5
B,Vachellia Nilotica,1.4,4
B,Ziziphus Mucronata,1.2,3
B,Vachellia Karroo,5.9,1
B,Vachellia Karroo,4.4,1
B,Vachellia Nilotica,3.3,3
B,Ziziphus Mucronata,0.8,2
B,Rhus Lancea,3,3
B,Vachellia Nilotica,1.4,2
B,Allophylus Africanus,2.4,6
B,Vachellia Nilotica,4,1
B,Vachellia Karroo,4.6,1
B,Vachellia Nilotica,3.5,1
B,Euclea Divinorum,1.4,2
B,Fluegga Virosa,2.3,3
B,Ziziphus Mucronata,1.8,1
B,Dichrostachys Cinerea,1.4,3
B,Vachellia Nilotica,1.2,3
B,Allophylus Africanus,2.3,4
B,Fluegga Virosa,1.4,3
B,Rhus Leptodictya,1,4
B,Euclea Divinorum,0.5,1
B,Dichrostachys Cinerea,0.6,2
B,Berchemia Zeyheri,0.34,2
B,Dichrostachys Cinerea,0.06,1
B,Dichrostachys Cinerea,1,2
B,Vachellia Nilotica,0.45,2
B,Ziziphus Mucronata,0.4,1
B,Combretum Hereroense,0.4,1
B,Fluegga Virosa,1.3,10
B,Fluegga Virosa,1.3,5
B,Ziziphus Mucronata,1.4,1
B,Allophylus Africanus,2.8,7
B,Allophylus Africanus,2.8,4
B,Vachellia Karroo,6.5,1
B,Allophylus Africanus,2.3,1
B,Allophylus Africanus,1.6,2
B,Vachellia Karroo,5.4,1
B,Allophylus Africanus,3.3,4
B,Ziziphus Mucronata,2.1,1
B,Fluegga Virosa,0.5,8
B,Vachellia Nilotica,1,6
B,Vachellia Nilotica,0.7,3
B,Vachellia Nilotica,0.22,2
B,Vachellia Nilotica,0.32,1
B,Vachellia Karroo,0.7,1
B,Vachellia Karroo,0.32,2
B,Dichrostachys Cinerea,0.1,1
B,Allophylus Africanus,0.5,1
B,Rhus Lancea,1.5,2
B,Rhus Lancea,0.34,3
B,Bolusanthus Speciosus,0.26,1
B,Bolusanthus Speciosus,0.7,3
B,Fluegga Virosa,0.4,4
B,Gymnosporia Senegalensis,0.7,1
B,Ziziphus Mucronata,0.28,1
B,Dichrostachys Cinerea,0.24,6
B,Vachellia Karroo,0.1,2
B,Vachellia Nilotica,0.7,7
B,Dichrostachys Cinerea,0.48,3
B,Allophylus Africanus,0.8,1
B,Lippia Javanica,0.75,2
B,Diospyros Lycioides,1.4,3
B,Albizia Harveyi,0.32,1
B,Ziziphus Mucronata,0.22,2
B,Vachellia Karroo,0.18,2
B,Grewia Monticola,0.75,1
B,Dichrostachys Cinerea,0.5,5
B,Diospyros Lycioides,0.12,3
B,Ziziphus Mucronata,0.48,2
B,Euclea Divinorum,0.22,3
B,Carissa Bispinosa,0.75,5
B,Dichrostachys Cinerea,0.75,1
B,Diospyros Lycioides,0.36,1
B,Ziziphus Mucronata,0.38,2
B,Dichrostachys Cinerea,0.45,4
B,Vachellia Nilotica,0.8,3
B,Euclea Divinorum,0.5,2
B,Euclea Divinorum,0.26,1
B,Carissa Bispinosa,0.15,2
B,Diospyros Lycioides,0.4,1
B,Rhus Lancea,0.4,2
B,Fluegga Virosa,1.6,7
B,Fluegga Virosa,1.6,4
B,Fluegga Virosa,2.3,7
B,Ziziphus Mucronata,1.4,2
B,Berchemia Zeyheri,0.42,4
B,Diospyros Lycioides,1.4,1
B,Euclea Divinorum,0.34,2
B,Gymnosporia Senegalensis,1.4,6
B,Vachellia Karroo,1.6,3
B,Ziziphus Mucronata,0.75,3
B,Vachellia Nilotica,0.35,2
B,Berchemia Zeyheri,0.5,1
B,Fluegga Virosa,0.7,2
B,Allophylus Africanus,1.1,8
B,Allophylus Africanus,1.1,2
B,Allophylus Africanus,1.1,1
B,Vachellia Nilotica,2.8,3
B,Allophylus Africanus,3.1,3
B,Fluegga Virosa,1.2,10
B,Rhus Lancea,2.5,2
B,Allophylus Africanus,3,5
B,Grewia Monticola,0.75,2
B,Fluegga Virosa,2.2,5
B,Rhus Lancea,4.5,2
B,Vachellia Karroo,6.5,2
B,Vachellia Karroo,6.2,2
B,Vachellia Karroo,1.4,3
B,Vachellia Nilotica,1.8,2
B,Combretum Apiculatum,0.26,2
B,Vachellia Karroo,4.9,1
B,Vachellia Nilotica,2.3,1
B,Vachellia Nilotica,2.5,2
B,Allophylus Africanus,3.3,5
B,Allophylus Africanus,2.6,2
B,Rhus Lancea,3.5,1
B,Lippia Javanica,1,6
B,Grewia Monticola,0.4,2
B,Allophylus Africanus,2,8
B,Senegalia Rehmanniana,2.1,1
B,Vachellia Karroo,1.3,3
B,Vachellia Nilotica,1,5
B,Allophylus Africanus,2.3,7
B,Combretum Hereroense,1,4
B,Allophylus Africanus,3,10
B,Vachellia Karroo,5.8,2
B,Berchemia Zeyheri,1.5,4
B,Vachellia Karroo,1.2,2
B,Combretum Hereroense,1.5,5
B,Combretum Hereroense,1.5,4
B,Lippia Javanica,0.8,1
B,Vachellia Karroo,1.3,4
B,Dichrostachys Cinerea,0.75,3
B,Lippia Javanica,0.75,15
B,Fluegga Virosa,0.7,3
B,Berchemia Zeyheri,0.3,3
B,Allophylus Africanus,0.75,2
B,Euclea Divinorum,0.45,3
C,Terminalia Sericea,6.1,1
C,Dichrostachys Cinerea,2.1,5
C,Dichrostachys Cinerea,4,7
C,Dichrostachys Cinerea,4,18
C,Dichrostachys Cinerea,3,5
C,Dichrostachys Cinerea,2.1,3
C,Dichrostachys Cinerea,2.1,1
C,Dichrostachys Cinerea,2.1,6
C,Dichrostachys Cinerea,1.6,5
C,Dichrostachys Cinerea,1.6,4
C,Dichrostachys Cinerea,1.6,8
C,Vachellia Nilotica,1.3,8
C,Vachellia Nilotica,2.2,1
C,Combretum Apiculatum,0.3,8
C,Vachellia Nilotica,0.25,4
C,Dichrostachys Cinerea,1.5,3
C,Dichrostachys Cinerea,1.5,1
C,Vachellia Nilotica,0.5,5
C,Vachellia Nilotica,0.7,3
C,Terminalia Sericea,7.5,1
C,Ziziphus Mucronata,0.6,3
C,Vachellia Nilotica,0.2,2
C,Vachellia Nilotica,0.7,4
C,Vachellia Nilotica,0.15,3
C,Vachellia Nilotica,4.3,5
C,Vachellia Nilotica,0.25,5
C,Dichrostachys Cinerea,0.6,2
C,Dichrostachys Cinerea,3,3
C,Dichrostachys Cinerea,3,2
C,Dichrostachys Cinerea,3,11
C,Albizia Harveyi,1.1,5
C,Combretum Zeyheri,1.9,4
C,Terminalia Sericea,8,1
C,Vachellia Nilotica,3.7,1
C,Vachellia Nilotica,3,1
C,Dichrostachys Cinerea,1.8,3
C,Dichrostachys Cinerea,1.8,2
C,Dichrostachys Cinerea,1.8,1
C,Dichrostachys Cinerea,1.3,5
C,Dichrostachys Cinerea,1.1,1
C,Vachellia Nilotica,4.2,1
C,Combretum Zeyheri,3,8
C,Terminalia Sericea,2.1,1
C,Allophylus Africanus,2.1,3
C,Grewia Monticola,3,1
C,Combretum Hereroense,2.2,9
C,Terminalia Sericea,4.1,1
C,Terminalia Sericea,1.4,5
C,Terminalia Sericea,6,1
C,Ziziphus Mucronata,2.2,3
C,Dichrostachys Cinerea,2.1,7
C,Dichrostachys Cinerea,2.1,8
C,Vachellia Karroo,2.9,2
C,Terminalia Sericea,9.5,1
C,Dichrostachys Cinerea,4.6,3
C,Terminalia Sericea,5,1
C,Terminalia Sericea,3.6,2
C,Grewia Monticola,3.6,1
C,Dichrostachys Cinerea,3.6,3
C,Combretum Hereroense,3.7,4
C,Dichrostachys Cinerea,2.6,6
C,Dichrostachys Cinerea,2.6,8
C,Dichrostachys Cinerea,2.6,7
C,Dichrostachys Cinerea,2.6,5
C,Dichrostachys Cinerea,3.4,1
C,Dichrostachys Cinerea,3.4,5
C,Dichrostachys Cinerea,3.4,4
C,Dichrostachys Cinerea,3.4,3
C,Dichrostachys Cinerea,1.2,6
C,Peltophorum Africanum,2,6
C,Combretum Hereroense,1.2,5
C,Combretum Zeyheri,2,4
C,Grewia Decomovulata,1.8,12
C,Grewia Decomovulata,3,15
C,Terminalia Sericea,9,1
C,Grewia Monticola,2.3,4
C,Vachellia Nilotica,4.6,1
C,Vachellia Nilotica,5,1
C,Vachellia Karroo,3,2
C,Ziziphus Mucronata,2.2,4
C,Ziziphus Mucronata,1.2,6
C,Grewia Monticola,1.6,8
C,Albizia Harveyi,1,11
C,Vachellia Karroo,4,1
C,Vachellia Nilotica,4,3
C,Senegalia Rehmanniana,1.6,6
C,Terminalia Sericea,4.4,1
C,Terminalia Sericea,2.8,2
C,Combretum Zeyheri,1.2,5
C,Vachellia Karroo,1.2,4
C,Vachellia Nilotica,2,6
C,Dichrostachys Cinerea,3,8
C,Dichrostachys Cinerea,3,7
C,Dichrostachys Cinerea,1.8,8
C,Dichrostachys Cinerea,1.8,11
C,Dichrostachys Cinerea,1.2,5
C,Dichrostachys Cinerea,0.9,4
C,Dichrostachys Cinerea,1.9,5
C,Dichrostachys Cinerea,1.9,8
C,Peltophorum Africanum,3,5
C,Grewia Monticola,3,2
C,Ziziphus Mucronata,3,2
C,Dichrostachys Cinerea,2.1,10
C,Combretum Zeyheri,3.3,2
C,Vachellia Nilotica,4.3,1
C,Vachellia Karroo,4.3,2
C,Dichrostachys Cinerea,4.3,2
C,Vachellia Nilotica,2.3,1
C,Diospyros Lycioides,1,4
C,Combretum Zeyheri,2.8,6
C,Terminalia Sericea,3,1
C,Berchemia Zeyheri,1.8,4
C,Grewia Decomovulata,1.4,4
C,Dichrostachys Cinerea,2.4,8
C,Ziziphus Mucronata,2.8,10
C,Dichrostachys Cinerea,3,4
C,Dichrostachys Cinerea,4,4
C,Grewia Monticola,3.5,4
C,Dichrostachys Cinerea,2,3
C,Dichrostachys Cinerea,2,10
C,Dichrostachys Cinerea,2,5
C,Dichrostachys Cinerea,4,12
C,Dichrostachys Cinerea,4,21
C,Ziziphus Mucronata,3,1
C,Dichrostachys Cinerea,3,1
C,Combretum Zeyheri,2,3
C,Dichrostachys Cinerea,4,3
C,Dichrostachys Cinerea,4,2
C,Dichrostachys Cinerea,4,1
C,Dichrostachys Cinerea,1,3
C,Vachellia Nilotica,4,1
C,Dichrostachys Cinerea,4,9
C,Dichrostachys Cinerea,3,6
C,Terminalia Sericea,2.7,1
C,Terminalia Sericea,1.8,1
C,Combretum Zeyheri,2.2,3
C,Dichrostachys Cinerea,2.2,1
C,Combretum Zeyheri,2.3,2
C,Combretum Zeyheri,3,2
C,Combretum Zeyheri,2.2,7
C,Combretum Zeyheri,2.2,11
C,Combretum Hereroense,1.5,1
C,Combretum Zeyheri,1.9,1
C,Dichrostachys Cinerea,2.5,5
C,Dichrostachys Cinerea,2.5,2
C,Dichrostachys Cinerea,2.5,4
C,Dichrostachys Cinerea,3,14
C,Terminalia Sericea,3.3,1
C,Terminalia Sericea,2,1
C,Vachellia Karroo,3.2,1
C,Vachellia Nilotica,4.5,1
C,Lannea Discolor,1.6,1
C,Grewia Decomovulata,2,11
C,Terminalia Sericea,6.6,1
C,Combretum Zeyheri,3,1
C,Terminalia Sericea,2.8,14
C,Dichrostachys Cinerea,2,2
C,Dichrostachys Cinerea,2,1
C,Grewia Monticola,2.2,1
C,Combretum Zeyheri,2.5,3
C,Terminalia Sericea,4,2
C,Vachellia Nilotica,3.6,1
C,Combretum Zeyheri,2.6,6
C,Ziziphus Mucronata,2,5
C,Terminalia Sericea,3.6,1
C,Dichrostachys Cinerea,3,13
C,Dichrostachys Cinerea,3,9
C,Dichrostachys Cinerea,4,5
C,Ziziphus Mucronata,2,4
C,Ziziphus Mucronata,2.6,4
C,Combretum Zeyheri,2,12
C,Combretum Hereroense,5.5,3
C,Terminalia Sericea,5.5,1
C,Ziziphus Mucronata,2.8,1
C,Grewia Monticola,2.2,17
C,Diospyros Lycioides,1.8,5
C,Terminalia Sericea,4,1
C,Dichrostachys Cinerea,1,13
C,Dichrostachys Cinerea,1.8,12
C,Terminalia Sericea,6.4,1
C,Ziziphus Mucronata,0.3,4
C,Grewia Monticola,1.6,4
C,Vachellia Nilotica,1.2,11
C,Vachellia Nilotica,1.2,6
C,Vachellia Nilotica,1.1,6
C,Senegalia Nigrescens,2.3,9
C,Vachellia Nilotica,2.7,17
C,Dichrostachys Cinerea,1.6,13
C,Vachellia Nilotica,0.2,3
C,Vachellia Nilotica,0.3,5
C,Vachellia Nilotica,0.25,10
C,Dichrostachys Cinerea,1,7
C,Vachellia Nilotica,0.2,4
C,Terminalia Sericea,0.9,1
C,Combretum Zeyheri,1,8
C,Terminalia Sericea,0.3,3
C,Terminalia Sericea,0.3,6
C,Dichrostachys Cinerea,1,5
C,Dichrostachys Cinerea,2.6,10
C,Dichrostachys Cinerea,2.6,15
C,Vachellia Nilotica,0.8,4
C,Vachellia Nilotica,0.8,6
C,Combretum Zeyheri,1,11
C,Dichrostachys Cinerea,0.3,3
C,Grewia Decomovulata,0.4,6
C,Terminalia Sericea,0.3,2
C,Terminalia Sericea,0.3,4
C,Terminalia Sericea,0.6,2
C,Terminalia Sericea,0.6,4
C,Dichrostachys Cinerea,1.6,17
C,Dichrostachys Cinerea,1.6,10
C,Dichrostachys Cinerea,1.6,6
C,Dichrostachys Cinerea,1.6,9
C,Terminalia Sericea,7,1
C,Peltophorum Africanum,4,4
C,Grewia Monticola,2,1
C,Terminalia Sericea,1.8,5
C,Dichrostachys Cinerea,2.2,4
C,Combretum Imberbe,5,4
C,Terminalia Sericea,3,4
C,Dichrostachys Cinerea,1.4,5
C,Terminalia Sericea,4,3
C,Terminalia Sericea,1,1
C,Vachellia Nilotica,1,8
C,Vachellia Nilotica,1.8,11
C,Peltophorum Africanum,1,8
C,Terminalia Sericea,1.7,5
C,Dichrostachys Cinerea,1,4
C,Terminalia Sericea,7.3,1
C,Combretum Zeyheri,2,11
C,Dichrostachys Cinerea,1,6
C,Vachellia Nilotica,1.6,4
C,Combretum Zeyheri,1,2
C,Pterocarpus Rotundifolius,1.2,6
C,Dichrostachys Cinerea,2.3,5
C,Terminalia Sericea,1.9,11
C,Terminalia Sericea,2.9,2
C,Ziziphus Mucronata,2.1,4
C,Combretum Zeyheri,2,15
C,Dichrostachys Cinerea,2,4
C,Dichrostachys Cinerea,2.4,5
C,Sclerocarya Birrea,1.8,1
C,Vachellia Nilotica,1.5,2
C,Vachellia Nilotica,1.5,1
C,Vachellia Nilotica,1.5,6
C,Combretum Zeyheri,1.2,7
C,Pterocarpus Rotundifolius,1.2,4
C,Grewia Monticola,2.4,2
C,Allophylus Africanus,1.9,1
C,Ziziphus Mucronata,2.6,1
C,Combretum Zeyheri,1,7
C,Peltophorum Africanum,1,5
C,Vachellia Nilotica,3.5,1
C,Grewia Monticola,3,4
C,Grewia Monticola,3,3
C,Grewia Monticola,3,5
C,Terminalia Sericea,4.2,1
C,Combretum Hereroense,3.2,2
C,Senegalia Nigrescens,2.1,12
C,Terminalia Sericea,4.6,5
C,Dichrostachys Cinerea,2,8
C,Pterocarpus Rotundifolius,1,2
C,Grewia Decomovulata,1,6
C,Terminalia Sericea,1,6
C,Terminalia Sericea,1,4
C,Terminalia Sericea,1,3
C,Dichrostachys Cinerea,1.6,7
C,Terminalia Sericea,3,2
C,Vachellia Nilotica,2,4
C,Senegalia Nigrescens,2.3,2
C,Combretum Zeyheri,1.8,4
C,Dichrostachys Cinerea,2.5,3
C,Ziziphus Mucronata,1.8,3
C,Combretum Zeyheri,1.5,6
C,Vachellia Nilotica,1.3,4
C,Vachellia Nilotica,1.3,2
C,Vachellia Nilotica,1.3,6
C,Dichrostachys Cinerea,1.8,5
C,Terminalia Sericea,2,3
C,Grewia Monticola,2.5,3
C,Combretum Hereroense,2,3
C,Peltophorum Africanum,4.5,2
C,Dichrostachys Cinerea,1.2,3
C,Dichrostachys Cinerea,2.5,11
C,Combretum Zeyheri,1.2,10
C,Peltophorum Africanum,4,2
C,Vachellia Nilotica,3,4
C,Dichrostachys Cinerea,2,6
C,Vachellia Nilotica,1.7,4
C,Peltophorum Africanum,4,6
C,Ziziphus Mucronata,1,4
C,Grewia Monticola,2,2
C,Dichrostachys Cinerea,2.2,3
C,Dichrostachys Cinerea,2.2,5
C,Dichrostachys Cinerea,2.2,6
C,Dichrostachys Cinerea,2.2,11
C,Vachellia Nilotica,2.8,1
C,Albizia Harveyi,1.6,2
C,Vachellia Nilotica,3,2
C,Vachellia Nilotica,1.6,3
C,Peltophorum Africanum,2,2
C,Combretum Zeyheri,1,5
C,Ziziphus Mucronata,1.2,1
C,Combretum Zeyheri,2.1,2
C,Combretum Hereroense,2.1,1
C,Terminalia Sericea,1.7,1
C,Combretum Hereroense,1,3
C,Terminalia Sericea,4.5,1
C,Albizia Harveyi,1.6,4
C,Vachellia Karroo,1,2
C,Albizia Harveyi,1,4
C,Combretum Zeyheri,3.4,3
C,Combretum Hereroense,5,2
C,Peltophorum Africanum,2.6,4
C,Dichrostachys Cinerea,5,1
C,Vachellia Karroo,4.5,1
C,Combretum Hereroense,5.2,1
C,Vachellia Karroo,10.5,1
C,Dichrostachys Cinerea,4.2,3
C,Dichrostachys Cinerea,4.2,2
C,Dichrostachys Cinerea,4.2,5
C,Terminalia Sericea,5.1,1
C,Grewia Monticola,2,3
C,Grewia Monticola,1.2,3
C,Grewia Decomovulata,1.8,9
C,Grewia Monticola,2,4
C,Dichrostachys Cinerea,1.8,4
C,Senegalia Rehmanniana,2,5
C,Senegalia Rehmanniana,1.3,18
C,Senegalia Nigrescens,1.6,6
C,Dichrostachys Cinerea,3.4,18
C,Dichrostachys Cinerea,3.4,2
C,Dichrostachys Cinerea,3.4,7
C,Ziziphus Mucronata,1,2
C,Ziziphus Mucronata,2,1
C,Ziziphus Mucronata,1.5,1
C,Ziziphus Mucronata,1.5,2
C,Grewia Decomovulata,2,8
C,Allophylus Africanus,2,4
C,Combretum Zeyheri,2,1
C,Dichrostachys Cinerea,4,8
C,Grewia Monticola,2.5,4
C,Ziziphus Mucronata,1,1
C,Fluegga Virosa,1.8,5
C,Combretum Zeyheri,1.2,1
C,Ziziphus Mucronata,1,3
C,Sclerocarya Birrea,12,1
C,Combretum Hereroense,0.6,3
C,Grewia Decomovulata,1,4
C,Dichrostachys Cinerea,3.2,5
C,Vachellia Nilotica,6.2,1
C,Pterocarpus Rotundifolius,1.8,3
C,Combretum Hereroense,4,5
C,Combretum Zeyheri,1,3
C,Peltophorum Africanum,1.1,5
C,Terminalia Sericea,5,5
C,Albizia Harveyi,2,8
C,Vachellia Karroo,4.5,7
C,Dichrostachys Cinerea,4,6
C,Peltophorum Africanum,4,1
C,Vachellia Karroo,4.2,1
C,Terminalia Sericea,6,2
C,Ziziphus Mucronata,4,5
C,Vachellia Nilotica,1.6,6
C,Grewia Decomovulata,1.2,11
C,Gymnosporia Senegalensis,1.2,6
C,Gymnosporia Senegalensis,1.2,9
C,Combretum Hereroense,6,1
C,Ziziphus Mucronata,4,1
C,Combretum Zeyheri,2,2
C,Terminalia Sericea,5.2,1
C,Terminalia Sericea,3.5,1
C,Terminalia Sericea,3.2,1
C,Combretum Zeyheri,1,16
C,Combretum Hereroense,1.8,10
C,Albizia Harveyi,2,4
C,Dichrostachys Cinerea,2,7
C,Vachellia Nilotica,0.3,11
C,Senegalia Rehmanniana,0.6,6
C,Combretum Zeyheri,0.6,10
C,Dichrostachys Cinerea,0.8,4
C,Vachellia Karroo,0.25,2
C,Terminalia Sericea,0.6,1
C,Fluegga Virosa,0.7,3
C,Combretum Hereroense,0.25,1
C,Peltophorum Africanum,0.3,3
C,Allophylus Africanus,0.15,6
C,Vachellia Nilotica,0.75,3
C,Vachellia Karroo,0.5,3
C,Combretum Hereroense,0.25,2
C,Senegalia Rehmanniana,0.65,5
C,Dichrostachys Cinerea,0.15,2
C,Dichrostachys Cinerea,0.3,6
C,Combretum Zeyheri,0.5,5
C,Senegalia Nigrescens,0.25,3
C,Vachellia Karroo,0.45,8
C,Vachellia Nilotica,0.25,1
C,Ziziphus Mucronata,0.3,2
C,Combretum Zeyheri,0.6,3
C,Vachellia Nilotica,0.05,3
C,Allophylus Africanus,0.08,3
C,Vachellia Nilotica,0.4,7
C,Grewia Decomovulata,0.8,3
C,Senegalia Rehmanniana,0.9,20
C,Ziziphus Mucronata,0.4,3
C,Vachellia Nilotica,0.9,12
C,Gymnosporia Senegalensis,0.6,2
C,Ozoroa Insignis,1.2,1
C,Dichrostachys Cinerea,0.9,2
C,Peltophorum Africanum,0.6,4
C,Vachellia Karroo,0.4,4
C,Dichrostachys Cinerea,0.5,3
C,Combretum Zeyheri,0.6,5
C,Albizia Harveyi,0.25,4
C,Dichrostachys Cinerea,0.35,8
C,Vachellia Nilotica,0.7,5
C,Vachellia Nilotica,0.3,4
C,Allophylus Africanus,0.25,5
C,Terminalia Sericea,0.1,3
C,Combretum Zeyheri,0.8,4
C,Terminalia Sericea,0.45,4
C,Vachellia Nilotica,0.6,4
C,Vachellia Karroo,0.25,6
C,Peltophorum Africanum,0.45,4
C,Vachellia Nilotica,0.1,3
C,Senegalia Rehmanniana,0.8,1
C,Grewia Monticola,0.8,3
C,Ziziphus Mucronata,0.35,2
C,Grewia Monticola,0.6,3
C,Combretum Zeyheri,0.3,3
C,Boscia Angustifolia,0.7,4
C,Ziziphus Mucronata,0.2,1
C,Terminalia Sericea,0.5,2
C,Vachellia Nilotica,0.45,1
C,Vachellia Nilotica,0.8,2
C,Albizia Harveyi,0.7,2
C,Ziziphus Mucronata,0.25,2
C,Allophylus Africanus,0.2,3
C,Ziziphus Mucronata,0.3,3
C,Gymnosporia Senegalensis,0.25,6
C,Gymnosporia Senegalensis,0.15,3
C,Gymnosporia Senegalensis,0.4,3
C,Gymnosporia Senegalensis,0.1,1
C,Gymnosporia Senegalensis,0.3,2
C,Vachellia Nilotica,0.35,3
C,Peltophorum Africanum,0.3,5
C,Dichrostachys Cinerea,0.25,3
C,Dichrostachys Cinerea,2,9
C,Combretum Zeyheri,1.3,5
C,Ziziphus Mucronata,1.6,5
C,Ziziphus Mucronata,1.2,4
C,Vachellia Karroo,5,3
C,Vachellia Nilotica,5,3
C,Terminalia Sericea,2,2
C,Grewia Monticola,1.8,3
C,Combretum Zeyheri,3.2,2
C,Ziziphus Mucronata,3,4
C,Combretum Hereroense,3.2,1
C,Peltophorum Africanum,1.2,2
C,Ziziphus Mucronata,1.3,2
C,Dichrostachys Cinerea,2.8,4
C,Dichrostachys Cinerea,2.8,1
C,Dichrostachys Cinerea,2.8,2
C,Dichrostachys Cinerea,1.8,6
C,Combretum Zeyheri,1.2,15
C,Ozoroa Insignis,1.5,7
C,Combretum Zeyheri,1,4
C,Grewia Monticola,1.8,4
C,Combretum Hereroense,5.5,1
C,Dichrostachys Cinerea,1.8,7
C,Grewia Decomovulata,1.8,6
C,Dichrostachys Cinerea,2.8,3
C,Ziziphus Mucronata,3,3
C,Terminalia Sericea,2,4
C,Vachellia Nilotica,2.1,3
C,Dichrostachys Cinerea,2.5,6
C,Combretum Zeyheri,2.6,3
C,Senegalia Nigrescens,1.2,4
C,Grewia Decomovulata,4,15
C,Ziziphus Mucronata,1.2,2
C,Terminalia Sericea,1,18
C,Senegalia Nigrescens,5,4
C,Ziziphus Mucronata,4,2
C,Ziziphus Mucronata,2.5,2
C,Combretum Hereroense,7,1
C,Terminalia Sericea,3.4,1
C,Dichrostachys Cinerea,3.2,1
C,Terminalia Sericea,1.4,3
C,Senegalia Nigrescens,2,1
C,Grewia Decomovulata,2,7
C,Combretum Zeyheri,2.8,3
C,Ziziphus Mucronata,2.4,2
C,Dichrostachys Cinerea,2.8,15
C,Dichrostachys Cinerea,2.8,5
C,Terminalia Sericea,1.6,8
C,Pterocarpus Rotundifolius,1,15
C,Dichrostachys Cinerea,2.3,1
C,Dichrostachys Cinerea,2.3,7
C,Combretum Zeyheri,1,15
C,Euclea Divinorum,3.8,3
C,Grewia Monticola,2,8
C,Grewia Monticola,2.8,3
C,Ziziphus Mucronata,1.8,6
C,Dichrostachys Cinerea,2,13
C,Dichrostachys Cinerea,3.2,2
C,Senegalia Rehmanniana,1.8,8
C,Ziziphus Mucronata,3.2,6
C,Dichrostachys Cinerea,3.2,3
C,Dichrostachys Cinerea,2.8,6
C,Dichrostachys Cinerea,2.8,8
C,Dichrostachys Cinerea,2.8,11
C,Terminalia Sericea,2.2,1
C,Grewia Monticola,2.3,1
C,Pterocarpus Rotundifolius,1.5,19
C,Ziziphus Mucronata,3,5
C,Grewia Monticola,1.5,5
C,Grewia Monticola,1.5,4
C,Grewia Decomovulata,1.5,35
C,Grewia Decomovulata,1.5,20
C,Grewia Decomovulata,1.5,15
C,Ziziphus Mucronata,4,4
C,Allophylus Africanus,2.5,5
C,Combretum Hereroense,3.2,5
C,Dichrostachys Cinerea,3.2,4
C,Grewia Decomovulata,1.2,5
C,Grewia Monticola,3.2,2
C,Euclea Divinorum,1,1
C,Senegalia Rehmanniana,3.2,4
C,Ziziphus Mucronata,3.2,3
C,Vachellia Nilotica,4,2
C,Combretum Zeyheri,1.3,2
C,Terminalia Sericea,6.5,1
C,Senegalia Nigrescens,2,4
C,Senegalia Nigrescens,2.5,2
C,Combretum Zeyheri,1,13
C,Combretum Hereroense,6,3
C,Peltophorum Africanum,3.2,1
C,Terminalia Sericea,6.5,2
C,Dichrostachys Cinerea,0.3,5
C,Combretum Hereroense,0.3,9
C,Terminalia Sericea,0.15,4
C,Combretum Zeyheri,0.7,1
C,Diospyros Lycioides,0.3,3
C,Peltophorum Africanum,0.2,3
C,Albizia Harveyi,0.3,4
C,Ziziphus Mucronata,0.25,3
C,Peltophorum Africanum,0.45,8
C,Ziziphus Mucronata,0.1,1
C,Senegalia Rehmanniana,0.65,12
C,Combretum Zeyheri,0.45,12
C,Vachellia Nilotica,0.15,5
C,Vachellia Nilotica,0.15,13
C,Senegalia Rehmanniana,0.4,8
C,Ziziphus Mucronata,0.45,6
C,Ziziphus Mucronata,0.3,7
C,Ziziphus Mucronata,0.6,4
C,Ziziphus Mucronata,0.4,5
C,Terminalia Sericea,0.3,1
C,Combretum Zeyheri,0.4,9
C,Vachellia Nilotica,0.4,8
C,Vachellia Nilotica,0.15,2
C,Terminalia Sericea,0.5,4
C,Dichrostachys Cinerea,0.7,5
C,Vachellia Nilotica,0.15,6
C,Terminalia Sericea,0.8,6
C,Grewia Monticola,0.9,5
C,Peltophorum Africanum,0.15,2
C,Peltophorum Africanum,0.45,1
C,Ziziphus Mucronata,0.2,2
C,Peltophorum Africanum,0.45,5
C,Senegalia Nigrescens,0.6,2
C,Albizia Harveyi,0.45,7
C,Terminalia Sericea,0.5,11
C,Vachellia Nilotica,0.4,4
C,Vachellia Nilotica,0.5,2
C,Terminalia Sericea,0.2,3
C,Senegalia Rehmanniana,0.45,2
C,Vachellia Nilotica,0.08,1
C,Ziziphus Mucronata,0.45,3
C,Terminalia Sericea,0.8,12
C,Peltophorum Africanum,0.4,1
C,Terminalia Sericea,0.35,2
C,Vachellia Nilotica,0.25,3
C,Dichrostachys Cinerea,0.45,10
C,Albizia Harveyi,0.6,7
C,Combretum Zeyheri,0.25,15
C,Albizia Harveyi,0.35,6
C,Grewia Monticola,0.6,10
C,Combretum Hereroense,0.4,6
C,Pappea Capensis,0.4,3
C,Grewia Decomovulata,0.7,18
C,Vachellia Nilotica,0.5,4
C,Ziziphus Mucronata,0.45,4
C,Combretum Hereroense,0.6,1
C,Grewia Monticola,0.4,3
C,Dichrostachys Cinerea,0.2,5
C,Ziziphus Mucronata,0.08,1
C,Combretum Zeyheri,0.5,8
C,Terminalia Sericea,0.4,2
C,Peltophorum Africanum,0.05,1
C,Terminalia Sericea,0.4,3
C,Senegalia Nigrescens,0.15,3
C,Ziziphus Mucronata,0.7,2
C,Senegalia Nigrescens,0.5,1
C,Vachellia Nilotica,0.2,5
C,Allophylus Africanus,0.65,7
C,Vachellia Karroo,0.75,7
C,Combretum Zeyheri,0.25,5
C,Combretum Zeyheri,0.8,6
C,Dichrostachys Cinerea,0.1,3
C,Vachellia Nilotica,0.7,9
C,Combretum Zeyheri,0.3,2
C,Peltophorum Africanum,0.25,3
C,Combretum Zeyheri,0.4,10
C,Gardenia Spathulifolia,0.08,2
C,Terminalia Sericea,0.35,3
C,Combretum Zeyheri,0.5,4
C,Vachellia Karroo,0.3,9
C,Peltophorum Africanum,0.15,7
C,Dichrostachys Cinerea,0.65,4
C,Vachellia Nilotica,0.4,3
C,Senegalia Nigrescens,0.8,2
C,Peltophorum Africanum,0.1,3
C,Dichrostachys Cinerea,0.7,4
C,Senegalia Nigrescens,0.5,8
C,Vachellia Nilotica,0.3,8
C,Combretum Hereroense,0.45,5
C,Albizia Harveyi,0.5,6
C,Albizia Harveyi,0.15,1
C,Vachellia Nilotica,0.1,4
C,Vachellia Nilotica,0.3,3
C,Vachellia Nilotica,0.45,6
C,Combretum Hereroense,0.3,5
C,Grewia Monticola,0.7,4
C,Vachellia Nilotica,0.6,3
C,Ziziphus Mucronata,0.7,1
C,Euclea Divinorum,0.1,1
C,Dichrostachys Cinerea,1.8,5
C,Dichrostachys Cinerea,3.2,8
C,Dichrostachys Cinerea,2.5,2
C,Dichrostachys Cinerea,2.5,4
C,Peltophorum Africanum,3.2,9
C,Combretum Zeyheri,1.6,3
C,Grewia Monticola,2.3,2
C,Senegalia Rehmanniana,1.6,14
C,Grewia Decomovulata,2.1,6
C,Grewia Decomovulata,2.1,2
C,Grewia Decomovulata,2.1,1
C,Grewia Decomovulata,2.1,3
C,Sclerocarya Birrea,15,1
C,Dichrostachys Cinerea,5,8
C,Dichrostachys Cinerea,0.8,3
C,Ziziphus Mucronata,0.8,1
C,Grewia Decomovulata,1,2
C,Grewia Decomovulata,0.9,4
C,Dichrostachys Cinerea,3,1
C,Dichrostachys Cinerea,2.5,9
C,Vachellia Nilotica,2.4,2
C,Dichrostachys Cinerea,0.9,4
C,Ziziphus Mucronata,3.2,5
C,Grewia Monticola,1.4,1
C,Grewia Monticola,1.4,4
C,Grewia Monticola,1.4,3
C,Dichrostachys Cinerea,1,4
C,Dichrostachys Cinerea,3.2,1
C,Ziziphus Mucronata,0.5,4
C,Dichrostachys Cinerea,1.5,1
C,Grewia Decomovulata,2.6,7
C,Dichrostachys Cinerea,1.6,4
C,Combretum Zeyheri,0.8,5
C,Dichrostachys Cinerea,0.6,2
C,Dichrostachys Cinerea,0.6,3
C,Dichrostachys Cinerea,3.3,2
C,Dichrostachys Cinerea,0.8,1
C,Dichrostachys Cinerea,0.2,1
C,Clematopsis Scabiossifolia,1,15
C,Dichrostachys Cinerea,1.8,2
C,Dichrostachys Cinerea,5,2
C,Peltophorum Africanum,2.8,10
C,Dichrostachys Cinerea,3.4,2
C,Dichrostachys Cinerea,3.4,1
C,Grewia Decomovulata,3,10
C,Grewia Decomovulata,3,3
C,Grewia Decomovulata,3,8
C,Albizia Harveyi,0.3,1
C,Lippia Javanica,1.5,4
C,Dichrostachys Cinerea,3.2,2
C,Grewia Monticola,1.2,4
C,Grewia Decomovulata,4.2,5
C,Dichrostachys Cinerea,0.3,5
C,Dichrostachys Cinerea,2,1
C,Senegalia Rehmanniana,2.9,1
C,Senegalia Rehmanniana,2.5,6
C,Senegalia Rehmanniana,2.3,1
C,Albizia Harveyi,1.3,1
C,Albizia Harveyi,1,3
C,Grewia Decomovulata,1.8,3
C,Gymnosporia Senegalensis,2.3,2
C,Ziziphus Mucronata,3.3,1
C,Dichrostachys Cinerea,2,7
C,Dichrostachys Cinerea,2,4
C,Dichrostachys Cinerea,2,2
C,Dichrostachys Cinerea,2.3,4
C,Dichrostachys Cinerea,4,8
C,Grewia Decomovulata,3.4,1
C,Dichrostachys Cinerea,1.8,1
C,Dichrostachys Cinerea,2.2,4
C,Dichrostachys Cinerea,2.2,3
C,Dichrostachys Cinerea,3,2
C,Grewia Decomovulata,3,6
C,Combretum Apiculatum,1.5,2
C,Dichrostachys Cinerea,2.5,5
C,Lippia Javanica,1.4,3
C,Vachellia Karroo,0.4,2
C,Dichrostachys Cinerea,2.5,6
C,Albizia Harveyi,1.4,2
C,Dichrostachys Cinerea,3.3,3
C,Dichrostachys Cinerea,3.3,1
C,Dichrostachys Cinerea,2.5,3
C,Dichrostachys Cinerea,3.2,3
C,Dichrostachys Cinerea,3.2,7
C,Ziziphus Mucronata,1.9,6
C,Terminalia Sericea,2.5,1
C,Vachellia Karroo,2.2,5
C,Vachellia Nilotica,1.3,1
C,Grewia Decomovulata,2.1,16
C,Grewia Decomovulata,3,20
C,Grewia Monticola,2,9
C,Vachellia Nilotica,4.1,1
C,Dichrostachys Cinerea,3.2,4
C,Dichrostachys Cinerea,4,3
C,Terminalia Sericea,1.9,1
C,Vachellia Karroo,1.6,1
C,Dichrostachys Cinerea,3.5,9
C,Albizia Harveyi,2,6
C,Dichrostachys Cinerea,2,3
C,Vachellia Nilotica,3,6
C,Dichrostachys Cinerea,0.8,6
C,Combretum Zeyheri,0.8,2
C,Combretum Zeyheri,0.8,3
C,Combretum Zeyheri,0.8,7
C,Albizia Harveyi,1.5,4
C,Albizia Harveyi,1.5,3
C,Dichrostachys Cinerea,0.8,8
C,Dichrostachys Cinerea,0.8,9
C,Dichrostachys Cinerea,0.5,2
C,Ziziphus Mucronata,0.8,3
C,Dichrostachys Cinerea,2,6
C,Albizia Harveyi,0.8,2
C,Dichrostachys Cinerea,2.3,18
C,Lippia Javanica,1,5
C,Dichrostachys Cinerea,1.1,3
C,Dichrostachys Cinerea,1.9,7
C,Combretum Zeyheri,1.1,6
C,Combretum Zeyheri,1.8,5
C,Dichrostachys Cinerea,2.1,5
C,Dichrostachys Cinerea,3,7
C,Vachellia Nilotica,4.1,3
C,Dichrostachys Cinerea,4.1,2
C,Vachellia Karroo,1,4
C,Vachellia Karroo,1,5
C,Dichrostachys Cinerea,2.6,10
C,Dichrostachys Cinerea,1.5,3
C,Vachellia Nilotica,2,2
C,Combretum Hereroense,0.4,3
C,Vachellia Karroo,1.2,3
C,Vachellia Nilotica,1.5,4
C,Dichrostachys Cinerea,1.2,3
C,Albizia Harveyi,0.6,3
C,Dichrostachys Cinerea,2,8
C,Vachellia Nilotica,3.1,1
C,Dichrostachys Cinerea,3,6
C,Dichrostachys Cinerea,3,3
C,Vachellia Nilotica,1,4
C,Dichrostachys Cinerea,1.2,5
C,Lippia Javanica,0.6,4
C,Dichrostachys Cinerea,2.4,8
C,Albizia Harveyi,0.5,3
C,Vachellia Karroo,2.5,4
C,Dichrostachys Cinerea,1.5,6
C,Vachellia Nilotica,1.2,3
C,Terminalia Sericea,1.4,2
C,Vachellia Nilotica,1.7,1
C,Vachellia Nilotica,1.1,5
C,Dichrostachys Cinerea,1.1,12
C,Terminalia Sericea,5,2
C,Dichrostachys Cinerea,4,6
C,Albizia Harveyi,0.5,2
C,Vachellia Nilotica,0.8,10
C,Ziziphus Mucronata,1.4,3
C,Albizia Harveyi,1,2
C,Diospyros Lycioides,0.3,2
C,Vachellia Nilotica,1.1,1
C,Dichrostachys Cinerea,2,5
C,Dichrostachys Cinerea,4.5,4
C,Dichrostachys Cinerea,4.5,3
C,Terminalia Sericea,1,2
C,Vachellia Nilotica,3,3
C,Dichrostachys Cinerea,3,5
C,Terminalia Sericea,1.2,1
C,Dichrostachys Cinerea,2.1,2
C,Dichrostachys Cinerea,2.1,3
C,Albizia Harveyi,0.7,1
C,Vachellia Nilotica,1.2,2
C,Vachellia Nilotica,1,1
C,Dichrostachys Cinerea,5,1
C,Dichrostachys Cinerea,0.6,1
C,Vachellia Nilotica,0.8,5
C,Dichrostachys Cinerea,4.8,2
C,Dichrostachys Cinerea,4.8,6
C,Grewia Decomovulata,5,2
C,Dichrostachys Cinerea,4.8,4
C,Grewia Decomovulata,0.3,3
C,Dichrostachys Cinerea,5,3
C,Dichrostachys Cinerea,3.5,1
C,Dichrostachys Cinerea,3.8,4
C,Dichrostachys Cinerea,0.8,2
C,Dichrostachys Cinerea,3.8,5
C,Dichrostachys Cinerea,3.8,7
C,Grewia Monticola,3.2,8
C,Ziziphus Mucronata,0.6,1
C,Dichrostachys Cinerea,1.8,8
C,Combretum Hereroense,0.2,2
C,Combretum Zeyheri,0.15,4
C,Grewia Monticola,2.4,6
C,Senegalia Rehmanniana,1.3,3
C,Senegalia Rehmanniana,0.3,1
C,Albizia Harveyi,0.7,3
C,Dichrostachys Cinerea,3.6,7
C,Grewia Decomovulata,1.6,4
C,Grewia Decomovulata,1,3
C,Senegalia Rehmanniana,1.3,2
C,Senegalia Rehmanniana,1,3
C,Senegalia Rehmanniana,1.1,6
C,Grewia Monticola,1.3,1
C,Grewia Decomovulata,2.6,12
C,Allophylus Africanus,1.5,6
C,Grewia Decomovulata,1.9,3
C,Dichrostachys Cinerea,1.3,5
C,Grewia Monticola,3.2,5
C,Berchemia Zeyheri,1.5,5
C,Dichrostachys Cinerea,1.5,2
C,Grewia Decomovulata,1.4,6
C,Grewia Monticola,2.4,7
C,Cordia Monoica Roxb,1.2,5
C,Cordia Monoica Roxb,0.6,6
C,Grewia Monticola,2.2,2
C,Grewia Decomovulata,0.7,8
C,Gymnosporia Senegalensis,2.1,2
C,Grewia Decomovulata,3.1,3
C,Grewia Decomovulata,3,4
C,Grewia Decomovulata,1.1,3
C,Grewia Decomovulata,0.8,2
C,Ziziphus Mucronata,5,2
C,Sclerocarya Birrea,19.5,1
C,Cordia Monoica Roxb,0.3,2
C,Euclea Divinorum,0.15,2
C,Allophylus Africanus,1.8,13
C,Grewia Decomovulata,1.5,6
C,Euclea Divinorum,3,3
C,Euclea Divinorum,3,1
C,Euclea Divinorum,1.6,2
C,Grewia Decomovulata,3,7
C,Grewia Decomovulata,2,6
C,Grewia Decomovulata,4,3
C,Dichrostachys Cinerea,1.3,2
C,Berchemia Zeyheri,1.8,2
C,Grewia Monticola,2.9,4
C,Grewia Monticola,2.8,1
C,Grewia Monticola,2.5,1
C,Grewia Monticola,2.7,4
C,Ziziphus Mucronata,0.6,2
C,Dichrostachys Cinerea,3.5,2
C,Grewia Monticola,1.8,2
C,Dichrostachys Cinerea,4.6,6
C,Gymnosporia Senegalensis,2.6,8
C,Dichrostachys Cinerea,4.5,2
C,Dichrostachys Cinerea,1.4,4
C,Dichrostachys Cinerea,1,2
C,Dichrostachys Cinerea,0.9,5
C,Dichrostachys Cinerea,0.5,3
C,Grewia Monticola,1.1,3
C,Combretum Hereroense,4,3
C,Combretum Hereroense,4,1
C,Grewia Monticola,1,1
C,Cordia Monoica Roxb,1.4,3
C,Dichrostachys Cinerea,3,4
C,Dichrostachys Cinerea,4,1
C,Dichrostachys Cinerea,2.9,1
C,Dichrostachys Cinerea,1.3,1
C,Dichrostachys Cinerea,1.2,4
C,Combretum Zeyheri,0.9,3
C,Allophylus Africanus,2,12
C,Grewia Monticola,2,6
C,Vachellia Karroo,1,8
C,Berchemia Zeyheri,0.9,3
C,Diospyros Lycioides,1,2
C,Diospyros Lycioides,1.1,1
C,Diospyros Lycioides,0.6,1
C,Diospyros Lycioides,2,3
C,Diospyros Lycioides,2,1
C,Diospyros Lycioides,2,2
C,Diospyros Lycioides,2,4
C,Diospyros Lycioides,1.8,2
C,Diospyros Lycioides,1.8,6
C,Diospyros Lycioides,0.15,3
C,Diospyros Lycioides,0.25,1
C,Diospyros Lycioides,0.2,1
C,Diospyros Lycioides,0.4,1
C,Diospyros Lycioides,0.8,3
C,Grewia Monticola,1,8
C,Grewia Monticola,0.9,2
C,Grewia Decomovulata,0.5,8
C,Grewia Decomovulata,0.35,12
C,Dichrostachys Cinerea,0.7,2
C,Dichrostachys Cinerea,0.3,8
C,Grewia Monticola,0.7,9
C,Dichrostachys Cinerea,3.4,8
C,Vachellia Karroo,1.6,4
C,Dichrostachys Cinerea,0.5,12
C,Vachellia Karroo,0.6,8
C,Vachellia Nilotica,1.2,1
C,Senegalia Rehmanniana,1.9,15
C,Dichrostachys Cinerea,0.7,6
C,Dichrostachys Cinerea,4,11
C,Senegalia Rehmanniana,1.6,2
C,Senegalia Rehmanniana,2,2
C,Senegalia Rehmanniana,2.3,2
C,Senegalia Rehmanniana,1,1
C,Dichrostachys Cinerea,1,2
C,Dichrostachys Cinerea,3.8,4
C,Dichrostachys Cinerea,3.8,1
C,Dichrostachys Cinerea,2.4,1
C,Dichrostachys Cinerea,3.6,5
C,Dichrostachys Cinerea,3.9,1
C,Lippia Javanica,1.4,4
C,Lippia Javanica,2,4
C,Dichrostachys Cinerea,0.5,2
C,Lippia Javanica,0.6,3
C,Vachellia Nilotica,4.4,1
C,Vachellia Nilotica,1.5,5
C,Dichrostachys Cinerea,0.4,2
C,Ziziphus Mucronata,2.1,1
C,Combretum Hereroense,1.2,1
C,Dichrostachys Cinerea,2.3,6
C,Dichrostachys Cinerea,0.6,5
C,Dichrostachys Cinerea,4.5,4
C,Dichrostachys Cinerea,0.45,2
C,Dichrostachys Cinerea,3.5,5
C,Dichrostachys Cinerea,3.5,2
C,Dichrostachys Cinerea,3.5,3
C,Grewia Decomovulata,3.2,12
C,Dichrostachys Cinerea,3.6,7
C,Ziziphus Mucronata,2.3,4
C,Dichrostachys Cinerea,1.2,8
C,Dichrostachys Cinerea,0.25,6
C,Combretum Zeyheri,1.2,2
C,Allophylus Africanus,0.6,4
C,Dichrostachys Cinerea,0.4,4
C,Dichrostachys Cinerea,0.4,6
C,Grewia Monticola,1.7,9
C,Dichrostachys Cinerea,0.25,4
C,Dichrostachys Cinerea,0.25,2
C,Albizia Harveyi,0.3,5
C,Combretum Hereroense,0.3,8
C,Albizia Harveyi,0.4,4
C,Ziziphus Mucronata,4.6,4
C,Vachellia Nilotica,3.7,2
C,Combretum Hereroense,2,6
C,Vachellia Nilotica,3.4,1
C,Dichrostachys Cinerea,0.5,6
C,Cordia Monoica Roxb,0.8,5
C,Grewia Monticola,2.8,8
C,Gymnosporia Senegalensis,2.2,3
C,Dichrostachys Cinerea,3.8,9
C,Vachellia Nilotica,1.6,2
C,Combretum Zeyheri,3,4
C,Ziziphus Mucronata,4.2,6
C,Azanza Garckeana,0.7,4
C,Grewia Monticola,0.8,6
C,Grewia Monticola,3.8,2
C,Vachellia Nilotica,2.5,2
C,Vachellia Nilotica,2.5,3
C,Albizia Harveyi,0.7,12
C,Dichrostachys Cinerea,0.15,4
C,Dichrostachys Cinerea,0.15,3
C,Vachellia Nilotica,3.8,3
C,Dichrostachys Cinerea,3.7,3
C,Vachellia Nilotica,3.8,1
C,Vachellia Nilotica,0.08,3
C,Vachellia Nilotica,0.3,6
C,Ziziphus Mucronata,1.8,2
C,Combretum Hereroense,0.05,1
C,Dichrostachys Cinerea,2.3,4
C,Dichrostachys Cinerea,2.3,2
C,Grewia Monticola,2.8,4
C,Albizia Harveyi,4.5,1
C,Ziziphus Mucronata,3.8,3
C,Grewia Decomovulata,3.2,6
C,Dichrostachys Cinerea,3.3,3
C,Dichrostachys Cinerea,3.3,4
C,Vachellia Nilotica,0.5,3
C,Ziziphus Mucronata,4.5,4
C,Dichrostachys Cinerea,3.2,6
C,Vachellia Nilotica,3.1,2
C,Senegalia Rehmanniana,3.2,3
C,Vachellia Nilotica,1,2
C,Vachellia Karroo,5,1
C,Dichrostachys Cinerea,3.6,1
C,Dichrostachys Cinerea,3.6,2
C,Dichrostachys Cinerea,3.2,9
C,Dichrostachys Cinerea,1.2,10
C,Vachellia Nilotica,2.2,3
C,Vachellia Karroo,3.5,8
C,Grewia Decomovulata,1.8,4
C,Dichrostachys Cinerea,3.8,5
C,Ziziphus Mucronata,0.3,1
C,Ziziphus Mucronata,0.5,1
C,Ziziphus Mucronata,0.5,2
C,Grewia Decomovulata,2,4
C,Ziziphus Mucronata,2.8,4
C,Vachellia Nilotica,0.8,3
C,Dichrostachys Cinerea,3.1,2
C,Dichrostachys Cinerea,5,8
C,Dichrostachys Cinerea,4.2,13
C,Dichrostachys Cinerea,4.2,1
C,Dichrostachys Cinerea,4.2,4
C,Dichrostachys Cinerea,1.4,1
C,Vachellia Nilotica,1.4,3
C,Vachellia Nilotica,0.45,2
C,Combretum Apiculatum,1,4
C,Vachellia Karroo,2.3,1
C,Grewia Monticola,3,7
C,Grewia Decomovulata,3.2,8
C,Commiphora Africana,3.2,1
C,Grewia Monticola,3.6,3
C,Grewia Decomovulata,2.3,8
C,Allophylus Africanus,2.2,1
C,Grewia Monticola,4,3
C,Dichrostachys Cinerea,5,6
C,Grewia Decomovulata,3.8,5
C,Ziziphus Mucronata,2,3
C,Grewia Decomovulata,2.8,12
C,Grewia Decomovulata,2.8,13
C,Grewia Decomovulata,2.8,3
C,Albizia Harveyi,1.6,3
C,Ozoroa Insignis,3,3
C,Dichrostachys Cinerea,1.7,2
C,Senegalia Rehmanniana,1.3,8
C,Grewia Monticola,1,2
C,Grewia Decomovulata,2.4,6
C,Grewia Decomovulata,2.5,4
C,Lippia Javanica,1.3,4
C,Dichrostachys Cinerea,1.4,2
C,Allophylus Africanus,3.8,3
C,Grewia Decomovulata,2.8,8
C,Peltophorum Africanum,1.8,4
C,Grewia Decomovulata,2,5
C,Allophylus Africanus,1.3,1
C,Terminalia Sericea,8.3,1
C,Euclea Divinorum,2.8,4
C,Berchemia Zeyheri,3.6,1
C,Boscia Angustifolia,0.45,4
C,Boscia Angustifolia,0.25,2
C,Grewia Monticola,3.2,4
C,Grewia Monticola,1.6,7
C,Gymnosporia Senegalensis,2.1,4
C,Vachellia Karroo,0.8,3
C,Terminalia Sericea,3.1,1
C,Terminalia Sericea,3.1,2
C,Vachellia Karroo,3.4,1
C,Terminalia Sericea,10,1
C,Combretum Hereroense,4.5,1
C,Combretum Zeyheri,2,6
C,Combretum Zeyheri,1.6,2
C,Albizia Harveyi,1.2,2
C,Terminalia Sericea,0.8,1
C,Ziziphus Mucronata,1.8,1
C,Dichrostachys Cinerea,1,8
C,Dichrostachys Cinerea,0.7,3
C,Albizia Harveyi,1.5,8
C,Albizia Harveyi,2,3
C,Albizia Harveyi,1.2,1
C,Albizia Harveyi,0.25,2
C,Dichrostachys Cinerea,0.8,3
C,Combretum Hereroense,2,4
C,Vachellia Karroo,0.5,8
C,Senegalia Rehmanniana,0.4,6
C,Grewia Decomovulata,2.3,20
C,Senegalia Rehmanniana,2,1
C,Dichrostachys Cinerea,1.6,3
C,Senegalia Rehmanniana,1,6
C,Vachellia Nilotica,0.6,8
C,Dichrostachys Cinerea,1,1
C,Vachellia Karroo,4,2
C,Dichrostachys Cinerea,3.2,8
C,Dichrostachys Cinerea,2.5,1
C,Ziziphus Mucronata,3.2,2
C,Dichrostachys Cinerea,4.3,1
C,Dichrostachys Cinerea,4.3,3
C,Dichrostachys Cinerea,4.3,4
C,Vachellia Nilotica,1.8,2
C,Dichrostachys Cinerea,2.1,2
C,Grewia Decomovulata,3.4,7
C,Vachellia Karroo,2.6,1
C,Dichrostachys Cinerea,3.3,1
C,Ziziphus Mucronata,3.4,4
C,Dichrostachys Cinerea,2.7,1
C,Grewia Decomovulata,2.8,10
C,Albizia Harveyi,2.9,1
C,Vachellia Nilotica,5.7,1
C,Vachellia Karroo,2.2,2
C,Senegalia Rehmanniana,0.5,2
C,Senegalia Rehmanniana,0.5,3
C,Combretum Hereroense,0.7,6
C,Vachellia Nilotica,1,3
C,Senegalia Rehmanniana,1.8,20
C,Senegalia Rehmanniana,1.8,14
C,Dichrostachys Cinerea,1.4,3
C,Ziziphus Mucronata,4,3
C,Azanza Garckeana,2.3,2
C,Dichrostachys Cinerea,3.8,2
C,Dichrostachys Cinerea,3.8,6
C,Dichrostachys Cinerea,3.8,3
C,Ziziphus Mucronata,3.6,1
C,Senegalia Rehmanniana,1.2,4
C,Vachellia Nilotica,2.4,1
C,Senegalia Rehmanniana,1.6,5
C,Dichrostachys Cinerea,2.2,8
C,Allophylus Africanus,4,5
C,Ziziphus Mucronata,0.4,2
C,Ziziphus Mucronata,0.35,3
C,Ziziphus Mucronata,1.4,1
C,Vachellia Nilotica,4.2,2
C,Combretum Zeyheri,4.2,1
C,Combretum Hereroense,2.2,2
C,Dichrostachys Cinerea,1.5,4
C,Fluegga Virosa,0.8,2
C,Vachellia Karroo,1.4,1
C,Sclerocarya Birrea,13,1
C,Grewia Monticola,2,5
C,Grewia Monticola,1.5,1
C,Dichrostachys Cinerea,4.8,3
C,Vachellia Nilotica,0.35,1
C,Combretum Hereroense,0.5,1
C,Vachellia Nilotica,1.1,4
C,Gymnosporia Senegalensis,2.1,9
C,Grewia Decomovulata,0.35,6
C,Grewia Decomovulata,3,9
C,Grewia Monticola,3.2,3
C,Grewia Decomovulata,0.3,2
C,Azanza Garckeana,1,2
C,Dichrostachys Cinerea,3.5,4
C,Dichrostachys Cinerea,1.2,2
C,Dichrostachys Cinerea,1.4,7
C,Dichrostachys Cinerea,0.9,5
C,Dichrostachys Cinerea,1.2,1
C,Vachellia Nilotica,3.2,3
C,Grewia Decomovulata,4.5,5
C,Azanza Garckeana,3.6,3
C,Vachellia Nilotica,3.8,2
C,Combretum Zeyheri,1.4,2
C,Dichrostachys Cinerea,2.4,2
C,Dichrostachys Cinerea,2.4,3
C,Combretum Hereroense,1.2,4
C,Dichrostachys Cinerea,4.2,12
C,Grewia Monticola,1.4,11
C,Peltophorum Africanum,1.4,1
C,Peltophorum Africanum,0.5,2
C,Commiphora Africana,1.6,3
C,Combretum Hereroense,5,3
C,Euclea Divinorum,3.5,11
C,Euclea Divinorum,3.5,10
C,Euclea Divinorum,2.9,1
C,Euclea Divinorum,3,5
C,Dichrostachys Cinerea,4.8,1
C,Dichrostachys Cinerea,4.8,2
C,Dichrostachys Cinerea,4.8,16
C,Dichrostachys Cinerea,4.8,5
C,Dichrostachys Cinerea,4.8,26
C,Dichrostachys Cinerea,4.8,35
C,Dichrostachys Cinerea,4.8,4
C,Dichrostachys Cinerea,4.8,33
C,Dichrostachys Cinerea,2.4,9
C,Dichrostachys Cinerea,2.4,6
C,Dichrostachys Cinerea,1,9
C,Ziziphus Mucronata,3.4,2
C,Ziziphus Mucronata,3.4,3
C,Grewia Decomovulata,1.2,9
C,Grewia Decomovulata,1.2,8
C,Grewia Decomovulata,1.2,7
C,Grewia Decomovulata,1.2,10
C,Grewia Decomovulata,3,5
C,Euclea Divinorum,3.6,2
C,Euclea Divinorum,3.6,9
C,Ziziphus Mucronata,2.1,3
C,Ziziphus Mucronata,4.1,1
C,Vachellia Karroo,3.8,1
C,Sclerocarya Birrea,9,1
C,Rhus Lancea,3,16
C,Dichrostachys Cinerea,3,16
C,Dichrostachys Cinerea,3,21
C,Combretum Hereroense,1.8,11
C,Commiphora Africana,1.5,3
C,Grewia Decomovulata,1.5,5
C,Grewia Decomovulata,4,9
C,Grewia Decomovulata,5,10
C,Peltophorum Africanum,4.5,1
C,Euclea Divinorum,3.2,5
C,Grewia Monticola,1.2,12
C,Dichrostachys Cinerea,3,12
C,Ziziphus Mucronata,2.2,8
C,Ziziphus Mucronata,2.2,11
C,Ziziphus Mucronata,2.2,5
C,Ziziphus Mucronata,1.2,12
C,Combretum Zeyheri,1.1,12
C,Rhus Lancea,5,3
C,Vachellia Karroo,3.5,1
C,Vachellia Karroo,5,11
C,Vachellia Nilotica,8,1
C,Grewia Decomovulata,3.5,15
C,Grewia Decomovulata,3.5,10
C,Grewia Decomovulata,3.5,8
C,Terminalia Sericea,4,8
C,Terminalia Sericea,1,5
C,Ziziphus Mucronata,1,6
C,Peltophorum Africanum,3.2,2
C,Gardenia Spathulifolia,1.4,6
C,Combretum Hereroense,3,2
C,Senegalia Rehmanniana,1.3,10
C,Senegalia Rehmanniana,1.3,20
C,Terminalia Sericea,2.5,8
C,Ziziphus Mucronata,2.8,2
C,Albizia Harveyi,1,8
C,Gardenia Spathulifolia,1,4
C,Gardenia Spathulifolia,1.8,6
C,Grewia Decomovulata,5,6
C,Gardenia Spathulifolia,1,21
C,Vachellia Nilotica,3.8,13
C,Vachellia Nilotica,1.7,10
C,Euclea Divinorum,0.3,1
C,Boscia Angustifolia,0.3,3
C,Grewia Monticola,0.5,7
C,Peltophorum Africanum,0.2,4
C,Vachellia Karroo,0.1,1
C,Dichrostachys Cinerea,0.6,7
C,Grewia Monticola,0.1,6
C,Ziziphus Mucronata,0.5,3
C,Vachellia Karroo,0.6,10
C,Vachellia Karroo,0.3,5
C,Gymnosporia Senegalensis,0.5,5
C,Euclea Divinorum,0.15,1
C,Boscia Angustifolia,0.2,3
C,Fluegga Virosa,0.4,6
C,Euclea Divinorum,0.5,1
C,Boscia Angustifolia,0.4,8
C,Diospyros Lycioides,0.7,4
C,Grewia Monticola,0.1,5
C,Vachellia Karroo,0.4,1
C,Vachellia Karroo,0.2,3
C,Combretum Hereroense,0.25,6
C,Ziziphus Mucronata,0.7,8
C,Dichrostachys Cinerea,0.3,4
C,Vachellia Karroo,0.15,2
C,Albizia Harveyi,0.35,2
C,Senegalia Rehmanniana,0.7,8
C,Senegalia Rehmanniana,0.7,4
C,Ziziphus Mucronata,0.2,3
C,Allophylus Africanus,0.35,2
C,Diospyros Lycioides,0.1,4
C,Boscia Angustifolia,0.35,2
C,Fluegga Virosa,0.6,3
C,Boscia Angustifolia,0.7,5
C,Euclea Divinorum,0.5,2
C,Boscia Angustifolia,0.6,5
C,Diospyros Lycioides,0.4,4
C,Dichrostachys Cinerea,0.4,3
C,Gardenia Spathulifolia,0.8,9
C,Peltophorum Africanum,0.65,10
C,Dichrostachys Cinerea,0.45,7
C,Vachellia Karroo,0.4,11
C,Vachellia Karroo,0.25,1
C,Ziziphus Mucronata,0.6,6
C,Combretum Hereroense,0.3,3
C,Euclea Divinorum,0.3,2
C,Diospyros Lycioides,0.3,1
C,Sclerocarya Birrea,0.2,4
C,Fluegga Virosa,0.3,6
C,Dichrostachys Cinerea,0.35,7
C,Diospyros Lycioides,0.8,1
C,Grewia Monticola,0.3,1
C,Grewia Monticola,0.5,5
C,Albizia Harveyi,0.2,2
C,Boscia Angustifolia,0.1,6
C,Combretum Apiculatum,0.5,3
C,Allophylus Africanus,0.3,2
C,Boscia Angustifolia,0.2,5
C,Ziziphus Mucronata,0.15,2
C,Euclea Divinorum,0.25,1
C,Allophylus Africanus,0.3,1
C,Euclea Divinorum,0.35,2
C,Albizia Harveyi,0.15,2
C,Grewia Monticola,0.45,6
C,Combretum Hereroense,0.45,3
C,Azanza Garckeana,0.3,3
C,Lippia Javanica,0.65,4
C,Vachellia Karroo,0.6,2
C,Dichrostachys Cinerea,4,10
C,Dichrostachys Cinerea,3,22
C,Dichrostachys Cinerea,3,15
C,Vachellia Nilotica,4,15
C,Gardenia Spathulifolia,3.2,4
C,Combretum Hereroense,3,8
C,Peltophorum Africanum,4,8
C,Peltophorum Africanum,5,1
C,Combretum Hereroense,4.5,2
C,Peltophorum Africanum,5,2
C,Combretum Hereroense,5,1
C,Combretum Hereroense,3.8,3
C,Combretum Hereroense,2.8,2
C,Combretum Hereroense,2.8,6
C,Vachellia Nilotica,5,2
C,Grewia Monticola,1.5,2
C,Terminalia Sericea,3.8,3
C,Vachellia Karroo,2.4,2
C,Ziziphus Mucronata,2.2,2
C,Combretum Hereroense,4,6
C,Combretum Hereroense,2,5
C,Combretum Hereroense,2.3,4
C,Grewia Decomovulata,5,9
C,Berchemia Zeyheri,2,1
C,Albizia Harveyi,2,1
C,Gymnosporia Senegalensis,1.8,3
C,Ziziphus Mucronata,3.8,5
C,Diospyros Lycioides,3,14
C,Carissa Bispinosa,3,8
C,Vachellia Gerrardii,1,2
C,Terminalia Sericea,6.2,2
C,Combretum Hereroense,2,11
C,Peltophorum Africanum,2.3,5
C,Terminalia Sericea,2.3,2
C,Dichrostachys Cinerea,1,15
C,Dichrostachys Cinerea,1,12
C,Dichrostachys Cinerea,2,15
C,Dichrostachys Cinerea,2,12
C,Vachellia Nilotica,1.4,1
C,Ziziphus Mucronata,3,7
C,Peltophorum Africanum,2.2,4
C,Combretum Hereroense,4.5,6
C,Senegalia Nigrescens,4.5,33
C,Ziziphus Mucronata,4.5,2
C,Terminalia Sericea,5,7
C,Gymnosporia Senegalensis,1.2,3
C,Vachellia Nilotica,0.1,5
C,Dichrostachys Cinerea,0.03,2
C,Ziziphus Mucronata,0.6,8
C,Albizia Harveyi,0.5,8
C,Fluegga Virosa,0.9,3
C,Terminalia Sericea,0.5,6
C,Dichrostachys Cinerea,0.3,9
C,Terminalia Sericea,0.08,3
C,Terminalia Sericea,0.25,4
C,Albizia Harveyi,0.3,3
C,Combretum Zeyheri,0.65,6
C,Combretum Hereroense,0.05,3
C,Combretum Hereroense,0.25,5
C,Albizia Harveyi,0.3,7
C,Combretum Zeyheri,0.3,5
C,Albizia Harveyi,0.5,5
C,Ziziphus Mucronata,0.25,8
C,Combretum Zeyheri,0.3,7
C,Combretum Hereroense,0.3,4
C,Combretum Hereroense,0.6,2
C,Terminalia Sericea,0.7,8
C,Vachellia Karroo,0.45,7
C,Diospyros Lycioides,0.45,4
C,Ziziphus Mucronata,0.35,4
C,Albizia Harveyi,0.45,10
C,Vachellia Karroo,0.1,2
C,Allophylus Africanus,0.25,1
C,Lippia Javanica,0.3,4
C,Combretum Hereroense,0.3,2
C,Combretum Zeyheri,0.4,8
C,Albizia Harveyi,0.4,2
C,Albizia Harveyi,0.25,1
C,Albizia Harveyi,0.6,10
C,Albizia Harveyi,0.65,7
C,Gymnosporia Senegalensis,0.5,3
C,Gymnosporia Senegalensis,0.25,1
C,Combretum Apiculatum,0.3,11
C,Senegalia Rehmanniana,0.45,8
C,Dichrostachys Cinerea,2,17
C,Dichrostachys Cinerea,2,12
C,Dichrostachys Cinerea,2,22
C,Dichrostachys Cinerea,2,15
C,Dichrostachys Cinerea,1,6
C,Ziziphus Mucronata,2.1,5
C,Terminalia Sericea,2,12
C,Grewia Monticola,1.9,3
C,Vachellia Nilotica,3,25
C,Vachellia Nilotica,2,5
C,Terminalia Sericea,2.1,16
C,Albizia Harveyi,3,4
C,Senegalia Rehmanniana,2.5,7
C,Peltophorum Africanum,2,8
C,Dichrostachys Cinerea,2,11
C,Dichrostachys Cinerea,2,18
C,Terminalia Sericea,2.2,9
C,Combretum Zeyheri,2.2,4
C,Dichrostachys Cinerea,2.8,7
C,Dichrostachys Cinerea,2.8,4
C,Dichrostachys Cinerea,2.8,8
C,Senegalia Rehmanniana,1.4,8
C,Terminalia Sericea,3,6
C,Terminalia Sericea,0.5,7
C,Combretum Hereroense,0.7,5
C,Dichrostachys Cinerea,0.25,10
C,Vachellia Nilotica,0.45,8
C,Terminalia Sericea,0.25,1
C,Vachellia Nilotica,0.25,2
C,Vachellia Nilotica,0.3,2
C,Ziziphus Mucronata,0.45,5
C,Terminalia Sericea,0.5,5
C,Combretum Hereroense,0.7,15
C,Dovyalis Caffra,0.2,2
C,Albizia Harveyi,0.3,2
C,Vachellia Nilotica,0.45,3
C,Combretum Hereroense,0.1,2
C,Terminalia Sericea,0.6,5
C,Combretum Apiculatum,0.6,5
C,Terminalia Sericea,0.25,3
C,Albizia Harveyi,0.3,6
C,Vachellia Nilotica,0.4,5
C,Dichrostachys Cinerea,0.1,2
C,Peltophorum Africanum,0.1,1
C,Albizia Harveyi,0.35,8
C,Ziziphus Mucronata,0.3,6
C,Albizia Harveyi,0.55,6
C,Terminalia Sericea,0.7,3
C,Peltophorum Africanum,0.15,1
C,Combretum Apiculatum,0.35,3
C,Combretum Apiculatum,0.25,3
C,Piliostigma Thonningii,0.6,6
C,Peltophorum Africanum,0.45,3
C,Grewia Decomovulata,0.3,6
C,Combretum Hereroense,0.55,5
C,Dichrostachys Cinerea,0.2,3
C,Grewia Monticola,0.3,5
C,Dichrostachys Cinerea,2,26
C,Dichrostachys Cinerea,2,11
C,Vachellia Karroo,4.2,2
C,Gymnosporia Senegalensis,2.6,5
C,Peltophorum Africanum,2.2,7
C,Combretum Hereroense,2.2,8
C,Terminalia Sericea,1.2,6
C,Combretum Hereroense,3,5
C,Dichrostachys Cinerea,1.2,12
C,Dichrostachys Cinerea,1.2,17
C,Vachellia Nilotica,2,3
C,Peltophorum Africanum,2.4,2
C,Peltophorum Africanum,2.4,7
C,Senegalia Rehmanniana,1,8
C,Albizia Harveyi,1,5
C,Combretum Hereroense,2,2
C,Peltophorum Africanum,1.2,9
C,Vachellia Nilotica,1.8,6
C,Terminalia Sericea,2.8,1
C,Terminalia Sericea,2.1,2
C,Peltophorum Africanum,2.5,5
C,Terminalia Sericea,1.3,12
C,Terminalia Sericea,2.5,13
C,Vachellia Nilotica,2.8,5
C,Vachellia Karroo,2,3
C,Vachellia Nilotica,2,9
C,Vachellia Karroo,2,4
C,Ziziphus Mucronata,1.6,8
C,Terminalia Sericea,2,8
C,Terminalia Sericea,6.3,1
C,Peltophorum Africanum,1.5,4
C,Vachellia Karroo,6,2
C,Vachellia Gerrardii,4.3,4
C,Albizia Harveyi,3.6,12
C,Albizia Harveyi,1.4,3
C,Albizia Harveyi,0.45,4
C,Terminalia Sericea,0.35,6
C,Vachellia Nilotica,0.2,1
C,Dichrostachys Cinerea,0.2,6
C,Terminalia Sericea,0.5,3
C,Grewia Decomovulata,0.65,3
C,Terminalia Sericea,0.65,4
C,Albizia Harveyi,0.65,6
C,Terminalia Sericea,0.45,3
C,Albizia Harveyi,0.45,2
C,Vachellia Nilotica,0.75,5
C,Combretum Hereroense,0.35,3
C,Albizia Harveyi,0.35,3
C,Dichrostachys Cinerea,0.7,7
C,Dichrostachys Cinerea,0.65,3
C,Combretum Zeyheri,0.2,4
C,Combretum Hereroense,0.3,1
C,Annona Senegalensis,0.6,15
C,Albizia Harveyi,0.25,3
C,Combretum Hereroense,0.6,6
C,Albizia Harveyi,0.65,8
C,Terminalia Sericea,0.4,6
C,Combretum Apiculatum,0.35,13
C,Combretum Zeyheri,0.45,4
C,Albizia Harveyi,0.45,8
C,Albizia Harveyi,0.6,5
C,Albizia Harveyi,0.55,8
C,Albizia Harveyi,0.6,9
C,Terminalia Sericea,0.1,1
C,Terminalia Sericea,0.15,5
C,Dichrostachys Cinerea,0.9,9
C,Albizia Harveyi,0.6,6
C,Terminalia Sericea,0.8,5
C,Dichrostachys Cinerea,0.05,3
C,Terminalia Sericea,0.45,10
C,Albizia Harveyi,0.4,3
C,Vachellia Nilotica,0.1,2
C,Vachellia Karroo,0.65,8
C,Combretum Hereroense,0.5,5
C,Terminalia Sericea,0.7,5
C,Terminalia Sericea,0.25,2
C,Albizia Harveyi,0.6,8
C,Albizia Harveyi,0.6,2
C,Albizia Harveyi,0.15,4
C,Terminalia Sericea,0.55,6
C,Colophospermum Mopane,0.25,3
C,Albizia Harveyi,0.7,5
C,Vachellia Nilotica,0.35,4
C,Combretum Hereroense,0.5,3
C,Terminalia Sericea,0.6,6
C,Diospyros Lycioides,0.25,3
C,Lannea Edulis,0.15,8
C,Dichrostachys Cinerea,2.2,2
C,Grewia Decomovulata,3.2,3
C,Grewia Decomovulata,3.2,2
C,Grewia Decomovulata,3.2,11
C,Dichrostachys Cinerea,3,18
C,Vachellia Karroo,2.4,5
C,Albizia Harveyi,2.6,3
C,Albizia Harveyi,2.6,7
C,Grewia Monticola,1,6
C,Vachellia Nilotica,5.4,1
C,Grewia Monticola,1.9,6
C,Vachellia Nilotica,2.1,4
C,Vachellia Karroo,2.8,1
C,Grewia Monticola,1.6,26
C,Combretum Zeyheri,1.6,15
C,Peltophorum Africanum,2.2,8
C,Grewia Monticola,2.1,5
C,Pterocarpus Rotundifolius,2,7
C,Ziziphus Mucronata,2,8
C,Ziziphus Mucronata,1.2,3
C,Senegalia Rehmanniana,2.8,9
C,Grewia Monticola,1.7,6
C,Fluegga Virosa,1.2,7
C,Allophylus Africanus,1,5
C,Vachellia Nilotica,2,10
C,Combretum Hereroense,8,1
C,Combretum Hereroense,4.2,2
C,Combretum Hereroense,4.2,1
C,Vachellia Karroo,3.4,3
C,Dichrostachys Cinerea,1.9,7
C,Combretum Hereroense,2.2,2
C,Terminalia Sericea,2.2,2
C,Combretum Hereroense,2,5
C,Combretum Zeyheri,1.8,8
C,Combretum Hereroense,1,7
C,Combretum Zeyheri,7,1
C,Vachellia Karroo,1.4,9
C,Gymnosporia Senegalensis,1,5
C,Vachellia Nilotica,2.6,1
C,Combretum Molle,2,9
C,Albizia Harveyi,1,16
C,Sclerocarya Birrea,5,1
C,Combretum Hereroense,5,3
C,Allophylus Africanus,3,3
C,Combretum Hereroense,1.4,2
C,Combretum Hereroense,3.2,1
C,Euclea Divinorum,2,1
C,Grewia Decomovulata,3.9,18
C,Grewia Decomovulata,3.9,20
C,Grewia Monticola,1,7
C,Ozoroa Insignis,1,7
C,Combretum Hereroense,3,2
C,Diospyros Lycioides,1,8
C,Allophylus Africanus,1,6
C,Albizia Harveyi,1.6,7
C,Grewia Monticola,2.6,13
C,Peltophorum Africanum,2.2,13
C,Terminalia Sericea,5,18
C,Combretum Zeyheri,1.8,7
C,Peltophorum Africanum,1,4
C,Combretum Zeyheri,4.5,1
C,Peltophorum Africanum,7.4,2
C,Peltophorum Africanum,2.5,6
C,Combretum Hereroense,5,13
C,Combretum Zeyheri,4.6,3
C,Combretum Hereroense,5,1
C,Dichrostachys Cinerea,3,20
C,Dichrostachys Cinerea,3,10
C,Ziziphus Mucronata,5.5,1
C,Combretum Hereroense,3.8,3
C,Rhus Lancea,4.2,5
C,Euclea Divinorum,4,1
C,Grewia Monticola,2.6,2
C,Grewia Monticola,2.6,5
C,Grewia Monticola,2.6,1
C,Fluegga Virosa,3.6,1
C,Fluegga Virosa,3,6
C,Vachellia Nilotica,4.2,4
C,Grewia Monticola,3,9
C,Peltophorum Africanum,3,3
C,Vachellia Karroo,2,1
C,Vachellia Karroo,0.8,15
C,Grewia Decomovulata,0.3,12
C,Combretum Apiculatum,0.45,13
C,Combretum Apiculatum,0.5,2
C,Combretum Hereroense,0.5,2
C,Combretum Hereroense,0.3,3
C,Terminalia Sericea,0.6,7
C,Allophylus Africanus,0.3,8
C,Vachellia Nilotica,0.5,9
C,Combretum Zeyheri,0.3,4
C,Combretum Hereroense,0.2,5
C,Peltophorum Africanum,0.3,8
C,Ozoroa Insignis,0.55,6
C,Vachellia Nilotica,0.05,1
C,Ziziphus Mucronata,0.2,4
C,Ziziphus Mucronata,0.45,10
C,Vachellia Nilotica,0.2,7
C,Albizia Harveyi,0.2,3
C,Vachellia Karroo,0.3,3
C,Piliostigma Thonningii,0.3,5
C,Peltophorum Africanum,0.25,10
C,Azanza Garckeana,0.55,3
C,Albizia Harveyi,0.4,8
C,Euclea Divinorum,0.45,2
C,Gardenia Spathulifolia,0.3,10
C,Ziziphus Mucronata,0.4,4
C,Allophylus Africanus,0.5,5
C,Combretum Hereroense,0.3,4
C,Combretum Apiculatum,0.2,4
C,Dichrostachys Cinerea,0.45,8
C,Terminalia Sericea,0.45,5
C,Vachellia Karroo,0.6,6
C,Vachellia Karroo,0.55,4
C,Euclea Divinorum,0.6,3
C,Combretum Apiculatum,0.3,9
C,Combretum Apiculatum,0.35,8
C,Combretum Hereroense,0.15,3
C,Combretum Hereroense,0.45,3
C,Allophylus Africanus,0.6,7
C,Peltophorum Africanum,0.45,18
C,Gardenia Spathulifolia,0.1,12
C,Dichrostachys Cinerea,0.3,2
C,Albizia Harveyi,0.1,10
C,Lippia Javanica,0.5,12
C,Vachellia Nilotica,0.3,12
C,Gymnosporia Senegalensis,0.35,2
C,Gymnosporia Senegalensis,0.2,3
C,Gymnosporia Senegalensis,0.1,2
C,Gymnosporia Senegalensis,0.05,2
C,Combretum Hereroense,0.2,3
C,Dichrostachys Cinerea,0.45,3
C,Dichrostachys Cinerea,0.6,3
C,Combretum Zeyheri,0.45,5
C,Combretum Hereroense,0.55,3
C,Combretum Hereroense,0.15,2
C,Vachellia Karroo,0.65,3
C,Lippia Javanica,0.6,12
C,Grewia Monticola,0.4,15
C,Grewia Decomovulata,5,4
C,Grewia Decomovulata,3.4,5
C,Grewia Decomovulata,3.4,4
C,Grewia Decomovulata,3.4,6
C,Vachellia Karroo,4,4
C,Azanza Garckeana,2,4
C,Vachellia Nilotica,6,1
C,Allophylus Africanus,1.2,8
C,Combretum Hereroense,4.8,1
C,Dichrostachys Cinerea,3,27
C,Dichrostachys Cinerea,4,13
C,Dichrostachys Cinerea,4,17
C,Terminalia Sericea,8,2
C,Combretum Hereroense,6,3
C,Allophylus Africanus,3,6
C,Peltophorum Africanum,2,3
C,Ozoroa Insignis,1.2,4
C,Grewia Decomovulata,1.2,26
C,Vachellia Gerrardii,3,4
C,Vachellia Nilotica,4,7
C,Combretum Hereroense,4.5,4
C,Peltophorum Africanum,3,9
C,Vachellia Gerrardii,4.3,2
C,Combretum Hereroense,4.5,1
C,Dichrostachys Cinerea,2.5,9
C,Dichrostachys Cinerea,2.5,13
C,Dichrostachys Cinerea,2.5,12
C,Dichrostachys Cinerea,2.5,7
C,Dichrostachys Cinerea,2.5,8
C,Dichrostachys Cinerea,2.5,15
C,Dichrostachys Cinerea,2.5,10
C,Peltophorum Africanum,3.6,2
C,Peltophorum Africanum,3,4
C,Combretum Hereroense,4,7
C,Combretum Apiculatum,3.4,1
C,Combretum Hereroense,2,6
C,Ziziphus Mucronata,2.6,5
C,Terminalia Sericea,2.4,1
C,Peltophorum Africanum,5.5,1
C,Combretum Hereroense,5.5,4
C,Combretum Hereroense,7.5,14
C,Combretum Apiculatum,5.5,1
C,Senegalia Nigrescens,4.5,1
C,Grewia Decomovulata,1,15
C,Grewia Decomovulata,1,14
C,Azanza Garckeana,0.3,4
C,Dichrostachys Cinerea,0.3,11
C,Grewia Decomovulata,0.4,23
C,Combretum Apiculatum,0.3,5
C,Dichrostachys Cinerea,0.5,14
C,Combretum Hereroense,0.35,9
C,Combretum Hereroense,0.2,6
C,Gardenia Spathulifolia,0.6,18
C,Terminalia Sericea,0.3,9
C,Vachellia Nilotica,0.35,5
C,Dichrostachys Cinerea,0.3,7
C,Senegalia Rehmanniana,0.34,1
C,Vachellia Nilotica,0.07,5
C,Combretum Hereroense,0.3,10
C,Combretum Hereroense,0.4,7
C,Vachellia Nilotica,0.7,11
C,Combretum Hereroense,0.3,9
C,Azanza Garckeana,0.3,1
C,Grewia Decomovulata,0.4,4
C,Grewia Monticola,0.6,18
C,Combretum Hereroense,0.25,2
C,Dichrostachys Cinerea,0.4,5
C,Azanza Garckeana,0.25,2
C,Dichrostachys Cinerea,0.3,1
C,Vachellia Nilotica,0.4,6
C,Vachellia Nilotica,0.3,10
C,Ziziphus Mucronata,0.08,2
C,Strychnos Spinosa,0.3,5
C,Dichrostachys Cinerea,0.05,4
C,Albizia Harveyi,0.25,5
C,Dichrostachys Cinerea,0.26,5
C,Vachellia Gerrardii,0.6,7
C,Terminalia Sericea,0.4,4
C,Albizia Harveyi,0.05,4
C,Combretum Hereroense,0.35,5
C,Ziziphus Mucronata,0.3,5
C,Combretum Hereroense,0.25,7
C,Allophylus Africanus,0.25,3
C,Grewia Monticola,0.15,4
C,Combretum Zeyheri,0.6,7
C,Dichrostachys Cinerea,0.15,1
C,Albizia Harveyi,0.15,3
C,Lannea Discolor,0.15,3
C,Vachellia Nilotica,0.15,8
C,Combretum Hereroense,0.5,15
C,Vachellia Nilotica,0.35,9
C,Terminalia Sericea,0.4,7
C,Combretum Apiculatum,0.2,3
C,Vachellia Karroo,0.45,3
C,Combretum Hereroense,0.3,11
C,Grewia Monticola,0.3,4
C,Terminalia Sericea,0.2,2
C,Combretum Hereroense,0.5,8
C,Combretum Hereroense,0.25,5
C,Combretum Hereroense,0.3,7
C,Senegalia Rehmanniana,0.7,3
C,Dichrostachys Cinerea,0.8,6
C,Terminalia Sericea,0.8,3
C,Grewia Decomovulata,0.6,35
C,Combretum Hereroense,0.7,3
C,Terminalia Sericea,0.3,5
C,Allophylus Africanus,0.4,11
C,Carissa Bispinosa,0.3,6
C,Grewia Monticola,0.25,2
C,Combretum Hereroense,0.25,1
C,Lippia Javanica,0.15,4
C,Terminalia Sericea,0.35,1
C,Vachellia Karroo,0.6,4
C,Ziziphus Mucronata,0.25,9
C,Allophylus Africanus,0.3,5
C,Allophylus Africanus,0.4,3
C,Ziziphus Mucronata,0.15,6
C,Peltophorum Africanum,0.4,11
C,Ziziphus Mucronata,2,10
C,Grewia Decomovulata,2.5,13
C,Combretum Apiculatum,1.5,1
C,Terminalia Sericea,2.8,7
C,Combretum Hereroense,2.1,10
C,Terminalia Sericea,1.8,4
C,Senegalia Rehmanniana,1.2,23
C,Senegalia Rehmanniana,1.4,15
C,Gymnosporia Senegalensis,4.3,2
C,Fluegga Virosa,1,7
C,Combretum Hereroense,5,2
C,Terminalia Sericea,4.3,1
C,Combretum Hereroense,3,6
C,Terminalia Sericea,7,3
C,Senegalia Rehmanniana,2.3,20
C,Vachellia Nilotica,1.1,11
C,Carissa Bispinosa,1.1,24
C,Euclea Divinorum,3.5,1
C,Allophylus Africanus,2.5,1
C,Grewia Decomovulata,3,1
C,Fluegga Virosa,3.5,3
C,Fluegga Virosa,3.5,2
C,Peltophorum Africanum,2,5
C,Grewia Monticola,2.5,7
C,Combretum Apiculatum,2.5,3
C,Euclea Divinorum,4,3
C,Allophylus Africanus,2,3
C,Combretum Apiculatum,3,4
C,Peltophorum Africanum,3.4,2
C,Dichrostachys Cinerea,4.5,2
C,Dichrostachys Cinerea,4.5,3
C,Dichrostachys Cinerea,4.5,1
C,Ziziphus Mucronata,1.6,1
C,Allophylus Africanus,2,1
C,Fluegga Virosa,2,1
C,Carissa Bispinosa,3,1
C,Ozoroa Insignis,3.5,2
C,Allophylus Africanus,4.4,2
C,Allophylus Africanus,4.4,3
C,Allophylus Africanus,3.7,3
C,Gymnosporia Senegalensis,5,3
C,Grewia Decomovulata,4,6
C,Combretum Apiculatum,1.8,11
C,Euclea Divinorum,1,6
C,Combretum Zeyheri,0.5,13
C,Combretum Zeyheri,0.5,9
C,Grewia Decomovulata,0.24,1
C,Euclea Divinorum,0.15,5
C,Ziziphus Mucronata,0.15,1
C,Euclea Divinorum,0.2,1
C,Euclea Divinorum,0.2,2
C,Euclea Divinorum,0.45,1
C,Ziziphus Mucronata,0.25,1
C,Pappea Capensis,0.45,6
C,Grewia Monticola,0.3,2
C,Carissa Bispinosa,1,7
C,Fluegga Virosa,0.25,2
C,Fluegga Virosa,0.25,3
C,Fluegga Virosa,0.9,5
C,Fluegga Virosa,0.9,1
C,Berchemia Zeyheri,0.5,2
C,Ziziphus Mucronata,0.35,1
C,Vachellia Nilotica,0.14,1
C,Ziziphus Mucronata,0.16,3
C,Carissa Bispinosa,0.3,7
C,Combretum Zeyheri,0.6,4
C,Grewia Monticola,1,3
C,Fluegga Virosa,0.3,11
C,Fluegga Virosa,0.3,9
C,Gymnosporia Senegalensis,0.3,4
C,Allophylus Africanus,0.25,2
C,Vachellia Karroo,0.8,4
C,Dichrostachys Cinerea,0.8,13
C,Euclea Divinorum,0.35,1
C,Allophylus Africanus,0.16,2
C,Euclea Divinorum,0.1,2
C,Boscia Angustifolia,0.25,1
C,Boscia Angustifolia,0.3,6
C,Boscia Angustifolia,0.8,3
C,Dichrostachys Cinerea,0.7,1
C,Pappea Capensis,0.3,8
C,Vachellia Karroo,0.3,4
C,Vachellia Karroo,1,19
C,Vachellia Karroo,0.4,5
C,Vachellia Nilotica,0.5,1
C,Gardenia Spathulifolia,0.2,7
C,Albizia Harveyi,0.25,6
C,Combretum Apiculatum,0.35,12
C,Fluegga Virosa,0.4,5
C,Grewia Decomovulata,0.35,7
C,Grewia Decomovulata,0.35,3
C,Combretum Hereroense,0.25,6
C,Fluegga Virosa,0.6,13
C,Combretum Zeyheri,0.7,6
C,Gardenia Spathulifolia,0.1,3
C,Gardenia Spathulifolia,0.1,9
C,Ziziphus Mucronata,0.4,6
C,Combretum Hereroense,0.6,11
C,Euclea Divinorum,0.05,1
C,Carissa Bispinosa,0.7,5
C,Combretum Hereroense,0.3,2
C,Combretum Zeyheri,0.7,5
C,Allophylus Africanus,0.3,6
C,Combretum Hereroense,0.2,1
C,Combretum Zeyheri,0.8,1
C,Gardenia Spathulifolia,0.15,3
C,Gardenia Spathulifolia,0.15,5
C,Gardenia Spathulifolia,0.15,11
C,Vachellia Karroo,0.7,3
C,Peltophorum Africanum,0.6,8
C,Dichrostachys Cinerea,0.5,8
C,Ozoroa Insignis,0.5,1
C,Ziziphus Mucronata,0.25,4
C,Grewia Decomovulata,0.6,8
C,Dichrostachys Cinerea,0.2,1
C,Terminalia Sericea,0.15,3
C,Vachellia Nilotica,0.15,1
C,Vachellia Nilotica,0.65,4
C,Allophylus Africanus,0.25,4
C,Ziziphus Mucronata,0.15,3
C,Combretum Zeyheri,0.35,6
C,Terminalia Sericea,0.3,7
C,Euclea Divinorum,0.35,5
C,Euclea Divinorum,0.15,3
C,Fluegga Virosa,0.5,8
C,Combretum Zeyheri,0.5,3
C,Vachellia Nilotica,0.35,7
C,Combretum Hereroense,0.5,5
C,Dichrostachys Cinerea,0.5,15
C,Combretum Hereroense,0.25,4
C,Gardenia Spathulifolia,0.05,3
C,Senegalia Rehmanniana,0.7,6
C,Dichrostachys Cinerea,0.6,6
C,Allophylus Africanus,0.2,2
C,Euclea Divinorum,0.3,3
C,Grewia Decomovulata,0.15,6
C,Fluegga Virosa,0.95,6
C,Gymnosporia Senegalensis,0.5,2
C,Vachellia Nilotica,0.6,9
C,Terminalia Sericea,0.35,12
C,Gymnosporia Senegalensis,0.3,5
C,Gymnosporia Senegalensis,0.3,3
C,Gymnosporia Senegalensis,0.15,7
C,Gardenia Spathulifolia,0.1,10
C,Combretum Zeyheri,0.3,9
C,Vachellia Nilotica,0.3,1
C,Ozoroa Insignis,0.3,2
C,Dichrostachys Cinerea,0.45,1
C,Combretum Hereroense,0.2,4
C,Combretum Zeyheri,1,1
C,Dichrostachys Cinerea,0.5,1
C,Terminalia Sericea,0.15,2
C,Combretum Apiculatum,0.3,4
C,Peltophorum Africanum,0.25,7
C,Combretum Zeyheri,0.4,12
C,Combretum Zeyheri,0.4,7
C,Vachellia Karroo,0.3,7
C,Ziziphus Mucronata,0.7,9
C,Combretum Zeyheri,0.35,1
C,Grewia Decomovulata,0.3,11
C,Gardenia Spathulifolia,0.6,2
C,Vachellia Nilotica,0.1,6
C,Ziziphus Mucronata,0.35,6
C,Combretum Zeyheri,0.3,11
C,Vachellia Karroo,0.25,3
C,Combretum Zeyheri,0.35,4
C,Ziziphus Mucronata,0.05,1
C,Grewia Monticola,0.15,3
C,Dichrostachys Cinerea,0.45,5
C,Ziziphus Mucronata,0.3,10
C,Euclea Divinorum,0.8,4
C,Euclea Divinorum,0.8,7
C,Allophylus Africanus,0.35,3
C,Euclea Divinorum,0.7,5
C,Gardenia Spathulifolia,0.6,7
C,Combretum Hereroense,0.2,2
C,Ziziphus Mucronata,0.1,4
C,Vachellia Karroo,0.4,8
C,Dichrostachys Cinerea,0.45,13
C,Combretum Zeyheri,0.2,3
C,Combretum Hereroense,0.1,3
C,Grewia Decomovulata,0.6,18
C,Combretum Zeyheri,0.48,8
C,Gardenia Spathulifolia,0.3,7
C,Combretum Zeyheri,0.4,5
C,Gardenia Spathulifolia,1,9
C,Combretum Hereroense,0.4,9
C,Ziziphus Mucronata,0.5,15
C,Lippia Javanica,0.45,3
C,Senegalia Rehmanniana,2,7
C,Peltophorum Africanum,3.5,1
C,Pterocarpus Rotundifolius,1.5,14
C,Combretum Hereroense,4,2
C,Combretum Hereroense,4,14
C,Combretum Hereroense,2,1
C,Combretum Hereroense,6,1
C,Allophylus Africanus,2,2
C,Vachellia Nilotica,1,6
C,Senegalia Rehmanniana,1,9
C,Ziziphus Mucronata,2.5,1
C,Grewia Decomovulata,4,5
C,Grewia Decomovulata,2.5,12
C,Dichrostachys Cinerea,2.2,1
C,Dichrostachys Cinerea,2.2,6
C,Dichrostachys Cinerea,4,4
C,Dichrostachys Cinerea,4,5
C,Dichrostachys Cinerea,4,2
C,Combretum Hereroense,4.5,2
C,Diospyros Lycioides,1,1
C,Combretum Hereroense,4,1
C,Dichrostachys Cinerea,3,10
C,Vachellia Nilotica,2.5,1
C,Euclea Divinorum,4,4
C,Combretum Apiculatum,3,1
C,Albizia Harveyi,3,1
C,Allophylus Africanus,2.7,13
C,Ziziphus Mucronata,3.5,3
C,Grewia Decomovulata,2.4,7
C,Senegalia Rehmanniana,1.6,10
C,Albizia Harveyi,3.5,1
C,Grewia Decomovulata,2.5,14
C,Euclea Divinorum,3.5,3
C,Euclea Divinorum,3.5,4
C,Euclea Divinorum,3.5,5
C,Fluegga Virosa,2.5,7
C,Dichrostachys Cinerea,4,11
C,Combretum Apiculatum,2.2,2
C,Grewia Decomovulata,4,7
C,Ziziphus Mucronata,4.5,1
C,Dichrostachys Cinerea,4.5,7
C,Peltophorum Africanum,3,1
C,Allophylus Africanus,3,7
C,Gymnosporia Senegalensis,2,3
C,Euclea Divinorum,4,6
C,Euclea Divinorum,1.5,1
C,Fluegga Virosa,2,6
C,Combretum Apiculatum,3,2
C,Grewia Bicolor,1.5,4
C,Allophylus Africanus,3,2
C,Combretum Zeyheri,0.4,4
C,Grewia Monticola,0.35,8
C,Dichrostachys Cinerea,0.25,1
C,Dichrostachys Cinerea,0.25,4
C,Dichrostachys Cinerea,0.25,5
C,Dichrostachys Cinerea,0.25,7
C,Dichrostachys Cinerea,0.25,15
C,Dichrostachys Cinerea,0.4,9
C,Dichrostachys Cinerea,0.4,5
C,Grewia Monticola,0.5,8
C,Dichrostachys Cinerea,0.05,2
C,Fluegga Virosa,0.4,8
C,Euclea Divinorum,0.3,5
C,Albizia Harveyi,0.05,1
C,Grewia Decomovulata,0.3,8
C,Commiphora Africana,0.8,20
C,Euclea Divinorum,0.2,7
C,Dichrostachys Cinerea,0.3,3
C,Grewia Decomovulata,0.8,20
C,Vachellia Karroo,0.6,5
C,Grewia Decomovulata,0.5,15
C,Gardenia Spathulifolia,0.6,12
C,Vachellia Karroo,0.3,2
C,Vachellia Karroo,0.35,7
C,Ziziphus Mucronata,0.6,5
C,Boscia Angustifolia,0.25,4
C,Dichrostachys Cinerea,0.7,4
C,Albizia Harveyi,0.1,1
C,Dichrostachys Cinerea,0.1,3
C,Dichrostachys Cinerea,0.15,4
C,Vachellia Karroo,0.9,6
C,Lippia Javanica,0.8,7
C,Ziziphus Mucronata,0.15,4
C,Grewia Monticola,0.8,12
C,Allophylus Africanus,0.5,3
C,Grewia Decomovulata,0.5,5
C,Boscia Angustifolia,0.3,4
C,Grewia Monticola,0.6,2
C,Grewia Monticola,0.6,1
C,Peltophorum Africanum,0.25,6
C,Dichrostachys Cinerea,0.3,8
C,Euclea Divinorum,0.15,4
C,Albizia Harveyi,0.8,5
C,Dichrostachys Cinerea,0.2,2
C,Gardenia Spathulifolia,0.15,8
C,Lannea Discolor,0.3,1
C,Dichrostachys Cinerea,0.1,6
C,Lippia Javanica,0.4,4
C,Allophylus Africanus,0.8,3
C,Allophylus Africanus,0.35,5
C,Grewia Bicolor,0.5,3
C,Peltophorum Africanum,0.7,3
C,Fluegga Virosa,0.4,18
C,Combretum Hereroense,0.25,3
C,Euclea Divinorum,0.3,8
C,Berchemia Zeyheri,1,3
C,Peltophorum Africanum,0.5,9
C,Grewia Decomovulata,0.7,9
C,Grewia Bicolor,0.15,1
C,Vachellia Nilotica,0.35,2
C,Dichrostachys Cinerea,0.25,9
C,Dichrostachys Cinerea,0.05,1
C,Diospyros Lycioides,0.2,2
C,Piliostigma Thonningii,0.25,1
C,Euclea Divinorum,0.95,1
C,Combretum Zeyheri,0.3,6
C,Dichrostachys Cinerea,0.1,4
C,Grewia Bicolor,0.3,25
C,Vachellia Karroo,0.35,3
C,Dichrostachys Cinerea,0.05,3
C,Diospyros Lycioides,0.1,1
C,Combretum Zeyheri,0.35,5
C,Terminalia Sericea,0.2,5
C,Vachellia Karroo,0.4,9
C,Euclea Divinorum,0.6,5
C,Dichrostachys Cinerea,0.3,4
C,Fluegga Virosa,0.15,13
C,Combretum Hereroense,0.15,4
C,Boscia Angustifolia,0.7,2
C,Grewia Monticola,0.4,2
C,Euclea Divinorum,0.6,7
C,Diospyros Lycioides,0.5,6
C,Ziziphus Mucronata,0.25,5
C,Grewia Decomovulata,0.5,6
C,Sclerocarya Birrea,0.2,2
C,Grewia Decomovulata,0.15,3
C,Gardenia Spathulifolia,0.15,6
C,Combretum Zeyheri,0.3,8
C,Senegalia Rehmanniana,0.8,7
C,Dichrostachys Cinerea,0.25,11
C,Terminalia Sericea,0.2,1
C,Combretum Hereroense,0.3,5
C,Diospyros Lycioides,0.15,1
C,Diospyros Lycioides,0.15,4
C,Gardenia Spathulifolia,0.6,6
C,Ziziphus Mucronata,0.5,5
C,Albizia Harveyi,0.2,1
C,Combretum Zeyheri,0.7,4
C,Senegalia Rehmanniana,0.6,11
C,Peltophorum Africanum,0.3,4
C,Lippia Javanica,0.3,3
C,Peltophorum Africanum,0.3,2
C,Combretum Zeyheri,0.3,30
C,Dichrostachys Cinerea,1.5,15
C,Dichrostachys Cinerea,1.5,11
C,Dichrostachys Cinerea,1.7,8
C,Dichrostachys Cinerea,3,8
C,Dichrostachys Cinerea,2.5,7
C,Albizia Harveyi,1.5,15
C,Combretum Apiculatum,1.5,4
C,Dichrostachys Cinerea,3.5,5
C,Combretum Hereroense,4,4
C,Ziziphus Mucronata,2,2
C,Combretum Apiculatum,2.5,2
C,Ziziphus Mucronata,5,4
C,Ziziphus Mucronata,5,1
C,Grewia Decomovulata,2.5,2
C,Combretum Hereroense,3,1
C,Dichrostachys Cinerea,3,13
C,Vachellia Karroo,3,1
C,Dichrostachys Cinerea,2.8,5
C,Diospyros Lycioides,1.5,7
C,Senegalia Rehmanniana,1.2,5
C,Combretum Apiculatum,1.4,8
C,Dichrostachys Cinerea,3.2,5
C,Combretum Apiculatum,4.5,1
C,Diospyros Lycioides,3.2,8
C,Combretum Hereroense,1.4,1
C,Ziziphus Mucronata,6,1
C,Ozoroa Insignis,7,12
C,Grewia Decomovulata,1.7,8
C,Ziziphus Mucronata,7,1
C,Grewia Decomovulata,1,12
C,Combretum Zeyheri,2.8,4
C,Combretum Zeyheri,6.5,1
C,Dichrostachys Cinerea,3.5,4
C,Grewia Monticola,2.3,7
C,Combretum Apiculatum,1.6,1
C,Fluegga Virosa,2,2
C,Gymnosporia Senegalensis,1.5,1
C,Combretum Apiculatum,3.1,1
C,Euclea Divinorum,3,2
C,Ozoroa Insignis,3.2,2
C,Combretum Apiculatum,2,1
C,Dichrostachys Cinerea,6,2
C,Dichrostachys Cinerea,6,1
C,Grewia Decomovulata,3,2
C,Combretum Apiculatum,1.8,1
C,Dichrostachys Cinerea,3.5,8
C,Dichrostachys Cinerea,3.5,7
C,Dichrostachys Cinerea,3.5,10
C,Vachellia Nilotica,3.3,1
C,Terminalia Sericea,1.5,2
C,Terminalia Sericea,1.5,1
C,Combretum Hereroense,2,9
C,Ziziphus Mucronata,6,2
C,Dichrostachys Cinerea,4.5,5
C,Peltophorum Africanum,3.4,5
C,Peltophorum Africanum,1.6,6
C,Boscia Angustifolia,0.5,6
C,Grewia Monticola,0.2,4
C,Combretum Apiculatum,0.3,20
C,Vachellia Gerrardii,0.5,11
C,Vachellia Karroo,0.35,6
C,Dichrostachys Cinerea,0.1,2
C,Terminalia Sericea,0.25,6
C,Vachellia Gerrardii,0.3,14
C,Burkea Africana,0.2,5
C,Ziziphus Mucronata,0.7,3
C,Combretum Hereroense,0.6,7
C,Vachellia Nilotica,0.15,4
C,Combretum Apiculatum,0.05,8
C,Terminalia Sericea,0.1,7
C,Vachellia Nilotica,0.2,6
C,Combretum Hereroense,0.1,7
C,Combretum Apiculatum,0.3,2
C,Ziziphus Mucronata,0.6,10
C,Grewia Decomovulata,1.4,8
C,Combretum Apiculatum,0.03,5
C,Sclerocarya Birrea,0.1,3
C,Terminalia Sericea,0.05,2
C,Vachellia Karroo,0.7,12
C,Terminalia Sericea,0.4,5
C,Combretum Apiculatum,0.25,12
C,Combretum Zeyheri,0.7,8
C,Grewia Decomovulata,0.4,10
C,Combretum Apiculatum,0.1,10
C,Combretum Hereroense,0.4,10
C,Vachellia Gerrardii,1,7
C,Combretum Apiculatum,0.2,9
C,Combretum Apiculatum,0.15,5
C,Combretum Apiculatum,0.3,12
C,Vachellia Karroo,0.35,5
C,Vachellia Karroo,0.15,3
C,Dichrostachys Cinerea,0.05,5
C,Combretum Apiculatum,0.25,6
C,Combretum Apiculatum,0.05,4
C,Vachellia Nilotica,0.3,9
C,Terminalia Sericea,0.4,10
C,Combretum Zeyheri,0.5,15
C,Combretum Zeyheri,0.5,10
C,Vachellia Gerrardii,0.3,4
C,Commiphora Africana,0.25,9
C,Vachellia Gerrardii,1.2,6
C,Terminalia Sericea,0.3,11
C,Vachellia Nilotica,0.3,25
C,Dichrostachys Cinerea,0.35,8
C,Dichrostachys Cinerea,0.3,6
C,Grewia Decomovulata,0.6,5
C,Vachellia Karroo,0.2,2
C,Combretum Zeyheri,0.35,3
C,Vachellia Gerrardii,0.2,5
C,Peltophorum Africanum,0.2,5
C,Combretum Apiculatum,0.5,4
C,Combretum Apiculatum,0.2,5
C,Dichrostachys Cinerea,0.4,1
C,Peltophorum Africanum,0.3,1
C,Grewia Decomovulata,0.4,12
C,Vachellia Nilotica,2,1
C,Dichrostachys Cinerea,2.5,8
C,Dichrostachys Cinerea,3.5,3
C,Peltophorum Africanum,3.5,2
C,Combretum Apiculatum,2.5,9
C,Vachellia Nilotica,1.2,4
C,Vachellia Nilotica,1.3,3
C,Peltophorum Africanum,1.5,13
C,Dichrostachys Cinerea,1.4,6
C,Combretum Apiculatum,1.5,5
C,Dichrostachys Cinerea,1,11
C,Vachellia Karroo,3.5,3
C,Combretum Apiculatum,2.5,1
C,Combretum Apiculatum,1,7
C,Albizia Harveyi,1.5,2
C,Allophylus Africanus,2.5,6
C,Dichrostachys Cinerea,5,5
C,Rhus Leptodictya,2,2
C,Euclea Divinorum,2,2
C,Ziziphus Mucronata,3.5,1
C,Dichrostachys Cinerea,5,4
C,Dichrostachys Cinerea,5,7
C,Combretum Apiculatum,1.7,4
C,Combretum Apiculatum,1.7,1
C,Dichrostachys Cinerea,4,7
C,Dichrostachys Cinerea,2.8,3
C,Canthium Inerme,1.8,4
C,Combretum Apiculatum,4,1
C,Combretum Hereroense,1,9
C,Ozoroa Insignis,4,3
C,Ziziphus Mucronata,8.5,2
C,Ziziphus Mucronata,8.5,7
C,Allophylus Africanus,4.5,1
C,Gymnosporia Senegalensis,3.5,1
C,Allophylus Africanus,4,4
C,Dichrostachys Cinerea,0.3,2
C,Vachellia Karroo,0.8,2
C,Combretum Zeyheri,0.3,16
C,Gardenia Spathulifolia,0.05,7
C,Vachellia Nilotica,0.35,10
C,Terminalia Sericea,0.4,12
C,Vachellia Karroo,1.1,3
C,Vachellia Nilotica,0.25,8
C,Dichrostachys Cinerea,0.25,3
C,Combretum Apiculatum,0.25,4
C,Grewia Decomovulata,0.3,1
C,Combretum Apiculatum,0.35,5
C,Ziziphus Mucronata,0.8,4
C,Combretum Apiculatum,0.35,2
C,Combretum Apiculatum,0.3,6
C,Vachellia Gerrardii,0.4,8
C,Vachellia Nilotica,0.8,1
C,Vachellia Gerrardii,0.45,2
C,Dichrostachys Cinerea,0.05,12
C,Dichrostachys Cinerea,0.05,8
C,Terminalia Sericea,0.4,9
C,Terminalia Sericea,0.45,2
C,Combretum Apiculatum,0.4,3
C,Combretum Apiculatum,0.2,12
C,Combretum Apiculatum,0.15,3
C,Combretum Apiculatum,0.45,4
C,Combretum Apiculatum,0.4,2
C,Combretum Apiculatum,0.6,3
C,Combretum Hereroense,0.8,4
C,Ziziphus Mucronata,0.35,12
C,Combretum Hereroense,0.3,11
C,Peltophorum Africanum,0.4,2
C,Vachellia Nilotica,0.25,6
C,Combretum Apiculatum,0.3,1
C,Combretum Apiculatum,0.4,6
C,Vachellia Nilotica,0.15,10
C,Rhus Lancea,0.5,8
C,Combretum Apiculatum,0.3,3
C,Combretum Apiculatum,0.2,14
C,Terminalia Sericea,0.4,8
C,Combretum Apiculatum,0.15,8
C,Boscia Angustifolia,0.25,3
C,Combretum Apiculatum,0.15,2
C,Boscia Angustifolia,0.35,15
C,Albizia Harveyi,0.4,10
C,Ziziphus Mucronata,0.4,9
C,Euclea Divinorum,0.25,4
C,Azanza Garckeana,0.35,4
C,Peltophorum Africanum,0.1,7
C,Combretum Apiculatum,0.2,2
C,Grewia Decomovulata,0.5,4
C,Combretum Hereroense,0.25,4
C,Vachellia Nilotica,0.6,1
C,Gymnosporia Senegalensis,0.3,6
C,Grewia Monticola,0.8,2
C,Dichrostachys Cinerea,0.15,2
C,Dichrostachys Cinerea,0.15,12
C,Dichrostachys Cinerea,0.15,1
C,Gymnosporia Senegalensis,0.25,3
C,Combretum Hereroense,0.15,2
C,Dichrostachys Cinerea,0.08,1
C,Combretum Apiculatum,0.08,1
C,Combretum Apiculatum,1,1
C,Combretum Apiculatum,1,2
C,Euclea Divinorum,0.35,4
C,Combretum Apiculatum,0.35,1
C,Vachellia Nilotica,0.45,7
C,Combretum Hereroense,0.35,4
C,Vachellia Karroo,0.5,2
C,Combretum Apiculatum,0.8,2
C,Vachellia Nilotica,4.5,4
C,Dichrostachys Cinerea,4.5,1
C,Allophylus Africanus,3.3,1
C,Combretum Apiculatum,0.5,5
C,Combretum Hereroense,2.8,3
C,Grewia Decomovulata,2.5,8
C,Grewia Monticola,1.6,3
C,Grewia Decomovulata,2,1
C,Combretum Hereroense,1,1
C,Dichrostachys Cinerea,1.1,2
C,Combretum Apiculatum,0.9,3
C,Gymnosporia Senegalensis,2,2
C,Albizia Harveyi,1.2,4
C,Allophylus Africanus,2.6,3
C,Dichrostachys Cinerea,1.4,1
C,Grewia Monticola,0.8,1
C,Lippia Javanica,1.2,8
C,Vachellia Karroo,1.4,7
C,Dichrostachys Cinerea,1.6,2
C,Sclerocarya Birrea,16,19
C,Euclea Divinorum,2.3,2
C,Albizia Harveyi,0.41,2
C,Albizia Harveyi,0.41,4
C,Combretum Apiculatum,1.5,3
C,Combretum Apiculatum,1.2,4
C,Dichrostachys Cinerea,2.3,1
C,Vachellia Nilotica,5.5,1
C,Dichrostachys Cinerea,4.5,14
C,Dichrostachys Cinerea,2,10
C,Dichrostachys Cinerea,2.3,2
C,Dichrostachys Cinerea,3.1,5
C,Grewia Monticola,1.1,4
C,Grewia Decomovulata,1.7,2
C,Dichrostachys Cinerea,5,11
C,Euclea Divinorum,2.5,9
C,Dichrostachys Cinerea,3.4,10
C,Dichrostachys Cinerea,3.4,6
C,Commiphora Africana,2,4
C,Dichrostachys Cinerea,2.1,6
C,Combretum Apiculatum,1,5
C,Combretum Hereroense,2.5,3
C,Dichrostachys Cinerea,4.5,6
C,Ozoroa Insignis,1,5
C,Gymnosporia Senegalensis,2,1
C,Allophylus Africanus,1.8,1
C,Grewia Monticola,3,6
C,Combretum Hereroense,3.5,11
C,Dichrostachys Cinerea,3.2,13
C,Ziziphus Mucronata,3,6
C,Euclea Divinorum,4,5
C,Grewia Monticola,3,8
C,Grewia Decomovulata,1.5,3
C,Grewia Decomovulata,1.5,4
C,Vachellia Nilotica,1.6,1
C,Ozoroa Insignis,1.8,7
C,Combretum Apiculatum,3.5,10
C,Dichrostachys Cinerea,4.2,15
C,Grewia Monticola,1.2,5
C,Vachellia Nilotica,4,5
C,Dichrostachys Cinerea,2,13
C,Vachellia Nilotica,3,5
C,Albizia Harveyi,1.6,6
C,Gymnosporia Senegalensis,2,7
C,Ziziphus Mucronata,1.5,4
C,Albizia Harveyi,2,16
C,Grewia Monticola,0.8,10
C,Dichrostachys Cinerea,0.1,5
C,Euclea Divinorum,1,3
C,Euclea Divinorum,0.8,1
C,Azanza Garckeana,0.2,6
C,Albizia Harveyi,0.45,1
C,Ziziphus Mucronata,0.2,11
C,Ziziphus Mucronata,0.2,9
C,Vachellia Karroo,1.4,4
C,Combretum Hereroense,0.2,13
C,Commiphora Africana,0.3,4
C,Dichrostachys Cinerea,0.45,4
C,Euclea Divinorum,1.2,4
C,Dichrostachys Cinerea,1,8
C,Dichrostachys Cinerea,1,3
C,Grewia Decomovulata,0.7,4
C,Dichrostachys Cinerea,0.45,2
C,Grewia Monticola,0.2,1
C,Grewia Monticola,0.4,8
C,Albizia Harveyi,0.3,9
C,Lippia Javanica,0.7,5
C,Ozoroa Insignis,0.6,6
C,Dichrostachys Cinerea,0.2,5
C,Commiphora Africana,0.7,4
C,Grewia Monticola,0.5,1
C,Peltophorum Africanum,0.15,4
C,Combretum Hereroense,0.1,1
C,Combretum Hereroense,0.1,9
C,Ziziphus Mucronata,0.45,12
C,Vachellia Nilotica,0.2,8
C,Vachellia Nilotica,0.25,7
C,Albizia Harveyi,0.08,3
C,Dichrostachys Cinerea,0.2,3
C,Combretum Hereroense,0.7,6
C,Grewia Monticola,0.15,2
C,Combretum Hereroense,0.05,4
C,Combretum Apiculatum,0.35,4
C,Grewia Monticola,0.1,4
C,Dichrostachys Cinerea,0.5,4
C,Ziziphus Mucronata,2.7,4
C,Combretum Hereroense,6.5,4
C,Combretum Apiculatum,2.5,4
C,Allophylus Africanus,4,3
C,Ziziphus Mucronata,2.8,3
C,Ziziphus Mucronata,2.8,12
C,Ziziphus Mucronata,3,11
C,Ziziphus Mucronata,4,6
C,Grewia Decomovulata,3.5,20
C,Commiphora Africana,1.8,1
C,Grewia Bicolor,2.6,3
C,Combretum Hereroense,6,5
C,Allophylus Africanus,3,15
C,Sclerocarya Birrea,4.8,6
C,Dichrostachys Cinerea,3.5,6
C,Peltophorum Africanum,4.5,5
C,Terminalia Sericea,5.7,12
C,Dichrostachys Cinerea,1.7,3
C,Grewia Monticola,2.2,16
C,Vachellia Nilotica,1.8,4
C,Dichrostachys Cinerea,3.3,6
C,Dichrostachys Cinerea,3.3,7
C,Vachellia Nilotica,3,8
C,Ziziphus Mucronata,6,5
C,Grewia Monticola,2.5,2
C,Dichrostachys Cinerea,3,9
C,Dichrostachys Cinerea,3,14
C,Ziziphus Mucronata,3.7,6
C,Grewia Decomovulata,2.5,6
C,Euclea Divinorum,3,7
C,Fluegga Virosa,1.6,4
C,Ziziphus Mucronata,2.1,9
C,Combretum Zeyheri,1.4,5
C,Combretum Zeyheri,2.1,3
C,Euclea Divinorum,1,2
C,Vachellia Karroo,1.4,3
C,Combretum Zeyheri,1.4,4
C,Dichrostachys Cinerea,5,6
C,Lippia Javanica,2,7
C,Combretum Hereroense,2,7
C,Combretum Hereroense,6.5,6
C,Ziziphus Mucronata,6.5,1
C,Grewia Decomovulata,4,1
C,Sclerocarya Birrea,3.3,1
C,Dichrostachys Cinerea,4,13
C,Dichrostachys Cinerea,1.2,1
C,Lippia Javanica,1.2,1
C,Dichrostachys Cinerea,1.2,7
C,Dichrostachys Cinerea,1.2,2
C,Dichrostachys Cinerea,1,1
C,Grewia Decomovulata,2.3,1
C,Vachellia Nilotica,2.8,7
C,Vachellia Nilotica,2.3,6
C,Euclea Divinorum,3.4,1
C,Grewia Monticola,1.8,1
C,Ziziphus Mucronata,1.3,1
C,Grewia Decomovulata,1.4,1
C,Vachellia Karroo,3.2,4
C,Vachellia Karroo,3.2,11
C,Dichrostachys Cinerea,3.8,1
C,Dichrostachys Cinerea,3.1,1
C,Allophylus Africanus,1.4,1
C,Dichrostachys Cinerea,3.1,2
C,Vachellia Nilotica,3.2,2
C,Vachellia Nilotica,2.8,3
C,Ziziphus Mucronata,3.1,3
C,Grewia Decomovulata,2.6,1
C,Albizia Harveyi,2.4,1
C,Combretum Zeyheri,2.4,1
C,Vachellia Nilotica,3.3,3
C,Vachellia Nilotica,3.8,4
C,Dichrostachys Cinerea,4.3,3
C,Dichrostachys Cinerea,2.1,4
C,Ziziphus Mucronata,3.5,5
C,Allophylus Africanus,2.5,2
C,Dichrostachys Cinerea,3.8,2
C,Dichrostachys Cinerea,3.8,6
C,Dichrostachys Cinerea,4.3,1
C,Boscia Angustifolia,1,3
C,Ziziphus Mucronata,1.8,5
C,Grewia Decomovulata,2.2,1
C,Dichrostachys Cinerea,4.5,10
C,Ozoroa Insignis,3.7,15
C,Euclea Divinorum,3.1,1
C,Euclea Divinorum,3,4
C,Combretum Apiculatum,1.2,6
C,Dichrostachys Cinerea,4.2,2
C,Dichrostachys Cinerea,4.2,3
C,Dichrostachys Cinerea,4.2,4
C,Fluegga Virosa,2.2,1
C,Dichrostachys Cinerea,4.8,1
C,Gymnosporia Senegalensis,1,1
C,Combretum Apiculatum,2,2
C,Combretum Apiculatum,0.25,1
C,Combretum Hereroense,0.4,1
C,Azanza Garckeana,0.2,2
C,Ziziphus Mucronata,0.25,7
C,Ziziphus Mucronata,0.1,2
C,Ziziphus Mucronata,0.1,18
C,Ziziphus Mucronata,0.1,7
C,Allophylus Africanus,0.4,4
C,Combretum Apiculatum,0.4,5
C,Vachellia Karroo,0.2,1
C,Fluegga Virosa,0.4,4
C,Combretum Apiculatum,0.45,2
C,Grewia Bicolor,0.3,2
C,Grewia Bicolor,0.3,7
C,Boscia Angustifolia,0.4,4
C,Vachellia Nilotica,0.28,4
C,Gymnosporia Senegalensis,0.45,5
C,Gymnosporia Senegalensis,0.2,1
C,Gymnosporia Senegalensis,0.2,2
C,Gymnosporia Senegalensis,0.15,2
C,Gymnosporia Senegalensis,0.15,6
C,Gymnosporia Senegalensis,0.15,1
C,Gymnosporia Senegalensis,0.15,8
C,Fluegga Virosa,1.1,3
C,Fluegga Virosa,0.8,5
C,Diospyros Lycioides,0.35,1
C,Vachellia Karroo,0.25,5
C,Diospyros Lycioides,0.65,2
C,Diospyros Lycioides,0.65,1
C,Vachellia Karroo,0.25,10
C,Combretum Hereroense,0.8,3
C,Dichrostachys Cinerea,0.35,5
C,Dichrostachys Cinerea,0.35,9
C,Diospyros Lycioides,0.4,6
C,Diospyros Lycioides,0.4,2
C,Vachellia Karroo,0.3,1
C,Vachellia Karroo,0.5,11
C,Diospyros Lycioides,0.95,2
C,Diospyros Lycioides,0.5,4
C,Diospyros Lycioides,0.5,12
C,Diospyros Lycioides,0.45,3
C,Diospyros Lycioides,0.45,2
C,Diospyros Lycioides,0.45,10
C,Diospyros Lycioides,0.45,1
C,Combretum Apiculatum,0.4,1
C,Grewia Monticola,0.5,3
C,Grewia Decomovulata,0.25,2
C,Vachellia Gerrardii,0.35,2
C,Euclea Divinorum,0.7,2
C,Combretum Apiculatum,0.9,1
C,Dichrostachys Cinerea,0.5,1
C,Ziziphus Mucronata,0.45,1
C,Dichrostachys Cinerea,0.15,5
C,Diospyros Lycioides,0.3,4
C,Diospyros Lycioides,0.3,7
C,Allophylus Africanus,0.3,3
C,Diospyros Lycioides,0.3,6
C,Euclea Divinorum,0.5,5
C,Diospyros Lycioides,0.25,2
C,Diospyros Lycioides,0.25,4
C,Ziziphus Mucronata,0.08,3
C,Vachellia Karroo,0.1,5
C,Diospyros Lycioides,0.6,2
C,Azanza Garckeana,1.4,4
C,Vachellia Karroo,0.5,1
C,Gymnosporia Senegalensis,0.25,2
C,Vachellia Karroo,1,6
C,Combretum Apiculatum,0.8,6
C,Combretum Apiculatum,1.1,2
C,Boscia Angustifolia,0.5,5
C,Boscia Angustifolia,0.5,3
C,Grewia Decomovulata,0.15,10
C,Dichrostachys Cinerea,1.1,6
C,Combretum Apiculatum,1.3,4
C,Grewia Monticola,0.5,4
C,Boscia Angustifolia,0.1,2
C,Gardenia Spathulifolia,0.5,1
C,Dichrostachys Cinerea,0.45,5
C,Dichrostachys Cinerea,0.45,1
C,Albizia Harveyi,0.1,8
C,Commiphora Africana,1.6,2
C,Grewia Monticola,0.3,3
C,Lippia Javanica,1,2
C,Lippia Javanica,1,8
C,Dichrostachys Cinerea,1.4,2
C,Dichrostachys Cinerea,0.15,8
C,Sclerocarya Birrea,0.2,3
C,Dichrostachys Cinerea,1.1,1
C,Gymnosporia Senegalensis,0.2,4
C,Dichrostachys Cinerea,0.05,11
C,Grewia Decomovulata,0.2,2
C,Euclea Divinorum,0.2,3
C,Boscia Angustifolia,0.9,4
C,Ziziphus Mucronata,0.45,2
D,Allophylus Africanus,2.6,2
D,Grewia Decomovulata,1.9,3
D,Dichrostachys Cinerea,1,1
D,Dichrostachys Cinerea,2.3,2
D,Azanza Garckeana,1,3
D,Grewia Monticola,1,7
D,Grewia Decomovulata,2,2
D,Vachellia Nilotica,2.3,5
D,Vachellia Nilotica,2.3,2
D,Vachellia Nilotica,1,3
D,Dichrostachys Cinerea,2.6,3
D,Vachellia Nilotica,2.4,2
D,Euclea Divinorum,0.4,2
D,Fluegga Virosa,2.3,4
D,Grewia Decomovulata,1.5,2
D,Allophylus Africanus,2.8,3
D,Combretum Apiculatum,0.5,5
D,Combretum Apiculatum,0.5,3
D,Combretum Apiculatum,1,3
D,Combretum Apiculatum,1.4,3
D,Vachellia Gerrardii,1.2,5
D,Euclea Divinorum,1.8,4
D,Vachellia Nilotica,0.44,5
D,Lannea Discolor,0.2,8
D,Euclea Divinorum,0.22,2
D,Melhania Velutina Sensu,0.75,1
D,Vachellia Nilotica,0.7,3
D,Dichrostachys Cinerea,0.2,3
D,Euclea Divinorum,0.38,11
D,Euclea Divinorum,2.2,3
D,Vachellia Nilotica,0.5,3
D,Grewia Decomovulata,0.75,3
D,Dichrostachys Cinerea,1,4
D,Ziziphus Mucronata,1,2
D,Vachellia Nilotica,0.75,2
D,Allophylus Africanus,0.7,9
D,Fluegga Virosa,0.6,4
D,Albizia Harveyi,0.4,7
D,Albizia Harveyi,0.4,3
D,Albizia Harveyi,0.4,2
D,Grewia Decomovulata,0.4,8
D,Albizia Harveyi,0.2,8
D,Dichrostachys Cinerea,0.6,3
D,Vachellia Nilotica,4.3,2
D,Vachellia Nilotica,2.5,3
D,Dichrostachys Cinerea,2.7,1
D,Dichrostachys Cinerea,2.5,6
D,Grewia Decomovulata,1.7,5
D,Ziziphus Mucronata,1,4
D,Vachellia Nilotica,3.3,4
D,Vachellia Nilotica,2.3,4
D,Dichrostachys Cinerea,1.5,4
D,Lippia Javanica,1,4
D,Lippia Javanica,1,6
D,Commiphora Africana,0.5,5
D,Commiphora Africana,0.5,1
D,Commiphora Africana,0.5,8
D,Commiphora Africana,0.5,10
D,Commiphora Africana,0.5,2
D,Commiphora Africana,0.5,9
D,Commiphora Africana,0.5,6
D,Commiphora Africana,0.5,11
D,Commiphora Africana,0.5,4
D,Dichrostachys Cinerea,1.3,5
D,Gardenia Spathulifolia,2,3
D,Vachellia Nilotica,4.3,4
D,Dichrostachys Cinerea,2,2
D,Dichrostachys Cinerea,2.3,5
D,Dichrostachys Cinerea,3.8,1
D,Dichrostachys Cinerea,3.5,5
D,Dichrostachys Cinerea,3,4
D,Dichrostachys Cinerea,3.8,5
D,Dichrostachys Cinerea,3,3
D,Dichrostachys Cinerea,4.3,3
D,Dichrostachys Cinerea,0.6,1
D,Albizia Harveyi,0.25,1
D,Diospyros Lycioides,0.75,1
D,Dichrostachys Cinerea,0.4,1
D,Dichrostachys Cinerea,0.25,7
D,Vachellia Nilotica,4.3,1
D,Vachellia Nilotica,4.4,1
D,Vachellia Nilotica,1.8,1
D,Vachellia Gerrardii,2.5,1
D,Combretum Hereroense,2.3,7
D,Dichrostachys Cinerea,3.5,7
D,Dichrostachys Cinerea,3.3,2
D,Dichrostachys Cinerea,3.3,1
D,Combretum Apiculatum,2.2,1
D,Vachellia Nilotica,3.3,1
D,Euclea Divinorum,2.2,1
D,Allophylus Africanus,1.6,2
D,Diospyros Lycioides,1.7,8
D,Euclea Divinorum,1,4
D,Combretum Hereroense,0.6,15
D,Grewia Monticola,0.75,10
D,Dichrostachys Cinerea,0.48,2
D,Euclea Divinorum,2.8,5
D,Euclea Divinorum,2.3,4
D,Euclea Divinorum,1.8,1
D,Euclea Divinorum,1.5,1
D,Fluegga Virosa,2.3,2
D,Fluegga Virosa,3.3,4
D,Fluegga Virosa,4.3,3
D,Allophylus Africanus,1.4,3
D,Dichrostachys Cinerea,1.5,9
D,Grewia Monticola,1,2
D,Clerodendrum Glabrum,1.3,1
D,Ziziphus Mucronata,0.2,3
D,Combretum Hereroense,0.25,1
D,Dichrostachys Cinerea,1.6,1
D,Vachellia Nilotica,3.4,4
D,Dichrostachys Cinerea,2,5
D,Dichrostachys Cinerea,1.4,1
D,Dichrostachys Cinerea,0.8,4
D,Dichrostachys Cinerea,0.8,5
D,Allophylus Africanus,2,1
D,Dichrostachys Cinerea,2.5,1
D,Allophylus Africanus,4.3,1
D,Vachellia Gerrardii,3.4,1
D,Combretum Hereroense,1,1
D,Allophylus Africanus,3.4,1
D,Allophylus Africanus,2.5,7
D,Fluegga Virosa,2.4,10
D,Ziziphus Mucronata,2.3,9
D,Euclea Divinorum,3.3,12
D,Euclea Divinorum,1.6,3
D,Commiphora Africana,2,3
D,Commiphora Africana,2,7
D,Ziziphus Mucronata,2,1
D,Allophylus Africanus,1.3,1
D,Grewia Monticola,1.6,2
D,Vachellia Nilotica,1.5,1
D,Dichrostachys Cinerea,4,3
D,Commiphora Africana,1,1
D,Commiphora Africana,1,3
D,Commiphora Africana,1,11
D,Commiphora Africana,1,7
D,Commiphora Africana,1,2
D,Commiphora Africana,1,9
D,Dichrostachys Cinerea,4.4,3
D,Dichrostachys Cinerea,3,1
D,Dichrostachys Cinerea,2,4
D,Vachellia Gerrardii,3.4,4
D,Grewia Decomovulata,2.5,1
D,Vachellia Nilotica,2,2
D,Vachellia Nilotica,4.5,17
D,Vachellia Nilotica,3.3,3
D,Fluegga Virosa,2,7
D,Fluegga Virosa,1.5,3
D,Fluegga Virosa,2.5,5
D,Colophospermum Mopane,2.3,1
D,Vachellia Nilotica,2.6,1
D,Fluegga Virosa,2.2,1
D,Fluegga Virosa,1.7,1
D,Dichrostachys Cinerea,2,1
D,Dichrostachys Cinerea,1.5,3
D,Dichrostachys Cinerea,1.5,1
D,Dichrostachys Cinerea,1.5,2
D,Dichrostachys Cinerea,1,3
D,Peltophorum Africanum,0.5,1
D,Grewia Decomovulata,0.15,6
D,Allophylus Africanus,2.3,1
D,Grewia Monticola,0.75,5
D,Dichrostachys Cinerea,1.3,1
D,Dichrostachys Cinerea,1.3,4
D,Dichrostachys Cinerea,1.3,6
D,Dichrostachys Cinerea,0.8,6
D,Euclea Divinorum,2,4
D,Euclea Divinorum,3,5
D,Euclea Divinorum,1.5,4
D,Combretum Hereroense,0.7,2
D,Combretum Hereroense,0.7,1
D,Combretum Hereroense,0.8,12
D,Combretum Hereroense,0.8,3
D,Combretum Hereroense,0.8,7
D,Vachellia Gerrardii,0.6,1
D,Euclea Divinorum,0.7,3
D,Euclea Divinorum,0.7,1
D,Zanthoxylum Capense,0.4,1
D,Zanthoxylum Capense,0.4,2
D,Zanthoxylum Capense,0.4,5
D,Grewia Monticola,0.5,2
D,Grewia Monticola,0.5,6
D,Grewia Monticola,0.5,1
D,Albizia Harveyi,0.7,7
D,Albizia Harveyi,0.7,2
D,Lippia Javanica,1.2,4
D,Lippia Javanica,1.2,1
D,Colophospermum Mopane,0.8,2
D,Vachellia Nilotica,0.6,2
D,Vachellia Gerrardii,0.7,1
D,Ziziphus Mucronata,0.5,2
D,Dichrostachys Cinerea,0.5,10
D,Dichrostachys Cinerea,0.5,2
D,Dichrostachys Cinerea,0.5,6
D,Dichrostachys Cinerea,0.5,1
D,Dichrostachys Cinerea,0.5,3
D,Vachellia Nilotica,0.7,1
D,Vachellia Gerrardii,0.4,2
D,Vachellia Gerrardii,0.4,1
D,Vachellia Gerrardii,0.4,4
D,Vachellia Karroo,0.4,2
D,Vachellia Karroo,0.4,6
D,Vachellia Karroo,0.4,1
D,Combretum Hereroense,0.8,1
D,Combretum Hereroense,0.8,2
D,Vachellia Nilotica,4.5,1
D,Dichrostachys Cinerea,1.7,11
D,Peltophorum Africanum,3.2,2
D,Vachellia Nilotica,4.2,9
D,Combretum Hereroense,1.3,1
D,Dichrostachys Cinerea,3.4,3
D,Vachellia Nilotica,3.5,3
D,Vachellia Nilotica,1,8
D,Allophylus Africanus,3,3
D,Allophylus Africanus,3,1
D,Grewia Decomovulata,1.2,3
D,Fluegga Virosa,2.2,2
D,Allophylus Africanus,2.7,1
D,Ziziphus Mucronata,2.7,5
D,Grewia Decomovulata,2.2,3
D,Grewia Monticola,1.5,3
D,Vachellia Nilotica,5,2
D,Dichrostachys Cinerea,2,3
D,Vachellia Nilotica,3.5,10
D,Grewia Monticola,2.3,4
D,Euclea Divinorum,3,8
D,Euclea Divinorum,3,7
D,Euclea Divinorum,3,12
D,Diospyros Lycioides,2.3,2
D,Diospyros Lycioides,2.3,3
D,Diospyros Lycioides,2.3,1
D,Diospyros Lycioides,2.3,4
D,Allophylus Africanus,2,2
D,Euclea Divinorum,2,2
D,Ziziphus Mucronata,1,3
D,Dichrostachys Cinerea,3,10
D,Allophylus Africanus,3,4
D,Allophylus Africanus,3,2
D,Pappea Capensis,1.5,1
D,Allophylus Africanus,1,5
D,Combretum Apiculatum,2,3
D,Azanza Garckeana,1.5,2
D,Grewia Monticola,2,1
D,Vachellia Gerrardii,2.5,2
D,Euclea Divinorum,1.5,6
D,Allophylus Africanus,2.5,1
D,Diospyros Lycioides,1.5,3
D,Fluegga Virosa,2,5
D,Vachellia Nilotica,3,3
D,Euclea Divinorum,1.2,4
D,Dichrostachys Cinerea,3,6
D,Warburgia Salutaris,3,1
D,Euclea Divinorum,3,1
D,Allophylus Africanus,3.3,1
D,Euclea Divinorum,4,1
D,Euclea Divinorum,4,6
D,Ziziphus Mucronata,4.5,3
D,Carissa Bispinosa,1.5,2
D,Commiphora Africana,3,3
D,Dichrostachys Cinerea,3.5,1
D,Vachellia Gerrardii,3.2,1
D,Vachellia Nilotica,3.4,1
D,Combretum Apiculatum,2,2
D,Grewia Decomovulata,2.7,2
D,Dichrostachys Cinerea,1.5,7
D,Dichrostachys Cinerea,1.5,5
D,Ziziphus Mucronata,2,2
D,Dichrostachys Cinerea,3,2
D,Vachellia Nilotica,3,4
D,Vachellia Nilotica,3,6
D,Dichrostachys Cinerea,3.5,8
D,Dichrostachys Cinerea,3.5,3
D,Dichrostachys Cinerea,3.5,2
D,Dichrostachys Cinerea,3.5,6
D,Warburgia Salutaris,2,1
D,Combretum Hereroense,1.5,3
D,Gardenia Spathulifolia,3,3
D,Combretum Hereroense,1.8,13
D,Vachellia Gerrardii,2.2,2
D,Combretum Apiculatum,2.5,2
D,Vachellia Nilotica,4,3
D,Dichrostachys Cinerea,2,10
D,Dichrostachys Cinerea,2.5,8
D,Dichrostachys Cinerea,4,8
D,Fluegga Virosa,1.3,8
D,Fluegga Virosa,1.3,4
D,Allophylus Africanus,1.3,6
D,Vachellia Nilotica,2,3
D,Dichrostachys Cinerea,2.7,2
D,Dichrostachys Cinerea,1.5,6
D,Fluegga Virosa,3,6
D,Grewia Decomovulata,2.5,2
D,Combretum Apiculatum,1.5,5
D,Vachellia Nilotica,4,4
D,Dichrostachys Cinerea,4.5,2
D,Fluegga Virosa,2,4
D,Dichrostachys Cinerea,3,5
D,Euclea Divinorum,4,5
D,Combretum Hereroense,1.5,1
D,Ziziphus Mucronata,1.4,1
D,Vachellia Nilotica,1.4,1
D,Vachellia Gerrardii,4,2
D,Grewia Decomovulata,2.8,3
D,Vachellia Nilotica,4.5,2
D,Vachellia Gerrardii,1.7,1
D,Combretum Apiculatum,2,1
D,Fluegga Virosa,3.5,4
D,Fluegga Virosa,3.5,8
D,Euclea Divinorum,1.6,6
D,Euclea Divinorum,1.6,1
D,Fluegga Virosa,2.3,1
D,Carissa Bispinosa,1.1,1
D,Euclea Divinorum,2,1
D,Euclea Divinorum,3.3,1
D,Warburgia Salutaris,1.5,4
D,Warburgia Salutaris,1,5
D,Azanza Garckeana,1,1
D,Euclea Divinorum,1.5,3
D,Euclea Divinorum,1,1
D,Grewia Decomovulata,2,1
D,Ziziphus Mucronata,1.5,6
D,Dichrostachys Cinerea,4,1
D,Euclea Divinorum,1.5,7
D,Euclea Divinorum,2.3,2
D,Euclea Divinorum,2.5,1
D,Euclea Divinorum,2.7,1
D,Dichrostachys Cinerea,2.4,4
D,Gymnosporia Senegalensis,1.9,4
D,Gymnosporia Senegalensis,0.65,4
D,Gymnosporia Senegalensis,1.65,8
D,Vachellia Karroo,0.5,5
D,Boscia Angustifolia,0.7,4
D,Dichrostachys Cinerea,0.75,3
D,Dichrostachys Cinerea,0.75,5
D,Dichrostachys Cinerea,0.75,1
D,Commiphora Africana,0.65,4
D,Commiphora Africana,0.65,1
D,Euclea Divinorum,0.6,9
D,Euclea Divinorum,2.3,1
D,Vachellia Nilotica,1.4,3
D,Combretum Hereroense,0.5,3
D,Combretum Apiculatum,0.5,8
D,Combretum Apiculatum,2,11
D,Combretum Hereroense,1,3
D,Combretum Hereroense,1,6
D,Combretum Hereroense,0.75,3
D,Dichrostachys Cinerea,3.2,4
D,Dichrostachys Cinerea,3.2,1
D,Dichrostachys Cinerea,4,5
D,Dichrostachys Cinerea,4,2
D,Fluegga Virosa,0.34,10
D,Fluegga Virosa,0.34,8
D,Allophylus Africanus,0.26,1
D,Grewia Monticola,0.6,1
D,Fluegga Virosa,0.2,9
D,Fluegga Virosa,0.2,3
D,Fluegga Virosa,0.2,4
D,Ziziphus Mucronata,0.4,1
D,Combretum Apiculatum,1.5,10
D,Combretum Apiculatum,1.5,1
D,Ziziphus Mucronata,1.4,3
D,Vachellia Nilotica,1.3,3
D,Combretum Hereroense,1.2,3
D,Dichrostachys Cinerea,1.6,3
D,Combretum Apiculatum,0.6,3
D,Combretum Apiculatum,1.4,1
D,Dichrostachys Cinerea,1.8,1
D,Vachellia Nilotica,1,1
D,Combretum Hereroense,0.5,1
D,Combretum Apiculatum,0.3,2
D,Combretum Apiculatum,1.3,2
D,Combretum Hereroense,0.75,2
D,Senegalia Nigrescens,0.65,1
D,Peltophorum Africanum,0.5,11
D,Ziziphus Mucronata,2.2,7
D,Dichrostachys Cinerea,2,6
D,Combretum Hereroense,0.6,4
D,Combretum Hereroense,0.3,4
D,Combretum Hereroense,0.3,2
D,Combretum Hereroense,0.3,1
D,Fluegga Virosa,0.22,3
D,Dichrostachys Cinerea,3.4,1
D,Combretum Apiculatum,1.7,3
D,Dichrostachys Cinerea,3.6,1
D,Fluegga Virosa,3.3,1
D,Dichrostachys Cinerea,2.4,1
D,Vachellia Nilotica,2.4,1
D,Vachellia Nilotica,4.6,1
D,Dichrostachys Cinerea,2.6,1
D,Ziziphus Mucronata,1.5,1
D,Warburgia Salutaris,1,7
D,Combretum Hereroense,0.8,5
D,Grewia Decomovulata,0.5,1
D,Combretum Apiculatum,0.4,2
D,Combretum Apiculatum,0.46,1
D,Euclea Divinorum,0.6,2
D,Vachellia Nilotica,0.65,4
D,Melhania Velutina Sensu,0.6,7
D,Melhania Velutina Sensu,0.6,5
D,Melhania Velutina Sensu,0.6,2
D,Melhania Velutina Sensu,0.6,1
D,Melhania Velutina Sensu,0.6,4
D,Dichrostachys Cinerea,1.8,5
D,Allophylus Africanus,2.3,2
D,Dichrostachys Cinerea,0.46,3
D,Vachellia Nilotica,3,2
D,Ziziphus Mucronata,2.5,2
D,Dichrostachys Cinerea,0.8,2
D,Combretum Hereroense,1.3,2
D,Combretum Hereroense,0.5,5
D,Combretum Hereroense,0.5,4
D,Ziziphus Mucronata,0.5,1
D,Grewia Decomovulata,3.8,1
D,Zanthoxylum Capense,3,1
D,Zanthoxylum Capense,3,2
D,Zanthoxylum Capense,3,3
D,Combretum Apiculatum,0.7,3
D,Combretum Apiculatum,0.7,1
D,Combretum Hereroense,0.75,1
D,Grewia Decomovulata,3.2,2
D,Dichrostachys Cinerea,3.6,3
D,Combretum Hereroense,1.7,1
D,Combretum Apiculatum,0.7,2
D,Vachellia Nilotica,0.65,1
D,Melhania Velutina Sensu,0.6,3
D,Melhania Velutina Sensu,0.6,11
D,Melhania Velutina Sensu,0.6,6
D,Allophylus Africanus,2.3,3
D,Dichrostachys Cinerea,0.46,2
D,Ziziphus Mucronata,2.5,11
D,Dichrostachys Cinerea,0.8,7
D,Combretum Hereroense,1.5,6
D,Grewia Monticola,1.5,1
D,Grewia Decomovulata,3.8,4
D,Zanthoxylum Capense,0.7,1
D,Zanthoxylum Capense,1.7,15
D,Zanthoxylum Capense,2.7,1
D,Combretum Hereroense,0.75,5
D,Grewia Decomovulata,3.2,1
D,Dichrostachys Cinerea,3.6,2
D,Combretum Hereroense,1.7,6
D,Combretum Apiculatum,0.7,5
D,Combretum Hereroense,0.34,1
D,Vachellia Nilotica,0.5,1
D,Combretum Hereroense,0.34,10
D,Dichrostachys Cinerea,0.7,2
D,Grewia Decomovulata,0.2,6
D,Euclea Divinorum,0.32,1
D,Euclea Divinorum,0.32,11
D,Carissa Bispinosa,1.5,3
D,Grewia Monticola,1,1
D,Boscia Angustifolia,0.5,2
D,Combretum Hereroense,0.7,3
D,Combretum Hereroense,0.5,2
D,Gardenia Spathulifolia,2.8,5
D,Vachellia Nilotica,3.3,2
D,Ziziphus Mucronata,1,1
D,Ziziphus Mucronata,0.4,11
D,Vachellia Nilotica,1,2
D,Vachellia Nilotica,0.7,4
D,Dichrostachys Cinerea,1.3,2
D,Grewia Monticola,2,3
D,Gymnosporia Senegalensis,1.7,1
D,Euclea Divinorum,3.1,4
D,Euclea Divinorum,1.8,5
D,Euclea Divinorum,1.7,5
D,Zanthoxylum Capense,1.4,2
D,Euclea Divinorum,1.4,1
D,Euclea Divinorum,1.4,8
D,Ziziphus Mucronata,0.6,5
D,Albizia Harveyi,0.32,1
D,Grewia Decomovulata,1.3,6
D,Combretum Apiculatum,2.2,9
D,Dichrostachys Cinerea,4.3,6
D,Allophylus Africanus,2.6,1
D,Zanthoxylum Capense,0.6,1
D,Fluegga Virosa,2.8,3
D,Combretum Hereroense,3,1
D,Vachellia Nilotica,2.7,1
D,Vachellia Nilotica,4.5,11
D,Combretum Apiculatum,3,1
D,Gymnosporia Senegalensis,2.3,1
D,Commiphora Africana,3,1
D,Fluegga Virosa,3.5,1
D,Grewia Decomovulata,3,1
D,Carissa Edulis,1.5,1
D,Ziziphus Mucronata,1.4,6
D,Dichrostachys Cinerea,1.2,1
D,Dichrostachys Cinerea,0.75,2
D,Allophylus Africanus,1.4,6
D,Pappea Capensis,1,5
D,Boscia Angustifolia,0.34,3
D,Allophylus Africanus,0.38,2
D,Combretum Apiculatum,0.36,9
D,Zanthoxylum Capense,0.44,15
D,Zanthoxylum Capense,0.44,8
D,Gymnosporia Senegalensis,3,3
D,Pappea Capensis,1.5,2
D,Euclea Divinorum,1.5,2
D,Grewia Decomovulata,2.8,2
D,Ziziphus Mucronata,1.8,2
D,Dichrostachys Cinerea,1.3,3
D,Carissa Bispinosa,0.3,7
D,Grewia Monticola,0.7,2
D,Gymnosporia Senegalensis,0.4,2
D,Ziziphus Mucronata,1.8,8
D,Ziziphus Mucronata,1.2,6
D,Grewia Monticola,1.5,12
D,Euclea Divinorum,2.5,5
D,Euclea Divinorum,1.4,2
D,Euclea Divinorum,1.4,6
D,Combretum Apiculatum,2.7,2
D,Combretum Apiculatum,1.2,1
D,Gardenia Spathulifolia,1.3,1
D,Dichrostachys Cinerea,1.4,4
D,Fluegga Virosa,2.5,6
D,Fluegga Virosa,2.5,1
D,Fluegga Virosa,1.5,1
D,Fluegga Virosa,1.5,2
D,Fluegga Virosa,1.5,4
D,Fluegga Virosa,3,2
D,Dichrostachys Cinerea,1.7,1
D,Dichrostachys Cinerea,1.7,3
D,Fluegga Virosa,1,2
D,Grewia Decomovulata,0.9,8
D,Vachellia Nilotica,6,5
D,Ochna Serrulata,1,1
D,Combretum Apiculatum,2,6
D,Combretum Hereroense,2,3
D,Diospyros Lycioides,0.5,5
D,Diospyros Lycioides,0.5,1
D,Carissa Bispinosa,2.5,3
D,Dichrostachys Cinerea,1.2,8
D,Commiphora Africana,1.4,1
D,Commiphora Africana,1.4,2
D,Commiphora Africana,1.4,3
D,Commiphora Africana,1.4,4
D,Commiphora Africana,1.4,8
D,Commiphora Africana,2,4
D,Vachellia Nilotica,4,2
D,Grewia Monticola,1.3,5
D,Lannea Schweinfurthii,1.5,1
D,Dichrostachys Cinerea,2.3,1
D,Fluegga Virosa,2,1
D,Dichrostachys Cinerea,5,4
D,Grewia Monticola,1.3,1
D,Euclea Divinorum,0.3,1
D,Vachellia Nilotica,3.5,9
D,Dichrostachys Cinerea,1.6,13
D,Dichrostachys Cinerea,1.6,4
D,Dichrostachys Cinerea,4.7,2
D,Dichrostachys Cinerea,4.7,1
D,Dichrostachys Cinerea,4.7,4
D,Maclura Africana,1.3,3
D,Ziziphus Mucronata,1,6
D,Fluegga Virosa,4,3
D,Allophylus Africanus,2.2,2
D,Dichrostachys Cinerea,1.1,5
D,Dichrostachys Cinerea,1.1,1
D,Vachellia Nilotica,0.5,6
D,Euclea Divinorum,0.3,2
D,Dichrostachys Cinerea,0.8,1
D,Dichrostachys Cinerea,0.7,7
D,Dichrostachys Cinerea,1.4,6
D,Grewia Decomovulata,1.4,4
D,Vachellia Nilotica,2.8,1
D,Vachellia Gerrardii,0.26,4
D,Vachellia Nilotica,3.8,2
D,Ziziphus Mucronata,1.3,1
D,Vachellia Nilotica,5.3,1
D,Vachellia Nilotica,4,1
D,Vachellia Nilotica,4.8,3
D,Combretum Apiculatum,3.7,2
D,Combretum Apiculatum,1.4,4
D,Combretum Hereroense,2.4,1
D,Combretum Hereroense,2,4
D,Combretum Apiculatum,1.9,4
D,Grewia Decomovulata,2.2,1
D,Dichrostachys Cinerea,1.6,10
D,Dichrostachys Cinerea,0.6,6
D,Dichrostachys Cinerea,0.4,2
D,Grewia Decomovulata,1.3,1
D,Grewia Monticola,1.2,3
D,Dichrostachys Cinerea,3.7,11
D,Carissa Bispinosa,1.3,1
D,Ochna Serrulata,2.2,1
D,Ochna Serrulata,2.2,7
D,Ochna Serrulata,1.3,3
D,Ochna Serrulata,1.3,7
D,Grewia Decomovulata,3.4,2
D,Fluegga Virosa,2.5,9
D,Grewia Monticola,1.8,6
D,Euclea Divinorum,0.8,2
D,Gymnosporia Senegalensis,0.5,1
D,Dichrostachys Cinerea,0.34,1
D,Lippia Javanica,1.8,4
D,Dichrostachys Cinerea,1.6,2
D,Allophylus Africanus,0.6,3
D,Vachellia Nilotica,0.8,3
D,Vachellia Nilotica,0.8,7
D,Vachellia Nilotica,0.8,5
D,Vachellia Nilotica,0.8,2
D,Vachellia Gerrardii,2.8,1
D,Vachellia Gerrardii,2.4,1
D,Vachellia Nilotica,0.05,1
D,Vachellia Gerrardii,0.7,3
D,Fluegga Virosa,1.1,1
D,Combretum Hereroense,0.6,1
D,Grewia Monticola,0.9,4
D,Combretum Hereroense,1.4,4
D,Dichrostachys Cinerea,1.7,5
D,Euclea Divinorum,0.5,1
D,Albizia Harveyi,0.5,2
D,Fluegga Virosa,1.6,1
D,Vachellia Gerrardii,1,7
D,Carissa Bispinosa,1.2,1
D,Euclea Divinorum,3,6
D,Euclea Divinorum,3.8,2
D,Euclea Divinorum,3.8,1
D,Euclea Divinorum,0.26,2
D,Fluegga Virosa,2.1,1
D,Fluegga Virosa,3.1,19
D,Fluegga Virosa,4.1,1
D,Allophylus Africanus,2.1,1
D,Diospyros Lycioides,2,4
D,Diospyros Lycioides,2.5,1
D,Allophylus Africanus,2.2,1
D,Clerodendrum Glabrum,2,1
D,Boscia Angustifolia,0.5,1
D,Zanthoxylum Capense,0.34,1
D,Ziziphus Mucronata,3.4,2
D,Ziziphus Mucronata,3.4,1
D,Ziziphus Mucronata,3.4,6
D,Vachellia Nilotica,3.7,1
D,Albizia Harveyi,0.34,1
D,Albizia Harveyi,0.34,4
D,Dichrostachys Cinerea,1.4,2
D,Dichrostachys Cinerea,1.8,2
D,Dichrostachys Cinerea,0.9,1
D,Dichrostachys Cinerea,0.9,7
D,Vachellia Gerrardii,0.8,8
D,Vachellia Gerrardii,0.8,1
D,Vachellia Gerrardii,0.8,2
D,Fluegga Virosa,0.7,1
D,Vachellia Gerrardii,1.5,1
D,Ziziphus Mucronata,1.5,2
D,Vachellia Gerrardii,1.4,1
D,Dichrostachys Cinerea,2.9,1
D,Warburgia Salutaris,1,2
D,Grewia Monticola,0.9,1
D,Warburgia Salutaris,2.1,1
D,Grewia Decomovulata,2.4,1
D,Peltophorum Africanum,3,2
D,Vachellia Gerrardii,0.35,4
D,Vachellia Gerrardii,0.35,1
D,Dichrostachys Cinerea,1.4,3
D,Vachellia Nilotica,0.5,2
D,Senegalia Rehmanniana,0.6,2
D,Combretum Hereroense,1,4
D,Combretum Hereroense,0.6,3
D,Vachellia Gerrardii,0.48,1
D,Combretum Hereroense,0.9,7
D,Gardenia Spathulifolia,0.5,5
D,Combretum Hereroense,0.34,3
D,Euclea Divinorum,1.4,3
D,Dichrostachys Cinerea,2.9,3
D,Dichrostachys Cinerea,4,6
D,Dichrostachys Cinerea,4,16
D,Dichrostachys Cinerea,2.3,10
D,Dichrostachys Cinerea,2.3,6
D,Dichrostachys Cinerea,2.3,3
D,Combretum Hereroense,1.4,5
D,Vachellia Gerrardii,4.7,3
D,Grewia Decomovulata,2,3
D,Euclea Divinorum,2.9,2
D,Albizia Harveyi,1,13
D,Euclea Divinorum,0.34,3
D,Grewia Decomovulata,0.34,8
D,Fluegga Virosa,1,8
D,Grewia Decomovulata,2.9,8
D,Vachellia Nilotica,3.5,8
D,Azanza Garckeana,1.5,8
D,Combretum Imberbe,0.5,8
D,Azanza Garckeana,0.8,8
D,Combretum Apiculatum,0.6,8
D,Carissa Bispinosa,3.1,12
D,Carissa Bispinosa,3,1
D,Combretum Hereroense,4.3,8
D,Allophylus Africanus,3.7,2
D,Allophylus Africanus,2.5,8
D,Fluegga Virosa,3.3,2
D,Dichrostachys Cinerea,3.2,3
D,Melhania Velutina Sensu,0.9,1
D,Carissa Bispinosa,1.5,1
D,Vachellia Nilotica,3.2,1
D,Allophylus Africanus,1.5,4
D,Vachellia Gerrardii,3,3
D,Azanza Garckeana,0.4,4
D,Combretum Apiculatum,1.3,5
D,Grewia Decomovulata,2,4
D,Lannea Schweinfurthii,1.3,1
D,Senegalia Ataxacantha,0.6,1
D,Fluegga Virosa,0.14,4
D,Fluegga Virosa,0.14,1
D,Fluegga Virosa,0.14,2
D,Dichrostachys Cinerea,2.5,2
D,Dichrostachys Cinerea,2.1,1
D,Combretum Hereroense,2.5,6
D,Warburgia Salutaris,1.5,6
D,Vachellia Nilotica,1.3,2
D,Vachellia Gerrardii,2,3
D,Vachellia Gerrardii,0.9,3
D,Vachellia Gerrardii,3,7
D,Vachellia Gerrardii,0.5,9
D,Vachellia Gerrardii,0.5,3
D,Vachellia Gerrardii,0.5,5
D,Vachellia Gerrardii,2.2,4
D,Vachellia Gerrardii,1.2,1
D,Vachellia Nilotica,3.7,5
D,Vachellia Gerrardii,2,6
D,Peltophorum Africanum,1.4,4
D,Combretum Apiculatum,2.1,1
D,Vachellia Gerrardii,1.2,3
D,Ziziphus Mucronata,3.3,3
D,Vachellia Gerrardii,2,4
D,Vachellia Gerrardii,2,1
D,Vachellia Gerrardii,0.5,2
D,Carissa Bispinosa,1.4,1
D,Vachellia Karroo,0.5,1
D,Combretum Hereroense,2,1
D,Vachellia Gerrardii,2,5
D,Vachellia Nilotica,4.8,8
D,Vachellia Nilotica,5,5
D,Euclea Divinorum,3,2
D,Euclea Divinorum,3,16
D,Euclea Divinorum,0.5,2
D,Commiphora Africana,0.3,5
D,Commiphora Africana,0.3,4
D,Commiphora Africana,0.3,1
D,Gardenia Spathulifolia,0.35,1
D,Maclura Africana,0.42,1
D,Vachellia Gerrardii,1,2
D,Vachellia Gerrardii,0.6,5
D,Vachellia Gerrardii,1.4,4
D,Vachellia Gerrardii,1,4
D,Vachellia Gerrardii,1.5,3
D,Vachellia Gerrardii,0.6,3
D,Fluegga Virosa,1.2,2
D,Peltophorum Africanum,1.5,1
D,Vachellia Gerrardii,1.3,7
D,Vachellia Gerrardii,1.3,1
D,Combretum Hereroense,1.2,7
D,Vachellia Gerrardii,0.6,7
D,Vachellia Gerrardii,0.6,4
D,Vachellia Gerrardii,0.6,2
D,Commiphora Africana,0.7,17
D,Commiphora Africana,0.7,4
D,Commiphora Africana,0.7,3
D,Commiphora Africana,0.7,2
D,Commiphora Africana,0.7,1
D,Dichrostachys Cinerea,0.7,1
D,Ziziphus Mucronata,0.25,1
D,Euclea Divinorum,3.6,6
D,Peltophorum Africanum,3.4,1
D,Dichrostachys Cinerea,5.8,1
D,Dichrostachys Cinerea,5.8,4
D,Allophylus Africanus,4,1
D,Vachellia Nilotica,1.5,2
D,Euclea Divinorum,0.36,6
D,Vachellia Gerrardii,0.36,4
D,Dichrostachys Cinerea,2.4,7
D,Euclea Divinorum,0.18,1
D,Grewia Decomovulata,1.6,5
D,Vachellia Nilotica,2,4
D,Allophylus Africanus,1.5,1
D,Dichrostachys Cinerea,4.8,3
D,Dichrostachys Cinerea,5.5,1
D,Dichrostachys Cinerea,0.5,4
D,Grewia Monticola,0.34,2
D,Zanthoxylum Capense,0.4,13
D,Euclea Divinorum,1.5,16
D,Grewia Decomovulata,1.4,1
D,Combretum Hereroense,0.18,5
D,Clerodendrum Glabrum,1.4,7
D,Ziziphus Mucronata,0.75,1
D,Combretum Hereroense,0.45,2
D,Dichrostachys Cinerea,0.7,3
D,Fluegga Virosa,2.3,3
D,Fluegga Virosa,3.3,8
D,Grewia Decomovulata,2.4,3
D,Dichrostachys Cinerea,0.44,3
D,Euclea Divinorum,0.4,1
D,Grewia Decomovulata,0.75,1
D,Dichrostachys Cinerea,1,2
D,Vachellia Gerrardii,1,3
D,Combretum Hereroense,0.15,2
D,Allophylus Africanus,1.7,2
D,Euclea Divinorum,3,19
D,Ximenia Caffra,1.3,1
D,Gymnosporia Senegalensis,2,4
D,Vachellia Nilotica,2.3,6
D,Combretum Hereroense,0.1,7
D,Commiphora Africana,0.2,2
D,Vachellia Nilotica,1.8,4
D,Grewia Decomovulata,0.7,1
D,Vachellia Gerrardii,0.7,2
D,Vachellia Gerrardii,0.7,4
D,Combretum Hereroense,0.2,1
D,Dichrostachys Cinerea,5,1
D,Dichrostachys Cinerea,4,13
D,Vachellia Nilotica,5.3,2
D,Cassia Abbreviata,1.5,1
D,Cassia Abbreviata,1.5,6
D,Fluegga Virosa,1,5
D,Euclea Divinorum,2.5,4
D,Euclea Divinorum,0.3,4
D,Euclea Divinorum,0.5,3
D,Gymnosporia Senegalensis,0.6,2
D,Gymnosporia Senegalensis,0.6,5
D,Clerodendrum Glabrum,0.48,2
D,Clerodendrum Glabrum,2.3,2
D,Allophylus Africanus,1.3,2
D,Zanthoxylum Capense,1.3,1
D,Gardenia Volkensii,2.3,2
D,Fluegga Virosa,3.4,3
D,Warburgia Salutaris,1.3,8
D,Senegalia Nigrescens,1.4,2
D,Vachellia Gerrardii,0.5,6
D,Combretum Hereroense,0.75,8
D,Combretum Hereroense,0.9,5
D,Dichrostachys Cinerea,0.2,1
D,Vachellia Gerrardii,0.75,5
D,Vachellia Gerrardii,0.75,11
D,Vachellia Gerrardii,0.75,7
D,Vachellia Gerrardii,0.75,1
D,Vachellia Gerrardii,0.75,8
D,Vachellia Gerrardii,0.75,4
D,Vachellia Gerrardii,0.75,3
D,Vachellia Gerrardii,1,1
D,Combretum Hereroense,0.7,8
D,Combretum Hereroense,0.7,5
D,Vachellia Gerrardii,0.9,1
D,Euclea Divinorum,0.15,5
D,Euclea Divinorum,0.15,6
D,Albizia Harveyi,0.5,1
D,Albizia Harveyi,0.46,6
D,Euclea Divinorum,0.6,3
D,Allophylus Africanus,2.3,5
D,Grewia Monticola,1.4,2
D,Dichrostachys Cinerea,5,3
D,Fluegga Virosa,2.5,3
D,Euclea Divinorum,0.2,15
D,Diospyros Lycioides,0.14,3
D,Vachellia Karroo,0.3,3
D,Dichrostachys Cinerea,1,5
D,Pouzolzia Mixta,0.5,5
D,Fluegga Virosa,1,1
D,Grewia Decomovulata,1.1,2
D,Vachellia Nilotica,2.7,4
D,Carissa Bispinosa,2.1,9
D,Grewia Decomovulata,2.7,1
D,Sclerocarya Birrea,3,6
D,Dichrostachys Cinerea,3.3,5
D,Dichrostachys Cinerea,1.7,4
D,Dichrostachys Cinerea,3.2,8
D,Dichrostachys Cinerea,4.4,8
D,Combretum Apiculatum,1.6,3
D,Dichrostachys Cinerea,4.5,5
D,Dichrostachys Cinerea,4.5,3
D,Dichrostachys Cinerea,4.5,4
D,Dichrostachys Cinerea,4.5,1
D,Dichrostachys Cinerea,2.5,3
D,Allophylus Africanus,1.3,9
D,Euclea Divinorum,2.6,2
D,Ziziphus Mucronata,3.3,1
D,Grewia Decomovulata,0.8,3
D,Dichrostachys Cinerea,5,2
D,Fluegga Virosa,3.5,2
D,Vachellia Nilotica,1.6,8
D,Albizia Harveyi,1,4
D,Combretum Hereroense,1.2,6
D,Dichrostachys Cinerea,2.5,5
D,Vachellia Gerrardii,0.34,1
D,Dichrostachys Cinerea,1.2,15
D,Dichrostachys Cinerea,1,9
D,Grewia Decomovulata,0.32,3
D,Combretum Hereroense,0.48,2
D,Grewia Decomovulata,1,2
D,Grewia Decomovulata,1.3,8
D,Grewia Decomovulata,1.3,4
D,Fluegga Virosa,3,4
D,Grewia Decomovulata,4,1
D,Senegalia Nigrescens,0.7,2
D,Allophylus Africanus,0.3,2
D,Gymnosporia Senegalensis,1.3,6
D,Euclea Divinorum,1,2
D,Maclura Africana,1,7
D,Zanthoxylum Capense,0.7,8
D,Dichrostachys Cinerea,4.3,5
D,Euclea Divinorum,2.5,3
D,Grewia Monticola,3.3,3
D,Dichrostachys Cinerea,2.8,1
D,Senegalia Nigrescens,0.37,3
D,Euclea Divinorum,3.3,9
D,Warburgia Salutaris,1.7,7
D,Vachellia Nilotica,4,12
D,Grewia Decomovulata,2.3,2
D,Vachellia Gerrardii,2.3,2
D,Carissa Bispinosa,0.5,3
D,Vachellia Nilotica,4,5
D,Euclea Divinorum,2.7,2
D,Euclea Divinorum,2.7,3
D,Dichrostachys Cinerea,0.9,5
D,Dichrostachys Cinerea,4.2,8
D,Vachellia Gerrardii,0.5,1
D,Dichrostachys Cinerea,4,4
D,Combretum Hereroense,0.26,1
D,Senegalia Nigrescens,1.3,2
D,Azanza Garckeana,1.3,3
D,Lippia Javanica,0.8,7
D,Lippia Javanica,0.8,3
D,Lippia Javanica,0.8,5
D,Combretum Hereroense,1.23,1
D,Grewia Decomovulata,0.2,1
D,Grewia Decomovulata,0.8,1
D,Grewia Decomovulata,1.5,1
D,Grewia Decomovulata,2,6
D,Grewia Decomovulata,1.5,5
D,Dichrostachys Cinerea,0.4,5
D,Dichrostachys Cinerea,0.3,1
D,Euclea Divinorum,2,3
D,Allophylus Africanus,2,3
D,Euclea Divinorum,2,6
D,Euclea Divinorum,2,5
D,Grewia Decomovulata,1,1
D,Euclea Divinorum,1.5,9
D,Euclea Divinorum,1.5,5
D,Euclea Divinorum,3.1,7
D,Euclea Divinorum,3.1,1
D,Euclea Divinorum,1.7,1
D,Euclea Divinorum,3.5,3
D,Dichrostachys Cinerea,3,9
D,Euclea Divinorum,1.4,5
D,Fluegga Virosa,3,1
D,Euclea Divinorum,2.2,2
D,Euclea Divinorum,2.2,4
D,Euclea Divinorum,4,3
D,Euclea Divinorum,1.1,1
D,Euclea Divinorum,1.1,2
D,Dichrostachys Cinerea,2,7
D,Euclea Divinorum,2,25
D,Fluegga Virosa,2.5,2
D,Fluegga Virosa,2,2
D,Euclea Divinorum,3,3
D,Vachellia Gerrardii,4.2,4
D,Vachellia Nilotica,4.1,1
D,Gardenia Spathulifolia,1.5,2
D,Senegalia Nigrescens,2,2
D,Vachellia Nilotica,4.5,4
D,Allophylus Africanus,2.5,2
D,Albizia Harveyi,2,1
D,Vachellia Nilotica,1.5,4
D,Vachellia Nilotica,3.5,5
D,Fluegga Virosa,2.5,4
D,Ziziphus Mucronata,2,7
D,Zanthoxylum Capense,1,2
D,Vachellia Gerrardii,1.7,5
D,Vachellia Gerrardii,1.7,3
D,Combretum Hereroense,4,4
D,Maclura Africana,2.5,5
D,Vachellia Gerrardii,1.1,1
D,Euclea Divinorum,4,2
D,Senegalia Nigrescens,1,2
D,Albizia Harveyi,1.5,1
D,Vachellia Nilotica,3.5,1
D,Vachellia Nilotica,3,1
D,Vachellia Nilotica,2,1
D,Gardenia Spathulifolia,1.3,4
D,Vachellia Nilotica,1.2,9
D,Vachellia Gerrardii,3,4
D,Vachellia Nilotica,2.5,5
D,Vachellia Gerrardii,1.8,6
D,Euclea Divinorum,0.3,3
D,Euclea Divinorum,0.3,6
D,Zanthoxylum Capense,0.4,4
D,Dichrostachys Cinerea,0.4,4
D,Dichrostachys Cinerea,0.4,3
D,Dichrostachys Cinerea,0.4,8
D,Dichrostachys Cinerea,0.4,18
D,Dichrostachys Cinerea,0.4,7
D,Dichrostachys Cinerea,0.4,9
D,Dichrostachys Cinerea,0.4,15
D,Combretum Apiculatum,0.6,10
D,Combretum Apiculatum,0.6,6
D,Combretum Apiculatum,0.6,15
D,Gardenia Spathulifolia,0.3,2
D,Gardenia Spathulifolia,0.3,3
D,Grewia Monticola,0.4,4
D,Grewia Monticola,0.4,5
D,Grewia Monticola,0.4,1
D,Vachellia Nilotica,0.5,12
D,Vachellia Nilotica,0.5,5
D,Vachellia Nilotica,0.5,10
D,Ziziphus Mucronata,0.8,2
D,Ziziphus Mucronata,0.8,5
D,Ziziphus Mucronata,0.8,6
D,Combretum Hereroense,0.5,11
D,Combretum Hereroense,0.5,7
D,Grewia Decomovulata,0.6,2
D,Grewia Decomovulata,0.6,1
D,Grewia Decomovulata,0.6,8
D,Grewia Decomovulata,0.6,5
D,Ormocarpum Trichocarpum,0.7,1
D,Vachellia Gerrardii,0.35,3
D,Vachellia Gerrardii,0.35,2
D,Fluegga Virosa,0.7,2
D,Fluegga Virosa,0.7,3
D,Albizia Harveyi,0.5,3
D,Senegalia Nigrescens,0.5,4
D,Senegalia Nigrescens,0.5,1
D,Dichrostachys Cinerea,0.6,2
D,Dichrostachys Cinerea,0.6,7
D,Dichrostachys Cinerea,0.6,4
D,Vachellia Nilotica,0.6,6
D,Vachellia Nilotica,0.6,8
D,Vachellia Nilotica,0.6,3
D,Grewia Decomovulata,0.7,15
D,Grewia Decomovulata,0.7,5
D,Grewia Decomovulata,0.7,4
D,Grewia Decomovulata,0.7,2
D,Carissa Bispinosa,0.5,2
D,Carissa Bispinosa,0.5,5
D,Carissa Bispinosa,0.5,1
D,Carissa Bispinosa,0.5,8
D,Fluegga Virosa,0.8,4
D,Fluegga Virosa,0.8,2
D,Fluegga Virosa,0.8,1
D,Fluegga Virosa,0.8,9
D,Vachellia Karroo,0.7,2
D,Vachellia Karroo,0.7,9
D,Vachellia Karroo,0.7,1
D,Vachellia Karroo,0.7,12
D,Gymnosporia Senegalensis,0.5,2
D,Gymnosporia Senegalensis,0.5,3
D,Gardenia Spathulifolia,0.4,5
D,Gardenia Spathulifolia,0.4,4
D,Zanthoxylum Capense,0.6,5
D,Zanthoxylum Capense,0.6,6
D,Euclea Divinorum,0.4,9
D,Euclea Divinorum,0.4,3
D,Allophylus Africanus,0.5,1
D,Vachellia Nilotica,0.8,8
D,Vachellia Nilotica,0.8,6
D,Vachellia Nilotica,0.8,1
D,Dichrostachys Cinerea,0.6,8
D,Dichrostachys Cinerea,0.6,5
D,Vachellia Gerrardii,0.7,5
D,Gardenia Spathulifolia,0.5,1
D,Peltophorum Africanum,0.4,1
D,Peltophorum Africanum,0.4,2
D,Vachellia Karroo,0.5,2
D,Allophylus Africanus,0.5,4
D,Grewia Decomovulata,0.6,7
D,Grewia Decomovulata,0.6,6
D,Grewia Decomovulata,2.2,2
D,Senegalia Nigrescens,0.8,1
D,Vachellia Nilotica,2.5,2
D,Dichrostachys Cinerea,3.4,2
D,Dichrostachys Cinerea,3.4,4
D,Euclea Divinorum,4.2,3
D,Euclea Divinorum,4.2,1
D,Ziziphus Mucronata,4.6,1
D,Albizia Harveyi,0.8,1
D,Albizia Harveyi,0.3,3
D,Grewia Decomovulata,2.9,1
D,Vachellia Nilotica,0.25,5
D,Allophylus Africanus,1.4,1
D,Albizia Harveyi,1,1
D,Combretum Apiculatum,1.6,3
D,Lannea Schweinfurthii,0.75,7
D,Lannea Schweinfurthii,0.75,1
D,Combretum Hereroense,0.36,1
D,Ziziphus Mucronata,0.26,1
D,Ziziphus Mucronata,0.6,1
D,Warburgia Salutaris,0.75,1
D,Peltophorum Africanum,3.8,2
D,Ziziphus Mucronata,2.8,2
D,Albizia Harveyi,1.2,1
D,Senegalia Nigrescens,1,3
D,Steganotaenia Araliacea,2,2
D,Allophylus Africanus,1.8,2
D,Vachellia Nilotica,0.7,2
D,Euclea Divinorum,4.3,1
D,Fluegga Virosa,2.3,9
D,Combretum Hereroense,1,7
D,Lippia Javanica,0.8,2
D,Lippia Javanica,0.8,1
D,Grewia Decomovulata,3.1,1
D,Grewia Decomovulata,2.5,4
D,Gymnosporia Senegalensis,1.4,2
D,Carissa Bispinosa,2,3
D,Azanza Garckeana,1.5,4
D,Euclea Divinorum,3.5,1
D,Euclea Divinorum,3.5,2
D,Peltophorum Africanum,3.5,4
D,Grewia Decomovulata,2.5,3
D,Vangueria Randii,2,2
D,Pappea Capensis,1,1
D,Euclea Divinorum,0.42,1
D,Vachellia Karroo,0.25,1
D,Vachellia Karroo,0.25,3
D,Vachellia Gerrardii,1,8
D,Grewia Decomovulata,0.4,3
D,Combretum Hereroense,0.75,4
D,Euclea Divinorum,0.18,2
D,Gymnosporia Senegalensis,0.7,2
D,Dichrostachys Cinerea,2.6,2
D,Euclea Divinorum,0.1,1
D,Vachellia Nilotica,1.2,2
D,Grewia Decomovulata,2.5,7
D,Dichrostachys Cinerea,3.3,6
D,Combretum Hereroense,1.4,1
D,Gymnosporia Senegalensis,1,2
D,Vachellia Nilotica,0.6,4
D,Peltophorum Africanum,4.3,2
D,Gymnosporia Senegalensis,1.3,3
D,Combretum Apiculatum,3.4,1
D,Dichrostachys Cinerea,4.3,2
D,Euclea Divinorum,4.4,4
D,Diospyros Lycioides,3.2,1
D,Allophylus Africanus,1.2,2
D,Allophylus Africanus,1,3
D,Ziziphus Mucronata,1.3,4
D,Gymnosporia Senegalensis,1,3
D,Senegalia Nigrescens,1.6,4
D,Ziziphus Mucronata,3,2
D,Senegalia Nigrescens,0.6,5
D,Fluegga Virosa,3.3,3
D,Fluegga Virosa,2.6,5
D,Fluegga Virosa,2.6,3
D,Combretum Hereroense,1.4,3
D,Senegalia Nigrescens,1,4
D,Ziziphus Mucronata,2.6,4
D,Zanthoxylum Capense,0.5,4
D,Senegalia Nigrescens,0.6,2
D,Grewia Decomovulata,3.5,4
D,Carissa Bispinosa,0.7,5
D,Senegalia Nigrescens,0.5,3
D,Vachellia Nilotica,0.3,2
D,Vachellia Gerrardii,0.38,4
D,Commiphora Africana,1.3,2
D,Dichrostachys Cinerea,2.4,2
D,Gymnosporia Senegalensis,0.8,2
D,Combretum Apiculatum,0.5,2
D,Grewia Monticola,0.8,3
D,Senegalia Nigrescens,1,1
D,Clerodendrum Glabrum,1.2,3
D,Vachellia Gerrardii,1.5,2
D,Senegalia Nigrescens,1.5,3
D,Fluegga Virosa,1.4,2
D,Vachellia Gerrardii,1.1,3
D,Vachellia Nilotica,2.5,1
D,Senegalia Nigrescens,0.6,3
D,Vachellia Nilotica,5,1
D,Euclea Divinorum,4.8,1
D,Dichrostachys Cinerea,4,10
D,Combretum Hereroense,4,1
D,Gardenia Spathulifolia,1.7,3
D,Fluegga Virosa,2.2,4
D,Dichrostachys Cinerea,3.3,4
D,Gymnosporia Senegalensis,1.5,1
D,Fluegga Virosa,1.3,2
D,Gymnosporia Senegalensis,0.2,1
D,Fluegga Virosa,1.2,4
D,Grewia Decomovulata,2.2,5
D,Gymnosporia Senegalensis,1.3,2
D,Albizia Harveyi,0.2,2
D,Senegalia Nigrescens,0.3,1
D,Fluegga Virosa,0.75,2
D,Allophylus Africanus,0.48,2
D,Vachellia Gerrardii,0.48,2
D,Dichrostachys Cinerea,0.44,1
D,Albizia Harveyi,1.5,3
D,Fluegga Virosa,1.1,4
D,Grewia Monticola,0.8,4
D,Dichrostachys Cinerea,3.3,3
D,Terminalia Prunioides,5,4
D,Senegalia Nigrescens,1.2,1
D,Vachellia Gerrardii,5,1
D,Combretum Apiculatum,3,2
D,Dichrostachys Cinerea,1.8,3
D,Allophylus Africanus,1.2,3
D,Euclea Divinorum,0.25,1
D,Vachellia Karroo,0.6,1
D,Terminalia Prunioides,0.4,3
D,Grewia Monticola,0.44,2
D,Grewia Decomovulata,0.2,3
D,Euclea Divinorum,0.2,1
D,Grewia Decomovulata,1,4
D,Combretum Hereroense,0.26,5
D,Diospyros Lycioides,1.3,1
D,Dichrostachys Cinerea,1.7,2
D,Carissa Bispinosa,1.1,4
D,Euclea Divinorum,3.6,5
D,Ziziphus Mucronata,3,1
D,Commiphora Africana,3,2
D,Allophylus Africanus,2.7,4
D,Commiphora Africana,2.5,2
D,Fluegga Virosa,2,3
D,Allophylus Africanus,1.8,7
D,Grewia Monticola,1,3
D,Gymnosporia Senegalensis,2,2
D,Fluegga Virosa,3,13
D,Maclura Africana,2.5,4
D,Grewia Monticola,1.5,9
D,Vachellia Gerrardii,1.6,1
D,Fluegga Virosa,1.6,5
D,Fluegga Virosa,2,8
D,Dichrostachys Cinerea,3.1,3
D,Euclea Divinorum,2.1,1
D,Gymnosporia Senegalensis,1.1,2
D,Fluegga Virosa,1.1,9
D,Fluegga Virosa,1,7
D,Maclura Africana,1.5,7
D,Vachellia Gerrardii,2.1,1
D,Euclea Divinorum,3,4
D,Fluegga Virosa,2,11
D,Azanza Garckeana,1.4,1
D,Fluegga Virosa,1.5,5
D,Euclea Divinorum,1.9,1
D,Carissa Bispinosa,1,1
D,Fluegga Virosa,1.4,10
D,Maclura Africana,2.1,2
D,Maclura Africana,1.5,1
D,Fluegga Virosa,3,9
D,Fluegga Virosa,3,5
D,Grewia Decomovulata,2.3,6
D,Vachellia Nilotica,1.9,1
D,Dichrostachys Cinerea,1.9,1
D,Vachellia Nilotica,2.1,1
D,Grewia Decomovulata,2.5,6
D,Euclea Divinorum,2.4,3
D,Fluegga Virosa,1,15
D,Euclea Divinorum,2.5,2
D,Allophylus Africanus,2.2,4
D,Euclea Divinorum,1.3,1
D,Euclea Divinorum,3.2,3
D,Fluegga Virosa,2.7,3
D,Ziziphus Mucronata,3.2,3
D,Fluegga Virosa,2.6,1
D,Euclea Divinorum,2.8,3
D,Vachellia Nilotica,5.1,1
D,Zanthoxylum Capense,1.4,3
D,Fluegga Virosa,4,4
D,Dichrostachys Cinerea,1.1,2
D,Vachellia Nilotica,1.4,2
D,Dichrostachys Cinerea,2.4,3
D,Allophylus Africanus,2.1,2
D,Grewia Monticola,2.6,3
D,Lannea Schweinfurthii,2.5,1
D,Grewia Decomovulata,1.4,2
D,Dichrostachys Cinerea,3.7,3
D,Dichrostachys Cinerea,4.4,4
D,Dichrostachys Cinerea,4.4,2
D,Ziziphus Mucronata,4,1
D,Ziziphus Mucronata,2.5,1
D,Combretum Apiculatum,1,1
D,Dichrostachys Cinerea,3.8,4
D,Euclea Divinorum,3.3,2
D,Allophylus Africanus,2,4
D,Fluegga Virosa,3,3
D,Boscia Angustifolia,1.5,2
D,Vachellia Nilotica,4.2,1
D,Euclea Divinorum,1.2,2
D,Fluegga Virosa,2.7,4
D,Boscia Angustifolia,2.3,1
D,Fluegga Virosa,1.8,8
D,Ziziphus Mucronata,1.8,1
D,Grewia Decomovulata,4,4
D,Grewia Decomovulata,4,6
D,Carissa Bispinosa,3.3,2
D,Fluegga Virosa,3.2,4
D,Grewia Decomovulata,3,6
D,Carissa Bispinosa,1.3,3
D,Berchemia Zeyheri,4,1
D,Fluegga Virosa,4,6
D,Fluegga Virosa,4,2
D,Fluegga Virosa,4,5
D,Ziziphus Mucronata,1.7,1
D,Senegalia Nigrescens,1.5,1
D,Ziziphus Mucronata,0.7,3
D,Fluegga Virosa,0.5,3
D,Ziziphus Mucronata,0.6,3
D,Diospyros Lycioides,0.5,4
D,Azanza Garckeana,0.8,2
D,Albizia Harveyi,0.1,4
D,Grewia Decomovulata,0.4,5
D,Gymnosporia Senegalensis,0.3,4
D,Maclura Africana,0.6,6
D,Pappea Capensis,0.5,3
D,Allophylus Africanus,0.5,2
D,Grewia Monticola,0.6,3
D,Vachellia Gerrardii,0.5,4
D,Combretum Apiculatum,0.6,1
D,Maclura Africana,0.3,7
D,Vachellia Gerrardii,0.45,4
D,Senegalia Nigrescens,0.8,2
D,Albizia Harveyi,0.8,2
D,Zanthoxylum Capense,0.8,2
D,Combretum Hereroense,0.6,2
D,Boscia Angustifolia,0.9,3
D,Fluegga Virosa,0.4,2
D,Senegalia Nigrescens,0.6,4
D,Carissa Bispinosa,0.1,4
D,Ziziphus Mucronata,0.5,3
D,Maclura Africana,0.7,4
D,Carissa Edulis,0.9,4
D,Ochna Serrulata,0.9,3
D,Zanthoxylum Capense,0.5,3
D,Grewia Monticola,0.7,4
D,Boscia Angustifolia,0.6,4
D,Combretum Apiculatum,0.4,3
D,Lannea Schweinfurthii,0.7,5
D,Vachellia Karroo,0.5,3
D,Combretum Hereroense,4.5,1
D,Fluegga Virosa,3.4,8
D,Euclea Divinorum,3.4,2
D,Grewia Decomovulata,2.1,2
D,Grewia Decomovulata,1,7
D,Fluegga Virosa,3,8
D,Senegalia Ataxacantha,3.5,3
D,Grewia Decomovulata,3,9
D,Euclea Divinorum,3.4,4
D,Euclea Divinorum,3.4,1
D,Grewia Decomovulata,2,5
D,Ziziphus Mucronata,2.7,3
D,Euclea Divinorum,4.2,2
D,Combretum Hereroense,5,2
D,Fluegga Virosa,2,6
D,Fluegga Virosa,1.5,7
D,Combretum Hereroense,3,2
D,Vachellia Gerrardii,4,1
D,Gardenia Spathulifolia,2,2
D,Grewia Decomovulata,1.8,2
D,Dichrostachys Cinerea,5,6
D,Vachellia Gerrardii,1.3,3
D,Combretum Hereroense,4.5,2
D,Fluegga Virosa,1.7,2
D,Vachellia Nilotica,4.3,3
D,Fluegga Virosa,2,16
D,Fluegga Virosa,2.3,10
D,Euclea Divinorum,3.5,4
D,Grewia Decomovulata,3,2
D,Gymnosporia Senegalensis,2,1
D,Vachellia Nilotica,1.6,1
D,Diospyros Lycioides,1.8,1
D,Vachellia Gerrardii,1.8,1
D,Grewia Decomovulata,2.6,12
D,Grewia Monticola,1.5,7
D,Allophylus Africanus,4.5,3
D,Allophylus Africanus,1.8,1
D,Grewia Decomovulata,2.5,14
D,Euclea Divinorum,2.8,1
D,Euclea Divinorum,1.2,3
D,Grewia Decomovulata,1,3
D,Fluegga Virosa,2,24
D,Combretum Apiculatum,3.5,1
D,Combretum Apiculatum,2.5,1
D,Gardenia Spathulifolia,1.8,1
D,Elaeodendron Papillosum,1.6,1
D,Ziziphus Mucronata,1.8,4
D,Allophylus Africanus,2.8,2
D,Combretum Hereroense,2,2
D,Dichrostachys Cinerea,3.8,3
D,Dichrostachys Cinerea,3.8,2
D,Grewia Decomovulata,2.2,6
D,Combretum Hereroense,1,2
D,Combretum Apiculatum,1.8,1
D,Grewia Monticola,2,2
D,Euclea Divinorum,3.2,1
D,Carissa Bispinosa,3,8
D,Combretum Hereroense,3,3
D,Gymnosporia Senegalensis,2,3
D,Warburgia Salutaris,2,3
D,Vachellia Gerrardii,3,1
D,Euclea Divinorum,0.2,2
D,Clerodendrum Glabrum,0.8,2
D,Zanthoxylum Capense,0.8,5
D,Vachellia Nilotica,0.8,4
D,Lannea Schweinfurthii,0.5,4
D,Grewia Monticola,0.6,4
D,Fluegga Virosa,0.5,5
D,Pappea Capensis,0.8,3
D,Dalbergia Melanoxylon,0.8,3
D,Allophylus Africanus,0.5,3
D,Azanza Garckeana,0.4,1
D,Combretum Hereroense,0.4,3
D,Albizia Harveyi,0.5,4
D,Fluegga Virosa,0.4,5
D,Diospyros Lycioides,0.7,1
D,Gardenia Spathulifolia,0.7,4
D,Albizia Harveyi,0.6,1
D,Ximenia Caffra,0.3,2
D,Diospyros Lycioides,0.8,1
D,Allophylus Africanus,0.4,2
D,Pappea Capensis,0.6,8
D,Vachellia Karroo,0.8,3
D,Ziziphus Mucronata,0.4,3
D,Fluegga Virosa,0.3,3
D,Diospyros Lycioides,0.9,1
D,Gymnosporia Senegalensis,0.9,4
D,Combretum Apiculatum,1.8,2
D,Dichrostachys Cinerea,4.2,3
D,Dichrostachys Cinerea,4.2,1
D,Dichrostachys Cinerea,4.2,6
D,Dichrostachys Cinerea,4.2,2
D,Dichrostachys Cinerea,4.2,4
D,Commiphora Africana,1.6,1
D,Dichrostachys Cinerea,4.2,5
D,Combretum Apiculatum,1,2
D,Dichrostachys Cinerea,3.5,4
D,Grewia Decomovulata,1.3,10
D,Vachellia Nilotica,1.3,1
D,Grewia Decomovulata,3,5
D,Combretum Apiculatum,4,1
D,Fluegga Virosa,1.8,2
D,Fluegga Virosa,1.4,1
D,Vachellia Nilotica,1,6
D,Ziziphus Mucronata,3.8,1
D,Grewia Monticola,1.6,8
D,Grewia Monticola,1.3,2
D,Gardenia Spathulifolia,1.4,3
D,Combretum Hereroense,4.2,1
D,Ziziphus Mucronata,1.5,3
D,Colophospermum Mopane,1.5,3
D,Vachellia Nilotica,1.1,1
D,Vachellia Gerrardii,1.7,2
D,Euclea Divinorum,1.8,3
D,Fluegga Virosa,3,12
D,Allophylus Africanus,4,3
D,Gardenia Spathulifolia,3,2
D,Gardenia Spathulifolia,1.6,3
D,Vachellia Gerrardii,1.1,2
D,Allophylus Africanus,2.8,1
D,Euclea Divinorum,1.2,1
D,Dichrostachys Cinerea,1.2,2
D,Grewia Decomovulata,3,8
D,Carissa Bispinosa,2.5,2
D,Vachellia Gerrardii,0.9,4
D,Gardenia Spathulifolia,0.8,3
D,Fluegga Virosa,0.4,3
D,Grewia Decomovulata,0.5,4
D,Vachellia Nilotica,0.4,3
D,Grewia Monticola,0.9,3
D,Sclerocarya Birrea,0.3,2
D,Clerodendrum Glabrum,0.5,3
D,Berchemia Zeyheri,0.8,3
D,Terminalia Prunioides,0.7,10
D,Vachellia Karroo,0.9,3
D,Carissa Bispinosa,0.4,5
D,Grewia Decomovulata,0.7,10
D,Combretum Apiculatum,4,3
D,Grewia Monticola,1.5,2
D,Combretum Hereroense,3.5,1
D,Grewia Decomovulata,3,10
D,Vangueria Randii,1.5,8
D,Dichrostachys Cinerea,3.2,2
D,Combretum Apiculatum,3.3,1
D,Ziziphus Mucronata,2.3,1
D,Warburgia Salutaris,1,1
D,Warburgia Salutaris,1.5,2
D,Gardenia Spathulifolia,2.2,7
D,Combretum Apiculatum,6.3,1
D,Combretum Apiculatum,4.5,1
D,Cassia Abbreviata,1.2,1
D,Gardenia Spathulifolia,1,3
D,Combretum Apiculatum,1.5,2
D,Cassia Abbreviata,1,3
D,Carissa Bispinosa,2.5,4
D,Gardenia Spathulifolia,2.4,4
D,Warburgia Salutaris,2,2
D,Cassia Abbreviata,1.7,1
D,Euclea Divinorum,3.2,5
D,Peltophorum Africanum,1,1
D,Gardenia Spathulifolia,2.5,3
D,Gardenia Spathulifolia,2.5,2
D,Grewia Decomovulata,3,4
D,Dalbergia Melanoxylon,2.5,4
D,Combretum Apiculatum,3.2,1
D,Combretum Apiculatum,1.3,1
D,Peltophorum Africanum,1.5,10
D,Dichrostachys Cinerea,3,8
D,Dichrostachys Cinerea,3,7
D,Combretum Hereroense,4,2
D,Carissa Bispinosa,2,6
D,Allophylus Africanus,2.4,4
D,Dichrostachys Cinerea,3.6,6
D,Combretum Hereroense,4,3
D,Warburgia Salutaris,2.8,2
D,Fluegga Virosa,2.4,8
D,Dichrostachys Cinerea,2.5,4
D,Ziziphus Mucronata,2,3
D,Warburgia Salutaris,1.4,5
D,Zanthoxylum Capense,1,5
D,Warburgia Salutaris,1,3
D,Warburgia Salutaris,1.2,2
D,Grewia Decomovulata,2.5,15
D,Warburgia Salutaris,1.6,4
D,Kirkia Acuminata,1.3,1
D,Ziziphus Mucronata,2.8,1
D,Combretum Apiculatum,1.1,2
D,Warburgia Salutaris,1.3,5
D,Warburgia Salutaris,1.3,1
D,Clerodendrum Glabrum,2,6
D,Carissa Bispinosa,1,12
D,Gymnosporia Senegalensis,1,1
D,Lippia Javanica,1,5
D,Carissa Bispinosa,1,4
D,Burkea Africana,2,1
D,Peltophorum Africanum,1,10
D,Diospyros Lycioides,3,1
D,Dichrostachys Cinerea,3.3,7
D,Warburgia Salutaris,1.6,7
D,Gymnosporia Senegalensis,1.1,3
D,Peltophorum Africanum,2,2
D,Combretum Hereroense,3.3,3
D,Carissa Bispinosa,3,5
D,Allophylus Africanus,2,8
D,Allophylus Africanus,3.3,2
D,Carissa Bispinosa,2,9
D,Commiphora Africana,2,1
D,Ozoroa Insignis,1,2
D,Vachellia Gerrardii,3.5,1
D,Vachellia Gerrardii,0.3,4
D,Combretum Hereroense,0.3,3
D,Gardenia Spathulifolia,0.5,4
D,Grewia Decomovulata,0.4,4
D,Carissa Bispinosa,0.3,4
D,Warburgia Salutaris,0.6,3
D,Zanthoxylum Capense,0.6,4
D,Burkea Africana,0.4,1
D,Lannea Schweinfurthii,0.35,4
D,Colophospermum Mopane,0.5,1
D,Peltophorum Africanum,0.5,4
D,Allophylus Africanus,0.6,2
D,Diospyros Lycioides,0.6,1
D,Boscia Angustifolia,0.4,4
D,Vachellia Nilotica,0.4,4
D,Carissa Edulis,0.3,4
D,Ochna Serrulata,0.5,3
D,Commiphora Africana,0.7,2
D,Euclea Divinorum,0.3,8
D,Peltophorum Africanum,0.6,2
D,Vachellia Nilotica,0.25,4
D,Ochna Serrulata,0.65,4
D,Ochna Serrulata,0.65,5
D,Ochna Serrulata,0.65,6
D,Ochna Serrulata,0.65,7
D,Ochna Serrulata,0.65,8
D,Ochna Serrulata,0.65,9
D,Ochna Serrulata,0.65,10
D,Ochna Serrulata,0.65,11
D,Ochna Serrulata,0.65,12
D,Carissa Bispinosa,0.5,4
D,Dichrostachys Cinerea,5.2,6
D,Dichrostachys Cinerea,2.8,2
D,Dichrostachys Cinerea,4.5,6
D,Colophospermum Mopane,3,1
D,Combretum Apiculatum,4.5,2
D,Grewia Decomovulata,1.3,2
D,Dichrostachys Cinerea,5,7
D,Dichrostachys Cinerea,5,5
D,Brachystegia Spiciformis,3,6
D,Brachystegia Spiciformis,3,1
D,Combretum Hereroense,5,1
D,Euclea Divinorum,1.3,2
D,Brachystegia Spiciformis,2,11
D,Brachystegia Spiciformis,1.5,2
D,Brachystegia Spiciformis,4,3
D,Allophylus Africanus,2.5,5
D,Brachystegia Spiciformis,1.7,3
D,Combretum Hereroense,1.8,2
D,Brachystegia Spiciformis,2,7
D,Allophylus Africanus,3,8
D,Grewia Decomovulata,1.5,3
D,Brachystegia Spiciformis,1.3,3
D,Colophospermum Mopane,2,5
D,Grewia Decomovulata,2,15
D,Colophospermum Mopane,2.5,1
D,Dichrostachys Cinerea,3.4,5
D,Brachystegia Spiciformis,2.5,1
D,Brachystegia Spiciformis,4,5
D,Combretum Apiculatum,2.4,4
D,Combretum Hereroense,2.7,1
D,Brachystegia Spiciformis,2,3
D,Brachystegia Spiciformis,2,6
D,Brachystegia Spiciformis,3,2
D,Allophylus Africanus,4,8
D,Clerodendrum Glabrum,2,7
D,Carissa Bispinosa,3,2
D,Terminalia Prunioides,4,8
D,Gardenia Spathulifolia,1,1
D,Gymnosporia Senegalensis,1.7,2
D,Warburgia Salutaris,1.3,6
D,Euclea Divinorum,3.5,5
D,Brachystegia Spiciformis,1.7,4
D,Brachystegia Spiciformis,1.7,10
D,Brachystegia Spiciformis,1.3,7
D,Brachystegia Spiciformis,1,10
D,Vachellia Gerrardii,4.5,1
D,Vachellia Gerrardii,1.8,2
D,Combretum Hereroense,3.5,2
D,Combretum Hereroense,2.5,2
D,Combretum Apiculatum,3.4,3
D,Colophospermum Mopane,0.5,4
D,Cassia Abbreviata,0.3,2
D,Burkea Africana,0.5,4
D,Terminalia Sericea,0.4,1
D,Ormocarpum Kirkii,0.6,3
D,Lippia Javanica,0.5,7
D,Ximenia Caffra,1,4
D,Boscia Angustifolia,0.6,3
D,Cassia Abbreviata,0.5,1
D,Peltophorum Africanum,0.6,7
D,Colophospermum Mopane,0.5,3
D,Fluegga Virosa,0.7,5
D,Gymnosporia Senegalensis,0.4,3
D,Grewia Monticola,0.6,2
D,Gardenia Spathulifolia,0.2,2
D,Lannea Discolor,0.5,1
D,Vachellia Nilotica,0.5,4
D,Combretum Apiculatum,0.5,4
D,Fluegga Virosa,0.5,4
D,Steganotaenia Araliacea,0.2,1
D,Pappea Capensis,0.5,2
D,Grewia Monticola,0.3,2
D,Gymnosporia Senegalensis,0.3,2
D,Grewia Decomovulata,4,2
D,Allophylus Africanus,3.1,2
D,Combretum Apiculatum,4,2
D,Combretum Apiculatum,4.2,1
D,Carissa Bispinosa,2,1
D,Combretum Apiculatum,3.2,2
D,Dichrostachys Cinerea,3.1,4
D,Fluegga Virosa,1.8,3
D,Colophospermum Mopane,1,2
D,Brachystegia Spiciformis,4.3,3
D,Bolusanthus Speciosus,4,1
D,Diospyros Lycioides,1.7,1
D,Peltophorum Africanum,2,4
D,Allophylus Africanus,2,6
D,Allophylus Africanus,1.7,6
D,Euclea Divinorum,1,3
D,Dichrostachys Cinerea,4.1,4
D,Allophylus Africanus,4,2
D,Bolusanthus Speciosus,4.3,3
D,Grewia Decomovulata,1.2,1
D,Combretum Apiculatum,1.1,1
D,Grewia Decomovulata,1.5,6
D,Ximenia Caffra,2,2
D,Peltophorum Africanum,4,1
D,Brachystegia Spiciformis,4,1
D,Brachystegia Spiciformis,1,1
D,Carissa Bispinosa,3,3
D,Gardenia Spathulifolia,3.5,1
D,Vachellia Gerrardii,2.3,1
D,Cassia Abbreviata,1,1
D,Brachystegia Spiciformis,2,12
D,Peltophorum Africanum,2,6
D,Euclea Divinorum,3.3,3
D,Allophylus Africanus,1.7,9
D,Lippia Javanica,0.7,4
D,Vachellia Karroo,0.65,3
D,Dichrostachys Cinerea,0.65,1
D,Dichrostachys Cinerea,0.75,6
D,Brachystegia Spiciformis,0.9,2
D,Peltophorum Africanum,0.3,2
D,Euclea Divinorum,0.6,1
D,Vachellia Gerrardii,0.65,4
D,Cassia Abbreviata,0.65,2
D,Ormocarpum Trichocarpum,0.8,3
D,Combretum Hereroense,0.45,3
D,Dichrostachys Cinerea,0.45,1
D,Ozoroa Insignis,0.4,5
D,Combretum Apiculatum,0.6,2
D,Ormocarpum Trichocarpum,0.6,2
D,Grewia Monticola,0.8,2
D,Euclea Divinorum,0.15,1
D,Combretum Hereroense,0.9,2
D,Brachystegia Spiciformis,0.3,2
D,Ormocarpum Trichocarpum,0.9,1
D,Combretum Hereroense,0.5,6
D,Ziziphus Mucronata,0.75,3
D,Dichrostachys Cinerea,0.45,4
D,Combretum Hereroense,0.25,2
D,Commiphora Africana,0.5,4
D,Combretum Hereroense,0.9,1
D,Brachystegia Spiciformis,0.7,3
D,Vachellia Gerrardii,0.7,8
D,Lippia Javanica,0.4,3
D,Combretum Hereroense,0.5,1
D,Allophylus Africanus,0.7,4
D,Combretum Apiculatum,0.35,5
D,Combretum Hereroense,0.7,4
D,Combretum Hereroense,0.6,3
D,Colophospermum Mopane,0.7,5
D,Albizia Harveyi,0.9,5
D,Vachellia Nilotica,0.9,2
D,Boscia Angustifolia,0.75,2
D,Vachellia Karroo,0.2,2
D,Ziziphus Mucronata,0.8,3
D,Dichrostachys Cinerea,0.8,3
D,Cassia Abbreviata,0.9,2
D,Combretum Hereroense,0.45,1
D,Vachellia Gerrardii,0.8,3
D,Allophylus Africanus,0.65,2
D,Albizia Harveyi,0.45,2
D,Vachellia Gerrardii,0.65,8
D,Dichrostachys Cinerea,0.72,4
D,Gymnosporia Senegalensis,0.7,6
D,Brachystegia Spiciformis,1.3,2
D,Brachystegia Spiciformis,3.5,3
D,Dichrostachys Cinerea,4.4,7
D,Combretum Apiculatum,5,1
D,Gardenia Spathulifolia,1.7,1
D,Dichrostachys Cinerea,1.2,3
D,Dichrostachys Cinerea,1.1,3
D,Grewia Decomovulata,1.8,4
D,Allophylus Africanus,1.5,7
D,Brachystegia Spiciformis,3,3
D,Brachystegia Spiciformis,1.3,1
D,Brachystegia Spiciformis,1.5,3
D,Brachystegia Spiciformis,2.5,7
D,Grewia Decomovulata,1.7,3
D,Grewia Decomovulata,1.7,2
D,Grewia Monticola,1.2,2
D,Brachystegia Spiciformis,2,13
D,Gymnosporia Senegalensis,2.1,1
D,Gymnosporia Senegalensis,1.2,1
D,Brachystegia Spiciformis,2,5
D,Brachystegia Spiciformis,3.5,1
D,Allophylus Africanus,1.5,3
D,Grewia Monticola,1.3,4
D,Clerodendrum Glabrum,1.5,7
D,Carissa Bispinosa,3.5,4
D,Combretum Apiculatum,1.5,4
D,Combretum Apiculatum,1.5,3
D,Clerodendrum Glabrum,3,4
D,Carissa Edulis,2.5,2
D,Dichrostachys Cinerea,2.5,10
D,Combretum Apiculatum,2.7,1
D,Burkea Africana,0.5,3
D,Dovyalis Caffra,0.5,3
D,Ormocarpum Kirkii,0.6,1
D,Ziziphus Mucronata,0.5,4
D,Ozoroa Insignis,0.8,2
D,Euclea Divinorum,3.3,5
D,Diospyros Lycioides,1.8,4
D,Allophylus Africanus,3.4,2
D,Ozoroa Insignis,2,1
D,Gardenia Spathulifolia,2,1
D,Combretum Hereroense,2.2,1
D,Brachystegia Spiciformis,2,2
D,Brachystegia Spiciformis,4,4
D,Brachystegia Spiciformis,1,2
D,Allophylus Africanus,1,1
D,Combretum Apiculatum,1.1,3
D,Euclea Divinorum,1.8,2
D,Brachystegia Spiciformis,1.6,4
D,Brachystegia Spiciformis,1.2,2
D,Brachystegia Spiciformis,1.5,1
D,Grewia Monticola,1.1,1
D,Allophylus Africanus,2.5,6
D,Ziziphus Mucronata,2,6
D,Peltophorum Africanum,1.5,2
D,Allophylus Africanus,3.5,3
D,Brachystegia Spiciformis,4,13
D,Dichrostachys Cinerea,2.7,5
D,Combretum Apiculatum,1.3,3
D,Carissa Bispinosa,2,7
D,Dichrostachys Cinerea,4,7
D,Combretum Apiculatum,1,8
D,Combretum Apiculatum,4,4
D,Allophylus Africanus,3,5
D,Gardenia Spathulifolia,1.7,5
D,Peltophorum Africanum,1.2,3
D,Euclea Divinorum,2.3,5
D,Grewia Decomovulata,1.7,8
D,Brachystegia Spiciformis,3,5
D,Peltophorum Africanum,1,3
D,Brachystegia Spiciformis,2.5,3
D,Vachellia Gerrardii,2,2
D,Peltophorum Africanum,1.3,3
D,Vachellia Nilotica,1.7,1
D,Euclea Divinorum,4,4
D,Euclea Divinorum,5,9
D,Combretum Hereroense,1.5,2
D,Grewia Decomovulata,3,7
D,Combretum Apiculatum,2.3,1
D,Combretum Hereroense,2.5,1
D,Bolusanthus Speciosus,3,3
D,Vachellia Gerrardii,4.4,1
D,Allophylus Africanus,2,7
D,Euclea Divinorum,3.4,7
D,Grewia Decomovulata,2,10
D,Brachystegia Spiciformis,1.5,11
D,Colophospermum Mopane,2,1
D,Allophylus Africanus,2.5,3
D,Euclea Divinorum,5,1
D,Gymnosporia Senegalensis,3,2
D,Bolusanthus Speciosus,2.5,6
D,Combretum Hereroense,2.5,3
D,Gardenia Spathulifolia,1.8,3
D,Combretum Hereroense,1.8,1
D,Euclea Divinorum,0.65,3
D,Vachellia Karroo,0.3,1
D,Ozoroa Insignis,0.65,8
D,Vachellia Karroo,0.2,3
D,Ormocarpum Trichocarpum,0.8,1
D,Warburgia Salutaris,0.75,5
D,Brachystegia Spiciformis,0.9,12
D,Combretum Hereroense,0.8,5
D,Combretum Hereroense,0.8,4
D,Ormocarpum Trichocarpum,0.5,1
D,Ormocarpum Trichocarpum,0.4,1
D,Vachellia Gerrardii,0.5,13
D,Brachystegia Spiciformis,0.4,4
D,Vachellia Nilotica,0.65,3
D,Brachystegia Spiciformis,0.8,1
D,Brachystegia Spiciformis,0.9,4
D,Vachellia Karroo,0.9,2
D,Dichrostachys Cinerea,0.45,5
D,Euclea Divinorum,0.8,3
D,Vachellia Nilotica,0.45,4
D,Kirkia Acuminata,0.65,3
D,Ziziphus Mucronata,0.9,3
D,Vachellia Nilotica,0.55,3
D,Dichrostachys Cinerea,0.3,3
D,Peltophorum Africanum,0.7,4
D,Ormocarpum Trichocarpum,0.45,2
D,Vachellia Gerrardii,0.7,6
D,Combretum Hereroense,0.3,1
D,Lippia Javanica,0.7,5
D,Vachellia Gerrardii,0.8,5
D,Ormocarpum Trichocarpum,0.8,4
D,Vachellia Karroo,0.25,2
D,Combretum Apiculatum,0.5,1
D,Combretum Apiculatum,3.6,1
D,Euclea Divinorum,2.8,8
D,Grewia Decomovulata,4,9
D,Fluegga Virosa,3,10
D,Euclea Divinorum,3.5,8
D,Allophylus Africanus,2.5,4
D,Lannea Schweinfurthii,1.5,2
D,Dichrostachys Cinerea,5,11
D,Carissa Bispinosa,1.8,4
D,Euclea Divinorum,2.5,6
D,Vachellia Gerrardii,7.4,1
D,Grewia Monticola,1.8,4
D,Lannea Schweinfurthii,1.8,4
D,Grewia Decomovulata,1.1,5
D,Colophospermum Mopane,1,7
D,Maclura Africana,4,1
D,Grewia Decomovulata,2,7
D,Grewia Decomovulata,2,9
D,Euclea Divinorum,2.8,2
D,Gymnosporia Senegalensis,2.5,2
D,Combretum Hereroense,3.4,2
D,Allophylus Africanus,3,7
D,Gymnosporia Senegalensis,1.5,4
D,Gymnosporia Senegalensis,1.3,1
D,Gymnosporia Senegalensis,3.7,3
D,Ziziphus Mucronata,1.7,3
D,Gymnosporia Senegalensis,2,6
D,Euclea Divinorum,2,11
D,Diospyros Lycioides,1.5,1
D,Grewia Decomovulata,2.5,8
D,Boscia Angustifolia,2,1
D,Peltophorum Africanum,1.5,11
D,Combretum Imberbe,5.5,2
D,Gymnosporia Senegalensis,1,4
D,Grewia Decomovulata,1.3,7
D,Combretum Imberbe,1,4
D,Diospyros Lycioides,2.1,5
D,Combretum Hereroense,0.75,4
D,Euclea Divinorum,0.08,1
D,Ormocarpum Trichocarpum,0.8,2
D,Vachellia Nilotica,0.3,8
D,Ziziphus Mucronata,0.4,2
D,Combretum Hereroense,0.4,2
D,Gymnosporia Senegalensis,0.3,5
D,Gymnosporia Senegalensis,0.75,8
D,Dalbergia Melanoxylon,0.6,2
D,Azanza Garckeana,0.6,4
D,Ormocarpum Trichocarpum,0.5,4
D,Combretum Apiculatum,0.35,3
D,Dichrostachys Cinerea,0.25,3
D,Ormocarpum Trichocarpum,0.65,2
D,Grewia Monticola,0.65,3
D,Grewia Monticola,0.55,4
D,Ormocarpum Trichocarpum,0.9,2
D,Diospyros Lycioides,0.75,2
D,Grewia Decomovulata,0.85,1
D,Vachellia Gerrardii,0.8,10
D,Ormocarpum Trichocarpum,0.6,1
D,Gymnosporia Senegalensis,0.6,3
D,Vachellia Gerrardii,0.9,2
D,Albizia Harveyi,0.7,1
D,Fluegga Virosa,0.45,3
D,Lippia Javanica,0.9,8
D,Lippia Javanica,0.65,6
D,Vachellia Gerrardii,0.5,10
D,Grewia Monticola,0.9,2
D,Allophylus Africanus,0.7,2
D,Diospyros Lycioides,0.3,2
D,Pavetta Schumanniana,0.65,4
D,Euclea Divinorum,0.45,2
D,Fluegga Virosa,0.35,3
D,Ormocarpum Trichocarpum,0.43,2
D,Grewia Decomovulata,3,11
D,Vachellia Nilotica,1,5
D,Allophylus Africanus,1.8,3
D,Allophylus Africanus,3,6
D,Diospyros Lycioides,2,3
D,Ormocarpum Trichocarpum,1.7,2
D,Euclea Divinorum,1.3,3
D,Fluegga Virosa,2.7,8
D,Fluegga Virosa,2.7,12
D,Euclea Divinorum,3.3,6
D,Euclea Divinorum,1,5
D,Allophylus Africanus,1.1,6
D,Clerodendrum Glabrum,2.8,3
D,Pappea Capensis,1.4,1
D,Grewia Decomovulata,6,2
D,Ormocarpum Kirkii,0.85,5
D,Grewia Decomovulata,0.25,6
D,Lippia Javanica,0.5,4
D,Combretum Apiculatum,0.65,3
D,Lippia Javanica,0.7,3
D,Vachellia Gerrardii,0.3,6
D,Combretum Hereroense,0.75,3
D,Combretum Hereroense,0.35,4
D,Allophylus Africanus,0.95,1
D,Colophospermum Mopane,1,5
D,Albizia Harveyi,0.6,2
D,Euclea Divinorum,0.8,1
D,Lippia Javanica,0.75,6
D,Combretum Hereroense,0.8,1
D,Grewia Monticola,0.85,4
D,Ormocarpum Trichocarpum,0.45,3
D,Dichrostachys Cinerea,0.65,3
D,Dichrostachys Cinerea,0.5,5
D,Colophospermum Mopane,0.55,2
D,Ormocarpum Trichocarpum,0.5,2
D,Euclea Divinorum,0.65,4
D,Combretum Hereroense,0.35,3
D,Grewia Monticola,0.85,3
D,Grewia Monticola,0.55,2
D,Gymnosporia Senegalensis,0.45,4
D,Maclura Africana,0.5,6
D,Euclea Divinorum,0.45,1
D,Vachellia Nilotica,0.35,2
D,Dichrostachys Cinerea,0.45,3
D,Grewia Monticola,0.7,6
D,Gymnosporia Senegalensis,0.65,6
D,Allophylus Africanus,0.25,3
D,Dichrostachys Cinerea,0.55,4
D,Vachellia Nilotica,0.7,5
D,Vachellia Karroo,0.45,3
D,Combretum Apiculatum,0.9,3
D,Ormocarpum Trichocarpum,1,2
D,Dichrostachys Cinerea,0.9,2
D,Azanza Garckeana,0.3,1
D,Vachellia Gerrardii,0.65,5
D,Vachellia Gerrardii,0.8,4
D,Ormocarpum Trichocarpum,0.65,3
D,Ziziphus Mucronata,0.75,4
D,Combretum Apiculatum,0.8,3
D,Ormocarpum Trichocarpum,0.7,2
D,Fluegga Virosa,2,7
D,Dichrostachys Cinerea,2.1,3
D,Colophospermum Mopane,1.5,4
D,Carissa Edulis,3.5,1
D,Commiphora Africana,1.6,3
D,Colophospermum Mopane,1.3,2
D,Colophospermum Mopane,2,2
D,Maclura Africana,2,3
D,Allophylus Africanus,1.5,6
D,Grewia Decomovulata,1.8,11
D,Grewia Decomovulata,1.8,5
D,Berchemia Zeyheri,2,3
D,Colophospermum Mopane,3.4,1
D,Fluegga Virosa,3,2
D,Colophospermum Mopane,5,1
D,Colophospermum Mopane,4,1
D,Gymnosporia Senegalensis,1.5,2
D,Colophospermum Mopane,2,3
D,Allophylus Africanus,1,2
D,Grewia Decomovulata,2,12
D,Colophospermum Mopane,1.8,2
D,Euclea Divinorum,1.7,2
D,Ziziphus Mucronata,3,3
D,Gardenia Spathulifolia,1.5,1
D,Gymnosporia Senegalensis,3,1
D,Allophylus Africanus,4.4,5
D,Allophylus Africanus,6.7,2
D,Maclura Africana,2,2
D,Fluegga Virosa,2.8,3
D,Ziziphus Mucronata,11.7,1
D,Fluegga Virosa,3,4
D,Dichrostachys Cinerea,5.7,3
D,Colophospermum Mopane,3.5,2
D,Colophospermum Mopane,6,1
D,Bolusanthus Speciosus,3,1
D,Grewia Decomovulata,1.2,7
D,Ziziphus Mucronata,2.1,5
D,Ormocarpum Trichocarpum,1,1
D,Dichrostachys Cinerea,4.3,1
D,Grewia Monticola,1.6,1
D,Dichrostachys Cinerea,0.45,2
D,Vachellia Nilotica,0.4,2
D,Dichrostachys Cinerea,0.3,5
D,Euclea Divinorum,0.9,1
D,Diospyros Lycioides,0.45,2
D,Ziziphus Mucronata,0.4,4
D,Lannea Discolor,0.7,5
D,Colophospermum Mopane,0.7,4
D,Ormocarpum Trichocarpum,0.2,1
D,Lippia Javanica,0.6,5
D,Euclea Divinorum,0.75,4
D,Dichrostachys Cinerea,0.3,4
D,Combretum Hereroense,0.5,4
D,Gymnosporia Senegalensis,0.7,5
D,Dichrostachys Cinerea,0.35,4
D,Vachellia Gerrardii,0.3,2
D,Ormocarpum Trichocarpum,0.9,6
D,Grewia Monticola,0.6,5
D,Colophospermum Mopane,0.4,4
D,Colophospermum Mopane,0.8,4
D,Allophylus Africanus,0.9,6
D,Combretum Hereroense,0.7,1
D,Dichrostachys Cinerea,0.65,2
D,Colophospermum Mopane,0.85,1
D,Ormocarpum Trichocarpum,0.7,3
D,Combretum Hereroense,0.4,3
D,Vachellia Gerrardii,0.85,4
D,Warburgia Salutaris,0.6,13
D,Euclea Divinorum,0.7,2
D,Combretum Hereroense,0.7,2
D,Colophospermum Mopane,0.6,2
D,Dichrostachys Cinerea,0.65,5
D,Ormocarpum Trichocarpum,0.4,2
D,Combretum Hereroense,0.6,2
D,Grewia Decomovulata,3,3
D,Combretum Molle,1.2,1
D,Gymnosporia Buxifolia,3,1
D,Boscia Mossambicensis,3,1
D,Allophylus Africanus,2.6,7
D,Allophylus Africanus,3.2,6
D,Dichrostachys Cinerea,2.2,1
D,Gardenia Spathulifolia,3,1
D,Vachellia Gerrardii,2.2,1
D,Euclea Divinorum,2.8,4
D,Terminalia Prunioides,4,3
D,Peltophorum Africanum,1,6
D,Combretum Imberbe,6,1
D,Pappea Capensis,1.2,1
D,Fluegga Virosa,1.6,3
D,Fluegga Virosa,1.6,2
D,Fluegga Virosa,1.6,4
D,Peltophorum Africanum,2,1
D,Fluegga Virosa,3,7
D,Ziziphus Mucronata,4,2
D,Pappea Capensis,1.5,3
D,Maclura Africana,2,1
D,Zanthoxylum Capense,1.2,1
D,Combretum Imberbe,2,1
D,Peltophorum Africanum,4.5,1
D,Gardenia Spathulifolia,1.3,2
D,Peltophorum Africanum,1.5,7
D,Terminalia Prunioides,4,4
D,Combretum Hereroense,0.25,5
D,Combretum Apiculatum,0.25,2
D,Vachellia Gerrardii,0.2,3
D,Combretum Hereroense,0.5,2
D,Combretum Zeyheri,0.4,2
D,Vachellia Gerrardii,0.65,6
D,Vachellia Gerrardii,0.7,7
D,Vachellia Nilotica,0.45,6
D,Colophospermum Mopane,1,3
D,Ziziphus Mucronata,0.3,2
D,Ziziphus Mucronata,0.81,1
D,Pappea Capensis,1,3
D,Ormocarpum Trichocarpum,0.7,4
D,Vangueria Randii,0.45,7
D,Gymnosporia Senegalensis,0.7,3
D,Ormocarpum Trichocarpum,0.6,5
D,Colophospermum Mopane,0.3,1
D,Combretum Apiculatum,0.4,1
D,Vachellia Karroo,0.8,2
D,Ormocarpum Trichocarpum,1,6
D,Ozoroa Insignis,0.5,3
D,Combretum Hereroense,0.6,4
D,Combretum Apiculatum,0.85,5
D,Combretum Hereroense,0.8,3
D,Gardenia Spathulifolia,0.2,3
D,Diplorhynchus Condylocarpon,0.75,10
D,Ormocarpum Trichocarpum,0.3,2
D,Peltophorum Africanum,0.9,4
D,Terminalia Prunioides,0.3,3
D,Carissa Bispinosa,0.25,15
D,Combretum Hereroense,0.6,5
D,Ormocarpum Trichocarpum,0.6,3
D,Ormocarpum Trichocarpum,0.5,3
D,Combretum Hereroense,0.2,2
D,Vachellia Gerrardii,0.25,3
D,Vachellia Nilotica,0.25,2
D,Grewia Decomovulata,0.5,2
D,Combretum Hereroense,0.2,4
D,Ormocarpum Trichocarpum,0.3,3
D,Ormocarpum Trichocarpum,0.15,1
D,Dichrostachys Cinerea,0.9,4
D,Dichrostachys Cinerea,0.7,4
D,Combretum Hereroense,0.3,3
D,Colophospermum Mopane,0.7,1
E,Dichrostachys Cinerea,4.5,2
E,Ziziphus Mucronata,3,1
E,Ormocarpum Trichocarpum,1,1
E,Gymnosporia Senegalensis,1,3
E,Gymnosporia Senegalensis,1,1
E,Euclea Divinorum,4,4
E,Euclea Divinorum,4,2
E,Dichrostachys Cinerea,4.8,7
E,Dichrostachys Cinerea,4.8,3
E,Dichrostachys Cinerea,4.8,4
E,Dichrostachys Cinerea,4.8,2
E,Combretum Apiculatum,2.6,1
E,Euclea Divinorum,2.5,3
E,Fluegga Virosa,2,3
E,Fluegga Virosa,2,9
E,Fluegga Virosa,2,7
E,Dichrostachys Cinerea,4,3
E,Dichrostachys Cinerea,4,1
E,Fluegga Virosa,2,8
E,Dichrostachys Cinerea,5,2
E,Dichrostachys Cinerea,5,3
E,Dichrostachys Cinerea,5,5
E,Fluegga Virosa,2,4
E,Euclea Divinorum,2,2
E,Dichrostachys Cinerea,4,2
E,Combretum Apiculatum,5.5,1
E,Combretum Apiculatum,5.5,2
E,Combretum Apiculatum,3,1
E,Combretum Apiculatum,1.5,1
E,Combretum Apiculatum,1,11
E,Combretum Apiculatum,2,2
E,Peltophorum Africanum,2.4,2
E,Combretum Apiculatum,1.5,3
E,Combretum Apiculatum,3,2
E,Vachellia Gerrardii,1.4,1
E,Dichrostachys Cinerea,3,1
E,Vachellia Gerrardii,3.5,1
E,Combretum Apiculatum,4,1
E,Dichrostachys Cinerea,3,2
E,Peltophorum Africanum,1,14
E,Peltophorum Africanum,1,19
E,Peltophorum Africanum,1,5
E,Grewia Decomovulata,1.7,9
E,Grewia Decomovulata,1.7,4
E,Combretum Apiculatum,3.4,3
E,Albizia Harveyi,2,3
E,Vachellia Gerrardii,3,1
E,Vachellia Gerrardii,2,1
E,Combretum Apiculatum,2,1
E,Ziziphus Mucronata,1.5,1
E,Peltophorum Africanum,3,1
E,Combretum Apiculatum,3.5,1
E,Combretum Apiculatum,3.5,2
E,Peltophorum Africanum,1,4
E,Peltophorum Africanum,1,7
E,Gymnosporia Senegalensis,1.7,1
E,Euclea Divinorum,3.4,1
E,Euclea Divinorum,3.4,10
E,Vachellia Gerrardii,2.7,1
E,Fluegga Virosa,1.7,2
E,Fluegga Virosa,1.7,3
E,Combretum Apiculatum,3,3
E,Combretum Hereroense,4,1
E,Dichrostachys Cinerea,4,4
E,Gymnosporia Senegalensis,2.4,1
E,Gymnosporia Senegalensis,1,2
E,Combretum Hereroense,5.8,3
E,Tarchonanthus Camphoratus,2,7
E,Dichrostachys Cinerea,3.5,2
E,Dichrostachys Cinerea,4.5,3
E,Dichrostachys Cinerea,4.5,5
E,Dichrostachys Cinerea,4.5,4
E,Gymnosporia Senegalensis,3,1
E,Allophylus Africanus,3,1
E,Allophylus Africanus,3,3
E,Fluegga Virosa,2.5,9
E,Fluegga Virosa,2.5,12
E,Ziziphus Mucronata,2,1
E,Combretum Mossambicense,2,2
E,Combretum Mossambicense,3.5,1
E,Combretum Mossambicense,2,1
E,Combretum Mossambicense,3,2
E,Dichrostachys Cinerea,5,1
E,Fluegga Virosa,3.4,1
E,Allophylus Africanus,3,6
E,Fluegga Virosa,2.3,4
E,Boscia Angustifolia,0.5,6
E,Combretum Mossambicense,0.5,2
E,Boscia Angustifolia,0.4,3
E,Euclea Divinorum,0.15,3
E,Euclea Divinorum,0.15,1
E,Euclea Divinorum,0.3,1
E,Grewia Monticola,0.35,6
E,Dichrostachys Cinerea,0.4,5
E,Dichrostachys Cinerea,0.4,4
E,Boscia Angustifolia,0.25,4
E,Euclea Divinorum,0.25,3
E,Boscia Angustifolia,0.3,5
E,Ormocarpum Trichocarpum,0.3,1
E,Ormocarpum Trichocarpum,0.25,1
E,Euclea Divinorum,0.9,3
E,Ziziphus Mucronata,0.35,4
E,Dichrostachys Cinerea,0.6,3
E,Dichrostachys Cinerea,0.3,1
E,Dichrostachys Cinerea,0.15,1
E,Grewia Decomovulata,0.8,8
E,Ormocarpum Trichocarpum,0.5,2
E,Ormocarpum Trichocarpum,0.6,2
E,Ziziphus Mucronata,0.8,4
E,Steganotaenia Araliacea,0.5,1
E,Boscia Angustifolia,0.15,5
E,Boscia Angustifolia,0.3,8
E,Grewia Decomovulata,0.7,6
E,Boscia Angustifolia,0.5,5
E,Boscia Angustifolia,0.4,8
E,Allophylus Africanus,0.68,8
E,Boscia Angustifolia,0.4,6
E,Boscia Angustifolia,0.35,4
E,Grewia Monticola,0.3,6
E,Albizia Harveyi,0.3,1
E,Albizia Harveyi,0.2,6
E,Euclea Divinorum,0.7,3
E,Combretum Hereroense,0.8,2
E,Dichrostachys Cinerea,0.8,2
E,Cassia Abbreviata,0.25,1
E,Dichrostachys Cinerea,0.6,5
E,Boscia Angustifolia,0.2,4
E,Boscia Angustifolia,0.2,1
E,Boscia Angustifolia,0.2,7
E,Euclea Divinorum,0.35,3
E,Ziziphus Mucronata,0.3,3
E,Ziziphus Mucronata,0.5,2
E,Zanthoxylum Capense,0.3,4
E,Euclea Divinorum,0.35,2
E,Grewia Decomovulata,0.3,7
E,Combretum Mossambicense,0.55,10
E,Combretum Mossambicense,0.55,8
E,Euclea Divinorum,0.2,1
E,Euclea Divinorum,0.2,2
E,Combretum Apiculatum,0.8,2
E,Allophylus Africanus,0.7,2
E,Euclea Divinorum,0.25,2
E,Dichrostachys Cinerea,0.3,3
E,Dichrostachys Cinerea,0.3,2
E,Dichrostachys Cinerea,0.3,4
E,Combretum Mossambicense,0.3,3
E,Combretum Mossambicense,0.3,4
E,Pappea Capensis,0.3,10
E,Combretum Apiculatum,0.3,4
E,Fluegga Virosa,0.6,5
E,Vachellia Gerrardii,0.25,5
E,Dichrostachys Cinerea,0.5,4
E,Diospyros Lycioides,0.3,1
E,Dichrostachys Cinerea,0.3,5
E,Vachellia Gerrardii,0.8,7
E,Dichrostachys Cinerea,0.25,3
E,Dichrostachys Cinerea,0.3,10
E,Dichrostachys Cinerea,0.25,2
E,Vachellia Gerrardii,0.3,7
E,Gymnosporia Senegalensis,0.6,3
E,Gymnosporia Senegalensis,0.6,10
E,Combretum Apiculatum,0.3,3
E,Peltophorum Africanum,0.8,7
E,Dichrostachys Cinerea,0.5,3
E,Combretum Apiculatum,0.6,1
E,Euclea Divinorum,0.3,3
E,Vachellia Nilotica,0.35,3
E,Albizia Harveyi,0.5,2
E,Grewia Decomovulata,0.3,8
E,Combretum Apiculatum,0.4,4
E,Commiphora Africana,0.5,5
E,Combretum Apiculatum,0.7,5
E,Ormocarpum Trichocarpum,0.25,2
E,Peltophorum Africanum,0.8,3
E,Ziziphus Mucronata,0.8,5
E,Dalbergia Nitidula,0.6,3
E,Combretum Apiculatum,0.3,2
E,Euclea Divinorum,0.6,4
E,Boscia Angustifolia,0.2,3
E,Gymnosporia Senegalensis,0.35,12
E,Gymnosporia Senegalensis,0.35,1
E,Gymnosporia Senegalensis,0.8,8
E,Euclea Divinorum,0.5,3
E,Ziziphus Mucronata,0.3,5
E,Fluegga Virosa,0.25,5
E,Dichrostachys Cinerea,0.5,1
E,Dichrostachys Cinerea,0.2,2
E,Vachellia Gerrardii,0.3,3
E,Grewia Monticola,0.5,5
E,Ormocarpum Trichocarpum,0.4,3
E,Ormocarpum Trichocarpum,0.3,5
E,Commiphora Africana,0.25,5
E,Albizia Harveyi,0.15,1
E,Gymnosporia Senegalensis,0.8,1
E,Gymnosporia Senegalensis,0.8,5
E,Ormocarpum Trichocarpum,0.4,1
E,Ormocarpum Trichocarpum,0.4,2
E,Ormocarpum Trichocarpum,0.35,2
E,Combretum Hereroense,0.25,6
E,Vachellia Gerrardii,0.4,15
E,Combretum Apiculatum,0.3,5
E,Peltophorum Africanum,0.7,3
E,Peltophorum Africanum,0.25,5
E,Ormocarpum Trichocarpum,0.2,2
E,Vachellia Gerrardii,0.3,10
E,Pappea Capensis,0.5,3
E,Dichrostachys Cinerea,0.4,1
E,Dichrostachys Cinerea,0.4,3
E,Dichrostachys Cinerea,0.5,5
E,Ormocarpum Trichocarpum,0.4,6
E,Ormocarpum Trichocarpum,0.4,4
E,Ormocarpum Trichocarpum,0.6,1
E,Combretum Hereroense,0.5,4
E,Combretum Apiculatum,0.6,4
E,Combretum Apiculatum,0.6,7
E,Combretum Apiculatum,0.6,3
E,Albizia Harveyi,0.6,3
E,Gymnosporia Senegalensis,0.3,1
E,Fluegga Virosa,0.6,1
E,Fluegga Virosa,0.6,2
E,Gymnosporia Senegalensis,0.25,8
E,Gymnosporia Senegalensis,0.8,4
E,Combretum Apiculatum,0.4,2
E,Dichrostachys Cinerea,0.4,2
E,Dichrostachys Cinerea,0.8,5
E,Dichrostachys Cinerea,0.8,6
E,Combretum Hereroense,0.3,4
E,Combretum Hereroense,4.5,1
E,Dichrostachys Cinerea,1,1
E,Terminalia Prunioides,4.3,1
E,Combretum Apiculatum,1.5,2
E,Dichrostachys Cinerea,3.4,4
E,Vachellia Gerrardii,1.2,1
E,Peltophorum Africanum,1,2
E,Dichrostachys Cinerea,2,11
E,Peltophorum Africanum,2.5,1
E,Gymnosporia Senegalensis,2,1
E,Dichrostachys Cinerea,2.5,2
E,Terminalia Prunioides,1.5,1
E,Terminalia Prunioides,3.5,4
E,Peltophorum Africanum,1.5,7
E,Peltophorum Africanum,1.5,8
E,Peltophorum Africanum,1.5,9
E,Peltophorum Africanum,1.5,6
E,Peltophorum Africanum,1.5,4
E,Ziziphus Mucronata,1.9,1
E,Euclea Divinorum,3,1
E,Combretum Apiculatum,1,3
E,Combretum Apiculatum,3,4
E,Dichrostachys Cinerea,1.9,1
E,Peltophorum Africanum,1.5,5
E,Euclea Divinorum,1.7,2
E,Combretum Hereroense,4.2,1
E,Allophylus Africanus,2.5,4
E,Dichrostachys Cinerea,4,7
E,Dichrostachys Cinerea,1,3
E,Vachellia Gerrardii,2,3
E,Terminalia Sericea,3,1
E,Dichrostachys Cinerea,2,3
E,Dichrostachys Cinerea,2,2
E,Combretum Apiculatum,1.7,1
E,Terminalia Sericea,2.5,1
E,Peltophorum Africanum,2.5,5
E,Peltophorum Africanum,2.5,2
E,Peltophorum Africanum,2.5,4
E,Allophylus Africanus,1.7,4
E,Combretum Apiculatum,3.8,1
E,Dichrostachys Cinerea,3,12
E,Dichrostachys Cinerea,3,8
E,Dichrostachys Cinerea,2,5
E,Combretum Apiculatum,2.5,2
E,Combretum Apiculatum,2.5,1
E,Fluegga Virosa,2.7,7
E,Peltophorum Africanum,2,1
E,Terminalia Prunioides,4.8,1
E,Dichrostachys Cinerea,6,7
E,Peltophorum Africanum,1.7,14
E,Combretum Hereroense,1.5,4
E,Combretum Apiculatum,1.5,4
E,Combretum Apiculatum,1.7,2
E,Combretum Hereroense,1.7,7
E,Allophylus Africanus,2,5
E,Dichrostachys Cinerea,2.8,4
E,Dichrostachys Cinerea,2.8,5
E,Dichrostachys Cinerea,2.8,7
E,Dichrostachys Cinerea,3.4,3
E,Peltophorum Africanum,1.8,2
E,Dichrostachys Cinerea,2.3,1
E,Dichrostachys Cinerea,2.3,4
E,Dichrostachys Cinerea,2.3,3
E,Dichrostachys Cinerea,2.3,2
E,Combretum Apiculatum,3.4,1
E,Peltophorum Africanum,1.9,3
E,Combretum Hereroense,1,3
E,Combretum Apiculatum,4.5,1
E,Dichrostachys Cinerea,1.2,2
E,Dichrostachys Cinerea,1.2,3
E,Peltophorum Africanum,1.6,6
E,Combretum Hereroense,1,2
E,Combretum Apiculatum,5,1
E,Terminalia Sericea,2.1,1
E,Dichrostachys Cinerea,3,4
E,Combretum Apiculatum,5,2
E,Combretum Apiculatum,3.3,3
E,Terminalia Sericea,4.5,1
E,Terminalia Sericea,2.8,2
E,Terminalia Prunioides,4,1
E,Peltophorum Africanum,3.7,3
E,Dichrostachys Cinerea,2.2,7
E,Dichrostachys Cinerea,2.2,5
E,Dichrostachys Cinerea,2.2,1
E,Peltophorum Africanum,2.4,3
E,Dichrostachys Cinerea,0.8,4
E,Vachellia Nilotica,0.6,3
E,Ormocarpum Trichocarpum,0.7,4
E,Ormocarpum Trichocarpum,0.2,3
E,Ormocarpum Trichocarpum,0.2,1
E,Vachellia Nilotica,0.3,4
E,Ormocarpum Trichocarpum,0.5,5
E,Ormocarpum Trichocarpum,0.5,3
E,Gymnosporia Senegalensis,0.3,9
E,Ximenia Caffra,0.8,8
E,Gymnosporia Senegalensis,0.3,6
E,Combretum Hereroense,0.3,5
E,Dichrostachys Cinerea,0.4,6
E,Combretum Hereroense,0.25,10
E,Dichrostachys Cinerea,0.2,9
E,Combretum Hereroense,0.3,8
E,Combretum Apiculatum,0.6,5
E,Peltophorum Africanum,0.3,3
E,Dalbergia Melanoxylon,0.5,3
E,Vachellia Gerrardii,0.5,7
E,Combretum Hereroense,0.2,5
E,Gardenia Spathulifolia,0.6,6
E,Peltophorum Africanum,0.5,6
E,Peltophorum Africanum,0.7,9
E,Euclea Divinorum,0.2,6
E,Vachellia Gerrardii,0.6,5
E,Diospyros Lycioides,0.8,2
E,Diospyros Lycioides,0.15,1
E,Combretum Hereroense,0.3,3
E,Grewia Monticola,0.3,2
E,Combretum Hereroense,0.25,2
E,Combretum Hereroense,0.25,4
E,Combretum Apiculatum,0.5,2
E,Grewia Monticola,0.3,3
E,Grewia Monticola,0.3,5
E,Dichrostachys Cinerea,0.7,3
E,Ormocarpum Trichocarpum,0.3,3
E,Ormocarpum Trichocarpum,0.3,6
E,Dichrostachys Cinerea,0.3,6
E,Combretum Hereroense,0.5,7
E,Combretum Apiculatum,0.25,10
E,Combretum Hereroense,0.8,5
E,Grewia Monticola,0.25,3
E,Dichrostachys Cinerea,0.5,6
E,Combretum Apiculatum,0.15,2
E,Vachellia Gerrardii,0.5,1
E,Dichrostachys Cinerea,0.6,7
E,Dichrostachys Cinerea,0.8,10
E,Combretum Hereroense,0.4,4
E,Combretum Hereroense,0.4,2
E,Combretum Hereroense,0.4,6
E,Combretum Hereroense,0.5,5
E,Combretum Hereroense,0.5,6
E,Colophospermum Mopane,0.4,3
E,Dichrostachys Cinerea,0.6,2
E,Ormocarpum Trichocarpum,0.15,2
E,Dichrostachys Cinerea,0.35,3
E,Grewia Decomovulata,0.3,5
E,Combretum Hereroense,0.3,12
E,Vachellia Nilotica,0.7,7
E,Combretum Hereroense,0.6,8
E,Grewia Monticola,0.8,1
E,Combretum Apiculatum,0.2,3
E,Dichrostachys Cinerea,0.5,2
E,Dichrostachys Cinerea,0.8,8
E,Combretum Apiculatum,0.3,6
E,Grewia Decomovulata,0.3,2
E,Combretum Apiculatum,0.3,1
E,Combretum Apiculatum,0.15,3
E,Vachellia Gerrardii,0.8,6
E,Peltophorum Africanum,0.25,4
E,Terminalia Prunioides,0.15,1
E,Terminalia Prunioides,0.2,2
E,Euclea Divinorum,0.3,5
E,Albizia Harveyi,0.7,4
E,Dichrostachys Cinerea,0.3,7
E,Gardenia Spathulifolia,0.2,5
E,Combretum Hereroense,0.3,7
E,Ormocarpum Trichocarpum,0.31,1
E,Ormocarpum Trichocarpum,0.31,7
E,Peltophorum Africanum,0.3,8
E,Peltophorum Africanum,0.6,7
E,Vachellia Nilotica,0.3,1
E,Ormocarpum Trichocarpum,0.25,4
E,Combretum Hereroense,0.8,3
E,Colophospermum Mopane,0.5,4
E,Gardenia Spathulifolia,0.6,4
E,Gardenia Spathulifolia,0.6,7
E,Combretum Hereroense,0.4,5
E,Terminalia Prunioides,0.9,4
E,Vachellia Gerrardii,0.25,4
E,Vachellia Gerrardii,0.3,12
E,Vachellia Gerrardii,0.8,5
E,Peltophorum Africanum,0.5,4
E,Allophylus Africanus,0.6,3
E,Vachellia Gerrardii,0.4,10
E,Vachellia Gerrardii,0.4,14
E,Combretum Hereroense,0.15,7
E,Albizia Harveyi,0.2,1
E,Peltophorum Africanum,0.25,3
E,Ormocarpum Trichocarpum,0.6,3
E,Vachellia Gerrardii,0.3,8
E,Peltophorum Africanum,0.4,6
E,Cassia Abbreviata,0.3,2
E,Euclea Divinorum,0.6,1
E,Ziziphus Mucronata,0.35,3
E,Vachellia Gerrardii,0.3,6
E,Vachellia Gerrardii,0.3,11
E,Vachellia Gerrardii,0.3,9
E,Vachellia Gerrardii,0.3,2
E,Ormocarpum Trichocarpum,0.4,7
E,Combretum Hereroense,0.3,2
E,Combretum Apiculatum,0.45,2
E,Albizia Harveyi,0.3,2
E,Combretum Hereroense,0.3,1
E,Terminalia Sericea,0.3,10
E,Combretum Hereroense,0.5,3
E,Dichrostachys Cinerea,0.8,7
E,Ormocarpum Trichocarpum,0.8,3
E,Vachellia Gerrardii,0.9,18
E,Vachellia Gerrardii,0.4,6
E,Vachellia Gerrardii,0.3,5
E,Dichrostachys Cinerea,0.35,5
E,Ziziphus Mucronata,0.7,3
E,Ziziphus Mucronata,0.4,5
E,Ziziphus Mucronata,0.2,2
E,Vachellia Gerrardii,0.5,12
E,Terminalia Sericea,0.5,3
E,Terminalia Prunioides,0.6,2
E,Colophospermum Mopane,0.3,5
E,Gardenia Spathulifolia,0.3,15
E,Vachellia Gerrardii,0.45,15
E,Vachellia Gerrardii,0.4,3
E,Vachellia Gerrardii,0.4,8
E,Combretum Hereroense,0.3,6
E,Combretum Hereroense,0.8,1
E,Vachellia Gerrardii,0.6,7
E,Peltophorum Africanum,0.3,4
E,Maclura Africana,2.5,1
E,Dichrostachys Cinerea,5,6
E,Grewia Decomovulata,2,4
E,Ziziphus Mucronata,1.2,1
E,Allophylus Africanus,2.3,3
E,Fluegga Virosa,2.5,15
E,Fluegga Virosa,2.5,14
E,Allophylus Africanus,3,4
E,Fluegga Virosa,2.5,3
E,Fluegga Virosa,3,9
E,Fluegga Virosa,3,2
E,Fluegga Virosa,1.5,2
E,Fluegga Virosa,1.9,3
E,Vachellia Nilotica,3,1
E,Euclea Divinorum,2.5,1
E,Fluegga Virosa,4,7
E,Dichrostachys Cinerea,2.5,1
E,Vachellia Nilotica,1,1
E,Fluegga Virosa,2.5,5
E,Fluegga Virosa,2.5,16
E,Euclea Divinorum,3,6
E,Fluegga Virosa,2,6
E,Fluegga Virosa,2,1
E,Fluegga Virosa,2,5
E,Euclea Divinorum,2,1
E,Dichrostachys Cinerea,3.5,1
E,Gymnosporia Senegalensis,1.5,4
E,Ziziphus Mucronata,1.5,2
E,Combretum Apiculatum,1,1
E,Euclea Divinorum,3.5,3
E,Combretum Apiculatum,2,3
E,Combretum Apiculatum,4,2
E,Dichrostachys Cinerea,4.5,1
E,Peltophorum Africanum,1,3
E,Combretum Apiculatum,5.8,1
E,Dichrostachys Cinerea,3.5,3
E,Dichrostachys Cinerea,3.5,4
E,Dichrostachys Cinerea,1.5,1
E,Fluegga Virosa,2,2
E,Allophylus Africanus,3,7
E,Combretum Mossambicense,1.5,2
E,Peltophorum Africanum,2.5,11
E,Combretum Hereroense,2.3,1
E,Fluegga Virosa,2.5,1
E,Ziziphus Mucronata,2,3
E,Combretum Apiculatum,1.8,2
E,Combretum Apiculatum,1.8,1
E,Gymnosporia Senegalensis,2.5,1
E,Pappea Capensis,1.5,7
E,Ziziphus Mucronata,3,2
E,Dichrostachys Cinerea,2,1
E,Vachellia Nilotica,3.3,1
E,Vachellia Nilotica,1.5,1
E,Dichrostachys Cinerea,5.5,4
E,Dichrostachys Cinerea,5.5,3
E,Fluegga Virosa,3,4
E,Dichrostachys Cinerea,5.5,2
E,Dichrostachys Cinerea,5.5,1
E,Fluegga Virosa,2.5,7
E,Fluegga Virosa,2.5,4
E,Combretum Apiculatum,1.1,1
E,Gymnosporia Senegalensis,2,2
E,Fluegga Virosa,3.3,11
E,Dichrostachys Cinerea,0.35,4
E,Dichrostachys Cinerea,0.6,8
E,Dichrostachys Cinerea,0.5,10
E,Gymnosporia Senegalensis,0.3,8
E,Ormocarpum Trichocarpum,0.3,4
E,Ormocarpum Trichocarpum,0.1,4
E,Dichrostachys Cinerea,0.2,3
E,Boscia Angustifolia,1,2
E,Zanthoxylum Capense,0.3,3
E,Maclura Africana,1,9
E,Maclura Africana,0.1,2
E,Vachellia Nilotica,0.3,2
E,Maclura Africana,0.3,3
E,Dichrostachys Cinerea,0.25,1
E,Albizia Harveyi,1,2
E,Dichrostachys Cinerea,0.7,5
E,Zanthoxylum Capense,0.4,1
E,Dichrostachys Cinerea,0.25,6
E,Euclea Divinorum,0.24,2
E,Combretum Mossambicense,0.3,6
E,Euclea Divinorum,0.15,2
E,Zanthoxylum Capense,0.4,3
E,Maclura Africana,0.3,10
E,Grewia Decomovulata,0.9,1
E,Vachellia Nilotica,0.4,5
E,Grewia Monticola,0.6,5
E,Boscia Angustifolia,0.1,4
E,Dichrostachys Cinerea,0.3,15
E,Grewia Monticola,0.6,11
E,Combretum Mossambicense,0.3,2
E,Euclea Divinorum,0.28,1
E,Ziziphus Mucronata,0.3,4
E,Combretum Apiculatum,0.6,2
E,Gardenia Spathulifolia,0.4,6
E,Dichrostachys Cinerea,0.15,2
E,Dichrostachys Cinerea,0.15,6
E,Gymnosporia Senegalensis,0.6,2
E,Combretum Mossambicense,0.27,4
E,Dichrostachys Cinerea,0.15,5
E,Combretum Apiculatum,0.6,8
E,Ormocarpum Trichocarpum,0.8,4
E,Euclea Divinorum,0.3,2
E,Vachellia Gerrardii,0.4,9
E,Fluegga Virosa,0.8,10
E,Boscia Angustifolia,1,6
E,Gardenia Spathulifolia,0.25,10
E,Maclura Africana,0.3,5
E,Maclura Africana,0.3,12
E,Maclura Africana,0.3,15
E,Dichrostachys Cinerea,0.15,3
E,Boscia Angustifolia,0.05,5
E,Commiphora Africana,0.3,4
E,Euclea Divinorum,0.2,3
E,Boscia Angustifolia,0.5,9
E,Boscia Angustifolia,0.2,5
E,Boscia Angustifolia,0.2,6
E,Dichrostachys Cinerea,0.6,1
E,Combretum Apiculatum,0.4,6
E,Combretum Mossambicense,0.25,4
E,Dichrostachys Cinerea,0.25,5
E,Dichrostachys Cinerea,0.2,7
E,Boscia Angustifolia,0.25,6
E,Commiphora Africana,0.3,2
E,Dichrostachys Cinerea,0.5,13
E,Boscia Angustifolia,0.8,6
E,Grewia Decomovulata,0.6,7
E,Euclea Divinorum,0.6,2
E,Ziziphus Mucronata,0.6,3
E,Euclea Divinorum,0.4,2
E,Ormocarpum Trichocarpum,0.7,2
E,Dalbergia Nitidula,0.4,2
E,Albizia Harveyi,0.5,5
E,Grewia Monticola,0.25,8
E,Pappea Capensis,0.7,5
E,Gardenia Spathulifolia,0.3,10
E,Boscia Angustifolia,0.7,3
E,Ziziphus Mucronata,0.35,1
E,Combretum Apiculatum,0.5,3
E,Ziziphus Mucronata,0.5,4
E,Ziziphus Mucronata,0.5,5
E,Grewia Decomovulata,0.6,1
E,Ormocarpum Trichocarpum,0.3,2
E,Fluegga Virosa,0.3,5
E,Vachellia Nilotica,0.8,9
E,Combretum Mossambicense,0.6,3
E,Grewia Decomovulata,0.8,4
E,Combretum Apiculatum,0.3,7
E,Dichrostachys Cinerea,0.8,3
E,Dichrostachys Cinerea,0.5,8
E,Dichrostachys Cinerea,0.2,5
E,Combretum Mossambicense,1,4
E,Commiphora Africana,0.6,2
E,Combretum Mossambicense,0.5,6
E,Ormocarpum Trichocarpum,0.8,2
E,Grewia Decomovulata,0.5,3
E,Dichrostachys Cinerea,0.2,4
E,Grewia Monticola,0.4,3
E,Albizia Harveyi,0.8,4
E,Grewia Monticola,0.8,3
E,Grewia Monticola,0.7,3
E,Vachellia Nilotica,0.6,8
E,Ormocarpum Trichocarpum,0.8,6
E,Ziziphus Mucronata,0.6,2
E,Ziziphus Mucronata,0.3,1
E,Vachellia Gerrardii,0.4,4
E,Commiphora Africana,0.7,5
E,Maclura Africana,0.2,7
E,Ziziphus Mucronata,0.6,5
E,Grewia Monticola,0.6,9
E,Boscia Angustifolia,0.3,2
E,Vachellia Gerrardii,0.5,2
E,Peltophorum Africanum,0.8,16
E,Grewia Decomovulata,0.7,18
E,Albizia Harveyi,0.6,9
E,Dichrostachys Cinerea,0.35,8
E,Combretum Apiculatum,0.4,3
E,Combretum Hereroense,0.6,3
E,Boscia Angustifolia,0.5,7
E,Ormocarpum Trichocarpum,0.6,5
E,Grewia Monticola,0.3,1
E,Gardenia Spathulifolia,0.3,9
E,Combretum Apiculatum,0.3,8
E,Fluegga Virosa,0.8,9
E,Combretum Mossambicense,0.6,1
E,Vachellia Nilotica,0.5,4
E,Dichrostachys Cinerea,0.8,1
E,Grewia Monticola,0.8,4
E,Albizia Harveyi,0.6,7
E,Albizia Harveyi,0.4,3
E,Albizia Harveyi,0.3,4
E,Albizia Harveyi,0.7,1
E,Ziziphus Mucronata,0.3,2
E,Dichrostachys Cinerea,0.35,2
E,Albizia Harveyi,0.5,1
E,Peltophorum Africanum,0.3,2
E,Albizia Harveyi,0.7,2
E,Combretum Apiculatum,0.8,11
E,Ziziphus Mucronata,0.8,3
E,Grewia Monticola,0.4,5
E,Dichrostachys Cinerea,0.1,2
E,Grewia Decomovulata,0.3,6
E,Steganotaenia Araliacea,0.3,1
E,Ormocarpum Trichocarpum,0.7,1
E,Fluegga Virosa,0.4,3
E,Albizia Harveyi,0.5,3
E,Grewia Decomovulata,0.5,1
E,Grewia Monticola,0.6,4
E,Dichrostachys Cinerea,1,2
E,Diospyros Lycioides,1,2
E,Terminalia Sericea,2,1
E,Dichrostachys Cinerea,3,3
E,Combretum Apiculatum,2.5,3
E,Allophylus Africanus,2.4,4
E,Combretum Apiculatum,4,4
E,Combretum Hereroense,1.5,1
E,Peltophorum Africanum,3.8,1
E,Terminalia Sericea,2.5,2
E,Dichrostachys Cinerea,3.4,8
E,Combretum Zeyheri,2,3
E,Peltophorum Africanum,4.4,1
E,Peltophorum Africanum,3,2
E,Peltophorum Africanum,4,2
E,Peltophorum Africanum,4,1
E,Combretum Apiculatum,2.8,1
E,Dichrostachys Cinerea,1.3,2
E,Combretum Apiculatum,3.4,2
E,Combretum Hereroense,1.8,1
E,Dichrostachys Cinerea,3.5,6
E,Dichrostachys Cinerea,3.5,10
E,Dichrostachys Cinerea,4,8
E,Grewia Decomovulata,3,7
E,Grewia Decomovulata,3,15
E,Vachellia Gerrardii,5.8,1
E,Peltophorum Africanum,1,8
E,Vachellia Gerrardii,4.5,1
E,Combretum Apiculatum,4,3
E,Combretum Apiculatum,1.8,3
E,Grewia Monticola,1,6
E,Combretum Apiculatum,4.3,2
E,Combretum Apiculatum,4.3,1
E,Dichrostachys Cinerea,3.4,2
E,Dichrostachys Cinerea,3.4,1
E,Grewia Decomovulata,2.7,7
E,Grewia Decomovulata,2.7,3
E,Vachellia Gerrardii,1.5,1
E,Peltophorum Africanum,2,2
E,Combretum Apiculatum,4.8,1
E,Terminalia Prunioides,5,1
E,Euclea Divinorum,1.5,2
E,Dichrostachys Cinerea,3,6
E,Allophylus Africanus,1.5,9
E,Terminalia Sericea,1,1
E,Gymnosporia Senegalensis,2,7
E,Combretum Apiculatum,4,7
E,Combretum Apiculatum,1.5,9
E,Dichrostachys Cinerea,3.8,2
E,Dichrostachys Cinerea,1.2,7
E,Combretum Apiculatum,1,5
E,Combretum Apiculatum,1,4
E,Dichrostachys Cinerea,1.3,3
E,Dichrostachys Cinerea,1.3,4
E,Combretum Hereroense,1.4,2
E,Combretum Hereroense,1.4,3
E,Dichrostachys Cinerea,3,5
E,Terminalia Sericea,2,4
E,Dichrostachys Cinerea,1.5,2
E,Combretum Apiculatum,1.1,4
E,Dichrostachys Cinerea,1.5,4
E,Dichrostachys Cinerea,1.5,3
E,Combretum Apiculatum,2.5,4
E,Dichrostachys Cinerea,1.1,1
E,Combretum Apiculatum,2,5
E,Peltophorum Africanum,1.5,10
E,Ziziphus Mucronata,2.1,1
E,Grewia Monticola,3,2
E,Peltophorum Africanum,2,11
E,Peltophorum Africanum,1.1,7
E,Gymnosporia Senegalensis,1.3,19
E,Dichrostachys Cinerea,1.4,1
E,Dichrostachys Cinerea,1.4,5
E,Combretum Apiculatum,3.5,3
E,Fluegga Virosa,2,12
E,Dichrostachys Cinerea,3.3,5
E,Dichrostachys Cinerea,3.3,7
E,Dichrostachys Cinerea,3.3,6
E,Terminalia Prunioides,7.4,11
E,Combretum Apiculatum,2.4,1
E,Dichrostachys Cinerea,1.8,1
E,Dichrostachys Cinerea,2.1,6
E,Peltophorum Africanum,1.7,4
E,Dichrostachys Cinerea,0.3,5
E,Diospyros Lycioides,0.9,3
E,Ormocarpum Trichocarpum,0.15,1
E,Diospyros Lycioides,0.5,1
E,Diospyros Lycioides,0.8,1
E,Diospyros Lycioides,0.9,2
E,Combretum Apiculatum,0.8,6
E,Ormocarpum Trichocarpum,0.25,5
E,Albizia Harveyi,0.4,5
E,Dichrostachys Cinerea,0.9,2
E,Gymnosporia Senegalensis,0.8,2
E,Vachellia Nilotica,0.6,5
E,Combretum Hereroense,0.35,3
E,Combretum Hereroense,0.9,2
E,Albizia Harveyi,0.25,8
E,Vachellia Gerrardii,0.7,9
E,Dichrostachys Cinerea,0.7,1
E,Combretum Apiculatum,0.25,1
E,Ziziphus Mucronata,0.8,6
E,Combretum Hereroense,0.9,1
E,Albizia Harveyi,0.4,8
E,Albizia Harveyi,0.25,4
E,Combretum Hereroense,0.35,2
E,Commiphora Africana,0.3,8
E,Peltophorum Africanum,0.4,4
E,Dichrostachys Cinerea,0.45,9
E,Ormocarpum Trichocarpum,0.9,5
E,Ormocarpum Trichocarpum,0.1,1
E,Ormocarpum Trichocarpum,0.5,7
E,Combretum Apiculatum,0.5,4
E,Peltophorum Africanum,0.8,6
E,Combretum Hereroense,0.45,7
E,Grewia Monticola,0.8,7
E,Grewia Decomovulata,0.9,10
E,Vachellia Gerrardii,0.35,12
E,Vachellia Nilotica,0.5,8
E,Cassia Abbreviata,0.8,2
E,Combretum Hereroense,0.25,5
E,Albizia Harveyi,0.4,1
E,Peltophorum Africanum,0.8,12
E,Albizia Harveyi,0.6,4
E,Peltophorum Africanum,0.9,10
E,Combretum Hereroense,0.7,6
E,Grewia Decomovulata,0.25,4
E,Grewia Monticola,0.5,3
E,Combretum Apiculatum,0.5,6
E,Combretum Mossambicense,0.8,8
E,Colophospermum Mopane,0.75,4
E,Grewia Decomovulata,0.15,3
E,Dichrostachys Cinerea,0.6,4
E,Combretum Apiculatum,0.25,3
E,Albizia Harveyi,0.4,6
E,Albizia Harveyi,0.9,12
E,Vachellia Gerrardii,0.6,2
E,Ormocarpum Trichocarpum,0.25,3
E,Peltophorum Africanum,0.15,1
E,Vachellia Gerrardii,0.5,15
E,Gardenia Spathulifolia,0.25,12
E,Ormocarpum Trichocarpum,0.2,5
E,Grewia Monticola,0.5,6
E,Terminalia Sericea,0.7,5
E,Vachellia Gerrardii,0.6,8
E,Combretum Hereroense,0.45,2
E,Peltophorum Africanum,0.5,9
E,Combretum Hereroense,0.5,8
E,Vachellia Gerrardii,0.8,15
E,Vachellia Gerrardii,0.35,14
E,Ziziphus Mucronata,0.25,1
E,Gymnosporia Senegalensis,0.4,3
E,Combretum Hereroense,0.25,3
E,Lannea Discolor,0.05,1
E,Albizia Harveyi,0.9,10
E,Gymnosporia Senegalensis,0.15,10
E,Gymnosporia Senegalensis,0.15,4
E,Gymnosporia Senegalensis,0.15,2
E,Dichrostachys Cinerea,0.1,4
E,Ziziphus Mucronata,0.6,4
E,Commiphora Africana,0.8,4
E,Vachellia Gerrardii,0.35,8
E,Vachellia Gerrardii,0.35,10
E,Vachellia Gerrardii,0.35,1
E,Combretum Apiculatum,0.8,5
E,Vachellia Gerrardii,0.35,4
E,Colophospermum Mopane,0.6,2
E,Combretum Apiculatum,0.4,8
E,Allophylus Africanus,0.6,9
E,Combretum Hereroense,0.7,4
E,Ormocarpum Trichocarpum,0.15,3
E,Ormocarpum Trichocarpum,0.3,7
E,Peltophorum Africanum,0.8,4
E,Grewia Decomovulata,0.8,9
E,Dichrostachys Cinerea,0.35,6
E,Vachellia Gerrardii,0.6,4
E,Grewia Monticola,0.7,4
E,Euclea Divinorum,0.2,4
E,Albizia Harveyi,0.6,2
E,Combretum Hereroense,0.7,10
E,Combretum Hereroense,0.8,6
E,Fluegga Virosa,0.3,15
E,Vachellia Nilotica,0.45,3
E,Peltophorum Africanum,0.3,6
E,Vachellia Gerrardii,0.4,12
E,Vachellia Gerrardii,0.5,18
E,Ormocarpum Trichocarpum,0.15,4
E,Combretum Hereroense,0.15,4
E,Combretum Hereroense,0.2,6
E,Combretum Hereroense,0.2,8
E,Gardenia Spathulifolia,0.15,2
E,Combretum Hereroense,0.25,9
E,Combretum Hereroense,0.35,6
E,Euclea Divinorum,0.5,6
E,Terminalia Sericea,0.5,5
E,Dichrostachys Cinerea,0.25,4
E,Vachellia Gerrardii,0.15,6
E,Dichrostachys Cinerea,0.7,4
E,Vachellia Gerrardii,0.84,6
E,Ormocarpum Trichocarpum,0.25,6
E,Ormocarpum Trichocarpum,0.2,4
E,Boscia Angustifolia,0.7,5
E,Vachellia Gerrardii,0.2,12
E,Colophospermum Mopane,0.35,4
E,Euclea Divinorum,0.35,7
E,Vachellia Gerrardii,0.6,9
E,Vachellia Gerrardii,0.5,4
E,Vachellia Gerrardii,0.6,15
E,Ormocarpum Trichocarpum,0.35,4
E,Combretum Hereroense,0.6,2
E,Dichrostachys Cinerea,0.7,10
E,Ormocarpum Trichocarpum,0.2,6
E,Combretum Zeyheri,0.1,4
E,Vachellia Gerrardii,0.25,6
E,Ziziphus Mucronata,0.25,3
E,Vachellia Gerrardii,0.3,4
E,Ormocarpum Trichocarpum,0.35,8
E,Combretum Hereroense,0.7,2
E,Euclea Divinorum,2.8,2
E,Combretum Mossambicense,2,3
E,Vachellia Nilotica,3.7,1
E,Euclea Divinorum,3.4,3
E,Combretum Mossambicense,1.5,1
E,Tarchonanthus Camphoratus,1.5,1
E,Fluegga Virosa,1.8,4
E,Euclea Divinorum,3,2
E,Fluegga Virosa,2.7,9
E,Euclea Divinorum,2,4
E,Euclea Divinorum,2,3
E,Dichrostachys Cinerea,2,4
E,Fluegga Virosa,3,11
E,Fluegga Virosa,1.1,5
E,Fluegga Virosa,1.1,12
E,Euclea Divinorum,2.5,4
E,Combretum Mossambicense,1.1,5
E,Dichrostachys Cinerea,6,2
E,Vachellia Nilotica,5,1
E,Dichrostachys Cinerea,8,4
E,Dichrostachys Cinerea,2,7
E,Fluegga Virosa,3,3
E,Fluegga Virosa,3,6
E,Grewia Decomovulata,1.8,3
E,Euclea Divinorum,5,4
E,Euclea Divinorum,5,3
E,Allophylus Africanus,2,7
E,Vachellia Nilotica,1.3,1
E,Fluegga Virosa,1.3,1
E,Combretum Mossambicense,1.3,1
E,Euclea Divinorum,1.5,1
E,Dichrostachys Cinerea,5.4,2
E,Dichrostachys Cinerea,5.4,4
E,Allophylus Africanus,1.3,1
E,Euclea Divinorum,1.1,1
E,Combretum Apiculatum,2.3,1
E,Fluegga Virosa,3.5,2
E,Dichrostachys Cinerea,5.3,6
E,Dichrostachys Cinerea,5.3,1
E,Dichrostachys Cinerea,5.3,3
E,Combretum Mossambicense,1,1
E,Allophylus Africanus,1,1
E,Fluegga Virosa,1,1
E,Peltophorum Africanum,1.3,2
E,Fluegga Virosa,2.4,4
E,Fluegga Virosa,2.4,2
E,Fluegga Virosa,2.4,3
E,Gymnosporia Senegalensis,3,5
E,Euclea Divinorum,3.4,2
E,Dichrostachys Cinerea,4.8,6
E,Gymnosporia Senegalensis,4.5,1
E,Gymnosporia Senegalensis,1.5,1
E,Euclea Divinorum,1.8,1
E,Dichrostachys Cinerea,1.3,5
E,Fluegga Virosa,1,7
E,Maclura Africana,1,15
E,Fluegga Virosa,1,17
E,Fluegga Virosa,1,5
E,Fluegga Virosa,1,9
E,Fluegga Virosa,1.3,3
E,Vachellia Nilotica,3.4,1
E,Euclea Divinorum,5.5,1
E,Grewia Monticola,1.5,3
E,Fluegga Virosa,2.4,7
E,Combretum Mossambicense,1,2
E,Fluegga Virosa,2,10
E,Vachellia Nilotica,3.1,1
E,Dichrostachys Cinerea,6,1
E,Dichrostachys Cinerea,6,5
E,Gymnosporia Senegalensis,1.2,1
E,Vachellia Nilotica,4,1
E,Combretum Mossambicense,1.3,2
E,Fluegga Virosa,1.2,1
E,Allophylus Africanus,0.8,5
E,Combretum Mossambicense,0.6,7
E,Dichrostachys Cinerea,0.35,20
E,Commiphora Africana,0.4,6
E,Commiphora Africana,0.3,10
E,Combretum Mossambicense,0.4,7
E,Combretum Mossambicense,0.5,5
E,Combretum Mossambicense,0.3,7
E,Combretum Mossambicense,0.35,8
E,Combretum Mossambicense,0.3,8
E,Combretum Mossambicense,0.3,10
E,Combretum Mossambicense,0.3,5
E,Euclea Divinorum,0.4,3
E,Euclea Divinorum,0.5,7
E,Gymnosporia Senegalensis,0.3,2
E,Gymnosporia Senegalensis,0.8,6
E,Grewia Decomovulata,0.5,2
E,Dalbergia Nitidula,0.5,3
E,Combretum Mossambicense,0.35,5
E,Fluegga Virosa,0.6,6
E,Boscia Angustifolia,0.4,5
E,Fluegga Virosa,0.45,6
E,Combretum Mossambicense,0.6,2
E,Dichrostachys Cinerea,0.3,9
E,Euclea Divinorum,0.35,6
E,Fluegga Virosa,0.5,4
E,Fluegga Virosa,0.2,2
E,Combretum Mossambicense,0.45,3
E,Combretum Mossambicense,0.2,6
E,Combretum Mossambicense,0.2,7
E,Vachellia Nilotica,0.5,5
E,Grewia Monticola,0.3,8
E,Grewia Decomovulata,0.3,1
E,Grewia Monticola,0.6,12
E,Fluegga Virosa,0.3,4
E,Ziziphus Mucronata,0.9,6
E,Grewia Decomovulata,0.3,4
E,Combretum Mossambicense,0.8,5
E,Grewia Decomovulata,0.15,6
E,Vachellia Nilotica,0.3,7
E,Boscia Angustifolia,0.24,13
E,Dichrostachys Cinerea,0.3,8
E,Combretum Mossambicense,0.7,4
E,Dalbergia Nitidula,0.7,1
E,Fluegga Virosa,0.8,2
E,Grewia Decomovulata,0.6,6
E,Grewia Decomovulata,0.6,3
E,Allophylus Africanus,0.3,28
E,Fluegga Virosa,0.3,9
E,Combretum Mossambicense,0.35,4
E,Grewia Decomovulata,0.2,3
E,Euclea Divinorum,0.8,3
E,Dichrostachys Cinerea,0.1,3
E,Dichrostachys Cinerea,0.25,7
E,Dichrostachys Cinerea,0.3,11
E,Peltophorum Africanum,0.4,3
E,Grewia Decomovulata,0.6,2
E,Grewia Monticola,0.8,5
E,Euclea Divinorum,0.2,11
E,Vachellia Nilotica,0.6,6
E,Dichrostachys Cinerea,0.4,11
E,Dichrostachys Cinerea,0.2,12
E,Dichrostachys Cinerea,0.2,6
E,Dichrostachys Cinerea,0.2,10
E,Dichrostachys Cinerea,0.2,1
E,Vachellia Nilotica,0.25,3
E,Fluegga Virosa,0.8,6
E,Grewia Decomovulata,0.2,4
E,Grewia Monticola,0.8,6
E,Grewia Monticola,0.3,11
E,Grewia Monticola,0.25,6
E,Dichrostachys Cinerea,0.6,10
E,Commiphora Africana,0.5,2
E,Dichrostachys Cinerea,0.4,7
E,Dichrostachys Cinerea,0.35,10
E,Dichrostachys Cinerea,0.35,1
E,Combretum Mossambicense,0.8,1
E,Grewia Monticola,0.6,2
E,Vachellia Gerrardii,0.35,2
E,Albizia Harveyi,0.6,5
E,Albizia Harveyi,0.25,3
E,Combretum Apiculatum,0.6,6
E,Euclea Divinorum,0.05,1
E,Albizia Harveyi,0.35,7
E,Combretum Mossambicense,0.5,1
E,Combretum Apiculatum,0.25,2
E,Combretum Mossambicense,0.7,5
E,Combretum Mossambicense,0.8,3
E,Grewia Monticola,0.7,15
E,Allophylus Africanus,3.4,3
E,Dichrostachys Cinerea,4.5,6
E,Fluegga Virosa,2.7,10
E,Dichrostachys Cinerea,2.5,3
E,Dichrostachys Cinerea,5,4
E,Dichrostachys Cinerea,6,4
E,Dichrostachys Cinerea,6,6
E,Boscia Angustifolia,2,7
E,Fluegga Virosa,2.5,8
E,Fluegga Virosa,3.8,11
E,Fluegga Virosa,3.8,7
E,Dichrostachys Cinerea,4.1,5
E,Dichrostachys Cinerea,4.1,4
E,Dichrostachys Cinerea,4.1,3
E,Euclea Divinorum,1,1
E,Dichrostachys Cinerea,4.3,1
E,Dichrostachys Cinerea,4.3,4
E,Combretum Mossambicense,3,6
E,Vachellia Nilotica,2,1
E,Vachellia Nilotica,1,3
E,Vachellia Nilotica,6,2
E,Euclea Divinorum,1,2
E,Allophylus Africanus,3,5
E,Fluegga Virosa,1.3,2
E,Vachellia Nilotica,6,1
E,Euclea Divinorum,3,3
E,Fluegga Virosa,3,16
E,Fluegga Virosa,3,14
E,Allophylus Africanus,2.8,1
E,Euclea Divinorum,4,1
E,Tarchonanthus Camphoratus,1.5,2
E,Dombeya Rotundifolia,1.5,3
E,Dombeya Rotundifolia,1.5,1
E,Boscia Angustifolia,1,1
E,Ziziphus Mucronata,1,1
E,Fluegga Virosa,3.5,11
E,Fluegga Virosa,4,3
E,Fluegga Virosa,3,10
E,Fluegga Virosa,3,19
E,Euclea Divinorum,2.5,2
E,Euclea Divinorum,1.3,1
E,Fluegga Virosa,2.3,11
E,Diospyros Lycioides,1.1,1
E,Diospyros Lycioides,1.1,2
E,Dichrostachys Cinerea,6,3
E,Euclea Divinorum,2.3,3
E,Vachellia Nilotica,4.5,1
E,Dichrostachys Cinerea,1.8,2
E,Ziziphus Mucronata,2.7,1
E,Dichrostachys Cinerea,4.3,2
E,Gymnosporia Senegalensis,1.5,2
E,Vachellia Nilotica,3.4,10
E,Diospyros Lycioides,1.5,1
E,Fluegga Virosa,2.5,11
E,Vachellia Nilotica,4.7,1
E,Dichrostachys Cinerea,4.7,5
E,Fluegga Virosa,1,3
E,Fluegga Virosa,3,7
E,Commiphora Africana,0.15,2
E,Combretum Mossambicense,0.7,3
E,Combretum Mossambicense,0.7,11
E,Combretum Mossambicense,0.7,9
E,Dichrostachys Cinerea,0.3,13
E,Vachellia Nilotica,0.3,6
E,Grewia Monticola,0.7,5
E,Vachellia Gerrardii,0.5,10
E,Allophylus Africanus,0.7,3
E,Vachellia Nilotica,0.7,6
E,Gymnosporia Senegalensis,0.6,4
E,Ziziphus Mucronata,0.5,14
E,Ziziphus Mucronata,0.6,7
E,Zanthoxylum Capense,0.2,1
E,Dombeya Rotundifolia,0.5,1
E,Dombeya Rotundifolia,0.5,7
E,Combretum Zeyheri,0.6,3
E,Euclea Divinorum,0.7,1
E,Combretum Apiculatum,0.4,1
E,Vachellia Gerrardii,0.2,4
E,Combretum Mossambicense,0.25,6
E,Dichrostachys Cinerea,0.4,9
E,Ziziphus Mucronata,0.25,4
E,Boscia Angustifolia,0.3,10
E,Albizia Harveyi,0.25,5
E,Combretum Mossambicense,0.5,8
E,Dichrostachys Cinerea,0.35,7
E,Grewia Monticola,0.5,1
E,Vachellia Karroo,0.6,4
E,Combretum Mossambicense,0.7,2
E,Combretum Mossambicense,0.7,7
E,Diospyros Lycioides,0.7,3
E,Diospyros Lycioides,0.7,1
E,Gymnosporia Senegalensis,0.5,9
E,Dichrostachys Cinerea,0.7,6
E,Dalbergia Nitidula,0.6,4
E,Gymnosporia Senegalensis,0.5,10
E,Gymnosporia Senegalensis,0.5,3
E,Albizia Harveyi,0.3,3
E,Combretum Mossambicense,0.3,15
E,Euclea Divinorum,0.35,1
E,Euclea Divinorum,0.5,1
E,Vachellia Nilotica,0.5,2
E,Fluegga Virosa,0.9,4
E,Grewia Monticola,0.7,8
E,Euclea Divinorum,0.3,4
E,Combretum Mossambicense,0.4,6
E,Euclea Divinorum,0.35,4
E,Ziziphus Mucronata,0.5,8
E,Combretum Apiculatum,0.25,5
E,Dichrostachys Cinerea,3.5,5
E,Dichrostachys Cinerea,1,5
E,Carissa Bispinosa,1.8,3
E,Fluegga Virosa,2.3,3
E,Fluegga Virosa,2.3,7
E,Fluegga Virosa,2.3,5
E,Gymnosporia Senegalensis,1.8,1
E,Dichrostachys Cinerea,4.6,5
E,Dichrostachys Cinerea,4.6,4
E,Euclea Divinorum,4.1,3
E,Combretum Apiculatum,3.7,2
E,Combretum Apiculatum,3.7,1
E,Combretum Mossambicense,1.5,7
E,Dichrostachys Cinerea,5.3,2
E,Dichrostachys Cinerea,2.5,4
E,Combretum Mossambicense,1.8,2
E,Fluegga Virosa,1.5,1
E,Fluegga Virosa,1.5,4
E,Fluegga Virosa,1.5,6
E,Tarchonanthus Camphoratus,2,3
E,Combretum Mossambicense,2,4
E,Gymnosporia Senegalensis,3.5,2
E,Gymnosporia Senegalensis,3.5,1
E,Grewia Decomovulata,1.3,4
E,Dichrostachys Cinerea,1.3,1
E,Tarchonanthus Camphoratus,1,3
E,Dichrostachys Cinerea,4.6,2
E,Dichrostachys Cinerea,4.6,1
E,Combretum Apiculatum,6,1
E,Dichrostachys Cinerea,4.8,1
E,Allophylus Africanus,2.5,3
E,Euclea Divinorum,4.5,1
E,Fluegga Virosa,3.5,5
E,Combretum Mossambicense,1.8,3
E,Fluegga Virosa,2.8,8
E,Combretum Apiculatum,4.7,2
E,Combretum Apiculatum,4.7,1
E,Combretum Apiculatum,4.2,1
E,Combretum Mossambicense,1.1,4
E,Fluegga Virosa,4,8
E,Euclea Divinorum,3.3,5
E,Euclea Divinorum,2.4,2
E,Dichrostachys Cinerea,3.1,3
E,Vachellia Nilotica,1,8
E,Dichrostachys Cinerea,3.8,4
E,Fluegga Virosa,2.8,7
E,Dichrostachys Cinerea,2.8,1
E,Dichrostachys Cinerea,0.9,3
E,Ormocarpum Trichocarpum,0.35,6
E,Combretum Mossambicense,0.25,7
E,Zanthoxylum Capense,0.8,2
E,Commiphora Africana,0.25,10
E,Euclea Divinorum,0.1,2
E,Dichrostachys Cinerea,0.25,9
E,Dichrostachys Cinerea,0.7,2
E,Grewia Monticola,0.7,30
E,Grewia Monticola,0.45,9
E,Combretum Mossambicense,0.5,4
E,Combretum Apiculatum,0.5,1
E,Combretum Apiculatum,0.5,11
E,Dichrostachys Cinerea,0.25,14
E,Dichrostachys Cinerea,0.15,4
E,Dichrostachys Cinerea,0.3,12
E,Combretum Mossambicense,0.5,3
E,Dombeya Rotundifolia,0.3,1
E,Combretum Apiculatum,0.85,2
E,Combretum Apiculatum,0.35,4
E,Commiphora Africana,0.25,8
E,Euclea Divinorum,0.1,3
E,Gardenia Spathulifolia,0.3,6
E,Grewia Decomovulata,0.6,11
E,Gymnosporia Senegalensis,0.1,3
E,Gymnosporia Senegalensis,0.2,4
E,Ormocarpum Trichocarpum,0.9,3
E,Ormocarpum Trichocarpum,0.9,1
E,Combretum Mossambicense,0.25,1
E,Gymnosporia Senegalensis,0.3,3
E,Gymnosporia Senegalensis,0.3,5
E,Gymnosporia Senegalensis,0.7,6
E,Gymnosporia Senegalensis,0.2,3
E,Gymnosporia Senegalensis,0.05,1
E,Gymnosporia Senegalensis,0.3,4
E,Gymnosporia Senegalensis,0.2,1
E,Gymnosporia Senegalensis,0.25,3
E,Combretum Apiculatum,0.7,1
E,Fluegga Virosa,0.25,2
E,Combretum Zeyheri,0.2,4
E,Grewia Monticola,0.15,1
E,Ormocarpum Trichocarpum,0.2,7
E,Ormocarpum Trichocarpum,0.3,9
E,Grewia Decomovulata,0.4,6
E,Euclea Divinorum,0.1,1
E,Dombeya Rotundifolia,0.2,1
E,Euclea Divinorum,0.25,4
E,Dichrostachys Cinerea,0.05,3
E,Euclea Divinorum,0.15,4
E,Fluegga Virosa,0.9,3
E,Ziziphus Mucronata,0.6,8
E,Gymnosporia Senegalensis,0.3,10
E,Dichrostachys Cinerea,0.6,15
E,Ziziphus Mucronata,0.3,6
E,Vachellia Nilotica,0.2,4
E,Fluegga Virosa,0.8,4
E,Combretum Zeyheri,0.8,5
E,Dichrostachys Cinerea,0.2,8
E,Albizia Harveyi,0.25,6
E,Grewia Decomovulata,0.5,11
E,Combretum Mossambicense,0.3,1
E,Grewia Decomovulata,0.6,16
E,Vachellia Nilotica,0.5,7
E,Ziziphus Mucronata,0.75,3
E,Dichrostachys Cinerea,0.9,6
E,Commiphora Africana,0.5,1
E,Euclea Divinorum,0.25,7
E,Ormocarpum Trichocarpum,0.25,8
E,Grewia Decomovulata,0.5,12
E,Vachellia Gerrardii,0.5,3
E,Vachellia Gerrardii,0.5,5
E,Combretum Mossambicense,0.25,2
E,Grewia Monticola,0.6,7
E,Grewia Decomovulata,0.2,15
E,Euclea Divinorum,0.6,5
E,Grewia Monticola,0.75,20
E,Combretum Mossambicense,0.25,8
E,Combretum Apiculatum,0.8,3
E,Combretum Apiculatum,0.15,1
E,Boscia Angustifolia,0.3,6
E,Euclea Divinorum,0.5,2
E,Vachellia Nilotica,0.15,2
E,Grewia Decomovulata,0.7,2
E,Combretum Mossambicense,0.8,6
E,Grewia Monticola,0.4,1
E,Combretum Mossambicense,0.6,4
E,Combretum Mossambicense,0.35,2
E,Euclea Divinorum,0.8,1
E,Dichrostachys Cinerea,0.45,4
E,Dichrostachys Cinerea,3.2,2
E,Allophylus Africanus,2.5,1
E,Allophylus Africanus,4.6,1
E,Dichrostachys Cinerea,1.7,2
E,Dichrostachys Cinerea,1.7,7
E,Fluegga Virosa,4,10
E,Vachellia Nilotica,1.5,2
E,Fluegga Virosa,1,4
E,Fluegga Virosa,1,2
E,Euclea Divinorum,4.2,2
E,Vachellia Nilotica,2.3,1
E,Dichrostachys Cinerea,1.4,3
E,Dichrostachys Cinerea,1.4,8
E,Vachellia Nilotica,1.7,1
E,Gymnosporia Senegalensis,1.8,2
E,Combretum Apiculatum,1.6,3
E,Lannea Schweinfurthii,4,1
E,Gymnosporia Senegalensis,2,5
E,Grewia Decomovulata,2.5,7
E,Dichrostachys Cinerea,3.8,5
E,Euclea Divinorum,3,5
E,Euclea Divinorum,3.2,1
E,Boscia Angustifolia,2.1,3
E,Allophylus Africanus,2,1
E,Combretum Apiculatum,1.3,4
E,Cassia Abbreviata,1.3,2
E,Euclea Divinorum,2.1,2
E,Fluegga Virosa,2.1,8
E,Gymnosporia Senegalensis,2,4
E,Allophylus Africanus,3,2
E,Combretum Mossambicense,1,6
E,Vachellia Nilotica,3.5,1
E,Allophylus Africanus,2,2
E,Dichrostachys Cinerea,4.2,3
E,Combretum Mossambicense,2.5,2
E,Grewia Decomovulata,1.5,3
E,Fluegga Virosa,3,8
E,Vachellia Nilotica,4,2
E,Dichrostachys Cinerea,4.5,7
E,Vachellia Nilotica,4.3,1
E,Combretum Apiculatum,1,2
E,Dichrostachys Cinerea,7,2
E,Combretum Hereroense,1,1
E,Combretum Hereroense,2,1
E,Grewia Decomovulata,2.5,3
E,Combretum Mossambicense,3,4
E,Fluegga Virosa,1.5,3
E,Combretum Mossambicense,1.7,3
E,Fluegga Virosa,1.7,15
E,Fluegga Virosa,1.7,8
E,Dichrostachys Cinerea,3.8,1
E,Fluegga Virosa,2.3,13
E,Maclura Africana,4.3,1
E,Fluegga Virosa,1.8,1
E,Grewia Monticola,1.5,2
E,Commiphora Africana,0.7,2
E,Euclea Divinorum,0.9,1
E,Ormocarpum Trichocarpum,0.5,4
E,Combretum Apiculatum,0.2,5
E,Combretum Mossambicense,0.2,5
E,Vachellia Gerrardii,0.2,3
E,Allophylus Africanus,0.5,1
E,Gardenia Spathulifolia,0.5,6
E,Gardenia Spathulifolia,0.5,15
E,Dichrostachys Cinerea,0.7,7
E,Ormocarpum Trichocarpum,0.4,5
E,Ormocarpum Trichocarpum,0.3,8
E,Boscia Angustifolia,0.35,6
E,Boscia Angustifolia,0.7,8
E,Combretum Hereroense,0.8,11
E,Boscia Angustifolia,0.3,3
E,Euclea Divinorum,0.25,5
E,Grewia Decomovulata,0.4,2
E,Vachellia Gerrardii,0.25,3
E,Ormocarpum Trichocarpum,0.8,7
E,Grewia Decomovulata,0.8,3
E,Combretum Mossambicense,0.5,7
E,Ormocarpum Trichocarpum,0.13,2
E,Grewia Monticola,0.8,2
E,Euclea Divinorum,0.8,2
E,Combretum Mossambicense,0.9,3
E,Ziziphus Mucronata,0.35,7
E,Combretum Hereroense,0.8,4
E,Colophospermum Mopane,0.7,10
E,Gymnosporia Senegalensis,0.8,15
E,Fluegga Virosa,0.9,10
E,Combretum Hereroense,0.7,3
E,Ormocarpum Trichocarpum,0.5,6
E,Ziziphus Mucronata,0.5,9
E,Combretum Apiculatum,0.9,3
E,Dichrostachys Cinerea,0.55,4
E,Gardenia Spathulifolia,0.35,16
E,Gymnosporia Senegalensis,0.25,1
E,Combretum Zeyheri,0.15,1
E,Combretum Mossambicense,0.35,3
E,Vachellia Nilotica,0.6,2
E,Fluegga Virosa,0.8,5
E,Euclea Divinorum,0.6,9
E,Peltophorum Africanum,0.6,6
E,Boscia Angustifolia,0.15,6
E,Gymnosporia Senegalensis,0.4,9
E,Gymnosporia Senegalensis,0.4,5
E,Gymnosporia Senegalensis,0.5,2
E,Gymnosporia Senegalensis,0.5,1
E,Grewia Decomovulata,0.45,2
E,Dombeya Rotundifolia,0.2,2
E,Grewia Monticola,0.4,8
E,Combretum Apiculatum,0.7,10
E,Allophylus Africanus,0.3,4
E,Cassia Abbreviata,0.35,5
E,Combretum Apiculatum,0.5,8
E,Allophylus Africanus,0.5,3
E,Carissa Bispinosa,0.5,2
E,Combretum Mossambicense,0.45,2
E,Maclura Africana,0.25,20
E,Combretum Mossambicense,0.7,1
E,Fluegga Virosa,0.2,3
E,Tarchonanthus Camphoratus,2,2
E,Tarchonanthus Camphoratus,2,22
E,Grewia Decomovulata,1.8,4
E,Tarchonanthus Camphoratus,3,10
E,Tarchonanthus Camphoratus,3,4
E,Tarchonanthus Camphoratus,3,9
E,Allophylus Africanus,1.8,1
E,Dichrostachys Cinerea,2.1,4
E,Gymnosporia Senegalensis,2.5,3
E,Grewia Decomovulata,2.3,7
E,Dichrostachys Cinerea,1.8,5
E,Tarchonanthus Camphoratus,2.3,6
E,Tarchonanthus Camphoratus,2.3,14
E,Tarchonanthus Camphoratus,2.3,13
E,Dichrostachys Cinerea,4.2,2
E,Dichrostachys Cinerea,4.2,4
E,Tarchonanthus Camphoratus,1.8,8
E,Flacourtia Indica,1.5,3
E,Euclea Divinorum,2.7,4
E,Grewia Decomovulata,1.1,3
E,Fluegga Virosa,3.4,12
E,Ziziphus Mucronata,3,4
E,Fluegga Virosa,1.8,15
E,Flacourtia Indica,1.8,1
E,Tarchonanthus Camphoratus,2,6
E,Dichrostachys Cinerea,4.5,10
E,Grewia Decomovulata,1.5,7
E,Dichrostachys Cinerea,4.2,1
E,Dichrostachys Cinerea,2.2,2
E,Vachellia Nilotica,2.8,1
E,Allophylus Africanus,1.8,4
E,Fluegga Virosa,1.6,13
E,Fluegga Virosa,2.2,9
E,Euclea Divinorum,3.3,4
E,Flacourtia Indica,1.5,7
E,Tarchonanthus Camphoratus,1.5,3
E,Combretum Hereroense,1.3,1
E,Peltophorum Africanum,1.5,3
E,Combretum Hereroense,3,1
E,Dichrostachys Cinerea,3,7
E,Combretum Hereroense,2.5,2
E,Ziziphus Mucronata,2.3,2
E,Euclea Divinorum,4.2,7
E,Combretum Apiculatum,2.3,3
E,Ziziphus Mucronata,2.5,3
E,Allophylus Africanus,3.4,2
E,Dichrostachys Cinerea,6.6,1
E,Dichrostachys Cinerea,4.9,1
E,Combretum Hereroense,3.3,1
E,Flacourtia Indica,2,2
E,Dichrostachys Cinerea,0.35,16
E,Dichrostachys Cinerea,0.25,10
E,Grewia Decomovulata,0.7,12
E,Grewia Monticola,0.4,6
E,Ormocarpum Trichocarpum,0.4,8
E,Ormocarpum Trichocarpum,0.7,5
E,Flacourtia Indica,0.7,2
E,Combretum Hereroense,0.4,3
E,Zanthoxylum Capense,0.25,5
E,Zanthoxylum Capense,0.4,4
E,Dichrostachys Cinerea,0.25,12
E,Grewia Monticola,0.6,8
E,Combretum Apiculatum,0.3,9
E,Sclerocarya Birrea,0.8,1
E,Combretum Hereroense,0.35,1
E,Fluegga Virosa,0.6,12
E,Gymnosporia Senegalensis,0.5,5
E,Ormocarpum Trichocarpum,0.35,3
E,Ormocarpum Trichocarpum,0.6,4
E,Ormocarpum Trichocarpum,1,8
E,Flacourtia Indica,0.5,4
E,Grewia Decomovulata,0.3,12
E,Gardenia Spathulifolia,0.2,3
E,Combretum Hereroense,0.35,11
E,Ormocarpum Trichocarpum,0.7,6
E,Grewia Decomovulata,0.5,6
E,Grewia Decomovulata,0.25,10
E,Dichrostachys Cinerea,0.25,8
E,Grewia Monticola,0.9,3
E,Combretum Apiculatum,0.35,14
E,Combretum Apiculatum,0.55,2
E,Combretum Hereroense,0.35,4
E,Grewia Decomovulata,0.5,8
E,Fluegga Virosa,1.1,2
E,Ormocarpum Trichocarpum,0.35,5
E,Grewia Monticola,0.5,15
E,Grewia Monticola,0.3,10
E,Peltophorum Africanum,0.6,4
E,Peltophorum Africanum,0.6,2
E,Dichrostachys Cinerea,0.5,7
E,Combretum Apiculatum,0.7,2
E,Ormocarpum Trichocarpum,0.75,2
E,Gymnosporia Senegalensis,0.95,4
E,Flacourtia Indica,0.5,3
E,Carissa Bispinosa,0.3,12
E,Combretum Hereroense,0.5,2
E,Albizia Harveyi,0.2,2
E,Albizia Harveyi,0.35,2
E,Combretum Hereroense,0.15,3
E,Vachellia Nilotica,0.45,7
E,Fluegga Virosa,0.6,4
E,Grewia Decomovulata,0.25,5
E,Peltophorum Africanum,1.8,8
E,Grewia Monticola,1.5,7
E,Tarchonanthus Camphoratus,1,2
E,Flacourtia Indica,1.7,2
E,Euclea Divinorum,1.1,3
E,Euclea Divinorum,1.1,2
E,Dichrostachys Cinerea,1,7
E,Tarchonanthus Camphoratus,1,8
E,Tarchonanthus Camphoratus,2,15
E,Dombeya Rotundifolia,2,8
E,Dichrostachys Cinerea,4.5,8
E,Gardenia Spathulifolia,1.5,2
E,Flacourtia Indica,1.5,19
E,Dichrostachys Cinerea,1,4
E,Tarchonanthus Camphoratus,2,4
E,Dombeya Rotundifolia,2,14
E,Dalbergia Nitidula,2,10
E,Allophylus Africanus,1.6,5
E,Euclea Divinorum,3.3,2
E,Vachellia Gerrardii,7,1
E,Dichrostachys Cinerea,1.5,11
E,Dichrostachys Cinerea,1,11
E,Euclea Divinorum,2.5,11
E,Euclea Divinorum,2.5,9
E,Euclea Divinorum,3.2,10
E,Flacourtia Indica,0.45,6
E,Ormocarpum Trichocarpum,0.05,1
E,Euclea Divinorum,0.3,10
E,Commiphora Africana,0.61,6
E,Euclea Divinorum,0.4,4
E,Cassia Abbreviata,0.1,4
E,Gymnosporia Senegalensis,0.35,3
E,Grewia Decomovulata,0.15,8
E,Albizia Harveyi,0.7,6
E,Zanthoxylum Capense,0.3,6
E,Commiphora Africana,0.3,11
E,Zanthoxylum Capense,0.3,5
E,Flacourtia Indica,0.8,5
E,Grewia Decomovulata,0.8,13
E,Cassia Abbreviata,0.7,1
E,Zanthoxylum Capense,0.15,5
E,Grewia Decomovulata,0.7,3
E,Commiphora Africana,0.15,6
E,Fluegga Virosa,0.45,5
E,Fluegga Virosa,0.45,8
E,Commiphora Africana,0.5,4
E,Grewia Monticola,0.35,10
E,Dichrostachys Cinerea,0.4,15
E,Allophylus Africanus,0.6,13
E,Tarchonanthus Camphoratus,0.6,5
E,Grewia Decomovulata,0.25,6
E,Ziziphus Mucronata,0.7,1
E,Flacourtia Indica,0.6,2
E,Albizia Harveyi,0.4,4
E,Gymnosporia Senegalensis,0.4,16
E,Commiphora Africana,0.2,4
E,Albizia Harveyi,0.8,2
E,Grewia Monticola,0.25,9
E,Grewia Decomovulata,0.4,4
E,Grewia Decomovulata,0.9,13
E,Grewia Decomovulata,0.9,2
E,Grewia Decomovulata,0.9,5
E,Grewia Decomovulata,0.9,4
E,Grewia Monticola,0.5,8
E,Dichrostachys Cinerea,0.45,8
E,Albizia Harveyi,0.35,3
E,Dichrostachys Cinerea,0.36,2
E,Combretum Hereroense,0.45,9
E,Grewia Monticola,0.33,4
E,Dichrostachys Cinerea,0.33,3
E,Commiphora Africana,1,5
E,Euclea Divinorum,0.03,1
E,Flacourtia Indica,0.25,7
E,Dombeya Rotundifolia,0.8,4
E,Tarchonanthus Camphoratus,0.8,11
E,Flacourtia Indica,0.7,4
E,Grewia Decomovulata,0.6,20
E,Vachellia Nilotica,0.4,1
E,Grewia Decomovulata,0.25,15
E,Dichrostachys Cinerea,0.15,12
E,Combretum Apiculatum,0.2,8
E,Commiphora Africana,0.4,5
E,Albizia Harveyi,0.9,16
E,Flacourtia Indica,0.25,9
E,Tarchonanthus Camphoratus,0.9,7
E,Flacourtia Indica,0.35,1
E,Flacourtia Indica,0.3,6
E,Flacourtia Indica,0.3,7
E,Flacourtia Indica,2,1
E,Euclea Divinorum,3.3,1
E,Gymnosporia Senegalensis,3,2
E,Euclea Divinorum,3.5,2
E,Fluegga Virosa,2.5,2
E,Grewia Decomovulata,3,4
E,Grewia Monticola,1,7
E,Allophylus Africanus,1.5,7
E,Dichrostachys Cinerea,1.1,4
E,Allophylus Africanus,2.1,6
E,Euclea Divinorum,1.8,3
E,Fluegga Virosa,1.5,13
E,Maclura Africana,6,2
E,Maclura Africana,6,1
E,Fluegga Virosa,3.5,7
E,Fluegga Virosa,3.5,6
E,Peltophorum Africanum,1,1
E,Grewia Decomovulata,1.5,1
E,Euclea Divinorum,4,11
E,Fluegga Virosa,3.5,10
E,Flacourtia Indica,2,3
E,Combretum Apiculatum,1.4,1
E,Fluegga Virosa,1.3,7
E,Euclea Divinorum,3.3,3
E,Fluegga Virosa,4,5
E,Flacourtia Indica,1.8,4
E,Gymnosporia Senegalensis,1.3,1
E,Euclea Divinorum,3.5,1
E,Flacourtia Indica,2.4,3
E,Dichrostachys Cinerea,4,5
E,Allophylus Africanus,2,4
E,Boscia Angustifolia,1.6,3
E,Combretum Apiculatum,2.2,3
E,Allophylus Africanus,1.7,5
E,Dichrostachys Cinerea,4,10
E,Gymnosporia Senegalensis,2,15
E,Ziziphus Mucronata,1.8,1
E,Ziziphus Mucronata,1.3,4
E,Dichrostachys Cinerea,1.7,3
E,Combretum Apiculatum,2,4
E,Combretum Hereroense,2,2
E,Vachellia Nilotica,1.8,1
E,Grewia Decomovulata,2,11
E,Combretum Hereroense,2,4
E,Grewia Monticola,2,1
E,Flacourtia Indica,1.5,1
E,Gymnosporia Senegalensis,1,7
E,Combretum Hereroense,1.8,2
E,Fluegga Virosa,3,18
E,Euclea Divinorum,3,4
E,Grewia Decomovulata,2.8,4
E,Allophylus Africanus,0.5,7
E,Flacourtia Indica,0.6,4
E,Boscia Angustifolia,0.3,4
E,Euclea Divinorum,0.25,1
E,Peltophorum Africanum,0.35,3
E,Grewia Decomovulata,0.6,4
E,Gardenia Spathulifolia,0.35,6
E,Grewia Decomovulata,0.8,2
E,Ormocarpum Trichocarpum,0.55,2
E,Zanthoxylum Capense,0.2,7
E,Dombeya Rotundifolia,0.3,4
E,Grewia Decomovulata,0.8,6
E,Allophylus Africanus,0.3,1
E,Vachellia Nilotica,0.3,3
E,Combretum Apiculatum,0.25,4
E,Flacourtia Indica,0.35,3
E,Euclea Divinorum,0.55,2
E,Flacourtia Indica,0.6,5
E,Flacourtia Indica,0.6,1
E,Grewia Monticola,0.5,10
E,Commiphora Africana,0.25,2
E,Commiphora Africana,0.25,3
E,Commiphora Africana,0.25,9
E,Commiphora Africana,0.25,6
E,Commiphora Africana,0.25,1
E,Flacourtia Indica,0.8,1
E,Allophylus Africanus,0.3,12
E,Boscia Angustifolia,0.8,10
E,Ormocarpum Trichocarpum,0.5,1
E,Maclura Africana,0.4,9
E,Albizia Harveyi,0.8,6
E,Terminalia Prunioides,0.4,3
E,Flacourtia Indica,0.3,4
E,Combretum Apiculatum,0.8,7
E,Combretum Apiculatum,0.8,1
E,Euclea Divinorum,0.45,6
E,Flacourtia Indica,0.5,5
E,Combretum Apiculatum,0.2,4
E,Ziziphus Mucronata,0.25,2
E,Grewia Monticola,0.25,5
E,Flacourtia Indica,0.3,2
E,Dalbergia Nitidula,0.45,3
E,Fluegga Virosa,0.45,1
E,Flacourtia Indica,0.8,2
E,Combretum Zeyheri,0.2,3
E,Grewia Monticola,0.8,10
E,Combretum Apiculatum,0.15,6
E,Combretum Zeyheri,0.5,1
E,Combretum Apiculatum,0.35,1
E,Combretum Apiculatum,0.35,2
E,Maclura Africana,0.4,5
E,Grewia Decomovulata,0.4,5
E,Grewia Monticola,0.2,8
E,Vachellia Gerrardii,0.6,3
E,Flacourtia Indica,0.4,2
E,Grewia Decomovulata,0.9,8
E,Flacourtia Indica,0.8,3
E,Grewia Monticola,0.3,4
E,Vachellia Nilotica,0.35,2
E,Ormocarpum Trichocarpum,1,3
E,Ormocarpum Trichocarpum,0.8,5
E,Commiphora Africana,0.8,8
E,Boscia Angustifolia,0.3,11
E,Berchemia Zeyheri,0.5,3
E,Dichrostachys Cinerea,0.45,2
E,Flacourtia Indica,0.5,9
E,Flacourtia Indica,0.3,3
E,Combretum Apiculatum,0.25,8
E,Dichrostachys Cinerea,0.55,3
E,Combretum Zeyheri,0.6,1
E,Flacourtia Indica,0.3,1
E,Dichrostachys Cinerea,0.1,1
E,Combretum Hereroense,0.31,1
E,Vachellia Gerrardii,0.34,5
E,Fluegga Virosa,0.25,4
E,Euclea Divinorum,0.4,1
E,Grewia Monticola,0.55,5
E,Flacourtia Indica,0.2,2
E,Boscia Angustifolia,0.8,5
E,Gymnosporia Senegalensis,1.8,3
E,Combretum Zeyheri,3,1
E,Grewia Monticola,2,7
E,Gymnosporia Senegalensis,4,1
E,Ziziphus Mucronata,2.5,7
E,Flacourtia Indica,1.5,2
E,Vachellia Nilotica,3,2
E,Fluegga Virosa,1.3,8
E,Fluegga Virosa,1.3,4
E,Fluegga Virosa,1.3,15
E,Fluegga Virosa,1.3,10
E,Euclea Divinorum,3.2,2
E,Dichrostachys Cinerea,3.5,9
E,Grewia Monticola,1.5,4
E,Euclea Divinorum,3.5,5
E,Flacourtia Indica,1,1
E,Maclura Africana,4.7,1
E,Tarchonanthus Camphoratus,2,10
E,Tarchonanthus Camphoratus,2,9
E,Tarchonanthus Camphoratus,2,12
E,Tarchonanthus Camphoratus,3,7
E,Maclura Africana,2,1
E,Flacourtia Indica,1.1,3
E,Tarchonanthus Camphoratus,1,11
E,Tarchonanthus Camphoratus,1,7
E,Gymnosporia Senegalensis,1.5,3
E,Dichrostachys Cinerea,1.8,4
E,Tarchonanthus Camphoratus,2,17
E,Allophylus Africanus,1.8,7
E,Dichrostachys Cinerea,1.5,5
E,Combretum Apiculatum,2.3,4
E,Combretum Apiculatum,2.5,5
E,Dichrostachys Cinerea,4.1,6
E,Dichrostachys Cinerea,3.3,1
E,Peltophorum Africanum,2,5
E,Dichrostachys Cinerea,1.2,6
E,Flacourtia Indica,1.3,2
E,Fluegga Virosa,3,12
E,Flacourtia Indica,2.7,3
E,Fluegga Virosa,1.6,7
E,Gymnosporia Senegalensis,2,3
E,Euclea Divinorum,4,3
E,Flacourtia Indica,3,1
E,Ziziphus Mucronata,1.6,2
E,Grewia Decomovulata,3.5,5
E,Gymnosporia Senegalensis,3.3,1
E,Combretum Apiculatum,1,6
E,Grewia Decomovulata,2,7
E,Flacourtia Indica,3,2
E,Peltophorum Africanum,5,6
E,Combretum Apiculatum,2.5,11
E,Grewia Decomovulata,1.1,2
E,Grewia Decomovulata,3.5,1
E,Lannea Discolor,0.5,3
E,Combretum Zeyheri,0.25,3
E,Cassia Abbreviata,0.6,8
E,Boscia Angustifolia,0.1,1
E,Zanthoxylum Capense,0.7,3
E,Cassia Abbreviata,0.6,2
E,Flacourtia Indica,0.4,1
E,Ormocarpum Trichocarpum,0.8,1
E,Euclea Divinorum,0.4,5
E,Zanthoxylum Capense,0.3,1
E,Euclea Divinorum,0.35,10
E,Pappea Capensis,0.25,4
E,Pappea Capensis,0.25,8
E,Pappea Capensis,0.25,7
E,Maclura Africana,0.5,12
E,Boscia Angustifolia,0.7,2
E,Ormocarpum Trichocarpum,0.35,1
E,Vachellia Nilotica,0.15,1
E,Fluegga Virosa,0.9,6
E,Flacourtia Indica,0.3,5
E,Gymnosporia Senegalensis,0.5,4
E,Albizia Harveyi,0.3,6
E,Tarchonanthus Camphoratus,0.7,1
E,Ziziphus Mucronata,0.6,1
E,Euclea Divinorum,0.25,6
E,Ormocarpum Trichocarpum,0.5,8
E,Ziziphus Mucronata,0.7,6
E,Allophylus Africanus,0.5,13
E,Vachellia Nilotica,0.6,10
E,Tarchonanthus Camphoratus,0.7,8
E,Tarchonanthus Camphoratus,0.4,4
E,Albizia Harveyi,0.6,6
E,Fluegga Virosa,0.3,1
E,Vachellia Gerrardii,0.2,2
E,Dichrostachys Cinerea,0.6,6
E,Flacourtia Indica,0.8,6
E,Euclea Divinorum,0.55,4
E,Commiphora Africana,0.9,5
E,Dalbergia Nitidula,0.8,2
E,Pappea Capensis,0.7,1
E,Ormocarpum Trichocarpum,0.1,2
E,Commiphora Africana,0.5,3
E,Zanthoxylum Capense,0.15,8
E,Zanthoxylum Capense,0.1,6
E,Boscia Angustifolia,0.3,1
E,Carissa Bispinosa,0.8,5
E,Dichrostachys Cinerea,0.1,7
E,Euclea Divinorum,0.5,8
E,Carissa Bispinosa,0.3,5
E,Vachellia Gerrardii,0.35,3
E,Dombeya Rotundifolia,0.5,4
E,Dalbergia Nitidula,0.6,1
E,Flacourtia Indica,0.7,9
E,Dalbergia Nitidula,0.35,1
E,Dalbergia Nitidula,0.35,2
E,Dalbergia Nitidula,0.25,3
E,Dalbergia Nitidula,0.35,3
E,Flacourtia Indica,0.5,6
E,Dichrostachys Cinerea,1.6,10
E,Dichrostachys Cinerea,1.6,8
E,Dichrostachys Cinerea,1.6,1
E,Grewia Decomovulata,2,9
E,Grewia Decomovulata,2,3
E,Grewia Monticola,1,4
E,Grewia Monticola,1,1
E,Euclea Divinorum,1.5,3
E,Tarchonanthus Camphoratus,2.1,2
E,Vachellia Nilotica,2.5,11
E,Grewia Decomovulata,1.7,7
E,Tarchonanthus Camphoratus,1.8,6
E,Grewia Monticola,1,5
E,Dichrostachys Cinerea,2.7,1
E,Dichrostachys Cinerea,5,7
E,Grewia Decomovulata,1,1
E,Vachellia Nilotica,4.4,1
E,Tarchonanthus Camphoratus,1.7,3
E,Allophylus Africanus,1.5,2
E,Grewia Decomovulata,3,1
E,Lannea Schweinfurthii,1.2,2
E,Grewia Monticola,1.2,3
E,Grewia Monticola,1.2,1
E,Grewia Monticola,1.2,2
E,Grewia Decomovulata,2.5,1
E,Allophylus Africanus,1.6,1
E,Ormocarpum Trichocarpum,1,11
E,Grewia Decomovulata,2,6
E,Tarchonanthus Camphoratus,1.8,3
E,Tarchonanthus Camphoratus,1.8,1
E,Euclea Divinorum,1.7,1
E,Grewia Monticola,1.5,11
E,Zanthoxylum Capense,1.5,1
E,Ziziphus Mucronata,1.2,4
E,Gardenia Spathulifolia,1.7,15
E,Tarchonanthus Camphoratus,2.1,1
E,Combretum Apiculatum,5,5
E,Combretum Apiculatum,4.5,6
E,Combretum Apiculatum,1.7,3
E,Grewia Decomovulata,1.2,1
E,Allophylus Africanus,1.3,10
E,Grewia Monticola,1.3,2
E,Gymnosporia Senegalensis,2,11
E,Grewia Decomovulata,1.3,2
E,Ormocarpum Trichocarpum,1,2
E,Allophylus Africanus,2.5,2
E,Maclura Africana,0.2,2
E,Grewia Monticola,0.5,2
E,Flacourtia Indica,0.5,2
E,Flacourtia Indica,0.5,1
E,Flacourtia Indica,1,3
E,Ormocarpum Trichocarpum,0.45,1
E,Ormocarpum Trichocarpum,0.45,4
E,Vachellia Nilotica,0.3,5
E,Zanthoxylum Capense,0.3,2
E,Combretum Zeyheri,1,2
E,Allophylus Africanus,0.9,1
E,Euclea Divinorum,0.4,8
E,Ormocarpum Trichocarpum,0.1,6
E,Allophylus Africanus,0.4,9
E,Commiphora Africana,0.3,6
E,Commiphora Africana,0.3,3
E,Pappea Capensis,0.35,1
E,Ormocarpum Trichocarpum,0.45,3
E,Ormocarpum Trichocarpum,0.2,11
E,Ozoroa Insignis,0.6,1
E,Jacaranda Mimosifolia,0.4,1
E,Grewia Decomovulata,0.7,15
E,Grewia Decomovulata,1,8
E,Tarchonanthus Camphoratus,1,4
E,Gardenia Spathulifolia,0.6,2
E,Tarchonanthus Camphoratus,0.5,7
E,Vachellia Gerrardii,0.7,2
E,Vachellia Gerrardii,0.5,8
E,Grewia Decomovulata,0.3,3
E,Allophylus Africanus,0.7,1
E,Combretum Zeyheri,0.5,6
E,Tarchonanthus Camphoratus,0.7,6
E,Gymnosporia Senegalensis,0.7,5
E,Albizia Harveyi,0.45,3
E,Dichrostachys Cinerea,0.9,4
E,Fluegga Virosa,0.7,8
E,Grewia Monticola,0.6,1
E,Ziziphus Mucronata,0.5,6
E,Grewia Monticola,0.6,3
E,Grewia Monticola,0.9,1
E,Tarchonanthus Camphoratus,0.8,3
E,Dichrostachys Cinerea,0.15,8
E,Grewia Decomovulata,0.1,1
E,Commiphora Africana,0.65,5
E,Tarchonanthus Camphoratus,0.6,1
E,Allophylus Africanus,0.7,4
E,Lippia Javanica,0.8,3
E,Fluegga Virosa,0.5,1
E,Euclea Divinorum,6,3
E,Combretum Apiculatum,2,9
E,Combretum Apiculatum,2.6,13
E,Vachellia Gerrardii,1.2,4
E,Grewia Decomovulata,1.7,1
E,Vachellia Nilotica,4.4,3
E,Dichrostachys Cinerea,2.2,4
E,Allophylus Africanus,2.4,2
E,Dichrostachys Cinerea,1.8,6
E,Vachellia Gerrardii,4,2
E,Vachellia Gerrardii,2.3,1
E,Dichrostachys Cinerea,1.5,7
E,Euclea Divinorum,3.5,6
E,Peltophorum Africanum,1.5,1
E,Allophylus Africanus,3.5,2
E,Terminalia Prunioides,1.8,1
E,Combretum Apiculatum,6,4
E,Grewia Decomovulata,1,10
E,Peltophorum Africanum,1.5,2
E,Vachellia Gerrardii,4,11
E,Combretum Zeyheri,2.5,7
E,Euclea Divinorum,3.5,7
E,Allophylus Africanus,2,9
E,Grewia Decomovulata,2.1,6
E,Grewia Decomovulata,1,2
E,Euclea Divinorum,1.5,5
E,Fluegga Virosa,2.3,1
E,Euclea Divinorum,2,7
E,Ziziphus Mucronata,1.5,19
E,Senegalia Nigrescens,1,1
E,Combretum Zeyheri,1.5,1
E,Combretum Apiculatum,3.8,4
E,Grewia Decomovulata,2.8,1
E,Fluegga Virosa,3,1
E,Tarchonanthus Camphoratus,2.3,1
E,Vachellia Nilotica,1.5,7
E,Fluegga Virosa,0.8,8
E,Boscia Angustifolia,0.25,1
E,Tarchonanthus Camphoratus,0.8,1
E,Zanthoxylum Capense,0.1,1
E,Combretum Hereroense,0.15,2
E,Lannea Discolor,0.3,1
E,Vachellia Gerrardii,0.8,1
E,Grewia Decomovulata,0.35,6
E,Flacourtia Indica,0.4,3
E,Euclea Divinorum,0.45,1
E,Ormocarpum Trichocarpum,0.9,2
E,Combretum Zeyheri,0.3,3
E,Grewia Decomovulata,0.35,3
E,Fluegga Virosa,0.8,16
E,Grewia Decomovulata,0.9,3
E,Peltophorum Africanum,0.5,2
E,Dichrostachys Cinerea,0.9,13
E,Maclura Africana,0.2,3
E,Azanza Garckeana,1,8
E,Maclura Africana,0.5,1
E,Dichrostachys Cinerea,0.4,8
E,Combretum Zeyheri,0.5,2
E,Ziziphus Mucronata,0.9,1
E,Dichrostachys Cinerea,0.05,1
E,Dichrostachys Cinerea,0.05,4
E,Commiphora Africana,0.8,3
E,Boscia Angustifolia,0.9,3
E,Peltophorum Africanum,0.7,4
E,Fluegga Virosa,0.9,1
E,Commiphora Africana,0.35,2
E,Euclea Divinorum,0.9,2
E,Vachellia Gerrardii,0.1,1
E,Combretum Zeyheri,0.8,1
E,Vachellia Gerrardii,0.4,1
E,Zanthoxylum Capense,0.35,3
E,Grewia Monticola,0.15,3
E,Albizia Harveyi,0.45,7
E,Combretum Zeyheri,0.3,9
E,Grewia Monticola,0.45,5
E,Combretum Zeyheri,0.9,1
E,Gymnosporia Senegalensis,0.9,1
E,Grewia Monticola,0.15,4
E,Euclea Divinorum,0.5,5
E,Grewia Decomovulata,0.4,8
E,Dichrostachys Cinerea,0.55,2
E,Dichrostachys Cinerea,0.55,16
E,Vachellia Gerrardii,0.9,1
E,Euclea Divinorum,2.3,4
E,Maclura Africana,5,2
E,Grewia Monticola,3,5
E,Zanthoxylum Capense,2.1,4
E,Euclea Divinorum,1.5,4
E,Dichrostachys Cinerea,4.3,3
E,Vachellia Nilotica,3,7
E,Vachellia Gerrardii,1,7
E,Dichrostachys Cinerea,3.5,7
E,Euclea Divinorum,3.4,5
E,Grewia Monticola,1,17
E,Combretum Apiculatum,2.4,4
E,Diospyros Lycioides,1,1
E,Euclea Divinorum,4.5,5
E,Tarchonanthus Camphoratus,1.3,2
E,Dichrostachys Cinerea,1.8,3
E,Steganotaenia Araliacea,1.3,6
E,Gardenia Spathulifolia,3,4
E,Carissa Bispinosa,1.1,1
E,Pappea Capensis,1.3,2
E,Commiphora Africana,1.2,2
E,Dichrostachys Cinerea,4,6
E,Grewia Decomovulata,2,1
E,Combretum Apiculatum,4,5
E,Ormocarpum Trichocarpum,2,4
E,Grewia Monticola,1.5,1
E,Dichrostachys Cinerea,3.4,13
E,Tarchonanthus Camphoratus,1.5,16
E,Ziziphus Mucronata,1.3,5
E,Euclea Divinorum,4.5,7
E,Ziziphus Mucronata,2,2
E,Vachellia Gerrardii,1.8,1
E,Grewia Decomovulata,1.2,2
E,Vachellia Nilotica,2.5,19
E,Grewia Decomovulata,1.3,1
E,Dichrostachys Cinerea,4.3,6
E,Tarchonanthus Camphoratus,2.6,1
E,Gardenia Spathulifolia,1.2,7
E,Dichrostachys Cinerea,4.5,13
E,Grewia Monticola,1.1,5
E,Combretum Apiculatum,1.8,4
E,Tarchonanthus Camphoratus,0.3,2
E,Tarchonanthus Camphoratus,0.3,1
E,Tarchonanthus Camphoratus,0.15,2
E,Tarchonanthus Camphoratus,0.15,3
E,Ormocarpum Trichocarpum,0.8,8
E,Commiphora Africana,0.4,8
E,Ziziphus Mucronata,0.15,4
E,Grewia Decomovulata,0.5,5
E,Commiphora Africana,0.35,11
E,Commiphora Africana,0.35,7
E,Maclura Africana,0.6,1
E,Maclura Africana,0.6,4
E,Tarchonanthus Camphoratus,0.6,3
E,Grewia Monticola,0.35,5
E,Tarchonanthus Camphoratus,0.35,5
E,Tarchonanthus Camphoratus,0.25,1
E,Euclea Divinorum,0.05,3
E,Carissa Bispinosa,0.9,1
E,Zanthoxylum Capense,0.6,1
E,Carissa Bispinosa,0.35,3
E,Carissa Bispinosa,0.4,3
E,Pappea Capensis,0.3,15
E,Boscia Angustifolia,0.5,3
E,Zanthoxylum Capense,0.6,3
E,Zanthoxylum Capense,0.9,5
E,Commiphora Africana,0.7,1
E,Grewia Decomovulata,0.25,3
E,Grewia Decomovulata,0.25,9
E,Grewia Decomovulata,0.25,1
E,Grewia Monticola,0.7,1
E,Grewia Monticola,0.7,2
E,Zanthoxylum Capense,0.7,4
E,Commiphora Africana,0.8,5
E,Commiphora Africana,0.6,4
E,Grewia Monticola,0.4,2
E,Peltophorum Africanum,0.5,3
E,Gardenia Spathulifolia,0.25,1
E,Combretum Apiculatum,0.4,5
E,Lippia Javanica,0.5,5
E,Lippia Javanica,0.5,1
E,Grewia Monticola,0.8,9
E,Grewia Monticola,0.9,2
E,Ziziphus Mucronata,0.9,4
E,Euclea Divinorum,0.35,8
E,Grewia Monticola,0.55,4
E,Tarchonanthus Camphoratus,0.8,4
E,Boscia Angustifolia,0.15,1
E,Ziziphus Mucronata,0.1,1
E,Ziziphus Mucronata,0.1,15
E,Gardenia Spathulifolia,0.3,3
E,Tarchonanthus Camphoratus,0.6,2
E,Vachellia Nilotica,0.9,8
E,Commiphora Africana,0.9,4
E,Combretum Apiculatum,0.9,1
E,Combretum Hereroense,0.6,1
E,Ziziphus Mucronata,0.9,3
E,Tarchonanthus Camphoratus,0.8,2
E,Grewia Decomovulata,0.8,5
E,Diospyros Lycioides,0.8,3
E,Euclea Divinorum,0.5,9
E,Grewia Monticola,0.4,12
E,Grewia Decomovulata,0.2,2
E,Commiphora Africana,0.3,1
E,Gymnosporia Senegalensis,0.55,4
E,Grewia Decomovulata,0.4,3
E,Grewia Monticola,0.35,2
E,Tarchonanthus Camphoratus,0.9,3
E,Dichrostachys Cinerea,2.5,7
E,Euclea Divinorum,2.7,3
E,Vachellia Nilotica,8.3,1
E,Maclura Africana,3.5,2
E,Euclea Divinorum,4.2,4
E,Ormocarpum Trichocarpum,1.5,5
E,Grewia Decomovulata,1.5,5
E,Combretum Apiculatum,5.5,6
E,Fluegga Virosa,1.5,5
E,Euclea Divinorum,2.3,1
E,Flacourtia Indica,1.3,1
E,Combretum Zeyheri,1,1
E,Combretum Zeyheri,1,9
E,Ziziphus Mucronata,2.5,1
E,Ziziphus Mucronata,1.3,3
E,Fluegga Virosa,1.4,1
E,Commiphora Africana,1.7,2
E,Fluegga Virosa,1.7,4
E,Dichrostachys Cinerea,5.1,9
E,Flacourtia Indica,1.6,5
E,Flacourtia Indica,1.6,2
E,Combretum Apiculatum,4.4,1
E,Combretum Apiculatum,4.4,7
E,Gardenia Spathulifolia,2,4
E,Grewia Decomovulata,2,2
E,Euclea Divinorum,3,7
E,Fluegga Virosa,1.8,2
E,Ziziphus Mucronata,1,2
E,Combretum Apiculatum,2.7,1
E,Combretum Apiculatum,2.7,25
E,Maclura Africana,3.4,2
E,Ziziphus Mucronata,2.3,1
E,Vachellia Gerrardii,2.3,2
E,Combretum Apiculatum,4.5,2
E,Gymnosporia Senegalensis,2.3,1
E,Grewia Monticola,1,2
E,Combretum Apiculatum,1.3,2
E,Euclea Divinorum,1.3,4
E,Euclea Divinorum,1.8,2
E,Combretum Zeyheri,2.5,2
E,Vachellia Gerrardii,2.8,1
E,Vachellia Gerrardii,1.7,1
E,Vachellia Gerrardii,2.5,1
E,Combretum Apiculatum,4.8,3
E,Grewia Monticola,1.3,5
E,Grewia Monticola,1.3,4
E,Vachellia Nilotica,5,7
E,Dichrostachys Cinerea,1.3,6
E,Vachellia Nilotica,2,4
E,Flacourtia Indica,1.5,5
E,Vachellia Gerrardii,2,5
E,Dichrostachys Cinerea,5.5,5
E,Vachellia Nilotica,4,3
E,Fluegga Virosa,3.5,1
E,Euclea Divinorum,1.3,2
E,Grewia Decomovulata,0.1,6
E,Flacourtia Indica,0.35,2
E,Euclea Divinorum,0.7,2
E,Ziziphus Mucronata,0.7,2
E,Dichrostachys Cinerea,0.6,18
E,Vachellia Gerrardii,0.4,7
E,Grewia Monticola,0.3,9
E,Grewia Monticola,0.4,15
E,Grewia Monticola,0.7,10
E,Grewia Monticola,0.7,6
E,Ozoroa Insignis,1.1,3
E,Vachellia Karroo,0.25,4
E,Vachellia Karroo,0.35,12
E,Grewia Decomovulata,0.5,10
E,Carissa Bispinosa,0.5,3
E,Dichrostachys Cinerea,0.25,11
E,Grewia Decomovulata,0.35,5
E,Vachellia Nilotica,0.8,3
E,Combretum Apiculatum,0.35,3
E,Vachellia Gerrardii,0.25,2
E,Tarchonanthus Camphoratus,0.7,3
E,Tarchonanthus Camphoratus,0.5,3
E,Cassia Abbreviata,0.9,2
E,Commiphora Africana,0.4,1
E,Zanthoxylum Capense,0.2,4
E,Ormocarpum Trichocarpum,0.1,8
E,Zanthoxylum Capense,0.4,8
E,Flacourtia Indica,0.2,15
E,Commiphora Africana,0.1,5
E,Combretum Apiculatum,0.35,5
E,Commiphora Africana,0.85,2
E,Ormocarpum Trichocarpum,0.15,5
E,Zanthoxylum Capense,0.7,5
E,Flacourtia Indica,0.7,1
E,Euclea Divinorum,0.35,9
E,Dichrostachys Cinerea,0.7,9
E,Vachellia Karroo,0.2,12
E,Flacourtia Indica,0.6,6
E,Flacourtia Indica,0.4,9
E,Grewia Monticola,0.2,1
E,Combretum Zeyheri,0.45,1
E,Pappea Capensis,0.2,7
E,Vachellia Gerrardii,0.6,1
E,Grewia Monticola,0.6,6
E,Maclura Africana,0.2,6
E,Flacourtia Indica,0.25,8
E,Euclea Divinorum,0.25,8
E,Flacourtia Indica,0.8,4
E,Zanthoxylum Capense,0.5,2
E,Dombeya Rotundifolia,1,1
E,Vachellia Gerrardii,0.9,3
E,Ziziphus Mucronata,0.4,1
E,Gymnosporia Senegalensis,0.7,2
E,Vachellia Gerrardii,0.65,1
E,Boscia Angustifolia,0.6,2
E,Dichrostachys Cinerea,2.4,4
E,Dichrostachys Cinerea,2.4,5
E,Dichrostachys Cinerea,2.4,1
E,Vachellia Gerrardii,2.5,2
E,Ziziphus Mucronata,1,4
E,Terminalia Sericea,4,6
E,Combretum Hereroense,1.5,2
E,Terminalia Prunioides,4.5,1
E,Vachellia Gerrardii,3,2
E,Ziziphus Mucronata,1.8,4
E,Combretum Apiculatum,3.3,1
E,Combretum Apiculatum,3.3,2
E,Combretum Hereroense,1.6,1
E,Combretum Hereroense,1.6,3
E,Combretum Hereroense,1,5
E,Combretum Hereroense,1.7,1
E,Combretum Hereroense,1.7,6
E,Combretum Hereroense,3.5,5
E,Allophylus Africanus,2.7,7
E,Ormocarpum Trichocarpum,2.5,1
E,Vachellia Gerrardii,3.7,1
E,Combretum Hereroense,2.8,2
E,Fluegga Virosa,1.1,1
E,Terminalia Sericea,2,3
E,Peltophorum Africanum,1.4,2
E,Dichrostachys Cinerea,1.7,4
E,Dichrostachys Cinerea,3.4,9
E,Combretum Apiculatum,2.7,7
E,Combretum Apiculatum,2.7,2
E,Combretum Hereroense,1.3,7
E,Vachellia Nilotica,1.1,4
E,Terminalia Sericea,1.2,1
E,Combretum Apiculatum,2.1,3
E,Combretum Hereroense,1.5,3
E,Terminalia Sericea,1,2
E,Terminalia Sericea,1,4
E,Vachellia Gerrardii,2,2
E,Combretum Apiculatum,5,3
E,Peltophorum Africanum,3.2,2
E,Combretum Hereroense,2.2,2
E,Ximenia Caffra,2,1
E,Gymnosporia Senegalensis,3,3
E,Euclea Divinorum,3,8
E,Ziziphus Mucronata,1,7
E,Grewia Monticola,2,2
E,Grewia Monticola,3,4
E,Ormocarpum Trichocarpum,1.5,1
E,Ziziphus Mucronata,3.5,1
E,Gardenia Spathulifolia,1.7,6
E,Vachellia Nilotica,3.2,2
E,Fluegga Virosa,1.2,4
E,Fluegga Virosa,1.2,2
E,Euclea Divinorum,4.3,10
E,Terminalia Prunioides,1.3,1
E,Fluegga Virosa,2.3,2
E,Gymnosporia Senegalensis,1.2,2
E,Allophylus Africanus,4,1
E,Dichrostachys Cinerea,3.2,1
E,Flacourtia Indica,2.5,2
E,Allophylus Africanus,1.5,1
E,Vachellia Karroo,0.5,3
E,Peltophorum Africanum,0.35,2
E,Terminalia Sericea,0.35,3
E,Combretum Hereroense,0.2,1
E,Peltophorum Africanum,0.3,7
E,Combretum Hereroense,0.2,3
E,Combretum Hereroense,0.85,10
E,Combretum Hereroense,0.85,5
E,Combretum Hereroense,0.4,8
E,Combretum Apiculatum,0.7,3
E,Combretum Apiculatum,0.15,5
E,Combretum Hereroense,0.2,4
E,Allophylus Africanus,0.25,5
E,Grewia Decomovulata,0.6,5
E,Gardenia Spathulifolia,0.25,6
E,Fluegga Virosa,0.6,3
E,Peltophorum Africanum,0.15,2
E,Ziziphus Mucronata,0.8,9
E,Combretum Apiculatum,0.2,6
E,Combretum Apiculatum,0.2,2
E,Dombeya Rotundifolia,0.5,2
E,Vachellia Nilotica,0.7,8
E,Ziziphus Mucronata,0.35,5
E,Combretum Hereroense,0.6,6
E,Dichrostachys Cinerea,0.15,7
E,Gardenia Spathulifolia,0.3,12
E,Strychnos Spinosa,0.3,4
E,Combretum Hereroense,0.1,2
E,Peltophorum Africanum,0.1,1
E,Albizia Harveyi,0.3,5
E,Fluegga Virosa,0.7,3
E,Vachellia Gerrardii,0.93,6
E,Vachellia Nilotica,0.4,8
E,Fluegga Virosa,0.7,6
E,Vachellia Nilotica,0.9,3
E,Vachellia Nilotica,0.95,7
E,Peltophorum Africanum,0.35,6
E,Combretum Apiculatum,0.7,4
E,Combretum Apiculatum,0.25,6
E,Vachellia Nilotica,0.7,10
E,Combretum Hereroense,0.2,7
E,Combretum Hereroense,0.4,10
E,Vachellia Nilotica,0.2,3
E,Combretum Hereroense,0.6,4
E,Combretum Apiculatum,0.1,2
E,Vachellia Nilotica,0.5,3
E,Combretum Hereroense,0.27,4
E,Vachellia Karroo,0.3,5
E,Vachellia Nilotica,0.5,6
E,Fluegga Virosa,0.5,3
E,Peltophorum Africanum,0.4,7
E,Peltophorum Africanum,0.35,4
E,Vachellia Gerrardii,0.5,9
E,Fluegga Virosa,0.9,5
E,Vachellia Gerrardii,0.75,9
E,Vachellia Gerrardii,0.4,5
E,Combretum Hereroense,0.3,10
E,Ziziphus Mucronata,0.35,6
E,Maclura Africana,0.35,5
E,Vachellia Nilotica,0.7,1
E,Ziziphus Mucronata,0.4,2
E,Combretum Apiculatum,0.26,3
E,Combretum Apiculatum,0.26,5
E,Grewia Decomovulata,0.8,10
E,Dichrostachys Cinerea,0.75,3
E,Gymnosporia Senegalensis,0.4,8
E,Gymnosporia Senegalensis,0.2,5
E,Ziziphus Mucronata,0.25,6
E,Combretum Apiculatum,0.15,4
E,Gymnosporia Senegalensis,0.7,4
E,Fluegga Virosa,0.3,6
E,Grewia Monticola,0.5,4
E,Albizia Harveyi,0.35,4
E,Euclea Divinorum,0.6,3
E,Fluegga Virosa,0.3,3
E,Flacourtia Indica,0.6,3
E,Peltophorum Africanum,0.6,3
E,Ziziphus Mucronata,0.65,15
E,Ximenia Caffra,0.4,6
E,Vachellia Karroo,0.5,4
E,Vachellia Karroo,0.5,10
E,Boscia Angustifolia,0.5,8
E,Combretum Zeyheri,0.35,5
E,Flacourtia Indica,0.35,4
E,Flacourtia Indica,1.3,4
E,Pappea Capensis,1,10
E,Albizia Harveyi,0.2,7
E,Fluegga Virosa,0.3,2
E,Boscia Angustifolia,0.6,8
E,Fluegga Virosa,0.35,3
E,Ormocarpum Trichocarpum,0.45,5
E,Combretum Apiculatum,0.45,3
E,Vachellia Karroo,0.9,4
E,Carissa Bispinosa,0.6,6
E,Allophylus Africanus,0.8,4
E,Gymnosporia Senegalensis,0.6,5
E,Peltophorum Africanum,1,11
E,Ziziphus Mucronata,1.5,4
E,Combretum Hereroense,3,2
E,Peltophorum Africanum,5,1
E,Vachellia Gerrardii,4,1
E,Combretum Apiculatum,3.1,1
E,Vachellia Karroo,5,1
E,Peltophorum Africanum,1,6
E,Fluegga Virosa,2.7,3
E,Allophylus Africanus,1.5,19
E,Dichrostachys Cinerea,3,9
E,Vachellia Nilotica,2.5,1
E,Combretum Apiculatum,4.1,1
E,Dichrostachys Cinerea,2.5,11
E,Vachellia Karroo,1.5,3
E,Vachellia Karroo,2,1
E,Grewia Decomovulata,1.5,11
E,Ziziphus Mucronata,1.5,6
E,Fluegga Virosa,3.5,14
E,Flacourtia Indica,1,7
E,Dichrostachys Cinerea,4,9
E,Boscia Angustifolia,1.8,3
E,Ormocarpum Trichocarpum,1.8,1
E,Euclea Divinorum,4.6,1
E,Allophylus Africanus,1.3,2
E,Albizia Harveyi,1.5,2
E,Peltophorum Africanum,0.7,6
E,Albizia Harveyi,0.65,6
E,Albizia Harveyi,0.8,5
E,Albizia Harveyi,0.6,10
E,Albizia Harveyi,0.4,2
E,Vachellia Gerrardii,0.6,6
E,Gardenia Spathulifolia,0.2,9
E,Albizia Harveyi,0.65,3
E,Euclea Divinorum,0.2,5
E,Vachellia Nilotica,0.1,3
E,Grewia Monticola,0.55,1
E,Albizia Harveyi,0.35,1
E,Dichrostachys Cinerea,0.45,3
E,Grewia Decomovulata,0.3,15
E,Commiphora Africana,0.9,2
E,Vachellia Nilotica,0.98,8
E,Grewia Monticola,0.25,15
E,Grewia Decomovulata,0.25,12
E,Vachellia Nilotica,0.3,15
E,Vachellia Nilotica,0.7,5
E,Albizia Harveyi,0.3,10
E,Albizia Harveyi,0.65,8
E,Fluegga Virosa,0.8,7
E,Albizia Harveyi,0.65,7
E,Cassia Abbreviata,0.3,4
E,Grewia Decomovulata,0.7,8
E,Boscia Angustifolia,0.35,7
E,Maclura Africana,0.25,16
E,Dichrostachys Cinerea,0.9,5
E,Vachellia Gerrardii,0.35,5
E,Vachellia Nilotica,0.25,4
E,Euclea Divinorum,0.7,5
E,Boscia Angustifolia,0.85,5
E,Vachellia Karroo,0.6,1
E,Vachellia Karroo,0.2,2
E,Flacourtia Indica,0.15,1
E,Vachellia Karroo,0.5,5
E,Allophylus Africanus,0.8,8
E,Vachellia Karroo,0.3,4
E,Euclea Divinorum,0.55,1
E,Allophylus Africanus,4.5,1
E,Fluegga Virosa,1.5,11
E,Fluegga Virosa,1.5,7
E,Fluegga Virosa,2.1,1
E,Fluegga Virosa,2.1,23
E,Fluegga Virosa,3,5
E,Vachellia Nilotica,2,7
E,Peltophorum Africanum,4,5
E,Terminalia Sericea,3.4,1
E,Combretum Hereroense,3.3,2
E,Dichrostachys Cinerea,2,6
E,Vachellia Gerrardii,1,15
E,Vachellia Gerrardii,1.1,1
E,Berchemia Zeyheri,2,13
E,Ziziphus Mucronata,2.7,2
E,Peltophorum Africanum,4.3,1
E,Terminalia Sericea,4,1
E,Vachellia Gerrardii,5.5,1
E,Allophylus Africanus,2,6
E,Combretum Hereroense,1.7,2
E,Vachellia Gerrardii,1.1,2
E,Boscia Angustifolia,1.1,3
E,Fluegga Virosa,1.8,7
E,Allophylus Africanus,3,11
E,Gymnosporia Senegalensis,2.1,1
E,Grewia Decomovulata,2.5,9
E,Ziziphus Mucronata,1.1,1
E,Fluegga Virosa,1.8,5
E,Combretum Molle,2,3
E,Combretum Hereroense,2.5,1
E,Peltophorum Africanum,1.8,7
E,Ziziphus Mucronata,1.3,2
E,Combretum Apiculatum,1.3,1
E,Dichrostachys Cinerea,2.5,5
E,Carissa Bispinosa,1,3
E,Euclea Divinorum,4.3,18
E,Peltophorum Africanum,1.7,8
E,Terminalia Sericea,1.6,1
E,Allophylus Africanus,1.3,6
E,Terminalia Sericea,1.5,5
E,Peltophorum Africanum,0.6,5
E,Albizia Harveyi,0.5,4
E,Euclea Divinorum,0.5,4
E,Vachellia Gerrardii,0.6,18
E,Ximenia Caffra,0.2,5
E,Ziziphus Mucronata,0.4,4
E,Ziziphus Mucronata,0.2,6
E,Vachellia Gerrardii,0.8,3
E,Vachellia Nilotica,0.8,12
E,Combretum Apiculatum,0.5,5
E,Combretum Hereroense,0.25,1
E,Albizia Harveyi,2,1
E,Ormocarpum Trichocarpum,0.85,2
E,Vachellia Nilotica,0.7,13
E,Vachellia Nilotica,0.4,11
E,Grewia Decomovulata,0.4,7
E,Terminalia Sericea,0.3,6
E,Vachellia Karroo,0.5,11
E,Peltophorum Africanum,0.85,8
E,Vachellia Nilotica,0.8,6
E,Vachellia Nilotica,0.3,10
E,Vachellia Karroo,0.35,7
E,Vachellia Nilotica,0.25,6
E,Vachellia Gerrardii,0.2,7
E,Combretum Hereroense,0.6,10
E,Vachellia Gerrardii,0.3,15
E,Combretum Hereroense,0.2,2
E,Boscia Angustifolia,0.2,8
E,Ziziphus Mucronata,0.85,2
E,Vachellia Karroo,0.8,3
E,Vachellia Karroo,0.2,3
E,Flacourtia Indica,0.7,5
E,Boscia Angustifolia,0.45,4
E,Boscia Angustifolia,0.9,5
E,Boscia Angustifolia,0.6,3
E,Ziziphus Mucronata,0.65,3
E,Fluegga Virosa,0.4,5
E,Vachellia Karroo,0.6,8
E,Peltophorum Africanum,0.4,2
E,Dichrostachys Cinerea,1.1,3
E,Peltophorum Africanum,0.15,6
E,Combretum Apiculatum,0.2,1
E,Gymnosporia Senegalensis,0.2,7
E,Boscia Angustifolia,0.25,9
E,Ziziphus Mucronata,0.2,1
E,Terminalia Sericea,0.25,3
E,Grewia Decomovulata,0.15,1
E,Boscia Angustifolia,0.25,5
E,Combretum Hereroense,0.45,4
E,Gymnosporia Senegalensis,0.15,5
E,Gymnosporia Senegalensis,0.7,3
E,Vachellia Nilotica,0.45,5
E,Vachellia Karroo,0.35,2
E,Ziziphus Mucronata,0.15,3
E,Terminalia Sericea,0.9,2
E,Combretum Hereroense,0.4,7
E,Ziziphus Mucronata,0.45,2
E,Vachellia Nilotica,0.2,1
E,Vachellia Gerrardii,0.25,1
E,Vachellia Gerrardii,0.15,3
E,Euclea Divinorum,0.35,5
E,Euclea Divinorum,4,6
E,Fluegga Virosa,4,9
E,Euclea Divinorum,3.3,7
E,Euclea Divinorum,1,5
E,Dichrostachys Cinerea,4,12
E,Boscia Angustifolia,2,5
E,Boscia Angustifolia,1.5,2
E,Flacourtia Indica,1,2
E,Ormocarpum Trichocarpum,2,1
E,Diospyros Lycioides,3.5,3
E,Albizia Harveyi,4,1
E,Ormocarpum Trichocarpum,1.7,2
E,Gymnosporia Senegalensis,1.7,4
E,Fluegga Virosa,2.1,4
E,Grewia Decomovulata,1.7,11
E,Gymnosporia Senegalensis,1.1,1
E,Vachellia Nilotica,4.5,2
E,Vachellia Nilotica,4.2,1
E,Dichrostachys Cinerea,2.5,9
E,Vachellia Gerrardii,6,1
E,Ziziphus Mucronata,2,4
E,Vachellia Nilotica,1.3,8
E,Peltophorum Africanum,2,14
E,Peltophorum Africanum,2,10
E,Gymnosporia Senegalensis,2.5,4
E,Carissa Bispinosa,1.7,7
E,Dichrostachys Cinerea,1.7,1
E,Ziziphus Mucronata,1.4,2
E,Euclea Divinorum,3.5,4
E,Ziziphus Mucronata,1.3,1
E,Vachellia Gerrardii,0.9,15
E,Ziziphus Mucronata,0.45,6
E,Allophylus Africanus,0.6,2
E,Dichrostachys Cinerea,0.45,5
E,Combretum Hereroense,0.9,5
E,Gardenia Spathulifolia,0.45,13
E,Peltophorum Africanum,0.5,7
E,Gardenia Spathulifolia,1,3
E,Vachellia Gerrardii,0.2,1
E,Flacourtia Indica,0.5,8
E,Terminalia Sericea,0.9,1
E,Grewia Monticola,0.45,3
E,Boscia Angustifolia,0.45,3
E,Grewia Decomovulata,0.25,2
E,Vachellia Gerrardii,0.5,6
E,Dombeya Rotundifolia,0.15,2
E,Boscia Angustifolia,0.25,7
E,Allophylus Africanus,0.3,8
E,Albizia Harveyi,1,9
E,Combretum Hereroense,0.32,4
E,Dombeya Rotundifolia,0.25,2
E,Fluegga Virosa,0.7,10
E,Euclea Divinorum,0.8,5
E,Combretum Apiculatum,0.23,1
E,Boscia Angustifolia,0.6,5
E,Ziziphus Mucronata,0.2,4
E,Ziziphus Mucronata,0.2,3
E,Flacourtia Indica,0.45,2
E,Boscia Angustifolia,0.1,5
E,Flacourtia Indica,0.4,5
E,Combretum Apiculatum,0.7,6
E,Commiphora Africana,0.15,3
E,Diospyros Lycioides,0.25,2
E,Zanthoxylum Capense,0.5,4
E,Carissa Bispinosa,0.5,5
E,Ziziphus Mucronata,0.15,2
E,Euclea Divinorum,0.85,2
E,Dichrostachys Cinerea,0.98,3
F,Dichrostachys Cinerea,3,1
F,Ziziphus Mucronata,5,2
F,Euclea Divinorum,1.5,5
F,Combretum Molle,5,1
F,Combretum Molle,2,1
F,Vachellia Nilotica,5.3,1
F,Combretum Imberbe,5.3,1
F,Commiphora Africana,4.1,1
F,Commiphora Africana,3.2,1
F,Combretum Apiculatum,4.2,1
F,Ziziphus Mucronata,1,2
F,Dichrostachys Cinerea,3.2,1
F,Combretum Apiculatum,2,2
F,Combretum Apiculatum,1.1,2
F,Dichrostachys Cinerea,0.25,3
F,Combretum Hereroense,3.5,1
F,Terminalia Sericea,4.5,1
F,Combretum Apiculatum,0.25,2
F,Dichrostachys Cinerea,2,1
F,Kirkia Acuminata,3,3
F,Vachellia Nilotica,0.17,3
F,Strychnos Spinosa,0.2,2
F,Ozoroa Insignis,0.5,3
F,Combretum Hereroense,3.2,1
F,Vachellia Nilotica,4.4,1
F,Combretum Apiculatum,3.2,1
F,Dichrostachys Cinerea,3.5,6
F,Combretum Apiculatum,0.3,3
F,Bolusanthus Speciosus,4.2,3
F,Peltophorum Africanum,2.8,4
F,Combretum Hereroense,2.6,1
F,Vachellia Nilotica,4.7,1
F,Vachellia Nilotica,4.9,1
F,Grewia Flavescens,0.9,5
F,Combretum Hereroense,0.9,3
F,Combretum Apiculatum,4.4,1
F,Dichrostachys Cinerea,4,4
F,Dichrostachys Cinerea,0.65,4
F,Senegalia Ataxacantha,1.2,1
F,Euclea Divinorum,1.3,4
F,Terminalia Sericea,0.5,2
F,Vachellia Nilotica,4.2,1
F,Dichrostachys Cinerea,3.5,2
F,Combretum Hereroense,4,2
F,Senegalia Rehmanniana,1.3,1
F,Dichrostachys Cinerea,2.5,4
F,Combretum Hereroense,2,2
F,Combretum Molle,3.2,1
F,Euclea Divinorum,2,4
F,Terminalia Sericea,0.7,4
F,Senegalia Ataxacantha,0.3,3
F,Combretum Hereroense,2.7,2
F,Fluegga Virosa,0.7,2
F,Dichrostachys Cinerea,4.2,2
F,Combretum Apiculatum,2.8,2
F,Combretum Hereroense,4.4,2
F,Vachellia Nilotica,2.7,1
F,Terminalia Sericea,0.7,2
F,Lannea Discolor,1.2,1
F,Vachellia Nilotica,4,1
F,Terminalia Sericea,4.4,1
F,Combretum Hereroense,4.4,1
F,Combretum Imberbe,3.8,2
F,Ochna Serrulata,0.25,2
F,Combretum Hereroense,3.2,2
F,Dichrostachys Cinerea,1.8,1
F,Dichrostachys Cinerea,0.2,2
F,Combretum Hereroense,2.8,1
F,Terminalia Sericea,4,1
F,Euclea Divinorum,3,2
F,Vachellia Karroo,0.26,1
F,Combretum Imberbe,2,1
F,Vachellia Nilotica,5,1
F,Combretum Apiculatum,0.8,3
F,Colophospermum Mopane,4.5,1
F,Vachellia Nilotica,2.6,1
F,Combretum Apiculatum,1.3,1
F,Grewia Flavescens,0.8,2
F,Steganotaenia Araliacea,0.3,1
F,Combretum Imberbe,4,1
F,Combretum Imberbe,4.5,1
F,Terminalia Sericea,2.2,1
F,Euclea Divinorum,1.4,3
F,Terminalia Sericea,5.2,1
F,Combretum Apiculatum,5.2,2
F,Dichrostachys Cinerea,0.3,2
F,Terminalia Sericea,3.5,1
F,Terminalia Sericea,5,1
F,Dichrostachys Cinerea,4.5,1
F,Dichrostachys Cinerea,3.5,1
F,Combretum Hereroense,0.5,2
F,Dichrostachys Cinerea,1,4
F,Dichrostachys Cinerea,1.8,3
F,Colophospermum Mopane,1,3
F,Gardenia Spathulifolia,5.4,2
F,Gardenia Spathulifolia,2,2
F,Combretum Apiculatum,2.3,1
F,Peltophorum Africanum,0.6,4
F,Colophospermum Mopane,3,1
F,Combretum Imberbe,3.8,3
F,Terminalia Sericea,0.8,3
F,Euclea Divinorum,1,3
F,Euclea Divinorum,1.4,2
F,Euclea Divinorum,5,1
F,Vachellia Nilotica,4.5,1
F,Combretum Imberbe,6,1
F,Combretum Imberbe,3,1
F,Vachellia Nilotica,2,1
F,Combretum Imberbe,2,2
F,Terminalia Sericea,5.3,1
F,Terminalia Sericea,4.2,1
F,Combretum Imberbe,4.4,1
F,Combretum Molle,5.5,1
F,Combretum Hereroense,5.2,1
F,Ziziphus Mucronata,5,1
F,Terminalia Sericea,3.5,2
F,Terminalia Prunioides,4,2
F,Dichrostachys Cinerea,3,2
F,Colophospermum Mopane,3.2,1
F,Euclea Divinorum,3.4,5
F,Grewia Monticola,2.8,4
F,Grewia Decomovulata,2.8,3
F,Combretum Imberbe,2.5,1
F,Terminalia Sericea,3.2,2
F,Combretum Imberbe,5.5,1
F,Vachellia Nilotica,4.3,1
F,Terminalia Sericea,2,4
F,Vachellia Nilotica,2.5,1
F,Ziziphus Mucronata,4.2,2
F,Vachellia Nilotica,3.6,1
F,Vachellia Nilotica,3.2,1
F,Euclea Divinorum,2.8,5
F,Combretum Imberbe,1.5,3
F,Colophospermum Mopane,4,1
F,Terminalia Sericea,3,1
F,Bolusanthus Speciosus,1.5,1
F,Terminalia Sericea,4.8,1
F,Dichrostachys Cinerea,4,1
F,Combretum Hereroense,5,1
F,Dichrostachys Cinerea,3.8,3
F,Combretum Hereroense,4.2,1
F,Terminalia Sericea,2.5,1
F,Terminalia Sericea,2,1
F,Terminalia Sericea,6,1
F,Combretum Hereroense,2.5,1
F,Ziziphus Mucronata,6,2
F,Combretum Imberbe,5,2
F,Terminalia Sericea,4,2
F,Combretum Apiculatum,1.4,2
F,Senegalia Nigrescens,1.3,2
F,Combretum Apiculatum,2.5,1
F,Terminalia Sericea,3.3,1
F,Dichrostachys Cinerea,2.3,1
F,Colophospermum Mopane,2.3,1
F,Combretum Hereroense,3.4,2
F,Combretum Molle,2.2,2
F,Senegalia Rehmanniana,2.8,1
F,Ziziphus Mucronata,3,1
F,Ziziphus Mucronata,2.7,1
F,Dichrostachys Cinerea,4.5,2
F,Colophospermum Mopane,1.5,1
F,Dichrostachys Cinerea,2.1,4
F,Terminalia Sericea,4.3,1
F,Combretum Hereroense,3.3,1
F,Dichrostachys Cinerea,3.2,2
F,Kirkia Acuminata,2.5,1
F,Vachellia Nilotica,6.5,1
F,Lannea Discolor,4,1
F,Grewia Decomovulata,2,1
F,Bolusanthus Speciosus,1.2,1
F,Combretum Hereroense,1.3,1
F,Combretum Apiculatum,4.5,1
F,Combretum Hereroense,6,2
F,Kirkia Acuminata,4.3,2
F,Kirkia Acuminata,4.5,1
F,Terminalia Prunioides,4,3
F,Combretum Hereroense,4,2
F,Vachellia Karroo,3,1
F,Colophospermum Mopane,3.3,1
F,Vachellia Nilotica,1.3,1
F,Grewia Decomovulata,1.2,1
F,Dichrostachys Cinerea,1.1,4
F,Combretum Hereroense,4.5,1
F,Kirkia Acuminata,4.1,2
F,Allophylus Africanus,3,4
F,Combretum Hereroense,4,1
F,Terminalia Sericea,2,2
F,Grewia Decomovulata,1.8,9
F,Vachellia Nilotica,3.5,3
F,Vachellia Nilotica,5.5,2
F,Ziziphus Mucronata,6,1
F,Combretum Apiculatum,4,1
F,Euclea Divinorum,2.5,2
F,Vachellia Gerrardii,1.5,1
F,Vachellia Nilotica,5,2
F,Terminalia Sericea,6.3,1
F,Allophylus Africanus,2.5,2
F,Vachellia Nilotica,3.5,1
F,Allophylus Africanus,4,4
F,Allophylus Africanus,2.8,3
F,Kirkia Acuminata,6.4,1
F,Vachellia Nilotica,6,1
F,Peltophorum Africanum,2.2,2
F,Combretum Hereroense,3,1
F,Vachellia Nilotica,3,1
F,Dichrostachys Cinerea,2.7,1
F,Combretum Apiculatum,1.2,1
F,Colophospermum Mopane,1,1
F,Grewia Monticola,1,4
F,Combretum Apiculatum,1,4
F,Terminalia Sericea,1,3
F,Peltophorum Africanum,1,2
F,Dichrostachys Cinerea,0.6,2
F,Senegalia Ataxacantha,0.7,2
F,Fluegga Virosa,0.65,3
F,Vachellia Nilotica,0.3,3
F,Senegalia Ataxacantha,1,2
F,Dichrostachys Cinerea,0.2,3
F,Combretum Hereroense,0.25,2
F,Vachellia Nilotica,0.6,4
F,Vachellia Nilotica,0.6,3
F,Vachellia Karroo,0.2,3
F,Dichrostachys Cinerea,0.8,4
F,Combretum Hereroense,0.55,3
F,Azanza Garckeana,0.6,2
F,Lippia Javanica,0.85,3
F,Ziziphus Mucronata,0.7,3
F,Grewia Flavescens,1,2
F,Strychnos Spinosa,0.65,3
F,Combretum Molle,1,3
F,Senegalia Ataxacantha,1,3
F,Gymnosporia Senegalensis,0.2,2
F,Terminalia Sericea,0.6,2
F,Combretum Apiculatum,0.9,4
F,Terminalia Prunioides,0.75,2
F,Grewia Monticola,0.25,2
F,Philenoptera Violacea,0.3,3
F,Boscia Angustifolia,0.85,1
F,Combretum Molle,8,1
F,Combretum Molle,7,2
F,Allophylus Africanus,2.3,3
F,Fluegga Virosa,2.3,11
F,Albizia Harveyi,3.5,1
F,Dichrostachys Cinerea,4,13
F,Combretum Apiculatum,1.1,6
F,Combretum Molle,1,2
F,Combretum Molle,1.4,6
F,Combretum Molle,1,4
F,Commiphora Africana,3,1
F,Combretum Molle,2,3
F,Vachellia Nilotica,1.6,2
F,Combretum Molle,1.8,4
F,Dichrostachys Cinerea,1.5,7
F,Dichrostachys Cinerea,3.5,7
F,Allophylus Africanus,1.4,1
F,Grewia Monticola,1.8,2
F,Combretum Molle,3,1
F,Dichrostachys Cinerea,1.4,4
F,Dichrostachys Cinerea,1.4,5
F,Combretum Molle,1,1
F,Combretum Zeyheri,1.5,3
F,Euclea Divinorum,1.3,9
F,Fluegga Virosa,1.4,4
F,Dichrostachys Cinerea,2,5
F,Dichrostachys Cinerea,2,4
F,Combretum Apiculatum,3.5,2
F,Combretum Apiculatum,3.5,1
F,Combretum Apiculatum,3,1
F,Dichrostachys Cinerea,3,3
F,Vachellia Nilotica,2.3,1
F,Combretum Molle,3,2
F,Vachellia Nilotica,3.5,2
F,Grewia Monticola,1.5,1
F,Grewia Decomovulata,2,7
F,Combretum Hereroense,1.5,2
F,Combretum Apiculatum,1,1
F,Grewia Flavescens,1.7,1
F,Combretum Molle,1.6,4
F,Combretum Apiculatum,1.5,1
F,Combretum Hereroense,1.5,1
F,Gymnosporia Senegalensis,3,1
F,Dalbergia Melanoxylon,4,1
F,Euclea Divinorum,4,1
F,Euclea Divinorum,2.8,6
F,Euclea Divinorum,2.8,10
F,Euclea Divinorum,2.8,7
F,Euclea Divinorum,2.8,2
F,Combretum Molle,4,3
F,Ziziphus Mucronata,2,2
F,Grewia Monticola,3.5,3
F,Ormocarpum Trichocarpum,2,1
F,Dalbergia Melanoxylon,1,1
F,Allophylus Africanus,1.1,8
F,Combretum Molle,2.3,4
F,Ziziphus Mucronata,1.5,1
F,Dichrostachys Cinerea,4,2
F,Dalbergia Melanoxylon,1.7,2
F,Combretum Molle,4,1
F,Dichrostachys Cinerea,3.5,11
F,Dalbergia Melanoxylon,3,1
F,Euclea Divinorum,3.5,1
F,Combretum Molle,2.5,2
F,Combretum Apiculatum,1,7
F,Combretum Molle,1.5,2
F,Combretum Molle,4.8,8
F,Dichrostachys Cinerea,4,6
F,Combretum Apiculatum,4.3,1
F,Combretum Molle,3.5,1
F,Combretum Molle,6,2
F,Combretum Molle,7,5
F,Combretum Molle,7,1
F,Vachellia Nilotica,0.6,7
F,Maclura Africana,0.4,15
F,Dichrostachys Cinerea,0.9,3
F,Maclura Africana,0.2,17
F,Colophospermum Mopane,0.9,4
F,Vachellia Nilotica,0.3,5
F,Ormocarpum Trichocarpum,0.25,1
F,Ziziphus Mucronata,0.3,6
F,Vachellia Nilotica,0.6,6
F,Ormocarpum Trichocarpum,0.8,3
F,Ormocarpum Trichocarpum,0.1,1
F,Grewia Decomovulata,0.8,20
F,Grewia Decomovulata,0.7,19
F,Ormocarpum Trichocarpum,0.5,3
F,Dichrostachys Cinerea,0.4,5
F,Ormocarpum Trichocarpum,0.2,1
F,Colophospermum Mopane,0.9,3
F,Vangueria Randii,0.8,7
F,Vachellia Nilotica,0.1,2
F,Colophospermum Mopane,0.5,3
F,Euclea Divinorum,0.26,2
F,Colophospermum Mopane,0.25,2
F,Colophospermum Mopane,0.7,4
F,Grewia Decomovulata,0.5,15
F,Dalbergia Melanoxylon,0.05,2
F,Dichrostachys Cinerea,0.3,6
F,Combretum Hereroense,0.1,3
F,Dalbergia Melanoxylon,0.1,1
F,Dalbergia Melanoxylon,0.1,2
F,Vangueria Randii,0.25,9
F,Colophospermum Mopane,0.05,2
F,Dalbergia Melanoxylon,0.2,3
F,Dalbergia Melanoxylon,0.2,1
F,Dalbergia Melanoxylon,0.2,2
F,Combretum Hereroense,0.7,5
F,Colophospermum Mopane,0.2,2
F,Dalbergia Melanoxylon,0.1,3
F,Combretum Hereroense,0.6,4
F,Combretum Hereroense,0.35,12
F,Dalbergia Melanoxylon,0.05,3
F,Combretum Hereroense,0.5,3
F,Gymnosporia Senegalensis,0.3,2
F,Ormocarpum Trichocarpum,0.4,4
F,Combretum Hereroense,0.25,7
F,Ormocarpum Trichocarpum,0.3,3
F,Gymnosporia Senegalensis,0.05,3
F,Gymnosporia Senegalensis,0.2,1
F,Gymnosporia Senegalensis,0.03,1
F,Dalbergia Melanoxylon,0.03,1
F,Gymnosporia Senegalensis,0.35,2
F,Gymnosporia Senegalensis,0.15,2
F,Dichrostachys Cinerea,0.8,5
F,Gymnosporia Senegalensis,0.2,8
F,Combretum Apiculatum,0.5,5
F,Combretum Apiculatum,0.5,3
F,Colophospermum Mopane,0.5,4
F,Dichrostachys Cinerea,0.7,4
F,Colophospermum Mopane,0.25,3
F,Dalbergia Melanoxylon,0.25,2
F,Combretum Apiculatum,0.3,5
F,Dalbergia Melanoxylon,0.5,2
F,Combretum Apiculatum,0.1,4
F,Allophylus Africanus,0.3,5
F,Grewia Monticola,0.3,3
F,Combretum Hereroense,0.5,2
F,Dalbergia Melanoxylon,0.4,4
F,Combretum Apiculatum,0.3,4
F,Terminalia Sericea,0.85,8
F,Dalbergia Melanoxylon,0.15,5
F,Dichrostachys Cinerea,0.6,6
F,Combretum Hereroense,0.25,4
F,Dalbergia Melanoxylon,0.5,1
F,Ziziphus Mucronata,0.5,4
F,Dalbergia Melanoxylon,0.5,3
F,Combretum Hereroense,0.6,3
F,Euclea Divinorum,0.3,1
F,Combretum Hereroense,0.4,5
F,Senegalia Nigrescens,0.4,3
F,Combretum Apiculatum,0.2,4
F,Gymnosporia Putterlickioides,0.7,2
F,Combretum Hereroense,0.35,5
F,Combretum Apiculatum,0.2,2
F,Euclea Divinorum,0.35,2
F,Euclea Divinorum,0.35,4
F,Dalbergia Melanoxylon,0.15,2
F,Dalbergia Melanoxylon,0.8,2
F,Colophospermum Mopane,0.15,2
F,Fluegga Virosa,0.3,8
F,Combretum Hereroense,0.15,4
F,Ormocarpum Trichocarpum,0.5,7
F,Ormocarpum Trichocarpum,0.5,6
F,Dalbergia Melanoxylon,0.3,4
F,Grewia Decomovulata,0.25,4
F,Ormocarpum Trichocarpum,0.3,2
F,Combretum Apiculatum,0.5,8
F,Combretum Hereroense,0.4,2
F,Dichrostachys Cinerea,0.8,10
F,Combretum Hereroense,0.25,5
F,Ormocarpum Trichocarpum,0.25,4
F,Combretum Hereroense,0.35,4
F,Combretum Hereroense,0.15,7
F,Grewia Monticola,0.5,5
F,Dalbergia Melanoxylon,0.35,2
F,Fluegga Virosa,0.3,4
F,Combretum Apiculatum,0.15,3
F,Ziziphus Mucronata,0.25,6
F,Peltophorum Africanum,0.4,4
F,Ormocarpum Trichocarpum,0.25,5
F,Combretum Hereroense,0.1,4
F,Combretum Apiculatum,0.6,5
F,Dalbergia Melanoxylon,0.8,3
F,Combretum Apiculatum,0.3,7
F,Combretum Hereroense,0.5,8
F,Dalbergia Melanoxylon,0.6,3
F,Combretum Hereroense,0.7,4
F,Dalbergia Melanoxylon,0.45,1
F,Terminalia Prunioides,0.25,4
F,Combretum Hereroense,0.25,6
F,Gymnosporia Putterlickioides,0.25,3
F,Gymnosporia Senegalensis,0.2,3
F,Albizia Harveyi,0.5,13
F,Combretum Hereroense,0.25,8
F,Colophospermum Mopane,0.15,3
F,Vachellia Karroo,0.8,10
F,Dalbergia Melanoxylon,0.3,3
F,Combretum Hereroense,0.2,4
F,Dalbergia Melanoxylon,0.3,2
F,Combretum Hereroense,0.15,5
F,Albizia Harveyi,0.4,2
F,Dalbergia Melanoxylon,0.3,5
F,Dalbergia Melanoxylon,0.3,1
F,Grewia Monticola,0.3,2
F,Commiphora Africana,0.4,1
F,Dalbergia Melanoxylon,0.35,4
F,Combretum Apiculatum,0.35,4
F,Dalbergia Melanoxylon,0.35,5
F,Peltophorum Africanum,0.4,2
F,Kirkia Acuminata,0.8,1
F,Gymnosporia Senegalensis,0.4,1
F,Combretum Hereroense,0.35,2
F,Ormocarpum Trichocarpum,0.2,2
F,Ormocarpum Trichocarpum,0.25,2
F,Combretum Hereroense,0.2,3
F,Combretum Apiculatum,0.5,6
F,Colophospermum Mopane,0.6,3
F,Combretum Hereroense,0.6,5
F,Allophylus Africanus,0.25,3
F,Gymnosporia Putterlickioides,0.35,3
F,Ormocarpum Trichocarpum,0.4,9
F,Kirkia Acuminata,0.9,4
F,Combretum Hereroense,0.4,3
F,Ziziphus Mucronata,0.9,5
F,Gymnosporia Putterlickioides,0.25,4
F,Vachellia Nilotica,0.3,6
F,Colophospermum Mopane,0.3,3
F,Bolusanthus Speciosus,0.7,3
F,Senegalia Nigrescens,0.3,3
F,Colophospermum Mopane,0.9,6
F,Dichrostachys Cinerea,0.95,2
F,Vachellia Karroo,0.25,4
F,Dichrostachys Cinerea,0.5,5
F,Euclea Divinorum,1,1
F,Combretum Apiculatum,0.2,6
F,Vachellia Nilotica,0.3,7
F,Euclea Divinorum,0.4,2
F,Dichrostachys Cinerea,0.3,4
F,Dichrostachys Cinerea,0.3,5
F,Dichrostachys Cinerea,0.6,12
F,Colophospermum Mopane,0.35,3
F,Vachellia Nilotica,0.25,6
F,Ormocarpum Trichocarpum,0.7,6
F,Combretum Apiculatum,2.8,8
F,Combretum Apiculatum,2.8,3
F,Combretum Apiculatum,2.8,7
F,Peltophorum Africanum,2,2
F,Combretum Hereroense,4,6
F,Grewia Monticola,1.7,1
F,Dichrostachys Cinerea,1.5,2
F,Combretum Molle,2,2
F,Terminalia Prunioides,5,4
F,Combretum Hereroense,2,2
F,Combretum Hereroense,1,9
F,Combretum Zeyheri,2,7
F,Combretum Apiculatum,2,1
F,Combretum Molle,1,6
F,Dichrostachys Cinerea,2.1,10
F,Combretum Apiculatum,3,4
F,Combretum Hereroense,2,1
F,Grewia Monticola,3,8
F,Combretum Apiculatum,1.1,3
F,Ziziphus Mucronata,4,1
F,Combretum Molle,1.5,1
F,Commiphora Africana,3,3
F,Dichrostachys Cinerea,3.5,4
F,Vachellia Gerrardii,6,1
F,Combretum Molle,2.4,1
F,Terminalia Sericea,1.7,5
F,Combretum Hereroense,2,7
F,Combretum Apiculatum,2,3
F,Vachellia Nilotica,2,4
F,Vachellia Nilotica,4.4,2
F,Combretum Apiculatum,4.6,2
F,Combretum Hereroense,2,4
F,Combretum Apiculatum,1,5
F,Combretum Hereroense,1.8,3
F,Grewia Monticola,2,2
F,Vachellia Gerrardii,4,1
F,Combretum Apiculatum,1.3,3
F,Dichrostachys Cinerea,1.7,1
F,Dichrostachys Cinerea,1.7,3
F,Dichrostachys Cinerea,1.5,6
F,Combretum Apiculatum,3,2
F,Euclea Divinorum,3.5,4
F,Combretum Molle,1.3,1
F,Combretum Molle,1.3,2
F,Combretum Molle,1.3,3
F,Terminalia Sericea,2,10
F,Grewia Monticola,1.5,5
F,Combretum Molle,3.2,3
F,Dalbergia Melanoxylon,4.5,2
F,Dichrostachys Cinerea,1.3,2
F,Ormocarpum Trichocarpum,1.4,1
F,Combretum Apiculatum,1.5,7
F,Dichrostachys Cinerea,4,3
F,Combretum Molle,6,1
F,Combretum Hereroense,3,2
F,Dalbergia Melanoxylon,3.4,2
F,Dalbergia Melanoxylon,3.4,3
F,Euclea Divinorum,4.8,7
F,Philenoptera Violacea,3.4,1
F,Allophylus Africanus,1,1
F,Commiphora Africana,2,1
F,Carissa Bispinosa,1.6,1
F,Vachellia Nilotica,0.15,1
F,Combretum Apiculatum,0.35,3
F,Vachellia Nilotica,0.7,8
F,Combretum Hereroense,0.35,6
F,Combretum Apiculatum,1,14
F,Combretum Apiculatum,0.6,8
F,Combretum Apiculatum,0.5,12
F,Colophospermum Mopane,0.3,2
F,Vachellia Nilotica,0.3,4
F,Combretum Apiculatum,0.9,10
F,Combretum Hereroense,0.8,2
F,Colophospermum Mopane,0.05,1
F,Grewia Decomovulata,0.4,30
F,Colophospermum Mopane,0.2,3
F,Dichrostachys Cinerea,0.9,7
F,Combretum Hereroense,0.8,9
F,Combretum Apiculatum,0.8,10
F,Terminalia Sericea,0.35,4
F,Combretum Apiculatum,0.7,6
F,Vachellia Nilotica,0.3,2
F,Combretum Hereroense,0.5,5
F,Combretum Apiculatum,0.6,2
F,Ormocarpum Trichocarpum,0.45,8
F,Colophospermum Mopane,0.35,7
F,Combretum Apiculatum,1,3
F,Ziziphus Mucronata,0.35,4
F,Combretum Apiculatum,0.65,10
F,Gardenia Spathulifolia,0.2,18
F,Combretum Hereroense,0.98,3
F,Ormocarpum Trichocarpum,0.9,2
F,Combretum Hereroense,0.7,3
F,Combretum Hereroense,0.3,5
F,Peltophorum Africanum,0.5,6
F,Ziziphus Mucronata,0.3,7
F,Combretum Hereroense,0.3,8
F,Vachellia Gerrardii,0.6,12
F,Gymnosporia Putterlickioides,0.2,3
F,Combretum Hereroense,0.5,4
F,Combretum Apiculatum,0.6,4
F,Combretum Hereroense,0.4,4
F,Dalbergia Melanoxylon,0.7,3
F,Ormocarpum Trichocarpum,0.7,3
F,Dichrostachys Cinerea,0.5,6
F,Senegalia Nigrescens,0.4,7
F,Combretum Apiculatum,0.5,4
F,Combretum Apiculatum,0.7,8
F,Senegalia Nigrescens,0.3,6
F,Strychnos Spinosa,0.6,5
F,Dichrostachys Cinerea,0.8,6
F,Senegalia Nigrescens,0.4,10
F,Vachellia Nilotica,0.2,6
F,Vachellia Nilotica,0.8,4
F,Terminalia Sericea,0.3,4
F,Combretum Hereroense,0.3,3
F,Senegalia Nigrescens,0.6,4
F,Gymnosporia Senegalensis,0.15,5
F,Vachellia Nilotica,0.9,14
F,Vachellia Nilotica,0.9,6
F,Senegalia Nigrescens,0.8,12
F,Ormocarpum Trichocarpum,0.3,1
F,Gymnosporia Senegalensis,0.15,1
F,Combretum Hereroense,0.9,6
F,Dalbergia Melanoxylon,0.25,3
F,Grewia Monticola,0.3,5
F,Gymnosporia Putterlickioides,0.1,5
F,Ziziphus Mucronata,0.15,3
F,Dalbergia Melanoxylon,0.08,2
F,Dichrostachys Cinerea,0.1,1
F,Gymnosporia Putterlickioides,0.25,5
F,Euclea Divinorum,0.1,2
F,Ormocarpum Trichocarpum,0.35,3
F,Allophylus Africanus,1,2
F,Dichrostachys Cinerea,0.2,5
F,Dichrostachys Cinerea,1.5,1
F,Grewia Monticola,1.5,4
F,Combretum Zeyheri,1,2
F,Grewia Flavescens,3,1
F,Grewia Decomovulata,2,10
F,Combretum Apiculatum,1.7,1
F,Azanza Garckeana,1.8,1
F,Combretum Apiculatum,1,2
F,Azanza Garckeana,2.1,1
F,Dichrostachys Cinerea,3.8,1
F,Azanza Garckeana,1,1
F,Azanza Garckeana,1.5,1
F,Vachellia Nilotica,2.1,1
F,Vachellia Nilotica,2.1,2
F,Lannea Discolor,8.8,1
F,Combretum Apiculatum,1.5,2
F,Allophylus Africanus,3.5,2
F,Albizia Harveyi,1,2
F,Albizia Harveyi,1,3
F,Azanza Garckeana,2,3
F,Allophylus Africanus,3,2
F,Grewia Decomovulata,2.4,4
F,Dichrostachys Cinerea,3,4
F,Zanthoxylum Capense,1,6
F,Combretum Apiculatum,2,4
F,Allophylus Africanus,3,1
F,Azanza Garckeana,3,1
F,Grewia Monticola,1.1,4
F,Euclea Divinorum,4,4
F,Euclea Divinorum,4,3
F,Combretum Apiculatum,3.4,2
F,Combretum Zeyheri,1.2,3
F,Combretum Zeyheri,1.2,1
F,Combretum Zeyheri,1.2,2
F,Albizia Harveyi,4.3,1
F,Cassia Abbreviata,3.1,1
F,Dichrostachys Cinerea,3.5,3
F,Azanza Garckeana,1.3,2
F,Combretum Zeyheri,4,1
F,Combretum Zeyheri,1.5,2
F,Euclea Divinorum,1.5,1
F,Bolusanthus Speciosus,1.5,4
F,Azanza Garckeana,2,1
F,Euclea Divinorum,3,7
F,Maclura Africana,4,1
F,Commiphora Africana,10.5,1
F,Euclea Divinorum,3,6
F,Euclea Divinorum,2,1
F,Maclura Africana,2,1
F,Grewia Monticola,2.3,13
F,Azanza Garckeana,1.1,1
F,Combretum Zeyheri,3,1
F,Azanza Garckeana,1,4
F,Combretum Apiculatum,2.5,5
F,Combretum Apiculatum,2.5,7
F,Dichrostachys Cinerea,1.7,5
F,Dichrostachys Cinerea,1.2,3
F,Dichrostachys Cinerea,1.2,7
F,Terminalia Sericea,1.8,2
F,Dichrostachys Cinerea,1.5,5
F,Vachellia Nilotica,5.5,1
F,Vachellia Nilotica,3,9
F,Combretum Zeyheri,1.5,7
F,Dichrostachys Cinerea,2.3,2
F,Allophylus Africanus,2.4,3
F,Allophylus Africanus,2.4,2
F,Allophylus Africanus,2.3,2
F,Euclea Divinorum,4,11
F,Brachystegia Spiciformis,1.5,1
F,Combretum Zeyheri,2,3
F,Brachystegia Spiciformis,12.5,1
F,Ziziphus Mucronata,0.6,4
F,Azanza Garckeana,0.5,3
F,Dichrostachys Cinerea,0.3,1
F,Gardenia Spathulifolia,0.3,20
F,Gardenia Spathulifolia,0.4,8
F,Dichrostachys Cinerea,0.5,4
F,Combretum Apiculatum,0.3,9
F,Combretum Zeyheri,0.9,3
F,Vachellia Karroo,0.55,6
F,Gardenia Spathulifolia,0.6,5
F,Azanza Garckeana,0.9,3
F,Vachellia Karroo,0.98,3
F,Dichrostachys Cinerea,0.15,1
F,Albizia Harveyi,0.45,4
F,Azanza Garckeana,0.8,4
F,Grewia Monticola,0.55,1
F,Dichrostachys Cinerea,0.35,6
F,Grewia Monticola,0.3,18
F,Allophylus Africanus,0.6,5
F,Allophylus Africanus,0.6,3
F,Azanza Garckeana,1,3
F,Maclura Africana,0.8,7
F,Azanza Garckeana,0.9,4
F,Grewia Monticola,0.6,6
F,Allophylus Africanus,0.8,3
F,Azanza Garckeana,0.4,2
F,Maclura Africana,0.2,8
F,Combretum Apiculatum,0.9,3
F,Azanza Garckeana,0.3,8
F,Maclura Africana,0.2,10
F,Azanza Garckeana,0.3,2
F,Gardenia Spathulifolia,1,2
F,Grewia Monticola,0.6,12
F,Combretum Apiculatum,0.7,2
F,Albizia Harveyi,0.9,5
F,Vachellia Nilotica,0.7,2
F,Azanza Garckeana,0.6,3
F,Vachellia Nilotica,0.35,3
F,Brachystegia Spiciformis,0.4,3
F,Gardenia Spathulifolia,0.2,25
F,Elaeodendron Papillosum,0.9,2
F,Grewia Decomovulata,0.25,9
F,Gardenia Spathulifolia,0.25,10
F,Gardenia Spathulifolia,0.6,8
F,Gardenia Spathulifolia,0.4,6
F,Gardenia Spathulifolia,0.25,17
F,Zanthoxylum Capense,1.1,6
F,Gardenia Spathulifolia,0.3,17
F,Combretum Apiculatum,0.3,10
F,Dichrostachys Cinerea,0.8,2
F,Ozoroa Insignis,0.7,2
F,Dichrostachys Cinerea,0.6,4
F,Dichrostachys Cinerea,0.6,7
F,Euclea Divinorum,0.8,2
F,Dichrostachys Cinerea,0.55,2
F,Vachellia Nilotica,0.5,2
F,Combretum Apiculatum,0.7,3
F,Dovyalis Caffra,0.7,5
F,Grewia Decomovulata,0.9,12
F,Azanza Garckeana,0.9,1
F,Dichrostachys Cinerea,0.95,3
F,Albizia Harveyi,0.3,8
F,Azanza Garckeana,0.25,4
F,Dichrostachys Cinerea,0.55,5
F,Dichrostachys Cinerea,1.6,3
F,Dichrostachys Cinerea,1.6,2
F,Dichrostachys Cinerea,2.3,7
F,Dichrostachys Cinerea,1.7,4
F,Ozoroa Insignis,1.5,11
F,Azanza Garckeana,1.5,3
F,Grewia Decomovulata,1.8,27
F,Brachystegia Spiciformis,3,15
F,Brachystegia Spiciformis,1,7
F,Brachystegia Spiciformis,1,5
F,Lannea Discolor,1.7,1
F,Terminalia Sericea,2.3,2
F,Dichrostachys Cinerea,3,5
F,Vachellia Nilotica,4,3
F,Azanza Garckeana,2,2
F,Vachellia Nilotica,2.5,4
F,Dichrostachys Cinerea,2,2
F,Dichrostachys Cinerea,2,3
F,Dichrostachys Cinerea,1.8,2
F,Dichrostachys Cinerea,1.5,3
F,Vachellia Nilotica,3,2
F,Dichrostachys Cinerea,1.3,1
F,Vachellia Nilotica,1.4,1
F,Grewia Monticola,1,3
F,Vachellia Nilotica,1,3
F,Grewia Monticola,1.5,3
F,Dichrostachys Cinerea,1,3
F,Dichrostachys Cinerea,1.8,4
F,Pseudolachnostylis Maprouneifolia,1,1
F,Dichrostachys Cinerea,3.4,2
F,Grewia Monticola,2,4
F,Brachystegia Spiciformis,5.1,8
F,Dichrostachys Cinerea,2.5,2
F,Vachellia Nilotica,1.1,1
F,Lannea Discolor,11,1
F,Vachellia Nilotica,1.5,2
F,Combretum Zeyheri,3.5,1
F,Dichrostachys Cinerea,3,6
F,Vachellia Nilotica,1.5,1
F,Combretum Zeyheri,1.8,3
F,Viscum Combreticola,2.3,5
F,Viscum Combreticola,2.3,7
F,Grewia Monticola,3,5
F,Grewia Decomovulata,1.8,11
F,Vachellia Nilotica,0.7,4
F,Dichrostachys Cinerea,0.55,6
F,Lannea Discolor,0.35,4
F,Dichrostachys Cinerea,0.35,4
F,Gardenia Spathulifolia,0.5,15
F,Allophylus Africanus,0.7,7
F,Brachystegia Spiciformis,0.55,3
F,Azanza Garckeana,0.15,1
F,Brachystegia Spiciformis,0.3,10
F,Brachystegia Spiciformis,0.8,4
F,Brachystegia Spiciformis,0.6,4
F,Ozoroa Insignis,0.2,1
F,Brachystegia Spiciformis,0.3,3
F,Dichrostachys Cinerea,0.7,5
F,Brachystegia Spiciformis,0.25,5
F,Dichrostachys Cinerea,0.9,5
F,Azanza Garckeana,0.5,4
F,Dichrostachys Cinerea,0.4,4
F,Azanza Garckeana,0.3,4
F,Vachellia Nilotica,1,5
F,Gardenia Spathulifolia,0.2,10
F,Ozoroa Insignis,0.5,5
F,Vachellia Nilotica,0.4,3
F,Ozoroa Insignis,0.25,3
F,Brachystegia Spiciformis,0.3,2
F,Brachystegia Spiciformis,0.5,1
F,Dichrostachys Cinerea,0.25,2
F,Terminalia Sericea,0.9,2
F,Azanza Garckeana,0.7,2
F,Brachystegia Spiciformis,0.9,3
F,Euclea Divinorum,0.3,3
F,Dichrostachys Cinerea,0.7,6
F,Vachellia Nilotica,1,2
F,Dichrostachys Cinerea,0.7,2
F,Lannea Discolor,0.5,5
F,Gardenia Spathulifolia,0.5,5
F,Vachellia Nilotica,0.8,5
F,Dichrostachys Cinerea,0.6,5
F,Lippia Javanica,0.9,10
F,Lippia Javanica,0.2,4
F,Vachellia Nilotica,3.5,5
F,Vachellia Nilotica,1.8,7
F,Dichrostachys Cinerea,1.5,9
F,Vachellia Nilotica,1.8,4
F,Terminalia Sericea,1.8,3
F,Allophylus Africanus,1.8,10
F,Kirkia Acuminata,1,1
F,Allophylus Africanus,4,1
F,Dichrostachys Cinerea,5,1
F,Combretum Apiculatum,5,1
F,Brachystegia Spiciformis,6.5,2
F,Brachystegia Spiciformis,6.5,1
F,Dichrostachys Cinerea,1.7,2
F,Brachystegia Spiciformis,1.5,4
F,Peltophorum Africanum,3.8,2
F,Euclea Divinorum,2,3
F,Dichrostachys Cinerea,1.5,4
F,Combretum Zeyheri,1.3,3
F,Colophospermum Mopane,7,2
F,Terminalia Sericea,1.5,1
F,Vachellia Gerrardii,3,1
F,Vachellia Gerrardii,2,1
F,Colophospermum Mopane,1,5
F,Grewia Monticola,1.3,1
F,Ziziphus Mucronata,4.4,1
F,Pseudolachnostylis Maprouneifolia,7,1
F,Colophospermum Mopane,13,3
F,Vachellia Gerrardii,1.8,2
F,Vachellia Gerrardii,1.8,1
F,Colophospermum Mopane,1.3,7
F,Euclea Divinorum,1.2,4
F,Euclea Divinorum,2,8
F,Combretum Zeyheri,1.1,4
F,Colophospermum Mopane,3.4,6
F,Colophospermum Mopane,3.4,2
F,Colophospermum Mopane,3.4,4
F,Vachellia Gerrardii,1.3,2
F,Lannea Discolor,8,1
F,Vachellia Nilotica,4.5,3
F,Vachellia Nilotica,4.5,2
F,Dichrostachys Cinerea,4.3,5
F,Dichrostachys Cinerea,2.8,1
F,Vachellia Gerrardii,8.5,2
F,Terminalia Sericea,0.85,3
F,Brachystegia Spiciformis,0.9,1
F,Brachystegia Spiciformis,0.6,12
F,Combretum Apiculatum,0.55,2
F,Dichrostachys Cinerea,0.8,7
F,Dichrostachys Cinerea,0.15,3
F,Azanza Garckeana,0.2,2
F,Allophylus Africanus,0.45,1
F,Dichrostachys Cinerea,0.7,3
F,Dichrostachys Cinerea,0.4,6
F,Gardenia Spathulifolia,0.8,16
F,Dichrostachys Cinerea,0.6,9
F,Grewia Decomovulata,0.35,8
F,Dichrostachys Cinerea,0.3,7
F,Vachellia Gerrardii,0.7,8
F,Dichrostachys Cinerea,0.6,3
F,Colophospermum Mopane,0.95,4
F,Vachellia Karroo,0.5,2
F,Vachellia Karroo,0.5,3
F,Vachellia Karroo,0.5,4
F,Vachellia Nilotica,0.3,1
F,Vachellia Gerrardii,0.45,9
F,Colophospermum Mopane,0.5,2
F,Combretum Apiculatum,0.7,4
F,Vachellia Karroo,0.35,3
F,Dalbergia Melanoxylon,0.4,3
F,Dalbergia Melanoxylon,0.9,2
F,Vachellia Karroo,0.3,2
F,Grewia Decomovulata,0.4,14
F,Dalbergia Melanoxylon,0.25,1
F,Dichrostachys Cinerea,0.8,3
F,Ziziphus Mucronata,0.5,8
F,Ziziphus Mucronata,0.25,15
F,Grewia Monticola,0.55,4
F,Vachellia Gerrardii,0.5,2
F,Vachellia Gerrardii,1,2
F,Dalbergia Melanoxylon,0.15,1
F,Vachellia Gerrardii,0.95,11
F,Dichrostachys Cinerea,0.2,4
F,Dichrostachys Cinerea,0.25,5
F,Grewia Monticola,0.5,14
F,Vachellia Gerrardii,0.35,14
F,Vachellia Gerrardii,0.3,11
F,Vachellia Karroo,0.5,16
F,Ziziphus Mucronata,0.6,7
F,Vachellia Gerrardii,0.7,6
F,Maclura Africana,0.5,7
F,Fluegga Virosa,0.6,3
F,Ziziphus Mucronata,0.8,9
F,Grewia Monticola,0.65,16
F,Dovyalis Caffra,0.35,7
F,Vachellia Gerrardii,0.5,12
F,Vachellia Gerrardii,0.3,8
F,Vachellia Gerrardii,0.6,5
F,Dichrostachys Cinerea,0.25,6
F,Vachellia Gerrardii,0.45,8
F,Kirkia Acuminata,0.6,3
F,Vachellia Gerrardii,0.5,8
F,Dichrostachys Cinerea,0.8,15
F,Grewia Decomovulata,0.6,20
F,Grewia Decomovulata,0.2,6
F,Grewia Monticola,0.15,3
F,Ziziphus Mucronata,0.25,1
F,Maclura Africana,0.25,7
F,Vachellia Nilotica,0.9,4
F,Vachellia Gerrardii,0.35,6
F,Terminalia Sericea,0.6,1
F,Vachellia Gerrardii,0.5,4
F,Vachellia Gerrardii,0.9,2
F,Vachellia Nilotica,0.7,10
F,Vachellia Nilotica,1.8,1
F,Lannea Discolor,3.4,3
F,Vachellia Nilotica,5.8,2
F,Ziziphus Mucronata,2,1
F,Grewia Monticola,1,5
F,Allophylus Africanus,1.8,1
F,Vachellia Nilotica,2,6
F,Dichrostachys Cinerea,3,7
F,Vachellia Nilotica,2,2
F,Vachellia Nilotica,2,3
F,Vachellia Nilotica,2,5
F,Vachellia Nilotica,4.8,1
F,Albizia Harveyi,1.5,5
F,Vachellia Nilotica,1.5,7
F,Dichrostachys Cinerea,3.5,14
F,Vachellia Nilotica,1,4
F,Vachellia Nilotica,1,1
F,Vachellia Nilotica,1.5,4
F,Vachellia Nilotica,1.5,6
F,Dichrostachys Cinerea,4,5
F,Maclura Africana,1.8,3
F,Dichrostachys Cinerea,1.1,8
F,Dichrostachys Cinerea,4.5,7
F,Grewia Monticola,1.3,3
F,Grewia Decomovulata,3,3
F,Dichrostachys Cinerea,1.8,7
F,Albizia Harveyi,1.8,6
F,Ozoroa Insignis,2,7
F,Vachellia Nilotica,4,2
F,Dichrostachys Cinerea,3.5,5
F,Dichrostachys Cinerea,4,7
F,Vachellia Nilotica,1.8,3
F,Vachellia Nilotica,1.8,5
F,Vachellia Nilotica,1.8,2
F,Dichrostachys Cinerea,3,13
F,Dichrostachys Cinerea,1,6
F,Dichrostachys Cinerea,1,8
F,Dichrostachys Cinerea,1,2
F,Brachystegia Spiciformis,6,1
F,Grewia Decomovulata,1,5
F,Dichrostachys Cinerea,2,6
F,Vachellia Nilotica,2.1,3
F,Dichrostachys Cinerea,2.8,4
F,Allophylus Africanus,1.1,13
F,Lannea Schweinfurthii,1.8,1
F,Dichrostachys Cinerea,0.5,3
F,Dichrostachys Cinerea,0.5,2
F,Grewia Decomovulata,0.8,6
F,Lannea Discolor,0.55,2
F,Vachellia Nilotica,0.8,8
F,Vachellia Nilotica,0.9,2
F,Lannea Discolor,0.5,2
F,Lannea Discolor,0.5,1
F,Dichrostachys Cinerea,0.4,3
F,Lannea Discolor,0.3,2
F,Dichrostachys Cinerea,0.3,10
F,Lannea Discolor,0.25,2
F,Vitex Payos,0.55,15
F,Dichrostachys Cinerea,0.4,2
F,Lannea Discolor,0.8,3
F,Strychnos Spinosa,0.25,2
F,Lannea Discolor,0.2,2
F,Terminalia Sericea,0.2,3
F,Vachellia Nilotica,0.35,6
F,Dichrostachys Cinerea,0.9,2
F,Azanza Garckeana,1.1,7
F,Vachellia Nilotica,0.9,3
F,Vachellia Nilotica,0.8,6
F,Vachellia Nilotica,0.5,10
F,Ziziphus Mucronata,0.4,4
F,Dichrostachys Cinerea,0.3,3
F,Vachellia Nilotica,0.5,4
F,Vachellia Nilotica,0.4,4
F,Dichrostachys Cinerea,0.8,12
F,Dichrostachys Cinerea,0.15,2
F,Vachellia Nilotica,0.3,8
F,Vachellia Karroo,0.3,3
F,Albizia Harveyi,0.5,2
F,Albizia Harveyi,0.25,2
F,Grewia Monticola,0.2,5
F,Allophylus Africanus,0.3,2
F,Vachellia Nilotica,0.7,3
F,Dichrostachys Cinerea,0.35,2
F,Ziziphus Mucronata,0.9,2
F,Dichrostachys Cinerea,5,2
F,Dichrostachys Cinerea,2,7
F,Vachellia Nilotica,2.5,3
F,Terminalia Sericea,1.8,1
F,Dichrostachys Cinerea,3.3,8
F,Dichrostachys Cinerea,2.4,6
F,Dichrostachys Cinerea,2.4,4
F,Dichrostachys Cinerea,3,11
F,Vachellia Nilotica,2.5,5
F,Vachellia Nilotica,4.5,5
F,Vachellia Nilotica,2.8,1
F,Albizia Harveyi,2.5,4
F,Dichrostachys Cinerea,2.5,7
F,Dichrostachys Cinerea,1.8,5
F,Dichrostachys Cinerea,5,3
F,Azanza Garckeana,2,4
F,Vachellia Nilotica,5.2,1
F,Brachystegia Spiciformis,2.5,1
F,Dichrostachys Cinerea,1.4,1
F,Ozoroa Insignis,1.5,3
F,Brachystegia Spiciformis,4,30
F,Vachellia Nilotica,1.2,1
F,Vachellia Nilotica,1.2,2
F,Vachellia Nilotica,1.2,3
F,Vachellia Nilotica,1.1,2
F,Vachellia Nilotica,1.1,4
F,Vachellia Nilotica,1,7
F,Vachellia Nilotica,2.5,7
F,Dichrostachys Cinerea,2.5,5
F,Dichrostachys Cinerea,2.5,8
F,Dichrostachys Cinerea,1.3,4
F,Dichrostachys Cinerea,6,10
F,Dichrostachys Cinerea,3.4,5
F,Dalbergia Melanoxylon,5.5,12
F,Dichrostachys Cinerea,6,3
F,Vachellia Nilotica,1.3,2
F,Dichrostachys Cinerea,2.5,1
F,Vachellia Nilotica,4.2,2
F,Brachystegia Spiciformis,3,5
F,Cassia Petersiana,1,3
F,Dichrostachys Cinerea,0.6,1
F,Lippia Javanica,0.6,8
F,Vachellia Nilotica,0.5,5
F,Vachellia Nilotica,0.6,2
F,Grewia Decomovulata,1,6
F,Vachellia Nilotica,0.9,7
F,Vachellia Nilotica,0.35,2
F,Vachellia Nilotica,0.5,7
F,Vachellia Nilotica,0.7,5
F,Vachellia Nilotica,0.8,2
F,Vachellia Nilotica,0.25,3
F,Vachellia Nilotica,0.5,3
F,Vachellia Nilotica,0.5,6
F,Vachellia Nilotica,0.6,5
F,Azanza Garckeana,0.4,4
F,Vachellia Karroo,0.25,2
F,Vachellia Nilotica,0.9,1
F,Kirkia Acuminata,0.55,2
F,Vachellia Nilotica,0.2,2
F,Vachellia Nilotica,0.9,10
F,Vachellia Nilotica,0.45,3
F,Dichrostachys Cinerea,0.2,1
F,Commiphora Africana,0.55,3
F,Vachellia Nilotica,0.8,3
F,Dichrostachys Cinerea,1,1
F,Vachellia Nilotica,0.85,4
F,Vachellia Nilotica,0.55,3
F,Vachellia Nilotica,0.2,1
F,Dichrostachys Cinerea,0.9,12
F,Vachellia Nilotica,0.5,1
F,Dichrostachys Cinerea,0.35,1
F,Dichrostachys Cinerea,0.25,1
F,Vangueria Randii,0.4,6
F,Vachellia Nilotica,0.4,2
F,Vachellia Nilotica,0.75,3
F,Vachellia Nilotica,0.9,5
F,Grewia Decomovulata,0.5,3
F,Vachellia Nilotica,0.9,8
F,Vachellia Nilotica,0.8,7
F,Vachellia Nilotica,3.3,4
F,Brachystegia Spiciformis,2.5,3
F,Brachystegia Spiciformis,5,3
F,Brachystegia Spiciformis,2,4
F,Vitex Mombasa,1.8,11
F,Vachellia Nilotica,3,7
F,Dichrostachys Cinerea,1,5
F,Vachellia Nilotica,3.7,1
F,Dichrostachys Cinerea,1.1,2
F,Vachellia Nilotica,2.2,3
F,Ziziphus Mucronata,1,3
F,Brachystegia Spiciformis,1.8,3
F,Vachellia Nilotica,5.8,1
F,Vachellia Nilotica,1.1,5
F,Dichrostachys Cinerea,1.8,9
F,Vachellia Nilotica,1.3,3
F,Dichrostachys Cinerea,2.3,3
F,Dichrostachys Cinerea,2.3,5
F,Vachellia Nilotica,1.5,3
F,Dichrostachys Cinerea,2,8
F,Vachellia Nilotica,1.8,6
F,Dichrostachys Cinerea,2.5,3
F,Vachellia Nilotica,1.1,3
F,Vachellia Nilotica,2.3,10
F,Vachellia Nilotica,1.6,1
F,Albizia Harveyi,2.3,2
F,Dichrostachys Cinerea,2.5,9
F,Dichrostachys Cinerea,2.5,17
F,Vachellia Nilotica,2.3,2
F,Brachystegia Spiciformis,2,1
F,Vachellia Nilotica,2,11
F,Vachellia Nilotica,1.6,4
F,Dichrostachys Cinerea,2.1,11
F,Dichrostachys Cinerea,4,14
F,Vachellia Nilotica,1.5,8
F,Dichrostachys Cinerea,2.3,6
F,Dichrostachys Cinerea,2.5,11
F,Dichrostachys Cinerea,2,10
F,Dichrostachys Cinerea,1.8,8
F,Terminalia Sericea,1,1
F,Albizia Harveyi,1.5,6
F,Dichrostachys Cinerea,0.9,10
F,Albizia Harveyi,0.35,9
F,Dichrostachys Cinerea,0.9,6
F,Vachellia Nilotica,0.6,1
F,Vachellia Nilotica,0.8,10
F,Vachellia Nilotica,0.7,6
F,Vachellia Nilotica,0.55,1
F,Terminalia Sericea,0.95,1
F,Dichrostachys Cinerea,0.65,9
F,Vachellia Nilotica,0.25,4
F,Vachellia Nilotica,0.95,5
F,Dichrostachys Cinerea,0.7,1
F,Vachellia Nilotica,0.8,14
F,Dichrostachys Cinerea,0.65,6
F,Grewia Decomovulata,0.4,28
F,Ziziphus Mucronata,0.6,5
F,Ziziphus Mucronata,0.9,1
F,Ziziphus Mucronata,0.35,3
F,Terminalia Sericea,3,4
F,Brachystegia Spiciformis,3,21
F,Albizia Harveyi,1.6,2
F,Brachystegia Spiciformis,3,3
F,Terminalia Sericea,4.5,2
F,Brachystegia Spiciformis,1.5,3
F,Dichrostachys Cinerea,2.5,6
F,Combretum Apiculatum,2.3,3
F,Dichrostachys Cinerea,3,10
F,Dichrostachys Cinerea,1.8,13
F,Combretum Apiculatum,1.8,4
F,Vachellia Nilotica,3.4,2
F,Vachellia Nilotica,2.3,3
F,Grewia Decomovulata,1.8,16
F,Combretum Apiculatum,2.7,2
F,Vachellia Nilotica,2.5,2
F,Dichrostachys Cinerea,2.3,4
F,Vachellia Nilotica,3,5
F,Vachellia Nilotica,5.4,1
F,Vachellia Nilotica,3.3,3
F,Vachellia Nilotica,2.4,4
F,Vachellia Nilotica,3.5,7
F,Dovyalis Caffra,1.8,2
F,Vachellia Nilotica,2.8,2
F,Vachellia Nilotica,1.7,1
F,Burkea Africana,1.7,17
F,Brachystegia Spiciformis,1.8,1
F,Dichrostachys Cinerea,1.3,9
F,Vachellia Nilotica,2.8,5
F,Brachystegia Spiciformis,0.9,7
F,Brachystegia Spiciformis,0.6,3
F,Terminalia Sericea,0.45,2
F,Ziziphus Mucronata,0.85,8
F,Burkea Africana,0.7,1
F,Dichrostachys Cinerea,0.55,4
F,Vachellia Nilotica,0.7,7
F,Vachellia Nilotica,0.85,5
F,Brachystegia Spiciformis,0.7,2
F,Dichrostachys Cinerea,0.35,3
F,Grewia Monticola,0.6,1
F,Lippia Javanica,0.6,9
F,Grewia Decomovulata,0.35,2
F,Lippia Javanica,1.8,5
F,Terminalia Sericea,4.5,8
F,Vachellia Nilotica,2.7,2
F,Dichrostachys Cinerea,2.6,2
F,Dichrostachys Cinerea,1.6,1
F,Lippia Javanica,2,2
F,Vachellia Nilotica,1.6,3
F,Brachystegia Spiciformis,2,3
F,Dichrostachys Cinerea,1.1,9
F,Brachystegia Spiciformis,2.3,2
F,Brachystegia Spiciformis,1.6,2
F,Brachystegia Spiciformis,2,2
F,Brachystegia Spiciformis,1,2
F,Brachystegia Spiciformis,1.5,2
F,Brachystegia Spiciformis,1.5,6
F,Brachystegia Spiciformis,1.8,2
F,Brachystegia Spiciformis,2.4,2
F,Senegalia Nigrescens,2,1
F,Albizia Versicolor,1.7,5
F,Ziziphus Mucronata,1.8,1
F,Brachystegia Spiciformis,1.7,1
F,Grewia Decomovulata,1.7,10
F,Cassia Abbreviata,3,3
F,Vachellia Nilotica,0.4,5
F,Ziziphus Mucronata,0.7,4
F,Albizia Harveyi,0.3,2
F,Vachellia Nilotica,0.6,8
F,Grewia Decomovulata,0.15,1
F,Vachellia Nilotica,0.85,7
F,Brachystegia Spiciformis,1,1
F,Vachellia Nilotica,0.25,5
F,Lippia Javanica,0.98,3
F,Dichrostachys Cinerea,0.9,4
F,Lippia Javanica,0.8,3
F,Dichrostachys Cinerea,0.75,5
F,Vachellia Nilotica,3.4,1
F,Grewia Monticola,2.3,4
F,Grewia Monticola,2.3,2
F,Dichrostachys Cinerea,4,8
F,Vachellia Nilotica,2.2,5
F,Dichrostachys Cinerea,1.2,4
F,Azanza Garckeana,1.4,2
F,Azanza Garckeana,1.4,3
F,Allophylus Africanus,2.2,7
F,Vachellia Nilotica,3,3
F,Azanza Garckeana,2.5,2
F,Vachellia Nilotica,3,4
F,Terminalia Sericea,1.7,3
F,Vachellia Nilotica,3.1,2
F,Vachellia Nilotica,1.9,2
F,Grewia Decomovulata,2,25
F,Ziziphus Mucronata,1.3,1
F,Azanza Garckeana,1.3,1
F,Dichrostachys Cinerea,5,7
F,Grewia Decomovulata,3,11
F,Vachellia Nilotica,1.7,3
F,Vachellia Nilotica,3.3,2
F,Brachystegia Spiciformis,2.9,22
F,Dichrostachys Cinerea,2.3,8
F,Dichrostachys Cinerea,0.95,6
F,Vachellia Nilotica,0.95,3
F,Albizia Harveyi,0.15,2
F,Albizia Harveyi,0.5,3
F,Vachellia Nilotica,0.45,5
F,Grewia Monticola,0.7,2
F,Strychnos Spinosa,0.3,2
F,Brachystegia Spiciformis,0.5,2
F,Albizia Harveyi,0.6,1
F,Gardenia Spathulifolia,0.2,14
F,Gymnosporia Senegalensis,0.9,1
F,Gymnosporia Senegalensis,0.3,3
F,Dichrostachys Cinerea,0.95,4
F,Grewia Decomovulata,0.45,4
F,Dichrostachys Cinerea,0.65,3
F,Vachellia Nilotica,0.7,1
F,Terminalia Sericea,0.2,1
F,Vachellia Nilotica,0.25,2
F,Ziziphus Mucronata,0.5,3
F,Ziziphus Mucronata,0.25,3
F,Grewia Decomovulata,0.8,7
F,Lippia Javanica,0.5,8
F,Brachystegia Spiciformis,0.8,1
F,Grewia Decomovulata,0.3,5
F,Brachystegia Spiciformis,0.9,5
F,Azanza Garckeana,1.1,2
F,Dichrostachys Cinerea,0.85,4
F,Ziziphus Mucronata,1.8,3
F,Grewia Monticola,1.5,2
F,Ziziphus Mucronata,4.3,5
F,Allophylus Africanus,2,6
F,Euclea Divinorum,2.5,9
F,Cassia Abbreviata,5,2
F,Allophylus Africanus,2.5,7
F,Dichrostachys Cinerea,5.2,1
F,Vachellia Nilotica,2.2,1
F,Allophylus Africanus,4,8
F,Combretum Apiculatum,4.3,2
F,Vachellia Karroo,5,1
F,Euclea Divinorum,3,10
F,Grewia Decomovulata,2,22
F,Dichrostachys Cinerea,1.4,3
F,Vachellia Nilotica,1.7,2
F,Terminalia Sericea,1.1,1
F,Grewia Decomovulata,1.5,16
F,Combretum Zeyheri,2,9
F,Vachellia Nilotica,2.2,2
F,Dichrostachys Cinerea,1.3,5
F,Dichrostachys Cinerea,1.8,6
F,Grewia Monticola,3.5,4
F,Grewia Monticola,2,16
F,Allophylus Africanus,1.5,1
F,Vachellia Nilotica,2.5,6
F,Dichrostachys Cinerea,2.8,2
F,Dichrostachys Cinerea,6,5
F,Pseudolachnostylis Maprouneifolia,2.3,6
F,Vachellia Nilotica,3,8
F,Dichrostachys Cinerea,2.7,3
F,Dovyalis Caffra,1.8,8
F,Combretum Apiculatum,0.8,13
F,Vachellia Nilotica,0.74,4
F,Dichrostachys Cinerea,0.55,3
F,Dichrostachys Cinerea,0.45,1
F,Dichrostachys Cinerea,0.9,8
F,Terminalia Sericea,0.3,2
F,Gardenia Spathulifolia,0.4,18
F,Vachellia Nilotica,0.45,2
F,Combretum Apiculatum,0.75,1
F,Maclura Africana,0.5,17
F,Dichrostachys Cinerea,0.68,2
F,Dichrostachys Cinerea,0.75,2
F,Ziziphus Mucronata,1.1,7
F,Grewia Decomovulata,0.15,4
F,Grewia Decomovulata,0.3,2
F,Euclea Divinorum,0.4,3
F,Gardenia Spathulifolia,0.15,6
F,Grewia Decomovulata,0.4,3
F,Lippia Javanica,0.6,4
F,Gymnosporia Senegalensis,0.9,3
F,Gardenia Spathulifolia,0.9,15
F,Dichrostachys Cinerea,0.95,5
F,Ozoroa Insignis,1,3
F,Dichrostachys Cinerea,1.1,1
F,Allophylus Africanus,2,11
F,Strychnos Cocculoides,0.7,15
F,Brachystegia Spiciformis,0.5,9
F,Grewia Decomovulata,0.5,5
F,Brachystegia Spiciformis,0.7,3
F,Grewia Flavescens,0.25,10
F,Gardenia Spathulifolia,0.6,15
F,Brachystegia Spiciformis,0.3,4
F,Kirkia Acuminata,0.6,1
F,Dovyalis Caffra,0.8,4
F,Ozoroa Insignis,0.95,4
F,Terminalia Sericea,0.3,3
F,Lannea Discolor,0.6,4
F,Dichrostachys Cinerea,0.9,1
F,Grewia Flavescens,0.15,2
F,Sclerocarya Birrea,0.5,3
F,Grewia Monticola,0.7,3
F,Strychnos Spinosa,0.4,3
F,Strychnos Spinosa,0.6,3
F,Dichrostachys Cinerea,0.8,1
F,Dichrostachys Cinerea,0.7,9
F,Dichrostachys Cinerea,1.4,2
F,Brachystegia Spiciformis,3,12
F,Brachystegia Spiciformis,3,4
F,Brachystegia Spiciformis,3,2
F,Vachellia Nilotica,2.7,4
F,Vachellia Nilotica,1.5,5
F,Dichrostachys Cinerea,1.1,3
F,Azanza Garckeana,2.5,7
F,Azanza Garckeana,1.5,6
F,Euclea Divinorum,4,16
F,Euclea Divinorum,4,7
F,Grewia Monticola,2,11
F,Grewia Decomovulata,1.8,7
F,Allophylus Africanus,1.6,1
F,Azanza Garckeana,1.3,3
F,Euclea Divinorum,1.8,4
F,Euclea Divinorum,4,9
F,Commiphora Africana,1.5,3
F,Ziziphus Mucronata,3.4,1
F,Brachystegia Spiciformis,3.3,1
F,Pseudolachnostylis Maprouneifolia,2.8,5
F,Pseudolachnostylis Maprouneifolia,2.8,7
F,Brachystegia Spiciformis,4,3
F,Terminalia Sericea,2.5,2
F,Brachystegia Spiciformis,2.5,2
F,Combretum Zeyheri,1.4,3
F,Dovyalis Caffra,1.5,7
F,Dichrostachys Cinerea,3.8,2
F,Ozoroa Insignis,2.3,3
F,Dichrostachys Cinerea,1,20
F,Dovyalis Caffra,2,1
F,Lannea Discolor,1.3,3
F,Vachellia Nilotica,1.4,2
F,Dichrostachys Cinerea,4.3,4
F,Vachellia Nilotica,3.8,1
F,Vachellia Nilotica,2,9
F,Vachellia Nilotica,3.4,3
F,Vachellia Nilotica,1,6
F,Vachellia Nilotica,1.2,4
F,Cassia Abbreviata,1.9,4
F,Cassia Abbreviata,2.3,6
F,Pseudolachnostylis Maprouneifolia,2,6
F,Vachellia Nilotica,0.95,6
F,Maclura Africana,0.5,16
F,Grewia Decomovulata,0.15,3
F,Colophospermum Mopane,0.6,2
F,Dichrostachys Cinerea,0.1,5
F,Maclura Africana,0.1,9
F,Grewia Decomovulata,0.5,30
F,Lippia Javanica,1.1,10
F,Maclura Africana,0.5,2
F,Maclura Africana,0.2,3
F,Dichrostachys Cinerea,0.1,6
F,Maclura Africana,0.3,5
F,Gardenia Spathulifolia,0.3,10
F,Grewia Flavescens,0.3,7
F,Vachellia Nilotica,0.8,1
F,Dichrostachys Cinerea,0.4,1
F,Vachellia Nilotica,0.98,3
F,Grewia Decomovulata,0.4,4
F,Gardenia Spathulifolia,0.1,15
F,Sclerocarya Birrea,0.4,3
F,Sclerocarya Birrea,1,3
F,Burkea Africana,0.5,2
F,Colophospermum Mopane,0.3,1
F,Brachystegia Spiciformis,0.4,2
F,Albizia Versicolor,0.25,2
F,Dichrostachys Cinerea,2.2,3
F,Albizia Harveyi,2.1,2
F,Dovyalis Caffra,1.4,1
F,Vachellia Nilotica,2.8,3
F,Terminalia Sericea,1.7,2
F,Albizia Harveyi,2,1
F,Dichrostachys Cinerea,6.3,1
F,Sclerocarya Birrea,0.6,2
F,Cassia Abbreviata,1,2
F,Steganotaenia Araliacea,0.3,2
F,Grewia Decomovulata,0.3,3
F,Gardenia Spathulifolia,0.25,3
F,Grewia Decomovulata,0.8,4
F,Azanza Garckeana,0.5,2
F,Vachellia Nilotica,2.4,3
F,Vachellia Nilotica,3.3,1
F,Gymnosporia Senegalensis,3,2
F,Grewia Decomovulata,1.8,8
F,Dichrostachys Cinerea,1.2,1
F,Cassia Abbreviata,1.7,2
F,Grewia Decomovulata,1.8,3
F,Dichrostachys Cinerea,1.3,6
F,Dichrostachys Cinerea,2.8,3
F,Grewia Decomovulata,3,2
F,Terminalia Sericea,2.2,2
F,Grewia Decomovulata,2.3,5
F,Dichrostachys Cinerea,2.6,4
F,Terminalia Sericea,3.4,6
F,Terminalia Sericea,2.1,2
F,Grewia Decomovulata,3,4
F,Allophylus Africanus,2.2,1
F,Euclea Divinorum,3.5,3
F,Dichrostachys Cinerea,6,2
F,Grewia Decomovulata,1.5,3
F,Terminalia Sericea,3,2
F,Dichrostachys Cinerea,1,7
F,Brachystegia Spiciformis,1,3
F,Albizia Harveyi,0.6,3
F,Dichrostachys Cinerea,0.25,7
F,Dichrostachys Cinerea,0.25,4
F,Brachystegia Spiciformis,0.5,4
F,Grewia Decomovulata,0.3,4
F,Lippia Javanica,1.2,3
F,Burkea Africana,1.5,1
F,Burkea Africana,1,1
F,Burkea Africana,2.5,5
F,Vachellia Nilotica,2.7,5
F,Ozoroa Insignis,1.5,4
F,Vachellia Nilotica,2.4,1
F,Dovyalis Caffra,2.5,4
F,Vachellia Karroo,2.4,1
F,Vachellia Karroo,1.8,1
F,Dichrostachys Cinerea,2.4,2
F,Vachellia Nilotica,2.4,2
F,Azanza Garckeana,0.6,1
F,Grewia Decomovulata,1,4
F,Peltophorum Africanum,1,3
F,Vachellia Karroo,4,1
F,Dichrostachys Cinerea,3.3,5
F,Vachellia Karroo,2,2
F,Vachellia Karroo,3.5,1
F,Vachellia Karroo,1.3,2
F,Vachellia Karroo,2.8,2
F,Vachellia Karroo,3.3,1
F,Grewia Flavescens,1.5,2
F,Burkea Africana,2.5,2
F,Vachellia Karroo,1.5,2
F,Vachellia Karroo,2,1
F,Peltophorum Africanum,1.3,1
F,Albizia Harveyi,2.5,1
F,Pseudolachnostylis Maprouneifolia,2.5,4
F,Vachellia Karroo,3.5,3
F,Ozoroa Insignis,1.4,7
F,Pseudolachnostylis Maprouneifolia,2.2,4
F,Vachellia Karroo,2.2,1
F,Peltophorum Africanum,6.5,2
F,Grewia Decomovulata,2.8,1
F,Grewia Decomovulata,2.3,3
F,Combretum Apiculatum,1.7,2
F,Dichrostachys Cinerea,2.9,3
F,Dichrostachys Cinerea,1.9,1
F,Dichrostachys Cinerea,3.3,4
F,Dichrostachys Cinerea,2.1,2
F,Lippia Javanica,1.5,2
F,Vachellia Karroo,2.3,2
F,Dichrostachys Cinerea,3.3,7
F,Dichrostachys Cinerea,4.3,1
F,Pseudolachnostylis Maprouneifolia,2,3
